START Sun Mar 29 04:19:52 PM +08 2026 DT=1.0 RUN_NAME=CC_FMNIST_E100_DT_1_0
[2026-03-29 16:20:06](logger.py 179): Initializing experiment CC_FMNIST_E100_DT_1_0

[2026-03-29 16:20:06](logger.py 179): NMI_interval = 5
[2026-03-29 16:20:06](logger.py 179): NMI_target = 1.0
[2026-03-29 16:20:06](logger.py 179): backbone = resnet34_small
[2026-03-29 16:20:06](logger.py 179): bash_command = None
[2026-03-29 16:20:06](logger.py 179): batch_size = 256
[2026-03-29 16:20:06](logger.py 179): checkpoint_path = None
[2026-03-29 16:20:06](logger.py 179): classes_no = 10
[2026-03-29 16:20:06](logger.py 179): clustering_framework = cc
[2026-03-29 16:20:06](logger.py 179): clusterings = 5
[2026-03-29 16:20:06](logger.py 179): clusters = 10
[2026-03-29 16:20:06](logger.py 179): complex_arg = None
[2026-03-29 16:20:06](logger.py 179): crop_size = 32
[2026-03-29 16:20:06](logger.py 179): dataset = fashion_mnist
[2026-03-29 16:20:06](logger.py 179): dataset_path = ./data_folder/FashionMNIST
[2026-03-29 16:20:06](logger.py 179): divclust_mbank_size = 10000
[2026-03-29 16:20:06](logger.py 179): entity = default
[2026-03-29 16:20:06](logger.py 179): epochs = 100
[2026-03-29 16:20:06](logger.py 179): eval_interval = 1
[2026-03-29 16:20:06](logger.py 179): f = None
[2026-03-29 16:20:06](logger.py 179): fff = None
[2026-03-29 16:20:06](logger.py 179): gpu = 0
[2026-03-29 16:20:06](logger.py 179): gpus = None
[2026-03-29 16:20:06](logger.py 179): group = fashion_mnist
[2026-03-29 16:20:06](logger.py 179): lr = 0.0003
[2026-03-29 16:20:06](logger.py 179): lr_schedule = cosine
[2026-03-29 16:20:06](logger.py 179): mixed_precision = True
[2026-03-29 16:20:06](logger.py 179): notes = None
[2026-03-29 16:20:06](logger.py 179): num_workers = 4
[2026-03-29 16:20:06](logger.py 179): optimizer = adam
[2026-03-29 16:20:06](logger.py 179): output_dir = ./experiments/deep_clustering/CC_FMNIST_E100_DT_1_0
[2026-03-29 16:20:06](logger.py 179): preset = cc_fashionmnist
[2026-03-29 16:20:06](logger.py 179): proj_dim = 128
[2026-03-29 16:20:06](logger.py 179): project_name = deep_clustering
[2026-03-29 16:20:06](logger.py 179): resume = None
[2026-03-29 16:20:06](logger.py 179): run_id = None
[2026-03-29 16:20:06](logger.py 179): run_name = CC_FMNIST_E100_DT_1_0
[2026-03-29 16:20:06](logger.py 179): seed = 0
[2026-03-29 16:20:06](logger.py 179): tags = None
[2026-03-29 16:20:06](logger.py 179): threshold_rate = 0.99
[2026-03-29 16:20:06](logger.py 179): wandb_mode = off
[2026-03-29 16:20:06](logger.py 179): weight_decay = 0.0
[2026-03-29 16:20:06](logger.py 179): 
[2026-03-29 16:20:06](logger.py 179): Loading data
[2026-03-29 16:20:07](logger.py 179): Loading model
/scratch/e0538389/DivClust/engine/trainer.py:19: FutureWarning: `torch.cuda.amp.GradScaler(args...)` is deprecated. Please use `torch.amp.GradScaler('cuda', args...)` instead.
  self.scaler = GradScaler()
[2026-03-29 16:20:07](logger.py 179): Mixed precision: ON
/scratch/e0538389/DivClust/engine/trainer.py:41: FutureWarning: `torch.cuda.amp.autocast(args...)` is deprecated. Please use `torch.amp.autocast('cuda', args...)` instead.
  with autocast(self.mixed_precision):
[2026-03-29 16:20:08](logger.py 179): id=CC_FMNIST_E100_DT_1_0 | Ep. 0/100 - Step 0/273 (0.0 it/s) |                    | - loss_cc=6.129 - loss_ce=2.944 - loss_ne=0.00879 - loss_div=0.0 - threshold=1.0 - loss=9.081
[2026-03-29 16:20:11](logger.py 179): id=CC_FMNIST_E100_DT_1_0 | Ep. 0/100 - Step 25/273 (8.38 it/s) |#                   | - loss_cc=5.694 - loss_ce=2.878 - loss_ne=0.00142 - loss_div=0.0 - threshold=1.0 - loss=8.573
[2026-03-29 16:20:14](logger.py 179): id=CC_FMNIST_E100_DT_1_0 | Ep. 0/100 - Step 50/273 (8.36 it/s) |###                 | - loss_cc=5.556 - loss_ce=2.77 - loss_ne=0.0024 - loss_div=0.0 - threshold=1.0 - loss=8.328
[2026-03-29 16:20:17](logger.py 179): id=CC_FMNIST_E100_DT_1_0 | Ep. 0/100 - Step 75/273 (8.32 it/s) |#####               | - loss_cc=5.464 - loss_ce=2.686 - loss_ne=0.00519 - loss_div=0.0 - threshold=1.0 - loss=8.156
[2026-03-29 16:20:20](logger.py 179): id=CC_FMNIST_E100_DT_1_0 | Ep. 0/100 - Step 100/273 (8.33 it/s) |#######             | - loss_cc=5.406 - loss_ce=2.627 - loss_ne=0.00734 - loss_div=0.0 - threshold=1.0 - loss=8.04
[2026-03-29 16:20:23](logger.py 179): id=CC_FMNIST_E100_DT_1_0 | Ep. 0/100 - Step 125/273 (8.33 it/s) |#########           | - loss_cc=5.359 - loss_ce=2.581 - loss_ne=0.00902 - loss_div=0.0 - threshold=1.0 - loss=7.949
[2026-03-29 16:20:26](logger.py 179): id=CC_FMNIST_E100_DT_1_0 | Ep. 0/100 - Step 150/273 (8.33 it/s) |##########          | - loss_cc=5.32 - loss_ce=2.547 - loss_ne=0.0102 - loss_div=0.0 - threshold=1.0 - loss=7.877
[2026-03-29 16:20:29](logger.py 179): id=CC_FMNIST_E100_DT_1_0 | Ep. 0/100 - Step 175/273 (8.34 it/s) |############        | - loss_cc=5.288 - loss_ce=2.519 - loss_ne=0.0114 - loss_div=0.0 - threshold=1.0 - loss=7.819
[2026-03-29 16:20:32](logger.py 179): id=CC_FMNIST_E100_DT_1_0 | Ep. 0/100 - Step 200/273 (8.33 it/s) |##############      | - loss_cc=5.26 - loss_ce=2.497 - loss_ne=0.0124 - loss_div=0.0 - threshold=1.0 - loss=7.769
[2026-03-29 16:20:35](logger.py 179): id=CC_FMNIST_E100_DT_1_0 | Ep. 0/100 - Step 225/273 (8.34 it/s) |################    | - loss_cc=5.237 - loss_ce=2.479 - loss_ne=0.0128 - loss_div=0.0 - threshold=1.0 - loss=7.728
[2026-03-29 16:20:38](logger.py 179): id=CC_FMNIST_E100_DT_1_0 | Ep. 0/100 - Step 250/273 (8.34 it/s) |##################  | - loss_cc=5.217 - loss_ce=2.463 - loss_ne=0.0131 - loss_div=0.0 - threshold=1.0 - loss=7.693
[2026-03-29 16:20:41](logger.py 179): Evaluating
[2026-03-29 16:20:41](logger.py 179): Eval. step 0 of 274
[2026-03-29 16:20:42](logger.py 179): Eval. step 25 of 274
[2026-03-29 16:20:42](logger.py 179): Eval. step 50 of 274
[2026-03-29 16:20:43](logger.py 179): Eval. step 75 of 274
[2026-03-29 16:20:44](logger.py 179): Eval. step 100 of 274
[2026-03-29 16:20:44](logger.py 179): Eval. step 125 of 274
[2026-03-29 16:20:45](logger.py 179): Eval. step 150 of 274
[2026-03-29 16:20:46](logger.py 179): Eval. step 175 of 274
[2026-03-29 16:20:46](logger.py 179): Eval. step 200 of 274
[2026-03-29 16:20:47](logger.py 179): Eval. step 225 of 274
[2026-03-29 16:20:48](logger.py 179): Eval. step 250 of 274
[2026-03-29 16:20:49](logger.py 179): id=CC_FMNIST_E100_DT_1_0 | Ep. 0/100 | Time: 00:00 | loss_cc=5.202 - loss_ce=2.451 - loss_ne=0.0137 - loss_div=0.0 - threshold=1.0 - loss=7.666 - eval_confidence=0.67 - cluster_acc_0_eval=48.76 - cluster_nmi_0_eval=0.473 - cluster_ari_0_eval=0.34 - cluster_acc_1_eval=51.84 - cluster_nmi_1_eval=0.476 - cluster_ari_1_eval=0.346 - cluster_acc_2_eval=49.52 - cluster_nmi_2_eval=0.464 - cluster_ari_2_eval=0.348 - cluster_acc_3_eval=48.52 - cluster_nmi_3_eval=0.469 - cluster_ari_3_eval=0.338 - cluster_acc_4_eval=48.73 - cluster_nmi_4_eval=0.466 - cluster_ari_4_eval=0.321 - max_cluster_acc_eval=51.84 - mean_cluster_acc_eval=49.47 - min_cluster_acc_eval=48.52 - max_cluster_nmi_eval=0.476 - mean_cluster_nmi_eval=0.47 - min_cluster_nmi_eval=0.464 - max_cluster_ari_eval=0.348 - mean_cluster_ari_eval=0.339 - min_cluster_ari_eval=0.321 - interclustering_nmi_eval=0.723
/scratch/e0538389/DivClust/engine/trainer.py:41: FutureWarning: `torch.cuda.amp.autocast(args...)` is deprecated. Please use `torch.amp.autocast('cuda', args...)` instead.
  with autocast(self.mixed_precision):
[2026-03-29 16:20:49](logger.py 179): id=CC_FMNIST_E100_DT_1_0 | Ep. 1/100 - Step 0/273 (0.0 it/s) |                    | - loss_cc=4.985 - loss_ce=2.282 - loss_ne=0.0156 - loss_div=0.0 - threshold=1.0 - loss=7.283
[2026-03-29 16:20:52](logger.py 179): id=CC_FMNIST_E100_DT_1_0 | Ep. 1/100 - Step 25/273 (8.13 it/s) |#                   | - loss_cc=4.996 - loss_ce=2.301 - loss_ne=0.0246 - loss_div=0.0 - threshold=1.0 - loss=7.321
[2026-03-29 16:20:55](logger.py 179): id=CC_FMNIST_E100_DT_1_0 | Ep. 1/100 - Step 50/273 (8.22 it/s) |###                 | - loss_cc=5.004 - loss_ce=2.301 - loss_ne=0.0206 - loss_div=0.0 - threshold=1.0 - loss=7.325
[2026-03-29 16:20:58](logger.py 179): id=CC_FMNIST_E100_DT_1_0 | Ep. 1/100 - Step 75/273 (8.25 it/s) |#####               | - loss_cc=5.0 - loss_ce=2.297 - loss_ne=0.0201 - loss_div=0.0 - threshold=1.0 - loss=7.317
[2026-03-29 16:21:01](logger.py 179): id=CC_FMNIST_E100_DT_1_0 | Ep. 1/100 - Step 100/273 (8.26 it/s) |#######             | - loss_cc=4.996 - loss_ce=2.295 - loss_ne=0.02 - loss_div=0.0 - threshold=1.0 - loss=7.31
[2026-03-29 16:21:04](logger.py 179): id=CC_FMNIST_E100_DT_1_0 | Ep. 1/100 - Step 125/273 (8.26 it/s) |#########           | - loss_cc=4.989 - loss_ce=2.291 - loss_ne=0.0199 - loss_div=0.0 - threshold=1.0 - loss=7.299
[2026-03-29 16:21:07](logger.py 179): id=CC_FMNIST_E100_DT_1_0 | Ep. 1/100 - Step 150/273 (8.27 it/s) |##########          | - loss_cc=4.985 - loss_ce=2.288 - loss_ne=0.0206 - loss_div=0.0 - threshold=1.0 - loss=7.293
[2026-03-29 16:21:10](logger.py 179): id=CC_FMNIST_E100_DT_1_0 | Ep. 1/100 - Step 175/273 (8.27 it/s) |############        | - loss_cc=4.981 - loss_ce=2.285 - loss_ne=0.0206 - loss_div=0.0 - threshold=1.0 - loss=7.287
[2026-03-29 16:21:13](logger.py 179): id=CC_FMNIST_E100_DT_1_0 | Ep. 1/100 - Step 200/273 (8.29 it/s) |##############      | - loss_cc=4.976 - loss_ce=2.282 - loss_ne=0.0203 - loss_div=0.0 - threshold=1.0 - loss=7.278
[2026-03-29 16:21:16](logger.py 179): id=CC_FMNIST_E100_DT_1_0 | Ep. 1/100 - Step 225/273 (8.29 it/s) |################    | - loss_cc=4.972 - loss_ce=2.279 - loss_ne=0.0199 - loss_div=0.0 - threshold=1.0 - loss=7.271
[2026-03-29 16:21:19](logger.py 179): id=CC_FMNIST_E100_DT_1_0 | Ep. 1/100 - Step 250/273 (8.29 it/s) |##################  | - loss_cc=4.967 - loss_ce=2.276 - loss_ne=0.0196 - loss_div=0.0 - threshold=1.0 - loss=7.263
[2026-03-29 16:21:22](logger.py 179): Evaluating
[2026-03-29 16:21:22](logger.py 179): Eval. step 0 of 274
[2026-03-29 16:21:23](logger.py 179): Eval. step 25 of 274
[2026-03-29 16:21:23](logger.py 179): Eval. step 50 of 274
[2026-03-29 16:21:24](logger.py 179): Eval. step 75 of 274
[2026-03-29 16:21:25](logger.py 179): Eval. step 100 of 274
[2026-03-29 16:21:26](logger.py 179): Eval. step 125 of 274
[2026-03-29 16:21:26](logger.py 179): Eval. step 150 of 274
[2026-03-29 16:21:27](logger.py 179): Eval. step 175 of 274
[2026-03-29 16:21:28](logger.py 179): Eval. step 200 of 274
[2026-03-29 16:21:28](logger.py 179): Eval. step 225 of 274
[2026-03-29 16:21:29](logger.py 179): Eval. step 250 of 274
[2026-03-29 16:21:30](logger.py 179): id=CC_FMNIST_E100_DT_1_0 | Ep. 1/100 | Time: 00:00 | loss_cc=4.963 - loss_ce=2.274 - loss_ne=0.0196 - loss_div=0.0 - threshold=1.0 - loss=7.257 - eval_confidence=0.747 - cluster_acc_0_eval=49.04 - cluster_nmi_0_eval=0.475 - cluster_ari_0_eval=0.305 - cluster_acc_1_eval=52.31 - cluster_nmi_1_eval=0.487 - cluster_ari_1_eval=0.323 - cluster_acc_2_eval=53.52 - cluster_nmi_2_eval=0.5 - cluster_ari_2_eval=0.331 - cluster_acc_3_eval=53.55 - cluster_nmi_3_eval=0.497 - cluster_ari_3_eval=0.331 - cluster_acc_4_eval=50.25 - cluster_nmi_4_eval=0.497 - cluster_ari_4_eval=0.329 - max_cluster_acc_eval=53.55 - mean_cluster_acc_eval=51.73 - min_cluster_acc_eval=49.04 - max_cluster_nmi_eval=0.5 - mean_cluster_nmi_eval=0.491 - min_cluster_nmi_eval=0.475 - max_cluster_ari_eval=0.331 - mean_cluster_ari_eval=0.324 - min_cluster_ari_eval=0.305 - interclustering_nmi_eval=0.773
/scratch/e0538389/DivClust/engine/trainer.py:41: FutureWarning: `torch.cuda.amp.autocast(args...)` is deprecated. Please use `torch.amp.autocast('cuda', args...)` instead.
  with autocast(self.mixed_precision):
[2026-03-29 16:21:30](logger.py 179): id=CC_FMNIST_E100_DT_1_0 | Ep. 2/100 - Step 0/273 (0.0 it/s) |                    | - loss_cc=4.945 - loss_ce=2.272 - loss_ne=0.0212 - loss_div=0.0 - threshold=1.0 - loss=7.239
[2026-03-29 16:21:33](logger.py 179): id=CC_FMNIST_E100_DT_1_0 | Ep. 2/100 - Step 25/273 (8.23 it/s) |#                   | - loss_cc=4.929 - loss_ce=2.251 - loss_ne=0.0229 - loss_div=0.0 - threshold=1.0 - loss=7.203
[2026-03-29 16:21:36](logger.py 179): id=CC_FMNIST_E100_DT_1_0 | Ep. 2/100 - Step 50/273 (8.28 it/s) |###                 | - loss_cc=4.921 - loss_ce=2.244 - loss_ne=0.0214 - loss_div=0.0 - threshold=1.0 - loss=7.187
[2026-03-29 16:21:39](logger.py 179): id=CC_FMNIST_E100_DT_1_0 | Ep. 2/100 - Step 75/273 (8.29 it/s) |#####               | - loss_cc=4.914 - loss_ce=2.239 - loss_ne=0.0208 - loss_div=0.0 - threshold=1.0 - loss=7.174
[2026-03-29 16:21:43](logger.py 179): id=CC_FMNIST_E100_DT_1_0 | Ep. 2/100 - Step 100/273 (8.29 it/s) |#######             | - loss_cc=4.909 - loss_ce=2.237 - loss_ne=0.0208 - loss_div=0.0 - threshold=1.0 - loss=7.167
[2026-03-29 16:21:46](logger.py 179): id=CC_FMNIST_E100_DT_1_0 | Ep. 2/100 - Step 125/273 (8.29 it/s) |#########           | - loss_cc=4.907 - loss_ce=2.236 - loss_ne=0.0207 - loss_div=0.0 - threshold=1.0 - loss=7.164
[2026-03-29 16:21:49](logger.py 179): id=CC_FMNIST_E100_DT_1_0 | Ep. 2/100 - Step 150/273 (8.29 it/s) |##########          | - loss_cc=4.903 - loss_ce=2.235 - loss_ne=0.0205 - loss_div=0.0 - threshold=1.0 - loss=7.159
[2026-03-29 16:21:52](logger.py 179): id=CC_FMNIST_E100_DT_1_0 | Ep. 2/100 - Step 175/273 (8.29 it/s) |############        | - loss_cc=4.901 - loss_ce=2.233 - loss_ne=0.0205 - loss_div=0.0 - threshold=1.0 - loss=7.155
[2026-03-29 16:21:55](logger.py 179): id=CC_FMNIST_E100_DT_1_0 | Ep. 2/100 - Step 200/273 (8.29 it/s) |##############      | - loss_cc=4.898 - loss_ce=2.231 - loss_ne=0.0206 - loss_div=0.0 - threshold=1.0 - loss=7.15
[2026-03-29 16:21:58](logger.py 179): id=CC_FMNIST_E100_DT_1_0 | Ep. 2/100 - Step 225/273 (8.29 it/s) |################    | - loss_cc=4.896 - loss_ce=2.23 - loss_ne=0.0207 - loss_div=0.0 - threshold=1.0 - loss=7.146
[2026-03-29 16:22:01](logger.py 179): id=CC_FMNIST_E100_DT_1_0 | Ep. 2/100 - Step 250/273 (8.29 it/s) |##################  | - loss_cc=4.892 - loss_ce=2.228 - loss_ne=0.0206 - loss_div=0.0 - threshold=1.0 - loss=7.14
[2026-03-29 16:22:03](logger.py 179): Evaluating
[2026-03-29 16:22:03](logger.py 179): Eval. step 0 of 274
[2026-03-29 16:22:04](logger.py 179): Eval. step 25 of 274
[2026-03-29 16:22:05](logger.py 179): Eval. step 50 of 274
[2026-03-29 16:22:05](logger.py 179): Eval. step 75 of 274
[2026-03-29 16:22:06](logger.py 179): Eval. step 100 of 274
[2026-03-29 16:22:07](logger.py 179): Eval. step 125 of 274
[2026-03-29 16:22:07](logger.py 179): Eval. step 150 of 274
[2026-03-29 16:22:08](logger.py 179): Eval. step 175 of 274
[2026-03-29 16:22:09](logger.py 179): Eval. step 200 of 274
[2026-03-29 16:22:09](logger.py 179): Eval. step 225 of 274
[2026-03-29 16:22:10](logger.py 179): Eval. step 250 of 274
[2026-03-29 16:22:11](logger.py 179): id=CC_FMNIST_E100_DT_1_0 | Ep. 2/100 | Time: 00:00 | loss_cc=4.891 - loss_ce=2.227 - loss_ne=0.0208 - loss_div=0.0 - threshold=1.0 - loss=7.139 - eval_confidence=0.806 - cluster_acc_0_eval=61.25 - cluster_nmi_0_eval=0.564 - cluster_ari_0_eval=0.456 - cluster_acc_1_eval=61.8 - cluster_nmi_1_eval=0.577 - cluster_ari_1_eval=0.475 - cluster_acc_2_eval=62.26 - cluster_nmi_2_eval=0.581 - cluster_ari_2_eval=0.476 - cluster_acc_3_eval=62.5 - cluster_nmi_3_eval=0.587 - cluster_ari_3_eval=0.481 - cluster_acc_4_eval=59.32 - cluster_nmi_4_eval=0.558 - cluster_ari_4_eval=0.436 - max_cluster_acc_eval=62.5 - mean_cluster_acc_eval=61.43 - min_cluster_acc_eval=59.32 - max_cluster_nmi_eval=0.587 - mean_cluster_nmi_eval=0.573 - min_cluster_nmi_eval=0.558 - max_cluster_ari_eval=0.481 - mean_cluster_ari_eval=0.464 - min_cluster_ari_eval=0.436 - interclustering_nmi_eval=0.833
/scratch/e0538389/DivClust/engine/trainer.py:41: FutureWarning: `torch.cuda.amp.autocast(args...)` is deprecated. Please use `torch.amp.autocast('cuda', args...)` instead.
  with autocast(self.mixed_precision):
[2026-03-29 16:22:12](logger.py 179): id=CC_FMNIST_E100_DT_1_0 | Ep. 3/100 - Step 0/273 (0.0 it/s) |                    | - loss_cc=4.857 - loss_ce=2.21 - loss_ne=0.0222 - loss_div=0.0 - threshold=1.0 - loss=7.089
[2026-03-29 16:22:15](logger.py 179): id=CC_FMNIST_E100_DT_1_0 | Ep. 3/100 - Step 25/273 (8.17 it/s) |#                   | - loss_cc=4.872 - loss_ce=2.218 - loss_ne=0.0197 - loss_div=0.0 - threshold=1.0 - loss=7.109
[2026-03-29 16:22:18](logger.py 179): id=CC_FMNIST_E100_DT_1_0 | Ep. 3/100 - Step 50/273 (8.19 it/s) |###                 | - loss_cc=4.859 - loss_ce=2.211 - loss_ne=0.0192 - loss_div=0.0 - threshold=1.0 - loss=7.089
[2026-03-29 16:22:21](logger.py 179): id=CC_FMNIST_E100_DT_1_0 | Ep. 3/100 - Step 75/273 (8.2 it/s) |#####               | - loss_cc=4.861 - loss_ce=2.211 - loss_ne=0.0202 - loss_div=0.0 - threshold=1.0 - loss=7.092
[2026-03-29 16:22:24](logger.py 179): id=CC_FMNIST_E100_DT_1_0 | Ep. 3/100 - Step 100/273 (8.23 it/s) |#######             | - loss_cc=4.858 - loss_ce=2.21 - loss_ne=0.0202 - loss_div=0.0 - threshold=1.0 - loss=7.088
[2026-03-29 16:22:27](logger.py 179): id=CC_FMNIST_E100_DT_1_0 | Ep. 3/100 - Step 125/273 (8.22 it/s) |#########           | - loss_cc=4.857 - loss_ce=2.209 - loss_ne=0.0199 - loss_div=0.0 - threshold=1.0 - loss=7.086
[2026-03-29 16:22:30](logger.py 179): id=CC_FMNIST_E100_DT_1_0 | Ep. 3/100 - Step 150/273 (8.22 it/s) |##########          | - loss_cc=4.857 - loss_ce=2.209 - loss_ne=0.0196 - loss_div=0.0 - threshold=1.0 - loss=7.085
[2026-03-29 16:22:33](logger.py 179): id=CC_FMNIST_E100_DT_1_0 | Ep. 3/100 - Step 175/273 (8.22 it/s) |############        | - loss_cc=4.855 - loss_ce=2.207 - loss_ne=0.0193 - loss_div=0.0 - threshold=1.0 - loss=7.081
[2026-03-29 16:22:36](logger.py 179): id=CC_FMNIST_E100_DT_1_0 | Ep. 3/100 - Step 200/273 (8.23 it/s) |##############      | - loss_cc=4.854 - loss_ce=2.206 - loss_ne=0.0196 - loss_div=0.0 - threshold=1.0 - loss=7.079
[2026-03-29 16:22:39](logger.py 179): id=CC_FMNIST_E100_DT_1_0 | Ep. 3/100 - Step 225/273 (8.24 it/s) |################    | - loss_cc=4.852 - loss_ce=2.204 - loss_ne=0.0195 - loss_div=0.0 - threshold=1.0 - loss=7.076
[2026-03-29 16:22:42](logger.py 179): id=CC_FMNIST_E100_DT_1_0 | Ep. 3/100 - Step 250/273 (8.24 it/s) |##################  | - loss_cc=4.851 - loss_ce=2.204 - loss_ne=0.0199 - loss_div=0.0 - threshold=1.0 - loss=7.075
[2026-03-29 16:22:45](logger.py 179): Evaluating
[2026-03-29 16:22:45](logger.py 179): Eval. step 0 of 274
[2026-03-29 16:22:45](logger.py 179): Eval. step 25 of 274
[2026-03-29 16:22:46](logger.py 179): Eval. step 50 of 274
[2026-03-29 16:22:47](logger.py 179): Eval. step 75 of 274
[2026-03-29 16:22:47](logger.py 179): Eval. step 100 of 274
[2026-03-29 16:22:48](logger.py 179): Eval. step 125 of 274
[2026-03-29 16:22:49](logger.py 179): Eval. step 150 of 274
[2026-03-29 16:22:49](logger.py 179): Eval. step 175 of 274
[2026-03-29 16:22:50](logger.py 179): Eval. step 200 of 274
[2026-03-29 16:22:51](logger.py 179): Eval. step 225 of 274
[2026-03-29 16:22:51](logger.py 179): Eval. step 250 of 274
[2026-03-29 16:22:52](logger.py 179): id=CC_FMNIST_E100_DT_1_0 | Ep. 3/100 | Time: 00:00 | loss_cc=4.849 - loss_ce=2.203 - loss_ne=0.02 - loss_div=0.0 - threshold=1.0 - loss=7.072 - eval_confidence=0.852 - cluster_acc_0_eval=63.68 - cluster_nmi_0_eval=0.6 - cluster_ari_0_eval=0.495 - cluster_acc_1_eval=63.08 - cluster_nmi_1_eval=0.597 - cluster_ari_1_eval=0.491 - cluster_acc_2_eval=63.54 - cluster_nmi_2_eval=0.6 - cluster_ari_2_eval=0.495 - cluster_acc_3_eval=63.66 - cluster_nmi_3_eval=0.602 - cluster_ari_3_eval=0.498 - cluster_acc_4_eval=63.7 - cluster_nmi_4_eval=0.607 - cluster_ari_4_eval=0.501 - max_cluster_acc_eval=63.7 - mean_cluster_acc_eval=63.53 - min_cluster_acc_eval=63.08 - max_cluster_nmi_eval=0.607 - mean_cluster_nmi_eval=0.601 - min_cluster_nmi_eval=0.597 - max_cluster_ari_eval=0.501 - mean_cluster_ari_eval=0.496 - min_cluster_ari_eval=0.491 - interclustering_nmi_eval=0.902
/scratch/e0538389/DivClust/engine/trainer.py:41: FutureWarning: `torch.cuda.amp.autocast(args...)` is deprecated. Please use `torch.amp.autocast('cuda', args...)` instead.
  with autocast(self.mixed_precision):
[2026-03-29 16:22:53](logger.py 179): id=CC_FMNIST_E100_DT_1_0 | Ep. 4/100 - Step 0/273 (0.0 it/s) |                    | - loss_cc=4.815 - loss_ce=2.194 - loss_ne=0.0143 - loss_div=0.0 - threshold=1.0 - loss=7.023
[2026-03-29 16:22:56](logger.py 179): id=CC_FMNIST_E100_DT_1_0 | Ep. 4/100 - Step 25/273 (8.24 it/s) |#                   | - loss_cc=4.823 - loss_ce=2.19 - loss_ne=0.018 - loss_div=0.0 - threshold=1.0 - loss=7.031
[2026-03-29 16:22:59](logger.py 179): id=CC_FMNIST_E100_DT_1_0 | Ep. 4/100 - Step 50/273 (8.24 it/s) |###                 | - loss_cc=4.827 - loss_ce=2.192 - loss_ne=0.0215 - loss_div=0.0 - threshold=1.0 - loss=7.041
[2026-03-29 16:23:02](logger.py 179): id=CC_FMNIST_E100_DT_1_0 | Ep. 4/100 - Step 75/273 (8.22 it/s) |#####               | - loss_cc=4.828 - loss_ce=2.192 - loss_ne=0.0204 - loss_div=0.0 - threshold=1.0 - loss=7.041
[2026-03-29 16:23:05](logger.py 179): id=CC_FMNIST_E100_DT_1_0 | Ep. 4/100 - Step 100/273 (8.23 it/s) |#######             | - loss_cc=4.825 - loss_ce=2.191 - loss_ne=0.0207 - loss_div=0.0 - threshold=1.0 - loss=7.036
[2026-03-29 16:23:08](logger.py 179): id=CC_FMNIST_E100_DT_1_0 | Ep. 4/100 - Step 125/273 (8.24 it/s) |#########           | - loss_cc=4.825 - loss_ce=2.19 - loss_ne=0.0201 - loss_div=0.0 - threshold=1.0 - loss=7.035
[2026-03-29 16:23:11](logger.py 179): id=CC_FMNIST_E100_DT_1_0 | Ep. 4/100 - Step 150/273 (8.24 it/s) |##########          | - loss_cc=4.823 - loss_ce=2.189 - loss_ne=0.0205 - loss_div=0.0 - threshold=1.0 - loss=7.032
[2026-03-29 16:23:14](logger.py 179): id=CC_FMNIST_E100_DT_1_0 | Ep. 4/100 - Step 175/273 (8.25 it/s) |############        | - loss_cc=4.822 - loss_ce=2.188 - loss_ne=0.0204 - loss_div=0.0 - threshold=1.0 - loss=7.03
[2026-03-29 16:23:17](logger.py 179): id=CC_FMNIST_E100_DT_1_0 | Ep. 4/100 - Step 200/273 (8.26 it/s) |##############      | - loss_cc=4.82 - loss_ce=2.188 - loss_ne=0.0201 - loss_div=0.0 - threshold=1.0 - loss=7.028
[2026-03-29 16:23:20](logger.py 179): id=CC_FMNIST_E100_DT_1_0 | Ep. 4/100 - Step 225/273 (8.27 it/s) |################    | - loss_cc=4.819 - loss_ce=2.187 - loss_ne=0.0204 - loss_div=0.0 - threshold=1.0 - loss=7.026
[2026-03-29 16:23:23](logger.py 179): id=CC_FMNIST_E100_DT_1_0 | Ep. 4/100 - Step 250/273 (8.27 it/s) |##################  | - loss_cc=4.817 - loss_ce=2.186 - loss_ne=0.0202 - loss_div=0.0 - threshold=1.0 - loss=7.023
[2026-03-29 16:23:26](logger.py 179): Evaluating
[2026-03-29 16:23:26](logger.py 179): Eval. step 0 of 274
[2026-03-29 16:23:27](logger.py 179): Eval. step 25 of 274
[2026-03-29 16:23:27](logger.py 179): Eval. step 50 of 274
[2026-03-29 16:23:28](logger.py 179): Eval. step 75 of 274
[2026-03-29 16:23:29](logger.py 179): Eval. step 100 of 274
[2026-03-29 16:23:29](logger.py 179): Eval. step 125 of 274
[2026-03-29 16:23:30](logger.py 179): Eval. step 150 of 274
[2026-03-29 16:23:31](logger.py 179): Eval. step 175 of 274
[2026-03-29 16:23:31](logger.py 179): Eval. step 200 of 274
[2026-03-29 16:23:32](logger.py 179): Eval. step 225 of 274
[2026-03-29 16:23:33](logger.py 179): Eval. step 250 of 274
[2026-03-29 16:23:34](logger.py 179): id=CC_FMNIST_E100_DT_1_0 | Ep. 4/100 | Time: 00:00 | loss_cc=4.816 - loss_ce=2.186 - loss_ne=0.0202 - loss_div=0.0 - threshold=1.0 - loss=7.023 - eval_confidence=0.854 - cluster_acc_0_eval=63.76 - cluster_nmi_0_eval=0.606 - cluster_ari_0_eval=0.501 - cluster_acc_1_eval=63.7 - cluster_nmi_1_eval=0.607 - cluster_ari_1_eval=0.501 - cluster_acc_2_eval=63.64 - cluster_nmi_2_eval=0.606 - cluster_ari_2_eval=0.499 - cluster_acc_3_eval=63.58 - cluster_nmi_3_eval=0.606 - cluster_ari_3_eval=0.499 - cluster_acc_4_eval=63.75 - cluster_nmi_4_eval=0.61 - cluster_ari_4_eval=0.503 - max_cluster_acc_eval=63.76 - mean_cluster_acc_eval=63.69 - min_cluster_acc_eval=63.58 - max_cluster_nmi_eval=0.61 - mean_cluster_nmi_eval=0.607 - min_cluster_nmi_eval=0.606 - max_cluster_ari_eval=0.503 - mean_cluster_ari_eval=0.501 - min_cluster_ari_eval=0.499 - interclustering_nmi_eval=0.942
/scratch/e0538389/DivClust/engine/trainer.py:41: FutureWarning: `torch.cuda.amp.autocast(args...)` is deprecated. Please use `torch.amp.autocast('cuda', args...)` instead.
  with autocast(self.mixed_precision):
[2026-03-29 16:23:34](logger.py 179): id=CC_FMNIST_E100_DT_1_0 | Ep. 5/100 - Step 0/273 (0.0 it/s) |                    | - loss_cc=4.809 - loss_ce=2.187 - loss_ne=0.0187 - loss_div=0.0 - threshold=1.0 - loss=7.015
[2026-03-29 16:23:37](logger.py 179): id=CC_FMNIST_E100_DT_1_0 | Ep. 5/100 - Step 25/273 (8.17 it/s) |#                   | - loss_cc=4.801 - loss_ce=2.18 - loss_ne=0.0201 - loss_div=0.0 - threshold=1.0 - loss=7.001
[2026-03-29 16:23:40](logger.py 179): id=CC_FMNIST_E100_DT_1_0 | Ep. 5/100 - Step 50/273 (8.15 it/s) |###                 | - loss_cc=4.802 - loss_ce=2.182 - loss_ne=0.0197 - loss_div=0.0 - threshold=1.0 - loss=7.004
[2026-03-29 16:23:43](logger.py 179): id=CC_FMNIST_E100_DT_1_0 | Ep. 5/100 - Step 75/273 (8.2 it/s) |#####               | - loss_cc=4.801 - loss_ce=2.182 - loss_ne=0.02 - loss_div=0.0 - threshold=1.0 - loss=7.003
[2026-03-29 16:23:46](logger.py 179): id=CC_FMNIST_E100_DT_1_0 | Ep. 5/100 - Step 100/273 (8.23 it/s) |#######             | - loss_cc=4.799 - loss_ce=2.18 - loss_ne=0.0206 - loss_div=0.0 - threshold=1.0 - loss=6.999
[2026-03-29 16:23:49](logger.py 179): id=CC_FMNIST_E100_DT_1_0 | Ep. 5/100 - Step 125/273 (8.24 it/s) |#########           | - loss_cc=4.797 - loss_ce=2.179 - loss_ne=0.02 - loss_div=0.0 - threshold=1.0 - loss=6.996
[2026-03-29 16:23:52](logger.py 179): id=CC_FMNIST_E100_DT_1_0 | Ep. 5/100 - Step 150/273 (8.25 it/s) |##########          | - loss_cc=4.796 - loss_ce=2.179 - loss_ne=0.0197 - loss_div=0.0 - threshold=1.0 - loss=6.995
[2026-03-29 16:23:55](logger.py 179): id=CC_FMNIST_E100_DT_1_0 | Ep. 5/100 - Step 175/273 (8.24 it/s) |############        | - loss_cc=4.794 - loss_ce=2.178 - loss_ne=0.0198 - loss_div=0.0 - threshold=1.0 - loss=6.992
[2026-03-29 16:23:58](logger.py 179): id=CC_FMNIST_E100_DT_1_0 | Ep. 5/100 - Step 200/273 (8.25 it/s) |##############      | - loss_cc=4.793 - loss_ce=2.177 - loss_ne=0.02 - loss_div=0.0 - threshold=1.0 - loss=6.989
[2026-03-29 16:24:01](logger.py 179): id=CC_FMNIST_E100_DT_1_0 | Ep. 5/100 - Step 225/273 (8.25 it/s) |################    | - loss_cc=4.791 - loss_ce=2.177 - loss_ne=0.0196 - loss_div=0.0 - threshold=1.0 - loss=6.988
[2026-03-29 16:24:05](logger.py 179): id=CC_FMNIST_E100_DT_1_0 | Ep. 5/100 - Step 250/273 (8.24 it/s) |##################  | - loss_cc=4.791 - loss_ce=2.177 - loss_ne=0.0196 - loss_div=0.0 - threshold=1.0 - loss=6.987
[2026-03-29 16:24:07](logger.py 179): Evaluating
[2026-03-29 16:24:07](logger.py 179): Eval. step 0 of 274
[2026-03-29 16:24:08](logger.py 179): Eval. step 25 of 274
[2026-03-29 16:24:09](logger.py 179): Eval. step 50 of 274
[2026-03-29 16:24:09](logger.py 179): Eval. step 75 of 274
[2026-03-29 16:24:10](logger.py 179): Eval. step 100 of 274
[2026-03-29 16:24:11](logger.py 179): Eval. step 125 of 274
[2026-03-29 16:24:11](logger.py 179): Eval. step 150 of 274
[2026-03-29 16:24:12](logger.py 179): Eval. step 175 of 274
[2026-03-29 16:24:13](logger.py 179): Eval. step 200 of 274
[2026-03-29 16:24:13](logger.py 179): Eval. step 225 of 274
[2026-03-29 16:24:14](logger.py 179): Eval. step 250 of 274
[2026-03-29 16:24:15](logger.py 179): id=CC_FMNIST_E100_DT_1_0 | Ep. 5/100 | Time: 00:00 | loss_cc=4.79 - loss_ce=2.176 - loss_ne=0.0194 - loss_div=0.0 - threshold=1.0 - loss=6.986 - eval_confidence=0.854 - cluster_acc_0_eval=63.88 - cluster_nmi_0_eval=0.607 - cluster_ari_0_eval=0.498 - cluster_acc_1_eval=63.9 - cluster_nmi_1_eval=0.607 - cluster_ari_1_eval=0.498 - cluster_acc_2_eval=63.83 - cluster_nmi_2_eval=0.606 - cluster_ari_2_eval=0.498 - cluster_acc_3_eval=63.89 - cluster_nmi_3_eval=0.608 - cluster_ari_3_eval=0.499 - cluster_acc_4_eval=64.19 - cluster_nmi_4_eval=0.613 - cluster_ari_4_eval=0.503 - max_cluster_acc_eval=64.19 - mean_cluster_acc_eval=63.94 - min_cluster_acc_eval=63.83 - max_cluster_nmi_eval=0.613 - mean_cluster_nmi_eval=0.608 - min_cluster_nmi_eval=0.606 - max_cluster_ari_eval=0.503 - mean_cluster_ari_eval=0.499 - min_cluster_ari_eval=0.498 - interclustering_nmi_eval=0.953
/scratch/e0538389/DivClust/engine/trainer.py:41: FutureWarning: `torch.cuda.amp.autocast(args...)` is deprecated. Please use `torch.amp.autocast('cuda', args...)` instead.
  with autocast(self.mixed_precision):
[2026-03-29 16:24:16](logger.py 179): id=CC_FMNIST_E100_DT_1_0 | Ep. 6/100 - Step 0/273 (0.0 it/s) |                    | - loss_cc=4.729 - loss_ce=2.155 - loss_ne=0.0263 - loss_div=0.0 - threshold=1.0 - loss=6.911
[2026-03-29 16:24:19](logger.py 179): id=CC_FMNIST_E100_DT_1_0 | Ep. 6/100 - Step 25/273 (8.14 it/s) |#                   | - loss_cc=4.785 - loss_ce=2.174 - loss_ne=0.0218 - loss_div=0.0 - threshold=1.0 - loss=6.981
[2026-03-29 16:24:22](logger.py 179): id=CC_FMNIST_E100_DT_1_0 | Ep. 6/100 - Step 50/273 (8.19 it/s) |###                 | - loss_cc=4.781 - loss_ce=2.172 - loss_ne=0.0198 - loss_div=0.0 - threshold=1.0 - loss=6.972
[2026-03-29 16:24:25](logger.py 179): id=CC_FMNIST_E100_DT_1_0 | Ep. 6/100 - Step 75/273 (8.21 it/s) |#####               | - loss_cc=4.778 - loss_ce=2.17 - loss_ne=0.0196 - loss_div=0.0 - threshold=1.0 - loss=6.968
[2026-03-29 16:24:28](logger.py 179): id=CC_FMNIST_E100_DT_1_0 | Ep. 6/100 - Step 100/273 (8.23 it/s) |#######             | - loss_cc=4.775 - loss_ce=2.17 - loss_ne=0.0198 - loss_div=0.0 - threshold=1.0 - loss=6.964
[2026-03-29 16:24:31](logger.py 179): id=CC_FMNIST_E100_DT_1_0 | Ep. 6/100 - Step 125/273 (8.25 it/s) |#########           | - loss_cc=4.774 - loss_ce=2.17 - loss_ne=0.0196 - loss_div=0.0 - threshold=1.0 - loss=6.964
[2026-03-29 16:24:34](logger.py 179): id=CC_FMNIST_E100_DT_1_0 | Ep. 6/100 - Step 150/273 (8.27 it/s) |##########          | - loss_cc=4.774 - loss_ce=2.17 - loss_ne=0.0199 - loss_div=0.0 - threshold=1.0 - loss=6.964
[2026-03-29 16:24:37](logger.py 179): id=CC_FMNIST_E100_DT_1_0 | Ep. 6/100 - Step 175/273 (8.26 it/s) |############        | - loss_cc=4.774 - loss_ce=2.17 - loss_ne=0.0196 - loss_div=0.0 - threshold=1.0 - loss=6.963
[2026-03-29 16:24:40](logger.py 179): id=CC_FMNIST_E100_DT_1_0 | Ep. 6/100 - Step 200/273 (8.27 it/s) |##############      | - loss_cc=4.774 - loss_ce=2.17 - loss_ne=0.0196 - loss_div=0.0 - threshold=1.0 - loss=6.964
[2026-03-29 16:24:43](logger.py 179): id=CC_FMNIST_E100_DT_1_0 | Ep. 6/100 - Step 225/273 (8.28 it/s) |################    | - loss_cc=4.773 - loss_ce=2.17 - loss_ne=0.0195 - loss_div=0.0 - threshold=1.0 - loss=6.963
[2026-03-29 16:24:46](logger.py 179): id=CC_FMNIST_E100_DT_1_0 | Ep. 6/100 - Step 250/273 (8.27 it/s) |##################  | - loss_cc=4.773 - loss_ce=2.17 - loss_ne=0.0199 - loss_div=0.0 - threshold=1.0 - loss=6.962
[2026-03-29 16:24:48](logger.py 179): Evaluating
[2026-03-29 16:24:48](logger.py 179): Eval. step 0 of 274
[2026-03-29 16:24:49](logger.py 179): Eval. step 25 of 274
[2026-03-29 16:24:50](logger.py 179): Eval. step 50 of 274
[2026-03-29 16:24:50](logger.py 179): Eval. step 75 of 274
[2026-03-29 16:24:51](logger.py 179): Eval. step 100 of 274
[2026-03-29 16:24:52](logger.py 179): Eval. step 125 of 274
[2026-03-29 16:24:53](logger.py 179): Eval. step 150 of 274
[2026-03-29 16:24:53](logger.py 179): Eval. step 175 of 274
[2026-03-29 16:24:54](logger.py 179): Eval. step 200 of 274
[2026-03-29 16:24:55](logger.py 179): Eval. step 225 of 274
[2026-03-29 16:24:55](logger.py 179): Eval. step 250 of 274
[2026-03-29 16:24:56](logger.py 179): id=CC_FMNIST_E100_DT_1_0 | Ep. 6/100 | Time: 00:00 | loss_cc=4.773 - loss_ce=2.17 - loss_ne=0.0197 - loss_div=0.0 - threshold=1.0 - loss=6.962 - eval_confidence=0.852 - cluster_acc_0_eval=63.65 - cluster_nmi_0_eval=0.598 - cluster_ari_0_eval=0.489 - cluster_acc_1_eval=63.66 - cluster_nmi_1_eval=0.598 - cluster_ari_1_eval=0.489 - cluster_acc_2_eval=63.6 - cluster_nmi_2_eval=0.597 - cluster_ari_2_eval=0.489 - cluster_acc_3_eval=63.5 - cluster_nmi_3_eval=0.597 - cluster_ari_3_eval=0.487 - cluster_acc_4_eval=63.68 - cluster_nmi_4_eval=0.599 - cluster_ari_4_eval=0.49 - max_cluster_acc_eval=63.68 - mean_cluster_acc_eval=63.62 - min_cluster_acc_eval=63.5 - max_cluster_nmi_eval=0.599 - mean_cluster_nmi_eval=0.598 - min_cluster_nmi_eval=0.597 - max_cluster_ari_eval=0.49 - mean_cluster_ari_eval=0.489 - min_cluster_ari_eval=0.487 - interclustering_nmi_eval=0.96
/scratch/e0538389/DivClust/engine/trainer.py:41: FutureWarning: `torch.cuda.amp.autocast(args...)` is deprecated. Please use `torch.amp.autocast('cuda', args...)` instead.
  with autocast(self.mixed_precision):
[2026-03-29 16:24:57](logger.py 179): id=CC_FMNIST_E100_DT_1_0 | Ep. 7/100 - Step 0/273 (0.0 it/s) |                    | - loss_cc=4.736 - loss_ce=2.156 - loss_ne=0.0301 - loss_div=0.0 - threshold=1.0 - loss=6.922
[2026-03-29 16:25:00](logger.py 179): id=CC_FMNIST_E100_DT_1_0 | Ep. 7/100 - Step 25/273 (8.14 it/s) |#                   | - loss_cc=4.778 - loss_ce=2.175 - loss_ne=0.022 - loss_div=0.0 - threshold=1.0 - loss=6.974
[2026-03-29 16:25:03](logger.py 179): id=CC_FMNIST_E100_DT_1_0 | Ep. 7/100 - Step 50/273 (8.17 it/s) |###                 | - loss_cc=4.77 - loss_ce=2.17 - loss_ne=0.0201 - loss_div=0.0 - threshold=1.0 - loss=6.96
[2026-03-29 16:25:06](logger.py 179): id=CC_FMNIST_E100_DT_1_0 | Ep. 7/100 - Step 75/273 (8.2 it/s) |#####               | - loss_cc=4.767 - loss_ce=2.167 - loss_ne=0.0215 - loss_div=0.0 - threshold=1.0 - loss=6.956
[2026-03-29 16:25:09](logger.py 179): id=CC_FMNIST_E100_DT_1_0 | Ep. 7/100 - Step 100/273 (8.22 it/s) |#######             | - loss_cc=4.763 - loss_ce=2.167 - loss_ne=0.0203 - loss_div=0.0 - threshold=1.0 - loss=6.95
[2026-03-29 16:25:12](logger.py 179): id=CC_FMNIST_E100_DT_1_0 | Ep. 7/100 - Step 125/273 (8.23 it/s) |#########           | - loss_cc=4.763 - loss_ce=2.167 - loss_ne=0.0202 - loss_div=0.0 - threshold=1.0 - loss=6.95
[2026-03-29 16:25:15](logger.py 179): id=CC_FMNIST_E100_DT_1_0 | Ep. 7/100 - Step 150/273 (8.23 it/s) |##########          | - loss_cc=4.763 - loss_ce=2.167 - loss_ne=0.0199 - loss_div=0.0 - threshold=1.0 - loss=6.95
[2026-03-29 16:25:18](logger.py 179): id=CC_FMNIST_E100_DT_1_0 | Ep. 7/100 - Step 175/273 (8.24 it/s) |############        | - loss_cc=4.761 - loss_ce=2.166 - loss_ne=0.0195 - loss_div=0.0 - threshold=1.0 - loss=6.947
[2026-03-29 16:25:21](logger.py 179): id=CC_FMNIST_E100_DT_1_0 | Ep. 7/100 - Step 200/273 (8.25 it/s) |##############      | - loss_cc=4.761 - loss_ce=2.166 - loss_ne=0.0198 - loss_div=0.0 - threshold=1.0 - loss=6.946
[2026-03-29 16:25:24](logger.py 179): id=CC_FMNIST_E100_DT_1_0 | Ep. 7/100 - Step 225/273 (8.25 it/s) |################    | - loss_cc=4.759 - loss_ce=2.165 - loss_ne=0.0197 - loss_div=0.0 - threshold=1.0 - loss=6.944
[2026-03-29 16:25:27](logger.py 179): id=CC_FMNIST_E100_DT_1_0 | Ep. 7/100 - Step 250/273 (8.25 it/s) |##################  | - loss_cc=4.76 - loss_ce=2.166 - loss_ne=0.0195 - loss_div=0.0 - threshold=1.0 - loss=6.945
[2026-03-29 16:25:30](logger.py 179): Evaluating
[2026-03-29 16:25:30](logger.py 179): Eval. step 0 of 274
[2026-03-29 16:25:30](logger.py 179): Eval. step 25 of 274
[2026-03-29 16:25:31](logger.py 179): Eval. step 50 of 274
[2026-03-29 16:25:32](logger.py 179): Eval. step 75 of 274
[2026-03-29 16:25:32](logger.py 179): Eval. step 100 of 274
[2026-03-29 16:25:33](logger.py 179): Eval. step 125 of 274
[2026-03-29 16:25:34](logger.py 179): Eval. step 150 of 274
[2026-03-29 16:25:35](logger.py 179): Eval. step 175 of 274
[2026-03-29 16:25:35](logger.py 179): Eval. step 200 of 274
[2026-03-29 16:25:36](logger.py 179): Eval. step 225 of 274
[2026-03-29 16:25:37](logger.py 179): Eval. step 250 of 274
[2026-03-29 16:25:37](logger.py 179): id=CC_FMNIST_E100_DT_1_0 | Ep. 7/100 | Time: 00:00 | loss_cc=4.76 - loss_ce=2.166 - loss_ne=0.0195 - loss_div=0.0 - threshold=1.0 - loss=6.945 - eval_confidence=0.864 - cluster_acc_0_eval=64.14 - cluster_nmi_0_eval=0.608 - cluster_ari_0_eval=0.499 - cluster_acc_1_eval=64.26 - cluster_nmi_1_eval=0.609 - cluster_ari_1_eval=0.5 - cluster_acc_2_eval=64.23 - cluster_nmi_2_eval=0.608 - cluster_ari_2_eval=0.5 - cluster_acc_3_eval=64.19 - cluster_nmi_3_eval=0.609 - cluster_ari_3_eval=0.5 - cluster_acc_4_eval=64.47 - cluster_nmi_4_eval=0.612 - cluster_ari_4_eval=0.503 - max_cluster_acc_eval=64.47 - mean_cluster_acc_eval=64.26 - min_cluster_acc_eval=64.14 - max_cluster_nmi_eval=0.612 - mean_cluster_nmi_eval=0.609 - min_cluster_nmi_eval=0.608 - max_cluster_ari_eval=0.503 - mean_cluster_ari_eval=0.5 - min_cluster_ari_eval=0.499 - interclustering_nmi_eval=0.968
/scratch/e0538389/DivClust/engine/trainer.py:41: FutureWarning: `torch.cuda.amp.autocast(args...)` is deprecated. Please use `torch.amp.autocast('cuda', args...)` instead.
  with autocast(self.mixed_precision):
[2026-03-29 16:25:38](logger.py 179): id=CC_FMNIST_E100_DT_1_0 | Ep. 8/100 - Step 0/273 (0.0 it/s) |                    | - loss_cc=4.752 - loss_ce=2.163 - loss_ne=0.00525 - loss_div=0.0 - threshold=1.0 - loss=6.92
[2026-03-29 16:25:41](logger.py 179): id=CC_FMNIST_E100_DT_1_0 | Ep. 8/100 - Step 25/273 (8.18 it/s) |#                   | - loss_cc=4.755 - loss_ce=2.161 - loss_ne=0.0165 - loss_div=0.0 - threshold=1.0 - loss=6.932
[2026-03-29 16:25:44](logger.py 179): id=CC_FMNIST_E100_DT_1_0 | Ep. 8/100 - Step 50/273 (8.22 it/s) |###                 | - loss_cc=4.752 - loss_ce=2.162 - loss_ne=0.017 - loss_div=0.0 - threshold=1.0 - loss=6.93
[2026-03-29 16:25:47](logger.py 179): id=CC_FMNIST_E100_DT_1_0 | Ep. 8/100 - Step 75/273 (8.24 it/s) |#####               | - loss_cc=4.754 - loss_ce=2.162 - loss_ne=0.018 - loss_div=0.0 - threshold=1.0 - loss=6.934
[2026-03-29 16:25:50](logger.py 179): id=CC_FMNIST_E100_DT_1_0 | Ep. 8/100 - Step 100/273 (8.23 it/s) |#######             | - loss_cc=4.752 - loss_ce=2.161 - loss_ne=0.0183 - loss_div=0.0 - threshold=1.0 - loss=6.932
[2026-03-29 16:25:53](logger.py 179): id=CC_FMNIST_E100_DT_1_0 | Ep. 8/100 - Step 125/273 (8.25 it/s) |#########           | - loss_cc=4.751 - loss_ce=2.16 - loss_ne=0.0181 - loss_div=0.0 - threshold=1.0 - loss=6.929
[2026-03-29 16:25:56](logger.py 179): id=CC_FMNIST_E100_DT_1_0 | Ep. 8/100 - Step 150/273 (8.25 it/s) |##########          | - loss_cc=4.75 - loss_ce=2.16 - loss_ne=0.0182 - loss_div=0.0 - threshold=1.0 - loss=6.928
[2026-03-29 16:25:59](logger.py 179): id=CC_FMNIST_E100_DT_1_0 | Ep. 8/100 - Step 175/273 (8.25 it/s) |############        | - loss_cc=4.749 - loss_ce=2.16 - loss_ne=0.0184 - loss_div=0.0 - threshold=1.0 - loss=6.927
[2026-03-29 16:26:02](logger.py 179): id=CC_FMNIST_E100_DT_1_0 | Ep. 8/100 - Step 200/273 (8.24 it/s) |##############      | - loss_cc=4.749 - loss_ce=2.16 - loss_ne=0.0189 - loss_div=0.0 - threshold=1.0 - loss=6.927
[2026-03-29 16:26:05](logger.py 179): id=CC_FMNIST_E100_DT_1_0 | Ep. 8/100 - Step 225/273 (8.25 it/s) |################    | - loss_cc=4.749 - loss_ce=2.16 - loss_ne=0.0189 - loss_div=0.0 - threshold=1.0 - loss=6.928
[2026-03-29 16:26:08](logger.py 179): id=CC_FMNIST_E100_DT_1_0 | Ep. 8/100 - Step 250/273 (8.25 it/s) |##################  | - loss_cc=4.749 - loss_ce=2.161 - loss_ne=0.019 - loss_div=0.0 - threshold=1.0 - loss=6.928
[2026-03-29 16:26:11](logger.py 179): Evaluating
[2026-03-29 16:26:11](logger.py 179): Eval. step 0 of 274
[2026-03-29 16:26:12](logger.py 179): Eval. step 25 of 274
[2026-03-29 16:26:12](logger.py 179): Eval. step 50 of 274
[2026-03-29 16:26:13](logger.py 179): Eval. step 75 of 274
[2026-03-29 16:26:14](logger.py 179): Eval. step 100 of 274
[2026-03-29 16:26:14](logger.py 179): Eval. step 125 of 274
[2026-03-29 16:26:15](logger.py 179): Eval. step 150 of 274
[2026-03-29 16:26:16](logger.py 179): Eval. step 175 of 274
[2026-03-29 16:26:16](logger.py 179): Eval. step 200 of 274
[2026-03-29 16:26:17](logger.py 179): Eval. step 225 of 274
[2026-03-29 16:26:18](logger.py 179): Eval. step 250 of 274
[2026-03-29 16:26:19](logger.py 179): id=CC_FMNIST_E100_DT_1_0 | Ep. 8/100 | Time: 00:00 | loss_cc=4.748 - loss_ce=2.16 - loss_ne=0.0192 - loss_div=0.0 - threshold=1.0 - loss=6.928 - eval_confidence=0.871 - cluster_acc_0_eval=65.19 - cluster_nmi_0_eval=0.617 - cluster_ari_0_eval=0.521 - cluster_acc_1_eval=65.14 - cluster_nmi_1_eval=0.617 - cluster_ari_1_eval=0.521 - cluster_acc_2_eval=65.18 - cluster_nmi_2_eval=0.617 - cluster_ari_2_eval=0.521 - cluster_acc_3_eval=65.13 - cluster_nmi_3_eval=0.617 - cluster_ari_3_eval=0.521 - cluster_acc_4_eval=65.34 - cluster_nmi_4_eval=0.619 - cluster_ari_4_eval=0.522 - max_cluster_acc_eval=65.34 - mean_cluster_acc_eval=65.2 - min_cluster_acc_eval=65.13 - max_cluster_nmi_eval=0.619 - mean_cluster_nmi_eval=0.617 - min_cluster_nmi_eval=0.617 - max_cluster_ari_eval=0.522 - mean_cluster_ari_eval=0.521 - min_cluster_ari_eval=0.521 - interclustering_nmi_eval=0.972
/scratch/e0538389/DivClust/engine/trainer.py:41: FutureWarning: `torch.cuda.amp.autocast(args...)` is deprecated. Please use `torch.amp.autocast('cuda', args...)` instead.
  with autocast(self.mixed_precision):
[2026-03-29 16:26:19](logger.py 179): id=CC_FMNIST_E100_DT_1_0 | Ep. 9/100 - Step 0/273 (0.0 it/s) |                    | - loss_cc=4.765 - loss_ce=2.159 - loss_ne=0.021 - loss_div=0.0 - threshold=1.0 - loss=6.944
[2026-03-29 16:26:22](logger.py 179): id=CC_FMNIST_E100_DT_1_0 | Ep. 9/100 - Step 25/273 (8.25 it/s) |#                   | - loss_cc=4.737 - loss_ce=2.157 - loss_ne=0.0166 - loss_div=0.0 - threshold=1.0 - loss=6.911
[2026-03-29 16:26:25](logger.py 179): id=CC_FMNIST_E100_DT_1_0 | Ep. 9/100 - Step 50/273 (8.21 it/s) |###                 | - loss_cc=4.734 - loss_ce=2.155 - loss_ne=0.0165 - loss_div=0.0 - threshold=1.0 - loss=6.905
[2026-03-29 16:26:28](logger.py 179): id=CC_FMNIST_E100_DT_1_0 | Ep. 9/100 - Step 75/273 (8.23 it/s) |#####               | - loss_cc=4.734 - loss_ce=2.155 - loss_ne=0.0178 - loss_div=0.0 - threshold=1.0 - loss=6.907
[2026-03-29 16:26:31](logger.py 179): id=CC_FMNIST_E100_DT_1_0 | Ep. 9/100 - Step 100/273 (8.25 it/s) |#######             | - loss_cc=4.736 - loss_ce=2.155 - loss_ne=0.0183 - loss_div=0.0 - threshold=1.0 - loss=6.909
[2026-03-29 16:26:34](logger.py 179): id=CC_FMNIST_E100_DT_1_0 | Ep. 9/100 - Step 125/273 (8.25 it/s) |#########           | - loss_cc=4.736 - loss_ce=2.155 - loss_ne=0.0187 - loss_div=0.0 - threshold=1.0 - loss=6.91
[2026-03-29 16:26:38](logger.py 179): id=CC_FMNIST_E100_DT_1_0 | Ep. 9/100 - Step 150/273 (8.25 it/s) |##########          | - loss_cc=4.736 - loss_ce=2.156 - loss_ne=0.019 - loss_div=0.0 - threshold=1.0 - loss=6.911
[2026-03-29 16:26:41](logger.py 179): id=CC_FMNIST_E100_DT_1_0 | Ep. 9/100 - Step 175/273 (8.25 it/s) |############        | - loss_cc=4.736 - loss_ce=2.155 - loss_ne=0.0193 - loss_div=0.0 - threshold=1.0 - loss=6.91
[2026-03-29 16:26:44](logger.py 179): id=CC_FMNIST_E100_DT_1_0 | Ep. 9/100 - Step 200/273 (8.25 it/s) |##############      | - loss_cc=4.736 - loss_ce=2.156 - loss_ne=0.0191 - loss_div=0.0 - threshold=1.0 - loss=6.91
[2026-03-29 16:26:47](logger.py 179): id=CC_FMNIST_E100_DT_1_0 | Ep. 9/100 - Step 225/273 (8.26 it/s) |################    | - loss_cc=4.736 - loss_ce=2.156 - loss_ne=0.0188 - loss_div=0.0 - threshold=1.0 - loss=6.91
[2026-03-29 16:26:50](logger.py 179): id=CC_FMNIST_E100_DT_1_0 | Ep. 9/100 - Step 250/273 (8.26 it/s) |##################  | - loss_cc=4.735 - loss_ce=2.156 - loss_ne=0.0191 - loss_div=0.0 - threshold=1.0 - loss=6.91
[2026-03-29 16:26:52](logger.py 179): Evaluating
[2026-03-29 16:26:52](logger.py 179): Eval. step 0 of 274
[2026-03-29 16:26:53](logger.py 179): Eval. step 25 of 274
[2026-03-29 16:26:54](logger.py 179): Eval. step 50 of 274
[2026-03-29 16:26:54](logger.py 179): Eval. step 75 of 274
[2026-03-29 16:26:55](logger.py 179): Eval. step 100 of 274
[2026-03-29 16:26:56](logger.py 179): Eval. step 125 of 274
[2026-03-29 16:26:56](logger.py 179): Eval. step 150 of 274
[2026-03-29 16:26:57](logger.py 179): Eval. step 175 of 274
[2026-03-29 16:26:58](logger.py 179): Eval. step 200 of 274
[2026-03-29 16:26:58](logger.py 179): Eval. step 225 of 274
[2026-03-29 16:26:59](logger.py 179): Eval. step 250 of 274
[2026-03-29 16:27:00](logger.py 179): id=CC_FMNIST_E100_DT_1_0 | Ep. 9/100 | Time: 00:00 | loss_cc=4.735 - loss_ce=2.155 - loss_ne=0.0188 - loss_div=0.0 - threshold=1.0 - loss=6.909 - eval_confidence=0.875 - cluster_acc_0_eval=64.84 - cluster_nmi_0_eval=0.624 - cluster_ari_0_eval=0.519 - cluster_acc_1_eval=64.93 - cluster_nmi_1_eval=0.624 - cluster_ari_1_eval=0.519 - cluster_acc_2_eval=64.93 - cluster_nmi_2_eval=0.624 - cluster_ari_2_eval=0.52 - cluster_acc_3_eval=64.85 - cluster_nmi_3_eval=0.624 - cluster_ari_3_eval=0.519 - cluster_acc_4_eval=64.99 - cluster_nmi_4_eval=0.625 - cluster_ari_4_eval=0.52 - max_cluster_acc_eval=64.99 - mean_cluster_acc_eval=64.91 - min_cluster_acc_eval=64.84 - max_cluster_nmi_eval=0.625 - mean_cluster_nmi_eval=0.624 - min_cluster_nmi_eval=0.624 - max_cluster_ari_eval=0.52 - mean_cluster_ari_eval=0.519 - min_cluster_ari_eval=0.519 - interclustering_nmi_eval=0.977
/scratch/e0538389/DivClust/engine/trainer.py:41: FutureWarning: `torch.cuda.amp.autocast(args...)` is deprecated. Please use `torch.amp.autocast('cuda', args...)` instead.
  with autocast(self.mixed_precision):
[2026-03-29 16:27:01](logger.py 179): id=CC_FMNIST_E100_DT_1_0 | Ep. 10/100 - Step 0/273 (0.0 it/s) |                    | - loss_cc=4.718 - loss_ce=2.169 - loss_ne=0.0134 - loss_div=0.0 - threshold=1.0 - loss=6.901
[2026-03-29 16:27:04](logger.py 179): id=CC_FMNIST_E100_DT_1_0 | Ep. 10/100 - Step 25/273 (8.22 it/s) |#                   | - loss_cc=4.726 - loss_ce=2.153 - loss_ne=0.0197 - loss_div=0.0 - threshold=1.0 - loss=6.898
[2026-03-29 16:27:07](logger.py 179): id=CC_FMNIST_E100_DT_1_0 | Ep. 10/100 - Step 50/273 (8.18 it/s) |###                 | - loss_cc=4.725 - loss_ce=2.152 - loss_ne=0.018 - loss_div=0.0 - threshold=1.0 - loss=6.895
[2026-03-29 16:27:10](logger.py 179): id=CC_FMNIST_E100_DT_1_0 | Ep. 10/100 - Step 75/273 (8.19 it/s) |#####               | - loss_cc=4.725 - loss_ce=2.152 - loss_ne=0.0183 - loss_div=0.0 - threshold=1.0 - loss=6.895
[2026-03-29 16:27:13](logger.py 179): id=CC_FMNIST_E100_DT_1_0 | Ep. 10/100 - Step 100/273 (8.2 it/s) |#######             | - loss_cc=4.727 - loss_ce=2.153 - loss_ne=0.0182 - loss_div=0.0 - threshold=1.0 - loss=6.899
[2026-03-29 16:27:16](logger.py 179): id=CC_FMNIST_E100_DT_1_0 | Ep. 10/100 - Step 125/273 (8.22 it/s) |#########           | - loss_cc=4.728 - loss_ce=2.154 - loss_ne=0.0185 - loss_div=0.0 - threshold=1.0 - loss=6.9
[2026-03-29 16:27:19](logger.py 179): id=CC_FMNIST_E100_DT_1_0 | Ep. 10/100 - Step 150/273 (8.21 it/s) |##########          | - loss_cc=4.729 - loss_ce=2.154 - loss_ne=0.0193 - loss_div=0.0 - threshold=1.0 - loss=6.902
[2026-03-29 16:27:22](logger.py 179): id=CC_FMNIST_E100_DT_1_0 | Ep. 10/100 - Step 175/273 (8.2 it/s) |############        | - loss_cc=4.728 - loss_ce=2.154 - loss_ne=0.0197 - loss_div=0.0 - threshold=1.0 - loss=6.901
[2026-03-29 16:27:25](logger.py 179): id=CC_FMNIST_E100_DT_1_0 | Ep. 10/100 - Step 200/273 (8.21 it/s) |##############      | - loss_cc=4.729 - loss_ce=2.154 - loss_ne=0.0196 - loss_div=0.0 - threshold=1.0 - loss=6.902
[2026-03-29 16:27:28](logger.py 179): id=CC_FMNIST_E100_DT_1_0 | Ep. 10/100 - Step 225/273 (8.22 it/s) |################    | - loss_cc=4.728 - loss_ce=2.154 - loss_ne=0.0194 - loss_div=0.0 - threshold=1.0 - loss=6.901
[2026-03-29 16:27:31](logger.py 179): id=CC_FMNIST_E100_DT_1_0 | Ep. 10/100 - Step 250/273 (8.23 it/s) |##################  | - loss_cc=4.727 - loss_ce=2.153 - loss_ne=0.0193 - loss_div=0.0 - threshold=1.0 - loss=6.899
[2026-03-29 16:27:34](logger.py 179): Evaluating
[2026-03-29 16:27:34](logger.py 179): Eval. step 0 of 274
[2026-03-29 16:27:34](logger.py 179): Eval. step 25 of 274
[2026-03-29 16:27:35](logger.py 179): Eval. step 50 of 274
[2026-03-29 16:27:36](logger.py 179): Eval. step 75 of 274
[2026-03-29 16:27:36](logger.py 179): Eval. step 100 of 274
[2026-03-29 16:27:37](logger.py 179): Eval. step 125 of 274
[2026-03-29 16:27:38](logger.py 179): Eval. step 150 of 274
[2026-03-29 16:27:38](logger.py 179): Eval. step 175 of 274
[2026-03-29 16:27:39](logger.py 179): Eval. step 200 of 274
[2026-03-29 16:27:40](logger.py 179): Eval. step 225 of 274
[2026-03-29 16:27:41](logger.py 179): Eval. step 250 of 274
[2026-03-29 16:27:41](logger.py 179): id=CC_FMNIST_E100_DT_1_0 | Ep. 10/100 | Time: 00:00 | loss_cc=4.727 - loss_ce=2.153 - loss_ne=0.0194 - loss_div=0.0 - threshold=1.0 - loss=6.899 - eval_confidence=0.881 - cluster_acc_0_eval=64.44 - cluster_nmi_0_eval=0.615 - cluster_ari_0_eval=0.507 - cluster_acc_1_eval=64.55 - cluster_nmi_1_eval=0.616 - cluster_ari_1_eval=0.508 - cluster_acc_2_eval=64.51 - cluster_nmi_2_eval=0.615 - cluster_ari_2_eval=0.507 - cluster_acc_3_eval=64.42 - cluster_nmi_3_eval=0.615 - cluster_ari_3_eval=0.507 - cluster_acc_4_eval=64.73 - cluster_nmi_4_eval=0.617 - cluster_ari_4_eval=0.509 - max_cluster_acc_eval=64.73 - mean_cluster_acc_eval=64.53 - min_cluster_acc_eval=64.42 - max_cluster_nmi_eval=0.617 - mean_cluster_nmi_eval=0.615 - min_cluster_nmi_eval=0.615 - max_cluster_ari_eval=0.509 - mean_cluster_ari_eval=0.508 - min_cluster_ari_eval=0.507 - interclustering_nmi_eval=0.977
/scratch/e0538389/DivClust/engine/trainer.py:41: FutureWarning: `torch.cuda.amp.autocast(args...)` is deprecated. Please use `torch.amp.autocast('cuda', args...)` instead.
  with autocast(self.mixed_precision):
[2026-03-29 16:27:42](logger.py 179): id=CC_FMNIST_E100_DT_1_0 | Ep. 11/100 - Step 0/273 (0.0 it/s) |                    | - loss_cc=4.719 - loss_ce=2.155 - loss_ne=0.0198 - loss_div=0.0 - threshold=1.0 - loss=6.894
[2026-03-29 16:27:45](logger.py 179): id=CC_FMNIST_E100_DT_1_0 | Ep. 11/100 - Step 25/273 (8.24 it/s) |#                   | - loss_cc=4.718 - loss_ce=2.146 - loss_ne=0.023 - loss_div=0.0 - threshold=1.0 - loss=6.887
[2026-03-29 16:27:48](logger.py 179): id=CC_FMNIST_E100_DT_1_0 | Ep. 11/100 - Step 50/273 (8.24 it/s) |###                 | - loss_cc=4.719 - loss_ce=2.149 - loss_ne=0.0203 - loss_div=0.0 - threshold=1.0 - loss=6.888
[2026-03-29 16:27:51](logger.py 179): id=CC_FMNIST_E100_DT_1_0 | Ep. 11/100 - Step 75/273 (8.24 it/s) |#####               | - loss_cc=4.719 - loss_ce=2.15 - loss_ne=0.0204 - loss_div=0.0 - threshold=1.0 - loss=6.889
[2026-03-29 16:27:54](logger.py 179): id=CC_FMNIST_E100_DT_1_0 | Ep. 11/100 - Step 100/273 (8.22 it/s) |#######             | - loss_cc=4.72 - loss_ce=2.15 - loss_ne=0.0203 - loss_div=0.0 - threshold=1.0 - loss=6.89
[2026-03-29 16:27:57](logger.py 179): id=CC_FMNIST_E100_DT_1_0 | Ep. 11/100 - Step 125/273 (8.21 it/s) |#########           | - loss_cc=4.719 - loss_ce=2.149 - loss_ne=0.02 - loss_div=0.0 - threshold=1.0 - loss=6.889
[2026-03-29 16:28:00](logger.py 179): id=CC_FMNIST_E100_DT_1_0 | Ep. 11/100 - Step 150/273 (8.22 it/s) |##########          | - loss_cc=4.719 - loss_ce=2.149 - loss_ne=0.02 - loss_div=0.0 - threshold=1.0 - loss=6.888
[2026-03-29 16:28:03](logger.py 179): id=CC_FMNIST_E100_DT_1_0 | Ep. 11/100 - Step 175/273 (8.22 it/s) |############        | - loss_cc=4.717 - loss_ce=2.149 - loss_ne=0.0199 - loss_div=0.0 - threshold=1.0 - loss=6.887
[2026-03-29 16:28:06](logger.py 179): id=CC_FMNIST_E100_DT_1_0 | Ep. 11/100 - Step 200/273 (8.23 it/s) |##############      | - loss_cc=4.717 - loss_ce=2.149 - loss_ne=0.0198 - loss_div=0.0 - threshold=1.0 - loss=6.886
[2026-03-29 16:28:09](logger.py 179): id=CC_FMNIST_E100_DT_1_0 | Ep. 11/100 - Step 225/273 (8.24 it/s) |################    | - loss_cc=4.717 - loss_ce=2.15 - loss_ne=0.0196 - loss_div=0.0 - threshold=1.0 - loss=6.887
[2026-03-29 16:28:12](logger.py 179): id=CC_FMNIST_E100_DT_1_0 | Ep. 11/100 - Step 250/273 (8.25 it/s) |##################  | - loss_cc=4.717 - loss_ce=2.149 - loss_ne=0.0193 - loss_div=0.0 - threshold=1.0 - loss=6.885
[2026-03-29 16:28:15](logger.py 179): Evaluating
[2026-03-29 16:28:15](logger.py 179): Eval. step 0 of 274
[2026-03-29 16:28:16](logger.py 179): Eval. step 25 of 274
[2026-03-29 16:28:16](logger.py 179): Eval. step 50 of 274
[2026-03-29 16:28:17](logger.py 179): Eval. step 75 of 274
[2026-03-29 16:28:18](logger.py 179): Eval. step 100 of 274
[2026-03-29 16:28:18](logger.py 179): Eval. step 125 of 274
[2026-03-29 16:28:19](logger.py 179): Eval. step 150 of 274
[2026-03-29 16:28:20](logger.py 179): Eval. step 175 of 274
[2026-03-29 16:28:20](logger.py 179): Eval. step 200 of 274
[2026-03-29 16:28:21](logger.py 179): Eval. step 225 of 274
[2026-03-29 16:28:22](logger.py 179): Eval. step 250 of 274
[2026-03-29 16:28:23](logger.py 179): id=CC_FMNIST_E100_DT_1_0 | Ep. 11/100 | Time: 00:00 | loss_cc=4.717 - loss_ce=2.149 - loss_ne=0.0193 - loss_div=0.0 - threshold=1.0 - loss=6.885 - eval_confidence=0.878 - cluster_acc_0_eval=64.57 - cluster_nmi_0_eval=0.618 - cluster_ari_0_eval=0.513 - cluster_acc_1_eval=64.64 - cluster_nmi_1_eval=0.619 - cluster_ari_1_eval=0.514 - cluster_acc_2_eval=64.55 - cluster_nmi_2_eval=0.618 - cluster_ari_2_eval=0.513 - cluster_acc_3_eval=64.67 - cluster_nmi_3_eval=0.619 - cluster_ari_3_eval=0.514 - cluster_acc_4_eval=64.83 - cluster_nmi_4_eval=0.62 - cluster_ari_4_eval=0.515 - max_cluster_acc_eval=64.83 - mean_cluster_acc_eval=64.65 - min_cluster_acc_eval=64.55 - max_cluster_nmi_eval=0.62 - mean_cluster_nmi_eval=0.619 - min_cluster_nmi_eval=0.618 - max_cluster_ari_eval=0.515 - mean_cluster_ari_eval=0.514 - min_cluster_ari_eval=0.513 - interclustering_nmi_eval=0.979
/scratch/e0538389/DivClust/engine/trainer.py:41: FutureWarning: `torch.cuda.amp.autocast(args...)` is deprecated. Please use `torch.amp.autocast('cuda', args...)` instead.
  with autocast(self.mixed_precision):
[2026-03-29 16:28:23](logger.py 179): id=CC_FMNIST_E100_DT_1_0 | Ep. 12/100 - Step 0/273 (0.0 it/s) |                    | - loss_cc=4.67 - loss_ce=2.122 - loss_ne=0.0192 - loss_div=0.0 - threshold=1.0 - loss=6.811
[2026-03-29 16:28:26](logger.py 179): id=CC_FMNIST_E100_DT_1_0 | Ep. 12/100 - Step 25/273 (8.25 it/s) |#                   | - loss_cc=4.713 - loss_ce=2.149 - loss_ne=0.0212 - loss_div=0.0 - threshold=1.0 - loss=6.883
[2026-03-29 16:28:29](logger.py 179): id=CC_FMNIST_E100_DT_1_0 | Ep. 12/100 - Step 50/273 (8.26 it/s) |###                 | - loss_cc=4.715 - loss_ce=2.149 - loss_ne=0.0195 - loss_div=0.0 - threshold=1.0 - loss=6.884
[2026-03-29 16:28:32](logger.py 179): id=CC_FMNIST_E100_DT_1_0 | Ep. 12/100 - Step 75/273 (8.29 it/s) |#####               | - loss_cc=4.713 - loss_ce=2.149 - loss_ne=0.0202 - loss_div=0.0 - threshold=1.0 - loss=6.882
[2026-03-29 16:28:35](logger.py 179): id=CC_FMNIST_E100_DT_1_0 | Ep. 12/100 - Step 100/273 (8.28 it/s) |#######             | - loss_cc=4.713 - loss_ce=2.149 - loss_ne=0.0196 - loss_div=0.0 - threshold=1.0 - loss=6.882
[2026-03-29 16:28:38](logger.py 179): id=CC_FMNIST_E100_DT_1_0 | Ep. 12/100 - Step 125/273 (8.26 it/s) |#########           | - loss_cc=4.712 - loss_ce=2.149 - loss_ne=0.019 - loss_div=0.0 - threshold=1.0 - loss=6.88
[2026-03-29 16:28:42](logger.py 179): id=CC_FMNIST_E100_DT_1_0 | Ep. 12/100 - Step 150/273 (8.24 it/s) |##########          | - loss_cc=4.712 - loss_ce=2.149 - loss_ne=0.0186 - loss_div=0.0 - threshold=1.0 - loss=6.879
[2026-03-29 16:28:45](logger.py 179): id=CC_FMNIST_E100_DT_1_0 | Ep. 12/100 - Step 175/273 (8.24 it/s) |############        | - loss_cc=4.712 - loss_ce=2.148 - loss_ne=0.0191 - loss_div=0.0 - threshold=1.0 - loss=6.879
[2026-03-29 16:28:48](logger.py 179): id=CC_FMNIST_E100_DT_1_0 | Ep. 12/100 - Step 200/273 (8.23 it/s) |##############      | - loss_cc=4.711 - loss_ce=2.148 - loss_ne=0.0191 - loss_div=0.0 - threshold=1.0 - loss=6.878
[2026-03-29 16:28:51](logger.py 179): id=CC_FMNIST_E100_DT_1_0 | Ep. 12/100 - Step 225/273 (8.23 it/s) |################    | - loss_cc=4.71 - loss_ce=2.148 - loss_ne=0.0189 - loss_div=0.0 - threshold=1.0 - loss=6.877
[2026-03-29 16:28:54](logger.py 179): id=CC_FMNIST_E100_DT_1_0 | Ep. 12/100 - Step 250/273 (8.24 it/s) |##################  | - loss_cc=4.709 - loss_ce=2.147 - loss_ne=0.019 - loss_div=0.0 - threshold=1.0 - loss=6.875
[2026-03-29 16:28:56](logger.py 179): Evaluating
[2026-03-29 16:28:56](logger.py 179): Eval. step 0 of 274
[2026-03-29 16:28:57](logger.py 179): Eval. step 25 of 274
[2026-03-29 16:28:58](logger.py 179): Eval. step 50 of 274
[2026-03-29 16:28:58](logger.py 179): Eval. step 75 of 274
[2026-03-29 16:28:59](logger.py 179): Eval. step 100 of 274
[2026-03-29 16:29:00](logger.py 179): Eval. step 125 of 274
[2026-03-29 16:29:00](logger.py 179): Eval. step 150 of 274
[2026-03-29 16:29:01](logger.py 179): Eval. step 175 of 274
[2026-03-29 16:29:02](logger.py 179): Eval. step 200 of 274
[2026-03-29 16:29:02](logger.py 179): Eval. step 225 of 274
[2026-03-29 16:29:03](logger.py 179): Eval. step 250 of 274
[2026-03-29 16:29:04](logger.py 179): id=CC_FMNIST_E100_DT_1_0 | Ep. 12/100 | Time: 00:00 | loss_cc=4.708 - loss_ce=2.147 - loss_ne=0.0189 - loss_div=0.0 - threshold=1.0 - loss=6.874 - eval_confidence=0.879 - cluster_acc_0_eval=63.42 - cluster_nmi_0_eval=0.605 - cluster_ari_0_eval=0.494 - cluster_acc_1_eval=63.5 - cluster_nmi_1_eval=0.605 - cluster_ari_1_eval=0.494 - cluster_acc_2_eval=63.54 - cluster_nmi_2_eval=0.606 - cluster_ari_2_eval=0.495 - cluster_acc_3_eval=63.4 - cluster_nmi_3_eval=0.604 - cluster_ari_3_eval=0.493 - cluster_acc_4_eval=63.63 - cluster_nmi_4_eval=0.606 - cluster_ari_4_eval=0.495 - max_cluster_acc_eval=63.63 - mean_cluster_acc_eval=63.5 - min_cluster_acc_eval=63.4 - max_cluster_nmi_eval=0.606 - mean_cluster_nmi_eval=0.605 - min_cluster_nmi_eval=0.604 - max_cluster_ari_eval=0.495 - mean_cluster_ari_eval=0.494 - min_cluster_ari_eval=0.493 - interclustering_nmi_eval=0.98
/scratch/e0538389/DivClust/engine/trainer.py:41: FutureWarning: `torch.cuda.amp.autocast(args...)` is deprecated. Please use `torch.amp.autocast('cuda', args...)` instead.
  with autocast(self.mixed_precision):
[2026-03-29 16:29:05](logger.py 179): id=CC_FMNIST_E100_DT_1_0 | Ep. 13/100 - Step 0/273 (0.0 it/s) |                    | - loss_cc=4.687 - loss_ce=2.157 - loss_ne=0.0149 - loss_div=0.0 - threshold=1.0 - loss=6.859
[2026-03-29 16:29:08](logger.py 179): id=CC_FMNIST_E100_DT_1_0 | Ep. 13/100 - Step 25/273 (8.17 it/s) |#                   | - loss_cc=4.708 - loss_ce=2.148 - loss_ne=0.018 - loss_div=0.0 - threshold=1.0 - loss=6.874
[2026-03-29 16:29:11](logger.py 179): id=CC_FMNIST_E100_DT_1_0 | Ep. 13/100 - Step 50/273 (8.19 it/s) |###                 | - loss_cc=4.707 - loss_ce=2.148 - loss_ne=0.0176 - loss_div=0.0 - threshold=1.0 - loss=6.872
[2026-03-29 16:29:14](logger.py 179): id=CC_FMNIST_E100_DT_1_0 | Ep. 13/100 - Step 75/273 (8.25 it/s) |#####               | - loss_cc=4.708 - loss_ce=2.148 - loss_ne=0.018 - loss_div=0.0 - threshold=1.0 - loss=6.874
[2026-03-29 16:29:17](logger.py 179): id=CC_FMNIST_E100_DT_1_0 | Ep. 13/100 - Step 100/273 (8.26 it/s) |#######             | - loss_cc=4.707 - loss_ce=2.147 - loss_ne=0.0181 - loss_div=0.0 - threshold=1.0 - loss=6.873
[2026-03-29 16:29:20](logger.py 179): id=CC_FMNIST_E100_DT_1_0 | Ep. 13/100 - Step 125/273 (8.29 it/s) |#########           | - loss_cc=4.706 - loss_ce=2.147 - loss_ne=0.0189 - loss_div=0.0 - threshold=1.0 - loss=6.872
[2026-03-29 16:29:23](logger.py 179): id=CC_FMNIST_E100_DT_1_0 | Ep. 13/100 - Step 150/273 (8.28 it/s) |##########          | - loss_cc=4.706 - loss_ce=2.146 - loss_ne=0.0188 - loss_div=0.0 - threshold=1.0 - loss=6.871
[2026-03-29 16:29:26](logger.py 179): id=CC_FMNIST_E100_DT_1_0 | Ep. 13/100 - Step 175/273 (8.28 it/s) |############        | - loss_cc=4.705 - loss_ce=2.146 - loss_ne=0.0189 - loss_div=0.0 - threshold=1.0 - loss=6.87
[2026-03-29 16:29:29](logger.py 179): id=CC_FMNIST_E100_DT_1_0 | Ep. 13/100 - Step 200/273 (8.28 it/s) |##############      | - loss_cc=4.705 - loss_ce=2.146 - loss_ne=0.019 - loss_div=0.0 - threshold=1.0 - loss=6.87
[2026-03-29 16:29:32](logger.py 179): id=CC_FMNIST_E100_DT_1_0 | Ep. 13/100 - Step 225/273 (8.28 it/s) |################    | - loss_cc=4.705 - loss_ce=2.146 - loss_ne=0.0193 - loss_div=0.0 - threshold=1.0 - loss=6.87
[2026-03-29 16:29:35](logger.py 179): id=CC_FMNIST_E100_DT_1_0 | Ep. 13/100 - Step 250/273 (8.27 it/s) |##################  | - loss_cc=4.704 - loss_ce=2.146 - loss_ne=0.0193 - loss_div=0.0 - threshold=1.0 - loss=6.869
[2026-03-29 16:29:37](logger.py 179): Evaluating
[2026-03-29 16:29:38](logger.py 179): Eval. step 0 of 274
[2026-03-29 16:29:38](logger.py 179): Eval. step 25 of 274
[2026-03-29 16:29:39](logger.py 179): Eval. step 50 of 274
[2026-03-29 16:29:40](logger.py 179): Eval. step 75 of 274
[2026-03-29 16:29:40](logger.py 179): Eval. step 100 of 274
[2026-03-29 16:29:41](logger.py 179): Eval. step 125 of 274
[2026-03-29 16:29:42](logger.py 179): Eval. step 150 of 274
[2026-03-29 16:29:42](logger.py 179): Eval. step 175 of 274
[2026-03-29 16:29:43](logger.py 179): Eval. step 200 of 274
[2026-03-29 16:29:44](logger.py 179): Eval. step 225 of 274
[2026-03-29 16:29:44](logger.py 179): Eval. step 250 of 274
[2026-03-29 16:29:45](logger.py 179): id=CC_FMNIST_E100_DT_1_0 | Ep. 13/100 | Time: 00:00 | loss_cc=4.704 - loss_ce=2.145 - loss_ne=0.0197 - loss_div=0.0 - threshold=1.0 - loss=6.869 - eval_confidence=0.884 - cluster_acc_0_eval=65.04 - cluster_nmi_0_eval=0.622 - cluster_ari_0_eval=0.518 - cluster_acc_1_eval=65.04 - cluster_nmi_1_eval=0.622 - cluster_ari_1_eval=0.517 - cluster_acc_2_eval=65.05 - cluster_nmi_2_eval=0.622 - cluster_ari_2_eval=0.518 - cluster_acc_3_eval=65.1 - cluster_nmi_3_eval=0.623 - cluster_ari_3_eval=0.518 - cluster_acc_4_eval=65.33 - cluster_nmi_4_eval=0.624 - cluster_ari_4_eval=0.52 - max_cluster_acc_eval=65.33 - mean_cluster_acc_eval=65.11 - min_cluster_acc_eval=65.04 - max_cluster_nmi_eval=0.624 - mean_cluster_nmi_eval=0.623 - min_cluster_nmi_eval=0.622 - max_cluster_ari_eval=0.52 - mean_cluster_ari_eval=0.518 - min_cluster_ari_eval=0.517 - interclustering_nmi_eval=0.979
/scratch/e0538389/DivClust/engine/trainer.py:41: FutureWarning: `torch.cuda.amp.autocast(args...)` is deprecated. Please use `torch.amp.autocast('cuda', args...)` instead.
  with autocast(self.mixed_precision):
[2026-03-29 16:29:46](logger.py 179): id=CC_FMNIST_E100_DT_1_0 | Ep. 14/100 - Step 0/273 (0.0 it/s) |                    | - loss_cc=4.69 - loss_ce=2.142 - loss_ne=0.0133 - loss_div=0.0 - threshold=1.0 - loss=6.845
[2026-03-29 16:29:49](logger.py 179): id=CC_FMNIST_E100_DT_1_0 | Ep. 14/100 - Step 25/273 (8.21 it/s) |#                   | - loss_cc=4.691 - loss_ce=2.141 - loss_ne=0.0177 - loss_div=0.0 - threshold=1.0 - loss=6.85
[2026-03-29 16:29:52](logger.py 179): id=CC_FMNIST_E100_DT_1_0 | Ep. 14/100 - Step 50/273 (8.23 it/s) |###                 | - loss_cc=4.694 - loss_ce=2.141 - loss_ne=0.0177 - loss_div=0.0 - threshold=1.0 - loss=6.853
[2026-03-29 16:29:55](logger.py 179): id=CC_FMNIST_E100_DT_1_0 | Ep. 14/100 - Step 75/273 (8.25 it/s) |#####               | - loss_cc=4.695 - loss_ce=2.142 - loss_ne=0.0181 - loss_div=0.0 - threshold=1.0 - loss=6.855
[2026-03-29 16:29:58](logger.py 179): id=CC_FMNIST_E100_DT_1_0 | Ep. 14/100 - Step 100/273 (8.26 it/s) |#######             | - loss_cc=4.696 - loss_ce=2.143 - loss_ne=0.0171 - loss_div=0.0 - threshold=1.0 - loss=6.856
[2026-03-29 16:30:01](logger.py 179): id=CC_FMNIST_E100_DT_1_0 | Ep. 14/100 - Step 125/273 (8.26 it/s) |#########           | - loss_cc=4.695 - loss_ce=2.142 - loss_ne=0.0172 - loss_div=0.0 - threshold=1.0 - loss=6.854
[2026-03-29 16:30:04](logger.py 179): id=CC_FMNIST_E100_DT_1_0 | Ep. 14/100 - Step 150/273 (8.26 it/s) |##########          | - loss_cc=4.695 - loss_ce=2.142 - loss_ne=0.0178 - loss_div=0.0 - threshold=1.0 - loss=6.855
[2026-03-29 16:30:07](logger.py 179): id=CC_FMNIST_E100_DT_1_0 | Ep. 14/100 - Step 175/273 (8.26 it/s) |############        | - loss_cc=4.695 - loss_ce=2.142 - loss_ne=0.0178 - loss_div=0.0 - threshold=1.0 - loss=6.855
[2026-03-29 16:30:10](logger.py 179): id=CC_FMNIST_E100_DT_1_0 | Ep. 14/100 - Step 200/273 (8.27 it/s) |##############      | - loss_cc=4.695 - loss_ce=2.142 - loss_ne=0.0184 - loss_div=0.0 - threshold=1.0 - loss=6.856
[2026-03-29 16:30:13](logger.py 179): id=CC_FMNIST_E100_DT_1_0 | Ep. 14/100 - Step 225/273 (8.27 it/s) |################    | - loss_cc=4.696 - loss_ce=2.142 - loss_ne=0.0185 - loss_div=0.0 - threshold=1.0 - loss=6.857
[2026-03-29 16:30:16](logger.py 179): id=CC_FMNIST_E100_DT_1_0 | Ep. 14/100 - Step 250/273 (8.28 it/s) |##################  | - loss_cc=4.696 - loss_ce=2.143 - loss_ne=0.0181 - loss_div=0.0 - threshold=1.0 - loss=6.857
[2026-03-29 16:30:19](logger.py 179): Evaluating
[2026-03-29 16:30:19](logger.py 179): Eval. step 0 of 274
[2026-03-29 16:30:19](logger.py 179): Eval. step 25 of 274
[2026-03-29 16:30:20](logger.py 179): Eval. step 50 of 274
[2026-03-29 16:30:21](logger.py 179): Eval. step 75 of 274
[2026-03-29 16:30:21](logger.py 179): Eval. step 100 of 274
[2026-03-29 16:30:22](logger.py 179): Eval. step 125 of 274
[2026-03-29 16:30:23](logger.py 179): Eval. step 150 of 274
[2026-03-29 16:30:24](logger.py 179): Eval. step 175 of 274
[2026-03-29 16:30:24](logger.py 179): Eval. step 200 of 274
[2026-03-29 16:30:25](logger.py 179): Eval. step 225 of 274
[2026-03-29 16:30:26](logger.py 179): Eval. step 250 of 274
[2026-03-29 16:30:27](logger.py 179): id=CC_FMNIST_E100_DT_1_0 | Ep. 14/100 | Time: 00:00 | loss_cc=4.696 - loss_ce=2.143 - loss_ne=0.0181 - loss_div=0.0 - threshold=1.0 - loss=6.856 - eval_confidence=0.89 - cluster_acc_0_eval=65.5 - cluster_nmi_0_eval=0.629 - cluster_ari_0_eval=0.528 - cluster_acc_1_eval=65.5 - cluster_nmi_1_eval=0.629 - cluster_ari_1_eval=0.527 - cluster_acc_2_eval=65.5 - cluster_nmi_2_eval=0.629 - cluster_ari_2_eval=0.528 - cluster_acc_3_eval=65.58 - cluster_nmi_3_eval=0.629 - cluster_ari_3_eval=0.528 - cluster_acc_4_eval=65.72 - cluster_nmi_4_eval=0.63 - cluster_ari_4_eval=0.529 - max_cluster_acc_eval=65.72 - mean_cluster_acc_eval=65.56 - min_cluster_acc_eval=65.5 - max_cluster_nmi_eval=0.63 - mean_cluster_nmi_eval=0.629 - min_cluster_nmi_eval=0.629 - max_cluster_ari_eval=0.529 - mean_cluster_ari_eval=0.528 - min_cluster_ari_eval=0.527 - interclustering_nmi_eval=0.982
/scratch/e0538389/DivClust/engine/trainer.py:41: FutureWarning: `torch.cuda.amp.autocast(args...)` is deprecated. Please use `torch.amp.autocast('cuda', args...)` instead.
  with autocast(self.mixed_precision):
[2026-03-29 16:30:27](logger.py 179): id=CC_FMNIST_E100_DT_1_0 | Ep. 15/100 - Step 0/273 (0.0 it/s) |                    | - loss_cc=4.678 - loss_ce=2.141 - loss_ne=0.00961 - loss_div=0.0 - threshold=1.0 - loss=6.828
[2026-03-29 16:30:30](logger.py 179): id=CC_FMNIST_E100_DT_1_0 | Ep. 15/100 - Step 25/273 (8.23 it/s) |#                   | - loss_cc=4.705 - loss_ce=2.148 - loss_ne=0.0158 - loss_div=0.0 - threshold=1.0 - loss=6.869
[2026-03-29 16:30:33](logger.py 179): id=CC_FMNIST_E100_DT_1_0 | Ep. 15/100 - Step 50/273 (8.25 it/s) |###                 | - loss_cc=4.696 - loss_ce=2.143 - loss_ne=0.0171 - loss_div=0.0 - threshold=1.0 - loss=6.856
[2026-03-29 16:30:36](logger.py 179): id=CC_FMNIST_E100_DT_1_0 | Ep. 15/100 - Step 75/273 (8.23 it/s) |#####               | - loss_cc=4.698 - loss_ce=2.144 - loss_ne=0.018 - loss_div=0.0 - threshold=1.0 - loss=6.861
[2026-03-29 16:30:39](logger.py 179): id=CC_FMNIST_E100_DT_1_0 | Ep. 15/100 - Step 100/273 (8.25 it/s) |#######             | - loss_cc=4.697 - loss_ce=2.143 - loss_ne=0.0179 - loss_div=0.0 - threshold=1.0 - loss=6.858
[2026-03-29 16:30:42](logger.py 179): id=CC_FMNIST_E100_DT_1_0 | Ep. 15/100 - Step 125/273 (8.25 it/s) |#########           | - loss_cc=4.695 - loss_ce=2.143 - loss_ne=0.0176 - loss_div=0.0 - threshold=1.0 - loss=6.855
[2026-03-29 16:30:45](logger.py 179): id=CC_FMNIST_E100_DT_1_0 | Ep. 15/100 - Step 150/273 (8.26 it/s) |##########          | - loss_cc=4.695 - loss_ce=2.143 - loss_ne=0.0177 - loss_div=0.0 - threshold=1.0 - loss=6.856
[2026-03-29 16:30:48](logger.py 179): id=CC_FMNIST_E100_DT_1_0 | Ep. 15/100 - Step 175/273 (8.26 it/s) |############        | - loss_cc=4.695 - loss_ce=2.143 - loss_ne=0.0176 - loss_div=0.0 - threshold=1.0 - loss=6.855
[2026-03-29 16:30:51](logger.py 179): id=CC_FMNIST_E100_DT_1_0 | Ep. 15/100 - Step 200/273 (8.25 it/s) |##############      | - loss_cc=4.694 - loss_ce=2.143 - loss_ne=0.0179 - loss_div=0.0 - threshold=1.0 - loss=6.854
[2026-03-29 16:30:54](logger.py 179): id=CC_FMNIST_E100_DT_1_0 | Ep. 15/100 - Step 225/273 (8.26 it/s) |################    | - loss_cc=4.694 - loss_ce=2.143 - loss_ne=0.0177 - loss_div=0.0 - threshold=1.0 - loss=6.854
[2026-03-29 16:30:57](logger.py 179): id=CC_FMNIST_E100_DT_1_0 | Ep. 15/100 - Step 250/273 (8.26 it/s) |##################  | - loss_cc=4.694 - loss_ce=2.142 - loss_ne=0.0177 - loss_div=0.0 - threshold=1.0 - loss=6.854
[2026-03-29 16:31:00](logger.py 179): Evaluating
[2026-03-29 16:31:00](logger.py 179): Eval. step 0 of 274
[2026-03-29 16:31:01](logger.py 179): Eval. step 25 of 274
[2026-03-29 16:31:01](logger.py 179): Eval. step 50 of 274
[2026-03-29 16:31:02](logger.py 179): Eval. step 75 of 274
[2026-03-29 16:31:03](logger.py 179): Eval. step 100 of 274
[2026-03-29 16:31:03](logger.py 179): Eval. step 125 of 274
[2026-03-29 16:31:04](logger.py 179): Eval. step 150 of 274
[2026-03-29 16:31:05](logger.py 179): Eval. step 175 of 274
[2026-03-29 16:31:06](logger.py 179): Eval. step 200 of 274
[2026-03-29 16:31:06](logger.py 179): Eval. step 225 of 274
[2026-03-29 16:31:07](logger.py 179): Eval. step 250 of 274
[2026-03-29 16:31:08](logger.py 179): id=CC_FMNIST_E100_DT_1_0 | Ep. 15/100 | Time: 00:00 | loss_cc=4.693 - loss_ce=2.142 - loss_ne=0.0177 - loss_div=0.0 - threshold=1.0 - loss=6.853 - eval_confidence=0.886 - cluster_acc_0_eval=65.92 - cluster_nmi_0_eval=0.62 - cluster_ari_0_eval=0.517 - cluster_acc_1_eval=66.0 - cluster_nmi_1_eval=0.621 - cluster_ari_1_eval=0.518 - cluster_acc_2_eval=65.94 - cluster_nmi_2_eval=0.62 - cluster_ari_2_eval=0.517 - cluster_acc_3_eval=65.96 - cluster_nmi_3_eval=0.621 - cluster_ari_3_eval=0.517 - cluster_acc_4_eval=66.09 - cluster_nmi_4_eval=0.622 - cluster_ari_4_eval=0.519 - max_cluster_acc_eval=66.09 - mean_cluster_acc_eval=65.98 - min_cluster_acc_eval=65.92 - max_cluster_nmi_eval=0.622 - mean_cluster_nmi_eval=0.621 - min_cluster_nmi_eval=0.62 - max_cluster_ari_eval=0.519 - mean_cluster_ari_eval=0.518 - min_cluster_ari_eval=0.517 - interclustering_nmi_eval=0.983
/scratch/e0538389/DivClust/engine/trainer.py:41: FutureWarning: `torch.cuda.amp.autocast(args...)` is deprecated. Please use `torch.amp.autocast('cuda', args...)` instead.
  with autocast(self.mixed_precision):
[2026-03-29 16:31:08](logger.py 179): id=CC_FMNIST_E100_DT_1_0 | Ep. 16/100 - Step 0/273 (0.0 it/s) |                    | - loss_cc=4.705 - loss_ce=2.151 - loss_ne=0.0288 - loss_div=0.0 - threshold=1.0 - loss=6.885
[2026-03-29 16:31:11](logger.py 179): id=CC_FMNIST_E100_DT_1_0 | Ep. 16/100 - Step 25/273 (8.2 it/s) |#                   | - loss_cc=4.685 - loss_ce=2.142 - loss_ne=0.02 - loss_div=0.0 - threshold=1.0 - loss=6.847
[2026-03-29 16:31:14](logger.py 179): id=CC_FMNIST_E100_DT_1_0 | Ep. 16/100 - Step 50/273 (8.21 it/s) |###                 | - loss_cc=4.686 - loss_ce=2.141 - loss_ne=0.0183 - loss_div=0.0 - threshold=1.0 - loss=6.845
[2026-03-29 16:31:17](logger.py 179): id=CC_FMNIST_E100_DT_1_0 | Ep. 16/100 - Step 75/273 (8.22 it/s) |#####               | - loss_cc=4.687 - loss_ce=2.139 - loss_ne=0.0186 - loss_div=0.0 - threshold=1.0 - loss=6.845
[2026-03-29 16:31:21](logger.py 179): id=CC_FMNIST_E100_DT_1_0 | Ep. 16/100 - Step 100/273 (8.23 it/s) |#######             | - loss_cc=4.687 - loss_ce=2.139 - loss_ne=0.0182 - loss_div=0.0 - threshold=1.0 - loss=6.845
[2026-03-29 16:31:24](logger.py 179): id=CC_FMNIST_E100_DT_1_0 | Ep. 16/100 - Step 125/273 (8.22 it/s) |#########           | - loss_cc=4.687 - loss_ce=2.139 - loss_ne=0.0189 - loss_div=0.0 - threshold=1.0 - loss=6.845
[2026-03-29 16:31:27](logger.py 179): id=CC_FMNIST_E100_DT_1_0 | Ep. 16/100 - Step 150/273 (8.22 it/s) |##########          | - loss_cc=4.687 - loss_ce=2.139 - loss_ne=0.019 - loss_div=0.0 - threshold=1.0 - loss=6.845
[2026-03-29 16:31:30](logger.py 179): id=CC_FMNIST_E100_DT_1_0 | Ep. 16/100 - Step 175/273 (8.23 it/s) |############        | - loss_cc=4.686 - loss_ce=2.139 - loss_ne=0.0188 - loss_div=0.0 - threshold=1.0 - loss=6.843
[2026-03-29 16:31:33](logger.py 179): id=CC_FMNIST_E100_DT_1_0 | Ep. 16/100 - Step 200/273 (8.23 it/s) |##############      | - loss_cc=4.686 - loss_ce=2.139 - loss_ne=0.0193 - loss_div=0.0 - threshold=1.0 - loss=6.844
[2026-03-29 16:31:36](logger.py 179): id=CC_FMNIST_E100_DT_1_0 | Ep. 16/100 - Step 225/273 (8.25 it/s) |################    | - loss_cc=4.685 - loss_ce=2.139 - loss_ne=0.0188 - loss_div=0.0 - threshold=1.0 - loss=6.843
[2026-03-29 16:31:39](logger.py 179): id=CC_FMNIST_E100_DT_1_0 | Ep. 16/100 - Step 250/273 (8.24 it/s) |##################  | - loss_cc=4.684 - loss_ce=2.138 - loss_ne=0.0184 - loss_div=0.0 - threshold=1.0 - loss=6.841
[2026-03-29 16:31:41](logger.py 179): Evaluating
[2026-03-29 16:31:41](logger.py 179): Eval. step 0 of 274
[2026-03-29 16:31:42](logger.py 179): Eval. step 25 of 274
[2026-03-29 16:31:43](logger.py 179): Eval. step 50 of 274
[2026-03-29 16:31:43](logger.py 179): Eval. step 75 of 274
[2026-03-29 16:31:44](logger.py 179): Eval. step 100 of 274
[2026-03-29 16:31:45](logger.py 179): Eval. step 125 of 274
[2026-03-29 16:31:45](logger.py 179): Eval. step 150 of 274
[2026-03-29 16:31:46](logger.py 179): Eval. step 175 of 274
[2026-03-29 16:31:47](logger.py 179): Eval. step 200 of 274
[2026-03-29 16:31:48](logger.py 179): Eval. step 225 of 274
[2026-03-29 16:31:48](logger.py 179): Eval. step 250 of 274
[2026-03-29 16:31:49](logger.py 179): id=CC_FMNIST_E100_DT_1_0 | Ep. 16/100 | Time: 00:00 | loss_cc=4.684 - loss_ce=2.139 - loss_ne=0.0186 - loss_div=0.0 - threshold=1.0 - loss=6.841 - eval_confidence=0.888 - cluster_acc_0_eval=65.33 - cluster_nmi_0_eval=0.628 - cluster_ari_0_eval=0.529 - cluster_acc_1_eval=65.35 - cluster_nmi_1_eval=0.628 - cluster_ari_1_eval=0.53 - cluster_acc_2_eval=65.34 - cluster_nmi_2_eval=0.628 - cluster_ari_2_eval=0.529 - cluster_acc_3_eval=65.3 - cluster_nmi_3_eval=0.627 - cluster_ari_3_eval=0.528 - cluster_acc_4_eval=65.5 - cluster_nmi_4_eval=0.629 - cluster_ari_4_eval=0.53 - max_cluster_acc_eval=65.5 - mean_cluster_acc_eval=65.36 - min_cluster_acc_eval=65.3 - max_cluster_nmi_eval=0.629 - mean_cluster_nmi_eval=0.628 - min_cluster_nmi_eval=0.627 - max_cluster_ari_eval=0.53 - mean_cluster_ari_eval=0.529 - min_cluster_ari_eval=0.528 - interclustering_nmi_eval=0.982
/scratch/e0538389/DivClust/engine/trainer.py:41: FutureWarning: `torch.cuda.amp.autocast(args...)` is deprecated. Please use `torch.amp.autocast('cuda', args...)` instead.
  with autocast(self.mixed_precision):
[2026-03-29 16:31:50](logger.py 179): id=CC_FMNIST_E100_DT_1_0 | Ep. 17/100 - Step 0/273 (0.0 it/s) |                    | - loss_cc=4.693 - loss_ce=2.139 - loss_ne=0.0113 - loss_div=0.0 - threshold=1.0 - loss=6.843
[2026-03-29 16:31:53](logger.py 179): id=CC_FMNIST_E100_DT_1_0 | Ep. 17/100 - Step 25/273 (8.18 it/s) |#                   | - loss_cc=4.68 - loss_ce=2.136 - loss_ne=0.0192 - loss_div=0.0 - threshold=1.0 - loss=6.836
[2026-03-29 16:31:56](logger.py 179): id=CC_FMNIST_E100_DT_1_0 | Ep. 17/100 - Step 50/273 (8.24 it/s) |###                 | - loss_cc=4.677 - loss_ce=2.135 - loss_ne=0.019 - loss_div=0.0 - threshold=1.0 - loss=6.831
[2026-03-29 16:31:59](logger.py 179): id=CC_FMNIST_E100_DT_1_0 | Ep. 17/100 - Step 75/273 (8.24 it/s) |#####               | - loss_cc=4.677 - loss_ce=2.135 - loss_ne=0.0179 - loss_div=0.0 - threshold=1.0 - loss=6.83
[2026-03-29 16:32:02](logger.py 179): id=CC_FMNIST_E100_DT_1_0 | Ep. 17/100 - Step 100/273 (8.26 it/s) |#######             | - loss_cc=4.677 - loss_ce=2.136 - loss_ne=0.0173 - loss_div=0.0 - threshold=1.0 - loss=6.83
[2026-03-29 16:32:05](logger.py 179): id=CC_FMNIST_E100_DT_1_0 | Ep. 17/100 - Step 125/273 (8.27 it/s) |#########           | - loss_cc=4.677 - loss_ce=2.136 - loss_ne=0.0175 - loss_div=0.0 - threshold=1.0 - loss=6.831
[2026-03-29 16:32:08](logger.py 179): id=CC_FMNIST_E100_DT_1_0 | Ep. 17/100 - Step 150/273 (8.28 it/s) |##########          | - loss_cc=4.679 - loss_ce=2.136 - loss_ne=0.0178 - loss_div=0.0 - threshold=1.0 - loss=6.833
[2026-03-29 16:32:11](logger.py 179): id=CC_FMNIST_E100_DT_1_0 | Ep. 17/100 - Step 175/273 (8.28 it/s) |############        | - loss_cc=4.68 - loss_ce=2.136 - loss_ne=0.018 - loss_div=0.0 - threshold=1.0 - loss=6.834
[2026-03-29 16:32:14](logger.py 179): id=CC_FMNIST_E100_DT_1_0 | Ep. 17/100 - Step 200/273 (8.27 it/s) |##############      | - loss_cc=4.679 - loss_ce=2.136 - loss_ne=0.0185 - loss_div=0.0 - threshold=1.0 - loss=6.834
[2026-03-29 16:32:17](logger.py 179): id=CC_FMNIST_E100_DT_1_0 | Ep. 17/100 - Step 225/273 (8.27 it/s) |################    | - loss_cc=4.68 - loss_ce=2.137 - loss_ne=0.0183 - loss_div=0.0 - threshold=1.0 - loss=6.835
[2026-03-29 16:32:20](logger.py 179): id=CC_FMNIST_E100_DT_1_0 | Ep. 17/100 - Step 250/273 (8.28 it/s) |##################  | - loss_cc=4.68 - loss_ce=2.137 - loss_ne=0.018 - loss_div=0.0 - threshold=1.0 - loss=6.835
[2026-03-29 16:32:23](logger.py 179): Evaluating
[2026-03-29 16:32:23](logger.py 179): Eval. step 0 of 274
[2026-03-29 16:32:23](logger.py 179): Eval. step 25 of 274
[2026-03-29 16:32:24](logger.py 179): Eval. step 50 of 274
[2026-03-29 16:32:25](logger.py 179): Eval. step 75 of 274
[2026-03-29 16:32:25](logger.py 179): Eval. step 100 of 274
[2026-03-29 16:32:26](logger.py 179): Eval. step 125 of 274
[2026-03-29 16:32:27](logger.py 179): Eval. step 150 of 274
[2026-03-29 16:32:27](logger.py 179): Eval. step 175 of 274
[2026-03-29 16:32:28](logger.py 179): Eval. step 200 of 274
[2026-03-29 16:32:29](logger.py 179): Eval. step 225 of 274
[2026-03-29 16:32:29](logger.py 179): Eval. step 250 of 274
[2026-03-29 16:32:30](logger.py 179): id=CC_FMNIST_E100_DT_1_0 | Ep. 17/100 | Time: 00:00 | loss_cc=4.68 - loss_ce=2.137 - loss_ne=0.0179 - loss_div=0.0 - threshold=1.0 - loss=6.835 - eval_confidence=0.881 - cluster_acc_0_eval=65.74 - cluster_nmi_0_eval=0.622 - cluster_ari_0_eval=0.522 - cluster_acc_1_eval=65.79 - cluster_nmi_1_eval=0.622 - cluster_ari_1_eval=0.522 - cluster_acc_2_eval=65.71 - cluster_nmi_2_eval=0.622 - cluster_ari_2_eval=0.522 - cluster_acc_3_eval=65.7 - cluster_nmi_3_eval=0.621 - cluster_ari_3_eval=0.521 - cluster_acc_4_eval=65.79 - cluster_nmi_4_eval=0.622 - cluster_ari_4_eval=0.522 - max_cluster_acc_eval=65.79 - mean_cluster_acc_eval=65.74 - min_cluster_acc_eval=65.7 - max_cluster_nmi_eval=0.622 - mean_cluster_nmi_eval=0.622 - min_cluster_nmi_eval=0.621 - max_cluster_ari_eval=0.522 - mean_cluster_ari_eval=0.522 - min_cluster_ari_eval=0.521 - interclustering_nmi_eval=0.981
/scratch/e0538389/DivClust/engine/trainer.py:41: FutureWarning: `torch.cuda.amp.autocast(args...)` is deprecated. Please use `torch.amp.autocast('cuda', args...)` instead.
  with autocast(self.mixed_precision):
[2026-03-29 16:32:31](logger.py 179): id=CC_FMNIST_E100_DT_1_0 | Ep. 18/100 - Step 0/273 (0.0 it/s) |                    | - loss_cc=4.699 - loss_ce=2.147 - loss_ne=0.0164 - loss_div=0.0 - threshold=1.0 - loss=6.862
[2026-03-29 16:32:34](logger.py 179): id=CC_FMNIST_E100_DT_1_0 | Ep. 18/100 - Step 25/273 (8.26 it/s) |#                   | - loss_cc=4.678 - loss_ce=2.136 - loss_ne=0.014 - loss_div=0.0 - threshold=1.0 - loss=6.828
[2026-03-29 16:32:37](logger.py 179): id=CC_FMNIST_E100_DT_1_0 | Ep. 18/100 - Step 50/273 (8.28 it/s) |###                 | - loss_cc=4.682 - loss_ce=2.136 - loss_ne=0.0184 - loss_div=0.0 - threshold=1.0 - loss=6.836
[2026-03-29 16:32:40](logger.py 179): id=CC_FMNIST_E100_DT_1_0 | Ep. 18/100 - Step 75/273 (8.28 it/s) |#####               | - loss_cc=4.682 - loss_ce=2.138 - loss_ne=0.0192 - loss_div=0.0 - threshold=1.0 - loss=6.839
[2026-03-29 16:32:43](logger.py 179): id=CC_FMNIST_E100_DT_1_0 | Ep. 18/100 - Step 100/273 (8.28 it/s) |#######             | - loss_cc=4.682 - loss_ce=2.138 - loss_ne=0.0181 - loss_div=0.0 - threshold=1.0 - loss=6.837
[2026-03-29 16:32:46](logger.py 179): id=CC_FMNIST_E100_DT_1_0 | Ep. 18/100 - Step 125/273 (8.25 it/s) |#########           | - loss_cc=4.68 - loss_ce=2.137 - loss_ne=0.0179 - loss_div=0.0 - threshold=1.0 - loss=6.836
[2026-03-29 16:32:49](logger.py 179): id=CC_FMNIST_E100_DT_1_0 | Ep. 18/100 - Step 150/273 (8.25 it/s) |##########          | - loss_cc=4.68 - loss_ce=2.137 - loss_ne=0.0179 - loss_div=0.0 - threshold=1.0 - loss=6.835
[2026-03-29 16:32:52](logger.py 179): id=CC_FMNIST_E100_DT_1_0 | Ep. 18/100 - Step 175/273 (8.24 it/s) |############        | - loss_cc=4.679 - loss_ce=2.137 - loss_ne=0.0181 - loss_div=0.0 - threshold=1.0 - loss=6.834
[2026-03-29 16:32:55](logger.py 179): id=CC_FMNIST_E100_DT_1_0 | Ep. 18/100 - Step 200/273 (8.23 it/s) |##############      | - loss_cc=4.679 - loss_ce=2.137 - loss_ne=0.0182 - loss_div=0.0 - threshold=1.0 - loss=6.835
[2026-03-29 16:32:58](logger.py 179): id=CC_FMNIST_E100_DT_1_0 | Ep. 18/100 - Step 225/273 (8.24 it/s) |################    | - loss_cc=4.68 - loss_ce=2.138 - loss_ne=0.018 - loss_div=0.0 - threshold=1.0 - loss=6.836
[2026-03-29 16:33:01](logger.py 179): id=CC_FMNIST_E100_DT_1_0 | Ep. 18/100 - Step 250/273 (8.24 it/s) |##################  | - loss_cc=4.68 - loss_ce=2.137 - loss_ne=0.0178 - loss_div=0.0 - threshold=1.0 - loss=6.835
[2026-03-29 16:33:04](logger.py 179): Evaluating
[2026-03-29 16:33:04](logger.py 179): Eval. step 0 of 274
[2026-03-29 16:33:05](logger.py 179): Eval. step 25 of 274
[2026-03-29 16:33:05](logger.py 179): Eval. step 50 of 274
[2026-03-29 16:33:06](logger.py 179): Eval. step 75 of 274
[2026-03-29 16:33:07](logger.py 179): Eval. step 100 of 274
[2026-03-29 16:33:07](logger.py 179): Eval. step 125 of 274
[2026-03-29 16:33:08](logger.py 179): Eval. step 150 of 274
[2026-03-29 16:33:09](logger.py 179): Eval. step 175 of 274
[2026-03-29 16:33:09](logger.py 179): Eval. step 200 of 274
[2026-03-29 16:33:10](logger.py 179): Eval. step 225 of 274
[2026-03-29 16:33:11](logger.py 179): Eval. step 250 of 274
[2026-03-29 16:33:12](logger.py 179): id=CC_FMNIST_E100_DT_1_0 | Ep. 18/100 | Time: 00:00 | loss_cc=4.68 - loss_ce=2.137 - loss_ne=0.018 - loss_div=0.0 - threshold=1.0 - loss=6.835 - eval_confidence=0.889 - cluster_acc_0_eval=66.03 - cluster_nmi_0_eval=0.63 - cluster_ari_0_eval=0.528 - cluster_acc_1_eval=66.04 - cluster_nmi_1_eval=0.63 - cluster_ari_1_eval=0.528 - cluster_acc_2_eval=66.08 - cluster_nmi_2_eval=0.631 - cluster_ari_2_eval=0.529 - cluster_acc_3_eval=66.01 - cluster_nmi_3_eval=0.63 - cluster_ari_3_eval=0.528 - cluster_acc_4_eval=66.13 - cluster_nmi_4_eval=0.631 - cluster_ari_4_eval=0.529 - max_cluster_acc_eval=66.13 - mean_cluster_acc_eval=66.06 - min_cluster_acc_eval=66.01 - max_cluster_nmi_eval=0.631 - mean_cluster_nmi_eval=0.631 - min_cluster_nmi_eval=0.63 - max_cluster_ari_eval=0.529 - mean_cluster_ari_eval=0.528 - min_cluster_ari_eval=0.528 - interclustering_nmi_eval=0.981
/scratch/e0538389/DivClust/engine/trainer.py:41: FutureWarning: `torch.cuda.amp.autocast(args...)` is deprecated. Please use `torch.amp.autocast('cuda', args...)` instead.
  with autocast(self.mixed_precision):
[2026-03-29 16:33:12](logger.py 179): id=CC_FMNIST_E100_DT_1_0 | Ep. 19/100 - Step 0/273 (0.0 it/s) |                    | - loss_cc=4.683 - loss_ce=2.146 - loss_ne=0.0302 - loss_div=0.0 - threshold=1.0 - loss=6.859
[2026-03-29 16:33:15](logger.py 179): id=CC_FMNIST_E100_DT_1_0 | Ep. 19/100 - Step 25/273 (8.24 it/s) |#                   | - loss_cc=4.68 - loss_ce=2.136 - loss_ne=0.0198 - loss_div=0.0 - threshold=1.0 - loss=6.835
[2026-03-29 16:33:18](logger.py 179): id=CC_FMNIST_E100_DT_1_0 | Ep. 19/100 - Step 50/273 (8.25 it/s) |###                 | - loss_cc=4.679 - loss_ce=2.137 - loss_ne=0.0175 - loss_div=0.0 - threshold=1.0 - loss=6.834
[2026-03-29 16:33:21](logger.py 179): id=CC_FMNIST_E100_DT_1_0 | Ep. 19/100 - Step 75/273 (8.22 it/s) |#####               | - loss_cc=4.676 - loss_ce=2.136 - loss_ne=0.0167 - loss_div=0.0 - threshold=1.0 - loss=6.83
[2026-03-29 16:33:24](logger.py 179): id=CC_FMNIST_E100_DT_1_0 | Ep. 19/100 - Step 100/273 (8.22 it/s) |#######             | - loss_cc=4.675 - loss_ce=2.136 - loss_ne=0.0163 - loss_div=0.0 - threshold=1.0 - loss=6.827
[2026-03-29 16:33:27](logger.py 179): id=CC_FMNIST_E100_DT_1_0 | Ep. 19/100 - Step 125/273 (8.23 it/s) |#########           | - loss_cc=4.674 - loss_ce=2.136 - loss_ne=0.0166 - loss_div=0.0 - threshold=1.0 - loss=6.826
[2026-03-29 16:33:31](logger.py 179): id=CC_FMNIST_E100_DT_1_0 | Ep. 19/100 - Step 150/273 (8.21 it/s) |##########          | - loss_cc=4.674 - loss_ce=2.136 - loss_ne=0.0166 - loss_div=0.0 - threshold=1.0 - loss=6.826
[2026-03-29 16:33:34](logger.py 179): id=CC_FMNIST_E100_DT_1_0 | Ep. 19/100 - Step 175/273 (8.2 it/s) |############        | - loss_cc=4.674 - loss_ce=2.135 - loss_ne=0.0169 - loss_div=0.0 - threshold=1.0 - loss=6.826
[2026-03-29 16:33:37](logger.py 179): id=CC_FMNIST_E100_DT_1_0 | Ep. 19/100 - Step 200/273 (8.21 it/s) |##############      | - loss_cc=4.675 - loss_ce=2.136 - loss_ne=0.0166 - loss_div=0.0 - threshold=1.0 - loss=6.827
[2026-03-29 16:33:40](logger.py 179): id=CC_FMNIST_E100_DT_1_0 | Ep. 19/100 - Step 225/273 (8.21 it/s) |################    | - loss_cc=4.674 - loss_ce=2.136 - loss_ne=0.0171 - loss_div=0.0 - threshold=1.0 - loss=6.827
[2026-03-29 16:33:43](logger.py 179): id=CC_FMNIST_E100_DT_1_0 | Ep. 19/100 - Step 250/273 (8.22 it/s) |##################  | - loss_cc=4.675 - loss_ce=2.136 - loss_ne=0.0175 - loss_div=0.0 - threshold=1.0 - loss=6.828
[2026-03-29 16:33:45](logger.py 179): Evaluating
[2026-03-29 16:33:45](logger.py 179): Eval. step 0 of 274
[2026-03-29 16:33:46](logger.py 179): Eval. step 25 of 274
[2026-03-29 16:33:47](logger.py 179): Eval. step 50 of 274
[2026-03-29 16:33:47](logger.py 179): Eval. step 75 of 274
[2026-03-29 16:33:48](logger.py 179): Eval. step 100 of 274
[2026-03-29 16:33:49](logger.py 179): Eval. step 125 of 274
[2026-03-29 16:33:49](logger.py 179): Eval. step 150 of 274
[2026-03-29 16:33:50](logger.py 179): Eval. step 175 of 274
[2026-03-29 16:33:51](logger.py 179): Eval. step 200 of 274
[2026-03-29 16:33:52](logger.py 179): Eval. step 225 of 274
[2026-03-29 16:33:52](logger.py 179): Eval. step 250 of 274
[2026-03-29 16:33:53](logger.py 179): id=CC_FMNIST_E100_DT_1_0 | Ep. 19/100 | Time: 00:00 | loss_cc=4.675 - loss_ce=2.136 - loss_ne=0.0175 - loss_div=0.0 - threshold=1.0 - loss=6.828 - eval_confidence=0.892 - cluster_acc_0_eval=66.07 - cluster_nmi_0_eval=0.63 - cluster_ari_0_eval=0.529 - cluster_acc_1_eval=66.12 - cluster_nmi_1_eval=0.63 - cluster_ari_1_eval=0.53 - cluster_acc_2_eval=66.09 - cluster_nmi_2_eval=0.63 - cluster_ari_2_eval=0.53 - cluster_acc_3_eval=66.01 - cluster_nmi_3_eval=0.63 - cluster_ari_3_eval=0.529 - cluster_acc_4_eval=66.16 - cluster_nmi_4_eval=0.63 - cluster_ari_4_eval=0.53 - max_cluster_acc_eval=66.16 - mean_cluster_acc_eval=66.09 - min_cluster_acc_eval=66.01 - max_cluster_nmi_eval=0.63 - mean_cluster_nmi_eval=0.63 - min_cluster_nmi_eval=0.63 - max_cluster_ari_eval=0.53 - mean_cluster_ari_eval=0.53 - min_cluster_ari_eval=0.529 - interclustering_nmi_eval=0.983
/scratch/e0538389/DivClust/engine/trainer.py:41: FutureWarning: `torch.cuda.amp.autocast(args...)` is deprecated. Please use `torch.amp.autocast('cuda', args...)` instead.
  with autocast(self.mixed_precision):
[2026-03-29 16:33:54](logger.py 179): id=CC_FMNIST_E100_DT_1_0 | Ep. 20/100 - Step 0/273 (0.0 it/s) |                    | - loss_cc=4.655 - loss_ce=2.133 - loss_ne=0.028 - loss_div=0.0 - threshold=1.0 - loss=6.816
[2026-03-29 16:33:57](logger.py 179): id=CC_FMNIST_E100_DT_1_0 | Ep. 20/100 - Step 25/273 (8.23 it/s) |#                   | - loss_cc=4.666 - loss_ce=2.135 - loss_ne=0.0175 - loss_div=0.0 - threshold=1.0 - loss=6.818
[2026-03-29 16:34:00](logger.py 179): id=CC_FMNIST_E100_DT_1_0 | Ep. 20/100 - Step 50/273 (8.22 it/s) |###                 | - loss_cc=4.668 - loss_ce=2.134 - loss_ne=0.0188 - loss_div=0.0 - threshold=1.0 - loss=6.821
[2026-03-29 16:34:03](logger.py 179): id=CC_FMNIST_E100_DT_1_0 | Ep. 20/100 - Step 75/273 (8.23 it/s) |#####               | - loss_cc=4.668 - loss_ce=2.134 - loss_ne=0.0181 - loss_div=0.0 - threshold=1.0 - loss=6.82
[2026-03-29 16:34:06](logger.py 179): id=CC_FMNIST_E100_DT_1_0 | Ep. 20/100 - Step 100/273 (8.21 it/s) |#######             | - loss_cc=4.668 - loss_ce=2.134 - loss_ne=0.0196 - loss_div=0.0 - threshold=1.0 - loss=6.821
[2026-03-29 16:34:09](logger.py 179): id=CC_FMNIST_E100_DT_1_0 | Ep. 20/100 - Step 125/273 (8.21 it/s) |#########           | - loss_cc=4.668 - loss_ce=2.133 - loss_ne=0.0189 - loss_div=0.0 - threshold=1.0 - loss=6.82
[2026-03-29 16:34:12](logger.py 179): id=CC_FMNIST_E100_DT_1_0 | Ep. 20/100 - Step 150/273 (8.19 it/s) |##########          | - loss_cc=4.668 - loss_ce=2.133 - loss_ne=0.0185 - loss_div=0.0 - threshold=1.0 - loss=6.819
[2026-03-29 16:34:15](logger.py 179): id=CC_FMNIST_E100_DT_1_0 | Ep. 20/100 - Step 175/273 (8.2 it/s) |############        | - loss_cc=4.668 - loss_ce=2.133 - loss_ne=0.0184 - loss_div=0.0 - threshold=1.0 - loss=6.82
[2026-03-29 16:34:18](logger.py 179): id=CC_FMNIST_E100_DT_1_0 | Ep. 20/100 - Step 200/273 (8.2 it/s) |##############      | - loss_cc=4.668 - loss_ce=2.133 - loss_ne=0.0181 - loss_div=0.0 - threshold=1.0 - loss=6.82
[2026-03-29 16:34:21](logger.py 179): id=CC_FMNIST_E100_DT_1_0 | Ep. 20/100 - Step 225/273 (8.21 it/s) |################    | - loss_cc=4.668 - loss_ce=2.133 - loss_ne=0.0181 - loss_div=0.0 - threshold=1.0 - loss=6.819
[2026-03-29 16:34:24](logger.py 179): id=CC_FMNIST_E100_DT_1_0 | Ep. 20/100 - Step 250/273 (8.22 it/s) |##################  | - loss_cc=4.667 - loss_ce=2.133 - loss_ne=0.0181 - loss_div=0.0 - threshold=1.0 - loss=6.818
[2026-03-29 16:34:27](logger.py 179): Evaluating
[2026-03-29 16:34:27](logger.py 179): Eval. step 0 of 274
[2026-03-29 16:34:27](logger.py 179): Eval. step 25 of 274
[2026-03-29 16:34:28](logger.py 179): Eval. step 50 of 274
[2026-03-29 16:34:29](logger.py 179): Eval. step 75 of 274
[2026-03-29 16:34:29](logger.py 179): Eval. step 100 of 274
[2026-03-29 16:34:30](logger.py 179): Eval. step 125 of 274
[2026-03-29 16:34:31](logger.py 179): Eval. step 150 of 274
[2026-03-29 16:34:32](logger.py 179): Eval. step 175 of 274
[2026-03-29 16:34:32](logger.py 179): Eval. step 200 of 274
[2026-03-29 16:34:33](logger.py 179): Eval. step 225 of 274
[2026-03-29 16:34:34](logger.py 179): Eval. step 250 of 274
[2026-03-29 16:34:35](logger.py 179): id=CC_FMNIST_E100_DT_1_0 | Ep. 20/100 | Time: 00:00 | loss_cc=4.667 - loss_ce=2.133 - loss_ne=0.0181 - loss_div=0.0 - threshold=1.0 - loss=6.819 - eval_confidence=0.892 - cluster_acc_0_eval=65.28 - cluster_nmi_0_eval=0.629 - cluster_ari_0_eval=0.525 - cluster_acc_1_eval=65.35 - cluster_nmi_1_eval=0.629 - cluster_ari_1_eval=0.526 - cluster_acc_2_eval=65.24 - cluster_nmi_2_eval=0.629 - cluster_ari_2_eval=0.525 - cluster_acc_3_eval=65.25 - cluster_nmi_3_eval=0.629 - cluster_ari_3_eval=0.525 - cluster_acc_4_eval=65.36 - cluster_nmi_4_eval=0.629 - cluster_ari_4_eval=0.526 - max_cluster_acc_eval=65.36 - mean_cluster_acc_eval=65.3 - min_cluster_acc_eval=65.24 - max_cluster_nmi_eval=0.629 - mean_cluster_nmi_eval=0.629 - min_cluster_nmi_eval=0.629 - max_cluster_ari_eval=0.526 - mean_cluster_ari_eval=0.525 - min_cluster_ari_eval=0.525 - interclustering_nmi_eval=0.982
/scratch/e0538389/DivClust/engine/trainer.py:41: FutureWarning: `torch.cuda.amp.autocast(args...)` is deprecated. Please use `torch.amp.autocast('cuda', args...)` instead.
  with autocast(self.mixed_precision):
[2026-03-29 16:34:35](logger.py 179): id=CC_FMNIST_E100_DT_1_0 | Ep. 21/100 - Step 0/273 (0.0 it/s) |                    | - loss_cc=4.683 - loss_ce=2.139 - loss_ne=0.041 - loss_div=0.0 - threshold=1.0 - loss=6.863
[2026-03-29 16:34:38](logger.py 179): id=CC_FMNIST_E100_DT_1_0 | Ep. 21/100 - Step 25/273 (8.1 it/s) |#                   | - loss_cc=4.662 - loss_ce=2.132 - loss_ne=0.0173 - loss_div=0.0 - threshold=1.0 - loss=6.811
[2026-03-29 16:34:41](logger.py 179): id=CC_FMNIST_E100_DT_1_0 | Ep. 21/100 - Step 50/273 (8.21 it/s) |###                 | - loss_cc=4.666 - loss_ce=2.133 - loss_ne=0.0183 - loss_div=0.0 - threshold=1.0 - loss=6.817
[2026-03-29 16:34:44](logger.py 179): id=CC_FMNIST_E100_DT_1_0 | Ep. 21/100 - Step 75/273 (8.23 it/s) |#####               | - loss_cc=4.665 - loss_ce=2.133 - loss_ne=0.0182 - loss_div=0.0 - threshold=1.0 - loss=6.816
[2026-03-29 16:34:47](logger.py 179): id=CC_FMNIST_E100_DT_1_0 | Ep. 21/100 - Step 100/273 (8.21 it/s) |#######             | - loss_cc=4.665 - loss_ce=2.132 - loss_ne=0.0176 - loss_div=0.0 - threshold=1.0 - loss=6.815
[2026-03-29 16:34:50](logger.py 179): id=CC_FMNIST_E100_DT_1_0 | Ep. 21/100 - Step 125/273 (8.24 it/s) |#########           | - loss_cc=4.665 - loss_ce=2.132 - loss_ne=0.0178 - loss_div=0.0 - threshold=1.0 - loss=6.815
[2026-03-29 16:34:53](logger.py 179): id=CC_FMNIST_E100_DT_1_0 | Ep. 21/100 - Step 150/273 (8.24 it/s) |##########          | - loss_cc=4.664 - loss_ce=2.132 - loss_ne=0.0174 - loss_div=0.0 - threshold=1.0 - loss=6.814
[2026-03-29 16:34:56](logger.py 179): id=CC_FMNIST_E100_DT_1_0 | Ep. 21/100 - Step 175/273 (8.25 it/s) |############        | - loss_cc=4.664 - loss_ce=2.132 - loss_ne=0.0172 - loss_div=0.0 - threshold=1.0 - loss=6.814
[2026-03-29 16:34:59](logger.py 179): id=CC_FMNIST_E100_DT_1_0 | Ep. 21/100 - Step 200/273 (8.25 it/s) |##############      | - loss_cc=4.663 - loss_ce=2.132 - loss_ne=0.0174 - loss_div=0.0 - threshold=1.0 - loss=6.813
[2026-03-29 16:35:02](logger.py 179): id=CC_FMNIST_E100_DT_1_0 | Ep. 21/100 - Step 225/273 (8.26 it/s) |################    | - loss_cc=4.663 - loss_ce=2.132 - loss_ne=0.0173 - loss_div=0.0 - threshold=1.0 - loss=6.812
[2026-03-29 16:35:05](logger.py 179): id=CC_FMNIST_E100_DT_1_0 | Ep. 21/100 - Step 250/273 (8.27 it/s) |##################  | - loss_cc=4.663 - loss_ce=2.132 - loss_ne=0.0173 - loss_div=0.0 - threshold=1.0 - loss=6.813
[2026-03-29 16:35:08](logger.py 179): Evaluating
[2026-03-29 16:35:08](logger.py 179): Eval. step 0 of 274
[2026-03-29 16:35:09](logger.py 179): Eval. step 25 of 274
[2026-03-29 16:35:09](logger.py 179): Eval. step 50 of 274
[2026-03-29 16:35:10](logger.py 179): Eval. step 75 of 274
[2026-03-29 16:35:11](logger.py 179): Eval. step 100 of 274
[2026-03-29 16:35:11](logger.py 179): Eval. step 125 of 274
[2026-03-29 16:35:12](logger.py 179): Eval. step 150 of 274
[2026-03-29 16:35:13](logger.py 179): Eval. step 175 of 274
[2026-03-29 16:35:13](logger.py 179): Eval. step 200 of 274
[2026-03-29 16:35:14](logger.py 179): Eval. step 225 of 274
[2026-03-29 16:35:15](logger.py 179): Eval. step 250 of 274
[2026-03-29 16:35:16](logger.py 179): id=CC_FMNIST_E100_DT_1_0 | Ep. 21/100 | Time: 00:00 | loss_cc=4.664 - loss_ce=2.132 - loss_ne=0.0172 - loss_div=0.0 - threshold=1.0 - loss=6.814 - eval_confidence=0.892 - cluster_acc_0_eval=66.03 - cluster_nmi_0_eval=0.63 - cluster_ari_0_eval=0.525 - cluster_acc_1_eval=66.08 - cluster_nmi_1_eval=0.631 - cluster_ari_1_eval=0.526 - cluster_acc_2_eval=66.0 - cluster_nmi_2_eval=0.63 - cluster_ari_2_eval=0.525 - cluster_acc_3_eval=66.0 - cluster_nmi_3_eval=0.63 - cluster_ari_3_eval=0.525 - cluster_acc_4_eval=66.2 - cluster_nmi_4_eval=0.631 - cluster_ari_4_eval=0.526 - max_cluster_acc_eval=66.2 - mean_cluster_acc_eval=66.06 - min_cluster_acc_eval=66.0 - max_cluster_nmi_eval=0.631 - mean_cluster_nmi_eval=0.63 - min_cluster_nmi_eval=0.63 - max_cluster_ari_eval=0.526 - mean_cluster_ari_eval=0.525 - min_cluster_ari_eval=0.525 - interclustering_nmi_eval=0.981
/scratch/e0538389/DivClust/engine/trainer.py:41: FutureWarning: `torch.cuda.amp.autocast(args...)` is deprecated. Please use `torch.amp.autocast('cuda', args...)` instead.
  with autocast(self.mixed_precision):
[2026-03-29 16:35:16](logger.py 179): id=CC_FMNIST_E100_DT_1_0 | Ep. 22/100 - Step 0/273 (0.0 it/s) |                    | - loss_cc=4.64 - loss_ce=2.123 - loss_ne=0.0187 - loss_div=0.0 - threshold=1.0 - loss=6.782
[2026-03-29 16:35:19](logger.py 179): id=CC_FMNIST_E100_DT_1_0 | Ep. 22/100 - Step 25/273 (8.12 it/s) |#                   | - loss_cc=4.671 - loss_ce=2.134 - loss_ne=0.018 - loss_div=0.0 - threshold=1.0 - loss=6.822
[2026-03-29 16:35:22](logger.py 179): id=CC_FMNIST_E100_DT_1_0 | Ep. 22/100 - Step 50/273 (8.18 it/s) |###                 | - loss_cc=4.662 - loss_ce=2.13 - loss_ne=0.0182 - loss_div=0.0 - threshold=1.0 - loss=6.81
[2026-03-29 16:35:25](logger.py 179): id=CC_FMNIST_E100_DT_1_0 | Ep. 22/100 - Step 75/273 (8.19 it/s) |#####               | - loss_cc=4.661 - loss_ce=2.13 - loss_ne=0.0174 - loss_div=0.0 - threshold=1.0 - loss=6.808
[2026-03-29 16:35:29](logger.py 179): id=CC_FMNIST_E100_DT_1_0 | Ep. 22/100 - Step 100/273 (8.19 it/s) |#######             | - loss_cc=4.66 - loss_ce=2.13 - loss_ne=0.0175 - loss_div=0.0 - threshold=1.0 - loss=6.807
[2026-03-29 16:35:32](logger.py 179): id=CC_FMNIST_E100_DT_1_0 | Ep. 22/100 - Step 125/273 (8.21 it/s) |#########           | - loss_cc=4.662 - loss_ce=2.13 - loss_ne=0.0175 - loss_div=0.0 - threshold=1.0 - loss=6.809
[2026-03-29 16:35:35](logger.py 179): id=CC_FMNIST_E100_DT_1_0 | Ep. 22/100 - Step 150/273 (8.2 it/s) |##########          | - loss_cc=4.661 - loss_ce=2.131 - loss_ne=0.0178 - loss_div=0.0 - threshold=1.0 - loss=6.81
[2026-03-29 16:35:38](logger.py 179): id=CC_FMNIST_E100_DT_1_0 | Ep. 22/100 - Step 175/273 (8.21 it/s) |############        | - loss_cc=4.661 - loss_ce=2.131 - loss_ne=0.0174 - loss_div=0.0 - threshold=1.0 - loss=6.81
[2026-03-29 16:35:41](logger.py 179): id=CC_FMNIST_E100_DT_1_0 | Ep. 22/100 - Step 200/273 (8.21 it/s) |##############      | - loss_cc=4.662 - loss_ce=2.131 - loss_ne=0.0175 - loss_div=0.0 - threshold=1.0 - loss=6.81
[2026-03-29 16:35:44](logger.py 179): id=CC_FMNIST_E100_DT_1_0 | Ep. 22/100 - Step 225/273 (8.21 it/s) |################    | - loss_cc=4.662 - loss_ce=2.131 - loss_ne=0.0175 - loss_div=0.0 - threshold=1.0 - loss=6.81
[2026-03-29 16:35:47](logger.py 179): id=CC_FMNIST_E100_DT_1_0 | Ep. 22/100 - Step 250/273 (8.21 it/s) |##################  | - loss_cc=4.662 - loss_ce=2.131 - loss_ne=0.0176 - loss_div=0.0 - threshold=1.0 - loss=6.81
[2026-03-29 16:35:49](logger.py 179): Evaluating
[2026-03-29 16:35:49](logger.py 179): Eval. step 0 of 274
[2026-03-29 16:35:50](logger.py 179): Eval. step 25 of 274
[2026-03-29 16:35:51](logger.py 179): Eval. step 50 of 274
[2026-03-29 16:35:51](logger.py 179): Eval. step 75 of 274
[2026-03-29 16:35:52](logger.py 179): Eval. step 100 of 274
[2026-03-29 16:35:53](logger.py 179): Eval. step 125 of 274
[2026-03-29 16:35:54](logger.py 179): Eval. step 150 of 274
[2026-03-29 16:35:54](logger.py 179): Eval. step 175 of 274
[2026-03-29 16:35:55](logger.py 179): Eval. step 200 of 274
[2026-03-29 16:35:56](logger.py 179): Eval. step 225 of 274
[2026-03-29 16:35:56](logger.py 179): Eval. step 250 of 274
[2026-03-29 16:35:57](logger.py 179): id=CC_FMNIST_E100_DT_1_0 | Ep. 22/100 | Time: 00:00 | loss_cc=4.662 - loss_ce=2.131 - loss_ne=0.0174 - loss_div=0.0 - threshold=1.0 - loss=6.81 - eval_confidence=0.896 - cluster_acc_0_eval=65.64 - cluster_nmi_0_eval=0.628 - cluster_ari_0_eval=0.52 - cluster_acc_1_eval=65.65 - cluster_nmi_1_eval=0.628 - cluster_ari_1_eval=0.52 - cluster_acc_2_eval=65.55 - cluster_nmi_2_eval=0.628 - cluster_ari_2_eval=0.519 - cluster_acc_3_eval=65.51 - cluster_nmi_3_eval=0.627 - cluster_ari_3_eval=0.518 - cluster_acc_4_eval=65.64 - cluster_nmi_4_eval=0.628 - cluster_ari_4_eval=0.52 - max_cluster_acc_eval=65.65 - mean_cluster_acc_eval=65.6 - min_cluster_acc_eval=65.51 - max_cluster_nmi_eval=0.628 - mean_cluster_nmi_eval=0.628 - min_cluster_nmi_eval=0.627 - max_cluster_ari_eval=0.52 - mean_cluster_ari_eval=0.52 - min_cluster_ari_eval=0.518 - interclustering_nmi_eval=0.982
/scratch/e0538389/DivClust/engine/trainer.py:41: FutureWarning: `torch.cuda.amp.autocast(args...)` is deprecated. Please use `torch.amp.autocast('cuda', args...)` instead.
  with autocast(self.mixed_precision):
[2026-03-29 16:35:58](logger.py 179): id=CC_FMNIST_E100_DT_1_0 | Ep. 23/100 - Step 0/273 (0.0 it/s) |                    | - loss_cc=4.683 - loss_ce=2.137 - loss_ne=0.0194 - loss_div=0.0 - threshold=1.0 - loss=6.839
[2026-03-29 16:36:01](logger.py 179): id=CC_FMNIST_E100_DT_1_0 | Ep. 23/100 - Step 25/273 (8.25 it/s) |#                   | - loss_cc=4.66 - loss_ce=2.131 - loss_ne=0.0195 - loss_div=0.0 - threshold=1.0 - loss=6.81
[2026-03-29 16:36:04](logger.py 179): id=CC_FMNIST_E100_DT_1_0 | Ep. 23/100 - Step 50/273 (8.23 it/s) |###                 | - loss_cc=4.658 - loss_ce=2.131 - loss_ne=0.0196 - loss_div=0.0 - threshold=1.0 - loss=6.809
[2026-03-29 16:36:07](logger.py 179): id=CC_FMNIST_E100_DT_1_0 | Ep. 23/100 - Step 75/273 (8.24 it/s) |#####               | - loss_cc=4.66 - loss_ce=2.131 - loss_ne=0.0185 - loss_div=0.0 - threshold=1.0 - loss=6.81
[2026-03-29 16:36:10](logger.py 179): id=CC_FMNIST_E100_DT_1_0 | Ep. 23/100 - Step 100/273 (8.24 it/s) |#######             | - loss_cc=4.658 - loss_ce=2.131 - loss_ne=0.0173 - loss_div=0.0 - threshold=1.0 - loss=6.806
[2026-03-29 16:36:13](logger.py 179): id=CC_FMNIST_E100_DT_1_0 | Ep. 23/100 - Step 125/273 (8.25 it/s) |#########           | - loss_cc=4.657 - loss_ce=2.131 - loss_ne=0.0173 - loss_div=0.0 - threshold=1.0 - loss=6.805
[2026-03-29 16:36:16](logger.py 179): id=CC_FMNIST_E100_DT_1_0 | Ep. 23/100 - Step 150/273 (8.25 it/s) |##########          | - loss_cc=4.657 - loss_ce=2.13 - loss_ne=0.0178 - loss_div=0.0 - threshold=1.0 - loss=6.805
[2026-03-29 16:36:19](logger.py 179): id=CC_FMNIST_E100_DT_1_0 | Ep. 23/100 - Step 175/273 (8.26 it/s) |############        | - loss_cc=4.657 - loss_ce=2.13 - loss_ne=0.0175 - loss_div=0.0 - threshold=1.0 - loss=6.805
[2026-03-29 16:36:22](logger.py 179): id=CC_FMNIST_E100_DT_1_0 | Ep. 23/100 - Step 200/273 (8.25 it/s) |##############      | - loss_cc=4.657 - loss_ce=2.13 - loss_ne=0.0175 - loss_div=0.0 - threshold=1.0 - loss=6.805
[2026-03-29 16:36:25](logger.py 179): id=CC_FMNIST_E100_DT_1_0 | Ep. 23/100 - Step 225/273 (8.25 it/s) |################    | - loss_cc=4.658 - loss_ce=2.13 - loss_ne=0.0179 - loss_div=0.0 - threshold=1.0 - loss=6.806
[2026-03-29 16:36:28](logger.py 179): id=CC_FMNIST_E100_DT_1_0 | Ep. 23/100 - Step 250/273 (8.25 it/s) |##################  | - loss_cc=4.658 - loss_ce=2.131 - loss_ne=0.0181 - loss_div=0.0 - threshold=1.0 - loss=6.807
[2026-03-29 16:36:31](logger.py 179): Evaluating
[2026-03-29 16:36:31](logger.py 179): Eval. step 0 of 274
[2026-03-29 16:36:31](logger.py 179): Eval. step 25 of 274
[2026-03-29 16:36:32](logger.py 179): Eval. step 50 of 274
[2026-03-29 16:36:33](logger.py 179): Eval. step 75 of 274
[2026-03-29 16:36:33](logger.py 179): Eval. step 100 of 274
[2026-03-29 16:36:34](logger.py 179): Eval. step 125 of 274
[2026-03-29 16:36:35](logger.py 179): Eval. step 150 of 274
[2026-03-29 16:36:36](logger.py 179): Eval. step 175 of 274
[2026-03-29 16:36:36](logger.py 179): Eval. step 200 of 274
[2026-03-29 16:36:37](logger.py 179): Eval. step 225 of 274
[2026-03-29 16:36:38](logger.py 179): Eval. step 250 of 274
[2026-03-29 16:36:39](logger.py 179): id=CC_FMNIST_E100_DT_1_0 | Ep. 23/100 | Time: 00:00 | loss_cc=4.658 - loss_ce=2.131 - loss_ne=0.018 - loss_div=0.0 - threshold=1.0 - loss=6.807 - eval_confidence=0.889 - cluster_acc_0_eval=65.8 - cluster_nmi_0_eval=0.635 - cluster_ari_0_eval=0.527 - cluster_acc_1_eval=65.83 - cluster_nmi_1_eval=0.635 - cluster_ari_1_eval=0.528 - cluster_acc_2_eval=65.7 - cluster_nmi_2_eval=0.634 - cluster_ari_2_eval=0.527 - cluster_acc_3_eval=65.73 - cluster_nmi_3_eval=0.634 - cluster_ari_3_eval=0.527 - cluster_acc_4_eval=65.78 - cluster_nmi_4_eval=0.635 - cluster_ari_4_eval=0.527 - max_cluster_acc_eval=65.83 - mean_cluster_acc_eval=65.77 - min_cluster_acc_eval=65.7 - max_cluster_nmi_eval=0.635 - mean_cluster_nmi_eval=0.635 - min_cluster_nmi_eval=0.634 - max_cluster_ari_eval=0.528 - mean_cluster_ari_eval=0.527 - min_cluster_ari_eval=0.527 - interclustering_nmi_eval=0.983
/scratch/e0538389/DivClust/engine/trainer.py:41: FutureWarning: `torch.cuda.amp.autocast(args...)` is deprecated. Please use `torch.amp.autocast('cuda', args...)` instead.
  with autocast(self.mixed_precision):
[2026-03-29 16:36:39](logger.py 179): id=CC_FMNIST_E100_DT_1_0 | Ep. 24/100 - Step 0/273 (0.0 it/s) |                    | - loss_cc=4.661 - loss_ce=2.137 - loss_ne=0.00689 - loss_div=0.0 - threshold=1.0 - loss=6.805
[2026-03-29 16:36:42](logger.py 179): id=CC_FMNIST_E100_DT_1_0 | Ep. 24/100 - Step 25/273 (8.15 it/s) |#                   | - loss_cc=4.654 - loss_ce=2.125 - loss_ne=0.0182 - loss_div=0.0 - threshold=1.0 - loss=6.797
[2026-03-29 16:36:45](logger.py 179): id=CC_FMNIST_E100_DT_1_0 | Ep. 24/100 - Step 50/273 (8.16 it/s) |###                 | - loss_cc=4.656 - loss_ce=2.127 - loss_ne=0.0171 - loss_div=0.0 - threshold=1.0 - loss=6.8
[2026-03-29 16:36:48](logger.py 179): id=CC_FMNIST_E100_DT_1_0 | Ep. 24/100 - Step 75/273 (8.15 it/s) |#####               | - loss_cc=4.656 - loss_ce=2.128 - loss_ne=0.0177 - loss_div=0.0 - threshold=1.0 - loss=6.802
[2026-03-29 16:36:51](logger.py 179): id=CC_FMNIST_E100_DT_1_0 | Ep. 24/100 - Step 100/273 (8.17 it/s) |#######             | - loss_cc=4.656 - loss_ce=2.129 - loss_ne=0.0169 - loss_div=0.0 - threshold=1.0 - loss=6.802
[2026-03-29 16:36:54](logger.py 179): id=CC_FMNIST_E100_DT_1_0 | Ep. 24/100 - Step 125/273 (8.19 it/s) |#########           | - loss_cc=4.657 - loss_ce=2.129 - loss_ne=0.0173 - loss_div=0.0 - threshold=1.0 - loss=6.804
[2026-03-29 16:36:57](logger.py 179): id=CC_FMNIST_E100_DT_1_0 | Ep. 24/100 - Step 150/273 (8.21 it/s) |##########          | - loss_cc=4.656 - loss_ce=2.129 - loss_ne=0.0173 - loss_div=0.0 - threshold=1.0 - loss=6.802
[2026-03-29 16:37:00](logger.py 179): id=CC_FMNIST_E100_DT_1_0 | Ep. 24/100 - Step 175/273 (8.23 it/s) |############        | - loss_cc=4.656 - loss_ce=2.129 - loss_ne=0.0174 - loss_div=0.0 - threshold=1.0 - loss=6.802
[2026-03-29 16:37:03](logger.py 179): id=CC_FMNIST_E100_DT_1_0 | Ep. 24/100 - Step 200/273 (8.23 it/s) |##############      | - loss_cc=4.655 - loss_ce=2.129 - loss_ne=0.0179 - loss_div=0.0 - threshold=1.0 - loss=6.802
[2026-03-29 16:37:06](logger.py 179): id=CC_FMNIST_E100_DT_1_0 | Ep. 24/100 - Step 225/273 (8.24 it/s) |################    | - loss_cc=4.656 - loss_ce=2.129 - loss_ne=0.018 - loss_div=0.0 - threshold=1.0 - loss=6.803
[2026-03-29 16:37:09](logger.py 179): id=CC_FMNIST_E100_DT_1_0 | Ep. 24/100 - Step 250/273 (8.23 it/s) |##################  | - loss_cc=4.656 - loss_ce=2.129 - loss_ne=0.0178 - loss_div=0.0 - threshold=1.0 - loss=6.803
[2026-03-29 16:37:12](logger.py 179): Evaluating
[2026-03-29 16:37:12](logger.py 179): Eval. step 0 of 274
[2026-03-29 16:37:13](logger.py 179): Eval. step 25 of 274
[2026-03-29 16:37:14](logger.py 179): Eval. step 50 of 274
[2026-03-29 16:37:14](logger.py 179): Eval. step 75 of 274
[2026-03-29 16:37:15](logger.py 179): Eval. step 100 of 274
[2026-03-29 16:37:16](logger.py 179): Eval. step 125 of 274
[2026-03-29 16:37:16](logger.py 179): Eval. step 150 of 274
[2026-03-29 16:37:17](logger.py 179): Eval. step 175 of 274
[2026-03-29 16:37:18](logger.py 179): Eval. step 200 of 274
[2026-03-29 16:37:18](logger.py 179): Eval. step 225 of 274
[2026-03-29 16:37:19](logger.py 179): Eval. step 250 of 274
[2026-03-29 16:37:20](logger.py 179): id=CC_FMNIST_E100_DT_1_0 | Ep. 24/100 | Time: 00:00 | loss_cc=4.656 - loss_ce=2.129 - loss_ne=0.0176 - loss_div=0.0 - threshold=1.0 - loss=6.802 - eval_confidence=0.892 - cluster_acc_0_eval=65.53 - cluster_nmi_0_eval=0.63 - cluster_ari_0_eval=0.525 - cluster_acc_1_eval=65.55 - cluster_nmi_1_eval=0.63 - cluster_ari_1_eval=0.525 - cluster_acc_2_eval=65.45 - cluster_nmi_2_eval=0.63 - cluster_ari_2_eval=0.525 - cluster_acc_3_eval=65.38 - cluster_nmi_3_eval=0.629 - cluster_ari_3_eval=0.524 - cluster_acc_4_eval=65.51 - cluster_nmi_4_eval=0.63 - cluster_ari_4_eval=0.525 - max_cluster_acc_eval=65.55 - mean_cluster_acc_eval=65.48 - min_cluster_acc_eval=65.38 - max_cluster_nmi_eval=0.63 - mean_cluster_nmi_eval=0.63 - min_cluster_nmi_eval=0.629 - max_cluster_ari_eval=0.525 - mean_cluster_ari_eval=0.525 - min_cluster_ari_eval=0.524 - interclustering_nmi_eval=0.983
/scratch/e0538389/DivClust/engine/trainer.py:41: FutureWarning: `torch.cuda.amp.autocast(args...)` is deprecated. Please use `torch.amp.autocast('cuda', args...)` instead.
  with autocast(self.mixed_precision):
[2026-03-29 16:37:20](logger.py 179): id=CC_FMNIST_E100_DT_1_0 | Ep. 25/100 - Step 0/273 (0.0 it/s) |                    | - loss_cc=4.613 - loss_ce=2.113 - loss_ne=0.00969 - loss_div=0.0 - threshold=1.0 - loss=6.736
[2026-03-29 16:37:23](logger.py 179): id=CC_FMNIST_E100_DT_1_0 | Ep. 25/100 - Step 25/273 (8.21 it/s) |#                   | - loss_cc=4.653 - loss_ce=2.13 - loss_ne=0.0192 - loss_div=0.0 - threshold=1.0 - loss=6.802
[2026-03-29 16:37:27](logger.py 179): id=CC_FMNIST_E100_DT_1_0 | Ep. 25/100 - Step 50/273 (8.21 it/s) |###                 | - loss_cc=4.654 - loss_ce=2.131 - loss_ne=0.0188 - loss_div=0.0 - threshold=1.0 - loss=6.804
[2026-03-29 16:37:30](logger.py 179): id=CC_FMNIST_E100_DT_1_0 | Ep. 25/100 - Step 75/273 (8.23 it/s) |#####               | - loss_cc=4.655 - loss_ce=2.13 - loss_ne=0.0179 - loss_div=0.0 - threshold=1.0 - loss=6.803
[2026-03-29 16:37:33](logger.py 179): id=CC_FMNIST_E100_DT_1_0 | Ep. 25/100 - Step 100/273 (8.23 it/s) |#######             | - loss_cc=4.655 - loss_ce=2.129 - loss_ne=0.0178 - loss_div=0.0 - threshold=1.0 - loss=6.801
[2026-03-29 16:37:36](logger.py 179): id=CC_FMNIST_E100_DT_1_0 | Ep. 25/100 - Step 125/273 (8.23 it/s) |#########           | - loss_cc=4.652 - loss_ce=2.128 - loss_ne=0.018 - loss_div=0.0 - threshold=1.0 - loss=6.799
[2026-03-29 16:37:39](logger.py 179): id=CC_FMNIST_E100_DT_1_0 | Ep. 25/100 - Step 150/273 (8.22 it/s) |##########          | - loss_cc=4.653 - loss_ce=2.129 - loss_ne=0.0175 - loss_div=0.0 - threshold=1.0 - loss=6.8
[2026-03-29 16:37:42](logger.py 179): id=CC_FMNIST_E100_DT_1_0 | Ep. 25/100 - Step 175/273 (8.23 it/s) |############        | - loss_cc=4.654 - loss_ce=2.129 - loss_ne=0.0172 - loss_div=0.0 - threshold=1.0 - loss=6.8
[2026-03-29 16:37:45](logger.py 179): id=CC_FMNIST_E100_DT_1_0 | Ep. 25/100 - Step 200/273 (8.24 it/s) |##############      | - loss_cc=4.653 - loss_ce=2.129 - loss_ne=0.017 - loss_div=0.0 - threshold=1.0 - loss=6.798
[2026-03-29 16:37:48](logger.py 179): id=CC_FMNIST_E100_DT_1_0 | Ep. 25/100 - Step 225/273 (8.25 it/s) |################    | - loss_cc=4.652 - loss_ce=2.128 - loss_ne=0.0173 - loss_div=0.0 - threshold=1.0 - loss=6.798
[2026-03-29 16:37:51](logger.py 179): id=CC_FMNIST_E100_DT_1_0 | Ep. 25/100 - Step 250/273 (8.25 it/s) |##################  | - loss_cc=4.653 - loss_ce=2.129 - loss_ne=0.0173 - loss_div=0.0 - threshold=1.0 - loss=6.799
[2026-03-29 16:37:53](logger.py 179): Evaluating
[2026-03-29 16:37:53](logger.py 179): Eval. step 0 of 274
[2026-03-29 16:37:54](logger.py 179): Eval. step 25 of 274
[2026-03-29 16:37:55](logger.py 179): Eval. step 50 of 274
[2026-03-29 16:37:55](logger.py 179): Eval. step 75 of 274
[2026-03-29 16:37:56](logger.py 179): Eval. step 100 of 274
[2026-03-29 16:37:57](logger.py 179): Eval. step 125 of 274
[2026-03-29 16:37:58](logger.py 179): Eval. step 150 of 274
[2026-03-29 16:37:58](logger.py 179): Eval. step 175 of 274
[2026-03-29 16:37:59](logger.py 179): Eval. step 200 of 274
[2026-03-29 16:38:00](logger.py 179): Eval. step 225 of 274
[2026-03-29 16:38:00](logger.py 179): Eval. step 250 of 274
[2026-03-29 16:38:01](logger.py 179): id=CC_FMNIST_E100_DT_1_0 | Ep. 25/100 | Time: 00:00 | loss_cc=4.653 - loss_ce=2.129 - loss_ne=0.0173 - loss_div=0.0 - threshold=1.0 - loss=6.799 - eval_confidence=0.89 - cluster_acc_0_eval=67.01 - cluster_nmi_0_eval=0.643 - cluster_ari_0_eval=0.543 - cluster_acc_1_eval=67.01 - cluster_nmi_1_eval=0.643 - cluster_ari_1_eval=0.544 - cluster_acc_2_eval=66.91 - cluster_nmi_2_eval=0.642 - cluster_ari_2_eval=0.543 - cluster_acc_3_eval=66.99 - cluster_nmi_3_eval=0.643 - cluster_ari_3_eval=0.543 - cluster_acc_4_eval=67.05 - cluster_nmi_4_eval=0.643 - cluster_ari_4_eval=0.544 - max_cluster_acc_eval=67.05 - mean_cluster_acc_eval=66.99 - min_cluster_acc_eval=66.91 - max_cluster_nmi_eval=0.643 - mean_cluster_nmi_eval=0.643 - min_cluster_nmi_eval=0.642 - max_cluster_ari_eval=0.544 - mean_cluster_ari_eval=0.543 - min_cluster_ari_eval=0.543 - interclustering_nmi_eval=0.982
/scratch/e0538389/DivClust/engine/trainer.py:41: FutureWarning: `torch.cuda.amp.autocast(args...)` is deprecated. Please use `torch.amp.autocast('cuda', args...)` instead.
  with autocast(self.mixed_precision):
[2026-03-29 16:38:02](logger.py 179): id=CC_FMNIST_E100_DT_1_0 | Ep. 26/100 - Step 0/273 (0.0 it/s) |                    | - loss_cc=4.632 - loss_ce=2.121 - loss_ne=0.0209 - loss_div=0.0 - threshold=1.0 - loss=6.774
[2026-03-29 16:38:05](logger.py 179): id=CC_FMNIST_E100_DT_1_0 | Ep. 26/100 - Step 25/273 (8.23 it/s) |#                   | - loss_cc=4.653 - loss_ce=2.13 - loss_ne=0.0154 - loss_div=0.0 - threshold=1.0 - loss=6.798
[2026-03-29 16:38:08](logger.py 179): id=CC_FMNIST_E100_DT_1_0 | Ep. 26/100 - Step 50/273 (8.21 it/s) |###                 | - loss_cc=4.653 - loss_ce=2.13 - loss_ne=0.0156 - loss_div=0.0 - threshold=1.0 - loss=6.799
[2026-03-29 16:38:11](logger.py 179): id=CC_FMNIST_E100_DT_1_0 | Ep. 26/100 - Step 75/273 (8.22 it/s) |#####               | - loss_cc=4.649 - loss_ce=2.129 - loss_ne=0.0171 - loss_div=0.0 - threshold=1.0 - loss=6.795
[2026-03-29 16:38:14](logger.py 179): id=CC_FMNIST_E100_DT_1_0 | Ep. 26/100 - Step 100/273 (8.22 it/s) |#######             | - loss_cc=4.647 - loss_ce=2.127 - loss_ne=0.0173 - loss_div=0.0 - threshold=1.0 - loss=6.791
[2026-03-29 16:38:17](logger.py 179): id=CC_FMNIST_E100_DT_1_0 | Ep. 26/100 - Step 125/273 (8.24 it/s) |#########           | - loss_cc=4.646 - loss_ce=2.126 - loss_ne=0.0175 - loss_div=0.0 - threshold=1.0 - loss=6.789
[2026-03-29 16:38:20](logger.py 179): id=CC_FMNIST_E100_DT_1_0 | Ep. 26/100 - Step 150/273 (8.23 it/s) |##########          | - loss_cc=4.647 - loss_ce=2.126 - loss_ne=0.0181 - loss_div=0.0 - threshold=1.0 - loss=6.791
[2026-03-29 16:38:23](logger.py 179): id=CC_FMNIST_E100_DT_1_0 | Ep. 26/100 - Step 175/273 (8.23 it/s) |############        | - loss_cc=4.646 - loss_ce=2.126 - loss_ne=0.0181 - loss_div=0.0 - threshold=1.0 - loss=6.789
[2026-03-29 16:38:26](logger.py 179): id=CC_FMNIST_E100_DT_1_0 | Ep. 26/100 - Step 200/273 (8.23 it/s) |##############      | - loss_cc=4.647 - loss_ce=2.126 - loss_ne=0.018 - loss_div=0.0 - threshold=1.0 - loss=6.792
[2026-03-29 16:38:29](logger.py 179): id=CC_FMNIST_E100_DT_1_0 | Ep. 26/100 - Step 225/273 (8.23 it/s) |################    | - loss_cc=4.647 - loss_ce=2.127 - loss_ne=0.0176 - loss_div=0.0 - threshold=1.0 - loss=6.791
[2026-03-29 16:38:32](logger.py 179): id=CC_FMNIST_E100_DT_1_0 | Ep. 26/100 - Step 250/273 (8.24 it/s) |##################  | - loss_cc=4.647 - loss_ce=2.126 - loss_ne=0.0174 - loss_div=0.0 - threshold=1.0 - loss=6.791
[2026-03-29 16:38:35](logger.py 179): Evaluating
[2026-03-29 16:38:35](logger.py 179): Eval. step 0 of 274
[2026-03-29 16:38:35](logger.py 179): Eval. step 25 of 274
[2026-03-29 16:38:36](logger.py 179): Eval. step 50 of 274
[2026-03-29 16:38:37](logger.py 179): Eval. step 75 of 274
[2026-03-29 16:38:37](logger.py 179): Eval. step 100 of 274
[2026-03-29 16:38:38](logger.py 179): Eval. step 125 of 274
[2026-03-29 16:38:39](logger.py 179): Eval. step 150 of 274
[2026-03-29 16:38:40](logger.py 179): Eval. step 175 of 274
[2026-03-29 16:38:40](logger.py 179): Eval. step 200 of 274
[2026-03-29 16:38:41](logger.py 179): Eval. step 225 of 274
[2026-03-29 16:38:42](logger.py 179): Eval. step 250 of 274
[2026-03-29 16:38:42](logger.py 179): id=CC_FMNIST_E100_DT_1_0 | Ep. 26/100 | Time: 00:00 | loss_cc=4.647 - loss_ce=2.127 - loss_ne=0.0174 - loss_div=0.0 - threshold=1.0 - loss=6.791 - eval_confidence=0.891 - cluster_acc_0_eval=66.59 - cluster_nmi_0_eval=0.64 - cluster_ari_0_eval=0.538 - cluster_acc_1_eval=66.64 - cluster_nmi_1_eval=0.64 - cluster_ari_1_eval=0.538 - cluster_acc_2_eval=66.55 - cluster_nmi_2_eval=0.64 - cluster_ari_2_eval=0.538 - cluster_acc_3_eval=66.58 - cluster_nmi_3_eval=0.64 - cluster_ari_3_eval=0.538 - cluster_acc_4_eval=66.64 - cluster_nmi_4_eval=0.64 - cluster_ari_4_eval=0.539 - max_cluster_acc_eval=66.64 - mean_cluster_acc_eval=66.6 - min_cluster_acc_eval=66.55 - max_cluster_nmi_eval=0.64 - mean_cluster_nmi_eval=0.64 - min_cluster_nmi_eval=0.64 - max_cluster_ari_eval=0.539 - mean_cluster_ari_eval=0.538 - min_cluster_ari_eval=0.538 - interclustering_nmi_eval=0.983
/scratch/e0538389/DivClust/engine/trainer.py:41: FutureWarning: `torch.cuda.amp.autocast(args...)` is deprecated. Please use `torch.amp.autocast('cuda', args...)` instead.
  with autocast(self.mixed_precision):
[2026-03-29 16:38:43](logger.py 179): id=CC_FMNIST_E100_DT_1_0 | Ep. 27/100 - Step 0/273 (0.0 it/s) |                    | - loss_cc=4.636 - loss_ce=2.128 - loss_ne=0.00989 - loss_div=0.0 - threshold=1.0 - loss=6.775
[2026-03-29 16:38:46](logger.py 179): id=CC_FMNIST_E100_DT_1_0 | Ep. 27/100 - Step 25/273 (8.17 it/s) |#                   | - loss_cc=4.654 - loss_ce=2.129 - loss_ne=0.0171 - loss_div=0.0 - threshold=1.0 - loss=6.8
[2026-03-29 16:38:49](logger.py 179): id=CC_FMNIST_E100_DT_1_0 | Ep. 27/100 - Step 50/273 (8.18 it/s) |###                 | - loss_cc=4.651 - loss_ce=2.128 - loss_ne=0.0202 - loss_div=0.0 - threshold=1.0 - loss=6.799
[2026-03-29 16:38:52](logger.py 179): id=CC_FMNIST_E100_DT_1_0 | Ep. 27/100 - Step 75/273 (8.19 it/s) |#####               | - loss_cc=4.651 - loss_ce=2.127 - loss_ne=0.0195 - loss_div=0.0 - threshold=1.0 - loss=6.797
[2026-03-29 16:38:55](logger.py 179): id=CC_FMNIST_E100_DT_1_0 | Ep. 27/100 - Step 100/273 (8.21 it/s) |#######             | - loss_cc=4.648 - loss_ce=2.127 - loss_ne=0.019 - loss_div=0.0 - threshold=1.0 - loss=6.794
[2026-03-29 16:38:58](logger.py 179): id=CC_FMNIST_E100_DT_1_0 | Ep. 27/100 - Step 125/273 (8.2 it/s) |#########           | - loss_cc=4.648 - loss_ce=2.127 - loss_ne=0.0189 - loss_div=0.0 - threshold=1.0 - loss=6.793
[2026-03-29 16:39:01](logger.py 179): id=CC_FMNIST_E100_DT_1_0 | Ep. 27/100 - Step 150/273 (8.18 it/s) |##########          | - loss_cc=4.647 - loss_ce=2.127 - loss_ne=0.0184 - loss_div=0.0 - threshold=1.0 - loss=6.792
[2026-03-29 16:39:04](logger.py 179): id=CC_FMNIST_E100_DT_1_0 | Ep. 27/100 - Step 175/273 (8.19 it/s) |############        | - loss_cc=4.647 - loss_ce=2.127 - loss_ne=0.0182 - loss_div=0.0 - threshold=1.0 - loss=6.792
[2026-03-29 16:39:07](logger.py 179): id=CC_FMNIST_E100_DT_1_0 | Ep. 27/100 - Step 200/273 (8.2 it/s) |##############      | - loss_cc=4.647 - loss_ce=2.127 - loss_ne=0.018 - loss_div=0.0 - threshold=1.0 - loss=6.792
[2026-03-29 16:39:11](logger.py 179): id=CC_FMNIST_E100_DT_1_0 | Ep. 27/100 - Step 225/273 (8.19 it/s) |################    | - loss_cc=4.646 - loss_ce=2.127 - loss_ne=0.0183 - loss_div=0.0 - threshold=1.0 - loss=6.791
[2026-03-29 16:39:14](logger.py 179): id=CC_FMNIST_E100_DT_1_0 | Ep. 27/100 - Step 250/273 (8.2 it/s) |##################  | - loss_cc=4.646 - loss_ce=2.127 - loss_ne=0.0184 - loss_div=0.0 - threshold=1.0 - loss=6.791
[2026-03-29 16:39:16](logger.py 179): Evaluating
[2026-03-29 16:39:16](logger.py 179): Eval. step 0 of 274
[2026-03-29 16:39:17](logger.py 179): Eval. step 25 of 274
[2026-03-29 16:39:18](logger.py 179): Eval. step 50 of 274
[2026-03-29 16:39:18](logger.py 179): Eval. step 75 of 274
[2026-03-29 16:39:19](logger.py 179): Eval. step 100 of 274
[2026-03-29 16:39:20](logger.py 179): Eval. step 125 of 274
[2026-03-29 16:39:20](logger.py 179): Eval. step 150 of 274
[2026-03-29 16:39:21](logger.py 179): Eval. step 175 of 274
[2026-03-29 16:39:22](logger.py 179): Eval. step 200 of 274
[2026-03-29 16:39:22](logger.py 179): Eval. step 225 of 274
[2026-03-29 16:39:23](logger.py 179): Eval. step 250 of 274
[2026-03-29 16:39:24](logger.py 179): id=CC_FMNIST_E100_DT_1_0 | Ep. 27/100 | Time: 00:00 | loss_cc=4.646 - loss_ce=2.127 - loss_ne=0.0184 - loss_div=0.0 - threshold=1.0 - loss=6.791 - eval_confidence=0.892 - cluster_acc_0_eval=67.54 - cluster_nmi_0_eval=0.653 - cluster_ari_0_eval=0.556 - cluster_acc_1_eval=67.51 - cluster_nmi_1_eval=0.652 - cluster_ari_1_eval=0.556 - cluster_acc_2_eval=67.46 - cluster_nmi_2_eval=0.652 - cluster_ari_2_eval=0.556 - cluster_acc_3_eval=67.44 - cluster_nmi_3_eval=0.652 - cluster_ari_3_eval=0.555 - cluster_acc_4_eval=67.54 - cluster_nmi_4_eval=0.652 - cluster_ari_4_eval=0.556 - max_cluster_acc_eval=67.54 - mean_cluster_acc_eval=67.5 - min_cluster_acc_eval=67.44 - max_cluster_nmi_eval=0.653 - mean_cluster_nmi_eval=0.652 - min_cluster_nmi_eval=0.652 - max_cluster_ari_eval=0.556 - mean_cluster_ari_eval=0.556 - min_cluster_ari_eval=0.555 - interclustering_nmi_eval=0.982
/scratch/e0538389/DivClust/engine/trainer.py:41: FutureWarning: `torch.cuda.amp.autocast(args...)` is deprecated. Please use `torch.amp.autocast('cuda', args...)` instead.
  with autocast(self.mixed_precision):
[2026-03-29 16:39:25](logger.py 179): id=CC_FMNIST_E100_DT_1_0 | Ep. 28/100 - Step 0/273 (0.0 it/s) |                    | - loss_cc=4.649 - loss_ce=2.12 - loss_ne=0.0128 - loss_div=0.0 - threshold=1.0 - loss=6.781
[2026-03-29 16:39:28](logger.py 179): id=CC_FMNIST_E100_DT_1_0 | Ep. 28/100 - Step 25/273 (8.13 it/s) |#                   | - loss_cc=4.637 - loss_ce=2.127 - loss_ne=0.0161 - loss_div=0.0 - threshold=1.0 - loss=6.78
[2026-03-29 16:39:31](logger.py 179): id=CC_FMNIST_E100_DT_1_0 | Ep. 28/100 - Step 50/273 (8.18 it/s) |###                 | - loss_cc=4.637 - loss_ce=2.125 - loss_ne=0.0157 - loss_div=0.0 - threshold=1.0 - loss=6.778
[2026-03-29 16:39:34](logger.py 179): id=CC_FMNIST_E100_DT_1_0 | Ep. 28/100 - Step 75/273 (8.2 it/s) |#####               | - loss_cc=4.641 - loss_ce=2.126 - loss_ne=0.016 - loss_div=0.0 - threshold=1.0 - loss=6.783
[2026-03-29 16:39:37](logger.py 179): id=CC_FMNIST_E100_DT_1_0 | Ep. 28/100 - Step 100/273 (8.22 it/s) |#######             | - loss_cc=4.642 - loss_ce=2.127 - loss_ne=0.0162 - loss_div=0.0 - threshold=1.0 - loss=6.786
[2026-03-29 16:39:40](logger.py 179): id=CC_FMNIST_E100_DT_1_0 | Ep. 28/100 - Step 125/273 (8.22 it/s) |#########           | - loss_cc=4.642 - loss_ce=2.126 - loss_ne=0.016 - loss_div=0.0 - threshold=1.0 - loss=6.784
[2026-03-29 16:39:43](logger.py 179): id=CC_FMNIST_E100_DT_1_0 | Ep. 28/100 - Step 150/273 (8.23 it/s) |##########          | - loss_cc=4.643 - loss_ce=2.127 - loss_ne=0.0162 - loss_div=0.0 - threshold=1.0 - loss=6.786
[2026-03-29 16:39:46](logger.py 179): id=CC_FMNIST_E100_DT_1_0 | Ep. 28/100 - Step 175/273 (8.23 it/s) |############        | - loss_cc=4.643 - loss_ce=2.126 - loss_ne=0.016 - loss_div=0.0 - threshold=1.0 - loss=6.785
[2026-03-29 16:39:49](logger.py 179): id=CC_FMNIST_E100_DT_1_0 | Ep. 28/100 - Step 200/273 (8.23 it/s) |##############      | - loss_cc=4.643 - loss_ce=2.126 - loss_ne=0.0162 - loss_div=0.0 - threshold=1.0 - loss=6.785
[2026-03-29 16:39:52](logger.py 179): id=CC_FMNIST_E100_DT_1_0 | Ep. 28/100 - Step 225/273 (8.23 it/s) |################    | - loss_cc=4.643 - loss_ce=2.127 - loss_ne=0.0161 - loss_div=0.0 - threshold=1.0 - loss=6.786
[2026-03-29 16:39:55](logger.py 179): id=CC_FMNIST_E100_DT_1_0 | Ep. 28/100 - Step 250/273 (8.23 it/s) |##################  | - loss_cc=4.642 - loss_ce=2.126 - loss_ne=0.016 - loss_div=0.0 - threshold=1.0 - loss=6.784
[2026-03-29 16:39:57](logger.py 179): Evaluating
[2026-03-29 16:39:58](logger.py 179): Eval. step 0 of 274
[2026-03-29 16:39:58](logger.py 179): Eval. step 25 of 274
[2026-03-29 16:39:59](logger.py 179): Eval. step 50 of 274
[2026-03-29 16:40:00](logger.py 179): Eval. step 75 of 274
[2026-03-29 16:40:00](logger.py 179): Eval. step 100 of 274
[2026-03-29 16:40:01](logger.py 179): Eval. step 125 of 274
[2026-03-29 16:40:02](logger.py 179): Eval. step 150 of 274
[2026-03-29 16:40:02](logger.py 179): Eval. step 175 of 274
[2026-03-29 16:40:03](logger.py 179): Eval. step 200 of 274
[2026-03-29 16:40:04](logger.py 179): Eval. step 225 of 274
[2026-03-29 16:40:04](logger.py 179): Eval. step 250 of 274
[2026-03-29 16:40:05](logger.py 179): id=CC_FMNIST_E100_DT_1_0 | Ep. 28/100 | Time: 00:00 | loss_cc=4.642 - loss_ce=2.126 - loss_ne=0.0161 - loss_div=0.0 - threshold=1.0 - loss=6.784 - eval_confidence=0.896 - cluster_acc_0_eval=66.63 - cluster_nmi_0_eval=0.639 - cluster_ari_0_eval=0.536 - cluster_acc_1_eval=66.74 - cluster_nmi_1_eval=0.64 - cluster_ari_1_eval=0.537 - cluster_acc_2_eval=66.52 - cluster_nmi_2_eval=0.639 - cluster_ari_2_eval=0.535 - cluster_acc_3_eval=66.53 - cluster_nmi_3_eval=0.639 - cluster_ari_3_eval=0.535 - cluster_acc_4_eval=66.68 - cluster_nmi_4_eval=0.639 - cluster_ari_4_eval=0.536 - max_cluster_acc_eval=66.74 - mean_cluster_acc_eval=66.62 - min_cluster_acc_eval=66.52 - max_cluster_nmi_eval=0.64 - mean_cluster_nmi_eval=0.639 - min_cluster_nmi_eval=0.639 - max_cluster_ari_eval=0.537 - mean_cluster_ari_eval=0.536 - min_cluster_ari_eval=0.535 - interclustering_nmi_eval=0.98
/scratch/e0538389/DivClust/engine/trainer.py:41: FutureWarning: `torch.cuda.amp.autocast(args...)` is deprecated. Please use `torch.amp.autocast('cuda', args...)` instead.
  with autocast(self.mixed_precision):
[2026-03-29 16:40:06](logger.py 179): id=CC_FMNIST_E100_DT_1_0 | Ep. 29/100 - Step 0/273 (0.0 it/s) |                    | - loss_cc=4.64 - loss_ce=2.119 - loss_ne=0.0191 - loss_div=0.0 - threshold=1.0 - loss=6.778
[2026-03-29 16:40:09](logger.py 179): id=CC_FMNIST_E100_DT_1_0 | Ep. 29/100 - Step 25/273 (8.28 it/s) |#                   | - loss_cc=4.644 - loss_ce=2.125 - loss_ne=0.0171 - loss_div=0.0 - threshold=1.0 - loss=6.786
[2026-03-29 16:40:12](logger.py 179): id=CC_FMNIST_E100_DT_1_0 | Ep. 29/100 - Step 50/273 (8.28 it/s) |###                 | - loss_cc=4.64 - loss_ce=2.124 - loss_ne=0.0172 - loss_div=0.0 - threshold=1.0 - loss=6.781
[2026-03-29 16:40:15](logger.py 179): id=CC_FMNIST_E100_DT_1_0 | Ep. 29/100 - Step 75/273 (8.29 it/s) |#####               | - loss_cc=4.638 - loss_ce=2.123 - loss_ne=0.017 - loss_div=0.0 - threshold=1.0 - loss=6.778
[2026-03-29 16:40:18](logger.py 179): id=CC_FMNIST_E100_DT_1_0 | Ep. 29/100 - Step 100/273 (8.3 it/s) |#######             | - loss_cc=4.639 - loss_ce=2.124 - loss_ne=0.0178 - loss_div=0.0 - threshold=1.0 - loss=6.781
[2026-03-29 16:40:21](logger.py 179): id=CC_FMNIST_E100_DT_1_0 | Ep. 29/100 - Step 125/273 (8.3 it/s) |#########           | - loss_cc=4.638 - loss_ce=2.125 - loss_ne=0.0173 - loss_div=0.0 - threshold=1.0 - loss=6.78
[2026-03-29 16:40:24](logger.py 179): id=CC_FMNIST_E100_DT_1_0 | Ep. 29/100 - Step 150/273 (8.29 it/s) |##########          | - loss_cc=4.639 - loss_ce=2.125 - loss_ne=0.0168 - loss_div=0.0 - threshold=1.0 - loss=6.78
[2026-03-29 16:40:27](logger.py 179): id=CC_FMNIST_E100_DT_1_0 | Ep. 29/100 - Step 175/273 (8.28 it/s) |############        | - loss_cc=4.639 - loss_ce=2.125 - loss_ne=0.0171 - loss_div=0.0 - threshold=1.0 - loss=6.781
[2026-03-29 16:40:30](logger.py 179): id=CC_FMNIST_E100_DT_1_0 | Ep. 29/100 - Step 200/273 (8.27 it/s) |##############      | - loss_cc=4.639 - loss_ce=2.125 - loss_ne=0.0168 - loss_div=0.0 - threshold=1.0 - loss=6.78
[2026-03-29 16:40:33](logger.py 179): id=CC_FMNIST_E100_DT_1_0 | Ep. 29/100 - Step 225/273 (8.27 it/s) |################    | - loss_cc=4.639 - loss_ce=2.125 - loss_ne=0.0169 - loss_div=0.0 - threshold=1.0 - loss=6.78
[2026-03-29 16:40:36](logger.py 179): id=CC_FMNIST_E100_DT_1_0 | Ep. 29/100 - Step 250/273 (8.27 it/s) |##################  | - loss_cc=4.639 - loss_ce=2.125 - loss_ne=0.0168 - loss_div=0.0 - threshold=1.0 - loss=6.781
[2026-03-29 16:40:39](logger.py 179): Evaluating
[2026-03-29 16:40:39](logger.py 179): Eval. step 0 of 274
[2026-03-29 16:40:40](logger.py 179): Eval. step 25 of 274
[2026-03-29 16:40:40](logger.py 179): Eval. step 50 of 274
[2026-03-29 16:40:41](logger.py 179): Eval. step 75 of 274
[2026-03-29 16:40:42](logger.py 179): Eval. step 100 of 274
[2026-03-29 16:40:42](logger.py 179): Eval. step 125 of 274
[2026-03-29 16:40:43](logger.py 179): Eval. step 150 of 274
[2026-03-29 16:40:44](logger.py 179): Eval. step 175 of 274
[2026-03-29 16:40:44](logger.py 179): Eval. step 200 of 274
[2026-03-29 16:40:45](logger.py 179): Eval. step 225 of 274
[2026-03-29 16:40:46](logger.py 179): Eval. step 250 of 274
[2026-03-29 16:40:47](logger.py 179): id=CC_FMNIST_E100_DT_1_0 | Ep. 29/100 | Time: 00:00 | loss_cc=4.64 - loss_ce=2.125 - loss_ne=0.0165 - loss_div=0.0 - threshold=1.0 - loss=6.781 - eval_confidence=0.891 - cluster_acc_0_eval=66.99 - cluster_nmi_0_eval=0.638 - cluster_ari_0_eval=0.539 - cluster_acc_1_eval=67.05 - cluster_nmi_1_eval=0.638 - cluster_ari_1_eval=0.539 - cluster_acc_2_eval=66.9 - cluster_nmi_2_eval=0.637 - cluster_ari_2_eval=0.538 - cluster_acc_3_eval=66.94 - cluster_nmi_3_eval=0.637 - cluster_ari_3_eval=0.539 - cluster_acc_4_eval=67.0 - cluster_nmi_4_eval=0.638 - cluster_ari_4_eval=0.539 - max_cluster_acc_eval=67.05 - mean_cluster_acc_eval=66.98 - min_cluster_acc_eval=66.9 - max_cluster_nmi_eval=0.638 - mean_cluster_nmi_eval=0.637 - min_cluster_nmi_eval=0.637 - max_cluster_ari_eval=0.539 - mean_cluster_ari_eval=0.539 - min_cluster_ari_eval=0.538 - interclustering_nmi_eval=0.977
/scratch/e0538389/DivClust/engine/trainer.py:41: FutureWarning: `torch.cuda.amp.autocast(args...)` is deprecated. Please use `torch.amp.autocast('cuda', args...)` instead.
  with autocast(self.mixed_precision):
[2026-03-29 16:40:47](logger.py 179): id=CC_FMNIST_E100_DT_1_0 | Ep. 30/100 - Step 0/273 (0.0 it/s) |                    | - loss_cc=4.619 - loss_ce=2.105 - loss_ne=0.0104 - loss_div=0.0 - threshold=1.0 - loss=6.735
[2026-03-29 16:40:50](logger.py 179): id=CC_FMNIST_E100_DT_1_0 | Ep. 30/100 - Step 25/273 (8.21 it/s) |#                   | - loss_cc=4.644 - loss_ce=2.125 - loss_ne=0.0175 - loss_div=0.0 - threshold=1.0 - loss=6.786
[2026-03-29 16:40:53](logger.py 179): id=CC_FMNIST_E100_DT_1_0 | Ep. 30/100 - Step 50/273 (8.22 it/s) |###                 | - loss_cc=4.642 - loss_ce=2.125 - loss_ne=0.0187 - loss_div=0.0 - threshold=1.0 - loss=6.785
[2026-03-29 16:40:56](logger.py 179): id=CC_FMNIST_E100_DT_1_0 | Ep. 30/100 - Step 75/273 (8.26 it/s) |#####               | - loss_cc=4.641 - loss_ce=2.125 - loss_ne=0.0179 - loss_div=0.0 - threshold=1.0 - loss=6.784
[2026-03-29 16:40:59](logger.py 179): id=CC_FMNIST_E100_DT_1_0 | Ep. 30/100 - Step 100/273 (8.29 it/s) |#######             | - loss_cc=4.64 - loss_ce=2.125 - loss_ne=0.0177 - loss_div=0.0 - threshold=1.0 - loss=6.783
[2026-03-29 16:41:02](logger.py 179): id=CC_FMNIST_E100_DT_1_0 | Ep. 30/100 - Step 125/273 (8.29 it/s) |#########           | - loss_cc=4.639 - loss_ce=2.124 - loss_ne=0.0175 - loss_div=0.0 - threshold=1.0 - loss=6.781
[2026-03-29 16:41:05](logger.py 179): id=CC_FMNIST_E100_DT_1_0 | Ep. 30/100 - Step 150/273 (8.27 it/s) |##########          | - loss_cc=4.64 - loss_ce=2.125 - loss_ne=0.0172 - loss_div=0.0 - threshold=1.0 - loss=6.782
[2026-03-29 16:41:08](logger.py 179): id=CC_FMNIST_E100_DT_1_0 | Ep. 30/100 - Step 175/273 (8.27 it/s) |############        | - loss_cc=4.639 - loss_ce=2.124 - loss_ne=0.017 - loss_div=0.0 - threshold=1.0 - loss=6.78
[2026-03-29 16:41:11](logger.py 179): id=CC_FMNIST_E100_DT_1_0 | Ep. 30/100 - Step 200/273 (8.26 it/s) |##############      | - loss_cc=4.639 - loss_ce=2.124 - loss_ne=0.0169 - loss_div=0.0 - threshold=1.0 - loss=6.78
[2026-03-29 16:41:14](logger.py 179): id=CC_FMNIST_E100_DT_1_0 | Ep. 30/100 - Step 225/273 (8.27 it/s) |################    | - loss_cc=4.639 - loss_ce=2.124 - loss_ne=0.0167 - loss_div=0.0 - threshold=1.0 - loss=6.78
[2026-03-29 16:41:17](logger.py 179): id=CC_FMNIST_E100_DT_1_0 | Ep. 30/100 - Step 250/273 (8.27 it/s) |##################  | - loss_cc=4.64 - loss_ce=2.125 - loss_ne=0.0165 - loss_div=0.0 - threshold=1.0 - loss=6.781
[2026-03-29 16:41:20](logger.py 179): Evaluating
[2026-03-29 16:41:20](logger.py 179): Eval. step 0 of 274
[2026-03-29 16:41:21](logger.py 179): Eval. step 25 of 274
[2026-03-29 16:41:21](logger.py 179): Eval. step 50 of 274
[2026-03-29 16:41:22](logger.py 179): Eval. step 75 of 274
[2026-03-29 16:41:23](logger.py 179): Eval. step 100 of 274
[2026-03-29 16:41:23](logger.py 179): Eval. step 125 of 274
[2026-03-29 16:41:24](logger.py 179): Eval. step 150 of 274
[2026-03-29 16:41:25](logger.py 179): Eval. step 175 of 274
[2026-03-29 16:41:25](logger.py 179): Eval. step 200 of 274
[2026-03-29 16:41:26](logger.py 179): Eval. step 225 of 274
[2026-03-29 16:41:27](logger.py 179): Eval. step 250 of 274
[2026-03-29 16:41:28](logger.py 179): id=CC_FMNIST_E100_DT_1_0 | Ep. 30/100 | Time: 00:00 | loss_cc=4.64 - loss_ce=2.125 - loss_ne=0.0167 - loss_div=0.0 - threshold=1.0 - loss=6.782 - eval_confidence=0.894 - cluster_acc_0_eval=66.73 - cluster_nmi_0_eval=0.641 - cluster_ari_0_eval=0.541 - cluster_acc_1_eval=66.83 - cluster_nmi_1_eval=0.641 - cluster_ari_1_eval=0.541 - cluster_acc_2_eval=66.69 - cluster_nmi_2_eval=0.64 - cluster_ari_2_eval=0.54 - cluster_acc_3_eval=66.67 - cluster_nmi_3_eval=0.64 - cluster_ari_3_eval=0.54 - cluster_acc_4_eval=66.78 - cluster_nmi_4_eval=0.641 - cluster_ari_4_eval=0.541 - max_cluster_acc_eval=66.83 - mean_cluster_acc_eval=66.74 - min_cluster_acc_eval=66.67 - max_cluster_nmi_eval=0.641 - mean_cluster_nmi_eval=0.641 - min_cluster_nmi_eval=0.64 - max_cluster_ari_eval=0.541 - mean_cluster_ari_eval=0.541 - min_cluster_ari_eval=0.54 - interclustering_nmi_eval=0.979
/scratch/e0538389/DivClust/engine/trainer.py:41: FutureWarning: `torch.cuda.amp.autocast(args...)` is deprecated. Please use `torch.amp.autocast('cuda', args...)` instead.
  with autocast(self.mixed_precision):
[2026-03-29 16:41:28](logger.py 179): id=CC_FMNIST_E100_DT_1_0 | Ep. 31/100 - Step 0/273 (0.0 it/s) |                    | - loss_cc=4.641 - loss_ce=2.119 - loss_ne=0.00736 - loss_div=0.0 - threshold=1.0 - loss=6.767
[2026-03-29 16:41:31](logger.py 179): id=CC_FMNIST_E100_DT_1_0 | Ep. 31/100 - Step 25/273 (8.21 it/s) |#                   | - loss_cc=4.638 - loss_ce=2.124 - loss_ne=0.0174 - loss_div=0.0 - threshold=1.0 - loss=6.779
[2026-03-29 16:41:34](logger.py 179): id=CC_FMNIST_E100_DT_1_0 | Ep. 31/100 - Step 50/273 (8.3 it/s) |###                 | - loss_cc=4.634 - loss_ce=2.122 - loss_ne=0.017 - loss_div=0.0 - threshold=1.0 - loss=6.773
[2026-03-29 16:41:37](logger.py 179): id=CC_FMNIST_E100_DT_1_0 | Ep. 31/100 - Step 75/273 (8.33 it/s) |#####               | - loss_cc=4.633 - loss_ce=2.121 - loss_ne=0.0174 - loss_div=0.0 - threshold=1.0 - loss=6.771
[2026-03-29 16:41:40](logger.py 179): id=CC_FMNIST_E100_DT_1_0 | Ep. 31/100 - Step 100/273 (8.35 it/s) |#######             | - loss_cc=4.632 - loss_ce=2.12 - loss_ne=0.0172 - loss_div=0.0 - threshold=1.0 - loss=6.769
[2026-03-29 16:41:43](logger.py 179): id=CC_FMNIST_E100_DT_1_0 | Ep. 31/100 - Step 125/273 (8.36 it/s) |#########           | - loss_cc=4.633 - loss_ce=2.12 - loss_ne=0.0171 - loss_div=0.0 - threshold=1.0 - loss=6.77
[2026-03-29 16:41:46](logger.py 179): id=CC_FMNIST_E100_DT_1_0 | Ep. 31/100 - Step 150/273 (8.36 it/s) |##########          | - loss_cc=4.633 - loss_ce=2.121 - loss_ne=0.017 - loss_div=0.0 - threshold=1.0 - loss=6.771
[2026-03-29 16:41:49](logger.py 179): id=CC_FMNIST_E100_DT_1_0 | Ep. 31/100 - Step 175/273 (8.36 it/s) |############        | - loss_cc=4.633 - loss_ce=2.121 - loss_ne=0.0169 - loss_div=0.0 - threshold=1.0 - loss=6.771
[2026-03-29 16:41:52](logger.py 179): id=CC_FMNIST_E100_DT_1_0 | Ep. 31/100 - Step 200/273 (8.37 it/s) |##############      | - loss_cc=4.633 - loss_ce=2.121 - loss_ne=0.0169 - loss_div=0.0 - threshold=1.0 - loss=6.771
[2026-03-29 16:41:55](logger.py 179): id=CC_FMNIST_E100_DT_1_0 | Ep. 31/100 - Step 225/273 (8.36 it/s) |################    | - loss_cc=4.634 - loss_ce=2.121 - loss_ne=0.0169 - loss_div=0.0 - threshold=1.0 - loss=6.772
[2026-03-29 16:41:58](logger.py 179): id=CC_FMNIST_E100_DT_1_0 | Ep. 31/100 - Step 250/273 (8.37 it/s) |##################  | - loss_cc=4.634 - loss_ce=2.121 - loss_ne=0.0169 - loss_div=0.0 - threshold=1.0 - loss=6.772
[2026-03-29 16:42:01](logger.py 179): Evaluating
[2026-03-29 16:42:01](logger.py 179): Eval. step 0 of 274
[2026-03-29 16:42:02](logger.py 179): Eval. step 25 of 274
[2026-03-29 16:42:02](logger.py 179): Eval. step 50 of 274
[2026-03-29 16:42:03](logger.py 179): Eval. step 75 of 274
[2026-03-29 16:42:04](logger.py 179): Eval. step 100 of 274
[2026-03-29 16:42:04](logger.py 179): Eval. step 125 of 274
[2026-03-29 16:42:05](logger.py 179): Eval. step 150 of 274
[2026-03-29 16:42:06](logger.py 179): Eval. step 175 of 274
[2026-03-29 16:42:06](logger.py 179): Eval. step 200 of 274
[2026-03-29 16:42:07](logger.py 179): Eval. step 225 of 274
[2026-03-29 16:42:08](logger.py 179): Eval. step 250 of 274
[2026-03-29 16:42:09](logger.py 179): id=CC_FMNIST_E100_DT_1_0 | Ep. 31/100 | Time: 00:00 | loss_cc=4.634 - loss_ce=2.122 - loss_ne=0.0171 - loss_div=0.0 - threshold=1.0 - loss=6.773 - eval_confidence=0.893 - cluster_acc_0_eval=67.24 - cluster_nmi_0_eval=0.641 - cluster_ari_0_eval=0.537 - cluster_acc_1_eval=67.29 - cluster_nmi_1_eval=0.641 - cluster_ari_1_eval=0.537 - cluster_acc_2_eval=67.16 - cluster_nmi_2_eval=0.64 - cluster_ari_2_eval=0.536 - cluster_acc_3_eval=67.17 - cluster_nmi_3_eval=0.64 - cluster_ari_3_eval=0.536 - cluster_acc_4_eval=67.24 - cluster_nmi_4_eval=0.641 - cluster_ari_4_eval=0.536 - max_cluster_acc_eval=67.29 - mean_cluster_acc_eval=67.22 - min_cluster_acc_eval=67.16 - max_cluster_nmi_eval=0.641 - mean_cluster_nmi_eval=0.641 - min_cluster_nmi_eval=0.64 - max_cluster_ari_eval=0.537 - mean_cluster_ari_eval=0.537 - min_cluster_ari_eval=0.536 - interclustering_nmi_eval=0.98
/scratch/e0538389/DivClust/engine/trainer.py:41: FutureWarning: `torch.cuda.amp.autocast(args...)` is deprecated. Please use `torch.amp.autocast('cuda', args...)` instead.
  with autocast(self.mixed_precision):
[2026-03-29 16:42:09](logger.py 179): id=CC_FMNIST_E100_DT_1_0 | Ep. 32/100 - Step 0/273 (0.0 it/s) |                    | - loss_cc=4.617 - loss_ce=2.113 - loss_ne=0.0233 - loss_div=0.0 - threshold=1.0 - loss=6.754
[2026-03-29 16:42:12](logger.py 179): id=CC_FMNIST_E100_DT_1_0 | Ep. 32/100 - Step 25/273 (8.29 it/s) |#                   | - loss_cc=4.624 - loss_ce=2.116 - loss_ne=0.0161 - loss_div=0.0 - threshold=1.0 - loss=6.757
[2026-03-29 16:42:15](logger.py 179): id=CC_FMNIST_E100_DT_1_0 | Ep. 32/100 - Step 50/273 (8.28 it/s) |###                 | - loss_cc=4.625 - loss_ce=2.119 - loss_ne=0.016 - loss_div=0.0 - threshold=1.0 - loss=6.76
[2026-03-29 16:42:18](logger.py 179): id=CC_FMNIST_E100_DT_1_0 | Ep. 32/100 - Step 75/273 (8.26 it/s) |#####               | - loss_cc=4.627 - loss_ce=2.12 - loss_ne=0.0168 - loss_div=0.0 - threshold=1.0 - loss=6.765
[2026-03-29 16:42:21](logger.py 179): id=CC_FMNIST_E100_DT_1_0 | Ep. 32/100 - Step 100/273 (8.28 it/s) |#######             | - loss_cc=4.63 - loss_ce=2.122 - loss_ne=0.0161 - loss_div=0.0 - threshold=1.0 - loss=6.768
[2026-03-29 16:42:24](logger.py 179): id=CC_FMNIST_E100_DT_1_0 | Ep. 32/100 - Step 125/273 (8.29 it/s) |#########           | - loss_cc=4.631 - loss_ce=2.122 - loss_ne=0.0162 - loss_div=0.0 - threshold=1.0 - loss=6.769
[2026-03-29 16:42:27](logger.py 179): id=CC_FMNIST_E100_DT_1_0 | Ep. 32/100 - Step 150/273 (8.3 it/s) |##########          | - loss_cc=4.63 - loss_ce=2.122 - loss_ne=0.0167 - loss_div=0.0 - threshold=1.0 - loss=6.768
[2026-03-29 16:42:30](logger.py 179): id=CC_FMNIST_E100_DT_1_0 | Ep. 32/100 - Step 175/273 (8.3 it/s) |############        | - loss_cc=4.63 - loss_ce=2.121 - loss_ne=0.0166 - loss_div=0.0 - threshold=1.0 - loss=6.768
[2026-03-29 16:42:33](logger.py 179): id=CC_FMNIST_E100_DT_1_0 | Ep. 32/100 - Step 200/273 (8.28 it/s) |##############      | - loss_cc=4.63 - loss_ce=2.121 - loss_ne=0.0168 - loss_div=0.0 - threshold=1.0 - loss=6.768
[2026-03-29 16:42:36](logger.py 179): id=CC_FMNIST_E100_DT_1_0 | Ep. 32/100 - Step 225/273 (8.27 it/s) |################    | - loss_cc=4.63 - loss_ce=2.121 - loss_ne=0.0169 - loss_div=0.0 - threshold=1.0 - loss=6.768
[2026-03-29 16:42:39](logger.py 179): id=CC_FMNIST_E100_DT_1_0 | Ep. 32/100 - Step 250/273 (8.27 it/s) |##################  | - loss_cc=4.631 - loss_ce=2.121 - loss_ne=0.017 - loss_div=0.0 - threshold=1.0 - loss=6.769
[2026-03-29 16:42:42](logger.py 179): Evaluating
[2026-03-29 16:42:42](logger.py 179): Eval. step 0 of 274
[2026-03-29 16:42:43](logger.py 179): Eval. step 25 of 274
[2026-03-29 16:42:43](logger.py 179): Eval. step 50 of 274
[2026-03-29 16:42:44](logger.py 179): Eval. step 75 of 274
[2026-03-29 16:42:45](logger.py 179): Eval. step 100 of 274
[2026-03-29 16:42:46](logger.py 179): Eval. step 125 of 274
[2026-03-29 16:42:46](logger.py 179): Eval. step 150 of 274
[2026-03-29 16:42:47](logger.py 179): Eval. step 175 of 274
[2026-03-29 16:42:48](logger.py 179): Eval. step 200 of 274
[2026-03-29 16:42:48](logger.py 179): Eval. step 225 of 274
[2026-03-29 16:42:49](logger.py 179): Eval. step 250 of 274
[2026-03-29 16:42:50](logger.py 179): id=CC_FMNIST_E100_DT_1_0 | Ep. 32/100 | Time: 00:00 | loss_cc=4.631 - loss_ce=2.121 - loss_ne=0.0169 - loss_div=0.0 - threshold=1.0 - loss=6.769 - eval_confidence=0.895 - cluster_acc_0_eval=66.54 - cluster_nmi_0_eval=0.641 - cluster_ari_0_eval=0.542 - cluster_acc_1_eval=66.64 - cluster_nmi_1_eval=0.642 - cluster_ari_1_eval=0.542 - cluster_acc_2_eval=66.56 - cluster_nmi_2_eval=0.642 - cluster_ari_2_eval=0.542 - cluster_acc_3_eval=66.52 - cluster_nmi_3_eval=0.641 - cluster_ari_3_eval=0.541 - cluster_acc_4_eval=66.56 - cluster_nmi_4_eval=0.641 - cluster_ari_4_eval=0.541 - max_cluster_acc_eval=66.64 - mean_cluster_acc_eval=66.56 - min_cluster_acc_eval=66.52 - max_cluster_nmi_eval=0.642 - mean_cluster_nmi_eval=0.641 - min_cluster_nmi_eval=0.641 - max_cluster_ari_eval=0.542 - mean_cluster_ari_eval=0.542 - min_cluster_ari_eval=0.541 - interclustering_nmi_eval=0.98
/scratch/e0538389/DivClust/engine/trainer.py:41: FutureWarning: `torch.cuda.amp.autocast(args...)` is deprecated. Please use `torch.amp.autocast('cuda', args...)` instead.
  with autocast(self.mixed_precision):
[2026-03-29 16:42:50](logger.py 179): id=CC_FMNIST_E100_DT_1_0 | Ep. 33/100 - Step 0/273 (0.0 it/s) |                    | - loss_cc=4.603 - loss_ce=2.11 - loss_ne=0.0118 - loss_div=0.0 - threshold=1.0 - loss=6.724
[2026-03-29 16:42:53](logger.py 179): id=CC_FMNIST_E100_DT_1_0 | Ep. 33/100 - Step 25/273 (8.22 it/s) |#                   | - loss_cc=4.633 - loss_ce=2.121 - loss_ne=0.0145 - loss_div=0.0 - threshold=1.0 - loss=6.768
[2026-03-29 16:42:56](logger.py 179): id=CC_FMNIST_E100_DT_1_0 | Ep. 33/100 - Step 50/273 (8.25 it/s) |###                 | - loss_cc=4.631 - loss_ce=2.12 - loss_ne=0.015 - loss_div=0.0 - threshold=1.0 - loss=6.767
[2026-03-29 16:42:59](logger.py 179): id=CC_FMNIST_E100_DT_1_0 | Ep. 33/100 - Step 75/273 (8.25 it/s) |#####               | - loss_cc=4.631 - loss_ce=2.121 - loss_ne=0.0152 - loss_div=0.0 - threshold=1.0 - loss=6.767
[2026-03-29 16:43:03](logger.py 179): id=CC_FMNIST_E100_DT_1_0 | Ep. 33/100 - Step 100/273 (8.25 it/s) |#######             | - loss_cc=4.631 - loss_ce=2.121 - loss_ne=0.0153 - loss_div=0.0 - threshold=1.0 - loss=6.767
[2026-03-29 16:43:06](logger.py 179): id=CC_FMNIST_E100_DT_1_0 | Ep. 33/100 - Step 125/273 (8.25 it/s) |#########           | - loss_cc=4.631 - loss_ce=2.121 - loss_ne=0.0158 - loss_div=0.0 - threshold=1.0 - loss=6.768
[2026-03-29 16:43:09](logger.py 179): id=CC_FMNIST_E100_DT_1_0 | Ep. 33/100 - Step 150/273 (8.25 it/s) |##########          | - loss_cc=4.631 - loss_ce=2.122 - loss_ne=0.0157 - loss_div=0.0 - threshold=1.0 - loss=6.769
[2026-03-29 16:43:12](logger.py 179): id=CC_FMNIST_E100_DT_1_0 | Ep. 33/100 - Step 175/273 (8.24 it/s) |############        | - loss_cc=4.631 - loss_ce=2.121 - loss_ne=0.0157 - loss_div=0.0 - threshold=1.0 - loss=6.767
[2026-03-29 16:43:15](logger.py 179): id=CC_FMNIST_E100_DT_1_0 | Ep. 33/100 - Step 200/273 (8.24 it/s) |##############      | - loss_cc=4.631 - loss_ce=2.121 - loss_ne=0.0155 - loss_div=0.0 - threshold=1.0 - loss=6.768
[2026-03-29 16:43:18](logger.py 179): id=CC_FMNIST_E100_DT_1_0 | Ep. 33/100 - Step 225/273 (8.25 it/s) |################    | - loss_cc=4.63 - loss_ce=2.121 - loss_ne=0.0156 - loss_div=0.0 - threshold=1.0 - loss=6.767
[2026-03-29 16:43:21](logger.py 179): id=CC_FMNIST_E100_DT_1_0 | Ep. 33/100 - Step 250/273 (8.25 it/s) |##################  | - loss_cc=4.63 - loss_ce=2.121 - loss_ne=0.0158 - loss_div=0.0 - threshold=1.0 - loss=6.767
[2026-03-29 16:43:23](logger.py 179): Evaluating
[2026-03-29 16:43:23](logger.py 179): Eval. step 0 of 274
[2026-03-29 16:43:24](logger.py 179): Eval. step 25 of 274
[2026-03-29 16:43:25](logger.py 179): Eval. step 50 of 274
[2026-03-29 16:43:25](logger.py 179): Eval. step 75 of 274
[2026-03-29 16:43:26](logger.py 179): Eval. step 100 of 274
[2026-03-29 16:43:27](logger.py 179): Eval. step 125 of 274
[2026-03-29 16:43:27](logger.py 179): Eval. step 150 of 274
[2026-03-29 16:43:28](logger.py 179): Eval. step 175 of 274
[2026-03-29 16:43:29](logger.py 179): Eval. step 200 of 274
[2026-03-29 16:43:30](logger.py 179): Eval. step 225 of 274
[2026-03-29 16:43:30](logger.py 179): Eval. step 250 of 274
[2026-03-29 16:43:31](logger.py 179): id=CC_FMNIST_E100_DT_1_0 | Ep. 33/100 | Time: 00:00 | loss_cc=4.63 - loss_ce=2.121 - loss_ne=0.0159 - loss_div=0.0 - threshold=1.0 - loss=6.767 - eval_confidence=0.894 - cluster_acc_0_eval=66.85 - cluster_nmi_0_eval=0.639 - cluster_ari_0_eval=0.539 - cluster_acc_1_eval=66.9 - cluster_nmi_1_eval=0.64 - cluster_ari_1_eval=0.54 - cluster_acc_2_eval=66.83 - cluster_nmi_2_eval=0.639 - cluster_ari_2_eval=0.539 - cluster_acc_3_eval=66.78 - cluster_nmi_3_eval=0.639 - cluster_ari_3_eval=0.539 - cluster_acc_4_eval=66.85 - cluster_nmi_4_eval=0.639 - cluster_ari_4_eval=0.539 - max_cluster_acc_eval=66.9 - mean_cluster_acc_eval=66.84 - min_cluster_acc_eval=66.78 - max_cluster_nmi_eval=0.64 - mean_cluster_nmi_eval=0.639 - min_cluster_nmi_eval=0.639 - max_cluster_ari_eval=0.54 - mean_cluster_ari_eval=0.539 - min_cluster_ari_eval=0.539 - interclustering_nmi_eval=0.981
/scratch/e0538389/DivClust/engine/trainer.py:41: FutureWarning: `torch.cuda.amp.autocast(args...)` is deprecated. Please use `torch.amp.autocast('cuda', args...)` instead.
  with autocast(self.mixed_precision):
[2026-03-29 16:43:32](logger.py 179): id=CC_FMNIST_E100_DT_1_0 | Ep. 34/100 - Step 0/273 (0.0 it/s) |                    | - loss_cc=4.622 - loss_ce=2.113 - loss_ne=0.0185 - loss_div=0.0 - threshold=1.0 - loss=6.753
[2026-03-29 16:43:35](logger.py 179): id=CC_FMNIST_E100_DT_1_0 | Ep. 34/100 - Step 25/273 (8.24 it/s) |#                   | - loss_cc=4.626 - loss_ce=2.118 - loss_ne=0.0171 - loss_div=0.0 - threshold=1.0 - loss=6.761
[2026-03-29 16:43:38](logger.py 179): id=CC_FMNIST_E100_DT_1_0 | Ep. 34/100 - Step 50/273 (8.25 it/s) |###                 | - loss_cc=4.63 - loss_ce=2.119 - loss_ne=0.0177 - loss_div=0.0 - threshold=1.0 - loss=6.767
[2026-03-29 16:43:41](logger.py 179): id=CC_FMNIST_E100_DT_1_0 | Ep. 34/100 - Step 75/273 (8.27 it/s) |#####               | - loss_cc=4.628 - loss_ce=2.12 - loss_ne=0.0171 - loss_div=0.0 - threshold=1.0 - loss=6.765
[2026-03-29 16:43:44](logger.py 179): id=CC_FMNIST_E100_DT_1_0 | Ep. 34/100 - Step 100/273 (8.28 it/s) |#######             | - loss_cc=4.628 - loss_ce=2.12 - loss_ne=0.0168 - loss_div=0.0 - threshold=1.0 - loss=6.765
[2026-03-29 16:43:47](logger.py 179): id=CC_FMNIST_E100_DT_1_0 | Ep. 34/100 - Step 125/273 (8.29 it/s) |#########           | - loss_cc=4.629 - loss_ce=2.12 - loss_ne=0.0167 - loss_div=0.0 - threshold=1.0 - loss=6.766
[2026-03-29 16:43:50](logger.py 179): id=CC_FMNIST_E100_DT_1_0 | Ep. 34/100 - Step 150/273 (8.26 it/s) |##########          | - loss_cc=4.628 - loss_ce=2.12 - loss_ne=0.0169 - loss_div=0.0 - threshold=1.0 - loss=6.765
[2026-03-29 16:43:53](logger.py 179): id=CC_FMNIST_E100_DT_1_0 | Ep. 34/100 - Step 175/273 (8.27 it/s) |############        | - loss_cc=4.628 - loss_ce=2.12 - loss_ne=0.0169 - loss_div=0.0 - threshold=1.0 - loss=6.765
[2026-03-29 16:43:56](logger.py 179): id=CC_FMNIST_E100_DT_1_0 | Ep. 34/100 - Step 200/273 (8.27 it/s) |##############      | - loss_cc=4.627 - loss_ce=2.12 - loss_ne=0.017 - loss_div=0.0 - threshold=1.0 - loss=6.764
[2026-03-29 16:43:59](logger.py 179): id=CC_FMNIST_E100_DT_1_0 | Ep. 34/100 - Step 225/273 (8.27 it/s) |################    | - loss_cc=4.627 - loss_ce=2.12 - loss_ne=0.0172 - loss_div=0.0 - threshold=1.0 - loss=6.765
[2026-03-29 16:44:02](logger.py 179): id=CC_FMNIST_E100_DT_1_0 | Ep. 34/100 - Step 250/273 (8.27 it/s) |##################  | - loss_cc=4.628 - loss_ce=2.12 - loss_ne=0.0172 - loss_div=0.0 - threshold=1.0 - loss=6.765
[2026-03-29 16:44:05](logger.py 179): Evaluating
[2026-03-29 16:44:05](logger.py 179): Eval. step 0 of 274
[2026-03-29 16:44:05](logger.py 179): Eval. step 25 of 274
[2026-03-29 16:44:06](logger.py 179): Eval. step 50 of 274
[2026-03-29 16:44:07](logger.py 179): Eval. step 75 of 274
[2026-03-29 16:44:07](logger.py 179): Eval. step 100 of 274
[2026-03-29 16:44:08](logger.py 179): Eval. step 125 of 274
[2026-03-29 16:44:09](logger.py 179): Eval. step 150 of 274
[2026-03-29 16:44:09](logger.py 179): Eval. step 175 of 274
[2026-03-29 16:44:10](logger.py 179): Eval. step 200 of 274
[2026-03-29 16:44:11](logger.py 179): Eval. step 225 of 274
[2026-03-29 16:44:11](logger.py 179): Eval. step 250 of 274
[2026-03-29 16:44:12](logger.py 179): id=CC_FMNIST_E100_DT_1_0 | Ep. 34/100 | Time: 00:00 | loss_cc=4.628 - loss_ce=2.12 - loss_ne=0.0172 - loss_div=0.0 - threshold=1.0 - loss=6.765 - eval_confidence=0.896 - cluster_acc_0_eval=66.79 - cluster_nmi_0_eval=0.639 - cluster_ari_0_eval=0.541 - cluster_acc_1_eval=66.93 - cluster_nmi_1_eval=0.64 - cluster_ari_1_eval=0.542 - cluster_acc_2_eval=66.85 - cluster_nmi_2_eval=0.64 - cluster_ari_2_eval=0.541 - cluster_acc_3_eval=66.81 - cluster_nmi_3_eval=0.64 - cluster_ari_3_eval=0.541 - cluster_acc_4_eval=66.86 - cluster_nmi_4_eval=0.64 - cluster_ari_4_eval=0.542 - max_cluster_acc_eval=66.93 - mean_cluster_acc_eval=66.85 - min_cluster_acc_eval=66.79 - max_cluster_nmi_eval=0.64 - mean_cluster_nmi_eval=0.64 - min_cluster_nmi_eval=0.639 - max_cluster_ari_eval=0.542 - mean_cluster_ari_eval=0.542 - min_cluster_ari_eval=0.541 - interclustering_nmi_eval=0.981
/scratch/e0538389/DivClust/engine/trainer.py:41: FutureWarning: `torch.cuda.amp.autocast(args...)` is deprecated. Please use `torch.amp.autocast('cuda', args...)` instead.
  with autocast(self.mixed_precision):
[2026-03-29 16:44:13](logger.py 179): id=CC_FMNIST_E100_DT_1_0 | Ep. 35/100 - Step 0/273 (0.0 it/s) |                    | - loss_cc=4.624 - loss_ce=2.108 - loss_ne=0.0125 - loss_div=0.0 - threshold=1.0 - loss=6.745
[2026-03-29 16:44:16](logger.py 179): id=CC_FMNIST_E100_DT_1_0 | Ep. 35/100 - Step 25/273 (8.08 it/s) |#                   | - loss_cc=4.627 - loss_ce=2.118 - loss_ne=0.013 - loss_div=0.0 - threshold=1.0 - loss=6.758
[2026-03-29 16:44:19](logger.py 179): id=CC_FMNIST_E100_DT_1_0 | Ep. 35/100 - Step 50/273 (8.15 it/s) |###                 | - loss_cc=4.627 - loss_ce=2.121 - loss_ne=0.0146 - loss_div=0.0 - threshold=1.0 - loss=6.763
[2026-03-29 16:44:22](logger.py 179): id=CC_FMNIST_E100_DT_1_0 | Ep. 35/100 - Step 75/273 (8.19 it/s) |#####               | - loss_cc=4.626 - loss_ce=2.119 - loss_ne=0.015 - loss_div=0.0 - threshold=1.0 - loss=6.76
[2026-03-29 16:44:25](logger.py 179): id=CC_FMNIST_E100_DT_1_0 | Ep. 35/100 - Step 100/273 (8.22 it/s) |#######             | - loss_cc=4.627 - loss_ce=2.12 - loss_ne=0.0154 - loss_div=0.0 - threshold=1.0 - loss=6.762
[2026-03-29 16:44:28](logger.py 179): id=CC_FMNIST_E100_DT_1_0 | Ep. 35/100 - Step 125/273 (8.23 it/s) |#########           | - loss_cc=4.627 - loss_ce=2.12 - loss_ne=0.0156 - loss_div=0.0 - threshold=1.0 - loss=6.762
[2026-03-29 16:44:31](logger.py 179): id=CC_FMNIST_E100_DT_1_0 | Ep. 35/100 - Step 150/273 (8.24 it/s) |##########          | - loss_cc=4.625 - loss_ce=2.119 - loss_ne=0.0157 - loss_div=0.0 - threshold=1.0 - loss=6.76
[2026-03-29 16:44:34](logger.py 179): id=CC_FMNIST_E100_DT_1_0 | Ep. 35/100 - Step 175/273 (8.24 it/s) |############        | - loss_cc=4.625 - loss_ce=2.119 - loss_ne=0.0158 - loss_div=0.0 - threshold=1.0 - loss=6.76
[2026-03-29 16:44:37](logger.py 179): id=CC_FMNIST_E100_DT_1_0 | Ep. 35/100 - Step 200/273 (8.24 it/s) |##############      | - loss_cc=4.624 - loss_ce=2.119 - loss_ne=0.0162 - loss_div=0.0 - threshold=1.0 - loss=6.76
[2026-03-29 16:44:40](logger.py 179): id=CC_FMNIST_E100_DT_1_0 | Ep. 35/100 - Step 225/273 (8.24 it/s) |################    | - loss_cc=4.625 - loss_ce=2.119 - loss_ne=0.0161 - loss_div=0.0 - threshold=1.0 - loss=6.76
[2026-03-29 16:44:43](logger.py 179): id=CC_FMNIST_E100_DT_1_0 | Ep. 35/100 - Step 250/273 (8.24 it/s) |##################  | - loss_cc=4.624 - loss_ce=2.119 - loss_ne=0.0162 - loss_div=0.0 - threshold=1.0 - loss=6.759
[2026-03-29 16:44:46](logger.py 179): Evaluating
[2026-03-29 16:44:46](logger.py 179): Eval. step 0 of 274
[2026-03-29 16:44:47](logger.py 179): Eval. step 25 of 274
[2026-03-29 16:44:47](logger.py 179): Eval. step 50 of 274
[2026-03-29 16:44:48](logger.py 179): Eval. step 75 of 274
[2026-03-29 16:44:49](logger.py 179): Eval. step 100 of 274
[2026-03-29 16:44:49](logger.py 179): Eval. step 125 of 274
[2026-03-29 16:44:50](logger.py 179): Eval. step 150 of 274
[2026-03-29 16:44:51](logger.py 179): Eval. step 175 of 274
[2026-03-29 16:44:51](logger.py 179): Eval. step 200 of 274
[2026-03-29 16:44:52](logger.py 179): Eval. step 225 of 274
[2026-03-29 16:44:53](logger.py 179): Eval. step 250 of 274
[2026-03-29 16:44:54](logger.py 179): id=CC_FMNIST_E100_DT_1_0 | Ep. 35/100 | Time: 00:00 | loss_cc=4.624 - loss_ce=2.119 - loss_ne=0.0163 - loss_div=0.0 - threshold=1.0 - loss=6.759 - eval_confidence=0.897 - cluster_acc_0_eval=67.4 - cluster_nmi_0_eval=0.645 - cluster_ari_0_eval=0.544 - cluster_acc_1_eval=67.32 - cluster_nmi_1_eval=0.644 - cluster_ari_1_eval=0.542 - cluster_acc_2_eval=67.35 - cluster_nmi_2_eval=0.645 - cluster_ari_2_eval=0.543 - cluster_acc_3_eval=67.35 - cluster_nmi_3_eval=0.645 - cluster_ari_3_eval=0.543 - cluster_acc_4_eval=67.43 - cluster_nmi_4_eval=0.645 - cluster_ari_4_eval=0.544 - max_cluster_acc_eval=67.43 - mean_cluster_acc_eval=67.37 - min_cluster_acc_eval=67.32 - max_cluster_nmi_eval=0.645 - mean_cluster_nmi_eval=0.645 - min_cluster_nmi_eval=0.644 - max_cluster_ari_eval=0.544 - mean_cluster_ari_eval=0.543 - min_cluster_ari_eval=0.542 - interclustering_nmi_eval=0.981
/scratch/e0538389/DivClust/engine/trainer.py:41: FutureWarning: `torch.cuda.amp.autocast(args...)` is deprecated. Please use `torch.amp.autocast('cuda', args...)` instead.
  with autocast(self.mixed_precision):
[2026-03-29 16:44:54](logger.py 179): id=CC_FMNIST_E100_DT_1_0 | Ep. 36/100 - Step 0/273 (0.0 it/s) |                    | - loss_cc=4.646 - loss_ce=2.118 - loss_ne=0.0166 - loss_div=0.0 - threshold=1.0 - loss=6.78
[2026-03-29 16:44:57](logger.py 179): id=CC_FMNIST_E100_DT_1_0 | Ep. 36/100 - Step 25/273 (8.23 it/s) |#                   | - loss_cc=4.634 - loss_ce=2.121 - loss_ne=0.0164 - loss_div=0.0 - threshold=1.0 - loss=6.772
[2026-03-29 16:45:00](logger.py 179): id=CC_FMNIST_E100_DT_1_0 | Ep. 36/100 - Step 50/273 (8.2 it/s) |###                 | - loss_cc=4.631 - loss_ce=2.122 - loss_ne=0.0167 - loss_div=0.0 - threshold=1.0 - loss=6.769
[2026-03-29 16:45:03](logger.py 179): id=CC_FMNIST_E100_DT_1_0 | Ep. 36/100 - Step 75/273 (8.24 it/s) |#####               | - loss_cc=4.627 - loss_ce=2.12 - loss_ne=0.0161 - loss_div=0.0 - threshold=1.0 - loss=6.763
[2026-03-29 16:45:06](logger.py 179): id=CC_FMNIST_E100_DT_1_0 | Ep. 36/100 - Step 100/273 (8.25 it/s) |#######             | - loss_cc=4.626 - loss_ce=2.12 - loss_ne=0.0164 - loss_div=0.0 - threshold=1.0 - loss=6.763
[2026-03-29 16:45:09](logger.py 179): id=CC_FMNIST_E100_DT_1_0 | Ep. 36/100 - Step 125/273 (8.24 it/s) |#########           | - loss_cc=4.626 - loss_ce=2.119 - loss_ne=0.017 - loss_div=0.0 - threshold=1.0 - loss=6.762
[2026-03-29 16:45:12](logger.py 179): id=CC_FMNIST_E100_DT_1_0 | Ep. 36/100 - Step 150/273 (8.23 it/s) |##########          | - loss_cc=4.625 - loss_ce=2.119 - loss_ne=0.0169 - loss_div=0.0 - threshold=1.0 - loss=6.762
[2026-03-29 16:45:15](logger.py 179): id=CC_FMNIST_E100_DT_1_0 | Ep. 36/100 - Step 175/273 (8.23 it/s) |############        | - loss_cc=4.626 - loss_ce=2.12 - loss_ne=0.0169 - loss_div=0.0 - threshold=1.0 - loss=6.763
[2026-03-29 16:45:19](logger.py 179): id=CC_FMNIST_E100_DT_1_0 | Ep. 36/100 - Step 200/273 (8.22 it/s) |##############      | - loss_cc=4.626 - loss_ce=2.12 - loss_ne=0.0167 - loss_div=0.0 - threshold=1.0 - loss=6.763
[2026-03-29 16:45:22](logger.py 179): id=CC_FMNIST_E100_DT_1_0 | Ep. 36/100 - Step 225/273 (8.23 it/s) |################    | - loss_cc=4.624 - loss_ce=2.119 - loss_ne=0.0169 - loss_div=0.0 - threshold=1.0 - loss=6.76
[2026-03-29 16:45:25](logger.py 179): id=CC_FMNIST_E100_DT_1_0 | Ep. 36/100 - Step 250/273 (8.24 it/s) |##################  | - loss_cc=4.624 - loss_ce=2.119 - loss_ne=0.017 - loss_div=0.0 - threshold=1.0 - loss=6.76
[2026-03-29 16:45:27](logger.py 179): Evaluating
[2026-03-29 16:45:27](logger.py 179): Eval. step 0 of 274
[2026-03-29 16:45:28](logger.py 179): Eval. step 25 of 274
[2026-03-29 16:45:29](logger.py 179): Eval. step 50 of 274
[2026-03-29 16:45:29](logger.py 179): Eval. step 75 of 274
[2026-03-29 16:45:30](logger.py 179): Eval. step 100 of 274
[2026-03-29 16:45:31](logger.py 179): Eval. step 125 of 274
[2026-03-29 16:45:31](logger.py 179): Eval. step 150 of 274
[2026-03-29 16:45:32](logger.py 179): Eval. step 175 of 274
[2026-03-29 16:45:33](logger.py 179): Eval. step 200 of 274
[2026-03-29 16:45:33](logger.py 179): Eval. step 225 of 274
[2026-03-29 16:45:34](logger.py 179): Eval. step 250 of 274
[2026-03-29 16:45:35](logger.py 179): id=CC_FMNIST_E100_DT_1_0 | Ep. 36/100 | Time: 00:00 | loss_cc=4.624 - loss_ce=2.119 - loss_ne=0.017 - loss_div=0.0 - threshold=1.0 - loss=6.76 - eval_confidence=0.901 - cluster_acc_0_eval=66.38 - cluster_nmi_0_eval=0.641 - cluster_ari_0_eval=0.538 - cluster_acc_1_eval=66.38 - cluster_nmi_1_eval=0.641 - cluster_ari_1_eval=0.538 - cluster_acc_2_eval=66.34 - cluster_nmi_2_eval=0.641 - cluster_ari_2_eval=0.537 - cluster_acc_3_eval=66.33 - cluster_nmi_3_eval=0.641 - cluster_ari_3_eval=0.538 - cluster_acc_4_eval=66.33 - cluster_nmi_4_eval=0.64 - cluster_ari_4_eval=0.537 - max_cluster_acc_eval=66.38 - mean_cluster_acc_eval=66.35 - min_cluster_acc_eval=66.33 - max_cluster_nmi_eval=0.641 - mean_cluster_nmi_eval=0.641 - min_cluster_nmi_eval=0.64 - max_cluster_ari_eval=0.538 - mean_cluster_ari_eval=0.538 - min_cluster_ari_eval=0.537 - interclustering_nmi_eval=0.981
/scratch/e0538389/DivClust/engine/trainer.py:41: FutureWarning: `torch.cuda.amp.autocast(args...)` is deprecated. Please use `torch.amp.autocast('cuda', args...)` instead.
  with autocast(self.mixed_precision):
[2026-03-29 16:45:36](logger.py 179): id=CC_FMNIST_E100_DT_1_0 | Ep. 37/100 - Step 0/273 (0.0 it/s) |                    | - loss_cc=4.645 - loss_ce=2.132 - loss_ne=0.032 - loss_div=0.0 - threshold=1.0 - loss=6.809
[2026-03-29 16:45:39](logger.py 179): id=CC_FMNIST_E100_DT_1_0 | Ep. 37/100 - Step 25/273 (8.18 it/s) |#                   | - loss_cc=4.63 - loss_ce=2.121 - loss_ne=0.0158 - loss_div=0.0 - threshold=1.0 - loss=6.767
[2026-03-29 16:45:42](logger.py 179): id=CC_FMNIST_E100_DT_1_0 | Ep. 37/100 - Step 50/273 (8.27 it/s) |###                 | - loss_cc=4.624 - loss_ce=2.117 - loss_ne=0.0172 - loss_div=0.0 - threshold=1.0 - loss=6.758
[2026-03-29 16:45:45](logger.py 179): id=CC_FMNIST_E100_DT_1_0 | Ep. 37/100 - Step 75/273 (8.31 it/s) |#####               | - loss_cc=4.621 - loss_ce=2.117 - loss_ne=0.0178 - loss_div=0.0 - threshold=1.0 - loss=6.756
[2026-03-29 16:45:48](logger.py 179): id=CC_FMNIST_E100_DT_1_0 | Ep. 37/100 - Step 100/273 (8.32 it/s) |#######             | - loss_cc=4.624 - loss_ce=2.118 - loss_ne=0.0183 - loss_div=0.0 - threshold=1.0 - loss=6.76
[2026-03-29 16:45:51](logger.py 179): id=CC_FMNIST_E100_DT_1_0 | Ep. 37/100 - Step 125/273 (8.33 it/s) |#########           | - loss_cc=4.625 - loss_ce=2.119 - loss_ne=0.0174 - loss_div=0.0 - threshold=1.0 - loss=6.762
[2026-03-29 16:45:54](logger.py 179): id=CC_FMNIST_E100_DT_1_0 | Ep. 37/100 - Step 150/273 (8.33 it/s) |##########          | - loss_cc=4.624 - loss_ce=2.119 - loss_ne=0.0171 - loss_div=0.0 - threshold=1.0 - loss=6.761
[2026-03-29 16:45:57](logger.py 179): id=CC_FMNIST_E100_DT_1_0 | Ep. 37/100 - Step 175/273 (8.33 it/s) |############        | - loss_cc=4.624 - loss_ce=2.119 - loss_ne=0.0171 - loss_div=0.0 - threshold=1.0 - loss=6.76
[2026-03-29 16:46:00](logger.py 179): id=CC_FMNIST_E100_DT_1_0 | Ep. 37/100 - Step 200/273 (8.32 it/s) |##############      | - loss_cc=4.625 - loss_ce=2.12 - loss_ne=0.0167 - loss_div=0.0 - threshold=1.0 - loss=6.762
[2026-03-29 16:46:03](logger.py 179): id=CC_FMNIST_E100_DT_1_0 | Ep. 37/100 - Step 225/273 (8.32 it/s) |################    | - loss_cc=4.625 - loss_ce=2.12 - loss_ne=0.017 - loss_div=0.0 - threshold=1.0 - loss=6.762
[2026-03-29 16:46:06](logger.py 179): id=CC_FMNIST_E100_DT_1_0 | Ep. 37/100 - Step 250/273 (8.31 it/s) |##################  | - loss_cc=4.624 - loss_ce=2.12 - loss_ne=0.017 - loss_div=0.0 - threshold=1.0 - loss=6.761
[2026-03-29 16:46:08](logger.py 179): Evaluating
[2026-03-29 16:46:08](logger.py 179): Eval. step 0 of 274
[2026-03-29 16:46:09](logger.py 179): Eval. step 25 of 274
[2026-03-29 16:46:10](logger.py 179): Eval. step 50 of 274
[2026-03-29 16:46:10](logger.py 179): Eval. step 75 of 274
[2026-03-29 16:46:11](logger.py 179): Eval. step 100 of 274
[2026-03-29 16:46:12](logger.py 179): Eval. step 125 of 274
[2026-03-29 16:46:12](logger.py 179): Eval. step 150 of 274
[2026-03-29 16:46:13](logger.py 179): Eval. step 175 of 274
[2026-03-29 16:46:14](logger.py 179): Eval. step 200 of 274
[2026-03-29 16:46:14](logger.py 179): Eval. step 225 of 274
[2026-03-29 16:46:15](logger.py 179): Eval. step 250 of 274
[2026-03-29 16:46:16](logger.py 179): id=CC_FMNIST_E100_DT_1_0 | Ep. 37/100 | Time: 00:00 | loss_cc=4.623 - loss_ce=2.119 - loss_ne=0.0168 - loss_div=0.0 - threshold=1.0 - loss=6.76 - eval_confidence=0.895 - cluster_acc_0_eval=67.89 - cluster_nmi_0_eval=0.646 - cluster_ari_0_eval=0.548 - cluster_acc_1_eval=67.93 - cluster_nmi_1_eval=0.646 - cluster_ari_1_eval=0.548 - cluster_acc_2_eval=67.94 - cluster_nmi_2_eval=0.647 - cluster_ari_2_eval=0.549 - cluster_acc_3_eval=67.95 - cluster_nmi_3_eval=0.647 - cluster_ari_3_eval=0.549 - cluster_acc_4_eval=67.94 - cluster_nmi_4_eval=0.647 - cluster_ari_4_eval=0.549 - max_cluster_acc_eval=67.95 - mean_cluster_acc_eval=67.93 - min_cluster_acc_eval=67.89 - max_cluster_nmi_eval=0.647 - mean_cluster_nmi_eval=0.646 - min_cluster_nmi_eval=0.646 - max_cluster_ari_eval=0.549 - mean_cluster_ari_eval=0.548 - min_cluster_ari_eval=0.548 - interclustering_nmi_eval=0.981
/scratch/e0538389/DivClust/engine/trainer.py:41: FutureWarning: `torch.cuda.amp.autocast(args...)` is deprecated. Please use `torch.amp.autocast('cuda', args...)` instead.
  with autocast(self.mixed_precision):
[2026-03-29 16:46:17](logger.py 179): id=CC_FMNIST_E100_DT_1_0 | Ep. 38/100 - Step 0/273 (0.0 it/s) |                    | - loss_cc=4.672 - loss_ce=2.129 - loss_ne=0.00764 - loss_div=0.0 - threshold=1.0 - loss=6.808
[2026-03-29 16:46:20](logger.py 179): id=CC_FMNIST_E100_DT_1_0 | Ep. 38/100 - Step 25/273 (8.22 it/s) |#                   | - loss_cc=4.615 - loss_ce=2.114 - loss_ne=0.0156 - loss_div=0.0 - threshold=1.0 - loss=6.745
[2026-03-29 16:46:23](logger.py 179): id=CC_FMNIST_E100_DT_1_0 | Ep. 38/100 - Step 50/273 (8.23 it/s) |###                 | - loss_cc=4.62 - loss_ce=2.117 - loss_ne=0.0171 - loss_div=0.0 - threshold=1.0 - loss=6.754
[2026-03-29 16:46:26](logger.py 179): id=CC_FMNIST_E100_DT_1_0 | Ep. 38/100 - Step 75/273 (8.23 it/s) |#####               | - loss_cc=4.618 - loss_ce=2.116 - loss_ne=0.0163 - loss_div=0.0 - threshold=1.0 - loss=6.751
[2026-03-29 16:46:29](logger.py 179): id=CC_FMNIST_E100_DT_1_0 | Ep. 38/100 - Step 100/273 (8.24 it/s) |#######             | - loss_cc=4.62 - loss_ce=2.117 - loss_ne=0.0158 - loss_div=0.0 - threshold=1.0 - loss=6.752
[2026-03-29 16:46:32](logger.py 179): id=CC_FMNIST_E100_DT_1_0 | Ep. 38/100 - Step 125/273 (8.25 it/s) |#########           | - loss_cc=4.62 - loss_ce=2.117 - loss_ne=0.0156 - loss_div=0.0 - threshold=1.0 - loss=6.752
[2026-03-29 16:46:35](logger.py 179): id=CC_FMNIST_E100_DT_1_0 | Ep. 38/100 - Step 150/273 (8.24 it/s) |##########          | - loss_cc=4.62 - loss_ce=2.117 - loss_ne=0.0156 - loss_div=0.0 - threshold=1.0 - loss=6.753
[2026-03-29 16:46:38](logger.py 179): id=CC_FMNIST_E100_DT_1_0 | Ep. 38/100 - Step 175/273 (8.25 it/s) |############        | - loss_cc=4.619 - loss_ce=2.117 - loss_ne=0.0157 - loss_div=0.0 - threshold=1.0 - loss=6.752
[2026-03-29 16:46:41](logger.py 179): id=CC_FMNIST_E100_DT_1_0 | Ep. 38/100 - Step 200/273 (8.26 it/s) |##############      | - loss_cc=4.618 - loss_ce=2.116 - loss_ne=0.0159 - loss_div=0.0 - threshold=1.0 - loss=6.75
[2026-03-29 16:46:44](logger.py 179): id=CC_FMNIST_E100_DT_1_0 | Ep. 38/100 - Step 225/273 (8.26 it/s) |################    | - loss_cc=4.618 - loss_ce=2.116 - loss_ne=0.0163 - loss_div=0.0 - threshold=1.0 - loss=6.75
[2026-03-29 16:46:47](logger.py 179): id=CC_FMNIST_E100_DT_1_0 | Ep. 38/100 - Step 250/273 (8.26 it/s) |##################  | - loss_cc=4.618 - loss_ce=2.116 - loss_ne=0.0162 - loss_div=0.0 - threshold=1.0 - loss=6.751
[2026-03-29 16:46:49](logger.py 179): Evaluating
[2026-03-29 16:46:50](logger.py 179): Eval. step 0 of 274
[2026-03-29 16:46:50](logger.py 179): Eval. step 25 of 274
[2026-03-29 16:46:51](logger.py 179): Eval. step 50 of 274
[2026-03-29 16:46:52](logger.py 179): Eval. step 75 of 274
[2026-03-29 16:46:52](logger.py 179): Eval. step 100 of 274
[2026-03-29 16:46:53](logger.py 179): Eval. step 125 of 274
[2026-03-29 16:46:54](logger.py 179): Eval. step 150 of 274
[2026-03-29 16:46:54](logger.py 179): Eval. step 175 of 274
[2026-03-29 16:46:55](logger.py 179): Eval. step 200 of 274
[2026-03-29 16:46:56](logger.py 179): Eval. step 225 of 274
[2026-03-29 16:46:56](logger.py 179): Eval. step 250 of 274
[2026-03-29 16:46:57](logger.py 179): id=CC_FMNIST_E100_DT_1_0 | Ep. 38/100 | Time: 00:00 | loss_cc=4.618 - loss_ce=2.117 - loss_ne=0.0161 - loss_div=0.0 - threshold=1.0 - loss=6.751 - eval_confidence=0.902 - cluster_acc_0_eval=66.48 - cluster_nmi_0_eval=0.638 - cluster_ari_0_eval=0.535 - cluster_acc_1_eval=66.52 - cluster_nmi_1_eval=0.638 - cluster_ari_1_eval=0.535 - cluster_acc_2_eval=66.52 - cluster_nmi_2_eval=0.639 - cluster_ari_2_eval=0.536 - cluster_acc_3_eval=66.51 - cluster_nmi_3_eval=0.639 - cluster_ari_3_eval=0.536 - cluster_acc_4_eval=66.51 - cluster_nmi_4_eval=0.638 - cluster_ari_4_eval=0.535 - max_cluster_acc_eval=66.52 - mean_cluster_acc_eval=66.51 - min_cluster_acc_eval=66.48 - max_cluster_nmi_eval=0.639 - mean_cluster_nmi_eval=0.638 - min_cluster_nmi_eval=0.638 - max_cluster_ari_eval=0.536 - mean_cluster_ari_eval=0.536 - min_cluster_ari_eval=0.535 - interclustering_nmi_eval=0.982
/scratch/e0538389/DivClust/engine/trainer.py:41: FutureWarning: `torch.cuda.amp.autocast(args...)` is deprecated. Please use `torch.amp.autocast('cuda', args...)` instead.
  with autocast(self.mixed_precision):
[2026-03-29 16:46:58](logger.py 179): id=CC_FMNIST_E100_DT_1_0 | Ep. 39/100 - Step 0/273 (0.0 it/s) |                    | - loss_cc=4.601 - loss_ce=2.099 - loss_ne=0.0114 - loss_div=0.0 - threshold=1.0 - loss=6.711
[2026-03-29 16:47:01](logger.py 179): id=CC_FMNIST_E100_DT_1_0 | Ep. 39/100 - Step 25/273 (8.14 it/s) |#                   | - loss_cc=4.611 - loss_ce=2.112 - loss_ne=0.016 - loss_div=0.0 - threshold=1.0 - loss=6.738
[2026-03-29 16:47:04](logger.py 179): id=CC_FMNIST_E100_DT_1_0 | Ep. 39/100 - Step 50/273 (8.17 it/s) |###                 | - loss_cc=4.615 - loss_ce=2.116 - loss_ne=0.0157 - loss_div=0.0 - threshold=1.0 - loss=6.747
[2026-03-29 16:47:07](logger.py 179): id=CC_FMNIST_E100_DT_1_0 | Ep. 39/100 - Step 75/273 (8.2 it/s) |#####               | - loss_cc=4.617 - loss_ce=2.117 - loss_ne=0.0164 - loss_div=0.0 - threshold=1.0 - loss=6.75
[2026-03-29 16:47:10](logger.py 179): id=CC_FMNIST_E100_DT_1_0 | Ep. 39/100 - Step 100/273 (8.22 it/s) |#######             | - loss_cc=4.616 - loss_ce=2.117 - loss_ne=0.0171 - loss_div=0.0 - threshold=1.0 - loss=6.75
[2026-03-29 16:47:13](logger.py 179): id=CC_FMNIST_E100_DT_1_0 | Ep. 39/100 - Step 125/273 (8.22 it/s) |#########           | - loss_cc=4.615 - loss_ce=2.116 - loss_ne=0.0168 - loss_div=0.0 - threshold=1.0 - loss=6.748
[2026-03-29 16:47:16](logger.py 179): id=CC_FMNIST_E100_DT_1_0 | Ep. 39/100 - Step 150/273 (8.22 it/s) |##########          | - loss_cc=4.615 - loss_ce=2.116 - loss_ne=0.017 - loss_div=0.0 - threshold=1.0 - loss=6.748
[2026-03-29 16:47:19](logger.py 179): id=CC_FMNIST_E100_DT_1_0 | Ep. 39/100 - Step 175/273 (8.22 it/s) |############        | - loss_cc=4.617 - loss_ce=2.117 - loss_ne=0.0167 - loss_div=0.0 - threshold=1.0 - loss=6.75
[2026-03-29 16:47:22](logger.py 179): id=CC_FMNIST_E100_DT_1_0 | Ep. 39/100 - Step 200/273 (8.23 it/s) |##############      | - loss_cc=4.617 - loss_ce=2.116 - loss_ne=0.0166 - loss_div=0.0 - threshold=1.0 - loss=6.75
[2026-03-29 16:47:25](logger.py 179): id=CC_FMNIST_E100_DT_1_0 | Ep. 39/100 - Step 225/273 (8.23 it/s) |################    | - loss_cc=4.617 - loss_ce=2.117 - loss_ne=0.0167 - loss_div=0.0 - threshold=1.0 - loss=6.75
[2026-03-29 16:47:28](logger.py 179): id=CC_FMNIST_E100_DT_1_0 | Ep. 39/100 - Step 250/273 (8.23 it/s) |##################  | - loss_cc=4.617 - loss_ce=2.117 - loss_ne=0.0167 - loss_div=0.0 - threshold=1.0 - loss=6.75
[2026-03-29 16:47:31](logger.py 179): Evaluating
[2026-03-29 16:47:31](logger.py 179): Eval. step 0 of 274
[2026-03-29 16:47:32](logger.py 179): Eval. step 25 of 274
[2026-03-29 16:47:32](logger.py 179): Eval. step 50 of 274
[2026-03-29 16:47:33](logger.py 179): Eval. step 75 of 274
[2026-03-29 16:47:34](logger.py 179): Eval. step 100 of 274
[2026-03-29 16:47:34](logger.py 179): Eval. step 125 of 274
[2026-03-29 16:47:35](logger.py 179): Eval. step 150 of 274
[2026-03-29 16:47:36](logger.py 179): Eval. step 175 of 274
[2026-03-29 16:47:36](logger.py 179): Eval. step 200 of 274
[2026-03-29 16:47:37](logger.py 179): Eval. step 225 of 274
[2026-03-29 16:47:38](logger.py 179): Eval. step 250 of 274
[2026-03-29 16:47:39](logger.py 179): id=CC_FMNIST_E100_DT_1_0 | Ep. 39/100 | Time: 00:00 | loss_cc=4.617 - loss_ce=2.117 - loss_ne=0.0164 - loss_div=0.0 - threshold=1.0 - loss=6.75 - eval_confidence=0.896 - cluster_acc_0_eval=67.22 - cluster_nmi_0_eval=0.646 - cluster_ari_0_eval=0.547 - cluster_acc_1_eval=67.29 - cluster_nmi_1_eval=0.646 - cluster_ari_1_eval=0.548 - cluster_acc_2_eval=67.28 - cluster_nmi_2_eval=0.646 - cluster_ari_2_eval=0.548 - cluster_acc_3_eval=67.26 - cluster_nmi_3_eval=0.646 - cluster_ari_3_eval=0.548 - cluster_acc_4_eval=67.32 - cluster_nmi_4_eval=0.647 - cluster_ari_4_eval=0.549 - max_cluster_acc_eval=67.32 - mean_cluster_acc_eval=67.27 - min_cluster_acc_eval=67.22 - max_cluster_nmi_eval=0.647 - mean_cluster_nmi_eval=0.646 - min_cluster_nmi_eval=0.646 - max_cluster_ari_eval=0.549 - mean_cluster_ari_eval=0.548 - min_cluster_ari_eval=0.547 - interclustering_nmi_eval=0.984
/scratch/e0538389/DivClust/engine/trainer.py:41: FutureWarning: `torch.cuda.amp.autocast(args...)` is deprecated. Please use `torch.amp.autocast('cuda', args...)` instead.
  with autocast(self.mixed_precision):
[2026-03-29 16:47:39](logger.py 179): id=CC_FMNIST_E100_DT_1_0 | Ep. 40/100 - Step 0/273 (0.0 it/s) |                    | - loss_cc=4.609 - loss_ce=2.123 - loss_ne=0.005 - loss_div=0.0 - threshold=1.0 - loss=6.738
[2026-03-29 16:47:42](logger.py 179): id=CC_FMNIST_E100_DT_1_0 | Ep. 40/100 - Step 25/273 (8.1 it/s) |#                   | - loss_cc=4.618 - loss_ce=2.117 - loss_ne=0.0145 - loss_div=0.0 - threshold=1.0 - loss=6.75
[2026-03-29 16:47:45](logger.py 179): id=CC_FMNIST_E100_DT_1_0 | Ep. 40/100 - Step 50/273 (8.23 it/s) |###                 | - loss_cc=4.619 - loss_ce=2.118 - loss_ne=0.0148 - loss_div=0.0 - threshold=1.0 - loss=6.751
[2026-03-29 16:47:48](logger.py 179): id=CC_FMNIST_E100_DT_1_0 | Ep. 40/100 - Step 75/273 (8.21 it/s) |#####               | - loss_cc=4.621 - loss_ce=2.119 - loss_ne=0.0151 - loss_div=0.0 - threshold=1.0 - loss=6.755
[2026-03-29 16:47:51](logger.py 179): id=CC_FMNIST_E100_DT_1_0 | Ep. 40/100 - Step 100/273 (8.21 it/s) |#######             | - loss_cc=4.62 - loss_ce=2.119 - loss_ne=0.0153 - loss_div=0.0 - threshold=1.0 - loss=6.754
[2026-03-29 16:47:54](logger.py 179): id=CC_FMNIST_E100_DT_1_0 | Ep. 40/100 - Step 125/273 (8.23 it/s) |#########           | - loss_cc=4.619 - loss_ce=2.118 - loss_ne=0.0148 - loss_div=0.0 - threshold=1.0 - loss=6.752
[2026-03-29 16:47:57](logger.py 179): id=CC_FMNIST_E100_DT_1_0 | Ep. 40/100 - Step 150/273 (8.24 it/s) |##########          | - loss_cc=4.619 - loss_ce=2.118 - loss_ne=0.0152 - loss_div=0.0 - threshold=1.0 - loss=6.753
[2026-03-29 16:48:00](logger.py 179): id=CC_FMNIST_E100_DT_1_0 | Ep. 40/100 - Step 175/273 (8.23 it/s) |############        | - loss_cc=4.619 - loss_ce=2.118 - loss_ne=0.0155 - loss_div=0.0 - threshold=1.0 - loss=6.753
[2026-03-29 16:48:03](logger.py 179): id=CC_FMNIST_E100_DT_1_0 | Ep. 40/100 - Step 200/273 (8.24 it/s) |##############      | - loss_cc=4.619 - loss_ce=2.118 - loss_ne=0.0155 - loss_div=0.0 - threshold=1.0 - loss=6.752
[2026-03-29 16:48:06](logger.py 179): id=CC_FMNIST_E100_DT_1_0 | Ep. 40/100 - Step 225/273 (8.24 it/s) |################    | - loss_cc=4.618 - loss_ce=2.118 - loss_ne=0.0154 - loss_div=0.0 - threshold=1.0 - loss=6.751
[2026-03-29 16:48:10](logger.py 179): id=CC_FMNIST_E100_DT_1_0 | Ep. 40/100 - Step 250/273 (8.24 it/s) |##################  | - loss_cc=4.618 - loss_ce=2.117 - loss_ne=0.0152 - loss_div=0.0 - threshold=1.0 - loss=6.75
[2026-03-29 16:48:12](logger.py 179): Evaluating
[2026-03-29 16:48:12](logger.py 179): Eval. step 0 of 274
[2026-03-29 16:48:13](logger.py 179): Eval. step 25 of 274
[2026-03-29 16:48:14](logger.py 179): Eval. step 50 of 274
[2026-03-29 16:48:14](logger.py 179): Eval. step 75 of 274
[2026-03-29 16:48:15](logger.py 179): Eval. step 100 of 274
[2026-03-29 16:48:16](logger.py 179): Eval. step 125 of 274
[2026-03-29 16:48:16](logger.py 179): Eval. step 150 of 274
[2026-03-29 16:48:17](logger.py 179): Eval. step 175 of 274
[2026-03-29 16:48:18](logger.py 179): Eval. step 200 of 274
[2026-03-29 16:48:18](logger.py 179): Eval. step 225 of 274
[2026-03-29 16:48:19](logger.py 179): Eval. step 250 of 274
[2026-03-29 16:48:20](logger.py 179): id=CC_FMNIST_E100_DT_1_0 | Ep. 40/100 | Time: 00:00 | loss_cc=4.617 - loss_ce=2.117 - loss_ne=0.0151 - loss_div=0.0 - threshold=1.0 - loss=6.749 - eval_confidence=0.899 - cluster_acc_0_eval=66.83 - cluster_nmi_0_eval=0.642 - cluster_ari_0_eval=0.541 - cluster_acc_1_eval=66.8 - cluster_nmi_1_eval=0.642 - cluster_ari_1_eval=0.541 - cluster_acc_2_eval=66.75 - cluster_nmi_2_eval=0.642 - cluster_ari_2_eval=0.54 - cluster_acc_3_eval=66.74 - cluster_nmi_3_eval=0.642 - cluster_ari_3_eval=0.54 - cluster_acc_4_eval=66.83 - cluster_nmi_4_eval=0.642 - cluster_ari_4_eval=0.541 - max_cluster_acc_eval=66.83 - mean_cluster_acc_eval=66.79 - min_cluster_acc_eval=66.74 - max_cluster_nmi_eval=0.642 - mean_cluster_nmi_eval=0.642 - min_cluster_nmi_eval=0.642 - max_cluster_ari_eval=0.541 - mean_cluster_ari_eval=0.54 - min_cluster_ari_eval=0.54 - interclustering_nmi_eval=0.983
/scratch/e0538389/DivClust/engine/trainer.py:41: FutureWarning: `torch.cuda.amp.autocast(args...)` is deprecated. Please use `torch.amp.autocast('cuda', args...)` instead.
  with autocast(self.mixed_precision):
[2026-03-29 16:48:21](logger.py 179): id=CC_FMNIST_E100_DT_1_0 | Ep. 41/100 - Step 0/273 (0.0 it/s) |                    | - loss_cc=4.618 - loss_ce=2.124 - loss_ne=0.0186 - loss_div=0.0 - threshold=1.0 - loss=6.76
[2026-03-29 16:48:24](logger.py 179): id=CC_FMNIST_E100_DT_1_0 | Ep. 41/100 - Step 25/273 (8.22 it/s) |#                   | - loss_cc=4.613 - loss_ce=2.117 - loss_ne=0.0161 - loss_div=0.0 - threshold=1.0 - loss=6.746
[2026-03-29 16:48:27](logger.py 179): id=CC_FMNIST_E100_DT_1_0 | Ep. 41/100 - Step 50/273 (8.22 it/s) |###                 | - loss_cc=4.616 - loss_ce=2.117 - loss_ne=0.0171 - loss_div=0.0 - threshold=1.0 - loss=6.751
[2026-03-29 16:48:30](logger.py 179): id=CC_FMNIST_E100_DT_1_0 | Ep. 41/100 - Step 75/273 (8.24 it/s) |#####               | - loss_cc=4.616 - loss_ce=2.117 - loss_ne=0.0172 - loss_div=0.0 - threshold=1.0 - loss=6.75
[2026-03-29 16:48:33](logger.py 179): id=CC_FMNIST_E100_DT_1_0 | Ep. 41/100 - Step 100/273 (8.22 it/s) |#######             | - loss_cc=4.617 - loss_ce=2.117 - loss_ne=0.0172 - loss_div=0.0 - threshold=1.0 - loss=6.752
[2026-03-29 16:48:36](logger.py 179): id=CC_FMNIST_E100_DT_1_0 | Ep. 41/100 - Step 125/273 (8.23 it/s) |#########           | - loss_cc=4.616 - loss_ce=2.117 - loss_ne=0.0163 - loss_div=0.0 - threshold=1.0 - loss=6.749
[2026-03-29 16:48:39](logger.py 179): id=CC_FMNIST_E100_DT_1_0 | Ep. 41/100 - Step 150/273 (8.23 it/s) |##########          | - loss_cc=4.616 - loss_ce=2.117 - loss_ne=0.016 - loss_div=0.0 - threshold=1.0 - loss=6.748
[2026-03-29 16:48:42](logger.py 179): id=CC_FMNIST_E100_DT_1_0 | Ep. 41/100 - Step 175/273 (8.23 it/s) |############        | - loss_cc=4.616 - loss_ce=2.117 - loss_ne=0.0162 - loss_div=0.0 - threshold=1.0 - loss=6.748
[2026-03-29 16:48:45](logger.py 179): id=CC_FMNIST_E100_DT_1_0 | Ep. 41/100 - Step 200/273 (8.24 it/s) |##############      | - loss_cc=4.616 - loss_ce=2.117 - loss_ne=0.0162 - loss_div=0.0 - threshold=1.0 - loss=6.749
[2026-03-29 16:48:48](logger.py 179): id=CC_FMNIST_E100_DT_1_0 | Ep. 41/100 - Step 225/273 (8.25 it/s) |################    | - loss_cc=4.615 - loss_ce=2.116 - loss_ne=0.0162 - loss_div=0.0 - threshold=1.0 - loss=6.748
[2026-03-29 16:48:51](logger.py 179): id=CC_FMNIST_E100_DT_1_0 | Ep. 41/100 - Step 250/273 (8.25 it/s) |##################  | - loss_cc=4.615 - loss_ce=2.117 - loss_ne=0.0162 - loss_div=0.0 - threshold=1.0 - loss=6.748
[2026-03-29 16:48:53](logger.py 179): Evaluating
[2026-03-29 16:48:54](logger.py 179): Eval. step 0 of 274
[2026-03-29 16:48:54](logger.py 179): Eval. step 25 of 274
[2026-03-29 16:48:55](logger.py 179): Eval. step 50 of 274
[2026-03-29 16:48:56](logger.py 179): Eval. step 75 of 274
[2026-03-29 16:48:56](logger.py 179): Eval. step 100 of 274
[2026-03-29 16:48:57](logger.py 179): Eval. step 125 of 274
[2026-03-29 16:48:58](logger.py 179): Eval. step 150 of 274
[2026-03-29 16:48:58](logger.py 179): Eval. step 175 of 274
[2026-03-29 16:48:59](logger.py 179): Eval. step 200 of 274
[2026-03-29 16:49:00](logger.py 179): Eval. step 225 of 274
[2026-03-29 16:49:00](logger.py 179): Eval. step 250 of 274
[2026-03-29 16:49:01](logger.py 179): id=CC_FMNIST_E100_DT_1_0 | Ep. 41/100 | Time: 00:00 | loss_cc=4.615 - loss_ce=2.116 - loss_ne=0.0162 - loss_div=0.0 - threshold=1.0 - loss=6.747 - eval_confidence=0.899 - cluster_acc_0_eval=68.17 - cluster_nmi_0_eval=0.656 - cluster_ari_0_eval=0.557 - cluster_acc_1_eval=68.09 - cluster_nmi_1_eval=0.655 - cluster_ari_1_eval=0.556 - cluster_acc_2_eval=68.07 - cluster_nmi_2_eval=0.655 - cluster_ari_2_eval=0.556 - cluster_acc_3_eval=68.13 - cluster_nmi_3_eval=0.655 - cluster_ari_3_eval=0.556 - cluster_acc_4_eval=68.16 - cluster_nmi_4_eval=0.655 - cluster_ari_4_eval=0.557 - max_cluster_acc_eval=68.17 - mean_cluster_acc_eval=68.12 - min_cluster_acc_eval=68.07 - max_cluster_nmi_eval=0.656 - mean_cluster_nmi_eval=0.655 - min_cluster_nmi_eval=0.655 - max_cluster_ari_eval=0.557 - mean_cluster_ari_eval=0.557 - min_cluster_ari_eval=0.556 - interclustering_nmi_eval=0.983
/scratch/e0538389/DivClust/engine/trainer.py:41: FutureWarning: `torch.cuda.amp.autocast(args...)` is deprecated. Please use `torch.amp.autocast('cuda', args...)` instead.
  with autocast(self.mixed_precision):
[2026-03-29 16:49:02](logger.py 179): id=CC_FMNIST_E100_DT_1_0 | Ep. 42/100 - Step 0/273 (0.0 it/s) |                    | - loss_cc=4.6 - loss_ce=2.121 - loss_ne=0.00306 - loss_div=0.0 - threshold=1.0 - loss=6.724
[2026-03-29 16:49:05](logger.py 179): id=CC_FMNIST_E100_DT_1_0 | Ep. 42/100 - Step 25/273 (8.1 it/s) |#                   | - loss_cc=4.612 - loss_ce=2.114 - loss_ne=0.0171 - loss_div=0.0 - threshold=1.0 - loss=6.743
[2026-03-29 16:49:08](logger.py 179): id=CC_FMNIST_E100_DT_1_0 | Ep. 42/100 - Step 50/273 (8.19 it/s) |###                 | - loss_cc=4.616 - loss_ce=2.117 - loss_ne=0.0169 - loss_div=0.0 - threshold=1.0 - loss=6.749
[2026-03-29 16:49:11](logger.py 179): id=CC_FMNIST_E100_DT_1_0 | Ep. 42/100 - Step 75/273 (8.17 it/s) |#####               | - loss_cc=4.614 - loss_ce=2.115 - loss_ne=0.0173 - loss_div=0.0 - threshold=1.0 - loss=6.746
[2026-03-29 16:49:14](logger.py 179): id=CC_FMNIST_E100_DT_1_0 | Ep. 42/100 - Step 100/273 (8.2 it/s) |#######             | - loss_cc=4.611 - loss_ce=2.115 - loss_ne=0.0172 - loss_div=0.0 - threshold=1.0 - loss=6.743
[2026-03-29 16:49:17](logger.py 179): id=CC_FMNIST_E100_DT_1_0 | Ep. 42/100 - Step 125/273 (8.2 it/s) |#########           | - loss_cc=4.611 - loss_ce=2.115 - loss_ne=0.0169 - loss_div=0.0 - threshold=1.0 - loss=6.742
[2026-03-29 16:49:20](logger.py 179): id=CC_FMNIST_E100_DT_1_0 | Ep. 42/100 - Step 150/273 (8.21 it/s) |##########          | - loss_cc=4.611 - loss_ce=2.115 - loss_ne=0.0166 - loss_div=0.0 - threshold=1.0 - loss=6.743
[2026-03-29 16:49:23](logger.py 179): id=CC_FMNIST_E100_DT_1_0 | Ep. 42/100 - Step 175/273 (8.22 it/s) |############        | - loss_cc=4.611 - loss_ce=2.115 - loss_ne=0.0165 - loss_div=0.0 - threshold=1.0 - loss=6.743
[2026-03-29 16:49:26](logger.py 179): id=CC_FMNIST_E100_DT_1_0 | Ep. 42/100 - Step 200/273 (8.21 it/s) |##############      | - loss_cc=4.611 - loss_ce=2.115 - loss_ne=0.0163 - loss_div=0.0 - threshold=1.0 - loss=6.742
[2026-03-29 16:49:29](logger.py 179): id=CC_FMNIST_E100_DT_1_0 | Ep. 42/100 - Step 225/273 (8.22 it/s) |################    | - loss_cc=4.612 - loss_ce=2.115 - loss_ne=0.016 - loss_div=0.0 - threshold=1.0 - loss=6.743
[2026-03-29 16:49:32](logger.py 179): id=CC_FMNIST_E100_DT_1_0 | Ep. 42/100 - Step 250/273 (8.22 it/s) |##################  | - loss_cc=4.612 - loss_ce=2.115 - loss_ne=0.016 - loss_div=0.0 - threshold=1.0 - loss=6.744
[2026-03-29 16:49:35](logger.py 179): Evaluating
[2026-03-29 16:49:35](logger.py 179): Eval. step 0 of 274
[2026-03-29 16:49:36](logger.py 179): Eval. step 25 of 274
[2026-03-29 16:49:36](logger.py 179): Eval. step 50 of 274
[2026-03-29 16:49:37](logger.py 179): Eval. step 75 of 274
[2026-03-29 16:49:38](logger.py 179): Eval. step 100 of 274
[2026-03-29 16:49:38](logger.py 179): Eval. step 125 of 274
[2026-03-29 16:49:39](logger.py 179): Eval. step 150 of 274
[2026-03-29 16:49:40](logger.py 179): Eval. step 175 of 274
[2026-03-29 16:49:40](logger.py 179): Eval. step 200 of 274
[2026-03-29 16:49:41](logger.py 179): Eval. step 225 of 274
[2026-03-29 16:49:42](logger.py 179): Eval. step 250 of 274
[2026-03-29 16:49:43](logger.py 179): id=CC_FMNIST_E100_DT_1_0 | Ep. 42/100 | Time: 00:00 | loss_cc=4.612 - loss_ce=2.115 - loss_ne=0.0159 - loss_div=0.0 - threshold=1.0 - loss=6.744 - eval_confidence=0.895 - cluster_acc_0_eval=68.16 - cluster_nmi_0_eval=0.65 - cluster_ari_0_eval=0.552 - cluster_acc_1_eval=68.22 - cluster_nmi_1_eval=0.65 - cluster_ari_1_eval=0.553 - cluster_acc_2_eval=68.21 - cluster_nmi_2_eval=0.651 - cluster_ari_2_eval=0.553 - cluster_acc_3_eval=68.2 - cluster_nmi_3_eval=0.651 - cluster_ari_3_eval=0.553 - cluster_acc_4_eval=68.2 - cluster_nmi_4_eval=0.651 - cluster_ari_4_eval=0.553 - max_cluster_acc_eval=68.22 - mean_cluster_acc_eval=68.2 - min_cluster_acc_eval=68.16 - max_cluster_nmi_eval=0.651 - mean_cluster_nmi_eval=0.651 - min_cluster_nmi_eval=0.65 - max_cluster_ari_eval=0.553 - mean_cluster_ari_eval=0.553 - min_cluster_ari_eval=0.552 - interclustering_nmi_eval=0.984
/scratch/e0538389/DivClust/engine/trainer.py:41: FutureWarning: `torch.cuda.amp.autocast(args...)` is deprecated. Please use `torch.amp.autocast('cuda', args...)` instead.
  with autocast(self.mixed_precision):
[2026-03-29 16:49:43](logger.py 179): id=CC_FMNIST_E100_DT_1_0 | Ep. 43/100 - Step 0/273 (0.0 it/s) |                    | - loss_cc=4.614 - loss_ce=2.105 - loss_ne=0.0117 - loss_div=0.0 - threshold=1.0 - loss=6.731
[2026-03-29 16:49:46](logger.py 179): id=CC_FMNIST_E100_DT_1_0 | Ep. 43/100 - Step 25/273 (8.32 it/s) |#                   | - loss_cc=4.61 - loss_ce=2.114 - loss_ne=0.0154 - loss_div=0.0 - threshold=1.0 - loss=6.739
[2026-03-29 16:49:49](logger.py 179): id=CC_FMNIST_E100_DT_1_0 | Ep. 43/100 - Step 50/273 (8.3 it/s) |###                 | - loss_cc=4.613 - loss_ce=2.116 - loss_ne=0.0149 - loss_div=0.0 - threshold=1.0 - loss=6.744
[2026-03-29 16:49:52](logger.py 179): id=CC_FMNIST_E100_DT_1_0 | Ep. 43/100 - Step 75/273 (8.29 it/s) |#####               | - loss_cc=4.61 - loss_ce=2.115 - loss_ne=0.0144 - loss_div=0.0 - threshold=1.0 - loss=6.74
[2026-03-29 16:49:55](logger.py 179): id=CC_FMNIST_E100_DT_1_0 | Ep. 43/100 - Step 100/273 (8.28 it/s) |#######             | - loss_cc=4.612 - loss_ce=2.116 - loss_ne=0.0147 - loss_div=0.0 - threshold=1.0 - loss=6.742
[2026-03-29 16:49:58](logger.py 179): id=CC_FMNIST_E100_DT_1_0 | Ep. 43/100 - Step 125/273 (8.27 it/s) |#########           | - loss_cc=4.611 - loss_ce=2.116 - loss_ne=0.0151 - loss_div=0.0 - threshold=1.0 - loss=6.742
[2026-03-29 16:50:01](logger.py 179): id=CC_FMNIST_E100_DT_1_0 | Ep. 43/100 - Step 150/273 (8.26 it/s) |##########          | - loss_cc=4.611 - loss_ce=2.116 - loss_ne=0.0151 - loss_div=0.0 - threshold=1.0 - loss=6.742
[2026-03-29 16:50:04](logger.py 179): id=CC_FMNIST_E100_DT_1_0 | Ep. 43/100 - Step 175/273 (8.25 it/s) |############        | - loss_cc=4.61 - loss_ce=2.115 - loss_ne=0.0148 - loss_div=0.0 - threshold=1.0 - loss=6.74
[2026-03-29 16:50:07](logger.py 179): id=CC_FMNIST_E100_DT_1_0 | Ep. 43/100 - Step 200/273 (8.25 it/s) |##############      | - loss_cc=4.611 - loss_ce=2.115 - loss_ne=0.0151 - loss_div=0.0 - threshold=1.0 - loss=6.741
[2026-03-29 16:50:11](logger.py 179): id=CC_FMNIST_E100_DT_1_0 | Ep. 43/100 - Step 225/273 (8.26 it/s) |################    | - loss_cc=4.611 - loss_ce=2.115 - loss_ne=0.0149 - loss_div=0.0 - threshold=1.0 - loss=6.741
[2026-03-29 16:50:14](logger.py 179): id=CC_FMNIST_E100_DT_1_0 | Ep. 43/100 - Step 250/273 (8.26 it/s) |##################  | - loss_cc=4.611 - loss_ce=2.115 - loss_ne=0.0149 - loss_div=0.0 - threshold=1.0 - loss=6.741
[2026-03-29 16:50:16](logger.py 179): Evaluating
[2026-03-29 16:50:16](logger.py 179): Eval. step 0 of 274
[2026-03-29 16:50:17](logger.py 179): Eval. step 25 of 274
[2026-03-29 16:50:18](logger.py 179): Eval. step 50 of 274
[2026-03-29 16:50:18](logger.py 179): Eval. step 75 of 274
[2026-03-29 16:50:19](logger.py 179): Eval. step 100 of 274
[2026-03-29 16:50:20](logger.py 179): Eval. step 125 of 274
[2026-03-29 16:50:20](logger.py 179): Eval. step 150 of 274
[2026-03-29 16:50:21](logger.py 179): Eval. step 175 of 274
[2026-03-29 16:50:22](logger.py 179): Eval. step 200 of 274
[2026-03-29 16:50:22](logger.py 179): Eval. step 225 of 274
[2026-03-29 16:50:23](logger.py 179): Eval. step 250 of 274
[2026-03-29 16:50:24](logger.py 179): id=CC_FMNIST_E100_DT_1_0 | Ep. 43/100 | Time: 00:00 | loss_cc=4.611 - loss_ce=2.115 - loss_ne=0.015 - loss_div=0.0 - threshold=1.0 - loss=6.741 - eval_confidence=0.902 - cluster_acc_0_eval=66.93 - cluster_nmi_0_eval=0.641 - cluster_ari_0_eval=0.536 - cluster_acc_1_eval=67.05 - cluster_nmi_1_eval=0.641 - cluster_ari_1_eval=0.537 - cluster_acc_2_eval=67.01 - cluster_nmi_2_eval=0.641 - cluster_ari_2_eval=0.536 - cluster_acc_3_eval=67.04 - cluster_nmi_3_eval=0.641 - cluster_ari_3_eval=0.537 - cluster_acc_4_eval=67.02 - cluster_nmi_4_eval=0.641 - cluster_ari_4_eval=0.537 - max_cluster_acc_eval=67.05 - mean_cluster_acc_eval=67.01 - min_cluster_acc_eval=66.93 - max_cluster_nmi_eval=0.641 - mean_cluster_nmi_eval=0.641 - min_cluster_nmi_eval=0.641 - max_cluster_ari_eval=0.537 - mean_cluster_ari_eval=0.536 - min_cluster_ari_eval=0.536 - interclustering_nmi_eval=0.983
/scratch/e0538389/DivClust/engine/trainer.py:41: FutureWarning: `torch.cuda.amp.autocast(args...)` is deprecated. Please use `torch.amp.autocast('cuda', args...)` instead.
  with autocast(self.mixed_precision):
[2026-03-29 16:50:25](logger.py 179): id=CC_FMNIST_E100_DT_1_0 | Ep. 44/100 - Step 0/273 (0.0 it/s) |                    | - loss_cc=4.612 - loss_ce=2.118 - loss_ne=0.00559 - loss_div=0.0 - threshold=1.0 - loss=6.735
[2026-03-29 16:50:28](logger.py 179): id=CC_FMNIST_E100_DT_1_0 | Ep. 44/100 - Step 25/273 (8.22 it/s) |#                   | - loss_cc=4.603 - loss_ce=2.112 - loss_ne=0.0163 - loss_div=0.0 - threshold=1.0 - loss=6.732
[2026-03-29 16:50:31](logger.py 179): id=CC_FMNIST_E100_DT_1_0 | Ep. 44/100 - Step 50/273 (8.22 it/s) |###                 | - loss_cc=4.606 - loss_ce=2.112 - loss_ne=0.016 - loss_div=0.0 - threshold=1.0 - loss=6.734
[2026-03-29 16:50:34](logger.py 179): id=CC_FMNIST_E100_DT_1_0 | Ep. 44/100 - Step 75/273 (8.22 it/s) |#####               | - loss_cc=4.607 - loss_ce=2.113 - loss_ne=0.0159 - loss_div=0.0 - threshold=1.0 - loss=6.736
[2026-03-29 16:50:37](logger.py 179): id=CC_FMNIST_E100_DT_1_0 | Ep. 44/100 - Step 100/273 (8.22 it/s) |#######             | - loss_cc=4.609 - loss_ce=2.114 - loss_ne=0.0155 - loss_div=0.0 - threshold=1.0 - loss=6.739
[2026-03-29 16:50:40](logger.py 179): id=CC_FMNIST_E100_DT_1_0 | Ep. 44/100 - Step 125/273 (8.22 it/s) |#########           | - loss_cc=4.61 - loss_ce=2.114 - loss_ne=0.0152 - loss_div=0.0 - threshold=1.0 - loss=6.739
[2026-03-29 16:50:43](logger.py 179): id=CC_FMNIST_E100_DT_1_0 | Ep. 44/100 - Step 150/273 (8.23 it/s) |##########          | - loss_cc=4.61 - loss_ce=2.114 - loss_ne=0.0151 - loss_div=0.0 - threshold=1.0 - loss=6.739
[2026-03-29 16:50:46](logger.py 179): id=CC_FMNIST_E100_DT_1_0 | Ep. 44/100 - Step 175/273 (8.23 it/s) |############        | - loss_cc=4.61 - loss_ce=2.115 - loss_ne=0.0148 - loss_div=0.0 - threshold=1.0 - loss=6.74
[2026-03-29 16:50:49](logger.py 179): id=CC_FMNIST_E100_DT_1_0 | Ep. 44/100 - Step 200/273 (8.24 it/s) |##############      | - loss_cc=4.609 - loss_ce=2.114 - loss_ne=0.0147 - loss_div=0.0 - threshold=1.0 - loss=6.738
[2026-03-29 16:50:52](logger.py 179): id=CC_FMNIST_E100_DT_1_0 | Ep. 44/100 - Step 225/273 (8.23 it/s) |################    | - loss_cc=4.609 - loss_ce=2.114 - loss_ne=0.0151 - loss_div=0.0 - threshold=1.0 - loss=6.738
[2026-03-29 16:50:55](logger.py 179): id=CC_FMNIST_E100_DT_1_0 | Ep. 44/100 - Step 250/273 (8.24 it/s) |##################  | - loss_cc=4.609 - loss_ce=2.114 - loss_ne=0.0148 - loss_div=0.0 - threshold=1.0 - loss=6.738
[2026-03-29 16:50:57](logger.py 179): Evaluating
[2026-03-29 16:50:58](logger.py 179): Eval. step 0 of 274
[2026-03-29 16:50:58](logger.py 179): Eval. step 25 of 274
[2026-03-29 16:50:59](logger.py 179): Eval. step 50 of 274
[2026-03-29 16:51:00](logger.py 179): Eval. step 75 of 274
[2026-03-29 16:51:00](logger.py 179): Eval. step 100 of 274
[2026-03-29 16:51:01](logger.py 179): Eval. step 125 of 274
[2026-03-29 16:51:02](logger.py 179): Eval. step 150 of 274
[2026-03-29 16:51:02](logger.py 179): Eval. step 175 of 274
[2026-03-29 16:51:03](logger.py 179): Eval. step 200 of 274
[2026-03-29 16:51:04](logger.py 179): Eval. step 225 of 274
[2026-03-29 16:51:04](logger.py 179): Eval. step 250 of 274
[2026-03-29 16:51:05](logger.py 179): id=CC_FMNIST_E100_DT_1_0 | Ep. 44/100 | Time: 00:00 | loss_cc=4.609 - loss_ce=2.114 - loss_ne=0.0148 - loss_div=0.0 - threshold=1.0 - loss=6.738 - eval_confidence=0.902 - cluster_acc_0_eval=67.81 - cluster_nmi_0_eval=0.652 - cluster_ari_0_eval=0.549 - cluster_acc_1_eval=67.79 - cluster_nmi_1_eval=0.652 - cluster_ari_1_eval=0.549 - cluster_acc_2_eval=67.84 - cluster_nmi_2_eval=0.652 - cluster_ari_2_eval=0.549 - cluster_acc_3_eval=67.84 - cluster_nmi_3_eval=0.652 - cluster_ari_3_eval=0.549 - cluster_acc_4_eval=67.84 - cluster_nmi_4_eval=0.652 - cluster_ari_4_eval=0.549 - max_cluster_acc_eval=67.84 - mean_cluster_acc_eval=67.82 - min_cluster_acc_eval=67.79 - max_cluster_nmi_eval=0.652 - mean_cluster_nmi_eval=0.652 - min_cluster_nmi_eval=0.652 - max_cluster_ari_eval=0.549 - mean_cluster_ari_eval=0.549 - min_cluster_ari_eval=0.549 - interclustering_nmi_eval=0.984
/scratch/e0538389/DivClust/engine/trainer.py:41: FutureWarning: `torch.cuda.amp.autocast(args...)` is deprecated. Please use `torch.amp.autocast('cuda', args...)` instead.
  with autocast(self.mixed_precision):
[2026-03-29 16:51:06](logger.py 179): id=CC_FMNIST_E100_DT_1_0 | Ep. 45/100 - Step 0/273 (0.0 it/s) |                    | - loss_cc=4.587 - loss_ce=2.106 - loss_ne=0.0167 - loss_div=0.0 - threshold=1.0 - loss=6.709
[2026-03-29 16:51:09](logger.py 179): id=CC_FMNIST_E100_DT_1_0 | Ep. 45/100 - Step 25/273 (8.17 it/s) |#                   | - loss_cc=4.604 - loss_ce=2.115 - loss_ne=0.0144 - loss_div=0.0 - threshold=1.0 - loss=6.733
[2026-03-29 16:51:12](logger.py 179): id=CC_FMNIST_E100_DT_1_0 | Ep. 45/100 - Step 50/273 (8.16 it/s) |###                 | - loss_cc=4.608 - loss_ce=2.116 - loss_ne=0.0154 - loss_div=0.0 - threshold=1.0 - loss=6.739
[2026-03-29 16:51:15](logger.py 179): id=CC_FMNIST_E100_DT_1_0 | Ep. 45/100 - Step 75/273 (8.19 it/s) |#####               | - loss_cc=4.609 - loss_ce=2.116 - loss_ne=0.0155 - loss_div=0.0 - threshold=1.0 - loss=6.74
[2026-03-29 16:51:18](logger.py 179): id=CC_FMNIST_E100_DT_1_0 | Ep. 45/100 - Step 100/273 (8.2 it/s) |#######             | - loss_cc=4.609 - loss_ce=2.115 - loss_ne=0.0155 - loss_div=0.0 - threshold=1.0 - loss=6.739
[2026-03-29 16:51:21](logger.py 179): id=CC_FMNIST_E100_DT_1_0 | Ep. 45/100 - Step 125/273 (8.21 it/s) |#########           | - loss_cc=4.608 - loss_ce=2.115 - loss_ne=0.0152 - loss_div=0.0 - threshold=1.0 - loss=6.738
[2026-03-29 16:51:24](logger.py 179): id=CC_FMNIST_E100_DT_1_0 | Ep. 45/100 - Step 150/273 (8.2 it/s) |##########          | - loss_cc=4.607 - loss_ce=2.114 - loss_ne=0.0151 - loss_div=0.0 - threshold=1.0 - loss=6.736
[2026-03-29 16:51:27](logger.py 179): id=CC_FMNIST_E100_DT_1_0 | Ep. 45/100 - Step 175/273 (8.21 it/s) |############        | - loss_cc=4.606 - loss_ce=2.114 - loss_ne=0.015 - loss_div=0.0 - threshold=1.0 - loss=6.735
[2026-03-29 16:51:30](logger.py 179): id=CC_FMNIST_E100_DT_1_0 | Ep. 45/100 - Step 200/273 (8.21 it/s) |##############      | - loss_cc=4.607 - loss_ce=2.114 - loss_ne=0.0154 - loss_div=0.0 - threshold=1.0 - loss=6.736
[2026-03-29 16:51:33](logger.py 179): id=CC_FMNIST_E100_DT_1_0 | Ep. 45/100 - Step 225/273 (8.21 it/s) |################    | - loss_cc=4.607 - loss_ce=2.114 - loss_ne=0.0153 - loss_div=0.0 - threshold=1.0 - loss=6.736
[2026-03-29 16:51:36](logger.py 179): id=CC_FMNIST_E100_DT_1_0 | Ep. 45/100 - Step 250/273 (8.21 it/s) |##################  | - loss_cc=4.607 - loss_ce=2.114 - loss_ne=0.0152 - loss_div=0.0 - threshold=1.0 - loss=6.736
[2026-03-29 16:51:39](logger.py 179): Evaluating
[2026-03-29 16:51:39](logger.py 179): Eval. step 0 of 274
[2026-03-29 16:51:40](logger.py 179): Eval. step 25 of 274
[2026-03-29 16:51:40](logger.py 179): Eval. step 50 of 274
[2026-03-29 16:51:41](logger.py 179): Eval. step 75 of 274
[2026-03-29 16:51:42](logger.py 179): Eval. step 100 of 274
[2026-03-29 16:51:42](logger.py 179): Eval. step 125 of 274
[2026-03-29 16:51:43](logger.py 179): Eval. step 150 of 274
[2026-03-29 16:51:44](logger.py 179): Eval. step 175 of 274
[2026-03-29 16:51:45](logger.py 179): Eval. step 200 of 274
[2026-03-29 16:51:45](logger.py 179): Eval. step 225 of 274
[2026-03-29 16:51:46](logger.py 179): Eval. step 250 of 274
[2026-03-29 16:51:47](logger.py 179): id=CC_FMNIST_E100_DT_1_0 | Ep. 45/100 | Time: 00:00 | loss_cc=4.607 - loss_ce=2.114 - loss_ne=0.0152 - loss_div=0.0 - threshold=1.0 - loss=6.736 - eval_confidence=0.901 - cluster_acc_0_eval=66.9 - cluster_nmi_0_eval=0.64 - cluster_ari_0_eval=0.533 - cluster_acc_1_eval=66.96 - cluster_nmi_1_eval=0.641 - cluster_ari_1_eval=0.534 - cluster_acc_2_eval=66.93 - cluster_nmi_2_eval=0.64 - cluster_ari_2_eval=0.533 - cluster_acc_3_eval=66.92 - cluster_nmi_3_eval=0.641 - cluster_ari_3_eval=0.533 - cluster_acc_4_eval=66.98 - cluster_nmi_4_eval=0.641 - cluster_ari_4_eval=0.534 - max_cluster_acc_eval=66.98 - mean_cluster_acc_eval=66.94 - min_cluster_acc_eval=66.9 - max_cluster_nmi_eval=0.641 - mean_cluster_nmi_eval=0.64 - min_cluster_nmi_eval=0.64 - max_cluster_ari_eval=0.534 - mean_cluster_ari_eval=0.534 - min_cluster_ari_eval=0.533 - interclustering_nmi_eval=0.982
/scratch/e0538389/DivClust/engine/trainer.py:41: FutureWarning: `torch.cuda.amp.autocast(args...)` is deprecated. Please use `torch.amp.autocast('cuda', args...)` instead.
  with autocast(self.mixed_precision):
[2026-03-29 16:51:47](logger.py 179): id=CC_FMNIST_E100_DT_1_0 | Ep. 46/100 - Step 0/273 (0.0 it/s) |                    | - loss_cc=4.626 - loss_ce=2.118 - loss_ne=0.0169 - loss_div=0.0 - threshold=1.0 - loss=6.761
[2026-03-29 16:51:50](logger.py 179): id=CC_FMNIST_E100_DT_1_0 | Ep. 46/100 - Step 25/273 (8.13 it/s) |#                   | - loss_cc=4.608 - loss_ce=2.114 - loss_ne=0.0172 - loss_div=0.0 - threshold=1.0 - loss=6.739
[2026-03-29 16:51:53](logger.py 179): id=CC_FMNIST_E100_DT_1_0 | Ep. 46/100 - Step 50/273 (8.18 it/s) |###                 | - loss_cc=4.61 - loss_ce=2.114 - loss_ne=0.0163 - loss_div=0.0 - threshold=1.0 - loss=6.74
[2026-03-29 16:51:56](logger.py 179): id=CC_FMNIST_E100_DT_1_0 | Ep. 46/100 - Step 75/273 (8.2 it/s) |#####               | - loss_cc=4.611 - loss_ce=2.115 - loss_ne=0.0154 - loss_div=0.0 - threshold=1.0 - loss=6.742
[2026-03-29 16:52:00](logger.py 179): id=CC_FMNIST_E100_DT_1_0 | Ep. 46/100 - Step 100/273 (8.22 it/s) |#######             | - loss_cc=4.612 - loss_ce=2.115 - loss_ne=0.0158 - loss_div=0.0 - threshold=1.0 - loss=6.742
[2026-03-29 16:52:03](logger.py 179): id=CC_FMNIST_E100_DT_1_0 | Ep. 46/100 - Step 125/273 (8.24 it/s) |#########           | - loss_cc=4.608 - loss_ce=2.114 - loss_ne=0.0156 - loss_div=0.0 - threshold=1.0 - loss=6.738
[2026-03-29 16:52:06](logger.py 179): id=CC_FMNIST_E100_DT_1_0 | Ep. 46/100 - Step 150/273 (8.24 it/s) |##########          | - loss_cc=4.607 - loss_ce=2.114 - loss_ne=0.015 - loss_div=0.0 - threshold=1.0 - loss=6.736
[2026-03-29 16:52:09](logger.py 179): id=CC_FMNIST_E100_DT_1_0 | Ep. 46/100 - Step 175/273 (8.24 it/s) |############        | - loss_cc=4.606 - loss_ce=2.114 - loss_ne=0.0151 - loss_div=0.0 - threshold=1.0 - loss=6.735
[2026-03-29 16:52:12](logger.py 179): id=CC_FMNIST_E100_DT_1_0 | Ep. 46/100 - Step 200/273 (8.25 it/s) |##############      | - loss_cc=4.605 - loss_ce=2.113 - loss_ne=0.0153 - loss_div=0.0 - threshold=1.0 - loss=6.734
[2026-03-29 16:52:15](logger.py 179): id=CC_FMNIST_E100_DT_1_0 | Ep. 46/100 - Step 225/273 (8.26 it/s) |################    | - loss_cc=4.606 - loss_ce=2.113 - loss_ne=0.0152 - loss_div=0.0 - threshold=1.0 - loss=6.734
[2026-03-29 16:52:18](logger.py 179): id=CC_FMNIST_E100_DT_1_0 | Ep. 46/100 - Step 250/273 (8.26 it/s) |##################  | - loss_cc=4.606 - loss_ce=2.113 - loss_ne=0.0154 - loss_div=0.0 - threshold=1.0 - loss=6.735
[2026-03-29 16:52:20](logger.py 179): Evaluating
[2026-03-29 16:52:20](logger.py 179): Eval. step 0 of 274
[2026-03-29 16:52:21](logger.py 179): Eval. step 25 of 274
[2026-03-29 16:52:22](logger.py 179): Eval. step 50 of 274
[2026-03-29 16:52:22](logger.py 179): Eval. step 75 of 274
[2026-03-29 16:52:23](logger.py 179): Eval. step 100 of 274
[2026-03-29 16:52:24](logger.py 179): Eval. step 125 of 274
[2026-03-29 16:52:24](logger.py 179): Eval. step 150 of 274
[2026-03-29 16:52:25](logger.py 179): Eval. step 175 of 274
[2026-03-29 16:52:26](logger.py 179): Eval. step 200 of 274
[2026-03-29 16:52:26](logger.py 179): Eval. step 225 of 274
[2026-03-29 16:52:27](logger.py 179): Eval. step 250 of 274
[2026-03-29 16:52:28](logger.py 179): id=CC_FMNIST_E100_DT_1_0 | Ep. 46/100 | Time: 00:00 | loss_cc=4.605 - loss_ce=2.113 - loss_ne=0.0154 - loss_div=0.0 - threshold=1.0 - loss=6.734 - eval_confidence=0.898 - cluster_acc_0_eval=67.28 - cluster_nmi_0_eval=0.644 - cluster_ari_0_eval=0.542 - cluster_acc_1_eval=67.26 - cluster_nmi_1_eval=0.643 - cluster_ari_1_eval=0.541 - cluster_acc_2_eval=67.26 - cluster_nmi_2_eval=0.644 - cluster_ari_2_eval=0.542 - cluster_acc_3_eval=67.23 - cluster_nmi_3_eval=0.644 - cluster_ari_3_eval=0.542 - cluster_acc_4_eval=67.31 - cluster_nmi_4_eval=0.644 - cluster_ari_4_eval=0.542 - max_cluster_acc_eval=67.31 - mean_cluster_acc_eval=67.27 - min_cluster_acc_eval=67.23 - max_cluster_nmi_eval=0.644 - mean_cluster_nmi_eval=0.644 - min_cluster_nmi_eval=0.643 - max_cluster_ari_eval=0.542 - mean_cluster_ari_eval=0.542 - min_cluster_ari_eval=0.541 - interclustering_nmi_eval=0.983
/scratch/e0538389/DivClust/engine/trainer.py:41: FutureWarning: `torch.cuda.amp.autocast(args...)` is deprecated. Please use `torch.amp.autocast('cuda', args...)` instead.
  with autocast(self.mixed_precision):
[2026-03-29 16:52:29](logger.py 179): id=CC_FMNIST_E100_DT_1_0 | Ep. 47/100 - Step 0/273 (0.0 it/s) |                    | - loss_cc=4.584 - loss_ce=2.103 - loss_ne=0.00741 - loss_div=0.0 - threshold=1.0 - loss=6.694
[2026-03-29 16:52:32](logger.py 179): id=CC_FMNIST_E100_DT_1_0 | Ep. 47/100 - Step 25/273 (8.12 it/s) |#                   | - loss_cc=4.61 - loss_ce=2.118 - loss_ne=0.0134 - loss_div=0.0 - threshold=1.0 - loss=6.741
[2026-03-29 16:52:35](logger.py 179): id=CC_FMNIST_E100_DT_1_0 | Ep. 47/100 - Step 50/273 (8.2 it/s) |###                 | - loss_cc=4.607 - loss_ce=2.116 - loss_ne=0.0152 - loss_div=0.0 - threshold=1.0 - loss=6.738
[2026-03-29 16:52:38](logger.py 179): id=CC_FMNIST_E100_DT_1_0 | Ep. 47/100 - Step 75/273 (8.23 it/s) |#####               | - loss_cc=4.609 - loss_ce=2.116 - loss_ne=0.0153 - loss_div=0.0 - threshold=1.0 - loss=6.74
[2026-03-29 16:52:41](logger.py 179): id=CC_FMNIST_E100_DT_1_0 | Ep. 47/100 - Step 100/273 (8.25 it/s) |#######             | - loss_cc=4.609 - loss_ce=2.116 - loss_ne=0.0151 - loss_div=0.0 - threshold=1.0 - loss=6.74
[2026-03-29 16:52:44](logger.py 179): id=CC_FMNIST_E100_DT_1_0 | Ep. 47/100 - Step 125/273 (8.27 it/s) |#########           | - loss_cc=4.609 - loss_ce=2.116 - loss_ne=0.0147 - loss_div=0.0 - threshold=1.0 - loss=6.74
[2026-03-29 16:52:47](logger.py 179): id=CC_FMNIST_E100_DT_1_0 | Ep. 47/100 - Step 150/273 (8.26 it/s) |##########          | - loss_cc=4.609 - loss_ce=2.116 - loss_ne=0.015 - loss_div=0.0 - threshold=1.0 - loss=6.739
[2026-03-29 16:52:50](logger.py 179): id=CC_FMNIST_E100_DT_1_0 | Ep. 47/100 - Step 175/273 (8.26 it/s) |############        | - loss_cc=4.608 - loss_ce=2.115 - loss_ne=0.0154 - loss_div=0.0 - threshold=1.0 - loss=6.739
[2026-03-29 16:52:53](logger.py 179): id=CC_FMNIST_E100_DT_1_0 | Ep. 47/100 - Step 200/273 (8.27 it/s) |##############      | - loss_cc=4.608 - loss_ce=2.115 - loss_ne=0.0155 - loss_div=0.0 - threshold=1.0 - loss=6.738
[2026-03-29 16:52:56](logger.py 179): id=CC_FMNIST_E100_DT_1_0 | Ep. 47/100 - Step 225/273 (8.26 it/s) |################    | - loss_cc=4.607 - loss_ce=2.115 - loss_ne=0.0153 - loss_div=0.0 - threshold=1.0 - loss=6.737
[2026-03-29 16:52:59](logger.py 179): id=CC_FMNIST_E100_DT_1_0 | Ep. 47/100 - Step 250/273 (8.27 it/s) |##################  | - loss_cc=4.607 - loss_ce=2.114 - loss_ne=0.0151 - loss_div=0.0 - threshold=1.0 - loss=6.737
[2026-03-29 16:53:01](logger.py 179): Evaluating
[2026-03-29 16:53:02](logger.py 179): Eval. step 0 of 274
[2026-03-29 16:53:02](logger.py 179): Eval. step 25 of 274
[2026-03-29 16:53:03](logger.py 179): Eval. step 50 of 274
[2026-03-29 16:53:04](logger.py 179): Eval. step 75 of 274
[2026-03-29 16:53:04](logger.py 179): Eval. step 100 of 274
[2026-03-29 16:53:05](logger.py 179): Eval. step 125 of 274
[2026-03-29 16:53:06](logger.py 179): Eval. step 150 of 274
[2026-03-29 16:53:06](logger.py 179): Eval. step 175 of 274
[2026-03-29 16:53:07](logger.py 179): Eval. step 200 of 274
[2026-03-29 16:53:08](logger.py 179): Eval. step 225 of 274
[2026-03-29 16:53:08](logger.py 179): Eval. step 250 of 274
[2026-03-29 16:53:09](logger.py 179): id=CC_FMNIST_E100_DT_1_0 | Ep. 47/100 | Time: 00:00 | loss_cc=4.607 - loss_ce=2.114 - loss_ne=0.0153 - loss_div=0.0 - threshold=1.0 - loss=6.737 - eval_confidence=0.904 - cluster_acc_0_eval=68.25 - cluster_nmi_0_eval=0.654 - cluster_ari_0_eval=0.553 - cluster_acc_1_eval=68.26 - cluster_nmi_1_eval=0.653 - cluster_ari_1_eval=0.552 - cluster_acc_2_eval=68.29 - cluster_nmi_2_eval=0.654 - cluster_ari_2_eval=0.554 - cluster_acc_3_eval=68.32 - cluster_nmi_3_eval=0.654 - cluster_ari_3_eval=0.554 - cluster_acc_4_eval=68.29 - cluster_nmi_4_eval=0.654 - cluster_ari_4_eval=0.553 - max_cluster_acc_eval=68.32 - mean_cluster_acc_eval=68.28 - min_cluster_acc_eval=68.25 - max_cluster_nmi_eval=0.654 - mean_cluster_nmi_eval=0.654 - min_cluster_nmi_eval=0.653 - max_cluster_ari_eval=0.554 - mean_cluster_ari_eval=0.553 - min_cluster_ari_eval=0.552 - interclustering_nmi_eval=0.983
/scratch/e0538389/DivClust/engine/trainer.py:41: FutureWarning: `torch.cuda.amp.autocast(args...)` is deprecated. Please use `torch.amp.autocast('cuda', args...)` instead.
  with autocast(self.mixed_precision):
[2026-03-29 16:53:10](logger.py 179): id=CC_FMNIST_E100_DT_1_0 | Ep. 48/100 - Step 0/273 (0.0 it/s) |                    | - loss_cc=4.576 - loss_ce=2.1 - loss_ne=0.019 - loss_div=0.0 - threshold=1.0 - loss=6.694
[2026-03-29 16:53:13](logger.py 179): id=CC_FMNIST_E100_DT_1_0 | Ep. 48/100 - Step 25/273 (8.29 it/s) |#                   | - loss_cc=4.595 - loss_ce=2.11 - loss_ne=0.0129 - loss_div=0.0 - threshold=1.0 - loss=6.718
[2026-03-29 16:53:16](logger.py 179): id=CC_FMNIST_E100_DT_1_0 | Ep. 48/100 - Step 50/273 (8.31 it/s) |###                 | - loss_cc=4.6 - loss_ce=2.111 - loss_ne=0.0137 - loss_div=0.0 - threshold=1.0 - loss=6.724
[2026-03-29 16:53:19](logger.py 179): id=CC_FMNIST_E100_DT_1_0 | Ep. 48/100 - Step 75/273 (8.33 it/s) |#####               | - loss_cc=4.6 - loss_ce=2.112 - loss_ne=0.0148 - loss_div=0.0 - threshold=1.0 - loss=6.728
[2026-03-29 16:53:22](logger.py 179): id=CC_FMNIST_E100_DT_1_0 | Ep. 48/100 - Step 100/273 (8.31 it/s) |#######             | - loss_cc=4.602 - loss_ce=2.113 - loss_ne=0.0153 - loss_div=0.0 - threshold=1.0 - loss=6.731
[2026-03-29 16:53:25](logger.py 179): id=CC_FMNIST_E100_DT_1_0 | Ep. 48/100 - Step 125/273 (8.3 it/s) |#########           | - loss_cc=4.603 - loss_ce=2.113 - loss_ne=0.015 - loss_div=0.0 - threshold=1.0 - loss=6.732
[2026-03-29 16:53:28](logger.py 179): id=CC_FMNIST_E100_DT_1_0 | Ep. 48/100 - Step 150/273 (8.3 it/s) |##########          | - loss_cc=4.603 - loss_ce=2.113 - loss_ne=0.0149 - loss_div=0.0 - threshold=1.0 - loss=6.732
[2026-03-29 16:53:31](logger.py 179): id=CC_FMNIST_E100_DT_1_0 | Ep. 48/100 - Step 175/273 (8.3 it/s) |############        | - loss_cc=4.603 - loss_ce=2.113 - loss_ne=0.0151 - loss_div=0.0 - threshold=1.0 - loss=6.731
[2026-03-29 16:53:34](logger.py 179): id=CC_FMNIST_E100_DT_1_0 | Ep. 48/100 - Step 200/273 (8.28 it/s) |##############      | - loss_cc=4.603 - loss_ce=2.113 - loss_ne=0.015 - loss_div=0.0 - threshold=1.0 - loss=6.731
[2026-03-29 16:53:37](logger.py 179): id=CC_FMNIST_E100_DT_1_0 | Ep. 48/100 - Step 225/273 (8.28 it/s) |################    | - loss_cc=4.602 - loss_ce=2.113 - loss_ne=0.0148 - loss_div=0.0 - threshold=1.0 - loss=6.73
[2026-03-29 16:53:40](logger.py 179): id=CC_FMNIST_E100_DT_1_0 | Ep. 48/100 - Step 250/273 (8.27 it/s) |##################  | - loss_cc=4.602 - loss_ce=2.113 - loss_ne=0.0147 - loss_div=0.0 - threshold=1.0 - loss=6.73
[2026-03-29 16:53:43](logger.py 179): Evaluating
[2026-03-29 16:53:43](logger.py 179): Eval. step 0 of 274
[2026-03-29 16:53:43](logger.py 179): Eval. step 25 of 274
[2026-03-29 16:53:44](logger.py 179): Eval. step 50 of 274
[2026-03-29 16:53:45](logger.py 179): Eval. step 75 of 274
[2026-03-29 16:53:45](logger.py 179): Eval. step 100 of 274
[2026-03-29 16:53:46](logger.py 179): Eval. step 125 of 274
[2026-03-29 16:53:47](logger.py 179): Eval. step 150 of 274
[2026-03-29 16:53:47](logger.py 179): Eval. step 175 of 274
[2026-03-29 16:53:48](logger.py 179): Eval. step 200 of 274
[2026-03-29 16:53:49](logger.py 179): Eval. step 225 of 274
[2026-03-29 16:53:50](logger.py 179): Eval. step 250 of 274
[2026-03-29 16:53:50](logger.py 179): id=CC_FMNIST_E100_DT_1_0 | Ep. 48/100 | Time: 00:00 | loss_cc=4.602 - loss_ce=2.113 - loss_ne=0.0147 - loss_div=0.0 - threshold=1.0 - loss=6.73 - eval_confidence=0.904 - cluster_acc_0_eval=67.2 - cluster_nmi_0_eval=0.643 - cluster_ari_0_eval=0.537 - cluster_acc_1_eval=67.22 - cluster_nmi_1_eval=0.643 - cluster_ari_1_eval=0.537 - cluster_acc_2_eval=67.27 - cluster_nmi_2_eval=0.644 - cluster_ari_2_eval=0.537 - cluster_acc_3_eval=67.23 - cluster_nmi_3_eval=0.644 - cluster_ari_3_eval=0.537 - cluster_acc_4_eval=67.23 - cluster_nmi_4_eval=0.644 - cluster_ari_4_eval=0.537 - max_cluster_acc_eval=67.27 - mean_cluster_acc_eval=67.23 - min_cluster_acc_eval=67.2 - max_cluster_nmi_eval=0.644 - mean_cluster_nmi_eval=0.644 - min_cluster_nmi_eval=0.643 - max_cluster_ari_eval=0.537 - mean_cluster_ari_eval=0.537 - min_cluster_ari_eval=0.537 - interclustering_nmi_eval=0.984
/scratch/e0538389/DivClust/engine/trainer.py:41: FutureWarning: `torch.cuda.amp.autocast(args...)` is deprecated. Please use `torch.amp.autocast('cuda', args...)` instead.
  with autocast(self.mixed_precision):
[2026-03-29 16:53:51](logger.py 179): id=CC_FMNIST_E100_DT_1_0 | Ep. 49/100 - Step 0/273 (0.0 it/s) |                    | - loss_cc=4.605 - loss_ce=2.108 - loss_ne=0.0134 - loss_div=0.0 - threshold=1.0 - loss=6.726
[2026-03-29 16:53:54](logger.py 179): id=CC_FMNIST_E100_DT_1_0 | Ep. 49/100 - Step 25/273 (8.24 it/s) |#                   | - loss_cc=4.599 - loss_ce=2.113 - loss_ne=0.0149 - loss_div=0.0 - threshold=1.0 - loss=6.727
[2026-03-29 16:53:57](logger.py 179): id=CC_FMNIST_E100_DT_1_0 | Ep. 49/100 - Step 50/273 (8.2 it/s) |###                 | - loss_cc=4.599 - loss_ce=2.112 - loss_ne=0.0149 - loss_div=0.0 - threshold=1.0 - loss=6.727
[2026-03-29 16:54:00](logger.py 179): id=CC_FMNIST_E100_DT_1_0 | Ep. 49/100 - Step 75/273 (8.23 it/s) |#####               | - loss_cc=4.599 - loss_ce=2.111 - loss_ne=0.0152 - loss_div=0.0 - threshold=1.0 - loss=6.725
[2026-03-29 16:54:03](logger.py 179): id=CC_FMNIST_E100_DT_1_0 | Ep. 49/100 - Step 100/273 (8.22 it/s) |#######             | - loss_cc=4.603 - loss_ce=2.113 - loss_ne=0.0161 - loss_div=0.0 - threshold=1.0 - loss=6.732
[2026-03-29 16:54:06](logger.py 179): id=CC_FMNIST_E100_DT_1_0 | Ep. 49/100 - Step 125/273 (8.22 it/s) |#########           | - loss_cc=4.603 - loss_ce=2.113 - loss_ne=0.016 - loss_div=0.0 - threshold=1.0 - loss=6.732
[2026-03-29 16:54:09](logger.py 179): id=CC_FMNIST_E100_DT_1_0 | Ep. 49/100 - Step 150/273 (8.22 it/s) |##########          | - loss_cc=4.602 - loss_ce=2.113 - loss_ne=0.0159 - loss_div=0.0 - threshold=1.0 - loss=6.731
[2026-03-29 16:54:12](logger.py 179): id=CC_FMNIST_E100_DT_1_0 | Ep. 49/100 - Step 175/273 (8.23 it/s) |############        | - loss_cc=4.601 - loss_ce=2.113 - loss_ne=0.016 - loss_div=0.0 - threshold=1.0 - loss=6.729
[2026-03-29 16:54:15](logger.py 179): id=CC_FMNIST_E100_DT_1_0 | Ep. 49/100 - Step 200/273 (8.24 it/s) |##############      | - loss_cc=4.6 - loss_ce=2.112 - loss_ne=0.0159 - loss_div=0.0 - threshold=1.0 - loss=6.728
[2026-03-29 16:54:18](logger.py 179): id=CC_FMNIST_E100_DT_1_0 | Ep. 49/100 - Step 225/273 (8.24 it/s) |################    | - loss_cc=4.601 - loss_ce=2.112 - loss_ne=0.0157 - loss_div=0.0 - threshold=1.0 - loss=6.728
[2026-03-29 16:54:21](logger.py 179): id=CC_FMNIST_E100_DT_1_0 | Ep. 49/100 - Step 250/273 (8.24 it/s) |##################  | - loss_cc=4.601 - loss_ce=2.112 - loss_ne=0.0159 - loss_div=0.0 - threshold=1.0 - loss=6.728
[2026-03-29 16:54:24](logger.py 179): Evaluating
[2026-03-29 16:54:24](logger.py 179): Eval. step 0 of 274
[2026-03-29 16:54:25](logger.py 179): Eval. step 25 of 274
[2026-03-29 16:54:25](logger.py 179): Eval. step 50 of 274
[2026-03-29 16:54:26](logger.py 179): Eval. step 75 of 274
[2026-03-29 16:54:27](logger.py 179): Eval. step 100 of 274
[2026-03-29 16:54:27](logger.py 179): Eval. step 125 of 274
[2026-03-29 16:54:28](logger.py 179): Eval. step 150 of 274
[2026-03-29 16:54:29](logger.py 179): Eval. step 175 of 274
[2026-03-29 16:54:29](logger.py 179): Eval. step 200 of 274
[2026-03-29 16:54:30](logger.py 179): Eval. step 225 of 274
[2026-03-29 16:54:31](logger.py 179): Eval. step 250 of 274
[2026-03-29 16:54:32](logger.py 179): id=CC_FMNIST_E100_DT_1_0 | Ep. 49/100 | Time: 00:00 | loss_cc=4.601 - loss_ce=2.112 - loss_ne=0.0159 - loss_div=0.0 - threshold=1.0 - loss=6.729 - eval_confidence=0.899 - cluster_acc_0_eval=67.46 - cluster_nmi_0_eval=0.646 - cluster_ari_0_eval=0.544 - cluster_acc_1_eval=67.45 - cluster_nmi_1_eval=0.647 - cluster_ari_1_eval=0.544 - cluster_acc_2_eval=67.42 - cluster_nmi_2_eval=0.646 - cluster_ari_2_eval=0.543 - cluster_acc_3_eval=67.42 - cluster_nmi_3_eval=0.646 - cluster_ari_3_eval=0.544 - cluster_acc_4_eval=67.42 - cluster_nmi_4_eval=0.646 - cluster_ari_4_eval=0.543 - max_cluster_acc_eval=67.46 - mean_cluster_acc_eval=67.43 - min_cluster_acc_eval=67.42 - max_cluster_nmi_eval=0.647 - mean_cluster_nmi_eval=0.646 - min_cluster_nmi_eval=0.646 - max_cluster_ari_eval=0.544 - mean_cluster_ari_eval=0.544 - min_cluster_ari_eval=0.543 - interclustering_nmi_eval=0.983
/scratch/e0538389/DivClust/engine/trainer.py:41: FutureWarning: `torch.cuda.amp.autocast(args...)` is deprecated. Please use `torch.amp.autocast('cuda', args...)` instead.
  with autocast(self.mixed_precision):
[2026-03-29 16:54:32](logger.py 179): id=CC_FMNIST_E100_DT_1_0 | Ep. 50/100 - Step 0/273 (0.0 it/s) |                    | - loss_cc=4.59 - loss_ce=2.109 - loss_ne=0.0117 - loss_div=0.0 - threshold=1.0 - loss=6.71
[2026-03-29 16:54:35](logger.py 179): id=CC_FMNIST_E100_DT_1_0 | Ep. 50/100 - Step 25/273 (8.23 it/s) |#                   | - loss_cc=4.602 - loss_ce=2.115 - loss_ne=0.0152 - loss_div=0.0 - threshold=1.0 - loss=6.732
[2026-03-29 16:54:38](logger.py 179): id=CC_FMNIST_E100_DT_1_0 | Ep. 50/100 - Step 50/273 (8.2 it/s) |###                 | - loss_cc=4.603 - loss_ce=2.114 - loss_ne=0.0148 - loss_div=0.0 - threshold=1.0 - loss=6.732
[2026-03-29 16:54:41](logger.py 179): id=CC_FMNIST_E100_DT_1_0 | Ep. 50/100 - Step 75/273 (8.23 it/s) |#####               | - loss_cc=4.604 - loss_ce=2.115 - loss_ne=0.0151 - loss_div=0.0 - threshold=1.0 - loss=6.734
[2026-03-29 16:54:44](logger.py 179): id=CC_FMNIST_E100_DT_1_0 | Ep. 50/100 - Step 100/273 (8.22 it/s) |#######             | - loss_cc=4.605 - loss_ce=2.115 - loss_ne=0.0149 - loss_div=0.0 - threshold=1.0 - loss=6.735
[2026-03-29 16:54:47](logger.py 179): id=CC_FMNIST_E100_DT_1_0 | Ep. 50/100 - Step 125/273 (8.25 it/s) |#########           | - loss_cc=4.604 - loss_ce=2.115 - loss_ne=0.0153 - loss_div=0.0 - threshold=1.0 - loss=6.734
[2026-03-29 16:54:51](logger.py 179): id=CC_FMNIST_E100_DT_1_0 | Ep. 50/100 - Step 150/273 (8.25 it/s) |##########          | - loss_cc=4.606 - loss_ce=2.115 - loss_ne=0.0149 - loss_div=0.0 - threshold=1.0 - loss=6.735
[2026-03-29 16:54:54](logger.py 179): id=CC_FMNIST_E100_DT_1_0 | Ep. 50/100 - Step 175/273 (8.25 it/s) |############        | - loss_cc=4.606 - loss_ce=2.115 - loss_ne=0.0147 - loss_div=0.0 - threshold=1.0 - loss=6.735
[2026-03-29 16:54:57](logger.py 179): id=CC_FMNIST_E100_DT_1_0 | Ep. 50/100 - Step 200/273 (8.26 it/s) |##############      | - loss_cc=4.606 - loss_ce=2.115 - loss_ne=0.0146 - loss_div=0.0 - threshold=1.0 - loss=6.735
[2026-03-29 16:55:00](logger.py 179): id=CC_FMNIST_E100_DT_1_0 | Ep. 50/100 - Step 225/273 (8.26 it/s) |################    | - loss_cc=4.604 - loss_ce=2.114 - loss_ne=0.015 - loss_div=0.0 - threshold=1.0 - loss=6.733
[2026-03-29 16:55:03](logger.py 179): id=CC_FMNIST_E100_DT_1_0 | Ep. 50/100 - Step 250/273 (8.27 it/s) |##################  | - loss_cc=4.603 - loss_ce=2.114 - loss_ne=0.0149 - loss_div=0.0 - threshold=1.0 - loss=6.732
[2026-03-29 16:55:05](logger.py 179): Evaluating
[2026-03-29 16:55:05](logger.py 179): Eval. step 0 of 274
[2026-03-29 16:55:06](logger.py 179): Eval. step 25 of 274
[2026-03-29 16:55:07](logger.py 179): Eval. step 50 of 274
[2026-03-29 16:55:07](logger.py 179): Eval. step 75 of 274
[2026-03-29 16:55:08](logger.py 179): Eval. step 100 of 274
[2026-03-29 16:55:09](logger.py 179): Eval. step 125 of 274
[2026-03-29 16:55:09](logger.py 179): Eval. step 150 of 274
[2026-03-29 16:55:10](logger.py 179): Eval. step 175 of 274
[2026-03-29 16:55:11](logger.py 179): Eval. step 200 of 274
[2026-03-29 16:55:11](logger.py 179): Eval. step 225 of 274
[2026-03-29 16:55:12](logger.py 179): Eval. step 250 of 274
[2026-03-29 16:55:13](logger.py 179): id=CC_FMNIST_E100_DT_1_0 | Ep. 50/100 | Time: 00:00 | loss_cc=4.604 - loss_ce=2.114 - loss_ne=0.0151 - loss_div=0.0 - threshold=1.0 - loss=6.733 - eval_confidence=0.907 - cluster_acc_0_eval=68.06 - cluster_nmi_0_eval=0.651 - cluster_ari_0_eval=0.551 - cluster_acc_1_eval=68.05 - cluster_nmi_1_eval=0.651 - cluster_ari_1_eval=0.551 - cluster_acc_2_eval=68.03 - cluster_nmi_2_eval=0.651 - cluster_ari_2_eval=0.55 - cluster_acc_3_eval=68.07 - cluster_nmi_3_eval=0.651 - cluster_ari_3_eval=0.551 - cluster_acc_4_eval=68.0 - cluster_nmi_4_eval=0.651 - cluster_ari_4_eval=0.55 - max_cluster_acc_eval=68.07 - mean_cluster_acc_eval=68.04 - min_cluster_acc_eval=68.0 - max_cluster_nmi_eval=0.651 - mean_cluster_nmi_eval=0.651 - min_cluster_nmi_eval=0.651 - max_cluster_ari_eval=0.551 - mean_cluster_ari_eval=0.55 - min_cluster_ari_eval=0.55 - interclustering_nmi_eval=0.983
/scratch/e0538389/DivClust/engine/trainer.py:41: FutureWarning: `torch.cuda.amp.autocast(args...)` is deprecated. Please use `torch.amp.autocast('cuda', args...)` instead.
  with autocast(self.mixed_precision):
[2026-03-29 16:55:14](logger.py 179): id=CC_FMNIST_E100_DT_1_0 | Ep. 51/100 - Step 0/273 (0.0 it/s) |                    | - loss_cc=4.625 - loss_ce=2.126 - loss_ne=0.028 - loss_div=0.0 - threshold=1.0 - loss=6.779
[2026-03-29 16:55:17](logger.py 179): id=CC_FMNIST_E100_DT_1_0 | Ep. 51/100 - Step 25/273 (8.19 it/s) |#                   | - loss_cc=4.604 - loss_ce=2.114 - loss_ne=0.0195 - loss_div=0.0 - threshold=1.0 - loss=6.737
[2026-03-29 16:55:20](logger.py 179): id=CC_FMNIST_E100_DT_1_0 | Ep. 51/100 - Step 50/273 (8.18 it/s) |###                 | - loss_cc=4.603 - loss_ce=2.114 - loss_ne=0.0165 - loss_div=0.0 - threshold=1.0 - loss=6.734
[2026-03-29 16:55:23](logger.py 179): id=CC_FMNIST_E100_DT_1_0 | Ep. 51/100 - Step 75/273 (8.22 it/s) |#####               | - loss_cc=4.6 - loss_ce=2.113 - loss_ne=0.0162 - loss_div=0.0 - threshold=1.0 - loss=6.73
[2026-03-29 16:55:26](logger.py 179): id=CC_FMNIST_E100_DT_1_0 | Ep. 51/100 - Step 100/273 (8.21 it/s) |#######             | - loss_cc=4.598 - loss_ce=2.112 - loss_ne=0.0154 - loss_div=0.0 - threshold=1.0 - loss=6.726
[2026-03-29 16:55:29](logger.py 179): id=CC_FMNIST_E100_DT_1_0 | Ep. 51/100 - Step 125/273 (8.23 it/s) |#########           | - loss_cc=4.6 - loss_ce=2.112 - loss_ne=0.0154 - loss_div=0.0 - threshold=1.0 - loss=6.728
[2026-03-29 16:55:32](logger.py 179): id=CC_FMNIST_E100_DT_1_0 | Ep. 51/100 - Step 150/273 (8.23 it/s) |##########          | - loss_cc=4.601 - loss_ce=2.112 - loss_ne=0.0154 - loss_div=0.0 - threshold=1.0 - loss=6.728
[2026-03-29 16:55:35](logger.py 179): id=CC_FMNIST_E100_DT_1_0 | Ep. 51/100 - Step 175/273 (8.21 it/s) |############        | - loss_cc=4.601 - loss_ce=2.112 - loss_ne=0.0153 - loss_div=0.0 - threshold=1.0 - loss=6.728
[2026-03-29 16:55:38](logger.py 179): id=CC_FMNIST_E100_DT_1_0 | Ep. 51/100 - Step 200/273 (8.22 it/s) |##############      | - loss_cc=4.6 - loss_ce=2.112 - loss_ne=0.0154 - loss_div=0.0 - threshold=1.0 - loss=6.727
[2026-03-29 16:55:41](logger.py 179): id=CC_FMNIST_E100_DT_1_0 | Ep. 51/100 - Step 225/273 (8.23 it/s) |################    | - loss_cc=4.6 - loss_ce=2.111 - loss_ne=0.0155 - loss_div=0.0 - threshold=1.0 - loss=6.727
[2026-03-29 16:55:44](logger.py 179): id=CC_FMNIST_E100_DT_1_0 | Ep. 51/100 - Step 250/273 (8.24 it/s) |##################  | - loss_cc=4.6 - loss_ce=2.112 - loss_ne=0.0155 - loss_div=0.0 - threshold=1.0 - loss=6.727
[2026-03-29 16:55:46](logger.py 179): Evaluating
[2026-03-29 16:55:47](logger.py 179): Eval. step 0 of 274
[2026-03-29 16:55:47](logger.py 179): Eval. step 25 of 274
[2026-03-29 16:55:48](logger.py 179): Eval. step 50 of 274
[2026-03-29 16:55:49](logger.py 179): Eval. step 75 of 274
[2026-03-29 16:55:49](logger.py 179): Eval. step 100 of 274
[2026-03-29 16:55:50](logger.py 179): Eval. step 125 of 274
[2026-03-29 16:55:51](logger.py 179): Eval. step 150 of 274
[2026-03-29 16:55:51](logger.py 179): Eval. step 175 of 274
[2026-03-29 16:55:52](logger.py 179): Eval. step 200 of 274
[2026-03-29 16:55:53](logger.py 179): Eval. step 225 of 274
[2026-03-29 16:55:53](logger.py 179): Eval. step 250 of 274
[2026-03-29 16:55:54](logger.py 179): id=CC_FMNIST_E100_DT_1_0 | Ep. 51/100 | Time: 00:00 | loss_cc=4.599 - loss_ce=2.111 - loss_ne=0.0155 - loss_div=0.0 - threshold=1.0 - loss=6.726 - eval_confidence=0.897 - cluster_acc_0_eval=67.12 - cluster_nmi_0_eval=0.638 - cluster_ari_0_eval=0.538 - cluster_acc_1_eval=67.14 - cluster_nmi_1_eval=0.638 - cluster_ari_1_eval=0.538 - cluster_acc_2_eval=67.02 - cluster_nmi_2_eval=0.638 - cluster_ari_2_eval=0.538 - cluster_acc_3_eval=67.02 - cluster_nmi_3_eval=0.638 - cluster_ari_3_eval=0.538 - cluster_acc_4_eval=67.08 - cluster_nmi_4_eval=0.638 - cluster_ari_4_eval=0.539 - max_cluster_acc_eval=67.14 - mean_cluster_acc_eval=67.08 - min_cluster_acc_eval=67.02 - max_cluster_nmi_eval=0.638 - mean_cluster_nmi_eval=0.638 - min_cluster_nmi_eval=0.638 - max_cluster_ari_eval=0.539 - mean_cluster_ari_eval=0.538 - min_cluster_ari_eval=0.538 - interclustering_nmi_eval=0.978
/scratch/e0538389/DivClust/engine/trainer.py:41: FutureWarning: `torch.cuda.amp.autocast(args...)` is deprecated. Please use `torch.amp.autocast('cuda', args...)` instead.
  with autocast(self.mixed_precision):
[2026-03-29 16:55:55](logger.py 179): id=CC_FMNIST_E100_DT_1_0 | Ep. 52/100 - Step 0/273 (0.0 it/s) |                    | - loss_cc=4.652 - loss_ce=2.128 - loss_ne=0.0097 - loss_div=0.0 - threshold=1.0 - loss=6.79
[2026-03-29 16:55:58](logger.py 179): id=CC_FMNIST_E100_DT_1_0 | Ep. 52/100 - Step 25/273 (8.12 it/s) |#                   | - loss_cc=4.605 - loss_ce=2.114 - loss_ne=0.0142 - loss_div=0.0 - threshold=1.0 - loss=6.734
[2026-03-29 16:56:01](logger.py 179): id=CC_FMNIST_E100_DT_1_0 | Ep. 52/100 - Step 50/273 (8.22 it/s) |###                 | - loss_cc=4.602 - loss_ce=2.113 - loss_ne=0.0139 - loss_div=0.0 - threshold=1.0 - loss=6.73
[2026-03-29 16:56:04](logger.py 179): id=CC_FMNIST_E100_DT_1_0 | Ep. 52/100 - Step 75/273 (8.25 it/s) |#####               | - loss_cc=4.604 - loss_ce=2.113 - loss_ne=0.0148 - loss_div=0.0 - threshold=1.0 - loss=6.732
[2026-03-29 16:56:07](logger.py 179): id=CC_FMNIST_E100_DT_1_0 | Ep. 52/100 - Step 100/273 (8.27 it/s) |#######             | - loss_cc=4.603 - loss_ce=2.113 - loss_ne=0.0148 - loss_div=0.0 - threshold=1.0 - loss=6.731
[2026-03-29 16:56:10](logger.py 179): id=CC_FMNIST_E100_DT_1_0 | Ep. 52/100 - Step 125/273 (8.26 it/s) |#########           | - loss_cc=4.602 - loss_ce=2.112 - loss_ne=0.0146 - loss_div=0.0 - threshold=1.0 - loss=6.729
[2026-03-29 16:56:13](logger.py 179): id=CC_FMNIST_E100_DT_1_0 | Ep. 52/100 - Step 150/273 (8.27 it/s) |##########          | - loss_cc=4.6 - loss_ce=2.111 - loss_ne=0.0147 - loss_div=0.0 - threshold=1.0 - loss=6.726
[2026-03-29 16:56:16](logger.py 179): id=CC_FMNIST_E100_DT_1_0 | Ep. 52/100 - Step 175/273 (8.28 it/s) |############        | - loss_cc=4.6 - loss_ce=2.111 - loss_ne=0.0147 - loss_div=0.0 - threshold=1.0 - loss=6.726
[2026-03-29 16:56:19](logger.py 179): id=CC_FMNIST_E100_DT_1_0 | Ep. 52/100 - Step 200/273 (8.28 it/s) |##############      | - loss_cc=4.601 - loss_ce=2.111 - loss_ne=0.0148 - loss_div=0.0 - threshold=1.0 - loss=6.727
[2026-03-29 16:56:22](logger.py 179): id=CC_FMNIST_E100_DT_1_0 | Ep. 52/100 - Step 225/273 (8.29 it/s) |################    | - loss_cc=4.599 - loss_ce=2.111 - loss_ne=0.015 - loss_div=0.0 - threshold=1.0 - loss=6.726
[2026-03-29 16:56:25](logger.py 179): id=CC_FMNIST_E100_DT_1_0 | Ep. 52/100 - Step 250/273 (8.29 it/s) |##################  | - loss_cc=4.599 - loss_ce=2.111 - loss_ne=0.0149 - loss_div=0.0 - threshold=1.0 - loss=6.726
[2026-03-29 16:56:28](logger.py 179): Evaluating
[2026-03-29 16:56:28](logger.py 179): Eval. step 0 of 274
[2026-03-29 16:56:28](logger.py 179): Eval. step 25 of 274
[2026-03-29 16:56:29](logger.py 179): Eval. step 50 of 274
[2026-03-29 16:56:30](logger.py 179): Eval. step 75 of 274
[2026-03-29 16:56:30](logger.py 179): Eval. step 100 of 274
[2026-03-29 16:56:31](logger.py 179): Eval. step 125 of 274
[2026-03-29 16:56:32](logger.py 179): Eval. step 150 of 274
[2026-03-29 16:56:33](logger.py 179): Eval. step 175 of 274
[2026-03-29 16:56:33](logger.py 179): Eval. step 200 of 274
[2026-03-29 16:56:34](logger.py 179): Eval. step 225 of 274
[2026-03-29 16:56:35](logger.py 179): Eval. step 250 of 274
[2026-03-29 16:56:35](logger.py 179): id=CC_FMNIST_E100_DT_1_0 | Ep. 52/100 | Time: 00:00 | loss_cc=4.599 - loss_ce=2.111 - loss_ne=0.0148 - loss_div=0.0 - threshold=1.0 - loss=6.726 - eval_confidence=0.896 - cluster_acc_0_eval=67.48 - cluster_nmi_0_eval=0.648 - cluster_ari_0_eval=0.548 - cluster_acc_1_eval=67.52 - cluster_nmi_1_eval=0.648 - cluster_ari_1_eval=0.548 - cluster_acc_2_eval=67.48 - cluster_nmi_2_eval=0.648 - cluster_ari_2_eval=0.547 - cluster_acc_3_eval=67.63 - cluster_nmi_3_eval=0.649 - cluster_ari_3_eval=0.549 - cluster_acc_4_eval=67.57 - cluster_nmi_4_eval=0.649 - cluster_ari_4_eval=0.548 - max_cluster_acc_eval=67.63 - mean_cluster_acc_eval=67.53 - min_cluster_acc_eval=67.48 - max_cluster_nmi_eval=0.649 - mean_cluster_nmi_eval=0.648 - min_cluster_nmi_eval=0.648 - max_cluster_ari_eval=0.549 - mean_cluster_ari_eval=0.548 - min_cluster_ari_eval=0.547 - interclustering_nmi_eval=0.981
/scratch/e0538389/DivClust/engine/trainer.py:41: FutureWarning: `torch.cuda.amp.autocast(args...)` is deprecated. Please use `torch.amp.autocast('cuda', args...)` instead.
  with autocast(self.mixed_precision):
[2026-03-29 16:56:36](logger.py 179): id=CC_FMNIST_E100_DT_1_0 | Ep. 53/100 - Step 0/273 (0.0 it/s) |                    | - loss_cc=4.577 - loss_ce=2.1 - loss_ne=0.0217 - loss_div=0.0 - threshold=1.0 - loss=6.699
[2026-03-29 16:56:39](logger.py 179): id=CC_FMNIST_E100_DT_1_0 | Ep. 53/100 - Step 25/273 (8.22 it/s) |#                   | - loss_cc=4.604 - loss_ce=2.112 - loss_ne=0.0136 - loss_div=0.0 - threshold=1.0 - loss=6.73
[2026-03-29 16:56:42](logger.py 179): id=CC_FMNIST_E100_DT_1_0 | Ep. 53/100 - Step 50/273 (8.22 it/s) |###                 | - loss_cc=4.599 - loss_ce=2.112 - loss_ne=0.0134 - loss_div=0.0 - threshold=1.0 - loss=6.725
[2026-03-29 16:56:45](logger.py 179): id=CC_FMNIST_E100_DT_1_0 | Ep. 53/100 - Step 75/273 (8.22 it/s) |#####               | - loss_cc=4.599 - loss_ce=2.112 - loss_ne=0.0137 - loss_div=0.0 - threshold=1.0 - loss=6.725
[2026-03-29 16:56:48](logger.py 179): id=CC_FMNIST_E100_DT_1_0 | Ep. 53/100 - Step 100/273 (8.21 it/s) |#######             | - loss_cc=4.599 - loss_ce=2.111 - loss_ne=0.0142 - loss_div=0.0 - threshold=1.0 - loss=6.725
[2026-03-29 16:56:51](logger.py 179): id=CC_FMNIST_E100_DT_1_0 | Ep. 53/100 - Step 125/273 (8.22 it/s) |#########           | - loss_cc=4.599 - loss_ce=2.112 - loss_ne=0.0147 - loss_div=0.0 - threshold=1.0 - loss=6.725
[2026-03-29 16:56:54](logger.py 179): id=CC_FMNIST_E100_DT_1_0 | Ep. 53/100 - Step 150/273 (8.21 it/s) |##########          | - loss_cc=4.595 - loss_ce=2.11 - loss_ne=0.0147 - loss_div=0.0 - threshold=1.0 - loss=6.72
[2026-03-29 16:56:57](logger.py 179): id=CC_FMNIST_E100_DT_1_0 | Ep. 53/100 - Step 175/273 (8.21 it/s) |############        | - loss_cc=4.596 - loss_ce=2.111 - loss_ne=0.0146 - loss_div=0.0 - threshold=1.0 - loss=6.721
[2026-03-29 16:57:00](logger.py 179): id=CC_FMNIST_E100_DT_1_0 | Ep. 53/100 - Step 200/273 (8.22 it/s) |##############      | - loss_cc=4.597 - loss_ce=2.111 - loss_ne=0.0147 - loss_div=0.0 - threshold=1.0 - loss=6.722
[2026-03-29 16:57:03](logger.py 179): id=CC_FMNIST_E100_DT_1_0 | Ep. 53/100 - Step 225/273 (8.23 it/s) |################    | - loss_cc=4.597 - loss_ce=2.111 - loss_ne=0.0144 - loss_div=0.0 - threshold=1.0 - loss=6.722
[2026-03-29 16:57:06](logger.py 179): id=CC_FMNIST_E100_DT_1_0 | Ep. 53/100 - Step 250/273 (8.23 it/s) |##################  | - loss_cc=4.597 - loss_ce=2.111 - loss_ne=0.0144 - loss_div=0.0 - threshold=1.0 - loss=6.722
[2026-03-29 16:57:09](logger.py 179): Evaluating
[2026-03-29 16:57:09](logger.py 179): Eval. step 0 of 274
[2026-03-29 16:57:10](logger.py 179): Eval. step 25 of 274
[2026-03-29 16:57:10](logger.py 179): Eval. step 50 of 274
[2026-03-29 16:57:11](logger.py 179): Eval. step 75 of 274
[2026-03-29 16:57:12](logger.py 179): Eval. step 100 of 274
[2026-03-29 16:57:13](logger.py 179): Eval. step 125 of 274
[2026-03-29 16:57:13](logger.py 179): Eval. step 150 of 274
[2026-03-29 16:57:14](logger.py 179): Eval. step 175 of 274
[2026-03-29 16:57:15](logger.py 179): Eval. step 200 of 274
[2026-03-29 16:57:15](logger.py 179): Eval. step 225 of 274
[2026-03-29 16:57:16](logger.py 179): Eval. step 250 of 274
[2026-03-29 16:57:17](logger.py 179): id=CC_FMNIST_E100_DT_1_0 | Ep. 53/100 | Time: 00:00 | loss_cc=4.596 - loss_ce=2.111 - loss_ne=0.0145 - loss_div=0.0 - threshold=1.0 - loss=6.721 - eval_confidence=0.897 - cluster_acc_0_eval=67.4 - cluster_nmi_0_eval=0.646 - cluster_ari_0_eval=0.545 - cluster_acc_1_eval=67.35 - cluster_nmi_1_eval=0.646 - cluster_ari_1_eval=0.544 - cluster_acc_2_eval=67.39 - cluster_nmi_2_eval=0.646 - cluster_ari_2_eval=0.545 - cluster_acc_3_eval=67.39 - cluster_nmi_3_eval=0.647 - cluster_ari_3_eval=0.545 - cluster_acc_4_eval=67.39 - cluster_nmi_4_eval=0.646 - cluster_ari_4_eval=0.545 - max_cluster_acc_eval=67.4 - mean_cluster_acc_eval=67.38 - min_cluster_acc_eval=67.35 - max_cluster_nmi_eval=0.647 - mean_cluster_nmi_eval=0.646 - min_cluster_nmi_eval=0.646 - max_cluster_ari_eval=0.545 - mean_cluster_ari_eval=0.545 - min_cluster_ari_eval=0.544 - interclustering_nmi_eval=0.982
/scratch/e0538389/DivClust/engine/trainer.py:41: FutureWarning: `torch.cuda.amp.autocast(args...)` is deprecated. Please use `torch.amp.autocast('cuda', args...)` instead.
  with autocast(self.mixed_precision):
[2026-03-29 16:57:17](logger.py 179): id=CC_FMNIST_E100_DT_1_0 | Ep. 54/100 - Step 0/273 (0.0 it/s) |                    | - loss_cc=4.586 - loss_ce=2.118 - loss_ne=0.023 - loss_div=0.0 - threshold=1.0 - loss=6.728
[2026-03-29 16:57:20](logger.py 179): id=CC_FMNIST_E100_DT_1_0 | Ep. 54/100 - Step 25/273 (8.19 it/s) |#                   | - loss_cc=4.603 - loss_ce=2.113 - loss_ne=0.0163 - loss_div=0.0 - threshold=1.0 - loss=6.733
[2026-03-29 16:57:24](logger.py 179): id=CC_FMNIST_E100_DT_1_0 | Ep. 54/100 - Step 50/273 (8.19 it/s) |###                 | - loss_cc=4.599 - loss_ce=2.113 - loss_ne=0.0173 - loss_div=0.0 - threshold=1.0 - loss=6.729
[2026-03-29 16:57:27](logger.py 179): id=CC_FMNIST_E100_DT_1_0 | Ep. 54/100 - Step 75/273 (8.22 it/s) |#####               | - loss_cc=4.598 - loss_ce=2.113 - loss_ne=0.0167 - loss_div=0.0 - threshold=1.0 - loss=6.728
[2026-03-29 16:57:30](logger.py 179): id=CC_FMNIST_E100_DT_1_0 | Ep. 54/100 - Step 100/273 (8.24 it/s) |#######             | - loss_cc=4.598 - loss_ce=2.112 - loss_ne=0.016 - loss_div=0.0 - threshold=1.0 - loss=6.726
[2026-03-29 16:57:33](logger.py 179): id=CC_FMNIST_E100_DT_1_0 | Ep. 54/100 - Step 125/273 (8.25 it/s) |#########           | - loss_cc=4.597 - loss_ce=2.111 - loss_ne=0.016 - loss_div=0.0 - threshold=1.0 - loss=6.724
[2026-03-29 16:57:36](logger.py 179): id=CC_FMNIST_E100_DT_1_0 | Ep. 54/100 - Step 150/273 (8.25 it/s) |##########          | - loss_cc=4.597 - loss_ce=2.111 - loss_ne=0.0159 - loss_div=0.0 - threshold=1.0 - loss=6.723
[2026-03-29 16:57:39](logger.py 179): id=CC_FMNIST_E100_DT_1_0 | Ep. 54/100 - Step 175/273 (8.25 it/s) |############        | - loss_cc=4.596 - loss_ce=2.11 - loss_ne=0.0161 - loss_div=0.0 - threshold=1.0 - loss=6.723
[2026-03-29 16:57:42](logger.py 179): id=CC_FMNIST_E100_DT_1_0 | Ep. 54/100 - Step 200/273 (8.25 it/s) |##############      | - loss_cc=4.597 - loss_ce=2.111 - loss_ne=0.0156 - loss_div=0.0 - threshold=1.0 - loss=6.724
[2026-03-29 16:57:45](logger.py 179): id=CC_FMNIST_E100_DT_1_0 | Ep. 54/100 - Step 225/273 (8.25 it/s) |################    | - loss_cc=4.597 - loss_ce=2.111 - loss_ne=0.0159 - loss_div=0.0 - threshold=1.0 - loss=6.724
[2026-03-29 16:57:48](logger.py 179): id=CC_FMNIST_E100_DT_1_0 | Ep. 54/100 - Step 250/273 (8.25 it/s) |##################  | - loss_cc=4.598 - loss_ce=2.111 - loss_ne=0.0156 - loss_div=0.0 - threshold=1.0 - loss=6.725
[2026-03-29 16:57:50](logger.py 179): Evaluating
[2026-03-29 16:57:50](logger.py 179): Eval. step 0 of 274
[2026-03-29 16:57:51](logger.py 179): Eval. step 25 of 274
[2026-03-29 16:57:52](logger.py 179): Eval. step 50 of 274
[2026-03-29 16:57:52](logger.py 179): Eval. step 75 of 274
[2026-03-29 16:57:53](logger.py 179): Eval. step 100 of 274
[2026-03-29 16:57:54](logger.py 179): Eval. step 125 of 274
[2026-03-29 16:57:55](logger.py 179): Eval. step 150 of 274
[2026-03-29 16:57:55](logger.py 179): Eval. step 175 of 274
[2026-03-29 16:57:56](logger.py 179): Eval. step 200 of 274
[2026-03-29 16:57:57](logger.py 179): Eval. step 225 of 274
[2026-03-29 16:57:57](logger.py 179): Eval. step 250 of 274
[2026-03-29 16:57:58](logger.py 179): id=CC_FMNIST_E100_DT_1_0 | Ep. 54/100 | Time: 00:00 | loss_cc=4.598 - loss_ce=2.111 - loss_ne=0.0157 - loss_div=0.0 - threshold=1.0 - loss=6.725 - eval_confidence=0.899 - cluster_acc_0_eval=67.49 - cluster_nmi_0_eval=0.645 - cluster_ari_0_eval=0.541 - cluster_acc_1_eval=67.46 - cluster_nmi_1_eval=0.645 - cluster_ari_1_eval=0.541 - cluster_acc_2_eval=67.44 - cluster_nmi_2_eval=0.644 - cluster_ari_2_eval=0.541 - cluster_acc_3_eval=67.48 - cluster_nmi_3_eval=0.645 - cluster_ari_3_eval=0.541 - cluster_acc_4_eval=67.44 - cluster_nmi_4_eval=0.644 - cluster_ari_4_eval=0.541 - max_cluster_acc_eval=67.49 - mean_cluster_acc_eval=67.46 - min_cluster_acc_eval=67.44 - max_cluster_nmi_eval=0.645 - mean_cluster_nmi_eval=0.645 - min_cluster_nmi_eval=0.644 - max_cluster_ari_eval=0.541 - mean_cluster_ari_eval=0.541 - min_cluster_ari_eval=0.541 - interclustering_nmi_eval=0.982
/scratch/e0538389/DivClust/engine/trainer.py:41: FutureWarning: `torch.cuda.amp.autocast(args...)` is deprecated. Please use `torch.amp.autocast('cuda', args...)` instead.
  with autocast(self.mixed_precision):
[2026-03-29 16:57:59](logger.py 179): id=CC_FMNIST_E100_DT_1_0 | Ep. 55/100 - Step 0/273 (0.0 it/s) |                    | - loss_cc=4.589 - loss_ce=2.104 - loss_ne=0.00523 - loss_div=0.0 - threshold=1.0 - loss=6.697
[2026-03-29 16:58:02](logger.py 179): id=CC_FMNIST_E100_DT_1_0 | Ep. 55/100 - Step 25/273 (8.25 it/s) |#                   | - loss_cc=4.589 - loss_ce=2.107 - loss_ne=0.0146 - loss_div=0.0 - threshold=1.0 - loss=6.711
[2026-03-29 16:58:05](logger.py 179): id=CC_FMNIST_E100_DT_1_0 | Ep. 55/100 - Step 50/273 (8.26 it/s) |###                 | - loss_cc=4.594 - loss_ce=2.109 - loss_ne=0.0143 - loss_div=0.0 - threshold=1.0 - loss=6.717
[2026-03-29 16:58:08](logger.py 179): id=CC_FMNIST_E100_DT_1_0 | Ep. 55/100 - Step 75/273 (8.27 it/s) |#####               | - loss_cc=4.592 - loss_ce=2.11 - loss_ne=0.0145 - loss_div=0.0 - threshold=1.0 - loss=6.717
[2026-03-29 16:58:11](logger.py 179): id=CC_FMNIST_E100_DT_1_0 | Ep. 55/100 - Step 100/273 (8.27 it/s) |#######             | - loss_cc=4.592 - loss_ce=2.11 - loss_ne=0.0144 - loss_div=0.0 - threshold=1.0 - loss=6.716
[2026-03-29 16:58:14](logger.py 179): id=CC_FMNIST_E100_DT_1_0 | Ep. 55/100 - Step 125/273 (8.25 it/s) |#########           | - loss_cc=4.592 - loss_ce=2.11 - loss_ne=0.0144 - loss_div=0.0 - threshold=1.0 - loss=6.716
[2026-03-29 16:58:17](logger.py 179): id=CC_FMNIST_E100_DT_1_0 | Ep. 55/100 - Step 150/273 (8.24 it/s) |##########          | - loss_cc=4.592 - loss_ce=2.109 - loss_ne=0.0138 - loss_div=0.0 - threshold=1.0 - loss=6.715
[2026-03-29 16:58:20](logger.py 179): id=CC_FMNIST_E100_DT_1_0 | Ep. 55/100 - Step 175/273 (8.25 it/s) |############        | - loss_cc=4.592 - loss_ce=2.109 - loss_ne=0.0139 - loss_div=0.0 - threshold=1.0 - loss=6.715
[2026-03-29 16:58:23](logger.py 179): id=CC_FMNIST_E100_DT_1_0 | Ep. 55/100 - Step 200/273 (8.25 it/s) |##############      | - loss_cc=4.593 - loss_ce=2.11 - loss_ne=0.0143 - loss_div=0.0 - threshold=1.0 - loss=6.718
[2026-03-29 16:58:26](logger.py 179): id=CC_FMNIST_E100_DT_1_0 | Ep. 55/100 - Step 225/273 (8.25 it/s) |################    | - loss_cc=4.593 - loss_ce=2.11 - loss_ne=0.0143 - loss_div=0.0 - threshold=1.0 - loss=6.717
[2026-03-29 16:58:29](logger.py 179): id=CC_FMNIST_E100_DT_1_0 | Ep. 55/100 - Step 250/273 (8.26 it/s) |##################  | - loss_cc=4.594 - loss_ce=2.11 - loss_ne=0.0145 - loss_div=0.0 - threshold=1.0 - loss=6.718
[2026-03-29 16:58:32](logger.py 179): Evaluating
[2026-03-29 16:58:32](logger.py 179): Eval. step 0 of 274
[2026-03-29 16:58:32](logger.py 179): Eval. step 25 of 274
[2026-03-29 16:58:33](logger.py 179): Eval. step 50 of 274
[2026-03-29 16:58:34](logger.py 179): Eval. step 75 of 274
[2026-03-29 16:58:34](logger.py 179): Eval. step 100 of 274
[2026-03-29 16:58:35](logger.py 179): Eval. step 125 of 274
[2026-03-29 16:58:36](logger.py 179): Eval. step 150 of 274
[2026-03-29 16:58:36](logger.py 179): Eval. step 175 of 274
[2026-03-29 16:58:37](logger.py 179): Eval. step 200 of 274
[2026-03-29 16:58:38](logger.py 179): Eval. step 225 of 274
[2026-03-29 16:58:38](logger.py 179): Eval. step 250 of 274
[2026-03-29 16:58:39](logger.py 179): id=CC_FMNIST_E100_DT_1_0 | Ep. 55/100 | Time: 00:00 | loss_cc=4.593 - loss_ce=2.11 - loss_ne=0.0142 - loss_div=0.0 - threshold=1.0 - loss=6.717 - eval_confidence=0.901 - cluster_acc_0_eval=67.72 - cluster_nmi_0_eval=0.647 - cluster_ari_0_eval=0.549 - cluster_acc_1_eval=67.76 - cluster_nmi_1_eval=0.648 - cluster_ari_1_eval=0.55 - cluster_acc_2_eval=67.82 - cluster_nmi_2_eval=0.648 - cluster_ari_2_eval=0.55 - cluster_acc_3_eval=67.75 - cluster_nmi_3_eval=0.648 - cluster_ari_3_eval=0.55 - cluster_acc_4_eval=67.69 - cluster_nmi_4_eval=0.647 - cluster_ari_4_eval=0.549 - max_cluster_acc_eval=67.82 - mean_cluster_acc_eval=67.75 - min_cluster_acc_eval=67.69 - max_cluster_nmi_eval=0.648 - mean_cluster_nmi_eval=0.648 - min_cluster_nmi_eval=0.647 - max_cluster_ari_eval=0.55 - mean_cluster_ari_eval=0.549 - min_cluster_ari_eval=0.549 - interclustering_nmi_eval=0.982
/scratch/e0538389/DivClust/engine/trainer.py:41: FutureWarning: `torch.cuda.amp.autocast(args...)` is deprecated. Please use `torch.amp.autocast('cuda', args...)` instead.
  with autocast(self.mixed_precision):
[2026-03-29 16:58:40](logger.py 179): id=CC_FMNIST_E100_DT_1_0 | Ep. 56/100 - Step 0/273 (0.0 it/s) |                    | - loss_cc=4.606 - loss_ce=2.103 - loss_ne=0.0207 - loss_div=0.0 - threshold=1.0 - loss=6.73
[2026-03-29 16:58:43](logger.py 179): id=CC_FMNIST_E100_DT_1_0 | Ep. 56/100 - Step 25/273 (8.17 it/s) |#                   | - loss_cc=4.596 - loss_ce=2.11 - loss_ne=0.0151 - loss_div=0.0 - threshold=1.0 - loss=6.721
[2026-03-29 16:58:46](logger.py 179): id=CC_FMNIST_E100_DT_1_0 | Ep. 56/100 - Step 50/273 (8.16 it/s) |###                 | - loss_cc=4.596 - loss_ce=2.109 - loss_ne=0.015 - loss_div=0.0 - threshold=1.0 - loss=6.719
[2026-03-29 16:58:49](logger.py 179): id=CC_FMNIST_E100_DT_1_0 | Ep. 56/100 - Step 75/273 (8.2 it/s) |#####               | - loss_cc=4.595 - loss_ce=2.11 - loss_ne=0.015 - loss_div=0.0 - threshold=1.0 - loss=6.719
[2026-03-29 16:58:52](logger.py 179): id=CC_FMNIST_E100_DT_1_0 | Ep. 56/100 - Step 100/273 (8.2 it/s) |#######             | - loss_cc=4.595 - loss_ce=2.11 - loss_ne=0.015 - loss_div=0.0 - threshold=1.0 - loss=6.719
[2026-03-29 16:58:55](logger.py 179): id=CC_FMNIST_E100_DT_1_0 | Ep. 56/100 - Step 125/273 (8.2 it/s) |#########           | - loss_cc=4.595 - loss_ce=2.11 - loss_ne=0.0147 - loss_div=0.0 - threshold=1.0 - loss=6.719
[2026-03-29 16:58:58](logger.py 179): id=CC_FMNIST_E100_DT_1_0 | Ep. 56/100 - Step 150/273 (8.2 it/s) |##########          | - loss_cc=4.595 - loss_ce=2.11 - loss_ne=0.0146 - loss_div=0.0 - threshold=1.0 - loss=6.72
[2026-03-29 16:59:01](logger.py 179): id=CC_FMNIST_E100_DT_1_0 | Ep. 56/100 - Step 175/273 (8.21 it/s) |############        | - loss_cc=4.595 - loss_ce=2.111 - loss_ne=0.0148 - loss_div=0.0 - threshold=1.0 - loss=6.72
[2026-03-29 16:59:04](logger.py 179): id=CC_FMNIST_E100_DT_1_0 | Ep. 56/100 - Step 200/273 (8.21 it/s) |##############      | - loss_cc=4.596 - loss_ce=2.111 - loss_ne=0.0145 - loss_div=0.0 - threshold=1.0 - loss=6.721
[2026-03-29 16:59:07](logger.py 179): id=CC_FMNIST_E100_DT_1_0 | Ep. 56/100 - Step 225/273 (8.21 it/s) |################    | - loss_cc=4.596 - loss_ce=2.111 - loss_ne=0.0146 - loss_div=0.0 - threshold=1.0 - loss=6.721
[2026-03-29 16:59:10](logger.py 179): id=CC_FMNIST_E100_DT_1_0 | Ep. 56/100 - Step 250/273 (8.21 it/s) |##################  | - loss_cc=4.596 - loss_ce=2.111 - loss_ne=0.0145 - loss_div=0.0 - threshold=1.0 - loss=6.721
[2026-03-29 16:59:13](logger.py 179): Evaluating
[2026-03-29 16:59:13](logger.py 179): Eval. step 0 of 274
[2026-03-29 16:59:14](logger.py 179): Eval. step 25 of 274
[2026-03-29 16:59:14](logger.py 179): Eval. step 50 of 274
[2026-03-29 16:59:15](logger.py 179): Eval. step 75 of 274
[2026-03-29 16:59:16](logger.py 179): Eval. step 100 of 274
[2026-03-29 16:59:17](logger.py 179): Eval. step 125 of 274
[2026-03-29 16:59:17](logger.py 179): Eval. step 150 of 274
[2026-03-29 16:59:18](logger.py 179): Eval. step 175 of 274
[2026-03-29 16:59:19](logger.py 179): Eval. step 200 of 274
[2026-03-29 16:59:19](logger.py 179): Eval. step 225 of 274
[2026-03-29 16:59:20](logger.py 179): Eval. step 250 of 274
[2026-03-29 16:59:21](logger.py 179): id=CC_FMNIST_E100_DT_1_0 | Ep. 56/100 | Time: 00:00 | loss_cc=4.596 - loss_ce=2.111 - loss_ne=0.0147 - loss_div=0.0 - threshold=1.0 - loss=6.722 - eval_confidence=0.9 - cluster_acc_0_eval=67.61 - cluster_nmi_0_eval=0.646 - cluster_ari_0_eval=0.545 - cluster_acc_1_eval=67.62 - cluster_nmi_1_eval=0.646 - cluster_ari_1_eval=0.545 - cluster_acc_2_eval=67.65 - cluster_nmi_2_eval=0.646 - cluster_ari_2_eval=0.545 - cluster_acc_3_eval=67.66 - cluster_nmi_3_eval=0.646 - cluster_ari_3_eval=0.546 - cluster_acc_4_eval=67.68 - cluster_nmi_4_eval=0.647 - cluster_ari_4_eval=0.546 - max_cluster_acc_eval=67.68 - mean_cluster_acc_eval=67.64 - min_cluster_acc_eval=67.61 - max_cluster_nmi_eval=0.647 - mean_cluster_nmi_eval=0.646 - min_cluster_nmi_eval=0.646 - max_cluster_ari_eval=0.546 - mean_cluster_ari_eval=0.546 - min_cluster_ari_eval=0.545 - interclustering_nmi_eval=0.981
/scratch/e0538389/DivClust/engine/trainer.py:41: FutureWarning: `torch.cuda.amp.autocast(args...)` is deprecated. Please use `torch.amp.autocast('cuda', args...)` instead.
  with autocast(self.mixed_precision):
[2026-03-29 16:59:21](logger.py 179): id=CC_FMNIST_E100_DT_1_0 | Ep. 57/100 - Step 0/273 (0.0 it/s) |                    | - loss_cc=4.584 - loss_ce=2.112 - loss_ne=0.0134 - loss_div=0.0 - threshold=1.0 - loss=6.709
[2026-03-29 16:59:24](logger.py 179): id=CC_FMNIST_E100_DT_1_0 | Ep. 57/100 - Step 25/273 (8.29 it/s) |#                   | - loss_cc=4.593 - loss_ce=2.111 - loss_ne=0.0144 - loss_div=0.0 - threshold=1.0 - loss=6.718
[2026-03-29 16:59:27](logger.py 179): id=CC_FMNIST_E100_DT_1_0 | Ep. 57/100 - Step 50/273 (8.3 it/s) |###                 | - loss_cc=4.591 - loss_ce=2.11 - loss_ne=0.0147 - loss_div=0.0 - threshold=1.0 - loss=6.716
[2026-03-29 16:59:30](logger.py 179): id=CC_FMNIST_E100_DT_1_0 | Ep. 57/100 - Step 75/273 (8.29 it/s) |#####               | - loss_cc=4.592 - loss_ce=2.11 - loss_ne=0.0151 - loss_div=0.0 - threshold=1.0 - loss=6.717
[2026-03-29 16:59:33](logger.py 179): id=CC_FMNIST_E100_DT_1_0 | Ep. 57/100 - Step 100/273 (8.3 it/s) |#######             | - loss_cc=4.591 - loss_ce=2.11 - loss_ne=0.0151 - loss_div=0.0 - threshold=1.0 - loss=6.716
[2026-03-29 16:59:36](logger.py 179): id=CC_FMNIST_E100_DT_1_0 | Ep. 57/100 - Step 125/273 (8.29 it/s) |#########           | - loss_cc=4.591 - loss_ce=2.109 - loss_ne=0.0147 - loss_div=0.0 - threshold=1.0 - loss=6.715
[2026-03-29 16:59:40](logger.py 179): id=CC_FMNIST_E100_DT_1_0 | Ep. 57/100 - Step 150/273 (8.29 it/s) |##########          | - loss_cc=4.591 - loss_ce=2.109 - loss_ne=0.0145 - loss_div=0.0 - threshold=1.0 - loss=6.714
[2026-03-29 16:59:43](logger.py 179): id=CC_FMNIST_E100_DT_1_0 | Ep. 57/100 - Step 175/273 (8.29 it/s) |############        | - loss_cc=4.591 - loss_ce=2.109 - loss_ne=0.0149 - loss_div=0.0 - threshold=1.0 - loss=6.715
[2026-03-29 16:59:46](logger.py 179): id=CC_FMNIST_E100_DT_1_0 | Ep. 57/100 - Step 200/273 (8.29 it/s) |##############      | - loss_cc=4.591 - loss_ce=2.109 - loss_ne=0.0149 - loss_div=0.0 - threshold=1.0 - loss=6.715
[2026-03-29 16:59:49](logger.py 179): id=CC_FMNIST_E100_DT_1_0 | Ep. 57/100 - Step 225/273 (8.29 it/s) |################    | - loss_cc=4.592 - loss_ce=2.109 - loss_ne=0.0149 - loss_div=0.0 - threshold=1.0 - loss=6.716
[2026-03-29 16:59:52](logger.py 179): id=CC_FMNIST_E100_DT_1_0 | Ep. 57/100 - Step 250/273 (8.28 it/s) |##################  | - loss_cc=4.593 - loss_ce=2.11 - loss_ne=0.0151 - loss_div=0.0 - threshold=1.0 - loss=6.717
[2026-03-29 16:59:54](logger.py 179): Evaluating
[2026-03-29 16:59:54](logger.py 179): Eval. step 0 of 274
[2026-03-29 16:59:55](logger.py 179): Eval. step 25 of 274
[2026-03-29 16:59:56](logger.py 179): Eval. step 50 of 274
[2026-03-29 16:59:56](logger.py 179): Eval. step 75 of 274
[2026-03-29 16:59:57](logger.py 179): Eval. step 100 of 274
[2026-03-29 16:59:58](logger.py 179): Eval. step 125 of 274
[2026-03-29 16:59:58](logger.py 179): Eval. step 150 of 274
[2026-03-29 16:59:59](logger.py 179): Eval. step 175 of 274
[2026-03-29 17:00:00](logger.py 179): Eval. step 200 of 274
[2026-03-29 17:00:00](logger.py 179): Eval. step 225 of 274
[2026-03-29 17:00:01](logger.py 179): Eval. step 250 of 274
[2026-03-29 17:00:02](logger.py 179): id=CC_FMNIST_E100_DT_1_0 | Ep. 57/100 | Time: 00:00 | loss_cc=4.593 - loss_ce=2.11 - loss_ne=0.0151 - loss_div=0.0 - threshold=1.0 - loss=6.718 - eval_confidence=0.901 - cluster_acc_0_eval=67.57 - cluster_nmi_0_eval=0.646 - cluster_ari_0_eval=0.546 - cluster_acc_1_eval=67.69 - cluster_nmi_1_eval=0.647 - cluster_ari_1_eval=0.547 - cluster_acc_2_eval=67.66 - cluster_nmi_2_eval=0.647 - cluster_ari_2_eval=0.547 - cluster_acc_3_eval=67.7 - cluster_nmi_3_eval=0.647 - cluster_ari_3_eval=0.547 - cluster_acc_4_eval=67.7 - cluster_nmi_4_eval=0.647 - cluster_ari_4_eval=0.547 - max_cluster_acc_eval=67.7 - mean_cluster_acc_eval=67.67 - min_cluster_acc_eval=67.57 - max_cluster_nmi_eval=0.647 - mean_cluster_nmi_eval=0.647 - min_cluster_nmi_eval=0.646 - max_cluster_ari_eval=0.547 - mean_cluster_ari_eval=0.547 - min_cluster_ari_eval=0.546 - interclustering_nmi_eval=0.982
/scratch/e0538389/DivClust/engine/trainer.py:41: FutureWarning: `torch.cuda.amp.autocast(args...)` is deprecated. Please use `torch.amp.autocast('cuda', args...)` instead.
  with autocast(self.mixed_precision):
[2026-03-29 17:00:03](logger.py 179): id=CC_FMNIST_E100_DT_1_0 | Ep. 58/100 - Step 0/273 (0.0 it/s) |                    | - loss_cc=4.617 - loss_ce=2.121 - loss_ne=0.0175 - loss_div=0.0 - threshold=1.0 - loss=6.755
[2026-03-29 17:00:06](logger.py 179): id=CC_FMNIST_E100_DT_1_0 | Ep. 58/100 - Step 25/273 (8.08 it/s) |#                   | - loss_cc=4.588 - loss_ce=2.109 - loss_ne=0.014 - loss_div=0.0 - threshold=1.0 - loss=6.71
[2026-03-29 17:00:09](logger.py 179): id=CC_FMNIST_E100_DT_1_0 | Ep. 58/100 - Step 50/273 (8.12 it/s) |###                 | - loss_cc=4.588 - loss_ce=2.108 - loss_ne=0.0138 - loss_div=0.0 - threshold=1.0 - loss=6.71
[2026-03-29 17:00:12](logger.py 179): id=CC_FMNIST_E100_DT_1_0 | Ep. 58/100 - Step 75/273 (8.14 it/s) |#####               | - loss_cc=4.589 - loss_ce=2.109 - loss_ne=0.0147 - loss_div=0.0 - threshold=1.0 - loss=6.712
[2026-03-29 17:00:15](logger.py 179): id=CC_FMNIST_E100_DT_1_0 | Ep. 58/100 - Step 100/273 (8.17 it/s) |#######             | - loss_cc=4.589 - loss_ce=2.109 - loss_ne=0.0148 - loss_div=0.0 - threshold=1.0 - loss=6.712
[2026-03-29 17:00:18](logger.py 179): id=CC_FMNIST_E100_DT_1_0 | Ep. 58/100 - Step 125/273 (8.19 it/s) |#########           | - loss_cc=4.589 - loss_ce=2.109 - loss_ne=0.0147 - loss_div=0.0 - threshold=1.0 - loss=6.713
[2026-03-29 17:00:21](logger.py 179): id=CC_FMNIST_E100_DT_1_0 | Ep. 58/100 - Step 150/273 (8.18 it/s) |##########          | - loss_cc=4.59 - loss_ce=2.11 - loss_ne=0.0143 - loss_div=0.0 - threshold=1.0 - loss=6.714
[2026-03-29 17:00:24](logger.py 179): id=CC_FMNIST_E100_DT_1_0 | Ep. 58/100 - Step 175/273 (8.19 it/s) |############        | - loss_cc=4.59 - loss_ce=2.109 - loss_ne=0.0143 - loss_div=0.0 - threshold=1.0 - loss=6.714
[2026-03-29 17:00:27](logger.py 179): id=CC_FMNIST_E100_DT_1_0 | Ep. 58/100 - Step 200/273 (8.18 it/s) |##############      | - loss_cc=4.59 - loss_ce=2.109 - loss_ne=0.014 - loss_div=0.0 - threshold=1.0 - loss=6.713
[2026-03-29 17:00:30](logger.py 179): id=CC_FMNIST_E100_DT_1_0 | Ep. 58/100 - Step 225/273 (8.19 it/s) |################    | - loss_cc=4.589 - loss_ce=2.109 - loss_ne=0.0142 - loss_div=0.0 - threshold=1.0 - loss=6.713
[2026-03-29 17:00:33](logger.py 179): id=CC_FMNIST_E100_DT_1_0 | Ep. 58/100 - Step 250/273 (8.2 it/s) |##################  | - loss_cc=4.589 - loss_ce=2.109 - loss_ne=0.0141 - loss_div=0.0 - threshold=1.0 - loss=6.712
[2026-03-29 17:00:36](logger.py 179): Evaluating
[2026-03-29 17:00:36](logger.py 179): Eval. step 0 of 274
[2026-03-29 17:00:36](logger.py 179): Eval. step 25 of 274
[2026-03-29 17:00:37](logger.py 179): Eval. step 50 of 274
[2026-03-29 17:00:38](logger.py 179): Eval. step 75 of 274
[2026-03-29 17:00:38](logger.py 179): Eval. step 100 of 274
[2026-03-29 17:00:39](logger.py 179): Eval. step 125 of 274
[2026-03-29 17:00:40](logger.py 179): Eval. step 150 of 274
[2026-03-29 17:00:41](logger.py 179): Eval. step 175 of 274
[2026-03-29 17:00:41](logger.py 179): Eval. step 200 of 274
[2026-03-29 17:00:42](logger.py 179): Eval. step 225 of 274
[2026-03-29 17:00:43](logger.py 179): Eval. step 250 of 274
[2026-03-29 17:00:43](logger.py 179): id=CC_FMNIST_E100_DT_1_0 | Ep. 58/100 | Time: 00:00 | loss_cc=4.589 - loss_ce=2.109 - loss_ne=0.0142 - loss_div=0.0 - threshold=1.0 - loss=6.712 - eval_confidence=0.904 - cluster_acc_0_eval=67.51 - cluster_nmi_0_eval=0.647 - cluster_ari_0_eval=0.543 - cluster_acc_1_eval=67.54 - cluster_nmi_1_eval=0.648 - cluster_ari_1_eval=0.544 - cluster_acc_2_eval=67.53 - cluster_nmi_2_eval=0.648 - cluster_ari_2_eval=0.544 - cluster_acc_3_eval=67.58 - cluster_nmi_3_eval=0.648 - cluster_ari_3_eval=0.544 - cluster_acc_4_eval=67.57 - cluster_nmi_4_eval=0.647 - cluster_ari_4_eval=0.544 - max_cluster_acc_eval=67.58 - mean_cluster_acc_eval=67.55 - min_cluster_acc_eval=67.51 - max_cluster_nmi_eval=0.648 - mean_cluster_nmi_eval=0.647 - min_cluster_nmi_eval=0.647 - max_cluster_ari_eval=0.544 - mean_cluster_ari_eval=0.544 - min_cluster_ari_eval=0.543 - interclustering_nmi_eval=0.982
/scratch/e0538389/DivClust/engine/trainer.py:41: FutureWarning: `torch.cuda.amp.autocast(args...)` is deprecated. Please use `torch.amp.autocast('cuda', args...)` instead.
  with autocast(self.mixed_precision):
[2026-03-29 17:00:44](logger.py 179): id=CC_FMNIST_E100_DT_1_0 | Ep. 59/100 - Step 0/273 (0.0 it/s) |                    | - loss_cc=4.593 - loss_ce=2.117 - loss_ne=0.00987 - loss_div=0.0 - threshold=1.0 - loss=6.719
[2026-03-29 17:00:47](logger.py 179): id=CC_FMNIST_E100_DT_1_0 | Ep. 59/100 - Step 25/273 (8.2 it/s) |#                   | - loss_cc=4.588 - loss_ce=2.109 - loss_ne=0.0146 - loss_div=0.0 - threshold=1.0 - loss=6.712
[2026-03-29 17:00:50](logger.py 179): id=CC_FMNIST_E100_DT_1_0 | Ep. 59/100 - Step 50/273 (8.24 it/s) |###                 | - loss_cc=4.587 - loss_ce=2.11 - loss_ne=0.0143 - loss_div=0.0 - threshold=1.0 - loss=6.711
[2026-03-29 17:00:53](logger.py 179): id=CC_FMNIST_E100_DT_1_0 | Ep. 59/100 - Step 75/273 (8.23 it/s) |#####               | - loss_cc=4.588 - loss_ce=2.109 - loss_ne=0.0138 - loss_div=0.0 - threshold=1.0 - loss=6.711
[2026-03-29 17:00:56](logger.py 179): id=CC_FMNIST_E100_DT_1_0 | Ep. 59/100 - Step 100/273 (8.22 it/s) |#######             | - loss_cc=4.589 - loss_ce=2.109 - loss_ne=0.0138 - loss_div=0.0 - threshold=1.0 - loss=6.711
[2026-03-29 17:00:59](logger.py 179): id=CC_FMNIST_E100_DT_1_0 | Ep. 59/100 - Step 125/273 (8.23 it/s) |#########           | - loss_cc=4.589 - loss_ce=2.108 - loss_ne=0.0138 - loss_div=0.0 - threshold=1.0 - loss=6.712
[2026-03-29 17:01:02](logger.py 179): id=CC_FMNIST_E100_DT_1_0 | Ep. 59/100 - Step 150/273 (8.23 it/s) |##########          | - loss_cc=4.589 - loss_ce=2.109 - loss_ne=0.0139 - loss_div=0.0 - threshold=1.0 - loss=6.711
[2026-03-29 17:01:05](logger.py 179): id=CC_FMNIST_E100_DT_1_0 | Ep. 59/100 - Step 175/273 (8.21 it/s) |############        | - loss_cc=4.589 - loss_ce=2.109 - loss_ne=0.014 - loss_div=0.0 - threshold=1.0 - loss=6.712
[2026-03-29 17:01:08](logger.py 179): id=CC_FMNIST_E100_DT_1_0 | Ep. 59/100 - Step 200/273 (8.22 it/s) |##############      | - loss_cc=4.589 - loss_ce=2.109 - loss_ne=0.0138 - loss_div=0.0 - threshold=1.0 - loss=6.712
[2026-03-29 17:01:11](logger.py 179): id=CC_FMNIST_E100_DT_1_0 | Ep. 59/100 - Step 225/273 (8.22 it/s) |################    | - loss_cc=4.589 - loss_ce=2.109 - loss_ne=0.0139 - loss_div=0.0 - threshold=1.0 - loss=6.713
[2026-03-29 17:01:14](logger.py 179): id=CC_FMNIST_E100_DT_1_0 | Ep. 59/100 - Step 250/273 (8.22 it/s) |##################  | - loss_cc=4.59 - loss_ce=2.109 - loss_ne=0.014 - loss_div=0.0 - threshold=1.0 - loss=6.713
[2026-03-29 17:01:17](logger.py 179): Evaluating
[2026-03-29 17:01:17](logger.py 179): Eval. step 0 of 274
[2026-03-29 17:01:18](logger.py 179): Eval. step 25 of 274
[2026-03-29 17:01:19](logger.py 179): Eval. step 50 of 274
[2026-03-29 17:01:19](logger.py 179): Eval. step 75 of 274
[2026-03-29 17:01:20](logger.py 179): Eval. step 100 of 274
[2026-03-29 17:01:21](logger.py 179): Eval. step 125 of 274
[2026-03-29 17:01:21](logger.py 179): Eval. step 150 of 274
[2026-03-29 17:01:22](logger.py 179): Eval. step 175 of 274
[2026-03-29 17:01:23](logger.py 179): Eval. step 200 of 274
[2026-03-29 17:01:23](logger.py 179): Eval. step 225 of 274
[2026-03-29 17:01:24](logger.py 179): Eval. step 250 of 274
[2026-03-29 17:01:25](logger.py 179): id=CC_FMNIST_E100_DT_1_0 | Ep. 59/100 | Time: 00:00 | loss_cc=4.59 - loss_ce=2.109 - loss_ne=0.0141 - loss_div=0.0 - threshold=1.0 - loss=6.713 - eval_confidence=0.908 - cluster_acc_0_eval=67.94 - cluster_nmi_0_eval=0.65 - cluster_ari_0_eval=0.55 - cluster_acc_1_eval=67.96 - cluster_nmi_1_eval=0.651 - cluster_ari_1_eval=0.551 - cluster_acc_2_eval=68.0 - cluster_nmi_2_eval=0.651 - cluster_ari_2_eval=0.551 - cluster_acc_3_eval=67.95 - cluster_nmi_3_eval=0.651 - cluster_ari_3_eval=0.551 - cluster_acc_4_eval=67.9 - cluster_nmi_4_eval=0.65 - cluster_ari_4_eval=0.55 - max_cluster_acc_eval=68.0 - mean_cluster_acc_eval=67.95 - min_cluster_acc_eval=67.9 - max_cluster_nmi_eval=0.651 - mean_cluster_nmi_eval=0.651 - min_cluster_nmi_eval=0.65 - max_cluster_ari_eval=0.551 - mean_cluster_ari_eval=0.551 - min_cluster_ari_eval=0.55 - interclustering_nmi_eval=0.982
/scratch/e0538389/DivClust/engine/trainer.py:41: FutureWarning: `torch.cuda.amp.autocast(args...)` is deprecated. Please use `torch.amp.autocast('cuda', args...)` instead.
  with autocast(self.mixed_precision):
[2026-03-29 17:01:25](logger.py 179): id=CC_FMNIST_E100_DT_1_0 | Ep. 60/100 - Step 0/273 (0.0 it/s) |                    | - loss_cc=4.6 - loss_ce=2.119 - loss_ne=0.012 - loss_div=0.0 - threshold=1.0 - loss=6.731
[2026-03-29 17:01:29](logger.py 179): id=CC_FMNIST_E100_DT_1_0 | Ep. 60/100 - Step 25/273 (8.17 it/s) |#                   | - loss_cc=4.592 - loss_ce=2.11 - loss_ne=0.0161 - loss_div=0.0 - threshold=1.0 - loss=6.718
[2026-03-29 17:01:32](logger.py 179): id=CC_FMNIST_E100_DT_1_0 | Ep. 60/100 - Step 50/273 (8.19 it/s) |###                 | - loss_cc=4.593 - loss_ce=2.11 - loss_ne=0.0151 - loss_div=0.0 - threshold=1.0 - loss=6.718
[2026-03-29 17:01:35](logger.py 179): id=CC_FMNIST_E100_DT_1_0 | Ep. 60/100 - Step 75/273 (8.19 it/s) |#####               | - loss_cc=4.592 - loss_ce=2.11 - loss_ne=0.0152 - loss_div=0.0 - threshold=1.0 - loss=6.717
[2026-03-29 17:01:38](logger.py 179): id=CC_FMNIST_E100_DT_1_0 | Ep. 60/100 - Step 100/273 (8.2 it/s) |#######             | - loss_cc=4.593 - loss_ce=2.111 - loss_ne=0.0153 - loss_div=0.0 - threshold=1.0 - loss=6.719
[2026-03-29 17:01:41](logger.py 179): id=CC_FMNIST_E100_DT_1_0 | Ep. 60/100 - Step 125/273 (8.19 it/s) |#########           | - loss_cc=4.593 - loss_ce=2.111 - loss_ne=0.0147 - loss_div=0.0 - threshold=1.0 - loss=6.719
[2026-03-29 17:01:44](logger.py 179): id=CC_FMNIST_E100_DT_1_0 | Ep. 60/100 - Step 150/273 (8.2 it/s) |##########          | - loss_cc=4.593 - loss_ce=2.111 - loss_ne=0.0147 - loss_div=0.0 - threshold=1.0 - loss=6.718
[2026-03-29 17:01:47](logger.py 179): id=CC_FMNIST_E100_DT_1_0 | Ep. 60/100 - Step 175/273 (8.21 it/s) |############        | - loss_cc=4.593 - loss_ce=2.11 - loss_ne=0.0148 - loss_div=0.0 - threshold=1.0 - loss=6.718
[2026-03-29 17:01:50](logger.py 179): id=CC_FMNIST_E100_DT_1_0 | Ep. 60/100 - Step 200/273 (8.22 it/s) |##############      | - loss_cc=4.593 - loss_ce=2.11 - loss_ne=0.0152 - loss_div=0.0 - threshold=1.0 - loss=6.718
[2026-03-29 17:01:53](logger.py 179): id=CC_FMNIST_E100_DT_1_0 | Ep. 60/100 - Step 225/273 (8.22 it/s) |################    | - loss_cc=4.592 - loss_ce=2.11 - loss_ne=0.0153 - loss_div=0.0 - threshold=1.0 - loss=6.718
[2026-03-29 17:01:56](logger.py 179): id=CC_FMNIST_E100_DT_1_0 | Ep. 60/100 - Step 250/273 (8.22 it/s) |##################  | - loss_cc=4.592 - loss_ce=2.11 - loss_ne=0.0153 - loss_div=0.0 - threshold=1.0 - loss=6.718
[2026-03-29 17:01:59](logger.py 179): Evaluating
[2026-03-29 17:01:59](logger.py 179): Eval. step 0 of 274
[2026-03-29 17:01:59](logger.py 179): Eval. step 25 of 274
[2026-03-29 17:02:00](logger.py 179): Eval. step 50 of 274
[2026-03-29 17:02:01](logger.py 179): Eval. step 75 of 274
[2026-03-29 17:02:01](logger.py 179): Eval. step 100 of 274
[2026-03-29 17:02:02](logger.py 179): Eval. step 125 of 274
[2026-03-29 17:02:03](logger.py 179): Eval. step 150 of 274
[2026-03-29 17:02:03](logger.py 179): Eval. step 175 of 274
[2026-03-29 17:02:04](logger.py 179): Eval. step 200 of 274
[2026-03-29 17:02:05](logger.py 179): Eval. step 225 of 274
[2026-03-29 17:02:05](logger.py 179): Eval. step 250 of 274
[2026-03-29 17:02:06](logger.py 179): id=CC_FMNIST_E100_DT_1_0 | Ep. 60/100 | Time: 00:00 | loss_cc=4.591 - loss_ce=2.11 - loss_ne=0.015 - loss_div=0.0 - threshold=1.0 - loss=6.716 - eval_confidence=0.897 - cluster_acc_0_eval=67.04 - cluster_nmi_0_eval=0.643 - cluster_ari_0_eval=0.541 - cluster_acc_1_eval=67.05 - cluster_nmi_1_eval=0.642 - cluster_ari_1_eval=0.54 - cluster_acc_2_eval=67.1 - cluster_nmi_2_eval=0.643 - cluster_ari_2_eval=0.541 - cluster_acc_3_eval=67.04 - cluster_nmi_3_eval=0.642 - cluster_ari_3_eval=0.54 - cluster_acc_4_eval=67.03 - cluster_nmi_4_eval=0.642 - cluster_ari_4_eval=0.54 - max_cluster_acc_eval=67.1 - mean_cluster_acc_eval=67.05 - min_cluster_acc_eval=67.03 - max_cluster_nmi_eval=0.643 - mean_cluster_nmi_eval=0.642 - min_cluster_nmi_eval=0.642 - max_cluster_ari_eval=0.541 - mean_cluster_ari_eval=0.54 - min_cluster_ari_eval=0.54 - interclustering_nmi_eval=0.98
/scratch/e0538389/DivClust/engine/trainer.py:41: FutureWarning: `torch.cuda.amp.autocast(args...)` is deprecated. Please use `torch.amp.autocast('cuda', args...)` instead.
  with autocast(self.mixed_precision):
[2026-03-29 17:02:07](logger.py 179): id=CC_FMNIST_E100_DT_1_0 | Ep. 61/100 - Step 0/273 (0.0 it/s) |                    | - loss_cc=4.613 - loss_ce=2.118 - loss_ne=0.0109 - loss_div=0.0 - threshold=1.0 - loss=6.742
[2026-03-29 17:02:10](logger.py 179): id=CC_FMNIST_E100_DT_1_0 | Ep. 61/100 - Step 25/273 (8.1 it/s) |#                   | - loss_cc=4.592 - loss_ce=2.11 - loss_ne=0.0124 - loss_div=0.0 - threshold=1.0 - loss=6.714
[2026-03-29 17:02:13](logger.py 179): id=CC_FMNIST_E100_DT_1_0 | Ep. 61/100 - Step 50/273 (8.1 it/s) |###                 | - loss_cc=4.586 - loss_ce=2.109 - loss_ne=0.0129 - loss_div=0.0 - threshold=1.0 - loss=6.708
[2026-03-29 17:02:16](logger.py 179): id=CC_FMNIST_E100_DT_1_0 | Ep. 61/100 - Step 75/273 (8.13 it/s) |#####               | - loss_cc=4.586 - loss_ce=2.109 - loss_ne=0.0131 - loss_div=0.0 - threshold=1.0 - loss=6.708
[2026-03-29 17:02:19](logger.py 179): id=CC_FMNIST_E100_DT_1_0 | Ep. 61/100 - Step 100/273 (8.17 it/s) |#######             | - loss_cc=4.586 - loss_ce=2.108 - loss_ne=0.0134 - loss_div=0.0 - threshold=1.0 - loss=6.708
[2026-03-29 17:02:22](logger.py 179): id=CC_FMNIST_E100_DT_1_0 | Ep. 61/100 - Step 125/273 (8.19 it/s) |#########           | - loss_cc=4.587 - loss_ce=2.108 - loss_ne=0.0137 - loss_div=0.0 - threshold=1.0 - loss=6.709
[2026-03-29 17:02:25](logger.py 179): id=CC_FMNIST_E100_DT_1_0 | Ep. 61/100 - Step 150/273 (8.17 it/s) |##########          | - loss_cc=4.587 - loss_ce=2.109 - loss_ne=0.0141 - loss_div=0.0 - threshold=1.0 - loss=6.71
[2026-03-29 17:02:28](logger.py 179): id=CC_FMNIST_E100_DT_1_0 | Ep. 61/100 - Step 175/273 (8.18 it/s) |############        | - loss_cc=4.588 - loss_ce=2.109 - loss_ne=0.0136 - loss_div=0.0 - threshold=1.0 - loss=6.711
[2026-03-29 17:02:31](logger.py 179): id=CC_FMNIST_E100_DT_1_0 | Ep. 61/100 - Step 200/273 (8.19 it/s) |##############      | - loss_cc=4.589 - loss_ce=2.109 - loss_ne=0.0137 - loss_div=0.0 - threshold=1.0 - loss=6.712
[2026-03-29 17:02:34](logger.py 179): id=CC_FMNIST_E100_DT_1_0 | Ep. 61/100 - Step 225/273 (8.2 it/s) |################    | - loss_cc=4.589 - loss_ce=2.109 - loss_ne=0.0138 - loss_div=0.0 - threshold=1.0 - loss=6.711
[2026-03-29 17:02:37](logger.py 179): id=CC_FMNIST_E100_DT_1_0 | Ep. 61/100 - Step 250/273 (8.2 it/s) |##################  | - loss_cc=4.589 - loss_ce=2.109 - loss_ne=0.0136 - loss_div=0.0 - threshold=1.0 - loss=6.711
[2026-03-29 17:02:40](logger.py 179): Evaluating
[2026-03-29 17:02:40](logger.py 179): Eval. step 0 of 274
[2026-03-29 17:02:41](logger.py 179): Eval. step 25 of 274
[2026-03-29 17:02:41](logger.py 179): Eval. step 50 of 274
[2026-03-29 17:02:42](logger.py 179): Eval. step 75 of 274
[2026-03-29 17:02:43](logger.py 179): Eval. step 100 of 274
[2026-03-29 17:02:44](logger.py 179): Eval. step 125 of 274
[2026-03-29 17:02:44](logger.py 179): Eval. step 150 of 274
[2026-03-29 17:02:45](logger.py 179): Eval. step 175 of 274
[2026-03-29 17:02:46](logger.py 179): Eval. step 200 of 274
[2026-03-29 17:02:46](logger.py 179): Eval. step 225 of 274
[2026-03-29 17:02:47](logger.py 179): Eval. step 250 of 274
[2026-03-29 17:02:48](logger.py 179): id=CC_FMNIST_E100_DT_1_0 | Ep. 61/100 | Time: 00:00 | loss_cc=4.589 - loss_ce=2.109 - loss_ne=0.0137 - loss_div=0.0 - threshold=1.0 - loss=6.711 - eval_confidence=0.898 - cluster_acc_0_eval=68.01 - cluster_nmi_0_eval=0.653 - cluster_ari_0_eval=0.558 - cluster_acc_1_eval=68.01 - cluster_nmi_1_eval=0.653 - cluster_ari_1_eval=0.559 - cluster_acc_2_eval=68.03 - cluster_nmi_2_eval=0.653 - cluster_ari_2_eval=0.559 - cluster_acc_3_eval=68.0 - cluster_nmi_3_eval=0.653 - cluster_ari_3_eval=0.558 - cluster_acc_4_eval=68.09 - cluster_nmi_4_eval=0.653 - cluster_ari_4_eval=0.559 - max_cluster_acc_eval=68.09 - mean_cluster_acc_eval=68.03 - min_cluster_acc_eval=68.0 - max_cluster_nmi_eval=0.653 - mean_cluster_nmi_eval=0.653 - min_cluster_nmi_eval=0.653 - max_cluster_ari_eval=0.559 - mean_cluster_ari_eval=0.559 - min_cluster_ari_eval=0.558 - interclustering_nmi_eval=0.981
/scratch/e0538389/DivClust/engine/trainer.py:41: FutureWarning: `torch.cuda.amp.autocast(args...)` is deprecated. Please use `torch.amp.autocast('cuda', args...)` instead.
  with autocast(self.mixed_precision):
[2026-03-29 17:02:48](logger.py 179): id=CC_FMNIST_E100_DT_1_0 | Ep. 62/100 - Step 0/273 (0.0 it/s) |                    | - loss_cc=4.579 - loss_ce=2.11 - loss_ne=0.0142 - loss_div=0.0 - threshold=1.0 - loss=6.703
[2026-03-29 17:02:51](logger.py 179): id=CC_FMNIST_E100_DT_1_0 | Ep. 62/100 - Step 25/273 (8.24 it/s) |#                   | - loss_cc=4.582 - loss_ce=2.106 - loss_ne=0.0157 - loss_div=0.0 - threshold=1.0 - loss=6.704
[2026-03-29 17:02:54](logger.py 179): id=CC_FMNIST_E100_DT_1_0 | Ep. 62/100 - Step 50/273 (8.22 it/s) |###                 | - loss_cc=4.584 - loss_ce=2.106 - loss_ne=0.0146 - loss_div=0.0 - threshold=1.0 - loss=6.705
[2026-03-29 17:02:58](logger.py 179): id=CC_FMNIST_E100_DT_1_0 | Ep. 62/100 - Step 75/273 (8.22 it/s) |#####               | - loss_cc=4.587 - loss_ce=2.107 - loss_ne=0.0148 - loss_div=0.0 - threshold=1.0 - loss=6.708
[2026-03-29 17:03:01](logger.py 179): id=CC_FMNIST_E100_DT_1_0 | Ep. 62/100 - Step 100/273 (8.23 it/s) |#######             | - loss_cc=4.586 - loss_ce=2.106 - loss_ne=0.0142 - loss_div=0.0 - threshold=1.0 - loss=6.707
[2026-03-29 17:03:04](logger.py 179): id=CC_FMNIST_E100_DT_1_0 | Ep. 62/100 - Step 125/273 (8.24 it/s) |#########           | - loss_cc=4.586 - loss_ce=2.107 - loss_ne=0.0144 - loss_div=0.0 - threshold=1.0 - loss=6.707
[2026-03-29 17:03:07](logger.py 179): id=CC_FMNIST_E100_DT_1_0 | Ep. 62/100 - Step 150/273 (8.24 it/s) |##########          | - loss_cc=4.587 - loss_ce=2.107 - loss_ne=0.0144 - loss_div=0.0 - threshold=1.0 - loss=6.709
[2026-03-29 17:03:10](logger.py 179): id=CC_FMNIST_E100_DT_1_0 | Ep. 62/100 - Step 175/273 (8.25 it/s) |############        | - loss_cc=4.587 - loss_ce=2.107 - loss_ne=0.0142 - loss_div=0.0 - threshold=1.0 - loss=6.708
[2026-03-29 17:03:13](logger.py 179): id=CC_FMNIST_E100_DT_1_0 | Ep. 62/100 - Step 200/273 (8.26 it/s) |##############      | - loss_cc=4.588 - loss_ce=2.108 - loss_ne=0.0143 - loss_div=0.0 - threshold=1.0 - loss=6.71
[2026-03-29 17:03:16](logger.py 179): id=CC_FMNIST_E100_DT_1_0 | Ep. 62/100 - Step 225/273 (8.26 it/s) |################    | - loss_cc=4.588 - loss_ce=2.108 - loss_ne=0.0143 - loss_div=0.0 - threshold=1.0 - loss=6.711
[2026-03-29 17:03:19](logger.py 179): id=CC_FMNIST_E100_DT_1_0 | Ep. 62/100 - Step 250/273 (8.26 it/s) |##################  | - loss_cc=4.588 - loss_ce=2.109 - loss_ne=0.0144 - loss_div=0.0 - threshold=1.0 - loss=6.711
[2026-03-29 17:03:21](logger.py 179): Evaluating
[2026-03-29 17:03:21](logger.py 179): Eval. step 0 of 274
[2026-03-29 17:03:22](logger.py 179): Eval. step 25 of 274
[2026-03-29 17:03:23](logger.py 179): Eval. step 50 of 274
[2026-03-29 17:03:23](logger.py 179): Eval. step 75 of 274
[2026-03-29 17:03:24](logger.py 179): Eval. step 100 of 274
[2026-03-29 17:03:25](logger.py 179): Eval. step 125 of 274
[2026-03-29 17:03:25](logger.py 179): Eval. step 150 of 274
[2026-03-29 17:03:26](logger.py 179): Eval. step 175 of 274
[2026-03-29 17:03:27](logger.py 179): Eval. step 200 of 274
[2026-03-29 17:03:27](logger.py 179): Eval. step 225 of 274
[2026-03-29 17:03:28](logger.py 179): Eval. step 250 of 274
[2026-03-29 17:03:29](logger.py 179): id=CC_FMNIST_E100_DT_1_0 | Ep. 62/100 | Time: 00:00 | loss_cc=4.588 - loss_ce=2.109 - loss_ne=0.0143 - loss_div=0.0 - threshold=1.0 - loss=6.711 - eval_confidence=0.903 - cluster_acc_0_eval=67.29 - cluster_nmi_0_eval=0.649 - cluster_ari_0_eval=0.547 - cluster_acc_1_eval=67.24 - cluster_nmi_1_eval=0.649 - cluster_ari_1_eval=0.546 - cluster_acc_2_eval=67.2 - cluster_nmi_2_eval=0.648 - cluster_ari_2_eval=0.546 - cluster_acc_3_eval=67.23 - cluster_nmi_3_eval=0.649 - cluster_ari_3_eval=0.546 - cluster_acc_4_eval=67.32 - cluster_nmi_4_eval=0.65 - cluster_ari_4_eval=0.547 - max_cluster_acc_eval=67.32 - mean_cluster_acc_eval=67.26 - min_cluster_acc_eval=67.2 - max_cluster_nmi_eval=0.65 - mean_cluster_nmi_eval=0.649 - min_cluster_nmi_eval=0.648 - max_cluster_ari_eval=0.547 - mean_cluster_ari_eval=0.546 - min_cluster_ari_eval=0.546 - interclustering_nmi_eval=0.982
/scratch/e0538389/DivClust/engine/trainer.py:41: FutureWarning: `torch.cuda.amp.autocast(args...)` is deprecated. Please use `torch.amp.autocast('cuda', args...)` instead.
  with autocast(self.mixed_precision):
[2026-03-29 17:03:30](logger.py 179): id=CC_FMNIST_E100_DT_1_0 | Ep. 63/100 - Step 0/273 (0.0 it/s) |                    | - loss_cc=4.558 - loss_ce=2.1 - loss_ne=0.00618 - loss_div=0.0 - threshold=1.0 - loss=6.665
[2026-03-29 17:03:33](logger.py 179): id=CC_FMNIST_E100_DT_1_0 | Ep. 63/100 - Step 25/273 (8.27 it/s) |#                   | - loss_cc=4.586 - loss_ce=2.108 - loss_ne=0.0135 - loss_div=0.0 - threshold=1.0 - loss=6.708
[2026-03-29 17:03:36](logger.py 179): id=CC_FMNIST_E100_DT_1_0 | Ep. 63/100 - Step 50/273 (8.26 it/s) |###                 | - loss_cc=4.584 - loss_ce=2.107 - loss_ne=0.0142 - loss_div=0.0 - threshold=1.0 - loss=6.705
[2026-03-29 17:03:39](logger.py 179): id=CC_FMNIST_E100_DT_1_0 | Ep. 63/100 - Step 75/273 (8.26 it/s) |#####               | - loss_cc=4.584 - loss_ce=2.108 - loss_ne=0.0139 - loss_div=0.0 - threshold=1.0 - loss=6.705
[2026-03-29 17:03:42](logger.py 179): id=CC_FMNIST_E100_DT_1_0 | Ep. 63/100 - Step 100/273 (8.26 it/s) |#######             | - loss_cc=4.584 - loss_ce=2.108 - loss_ne=0.0133 - loss_div=0.0 - threshold=1.0 - loss=6.705
[2026-03-29 17:03:45](logger.py 179): id=CC_FMNIST_E100_DT_1_0 | Ep. 63/100 - Step 125/273 (8.28 it/s) |#########           | - loss_cc=4.584 - loss_ce=2.108 - loss_ne=0.0136 - loss_div=0.0 - threshold=1.0 - loss=6.706
[2026-03-29 17:03:48](logger.py 179): id=CC_FMNIST_E100_DT_1_0 | Ep. 63/100 - Step 150/273 (8.28 it/s) |##########          | - loss_cc=4.585 - loss_ce=2.109 - loss_ne=0.014 - loss_div=0.0 - threshold=1.0 - loss=6.708
[2026-03-29 17:03:51](logger.py 179): id=CC_FMNIST_E100_DT_1_0 | Ep. 63/100 - Step 175/273 (8.29 it/s) |############        | - loss_cc=4.585 - loss_ce=2.108 - loss_ne=0.0142 - loss_div=0.0 - threshold=1.0 - loss=6.707
[2026-03-29 17:03:54](logger.py 179): id=CC_FMNIST_E100_DT_1_0 | Ep. 63/100 - Step 200/273 (8.28 it/s) |##############      | - loss_cc=4.585 - loss_ce=2.108 - loss_ne=0.0146 - loss_div=0.0 - threshold=1.0 - loss=6.708
[2026-03-29 17:03:57](logger.py 179): id=CC_FMNIST_E100_DT_1_0 | Ep. 63/100 - Step 225/273 (8.28 it/s) |################    | - loss_cc=4.585 - loss_ce=2.108 - loss_ne=0.0145 - loss_div=0.0 - threshold=1.0 - loss=6.708
[2026-03-29 17:04:00](logger.py 179): id=CC_FMNIST_E100_DT_1_0 | Ep. 63/100 - Step 250/273 (8.28 it/s) |##################  | - loss_cc=4.585 - loss_ce=2.108 - loss_ne=0.0143 - loss_div=0.0 - threshold=1.0 - loss=6.708
[2026-03-29 17:04:02](logger.py 179): Evaluating
[2026-03-29 17:04:03](logger.py 179): Eval. step 0 of 274
[2026-03-29 17:04:03](logger.py 179): Eval. step 25 of 274
[2026-03-29 17:04:04](logger.py 179): Eval. step 50 of 274
[2026-03-29 17:04:05](logger.py 179): Eval. step 75 of 274
[2026-03-29 17:04:05](logger.py 179): Eval. step 100 of 274
[2026-03-29 17:04:06](logger.py 179): Eval. step 125 of 274
[2026-03-29 17:04:07](logger.py 179): Eval. step 150 of 274
[2026-03-29 17:04:07](logger.py 179): Eval. step 175 of 274
[2026-03-29 17:04:08](logger.py 179): Eval. step 200 of 274
[2026-03-29 17:04:09](logger.py 179): Eval. step 225 of 274
[2026-03-29 17:04:09](logger.py 179): Eval. step 250 of 274
[2026-03-29 17:04:10](logger.py 179): id=CC_FMNIST_E100_DT_1_0 | Ep. 63/100 | Time: 00:00 | loss_cc=4.585 - loss_ce=2.108 - loss_ne=0.0145 - loss_div=0.0 - threshold=1.0 - loss=6.708 - eval_confidence=0.897 - cluster_acc_0_eval=67.8 - cluster_nmi_0_eval=0.651 - cluster_ari_0_eval=0.556 - cluster_acc_1_eval=67.83 - cluster_nmi_1_eval=0.652 - cluster_ari_1_eval=0.556 - cluster_acc_2_eval=67.83 - cluster_nmi_2_eval=0.651 - cluster_ari_2_eval=0.556 - cluster_acc_3_eval=67.88 - cluster_nmi_3_eval=0.652 - cluster_ari_3_eval=0.557 - cluster_acc_4_eval=67.86 - cluster_nmi_4_eval=0.652 - cluster_ari_4_eval=0.556 - max_cluster_acc_eval=67.88 - mean_cluster_acc_eval=67.84 - min_cluster_acc_eval=67.8 - max_cluster_nmi_eval=0.652 - mean_cluster_nmi_eval=0.652 - min_cluster_nmi_eval=0.651 - max_cluster_ari_eval=0.557 - mean_cluster_ari_eval=0.556 - min_cluster_ari_eval=0.556 - interclustering_nmi_eval=0.981
/scratch/e0538389/DivClust/engine/trainer.py:41: FutureWarning: `torch.cuda.amp.autocast(args...)` is deprecated. Please use `torch.amp.autocast('cuda', args...)` instead.
  with autocast(self.mixed_precision):
[2026-03-29 17:04:11](logger.py 179): id=CC_FMNIST_E100_DT_1_0 | Ep. 64/100 - Step 0/273 (0.0 it/s) |                    | - loss_cc=4.553 - loss_ce=2.098 - loss_ne=0.0132 - loss_div=0.0 - threshold=1.0 - loss=6.664
[2026-03-29 17:04:14](logger.py 179): id=CC_FMNIST_E100_DT_1_0 | Ep. 64/100 - Step 25/273 (8.3 it/s) |#                   | - loss_cc=4.584 - loss_ce=2.11 - loss_ne=0.0161 - loss_div=0.0 - threshold=1.0 - loss=6.71
[2026-03-29 17:04:17](logger.py 179): id=CC_FMNIST_E100_DT_1_0 | Ep. 64/100 - Step 50/273 (8.27 it/s) |###                 | - loss_cc=4.586 - loss_ce=2.109 - loss_ne=0.0144 - loss_div=0.0 - threshold=1.0 - loss=6.71
[2026-03-29 17:04:20](logger.py 179): id=CC_FMNIST_E100_DT_1_0 | Ep. 64/100 - Step 75/273 (8.29 it/s) |#####               | - loss_cc=4.584 - loss_ce=2.108 - loss_ne=0.0145 - loss_div=0.0 - threshold=1.0 - loss=6.707
[2026-03-29 17:04:23](logger.py 179): id=CC_FMNIST_E100_DT_1_0 | Ep. 64/100 - Step 100/273 (8.28 it/s) |#######             | - loss_cc=4.585 - loss_ce=2.108 - loss_ne=0.0139 - loss_div=0.0 - threshold=1.0 - loss=6.706
[2026-03-29 17:04:26](logger.py 179): id=CC_FMNIST_E100_DT_1_0 | Ep. 64/100 - Step 125/273 (8.27 it/s) |#########           | - loss_cc=4.583 - loss_ce=2.107 - loss_ne=0.0141 - loss_div=0.0 - threshold=1.0 - loss=6.704
[2026-03-29 17:04:29](logger.py 179): id=CC_FMNIST_E100_DT_1_0 | Ep. 64/100 - Step 150/273 (8.27 it/s) |##########          | - loss_cc=4.583 - loss_ce=2.107 - loss_ne=0.0141 - loss_div=0.0 - threshold=1.0 - loss=6.705
[2026-03-29 17:04:32](logger.py 179): id=CC_FMNIST_E100_DT_1_0 | Ep. 64/100 - Step 175/273 (8.27 it/s) |############        | - loss_cc=4.584 - loss_ce=2.108 - loss_ne=0.0138 - loss_div=0.0 - threshold=1.0 - loss=6.705
[2026-03-29 17:04:35](logger.py 179): id=CC_FMNIST_E100_DT_1_0 | Ep. 64/100 - Step 200/273 (8.27 it/s) |##############      | - loss_cc=4.584 - loss_ce=2.108 - loss_ne=0.0139 - loss_div=0.0 - threshold=1.0 - loss=6.705
[2026-03-29 17:04:38](logger.py 179): id=CC_FMNIST_E100_DT_1_0 | Ep. 64/100 - Step 225/273 (8.27 it/s) |################    | - loss_cc=4.584 - loss_ce=2.107 - loss_ne=0.0136 - loss_div=0.0 - threshold=1.0 - loss=6.705
[2026-03-29 17:04:41](logger.py 179): id=CC_FMNIST_E100_DT_1_0 | Ep. 64/100 - Step 250/273 (8.26 it/s) |##################  | - loss_cc=4.584 - loss_ce=2.107 - loss_ne=0.0137 - loss_div=0.0 - threshold=1.0 - loss=6.705
[2026-03-29 17:04:44](logger.py 179): Evaluating
[2026-03-29 17:04:44](logger.py 179): Eval. step 0 of 274
[2026-03-29 17:04:44](logger.py 179): Eval. step 25 of 274
[2026-03-29 17:04:45](logger.py 179): Eval. step 50 of 274
[2026-03-29 17:04:46](logger.py 179): Eval. step 75 of 274
[2026-03-29 17:04:47](logger.py 179): Eval. step 100 of 274
[2026-03-29 17:04:47](logger.py 179): Eval. step 125 of 274
[2026-03-29 17:04:48](logger.py 179): Eval. step 150 of 274
[2026-03-29 17:04:49](logger.py 179): Eval. step 175 of 274
[2026-03-29 17:04:49](logger.py 179): Eval. step 200 of 274
[2026-03-29 17:04:50](logger.py 179): Eval. step 225 of 274
[2026-03-29 17:04:51](logger.py 179): Eval. step 250 of 274
[2026-03-29 17:04:52](logger.py 179): id=CC_FMNIST_E100_DT_1_0 | Ep. 64/100 | Time: 00:00 | loss_cc=4.583 - loss_ce=2.107 - loss_ne=0.0138 - loss_div=0.0 - threshold=1.0 - loss=6.704 - eval_confidence=0.903 - cluster_acc_0_eval=67.52 - cluster_nmi_0_eval=0.647 - cluster_ari_0_eval=0.549 - cluster_acc_1_eval=67.55 - cluster_nmi_1_eval=0.648 - cluster_ari_1_eval=0.55 - cluster_acc_2_eval=67.49 - cluster_nmi_2_eval=0.647 - cluster_ari_2_eval=0.549 - cluster_acc_3_eval=67.57 - cluster_nmi_3_eval=0.648 - cluster_ari_3_eval=0.55 - cluster_acc_4_eval=67.54 - cluster_nmi_4_eval=0.648 - cluster_ari_4_eval=0.549 - max_cluster_acc_eval=67.57 - mean_cluster_acc_eval=67.53 - min_cluster_acc_eval=67.49 - max_cluster_nmi_eval=0.648 - mean_cluster_nmi_eval=0.648 - min_cluster_nmi_eval=0.647 - max_cluster_ari_eval=0.55 - mean_cluster_ari_eval=0.549 - min_cluster_ari_eval=0.549 - interclustering_nmi_eval=0.982
/scratch/e0538389/DivClust/engine/trainer.py:41: FutureWarning: `torch.cuda.amp.autocast(args...)` is deprecated. Please use `torch.amp.autocast('cuda', args...)` instead.
  with autocast(self.mixed_precision):
[2026-03-29 17:04:52](logger.py 179): id=CC_FMNIST_E100_DT_1_0 | Ep. 65/100 - Step 0/273 (0.0 it/s) |                    | - loss_cc=4.585 - loss_ce=2.102 - loss_ne=0.0289 - loss_div=0.0 - threshold=1.0 - loss=6.716
[2026-03-29 17:04:55](logger.py 179): id=CC_FMNIST_E100_DT_1_0 | Ep. 65/100 - Step 25/273 (8.2 it/s) |#                   | - loss_cc=4.583 - loss_ce=2.107 - loss_ne=0.0146 - loss_div=0.0 - threshold=1.0 - loss=6.705
[2026-03-29 17:04:58](logger.py 179): id=CC_FMNIST_E100_DT_1_0 | Ep. 65/100 - Step 50/273 (8.25 it/s) |###                 | - loss_cc=4.583 - loss_ce=2.108 - loss_ne=0.0127 - loss_div=0.0 - threshold=1.0 - loss=6.704
[2026-03-29 17:05:01](logger.py 179): id=CC_FMNIST_E100_DT_1_0 | Ep. 65/100 - Step 75/273 (8.23 it/s) |#####               | - loss_cc=4.584 - loss_ce=2.108 - loss_ne=0.0133 - loss_div=0.0 - threshold=1.0 - loss=6.705
[2026-03-29 17:05:04](logger.py 179): id=CC_FMNIST_E100_DT_1_0 | Ep. 65/100 - Step 100/273 (8.21 it/s) |#######             | - loss_cc=4.583 - loss_ce=2.107 - loss_ne=0.0136 - loss_div=0.0 - threshold=1.0 - loss=6.704
[2026-03-29 17:05:07](logger.py 179): id=CC_FMNIST_E100_DT_1_0 | Ep. 65/100 - Step 125/273 (8.22 it/s) |#########           | - loss_cc=4.584 - loss_ce=2.108 - loss_ne=0.0136 - loss_div=0.0 - threshold=1.0 - loss=6.705
[2026-03-29 17:05:10](logger.py 179): id=CC_FMNIST_E100_DT_1_0 | Ep. 65/100 - Step 150/273 (8.23 it/s) |##########          | - loss_cc=4.583 - loss_ce=2.107 - loss_ne=0.0138 - loss_div=0.0 - threshold=1.0 - loss=6.704
[2026-03-29 17:05:13](logger.py 179): id=CC_FMNIST_E100_DT_1_0 | Ep. 65/100 - Step 175/273 (8.21 it/s) |############        | - loss_cc=4.584 - loss_ce=2.107 - loss_ne=0.0137 - loss_div=0.0 - threshold=1.0 - loss=6.704
[2026-03-29 17:05:16](logger.py 179): id=CC_FMNIST_E100_DT_1_0 | Ep. 65/100 - Step 200/273 (8.21 it/s) |##############      | - loss_cc=4.583 - loss_ce=2.107 - loss_ne=0.0139 - loss_div=0.0 - threshold=1.0 - loss=6.704
[2026-03-29 17:05:19](logger.py 179): id=CC_FMNIST_E100_DT_1_0 | Ep. 65/100 - Step 225/273 (8.21 it/s) |################    | - loss_cc=4.584 - loss_ce=2.107 - loss_ne=0.0141 - loss_div=0.0 - threshold=1.0 - loss=6.706
[2026-03-29 17:05:23](logger.py 179): id=CC_FMNIST_E100_DT_1_0 | Ep. 65/100 - Step 250/273 (8.21 it/s) |##################  | - loss_cc=4.584 - loss_ce=2.107 - loss_ne=0.014 - loss_div=0.0 - threshold=1.0 - loss=6.705
[2026-03-29 17:05:25](logger.py 179): Evaluating
[2026-03-29 17:05:25](logger.py 179): Eval. step 0 of 274
[2026-03-29 17:05:26](logger.py 179): Eval. step 25 of 274
[2026-03-29 17:05:27](logger.py 179): Eval. step 50 of 274
[2026-03-29 17:05:27](logger.py 179): Eval. step 75 of 274
[2026-03-29 17:05:28](logger.py 179): Eval. step 100 of 274
[2026-03-29 17:05:29](logger.py 179): Eval. step 125 of 274
[2026-03-29 17:05:29](logger.py 179): Eval. step 150 of 274
[2026-03-29 17:05:30](logger.py 179): Eval. step 175 of 274
[2026-03-29 17:05:31](logger.py 179): Eval. step 200 of 274
[2026-03-29 17:05:31](logger.py 179): Eval. step 225 of 274
[2026-03-29 17:05:32](logger.py 179): Eval. step 250 of 274
[2026-03-29 17:05:33](logger.py 179): id=CC_FMNIST_E100_DT_1_0 | Ep. 65/100 | Time: 00:00 | loss_cc=4.584 - loss_ce=2.107 - loss_ne=0.014 - loss_div=0.0 - threshold=1.0 - loss=6.706 - eval_confidence=0.903 - cluster_acc_0_eval=67.86 - cluster_nmi_0_eval=0.65 - cluster_ari_0_eval=0.552 - cluster_acc_1_eval=67.89 - cluster_nmi_1_eval=0.651 - cluster_ari_1_eval=0.553 - cluster_acc_2_eval=67.84 - cluster_nmi_2_eval=0.65 - cluster_ari_2_eval=0.552 - cluster_acc_3_eval=67.92 - cluster_nmi_3_eval=0.651 - cluster_ari_3_eval=0.553 - cluster_acc_4_eval=67.92 - cluster_nmi_4_eval=0.651 - cluster_ari_4_eval=0.553 - max_cluster_acc_eval=67.92 - mean_cluster_acc_eval=67.89 - min_cluster_acc_eval=67.84 - max_cluster_nmi_eval=0.651 - mean_cluster_nmi_eval=0.651 - min_cluster_nmi_eval=0.65 - max_cluster_ari_eval=0.553 - mean_cluster_ari_eval=0.552 - min_cluster_ari_eval=0.552 - interclustering_nmi_eval=0.982
/scratch/e0538389/DivClust/engine/trainer.py:41: FutureWarning: `torch.cuda.amp.autocast(args...)` is deprecated. Please use `torch.amp.autocast('cuda', args...)` instead.
  with autocast(self.mixed_precision):
[2026-03-29 17:05:33](logger.py 179): id=CC_FMNIST_E100_DT_1_0 | Ep. 66/100 - Step 0/273 (0.0 it/s) |                    | - loss_cc=4.602 - loss_ce=2.111 - loss_ne=0.0153 - loss_div=0.0 - threshold=1.0 - loss=6.727
[2026-03-29 17:05:37](logger.py 179): id=CC_FMNIST_E100_DT_1_0 | Ep. 66/100 - Step 25/273 (8.22 it/s) |#                   | - loss_cc=4.586 - loss_ce=2.109 - loss_ne=0.0151 - loss_div=0.0 - threshold=1.0 - loss=6.709
[2026-03-29 17:05:40](logger.py 179): id=CC_FMNIST_E100_DT_1_0 | Ep. 66/100 - Step 50/273 (8.22 it/s) |###                 | - loss_cc=4.584 - loss_ce=2.107 - loss_ne=0.0142 - loss_div=0.0 - threshold=1.0 - loss=6.705
[2026-03-29 17:05:43](logger.py 179): id=CC_FMNIST_E100_DT_1_0 | Ep. 66/100 - Step 75/273 (8.2 it/s) |#####               | - loss_cc=4.581 - loss_ce=2.106 - loss_ne=0.0145 - loss_div=0.0 - threshold=1.0 - loss=6.701
[2026-03-29 17:05:46](logger.py 179): id=CC_FMNIST_E100_DT_1_0 | Ep. 66/100 - Step 100/273 (8.24 it/s) |#######             | - loss_cc=4.58 - loss_ce=2.106 - loss_ne=0.0143 - loss_div=0.0 - threshold=1.0 - loss=6.701
[2026-03-29 17:05:49](logger.py 179): id=CC_FMNIST_E100_DT_1_0 | Ep. 66/100 - Step 125/273 (8.25 it/s) |#########           | - loss_cc=4.581 - loss_ce=2.107 - loss_ne=0.014 - loss_div=0.0 - threshold=1.0 - loss=6.702
[2026-03-29 17:05:52](logger.py 179): id=CC_FMNIST_E100_DT_1_0 | Ep. 66/100 - Step 150/273 (8.26 it/s) |##########          | - loss_cc=4.582 - loss_ce=2.107 - loss_ne=0.0143 - loss_div=0.0 - threshold=1.0 - loss=6.703
[2026-03-29 17:05:55](logger.py 179): id=CC_FMNIST_E100_DT_1_0 | Ep. 66/100 - Step 175/273 (8.26 it/s) |############        | - loss_cc=4.582 - loss_ce=2.107 - loss_ne=0.0143 - loss_div=0.0 - threshold=1.0 - loss=6.704
[2026-03-29 17:05:58](logger.py 179): id=CC_FMNIST_E100_DT_1_0 | Ep. 66/100 - Step 200/273 (8.26 it/s) |##############      | - loss_cc=4.583 - loss_ce=2.108 - loss_ne=0.0143 - loss_div=0.0 - threshold=1.0 - loss=6.705
[2026-03-29 17:06:01](logger.py 179): id=CC_FMNIST_E100_DT_1_0 | Ep. 66/100 - Step 225/273 (8.27 it/s) |################    | - loss_cc=4.583 - loss_ce=2.108 - loss_ne=0.0145 - loss_div=0.0 - threshold=1.0 - loss=6.705
[2026-03-29 17:06:04](logger.py 179): id=CC_FMNIST_E100_DT_1_0 | Ep. 66/100 - Step 250/273 (8.27 it/s) |##################  | - loss_cc=4.582 - loss_ce=2.107 - loss_ne=0.0145 - loss_div=0.0 - threshold=1.0 - loss=6.704
[2026-03-29 17:06:06](logger.py 179): Evaluating
[2026-03-29 17:06:06](logger.py 179): Eval. step 0 of 274
[2026-03-29 17:06:07](logger.py 179): Eval. step 25 of 274
[2026-03-29 17:06:08](logger.py 179): Eval. step 50 of 274
[2026-03-29 17:06:08](logger.py 179): Eval. step 75 of 274
[2026-03-29 17:06:09](logger.py 179): Eval. step 100 of 274
[2026-03-29 17:06:10](logger.py 179): Eval. step 125 of 274
[2026-03-29 17:06:10](logger.py 179): Eval. step 150 of 274
[2026-03-29 17:06:11](logger.py 179): Eval. step 175 of 274
[2026-03-29 17:06:12](logger.py 179): Eval. step 200 of 274
[2026-03-29 17:06:13](logger.py 179): Eval. step 225 of 274
[2026-03-29 17:06:13](logger.py 179): Eval. step 250 of 274
[2026-03-29 17:06:14](logger.py 179): id=CC_FMNIST_E100_DT_1_0 | Ep. 66/100 | Time: 00:00 | loss_cc=4.583 - loss_ce=2.107 - loss_ne=0.0145 - loss_div=0.0 - threshold=1.0 - loss=6.704 - eval_confidence=0.891 - cluster_acc_0_eval=67.78 - cluster_nmi_0_eval=0.643 - cluster_ari_0_eval=0.548 - cluster_acc_1_eval=67.79 - cluster_nmi_1_eval=0.643 - cluster_ari_1_eval=0.548 - cluster_acc_2_eval=67.78 - cluster_nmi_2_eval=0.644 - cluster_ari_2_eval=0.549 - cluster_acc_3_eval=67.79 - cluster_nmi_3_eval=0.643 - cluster_ari_3_eval=0.548 - cluster_acc_4_eval=67.81 - cluster_nmi_4_eval=0.644 - cluster_ari_4_eval=0.549 - max_cluster_acc_eval=67.81 - mean_cluster_acc_eval=67.79 - min_cluster_acc_eval=67.78 - max_cluster_nmi_eval=0.644 - mean_cluster_nmi_eval=0.643 - min_cluster_nmi_eval=0.643 - max_cluster_ari_eval=0.549 - mean_cluster_ari_eval=0.549 - min_cluster_ari_eval=0.548 - interclustering_nmi_eval=0.979
/scratch/e0538389/DivClust/engine/trainer.py:41: FutureWarning: `torch.cuda.amp.autocast(args...)` is deprecated. Please use `torch.amp.autocast('cuda', args...)` instead.
  with autocast(self.mixed_precision):
[2026-03-29 17:06:15](logger.py 179): id=CC_FMNIST_E100_DT_1_0 | Ep. 67/100 - Step 0/273 (0.0 it/s) |                    | - loss_cc=4.596 - loss_ce=2.114 - loss_ne=0.00661 - loss_div=0.0 - threshold=1.0 - loss=6.717
[2026-03-29 17:06:18](logger.py 179): id=CC_FMNIST_E100_DT_1_0 | Ep. 67/100 - Step 25/273 (8.13 it/s) |#                   | - loss_cc=4.583 - loss_ce=2.107 - loss_ne=0.0148 - loss_div=0.0 - threshold=1.0 - loss=6.705
[2026-03-29 17:06:21](logger.py 179): id=CC_FMNIST_E100_DT_1_0 | Ep. 67/100 - Step 50/273 (8.19 it/s) |###                 | - loss_cc=4.584 - loss_ce=2.108 - loss_ne=0.0149 - loss_div=0.0 - threshold=1.0 - loss=6.706
[2026-03-29 17:06:24](logger.py 179): id=CC_FMNIST_E100_DT_1_0 | Ep. 67/100 - Step 75/273 (8.21 it/s) |#####               | - loss_cc=4.585 - loss_ce=2.109 - loss_ne=0.014 - loss_div=0.0 - threshold=1.0 - loss=6.707
[2026-03-29 17:06:27](logger.py 179): id=CC_FMNIST_E100_DT_1_0 | Ep. 67/100 - Step 100/273 (8.23 it/s) |#######             | - loss_cc=4.585 - loss_ce=2.109 - loss_ne=0.0138 - loss_div=0.0 - threshold=1.0 - loss=6.708
[2026-03-29 17:06:30](logger.py 179): id=CC_FMNIST_E100_DT_1_0 | Ep. 67/100 - Step 125/273 (8.23 it/s) |#########           | - loss_cc=4.585 - loss_ce=2.109 - loss_ne=0.0139 - loss_div=0.0 - threshold=1.0 - loss=6.708
[2026-03-29 17:06:33](logger.py 179): id=CC_FMNIST_E100_DT_1_0 | Ep. 67/100 - Step 150/273 (8.24 it/s) |##########          | - loss_cc=4.584 - loss_ce=2.109 - loss_ne=0.0136 - loss_div=0.0 - threshold=1.0 - loss=6.706
[2026-03-29 17:06:36](logger.py 179): id=CC_FMNIST_E100_DT_1_0 | Ep. 67/100 - Step 175/273 (8.24 it/s) |############        | - loss_cc=4.583 - loss_ce=2.108 - loss_ne=0.0133 - loss_div=0.0 - threshold=1.0 - loss=6.705
[2026-03-29 17:06:39](logger.py 179): id=CC_FMNIST_E100_DT_1_0 | Ep. 67/100 - Step 200/273 (8.25 it/s) |##############      | - loss_cc=4.583 - loss_ce=2.108 - loss_ne=0.0133 - loss_div=0.0 - threshold=1.0 - loss=6.704
[2026-03-29 17:06:42](logger.py 179): id=CC_FMNIST_E100_DT_1_0 | Ep. 67/100 - Step 225/273 (8.26 it/s) |################    | - loss_cc=4.583 - loss_ce=2.108 - loss_ne=0.0135 - loss_div=0.0 - threshold=1.0 - loss=6.705
[2026-03-29 17:06:45](logger.py 179): id=CC_FMNIST_E100_DT_1_0 | Ep. 67/100 - Step 250/273 (8.26 it/s) |##################  | - loss_cc=4.584 - loss_ce=2.108 - loss_ne=0.0136 - loss_div=0.0 - threshold=1.0 - loss=6.706
[2026-03-29 17:06:48](logger.py 179): Evaluating
[2026-03-29 17:06:48](logger.py 179): Eval. step 0 of 274
[2026-03-29 17:06:48](logger.py 179): Eval. step 25 of 274
[2026-03-29 17:06:49](logger.py 179): Eval. step 50 of 274
[2026-03-29 17:06:50](logger.py 179): Eval. step 75 of 274
[2026-03-29 17:06:50](logger.py 179): Eval. step 100 of 274
[2026-03-29 17:06:51](logger.py 179): Eval. step 125 of 274
[2026-03-29 17:06:52](logger.py 179): Eval. step 150 of 274
[2026-03-29 17:06:52](logger.py 179): Eval. step 175 of 274
[2026-03-29 17:06:53](logger.py 179): Eval. step 200 of 274
[2026-03-29 17:06:54](logger.py 179): Eval. step 225 of 274
[2026-03-29 17:06:54](logger.py 179): Eval. step 250 of 274
[2026-03-29 17:06:55](logger.py 179): id=CC_FMNIST_E100_DT_1_0 | Ep. 67/100 | Time: 00:00 | loss_cc=4.583 - loss_ce=2.108 - loss_ne=0.0137 - loss_div=0.0 - threshold=1.0 - loss=6.705 - eval_confidence=0.901 - cluster_acc_0_eval=67.97 - cluster_nmi_0_eval=0.651 - cluster_ari_0_eval=0.553 - cluster_acc_1_eval=67.96 - cluster_nmi_1_eval=0.651 - cluster_ari_1_eval=0.553 - cluster_acc_2_eval=67.91 - cluster_nmi_2_eval=0.651 - cluster_ari_2_eval=0.553 - cluster_acc_3_eval=67.86 - cluster_nmi_3_eval=0.651 - cluster_ari_3_eval=0.553 - cluster_acc_4_eval=67.91 - cluster_nmi_4_eval=0.65 - cluster_ari_4_eval=0.553 - max_cluster_acc_eval=67.97 - mean_cluster_acc_eval=67.92 - min_cluster_acc_eval=67.86 - max_cluster_nmi_eval=0.651 - mean_cluster_nmi_eval=0.651 - min_cluster_nmi_eval=0.65 - max_cluster_ari_eval=0.553 - mean_cluster_ari_eval=0.553 - min_cluster_ari_eval=0.553 - interclustering_nmi_eval=0.982
/scratch/e0538389/DivClust/engine/trainer.py:41: FutureWarning: `torch.cuda.amp.autocast(args...)` is deprecated. Please use `torch.amp.autocast('cuda', args...)` instead.
  with autocast(self.mixed_precision):
[2026-03-29 17:06:56](logger.py 179): id=CC_FMNIST_E100_DT_1_0 | Ep. 68/100 - Step 0/273 (0.0 it/s) |                    | - loss_cc=4.569 - loss_ce=2.104 - loss_ne=0.0108 - loss_div=0.0 - threshold=1.0 - loss=6.684
[2026-03-29 17:06:59](logger.py 179): id=CC_FMNIST_E100_DT_1_0 | Ep. 68/100 - Step 25/273 (8.25 it/s) |#                   | - loss_cc=4.58 - loss_ce=2.104 - loss_ne=0.013 - loss_div=0.0 - threshold=1.0 - loss=6.697
[2026-03-29 17:07:02](logger.py 179): id=CC_FMNIST_E100_DT_1_0 | Ep. 68/100 - Step 50/273 (8.25 it/s) |###                 | - loss_cc=4.58 - loss_ce=2.106 - loss_ne=0.0132 - loss_div=0.0 - threshold=1.0 - loss=6.699
[2026-03-29 17:07:05](logger.py 179): id=CC_FMNIST_E100_DT_1_0 | Ep. 68/100 - Step 75/273 (8.25 it/s) |#####               | - loss_cc=4.581 - loss_ce=2.107 - loss_ne=0.0137 - loss_div=0.0 - threshold=1.0 - loss=6.702
[2026-03-29 17:07:08](logger.py 179): id=CC_FMNIST_E100_DT_1_0 | Ep. 68/100 - Step 100/273 (8.25 it/s) |#######             | - loss_cc=4.584 - loss_ce=2.108 - loss_ne=0.0144 - loss_div=0.0 - threshold=1.0 - loss=6.706
[2026-03-29 17:07:11](logger.py 179): id=CC_FMNIST_E100_DT_1_0 | Ep. 68/100 - Step 125/273 (8.25 it/s) |#########           | - loss_cc=4.583 - loss_ce=2.108 - loss_ne=0.0137 - loss_div=0.0 - threshold=1.0 - loss=6.704
[2026-03-29 17:07:14](logger.py 179): id=CC_FMNIST_E100_DT_1_0 | Ep. 68/100 - Step 150/273 (8.26 it/s) |##########          | - loss_cc=4.583 - loss_ce=2.108 - loss_ne=0.0142 - loss_div=0.0 - threshold=1.0 - loss=6.705
[2026-03-29 17:07:17](logger.py 179): id=CC_FMNIST_E100_DT_1_0 | Ep. 68/100 - Step 175/273 (8.26 it/s) |############        | - loss_cc=4.583 - loss_ce=2.108 - loss_ne=0.0143 - loss_div=0.0 - threshold=1.0 - loss=6.705
[2026-03-29 17:07:20](logger.py 179): id=CC_FMNIST_E100_DT_1_0 | Ep. 68/100 - Step 200/273 (8.26 it/s) |##############      | - loss_cc=4.583 - loss_ce=2.108 - loss_ne=0.0141 - loss_div=0.0 - threshold=1.0 - loss=6.704
[2026-03-29 17:07:23](logger.py 179): id=CC_FMNIST_E100_DT_1_0 | Ep. 68/100 - Step 225/273 (8.25 it/s) |################    | - loss_cc=4.583 - loss_ce=2.108 - loss_ne=0.0142 - loss_div=0.0 - threshold=1.0 - loss=6.704
[2026-03-29 17:07:26](logger.py 179): id=CC_FMNIST_E100_DT_1_0 | Ep. 68/100 - Step 250/273 (8.25 it/s) |##################  | - loss_cc=4.583 - loss_ce=2.108 - loss_ne=0.014 - loss_div=0.0 - threshold=1.0 - loss=6.705
[2026-03-29 17:07:29](logger.py 179): Evaluating
[2026-03-29 17:07:29](logger.py 179): Eval. step 0 of 274
[2026-03-29 17:07:30](logger.py 179): Eval. step 25 of 274
[2026-03-29 17:07:30](logger.py 179): Eval. step 50 of 274
[2026-03-29 17:07:31](logger.py 179): Eval. step 75 of 274
[2026-03-29 17:07:32](logger.py 179): Eval. step 100 of 274
[2026-03-29 17:07:32](logger.py 179): Eval. step 125 of 274
[2026-03-29 17:07:33](logger.py 179): Eval. step 150 of 274
[2026-03-29 17:07:34](logger.py 179): Eval. step 175 of 274
[2026-03-29 17:07:34](logger.py 179): Eval. step 200 of 274
[2026-03-29 17:07:35](logger.py 179): Eval. step 225 of 274
[2026-03-29 17:07:36](logger.py 179): Eval. step 250 of 274
[2026-03-29 17:07:37](logger.py 179): id=CC_FMNIST_E100_DT_1_0 | Ep. 68/100 | Time: 00:00 | loss_cc=4.583 - loss_ce=2.108 - loss_ne=0.014 - loss_div=0.0 - threshold=1.0 - loss=6.705 - eval_confidence=0.899 - cluster_acc_0_eval=68.03 - cluster_nmi_0_eval=0.653 - cluster_ari_0_eval=0.554 - cluster_acc_1_eval=68.03 - cluster_nmi_1_eval=0.653 - cluster_ari_1_eval=0.555 - cluster_acc_2_eval=68.02 - cluster_nmi_2_eval=0.653 - cluster_ari_2_eval=0.555 - cluster_acc_3_eval=68.06 - cluster_nmi_3_eval=0.653 - cluster_ari_3_eval=0.555 - cluster_acc_4_eval=68.1 - cluster_nmi_4_eval=0.654 - cluster_ari_4_eval=0.555 - max_cluster_acc_eval=68.1 - mean_cluster_acc_eval=68.05 - min_cluster_acc_eval=68.02 - max_cluster_nmi_eval=0.654 - mean_cluster_nmi_eval=0.653 - min_cluster_nmi_eval=0.653 - max_cluster_ari_eval=0.555 - mean_cluster_ari_eval=0.555 - min_cluster_ari_eval=0.554 - interclustering_nmi_eval=0.981
/scratch/e0538389/DivClust/engine/trainer.py:41: FutureWarning: `torch.cuda.amp.autocast(args...)` is deprecated. Please use `torch.amp.autocast('cuda', args...)` instead.
  with autocast(self.mixed_precision):
[2026-03-29 17:07:37](logger.py 179): id=CC_FMNIST_E100_DT_1_0 | Ep. 69/100 - Step 0/273 (0.0 it/s) |                    | - loss_cc=4.591 - loss_ce=2.106 - loss_ne=0.00931 - loss_div=0.0 - threshold=1.0 - loss=6.707
[2026-03-29 17:07:40](logger.py 179): id=CC_FMNIST_E100_DT_1_0 | Ep. 69/100 - Step 25/273 (8.25 it/s) |#                   | - loss_cc=4.578 - loss_ce=2.106 - loss_ne=0.0139 - loss_div=0.0 - threshold=1.0 - loss=6.698
[2026-03-29 17:07:43](logger.py 179): id=CC_FMNIST_E100_DT_1_0 | Ep. 69/100 - Step 50/273 (8.31 it/s) |###                 | - loss_cc=4.579 - loss_ce=2.108 - loss_ne=0.0139 - loss_div=0.0 - threshold=1.0 - loss=6.702
[2026-03-29 17:07:46](logger.py 179): id=CC_FMNIST_E100_DT_1_0 | Ep. 69/100 - Step 75/273 (8.33 it/s) |#####               | - loss_cc=4.58 - loss_ce=2.108 - loss_ne=0.0137 - loss_div=0.0 - threshold=1.0 - loss=6.701
[2026-03-29 17:07:49](logger.py 179): id=CC_FMNIST_E100_DT_1_0 | Ep. 69/100 - Step 100/273 (8.32 it/s) |#######             | - loss_cc=4.578 - loss_ce=2.107 - loss_ne=0.0139 - loss_div=0.0 - threshold=1.0 - loss=6.699
[2026-03-29 17:07:52](logger.py 179): id=CC_FMNIST_E100_DT_1_0 | Ep. 69/100 - Step 125/273 (8.3 it/s) |#########           | - loss_cc=4.578 - loss_ce=2.107 - loss_ne=0.0139 - loss_div=0.0 - threshold=1.0 - loss=6.699
[2026-03-29 17:07:55](logger.py 179): id=CC_FMNIST_E100_DT_1_0 | Ep. 69/100 - Step 150/273 (8.31 it/s) |##########          | - loss_cc=4.578 - loss_ce=2.106 - loss_ne=0.0137 - loss_div=0.0 - threshold=1.0 - loss=6.698
[2026-03-29 17:07:58](logger.py 179): id=CC_FMNIST_E100_DT_1_0 | Ep. 69/100 - Step 175/273 (8.31 it/s) |############        | - loss_cc=4.578 - loss_ce=2.106 - loss_ne=0.014 - loss_div=0.0 - threshold=1.0 - loss=6.698
[2026-03-29 17:08:01](logger.py 179): id=CC_FMNIST_E100_DT_1_0 | Ep. 69/100 - Step 200/273 (8.31 it/s) |##############      | - loss_cc=4.578 - loss_ce=2.106 - loss_ne=0.0137 - loss_div=0.0 - threshold=1.0 - loss=6.698
[2026-03-29 17:08:04](logger.py 179): id=CC_FMNIST_E100_DT_1_0 | Ep. 69/100 - Step 225/273 (8.3 it/s) |################    | - loss_cc=4.578 - loss_ce=2.106 - loss_ne=0.0138 - loss_div=0.0 - threshold=1.0 - loss=6.698
[2026-03-29 17:08:07](logger.py 179): id=CC_FMNIST_E100_DT_1_0 | Ep. 69/100 - Step 250/273 (8.3 it/s) |##################  | - loss_cc=4.578 - loss_ce=2.106 - loss_ne=0.0137 - loss_div=0.0 - threshold=1.0 - loss=6.698
[2026-03-29 17:08:10](logger.py 179): Evaluating
[2026-03-29 17:08:10](logger.py 179): Eval. step 0 of 274
[2026-03-29 17:08:11](logger.py 179): Eval. step 25 of 274
[2026-03-29 17:08:11](logger.py 179): Eval. step 50 of 274
[2026-03-29 17:08:12](logger.py 179): Eval. step 75 of 274
[2026-03-29 17:08:13](logger.py 179): Eval. step 100 of 274
[2026-03-29 17:08:13](logger.py 179): Eval. step 125 of 274
[2026-03-29 17:08:14](logger.py 179): Eval. step 150 of 274
[2026-03-29 17:08:15](logger.py 179): Eval. step 175 of 274
[2026-03-29 17:08:15](logger.py 179): Eval. step 200 of 274
[2026-03-29 17:08:16](logger.py 179): Eval. step 225 of 274
[2026-03-29 17:08:17](logger.py 179): Eval. step 250 of 274
[2026-03-29 17:08:18](logger.py 179): id=CC_FMNIST_E100_DT_1_0 | Ep. 69/100 | Time: 00:00 | loss_cc=4.578 - loss_ce=2.106 - loss_ne=0.0136 - loss_div=0.0 - threshold=1.0 - loss=6.698 - eval_confidence=0.912 - cluster_acc_0_eval=67.71 - cluster_nmi_0_eval=0.649 - cluster_ari_0_eval=0.548 - cluster_acc_1_eval=67.71 - cluster_nmi_1_eval=0.649 - cluster_ari_1_eval=0.548 - cluster_acc_2_eval=67.69 - cluster_nmi_2_eval=0.648 - cluster_ari_2_eval=0.548 - cluster_acc_3_eval=67.69 - cluster_nmi_3_eval=0.648 - cluster_ari_3_eval=0.548 - cluster_acc_4_eval=67.69 - cluster_nmi_4_eval=0.648 - cluster_ari_4_eval=0.548 - max_cluster_acc_eval=67.71 - mean_cluster_acc_eval=67.7 - min_cluster_acc_eval=67.69 - max_cluster_nmi_eval=0.649 - mean_cluster_nmi_eval=0.648 - min_cluster_nmi_eval=0.648 - max_cluster_ari_eval=0.548 - mean_cluster_ari_eval=0.548 - min_cluster_ari_eval=0.548 - interclustering_nmi_eval=0.983
/scratch/e0538389/DivClust/engine/trainer.py:41: FutureWarning: `torch.cuda.amp.autocast(args...)` is deprecated. Please use `torch.amp.autocast('cuda', args...)` instead.
  with autocast(self.mixed_precision):
[2026-03-29 17:08:18](logger.py 179): id=CC_FMNIST_E100_DT_1_0 | Ep. 70/100 - Step 0/273 (0.0 it/s) |                    | - loss_cc=4.576 - loss_ce=2.107 - loss_ne=0.0119 - loss_div=0.0 - threshold=1.0 - loss=6.695
[2026-03-29 17:08:21](logger.py 179): id=CC_FMNIST_E100_DT_1_0 | Ep. 70/100 - Step 25/273 (8.24 it/s) |#                   | - loss_cc=4.586 - loss_ce=2.108 - loss_ne=0.0161 - loss_div=0.0 - threshold=1.0 - loss=6.711
[2026-03-29 17:08:24](logger.py 179): id=CC_FMNIST_E100_DT_1_0 | Ep. 70/100 - Step 50/273 (8.24 it/s) |###                 | - loss_cc=4.584 - loss_ce=2.107 - loss_ne=0.0143 - loss_div=0.0 - threshold=1.0 - loss=6.706
[2026-03-29 17:08:27](logger.py 179): id=CC_FMNIST_E100_DT_1_0 | Ep. 70/100 - Step 75/273 (8.26 it/s) |#####               | - loss_cc=4.584 - loss_ce=2.109 - loss_ne=0.0148 - loss_div=0.0 - threshold=1.0 - loss=6.708
[2026-03-29 17:08:30](logger.py 179): id=CC_FMNIST_E100_DT_1_0 | Ep. 70/100 - Step 100/273 (8.28 it/s) |#######             | - loss_cc=4.582 - loss_ce=2.108 - loss_ne=0.0146 - loss_div=0.0 - threshold=1.0 - loss=6.705
[2026-03-29 17:08:33](logger.py 179): id=CC_FMNIST_E100_DT_1_0 | Ep. 70/100 - Step 125/273 (8.28 it/s) |#########           | - loss_cc=4.581 - loss_ce=2.107 - loss_ne=0.0141 - loss_div=0.0 - threshold=1.0 - loss=6.701
[2026-03-29 17:08:37](logger.py 179): id=CC_FMNIST_E100_DT_1_0 | Ep. 70/100 - Step 150/273 (8.26 it/s) |##########          | - loss_cc=4.58 - loss_ce=2.107 - loss_ne=0.0141 - loss_div=0.0 - threshold=1.0 - loss=6.701
[2026-03-29 17:08:40](logger.py 179): id=CC_FMNIST_E100_DT_1_0 | Ep. 70/100 - Step 175/273 (8.26 it/s) |############        | - loss_cc=4.58 - loss_ce=2.107 - loss_ne=0.0142 - loss_div=0.0 - threshold=1.0 - loss=6.702
[2026-03-29 17:08:43](logger.py 179): id=CC_FMNIST_E100_DT_1_0 | Ep. 70/100 - Step 200/273 (8.27 it/s) |##############      | - loss_cc=4.58 - loss_ce=2.107 - loss_ne=0.014 - loss_div=0.0 - threshold=1.0 - loss=6.701
[2026-03-29 17:08:46](logger.py 179): id=CC_FMNIST_E100_DT_1_0 | Ep. 70/100 - Step 225/273 (8.27 it/s) |################    | - loss_cc=4.579 - loss_ce=2.107 - loss_ne=0.0139 - loss_div=0.0 - threshold=1.0 - loss=6.7
[2026-03-29 17:08:49](logger.py 179): id=CC_FMNIST_E100_DT_1_0 | Ep. 70/100 - Step 250/273 (8.28 it/s) |##################  | - loss_cc=4.579 - loss_ce=2.107 - loss_ne=0.0138 - loss_div=0.0 - threshold=1.0 - loss=6.7
[2026-03-29 17:08:51](logger.py 179): Evaluating
[2026-03-29 17:08:51](logger.py 179): Eval. step 0 of 274
[2026-03-29 17:08:52](logger.py 179): Eval. step 25 of 274
[2026-03-29 17:08:53](logger.py 179): Eval. step 50 of 274
[2026-03-29 17:08:53](logger.py 179): Eval. step 75 of 274
[2026-03-29 17:08:54](logger.py 179): Eval. step 100 of 274
[2026-03-29 17:08:55](logger.py 179): Eval. step 125 of 274
[2026-03-29 17:08:55](logger.py 179): Eval. step 150 of 274
[2026-03-29 17:08:56](logger.py 179): Eval. step 175 of 274
[2026-03-29 17:08:57](logger.py 179): Eval. step 200 of 274
[2026-03-29 17:08:57](logger.py 179): Eval. step 225 of 274
[2026-03-29 17:08:58](logger.py 179): Eval. step 250 of 274
[2026-03-29 17:08:59](logger.py 179): id=CC_FMNIST_E100_DT_1_0 | Ep. 70/100 | Time: 00:00 | loss_cc=4.578 - loss_ce=2.106 - loss_ne=0.0138 - loss_div=0.0 - threshold=1.0 - loss=6.698 - eval_confidence=0.901 - cluster_acc_0_eval=68.22 - cluster_nmi_0_eval=0.651 - cluster_ari_0_eval=0.553 - cluster_acc_1_eval=68.22 - cluster_nmi_1_eval=0.652 - cluster_ari_1_eval=0.554 - cluster_acc_2_eval=68.21 - cluster_nmi_2_eval=0.652 - cluster_ari_2_eval=0.554 - cluster_acc_3_eval=68.2 - cluster_nmi_3_eval=0.652 - cluster_ari_3_eval=0.554 - cluster_acc_4_eval=68.25 - cluster_nmi_4_eval=0.652 - cluster_ari_4_eval=0.554 - max_cluster_acc_eval=68.25 - mean_cluster_acc_eval=68.22 - min_cluster_acc_eval=68.2 - max_cluster_nmi_eval=0.652 - mean_cluster_nmi_eval=0.652 - min_cluster_nmi_eval=0.651 - max_cluster_ari_eval=0.554 - mean_cluster_ari_eval=0.554 - min_cluster_ari_eval=0.553 - interclustering_nmi_eval=0.982
/scratch/e0538389/DivClust/engine/trainer.py:41: FutureWarning: `torch.cuda.amp.autocast(args...)` is deprecated. Please use `torch.amp.autocast('cuda', args...)` instead.
  with autocast(self.mixed_precision):
[2026-03-29 17:09:00](logger.py 179): id=CC_FMNIST_E100_DT_1_0 | Ep. 71/100 - Step 0/273 (0.0 it/s) |                    | - loss_cc=4.583 - loss_ce=2.103 - loss_ne=0.0103 - loss_div=0.0 - threshold=1.0 - loss=6.696
[2026-03-29 17:09:03](logger.py 179): id=CC_FMNIST_E100_DT_1_0 | Ep. 71/100 - Step 25/273 (8.2 it/s) |#                   | - loss_cc=4.582 - loss_ce=2.108 - loss_ne=0.014 - loss_div=0.0 - threshold=1.0 - loss=6.704
[2026-03-29 17:09:06](logger.py 179): id=CC_FMNIST_E100_DT_1_0 | Ep. 71/100 - Step 50/273 (8.23 it/s) |###                 | - loss_cc=4.582 - loss_ce=2.106 - loss_ne=0.0142 - loss_div=0.0 - threshold=1.0 - loss=6.703
[2026-03-29 17:09:09](logger.py 179): id=CC_FMNIST_E100_DT_1_0 | Ep. 71/100 - Step 75/273 (8.26 it/s) |#####               | - loss_cc=4.581 - loss_ce=2.107 - loss_ne=0.0147 - loss_div=0.0 - threshold=1.0 - loss=6.703
[2026-03-29 17:09:12](logger.py 179): id=CC_FMNIST_E100_DT_1_0 | Ep. 71/100 - Step 100/273 (8.26 it/s) |#######             | - loss_cc=4.579 - loss_ce=2.106 - loss_ne=0.0146 - loss_div=0.0 - threshold=1.0 - loss=6.699
[2026-03-29 17:09:15](logger.py 179): id=CC_FMNIST_E100_DT_1_0 | Ep. 71/100 - Step 125/273 (8.26 it/s) |#########           | - loss_cc=4.581 - loss_ce=2.107 - loss_ne=0.0144 - loss_div=0.0 - threshold=1.0 - loss=6.701
[2026-03-29 17:09:18](logger.py 179): id=CC_FMNIST_E100_DT_1_0 | Ep. 71/100 - Step 150/273 (8.26 it/s) |##########          | - loss_cc=4.581 - loss_ce=2.107 - loss_ne=0.0141 - loss_div=0.0 - threshold=1.0 - loss=6.702
[2026-03-29 17:09:21](logger.py 179): id=CC_FMNIST_E100_DT_1_0 | Ep. 71/100 - Step 175/273 (8.25 it/s) |############        | - loss_cc=4.58 - loss_ce=2.106 - loss_ne=0.0141 - loss_div=0.0 - threshold=1.0 - loss=6.701
[2026-03-29 17:09:24](logger.py 179): id=CC_FMNIST_E100_DT_1_0 | Ep. 71/100 - Step 200/273 (8.26 it/s) |##############      | - loss_cc=4.58 - loss_ce=2.107 - loss_ne=0.0143 - loss_div=0.0 - threshold=1.0 - loss=6.701
[2026-03-29 17:09:27](logger.py 179): id=CC_FMNIST_E100_DT_1_0 | Ep. 71/100 - Step 225/273 (8.26 it/s) |################    | - loss_cc=4.579 - loss_ce=2.107 - loss_ne=0.0146 - loss_div=0.0 - threshold=1.0 - loss=6.7
[2026-03-29 17:09:30](logger.py 179): id=CC_FMNIST_E100_DT_1_0 | Ep. 71/100 - Step 250/273 (8.26 it/s) |##################  | - loss_cc=4.579 - loss_ce=2.107 - loss_ne=0.0145 - loss_div=0.0 - threshold=1.0 - loss=6.7
[2026-03-29 17:09:32](logger.py 179): Evaluating
[2026-03-29 17:09:33](logger.py 179): Eval. step 0 of 274
[2026-03-29 17:09:33](logger.py 179): Eval. step 25 of 274
[2026-03-29 17:09:34](logger.py 179): Eval. step 50 of 274
[2026-03-29 17:09:35](logger.py 179): Eval. step 75 of 274
[2026-03-29 17:09:35](logger.py 179): Eval. step 100 of 274
[2026-03-29 17:09:36](logger.py 179): Eval. step 125 of 274
[2026-03-29 17:09:37](logger.py 179): Eval. step 150 of 274
[2026-03-29 17:09:37](logger.py 179): Eval. step 175 of 274
[2026-03-29 17:09:38](logger.py 179): Eval. step 200 of 274
[2026-03-29 17:09:39](logger.py 179): Eval. step 225 of 274
[2026-03-29 17:09:39](logger.py 179): Eval. step 250 of 274
[2026-03-29 17:09:40](logger.py 179): id=CC_FMNIST_E100_DT_1_0 | Ep. 71/100 | Time: 00:00 | loss_cc=4.579 - loss_ce=2.107 - loss_ne=0.0143 - loss_div=0.0 - threshold=1.0 - loss=6.7 - eval_confidence=0.901 - cluster_acc_0_eval=68.21 - cluster_nmi_0_eval=0.653 - cluster_ari_0_eval=0.555 - cluster_acc_1_eval=68.17 - cluster_nmi_1_eval=0.653 - cluster_ari_1_eval=0.555 - cluster_acc_2_eval=68.2 - cluster_nmi_2_eval=0.653 - cluster_ari_2_eval=0.555 - cluster_acc_3_eval=68.14 - cluster_nmi_3_eval=0.652 - cluster_ari_3_eval=0.554 - cluster_acc_4_eval=68.26 - cluster_nmi_4_eval=0.653 - cluster_ari_4_eval=0.555 - max_cluster_acc_eval=68.26 - mean_cluster_acc_eval=68.2 - min_cluster_acc_eval=68.14 - max_cluster_nmi_eval=0.653 - mean_cluster_nmi_eval=0.653 - min_cluster_nmi_eval=0.652 - max_cluster_ari_eval=0.555 - mean_cluster_ari_eval=0.555 - min_cluster_ari_eval=0.554 - interclustering_nmi_eval=0.981
/scratch/e0538389/DivClust/engine/trainer.py:41: FutureWarning: `torch.cuda.amp.autocast(args...)` is deprecated. Please use `torch.amp.autocast('cuda', args...)` instead.
  with autocast(self.mixed_precision):
[2026-03-29 17:09:41](logger.py 179): id=CC_FMNIST_E100_DT_1_0 | Ep. 72/100 - Step 0/273 (0.0 it/s) |                    | - loss_cc=4.589 - loss_ce=2.112 - loss_ne=0.0166 - loss_div=0.0 - threshold=1.0 - loss=6.717
[2026-03-29 17:09:44](logger.py 179): id=CC_FMNIST_E100_DT_1_0 | Ep. 72/100 - Step 25/273 (8.17 it/s) |#                   | - loss_cc=4.579 - loss_ce=2.106 - loss_ne=0.0127 - loss_div=0.0 - threshold=1.0 - loss=6.697
[2026-03-29 17:09:47](logger.py 179): id=CC_FMNIST_E100_DT_1_0 | Ep. 72/100 - Step 50/273 (8.22 it/s) |###                 | - loss_cc=4.577 - loss_ce=2.105 - loss_ne=0.0136 - loss_div=0.0 - threshold=1.0 - loss=6.696
[2026-03-29 17:09:50](logger.py 179): id=CC_FMNIST_E100_DT_1_0 | Ep. 72/100 - Step 75/273 (8.26 it/s) |#####               | - loss_cc=4.579 - loss_ce=2.105 - loss_ne=0.0135 - loss_div=0.0 - threshold=1.0 - loss=6.698
[2026-03-29 17:09:53](logger.py 179): id=CC_FMNIST_E100_DT_1_0 | Ep. 72/100 - Step 100/273 (8.26 it/s) |#######             | - loss_cc=4.58 - loss_ce=2.106 - loss_ne=0.0129 - loss_div=0.0 - threshold=1.0 - loss=6.699
[2026-03-29 17:09:56](logger.py 179): id=CC_FMNIST_E100_DT_1_0 | Ep. 72/100 - Step 125/273 (8.28 it/s) |#########           | - loss_cc=4.58 - loss_ce=2.106 - loss_ne=0.013 - loss_div=0.0 - threshold=1.0 - loss=6.699
[2026-03-29 17:09:59](logger.py 179): id=CC_FMNIST_E100_DT_1_0 | Ep. 72/100 - Step 150/273 (8.29 it/s) |##########          | - loss_cc=4.579 - loss_ce=2.106 - loss_ne=0.0131 - loss_div=0.0 - threshold=1.0 - loss=6.699
[2026-03-29 17:10:02](logger.py 179): id=CC_FMNIST_E100_DT_1_0 | Ep. 72/100 - Step 175/273 (8.28 it/s) |############        | - loss_cc=4.581 - loss_ce=2.106 - loss_ne=0.013 - loss_div=0.0 - threshold=1.0 - loss=6.7
[2026-03-29 17:10:05](logger.py 179): id=CC_FMNIST_E100_DT_1_0 | Ep. 72/100 - Step 200/273 (8.28 it/s) |##############      | - loss_cc=4.579 - loss_ce=2.106 - loss_ne=0.0131 - loss_div=0.0 - threshold=1.0 - loss=6.699
[2026-03-29 17:10:08](logger.py 179): id=CC_FMNIST_E100_DT_1_0 | Ep. 72/100 - Step 225/273 (8.28 it/s) |################    | - loss_cc=4.579 - loss_ce=2.106 - loss_ne=0.0132 - loss_div=0.0 - threshold=1.0 - loss=6.699
[2026-03-29 17:10:11](logger.py 179): id=CC_FMNIST_E100_DT_1_0 | Ep. 72/100 - Step 250/273 (8.28 it/s) |##################  | - loss_cc=4.58 - loss_ce=2.107 - loss_ne=0.0132 - loss_div=0.0 - threshold=1.0 - loss=6.7
[2026-03-29 17:10:14](logger.py 179): Evaluating
[2026-03-29 17:10:14](logger.py 179): Eval. step 0 of 274
[2026-03-29 17:10:14](logger.py 179): Eval. step 25 of 274
[2026-03-29 17:10:15](logger.py 179): Eval. step 50 of 274
[2026-03-29 17:10:16](logger.py 179): Eval. step 75 of 274
[2026-03-29 17:10:16](logger.py 179): Eval. step 100 of 274
[2026-03-29 17:10:17](logger.py 179): Eval. step 125 of 274
[2026-03-29 17:10:18](logger.py 179): Eval. step 150 of 274
[2026-03-29 17:10:18](logger.py 179): Eval. step 175 of 274
[2026-03-29 17:10:19](logger.py 179): Eval. step 200 of 274
[2026-03-29 17:10:20](logger.py 179): Eval. step 225 of 274
[2026-03-29 17:10:21](logger.py 179): Eval. step 250 of 274
[2026-03-29 17:10:21](logger.py 179): id=CC_FMNIST_E100_DT_1_0 | Ep. 72/100 | Time: 00:00 | loss_cc=4.579 - loss_ce=2.107 - loss_ne=0.0131 - loss_div=0.0 - threshold=1.0 - loss=6.699 - eval_confidence=0.904 - cluster_acc_0_eval=67.54 - cluster_nmi_0_eval=0.642 - cluster_ari_0_eval=0.542 - cluster_acc_1_eval=67.55 - cluster_nmi_1_eval=0.642 - cluster_ari_1_eval=0.543 - cluster_acc_2_eval=67.58 - cluster_nmi_2_eval=0.642 - cluster_ari_2_eval=0.543 - cluster_acc_3_eval=67.57 - cluster_nmi_3_eval=0.642 - cluster_ari_3_eval=0.543 - cluster_acc_4_eval=67.58 - cluster_nmi_4_eval=0.642 - cluster_ari_4_eval=0.543 - max_cluster_acc_eval=67.58 - mean_cluster_acc_eval=67.56 - min_cluster_acc_eval=67.54 - max_cluster_nmi_eval=0.642 - mean_cluster_nmi_eval=0.642 - min_cluster_nmi_eval=0.642 - max_cluster_ari_eval=0.543 - mean_cluster_ari_eval=0.543 - min_cluster_ari_eval=0.542 - interclustering_nmi_eval=0.981
/scratch/e0538389/DivClust/engine/trainer.py:41: FutureWarning: `torch.cuda.amp.autocast(args...)` is deprecated. Please use `torch.amp.autocast('cuda', args...)` instead.
  with autocast(self.mixed_precision):
[2026-03-29 17:10:22](logger.py 179): id=CC_FMNIST_E100_DT_1_0 | Ep. 73/100 - Step 0/273 (0.0 it/s) |                    | - loss_cc=4.562 - loss_ce=2.11 - loss_ne=0.0123 - loss_div=0.0 - threshold=1.0 - loss=6.685
[2026-03-29 17:10:25](logger.py 179): id=CC_FMNIST_E100_DT_1_0 | Ep. 73/100 - Step 25/273 (8.19 it/s) |#                   | - loss_cc=4.581 - loss_ce=2.107 - loss_ne=0.015 - loss_div=0.0 - threshold=1.0 - loss=6.703
[2026-03-29 17:10:28](logger.py 179): id=CC_FMNIST_E100_DT_1_0 | Ep. 73/100 - Step 50/273 (8.25 it/s) |###                 | - loss_cc=4.58 - loss_ce=2.106 - loss_ne=0.0133 - loss_div=0.0 - threshold=1.0 - loss=6.7
[2026-03-29 17:10:31](logger.py 179): id=CC_FMNIST_E100_DT_1_0 | Ep. 73/100 - Step 75/273 (8.27 it/s) |#####               | - loss_cc=4.582 - loss_ce=2.107 - loss_ne=0.0139 - loss_div=0.0 - threshold=1.0 - loss=6.703
[2026-03-29 17:10:34](logger.py 179): id=CC_FMNIST_E100_DT_1_0 | Ep. 73/100 - Step 100/273 (8.23 it/s) |#######             | - loss_cc=4.58 - loss_ce=2.106 - loss_ne=0.0135 - loss_div=0.0 - threshold=1.0 - loss=6.699
[2026-03-29 17:10:37](logger.py 179): id=CC_FMNIST_E100_DT_1_0 | Ep. 73/100 - Step 125/273 (8.23 it/s) |#########           | - loss_cc=4.579 - loss_ce=2.106 - loss_ne=0.0132 - loss_div=0.0 - threshold=1.0 - loss=6.698
[2026-03-29 17:10:40](logger.py 179): id=CC_FMNIST_E100_DT_1_0 | Ep. 73/100 - Step 150/273 (8.24 it/s) |##########          | - loss_cc=4.578 - loss_ce=2.106 - loss_ne=0.0134 - loss_div=0.0 - threshold=1.0 - loss=6.697
[2026-03-29 17:10:43](logger.py 179): id=CC_FMNIST_E100_DT_1_0 | Ep. 73/100 - Step 175/273 (8.23 it/s) |############        | - loss_cc=4.578 - loss_ce=2.106 - loss_ne=0.0136 - loss_div=0.0 - threshold=1.0 - loss=6.697
[2026-03-29 17:10:46](logger.py 179): id=CC_FMNIST_E100_DT_1_0 | Ep. 73/100 - Step 200/273 (8.22 it/s) |##############      | - loss_cc=4.577 - loss_ce=2.106 - loss_ne=0.0136 - loss_div=0.0 - threshold=1.0 - loss=6.696
[2026-03-29 17:10:49](logger.py 179): id=CC_FMNIST_E100_DT_1_0 | Ep. 73/100 - Step 225/273 (8.21 it/s) |################    | - loss_cc=4.577 - loss_ce=2.106 - loss_ne=0.0136 - loss_div=0.0 - threshold=1.0 - loss=6.696
[2026-03-29 17:10:52](logger.py 179): id=CC_FMNIST_E100_DT_1_0 | Ep. 73/100 - Step 250/273 (8.22 it/s) |##################  | - loss_cc=4.576 - loss_ce=2.106 - loss_ne=0.0137 - loss_div=0.0 - threshold=1.0 - loss=6.696
[2026-03-29 17:10:55](logger.py 179): Evaluating
[2026-03-29 17:10:55](logger.py 179): Eval. step 0 of 274
[2026-03-29 17:10:56](logger.py 179): Eval. step 25 of 274
[2026-03-29 17:10:57](logger.py 179): Eval. step 50 of 274
[2026-03-29 17:10:57](logger.py 179): Eval. step 75 of 274
[2026-03-29 17:10:58](logger.py 179): Eval. step 100 of 274
[2026-03-29 17:10:59](logger.py 179): Eval. step 125 of 274
[2026-03-29 17:10:59](logger.py 179): Eval. step 150 of 274
[2026-03-29 17:11:00](logger.py 179): Eval. step 175 of 274
[2026-03-29 17:11:01](logger.py 179): Eval. step 200 of 274
[2026-03-29 17:11:01](logger.py 179): Eval. step 225 of 274
[2026-03-29 17:11:02](logger.py 179): Eval. step 250 of 274
[2026-03-29 17:11:03](logger.py 179): id=CC_FMNIST_E100_DT_1_0 | Ep. 73/100 | Time: 00:00 | loss_cc=4.576 - loss_ce=2.105 - loss_ne=0.0136 - loss_div=0.0 - threshold=1.0 - loss=6.694 - eval_confidence=0.902 - cluster_acc_0_eval=68.02 - cluster_nmi_0_eval=0.648 - cluster_ari_0_eval=0.55 - cluster_acc_1_eval=68.05 - cluster_nmi_1_eval=0.65 - cluster_ari_1_eval=0.551 - cluster_acc_2_eval=68.04 - cluster_nmi_2_eval=0.649 - cluster_ari_2_eval=0.551 - cluster_acc_3_eval=68.0 - cluster_nmi_3_eval=0.649 - cluster_ari_3_eval=0.55 - cluster_acc_4_eval=68.05 - cluster_nmi_4_eval=0.649 - cluster_ari_4_eval=0.551 - max_cluster_acc_eval=68.05 - mean_cluster_acc_eval=68.03 - min_cluster_acc_eval=68.0 - max_cluster_nmi_eval=0.65 - mean_cluster_nmi_eval=0.649 - min_cluster_nmi_eval=0.648 - max_cluster_ari_eval=0.551 - mean_cluster_ari_eval=0.55 - min_cluster_ari_eval=0.55 - interclustering_nmi_eval=0.981
/scratch/e0538389/DivClust/engine/trainer.py:41: FutureWarning: `torch.cuda.amp.autocast(args...)` is deprecated. Please use `torch.amp.autocast('cuda', args...)` instead.
  with autocast(self.mixed_precision):
[2026-03-29 17:11:03](logger.py 179): id=CC_FMNIST_E100_DT_1_0 | Ep. 74/100 - Step 0/273 (0.0 it/s) |                    | - loss_cc=4.575 - loss_ce=2.118 - loss_ne=0.0124 - loss_div=0.0 - threshold=1.0 - loss=6.706
[2026-03-29 17:11:06](logger.py 179): id=CC_FMNIST_E100_DT_1_0 | Ep. 74/100 - Step 25/273 (8.21 it/s) |#                   | - loss_cc=4.576 - loss_ce=2.105 - loss_ne=0.0116 - loss_div=0.0 - threshold=1.0 - loss=6.693
[2026-03-29 17:11:09](logger.py 179): id=CC_FMNIST_E100_DT_1_0 | Ep. 74/100 - Step 50/273 (8.24 it/s) |###                 | - loss_cc=4.574 - loss_ce=2.105 - loss_ne=0.0124 - loss_div=0.0 - threshold=1.0 - loss=6.691
[2026-03-29 17:11:13](logger.py 179): id=CC_FMNIST_E100_DT_1_0 | Ep. 74/100 - Step 75/273 (8.26 it/s) |#####               | - loss_cc=4.572 - loss_ce=2.104 - loss_ne=0.0131 - loss_div=0.0 - threshold=1.0 - loss=6.689
[2026-03-29 17:11:16](logger.py 179): id=CC_FMNIST_E100_DT_1_0 | Ep. 74/100 - Step 100/273 (8.25 it/s) |#######             | - loss_cc=4.574 - loss_ce=2.104 - loss_ne=0.0128 - loss_div=0.0 - threshold=1.0 - loss=6.691
[2026-03-29 17:11:19](logger.py 179): id=CC_FMNIST_E100_DT_1_0 | Ep. 74/100 - Step 125/273 (8.23 it/s) |#########           | - loss_cc=4.573 - loss_ce=2.104 - loss_ne=0.0129 - loss_div=0.0 - threshold=1.0 - loss=6.69
[2026-03-29 17:11:22](logger.py 179): id=CC_FMNIST_E100_DT_1_0 | Ep. 74/100 - Step 150/273 (8.22 it/s) |##########          | - loss_cc=4.576 - loss_ce=2.105 - loss_ne=0.0133 - loss_div=0.0 - threshold=1.0 - loss=6.694
[2026-03-29 17:11:25](logger.py 179): id=CC_FMNIST_E100_DT_1_0 | Ep. 74/100 - Step 175/273 (8.22 it/s) |############        | - loss_cc=4.576 - loss_ce=2.105 - loss_ne=0.0134 - loss_div=0.0 - threshold=1.0 - loss=6.694
[2026-03-29 17:11:28](logger.py 179): id=CC_FMNIST_E100_DT_1_0 | Ep. 74/100 - Step 200/273 (8.23 it/s) |##############      | - loss_cc=4.576 - loss_ce=2.105 - loss_ne=0.0135 - loss_div=0.0 - threshold=1.0 - loss=6.695
[2026-03-29 17:11:31](logger.py 179): id=CC_FMNIST_E100_DT_1_0 | Ep. 74/100 - Step 225/273 (8.23 it/s) |################    | - loss_cc=4.577 - loss_ce=2.106 - loss_ne=0.0134 - loss_div=0.0 - threshold=1.0 - loss=6.696
[2026-03-29 17:11:34](logger.py 179): id=CC_FMNIST_E100_DT_1_0 | Ep. 74/100 - Step 250/273 (8.23 it/s) |##################  | - loss_cc=4.577 - loss_ce=2.106 - loss_ne=0.0133 - loss_div=0.0 - threshold=1.0 - loss=6.696
[2026-03-29 17:11:36](logger.py 179): Evaluating
[2026-03-29 17:11:36](logger.py 179): Eval. step 0 of 274
[2026-03-29 17:11:37](logger.py 179): Eval. step 25 of 274
[2026-03-29 17:11:38](logger.py 179): Eval. step 50 of 274
[2026-03-29 17:11:39](logger.py 179): Eval. step 75 of 274
[2026-03-29 17:11:39](logger.py 179): Eval. step 100 of 274
[2026-03-29 17:11:40](logger.py 179): Eval. step 125 of 274
[2026-03-29 17:11:41](logger.py 179): Eval. step 150 of 274
[2026-03-29 17:11:41](logger.py 179): Eval. step 175 of 274
[2026-03-29 17:11:42](logger.py 179): Eval. step 200 of 274
[2026-03-29 17:11:43](logger.py 179): Eval. step 225 of 274
[2026-03-29 17:11:43](logger.py 179): Eval. step 250 of 274
[2026-03-29 17:11:44](logger.py 179): id=CC_FMNIST_E100_DT_1_0 | Ep. 74/100 | Time: 00:00 | loss_cc=4.577 - loss_ce=2.106 - loss_ne=0.0133 - loss_div=0.0 - threshold=1.0 - loss=6.696 - eval_confidence=0.91 - cluster_acc_0_eval=67.99 - cluster_nmi_0_eval=0.652 - cluster_ari_0_eval=0.55 - cluster_acc_1_eval=67.96 - cluster_nmi_1_eval=0.652 - cluster_ari_1_eval=0.549 - cluster_acc_2_eval=68.01 - cluster_nmi_2_eval=0.652 - cluster_ari_2_eval=0.55 - cluster_acc_3_eval=68.02 - cluster_nmi_3_eval=0.652 - cluster_ari_3_eval=0.55 - cluster_acc_4_eval=68.04 - cluster_nmi_4_eval=0.653 - cluster_ari_4_eval=0.551 - max_cluster_acc_eval=68.04 - mean_cluster_acc_eval=68.0 - min_cluster_acc_eval=67.96 - max_cluster_nmi_eval=0.653 - mean_cluster_nmi_eval=0.652 - min_cluster_nmi_eval=0.652 - max_cluster_ari_eval=0.551 - mean_cluster_ari_eval=0.55 - min_cluster_ari_eval=0.549 - interclustering_nmi_eval=0.982
/scratch/e0538389/DivClust/engine/trainer.py:41: FutureWarning: `torch.cuda.amp.autocast(args...)` is deprecated. Please use `torch.amp.autocast('cuda', args...)` instead.
  with autocast(self.mixed_precision):
[2026-03-29 17:11:45](logger.py 179): id=CC_FMNIST_E100_DT_1_0 | Ep. 75/100 - Step 0/273 (0.0 it/s) |                    | - loss_cc=4.572 - loss_ce=2.101 - loss_ne=0.00572 - loss_div=0.0 - threshold=1.0 - loss=6.679
[2026-03-29 17:11:48](logger.py 179): id=CC_FMNIST_E100_DT_1_0 | Ep. 75/100 - Step 25/273 (8.15 it/s) |#                   | - loss_cc=4.575 - loss_ce=2.104 - loss_ne=0.0122 - loss_div=0.0 - threshold=1.0 - loss=6.691
[2026-03-29 17:11:51](logger.py 179): id=CC_FMNIST_E100_DT_1_0 | Ep. 75/100 - Step 50/273 (8.21 it/s) |###                 | - loss_cc=4.575 - loss_ce=2.104 - loss_ne=0.0119 - loss_div=0.0 - threshold=1.0 - loss=6.691
[2026-03-29 17:11:54](logger.py 179): id=CC_FMNIST_E100_DT_1_0 | Ep. 75/100 - Step 75/273 (8.18 it/s) |#####               | - loss_cc=4.574 - loss_ce=2.105 - loss_ne=0.0123 - loss_div=0.0 - threshold=1.0 - loss=6.692
[2026-03-29 17:11:57](logger.py 179): id=CC_FMNIST_E100_DT_1_0 | Ep. 75/100 - Step 100/273 (8.19 it/s) |#######             | - loss_cc=4.575 - loss_ce=2.105 - loss_ne=0.0124 - loss_div=0.0 - threshold=1.0 - loss=6.693
[2026-03-29 17:12:00](logger.py 179): id=CC_FMNIST_E100_DT_1_0 | Ep. 75/100 - Step 125/273 (8.19 it/s) |#########           | - loss_cc=4.573 - loss_ce=2.105 - loss_ne=0.0128 - loss_div=0.0 - threshold=1.0 - loss=6.691
[2026-03-29 17:12:03](logger.py 179): id=CC_FMNIST_E100_DT_1_0 | Ep. 75/100 - Step 150/273 (8.22 it/s) |##########          | - loss_cc=4.573 - loss_ce=2.105 - loss_ne=0.0126 - loss_div=0.0 - threshold=1.0 - loss=6.691
[2026-03-29 17:12:06](logger.py 179): id=CC_FMNIST_E100_DT_1_0 | Ep. 75/100 - Step 175/273 (8.23 it/s) |############        | - loss_cc=4.573 - loss_ce=2.105 - loss_ne=0.0125 - loss_div=0.0 - threshold=1.0 - loss=6.691
[2026-03-29 17:12:09](logger.py 179): id=CC_FMNIST_E100_DT_1_0 | Ep. 75/100 - Step 200/273 (8.23 it/s) |##############      | - loss_cc=4.573 - loss_ce=2.105 - loss_ne=0.0127 - loss_div=0.0 - threshold=1.0 - loss=6.691
[2026-03-29 17:12:12](logger.py 179): id=CC_FMNIST_E100_DT_1_0 | Ep. 75/100 - Step 225/273 (8.24 it/s) |################    | - loss_cc=4.574 - loss_ce=2.106 - loss_ne=0.0128 - loss_div=0.0 - threshold=1.0 - loss=6.692
[2026-03-29 17:12:15](logger.py 179): id=CC_FMNIST_E100_DT_1_0 | Ep. 75/100 - Step 250/273 (8.25 it/s) |##################  | - loss_cc=4.574 - loss_ce=2.105 - loss_ne=0.0128 - loss_div=0.0 - threshold=1.0 - loss=6.692
[2026-03-29 17:12:18](logger.py 179): Evaluating
[2026-03-29 17:12:18](logger.py 179): Eval. step 0 of 274
[2026-03-29 17:12:18](logger.py 179): Eval. step 25 of 274
[2026-03-29 17:12:19](logger.py 179): Eval. step 50 of 274
[2026-03-29 17:12:20](logger.py 179): Eval. step 75 of 274
[2026-03-29 17:12:20](logger.py 179): Eval. step 100 of 274
[2026-03-29 17:12:21](logger.py 179): Eval. step 125 of 274
[2026-03-29 17:12:22](logger.py 179): Eval. step 150 of 274
[2026-03-29 17:12:23](logger.py 179): Eval. step 175 of 274
[2026-03-29 17:12:23](logger.py 179): Eval. step 200 of 274
[2026-03-29 17:12:24](logger.py 179): Eval. step 225 of 274
[2026-03-29 17:12:25](logger.py 179): Eval. step 250 of 274
[2026-03-29 17:12:26](logger.py 179): id=CC_FMNIST_E100_DT_1_0 | Ep. 75/100 | Time: 00:00 | loss_cc=4.574 - loss_ce=2.105 - loss_ne=0.0129 - loss_div=0.0 - threshold=1.0 - loss=6.692 - eval_confidence=0.907 - cluster_acc_0_eval=67.17 - cluster_nmi_0_eval=0.648 - cluster_ari_0_eval=0.545 - cluster_acc_1_eval=67.09 - cluster_nmi_1_eval=0.647 - cluster_ari_1_eval=0.544 - cluster_acc_2_eval=67.14 - cluster_nmi_2_eval=0.647 - cluster_ari_2_eval=0.544 - cluster_acc_3_eval=67.15 - cluster_nmi_3_eval=0.647 - cluster_ari_3_eval=0.545 - cluster_acc_4_eval=67.23 - cluster_nmi_4_eval=0.648 - cluster_ari_4_eval=0.545 - max_cluster_acc_eval=67.23 - mean_cluster_acc_eval=67.16 - min_cluster_acc_eval=67.09 - max_cluster_nmi_eval=0.648 - mean_cluster_nmi_eval=0.648 - min_cluster_nmi_eval=0.647 - max_cluster_ari_eval=0.545 - mean_cluster_ari_eval=0.545 - min_cluster_ari_eval=0.544 - interclustering_nmi_eval=0.982
/scratch/e0538389/DivClust/engine/trainer.py:41: FutureWarning: `torch.cuda.amp.autocast(args...)` is deprecated. Please use `torch.amp.autocast('cuda', args...)` instead.
  with autocast(self.mixed_precision):
[2026-03-29 17:12:26](logger.py 179): id=CC_FMNIST_E100_DT_1_0 | Ep. 76/100 - Step 0/273 (0.0 it/s) |                    | - loss_cc=4.621 - loss_ce=2.131 - loss_ne=0.013 - loss_div=0.0 - threshold=1.0 - loss=6.765
[2026-03-29 17:12:29](logger.py 179): id=CC_FMNIST_E100_DT_1_0 | Ep. 76/100 - Step 25/273 (8.1 it/s) |#                   | - loss_cc=4.576 - loss_ce=2.107 - loss_ne=0.0126 - loss_div=0.0 - threshold=1.0 - loss=6.695
[2026-03-29 17:12:32](logger.py 179): id=CC_FMNIST_E100_DT_1_0 | Ep. 76/100 - Step 50/273 (8.16 it/s) |###                 | - loss_cc=4.572 - loss_ce=2.105 - loss_ne=0.0131 - loss_div=0.0 - threshold=1.0 - loss=6.69
[2026-03-29 17:12:35](logger.py 179): id=CC_FMNIST_E100_DT_1_0 | Ep. 76/100 - Step 75/273 (8.2 it/s) |#####               | - loss_cc=4.575 - loss_ce=2.107 - loss_ne=0.013 - loss_div=0.0 - threshold=1.0 - loss=6.694
[2026-03-29 17:12:38](logger.py 179): id=CC_FMNIST_E100_DT_1_0 | Ep. 76/100 - Step 100/273 (8.21 it/s) |#######             | - loss_cc=4.573 - loss_ce=2.106 - loss_ne=0.0129 - loss_div=0.0 - threshold=1.0 - loss=6.692
[2026-03-29 17:12:41](logger.py 179): id=CC_FMNIST_E100_DT_1_0 | Ep. 76/100 - Step 125/273 (8.2 it/s) |#########           | - loss_cc=4.571 - loss_ce=2.105 - loss_ne=0.0126 - loss_div=0.0 - threshold=1.0 - loss=6.688
[2026-03-29 17:12:44](logger.py 179): id=CC_FMNIST_E100_DT_1_0 | Ep. 76/100 - Step 150/273 (8.21 it/s) |##########          | - loss_cc=4.573 - loss_ce=2.105 - loss_ne=0.0127 - loss_div=0.0 - threshold=1.0 - loss=6.69
[2026-03-29 17:12:47](logger.py 179): id=CC_FMNIST_E100_DT_1_0 | Ep. 76/100 - Step 175/273 (8.22 it/s) |############        | - loss_cc=4.572 - loss_ce=2.105 - loss_ne=0.0127 - loss_div=0.0 - threshold=1.0 - loss=6.69
[2026-03-29 17:12:50](logger.py 179): id=CC_FMNIST_E100_DT_1_0 | Ep. 76/100 - Step 200/273 (8.22 it/s) |##############      | - loss_cc=4.573 - loss_ce=2.105 - loss_ne=0.0128 - loss_div=0.0 - threshold=1.0 - loss=6.691
[2026-03-29 17:12:53](logger.py 179): id=CC_FMNIST_E100_DT_1_0 | Ep. 76/100 - Step 225/273 (8.22 it/s) |################    | - loss_cc=4.573 - loss_ce=2.105 - loss_ne=0.013 - loss_div=0.0 - threshold=1.0 - loss=6.692
[2026-03-29 17:12:56](logger.py 179): id=CC_FMNIST_E100_DT_1_0 | Ep. 76/100 - Step 250/273 (8.23 it/s) |##################  | - loss_cc=4.574 - loss_ce=2.105 - loss_ne=0.0131 - loss_div=0.0 - threshold=1.0 - loss=6.692
[2026-03-29 17:12:59](logger.py 179): Evaluating
[2026-03-29 17:12:59](logger.py 179): Eval. step 0 of 274
[2026-03-29 17:13:00](logger.py 179): Eval. step 25 of 274
[2026-03-29 17:13:01](logger.py 179): Eval. step 50 of 274
[2026-03-29 17:13:01](logger.py 179): Eval. step 75 of 274
[2026-03-29 17:13:02](logger.py 179): Eval. step 100 of 274
[2026-03-29 17:13:03](logger.py 179): Eval. step 125 of 274
[2026-03-29 17:13:03](logger.py 179): Eval. step 150 of 274
[2026-03-29 17:13:04](logger.py 179): Eval. step 175 of 274
[2026-03-29 17:13:05](logger.py 179): Eval. step 200 of 274
[2026-03-29 17:13:05](logger.py 179): Eval. step 225 of 274
[2026-03-29 17:13:06](logger.py 179): Eval. step 250 of 274
[2026-03-29 17:13:07](logger.py 179): id=CC_FMNIST_E100_DT_1_0 | Ep. 76/100 | Time: 00:00 | loss_cc=4.574 - loss_ce=2.105 - loss_ne=0.0131 - loss_div=0.0 - threshold=1.0 - loss=6.692 - eval_confidence=0.903 - cluster_acc_0_eval=68.1 - cluster_nmi_0_eval=0.656 - cluster_ari_0_eval=0.558 - cluster_acc_1_eval=68.13 - cluster_nmi_1_eval=0.656 - cluster_ari_1_eval=0.558 - cluster_acc_2_eval=68.18 - cluster_nmi_2_eval=0.657 - cluster_ari_2_eval=0.559 - cluster_acc_3_eval=68.14 - cluster_nmi_3_eval=0.657 - cluster_ari_3_eval=0.558 - cluster_acc_4_eval=68.2 - cluster_nmi_4_eval=0.656 - cluster_ari_4_eval=0.558 - max_cluster_acc_eval=68.2 - mean_cluster_acc_eval=68.15 - min_cluster_acc_eval=68.1 - max_cluster_nmi_eval=0.657 - mean_cluster_nmi_eval=0.656 - min_cluster_nmi_eval=0.656 - max_cluster_ari_eval=0.559 - mean_cluster_ari_eval=0.558 - min_cluster_ari_eval=0.558 - interclustering_nmi_eval=0.981
/scratch/e0538389/DivClust/engine/trainer.py:41: FutureWarning: `torch.cuda.amp.autocast(args...)` is deprecated. Please use `torch.amp.autocast('cuda', args...)` instead.
  with autocast(self.mixed_precision):
[2026-03-29 17:13:07](logger.py 179): id=CC_FMNIST_E100_DT_1_0 | Ep. 77/100 - Step 0/273 (0.0 it/s) |                    | - loss_cc=4.586 - loss_ce=2.103 - loss_ne=0.0128 - loss_div=0.0 - threshold=1.0 - loss=6.702
[2026-03-29 17:13:11](logger.py 179): id=CC_FMNIST_E100_DT_1_0 | Ep. 77/100 - Step 25/273 (8.16 it/s) |#                   | - loss_cc=4.581 - loss_ce=2.106 - loss_ne=0.0144 - loss_div=0.0 - threshold=1.0 - loss=6.701
[2026-03-29 17:13:14](logger.py 179): id=CC_FMNIST_E100_DT_1_0 | Ep. 77/100 - Step 50/273 (8.16 it/s) |###                 | - loss_cc=4.577 - loss_ce=2.105 - loss_ne=0.0139 - loss_div=0.0 - threshold=1.0 - loss=6.696
[2026-03-29 17:13:17](logger.py 179): id=CC_FMNIST_E100_DT_1_0 | Ep. 77/100 - Step 75/273 (8.18 it/s) |#####               | - loss_cc=4.574 - loss_ce=2.105 - loss_ne=0.0135 - loss_div=0.0 - threshold=1.0 - loss=6.692
[2026-03-29 17:13:20](logger.py 179): id=CC_FMNIST_E100_DT_1_0 | Ep. 77/100 - Step 100/273 (8.2 it/s) |#######             | - loss_cc=4.573 - loss_ce=2.105 - loss_ne=0.0134 - loss_div=0.0 - threshold=1.0 - loss=6.691
[2026-03-29 17:13:23](logger.py 179): id=CC_FMNIST_E100_DT_1_0 | Ep. 77/100 - Step 125/273 (8.2 it/s) |#########           | - loss_cc=4.574 - loss_ce=2.105 - loss_ne=0.0129 - loss_div=0.0 - threshold=1.0 - loss=6.692
[2026-03-29 17:13:26](logger.py 179): id=CC_FMNIST_E100_DT_1_0 | Ep. 77/100 - Step 150/273 (8.22 it/s) |##########          | - loss_cc=4.574 - loss_ce=2.105 - loss_ne=0.013 - loss_div=0.0 - threshold=1.0 - loss=6.692
[2026-03-29 17:13:29](logger.py 179): id=CC_FMNIST_E100_DT_1_0 | Ep. 77/100 - Step 175/273 (8.24 it/s) |############        | - loss_cc=4.573 - loss_ce=2.105 - loss_ne=0.0131 - loss_div=0.0 - threshold=1.0 - loss=6.692
[2026-03-29 17:13:32](logger.py 179): id=CC_FMNIST_E100_DT_1_0 | Ep. 77/100 - Step 200/273 (8.24 it/s) |##############      | - loss_cc=4.574 - loss_ce=2.105 - loss_ne=0.0133 - loss_div=0.0 - threshold=1.0 - loss=6.693
[2026-03-29 17:13:35](logger.py 179): id=CC_FMNIST_E100_DT_1_0 | Ep. 77/100 - Step 225/273 (8.25 it/s) |################    | - loss_cc=4.574 - loss_ce=2.105 - loss_ne=0.0133 - loss_div=0.0 - threshold=1.0 - loss=6.693
[2026-03-29 17:13:38](logger.py 179): id=CC_FMNIST_E100_DT_1_0 | Ep. 77/100 - Step 250/273 (8.25 it/s) |##################  | - loss_cc=4.574 - loss_ce=2.105 - loss_ne=0.0133 - loss_div=0.0 - threshold=1.0 - loss=6.693
[2026-03-29 17:13:40](logger.py 179): Evaluating
[2026-03-29 17:13:40](logger.py 179): Eval. step 0 of 274
[2026-03-29 17:13:41](logger.py 179): Eval. step 25 of 274
[2026-03-29 17:13:42](logger.py 179): Eval. step 50 of 274
[2026-03-29 17:13:43](logger.py 179): Eval. step 75 of 274
[2026-03-29 17:13:43](logger.py 179): Eval. step 100 of 274
[2026-03-29 17:13:44](logger.py 179): Eval. step 125 of 274
[2026-03-29 17:13:45](logger.py 179): Eval. step 150 of 274
[2026-03-29 17:13:45](logger.py 179): Eval. step 175 of 274
[2026-03-29 17:13:46](logger.py 179): Eval. step 200 of 274
[2026-03-29 17:13:47](logger.py 179): Eval. step 225 of 274
[2026-03-29 17:13:47](logger.py 179): Eval. step 250 of 274
[2026-03-29 17:13:48](logger.py 179): id=CC_FMNIST_E100_DT_1_0 | Ep. 77/100 | Time: 00:00 | loss_cc=4.574 - loss_ce=2.105 - loss_ne=0.0132 - loss_div=0.0 - threshold=1.0 - loss=6.693 - eval_confidence=0.905 - cluster_acc_0_eval=68.45 - cluster_nmi_0_eval=0.656 - cluster_ari_0_eval=0.559 - cluster_acc_1_eval=68.41 - cluster_nmi_1_eval=0.656 - cluster_ari_1_eval=0.559 - cluster_acc_2_eval=68.47 - cluster_nmi_2_eval=0.657 - cluster_ari_2_eval=0.56 - cluster_acc_3_eval=68.47 - cluster_nmi_3_eval=0.656 - cluster_ari_3_eval=0.559 - cluster_acc_4_eval=68.48 - cluster_nmi_4_eval=0.657 - cluster_ari_4_eval=0.56 - max_cluster_acc_eval=68.48 - mean_cluster_acc_eval=68.46 - min_cluster_acc_eval=68.41 - max_cluster_nmi_eval=0.657 - mean_cluster_nmi_eval=0.656 - min_cluster_nmi_eval=0.656 - max_cluster_ari_eval=0.56 - mean_cluster_ari_eval=0.56 - min_cluster_ari_eval=0.559 - interclustering_nmi_eval=0.982
/scratch/e0538389/DivClust/engine/trainer.py:41: FutureWarning: `torch.cuda.amp.autocast(args...)` is deprecated. Please use `torch.amp.autocast('cuda', args...)` instead.
  with autocast(self.mixed_precision):
[2026-03-29 17:13:49](logger.py 179): id=CC_FMNIST_E100_DT_1_0 | Ep. 78/100 - Step 0/273 (0.0 it/s) |                    | - loss_cc=4.577 - loss_ce=2.099 - loss_ne=0.00877 - loss_div=0.0 - threshold=1.0 - loss=6.685
[2026-03-29 17:13:52](logger.py 179): id=CC_FMNIST_E100_DT_1_0 | Ep. 78/100 - Step 25/273 (8.06 it/s) |#                   | - loss_cc=4.575 - loss_ce=2.105 - loss_ne=0.0105 - loss_div=0.0 - threshold=1.0 - loss=6.69
[2026-03-29 17:13:55](logger.py 179): id=CC_FMNIST_E100_DT_1_0 | Ep. 78/100 - Step 50/273 (8.13 it/s) |###                 | - loss_cc=4.573 - loss_ce=2.105 - loss_ne=0.0115 - loss_div=0.0 - threshold=1.0 - loss=6.689
[2026-03-29 17:13:58](logger.py 179): id=CC_FMNIST_E100_DT_1_0 | Ep. 78/100 - Step 75/273 (8.18 it/s) |#####               | - loss_cc=4.569 - loss_ce=2.104 - loss_ne=0.0119 - loss_div=0.0 - threshold=1.0 - loss=6.685
[2026-03-29 17:14:01](logger.py 179): id=CC_FMNIST_E100_DT_1_0 | Ep. 78/100 - Step 100/273 (8.2 it/s) |#######             | - loss_cc=4.57 - loss_ce=2.104 - loss_ne=0.012 - loss_div=0.0 - threshold=1.0 - loss=6.686
[2026-03-29 17:14:04](logger.py 179): id=CC_FMNIST_E100_DT_1_0 | Ep. 78/100 - Step 125/273 (8.22 it/s) |#########           | - loss_cc=4.571 - loss_ce=2.104 - loss_ne=0.0123 - loss_div=0.0 - threshold=1.0 - loss=6.687
[2026-03-29 17:14:07](logger.py 179): id=CC_FMNIST_E100_DT_1_0 | Ep. 78/100 - Step 150/273 (8.22 it/s) |##########          | - loss_cc=4.571 - loss_ce=2.104 - loss_ne=0.0122 - loss_div=0.0 - threshold=1.0 - loss=6.687
[2026-03-29 17:14:10](logger.py 179): id=CC_FMNIST_E100_DT_1_0 | Ep. 78/100 - Step 175/273 (8.23 it/s) |############        | - loss_cc=4.571 - loss_ce=2.105 - loss_ne=0.0125 - loss_div=0.0 - threshold=1.0 - loss=6.688
[2026-03-29 17:14:13](logger.py 179): id=CC_FMNIST_E100_DT_1_0 | Ep. 78/100 - Step 200/273 (8.23 it/s) |##############      | - loss_cc=4.57 - loss_ce=2.105 - loss_ne=0.0123 - loss_div=0.0 - threshold=1.0 - loss=6.688
[2026-03-29 17:14:16](logger.py 179): id=CC_FMNIST_E100_DT_1_0 | Ep. 78/100 - Step 225/273 (8.23 it/s) |################    | - loss_cc=4.57 - loss_ce=2.105 - loss_ne=0.0125 - loss_div=0.0 - threshold=1.0 - loss=6.688
[2026-03-29 17:14:19](logger.py 179): id=CC_FMNIST_E100_DT_1_0 | Ep. 78/100 - Step 250/273 (8.23 it/s) |##################  | - loss_cc=4.571 - loss_ce=2.105 - loss_ne=0.0126 - loss_div=0.0 - threshold=1.0 - loss=6.689
[2026-03-29 17:14:22](logger.py 179): Evaluating
[2026-03-29 17:14:22](logger.py 179): Eval. step 0 of 274
[2026-03-29 17:14:23](logger.py 179): Eval. step 25 of 274
[2026-03-29 17:14:23](logger.py 179): Eval. step 50 of 274
[2026-03-29 17:14:24](logger.py 179): Eval. step 75 of 274
[2026-03-29 17:14:25](logger.py 179): Eval. step 100 of 274
[2026-03-29 17:14:25](logger.py 179): Eval. step 125 of 274
[2026-03-29 17:14:26](logger.py 179): Eval. step 150 of 274
[2026-03-29 17:14:27](logger.py 179): Eval. step 175 of 274
[2026-03-29 17:14:27](logger.py 179): Eval. step 200 of 274
[2026-03-29 17:14:28](logger.py 179): Eval. step 225 of 274
[2026-03-29 17:14:29](logger.py 179): Eval. step 250 of 274
[2026-03-29 17:14:30](logger.py 179): id=CC_FMNIST_E100_DT_1_0 | Ep. 78/100 | Time: 00:00 | loss_cc=4.571 - loss_ce=2.105 - loss_ne=0.0125 - loss_div=0.0 - threshold=1.0 - loss=6.689 - eval_confidence=0.909 - cluster_acc_0_eval=67.91 - cluster_nmi_0_eval=0.653 - cluster_ari_0_eval=0.552 - cluster_acc_1_eval=67.91 - cluster_nmi_1_eval=0.653 - cluster_ari_1_eval=0.552 - cluster_acc_2_eval=67.88 - cluster_nmi_2_eval=0.652 - cluster_ari_2_eval=0.552 - cluster_acc_3_eval=67.9 - cluster_nmi_3_eval=0.653 - cluster_ari_3_eval=0.552 - cluster_acc_4_eval=68.02 - cluster_nmi_4_eval=0.653 - cluster_ari_4_eval=0.553 - max_cluster_acc_eval=68.02 - mean_cluster_acc_eval=67.92 - min_cluster_acc_eval=67.88 - max_cluster_nmi_eval=0.653 - mean_cluster_nmi_eval=0.653 - min_cluster_nmi_eval=0.652 - max_cluster_ari_eval=0.553 - mean_cluster_ari_eval=0.552 - min_cluster_ari_eval=0.552 - interclustering_nmi_eval=0.983
/scratch/e0538389/DivClust/engine/trainer.py:41: FutureWarning: `torch.cuda.amp.autocast(args...)` is deprecated. Please use `torch.amp.autocast('cuda', args...)` instead.
  with autocast(self.mixed_precision):
[2026-03-29 17:14:30](logger.py 179): id=CC_FMNIST_E100_DT_1_0 | Ep. 79/100 - Step 0/273 (0.0 it/s) |                    | - loss_cc=4.6 - loss_ce=2.113 - loss_ne=0.0152 - loss_div=0.0 - threshold=1.0 - loss=6.728
[2026-03-29 17:14:33](logger.py 179): id=CC_FMNIST_E100_DT_1_0 | Ep. 79/100 - Step 25/273 (8.2 it/s) |#                   | - loss_cc=4.579 - loss_ce=2.106 - loss_ne=0.0118 - loss_div=0.0 - threshold=1.0 - loss=6.697
[2026-03-29 17:14:36](logger.py 179): id=CC_FMNIST_E100_DT_1_0 | Ep. 79/100 - Step 50/273 (8.25 it/s) |###                 | - loss_cc=4.576 - loss_ce=2.105 - loss_ne=0.0124 - loss_div=0.0 - threshold=1.0 - loss=6.693
[2026-03-29 17:14:39](logger.py 179): id=CC_FMNIST_E100_DT_1_0 | Ep. 79/100 - Step 75/273 (8.27 it/s) |#####               | - loss_cc=4.577 - loss_ce=2.106 - loss_ne=0.0128 - loss_div=0.0 - threshold=1.0 - loss=6.696
[2026-03-29 17:14:42](logger.py 179): id=CC_FMNIST_E100_DT_1_0 | Ep. 79/100 - Step 100/273 (8.26 it/s) |#######             | - loss_cc=4.575 - loss_ce=2.105 - loss_ne=0.0124 - loss_div=0.0 - threshold=1.0 - loss=6.693
[2026-03-29 17:14:45](logger.py 179): id=CC_FMNIST_E100_DT_1_0 | Ep. 79/100 - Step 125/273 (8.26 it/s) |#########           | - loss_cc=4.574 - loss_ce=2.105 - loss_ne=0.0127 - loss_div=0.0 - threshold=1.0 - loss=6.691
[2026-03-29 17:14:48](logger.py 179): id=CC_FMNIST_E100_DT_1_0 | Ep. 79/100 - Step 150/273 (8.27 it/s) |##########          | - loss_cc=4.573 - loss_ce=2.105 - loss_ne=0.0132 - loss_div=0.0 - threshold=1.0 - loss=6.69
[2026-03-29 17:14:51](logger.py 179): id=CC_FMNIST_E100_DT_1_0 | Ep. 79/100 - Step 175/273 (8.27 it/s) |############        | - loss_cc=4.573 - loss_ce=2.105 - loss_ne=0.0131 - loss_div=0.0 - threshold=1.0 - loss=6.691
[2026-03-29 17:14:54](logger.py 179): id=CC_FMNIST_E100_DT_1_0 | Ep. 79/100 - Step 200/273 (8.28 it/s) |##############      | - loss_cc=4.573 - loss_ce=2.105 - loss_ne=0.013 - loss_div=0.0 - threshold=1.0 - loss=6.691
[2026-03-29 17:14:57](logger.py 179): id=CC_FMNIST_E100_DT_1_0 | Ep. 79/100 - Step 225/273 (8.28 it/s) |################    | - loss_cc=4.573 - loss_ce=2.105 - loss_ne=0.013 - loss_div=0.0 - threshold=1.0 - loss=6.691
[2026-03-29 17:15:00](logger.py 179): id=CC_FMNIST_E100_DT_1_0 | Ep. 79/100 - Step 250/273 (8.27 it/s) |##################  | - loss_cc=4.572 - loss_ce=2.105 - loss_ne=0.0131 - loss_div=0.0 - threshold=1.0 - loss=6.69
[2026-03-29 17:15:03](logger.py 179): Evaluating
[2026-03-29 17:15:03](logger.py 179): Eval. step 0 of 274
[2026-03-29 17:15:04](logger.py 179): Eval. step 25 of 274
[2026-03-29 17:15:04](logger.py 179): Eval. step 50 of 274
[2026-03-29 17:15:05](logger.py 179): Eval. step 75 of 274
[2026-03-29 17:15:06](logger.py 179): Eval. step 100 of 274
[2026-03-29 17:15:06](logger.py 179): Eval. step 125 of 274
[2026-03-29 17:15:07](logger.py 179): Eval. step 150 of 274
[2026-03-29 17:15:08](logger.py 179): Eval. step 175 of 274
[2026-03-29 17:15:09](logger.py 179): Eval. step 200 of 274
[2026-03-29 17:15:09](logger.py 179): Eval. step 225 of 274
[2026-03-29 17:15:10](logger.py 179): Eval. step 250 of 274
[2026-03-29 17:15:11](logger.py 179): id=CC_FMNIST_E100_DT_1_0 | Ep. 79/100 | Time: 00:00 | loss_cc=4.572 - loss_ce=2.105 - loss_ne=0.0131 - loss_div=0.0 - threshold=1.0 - loss=6.69 - eval_confidence=0.911 - cluster_acc_0_eval=68.17 - cluster_nmi_0_eval=0.652 - cluster_ari_0_eval=0.551 - cluster_acc_1_eval=68.14 - cluster_nmi_1_eval=0.651 - cluster_ari_1_eval=0.551 - cluster_acc_2_eval=68.14 - cluster_nmi_2_eval=0.651 - cluster_ari_2_eval=0.55 - cluster_acc_3_eval=68.13 - cluster_nmi_3_eval=0.651 - cluster_ari_3_eval=0.55 - cluster_acc_4_eval=68.14 - cluster_nmi_4_eval=0.651 - cluster_ari_4_eval=0.55 - max_cluster_acc_eval=68.17 - mean_cluster_acc_eval=68.14 - min_cluster_acc_eval=68.13 - max_cluster_nmi_eval=0.652 - mean_cluster_nmi_eval=0.651 - min_cluster_nmi_eval=0.651 - max_cluster_ari_eval=0.551 - mean_cluster_ari_eval=0.55 - min_cluster_ari_eval=0.55 - interclustering_nmi_eval=0.984
/scratch/e0538389/DivClust/engine/trainer.py:41: FutureWarning: `torch.cuda.amp.autocast(args...)` is deprecated. Please use `torch.amp.autocast('cuda', args...)` instead.
  with autocast(self.mixed_precision):
[2026-03-29 17:15:11](logger.py 179): id=CC_FMNIST_E100_DT_1_0 | Ep. 80/100 - Step 0/273 (0.0 it/s) |                    | - loss_cc=4.581 - loss_ce=2.108 - loss_ne=0.00797 - loss_div=0.0 - threshold=1.0 - loss=6.696
[2026-03-29 17:15:14](logger.py 179): id=CC_FMNIST_E100_DT_1_0 | Ep. 80/100 - Step 25/273 (8.16 it/s) |#                   | - loss_cc=4.572 - loss_ce=2.107 - loss_ne=0.0119 - loss_div=0.0 - threshold=1.0 - loss=6.691
[2026-03-29 17:15:17](logger.py 179): id=CC_FMNIST_E100_DT_1_0 | Ep. 80/100 - Step 50/273 (8.22 it/s) |###                 | - loss_cc=4.571 - loss_ce=2.106 - loss_ne=0.0122 - loss_div=0.0 - threshold=1.0 - loss=6.69
[2026-03-29 17:15:20](logger.py 179): id=CC_FMNIST_E100_DT_1_0 | Ep. 80/100 - Step 75/273 (8.25 it/s) |#####               | - loss_cc=4.572 - loss_ce=2.107 - loss_ne=0.0122 - loss_div=0.0 - threshold=1.0 - loss=6.691
[2026-03-29 17:15:24](logger.py 179): id=CC_FMNIST_E100_DT_1_0 | Ep. 80/100 - Step 100/273 (8.25 it/s) |#######             | - loss_cc=4.571 - loss_ce=2.106 - loss_ne=0.0126 - loss_div=0.0 - threshold=1.0 - loss=6.69
[2026-03-29 17:15:27](logger.py 179): id=CC_FMNIST_E100_DT_1_0 | Ep. 80/100 - Step 125/273 (8.27 it/s) |#########           | - loss_cc=4.572 - loss_ce=2.106 - loss_ne=0.0127 - loss_div=0.0 - threshold=1.0 - loss=6.69
[2026-03-29 17:15:30](logger.py 179): id=CC_FMNIST_E100_DT_1_0 | Ep. 80/100 - Step 150/273 (8.28 it/s) |##########          | - loss_cc=4.572 - loss_ce=2.106 - loss_ne=0.0126 - loss_div=0.0 - threshold=1.0 - loss=6.691
[2026-03-29 17:15:32](logger.py 179): id=CC_FMNIST_E100_DT_1_0 | Ep. 80/100 - Step 175/273 (8.29 it/s) |############        | - loss_cc=4.572 - loss_ce=2.105 - loss_ne=0.0131 - loss_div=0.0 - threshold=1.0 - loss=6.69
[2026-03-29 17:15:36](logger.py 179): id=CC_FMNIST_E100_DT_1_0 | Ep. 80/100 - Step 200/273 (8.29 it/s) |##############      | - loss_cc=4.572 - loss_ce=2.105 - loss_ne=0.013 - loss_div=0.0 - threshold=1.0 - loss=6.69
[2026-03-29 17:15:39](logger.py 179): id=CC_FMNIST_E100_DT_1_0 | Ep. 80/100 - Step 225/273 (8.3 it/s) |################    | - loss_cc=4.572 - loss_ce=2.105 - loss_ne=0.0129 - loss_div=0.0 - threshold=1.0 - loss=6.69
[2026-03-29 17:15:42](logger.py 179): id=CC_FMNIST_E100_DT_1_0 | Ep. 80/100 - Step 250/273 (8.3 it/s) |##################  | - loss_cc=4.571 - loss_ce=2.105 - loss_ne=0.0126 - loss_div=0.0 - threshold=1.0 - loss=6.689
[2026-03-29 17:15:44](logger.py 179): Evaluating
[2026-03-29 17:15:44](logger.py 179): Eval. step 0 of 274
[2026-03-29 17:15:45](logger.py 179): Eval. step 25 of 274
[2026-03-29 17:15:46](logger.py 179): Eval. step 50 of 274
[2026-03-29 17:15:46](logger.py 179): Eval. step 75 of 274
[2026-03-29 17:15:47](logger.py 179): Eval. step 100 of 274
[2026-03-29 17:15:48](logger.py 179): Eval. step 125 of 274
[2026-03-29 17:15:48](logger.py 179): Eval. step 150 of 274
[2026-03-29 17:15:49](logger.py 179): Eval. step 175 of 274
[2026-03-29 17:15:50](logger.py 179): Eval. step 200 of 274
[2026-03-29 17:15:50](logger.py 179): Eval. step 225 of 274
[2026-03-29 17:15:51](logger.py 179): Eval. step 250 of 274
[2026-03-29 17:15:52](logger.py 179): id=CC_FMNIST_E100_DT_1_0 | Ep. 80/100 | Time: 00:00 | loss_cc=4.571 - loss_ce=2.105 - loss_ne=0.0127 - loss_div=0.0 - threshold=1.0 - loss=6.689 - eval_confidence=0.905 - cluster_acc_0_eval=68.33 - cluster_nmi_0_eval=0.653 - cluster_ari_0_eval=0.555 - cluster_acc_1_eval=68.35 - cluster_nmi_1_eval=0.654 - cluster_ari_1_eval=0.555 - cluster_acc_2_eval=68.33 - cluster_nmi_2_eval=0.654 - cluster_ari_2_eval=0.555 - cluster_acc_3_eval=68.29 - cluster_nmi_3_eval=0.653 - cluster_ari_3_eval=0.555 - cluster_acc_4_eval=68.33 - cluster_nmi_4_eval=0.654 - cluster_ari_4_eval=0.555 - max_cluster_acc_eval=68.35 - mean_cluster_acc_eval=68.32 - min_cluster_acc_eval=68.29 - max_cluster_nmi_eval=0.654 - mean_cluster_nmi_eval=0.654 - min_cluster_nmi_eval=0.653 - max_cluster_ari_eval=0.555 - mean_cluster_ari_eval=0.555 - min_cluster_ari_eval=0.555 - interclustering_nmi_eval=0.982
/scratch/e0538389/DivClust/engine/trainer.py:41: FutureWarning: `torch.cuda.amp.autocast(args...)` is deprecated. Please use `torch.amp.autocast('cuda', args...)` instead.
  with autocast(self.mixed_precision):
[2026-03-29 17:15:52](logger.py 179): id=CC_FMNIST_E100_DT_1_0 | Ep. 81/100 - Step 0/273 (0.0 it/s) |                    | - loss_cc=4.556 - loss_ce=2.102 - loss_ne=0.00841 - loss_div=0.0 - threshold=1.0 - loss=6.667
[2026-03-29 17:15:56](logger.py 179): id=CC_FMNIST_E100_DT_1_0 | Ep. 81/100 - Step 25/273 (8.2 it/s) |#                   | - loss_cc=4.569 - loss_ce=2.105 - loss_ne=0.0105 - loss_div=0.0 - threshold=1.0 - loss=6.685
[2026-03-29 17:15:59](logger.py 179): id=CC_FMNIST_E100_DT_1_0 | Ep. 81/100 - Step 50/273 (8.28 it/s) |###                 | - loss_cc=4.57 - loss_ce=2.104 - loss_ne=0.012 - loss_div=0.0 - threshold=1.0 - loss=6.687
[2026-03-29 17:16:02](logger.py 179): id=CC_FMNIST_E100_DT_1_0 | Ep. 81/100 - Step 75/273 (8.28 it/s) |#####               | - loss_cc=4.571 - loss_ce=2.104 - loss_ne=0.0125 - loss_div=0.0 - threshold=1.0 - loss=6.688
[2026-03-29 17:16:05](logger.py 179): id=CC_FMNIST_E100_DT_1_0 | Ep. 81/100 - Step 100/273 (8.3 it/s) |#######             | - loss_cc=4.571 - loss_ce=2.104 - loss_ne=0.0125 - loss_div=0.0 - threshold=1.0 - loss=6.687
[2026-03-29 17:16:08](logger.py 179): id=CC_FMNIST_E100_DT_1_0 | Ep. 81/100 - Step 125/273 (8.3 it/s) |#########           | - loss_cc=4.57 - loss_ce=2.104 - loss_ne=0.0128 - loss_div=0.0 - threshold=1.0 - loss=6.687
[2026-03-29 17:16:11](logger.py 179): id=CC_FMNIST_E100_DT_1_0 | Ep. 81/100 - Step 150/273 (8.31 it/s) |##########          | - loss_cc=4.57 - loss_ce=2.104 - loss_ne=0.0129 - loss_div=0.0 - threshold=1.0 - loss=6.687
[2026-03-29 17:16:14](logger.py 179): id=CC_FMNIST_E100_DT_1_0 | Ep. 81/100 - Step 175/273 (8.3 it/s) |############        | - loss_cc=4.57 - loss_ce=2.104 - loss_ne=0.0128 - loss_div=0.0 - threshold=1.0 - loss=6.687
[2026-03-29 17:16:17](logger.py 179): id=CC_FMNIST_E100_DT_1_0 | Ep. 81/100 - Step 200/273 (8.28 it/s) |##############      | - loss_cc=4.57 - loss_ce=2.105 - loss_ne=0.013 - loss_div=0.0 - threshold=1.0 - loss=6.688
[2026-03-29 17:16:20](logger.py 179): id=CC_FMNIST_E100_DT_1_0 | Ep. 81/100 - Step 225/273 (8.29 it/s) |################    | - loss_cc=4.57 - loss_ce=2.105 - loss_ne=0.013 - loss_div=0.0 - threshold=1.0 - loss=6.688
[2026-03-29 17:16:23](logger.py 179): id=CC_FMNIST_E100_DT_1_0 | Ep. 81/100 - Step 250/273 (8.3 it/s) |##################  | - loss_cc=4.57 - loss_ce=2.104 - loss_ne=0.0129 - loss_div=0.0 - threshold=1.0 - loss=6.687
[2026-03-29 17:16:25](logger.py 179): Evaluating
[2026-03-29 17:16:25](logger.py 179): Eval. step 0 of 274
[2026-03-29 17:16:26](logger.py 179): Eval. step 25 of 274
[2026-03-29 17:16:27](logger.py 179): Eval. step 50 of 274
[2026-03-29 17:16:27](logger.py 179): Eval. step 75 of 274
[2026-03-29 17:16:28](logger.py 179): Eval. step 100 of 274
[2026-03-29 17:16:29](logger.py 179): Eval. step 125 of 274
[2026-03-29 17:16:29](logger.py 179): Eval. step 150 of 274
[2026-03-29 17:16:30](logger.py 179): Eval. step 175 of 274
[2026-03-29 17:16:31](logger.py 179): Eval. step 200 of 274
[2026-03-29 17:16:31](logger.py 179): Eval. step 225 of 274
[2026-03-29 17:16:32](logger.py 179): Eval. step 250 of 274
[2026-03-29 17:16:33](logger.py 179): id=CC_FMNIST_E100_DT_1_0 | Ep. 81/100 | Time: 00:00 | loss_cc=4.57 - loss_ce=2.105 - loss_ne=0.0129 - loss_div=0.0 - threshold=1.0 - loss=6.688 - eval_confidence=0.911 - cluster_acc_0_eval=68.23 - cluster_nmi_0_eval=0.657 - cluster_ari_0_eval=0.556 - cluster_acc_1_eval=68.24 - cluster_nmi_1_eval=0.658 - cluster_ari_1_eval=0.557 - cluster_acc_2_eval=68.23 - cluster_nmi_2_eval=0.658 - cluster_ari_2_eval=0.557 - cluster_acc_3_eval=68.2 - cluster_nmi_3_eval=0.657 - cluster_ari_3_eval=0.556 - cluster_acc_4_eval=68.26 - cluster_nmi_4_eval=0.657 - cluster_ari_4_eval=0.557 - max_cluster_acc_eval=68.26 - mean_cluster_acc_eval=68.23 - min_cluster_acc_eval=68.2 - max_cluster_nmi_eval=0.658 - mean_cluster_nmi_eval=0.658 - min_cluster_nmi_eval=0.657 - max_cluster_ari_eval=0.557 - mean_cluster_ari_eval=0.557 - min_cluster_ari_eval=0.556 - interclustering_nmi_eval=0.983
/scratch/e0538389/DivClust/engine/trainer.py:41: FutureWarning: `torch.cuda.amp.autocast(args...)` is deprecated. Please use `torch.amp.autocast('cuda', args...)` instead.
  with autocast(self.mixed_precision):
[2026-03-29 17:16:34](logger.py 179): id=CC_FMNIST_E100_DT_1_0 | Ep. 82/100 - Step 0/273 (0.0 it/s) |                    | - loss_cc=4.585 - loss_ce=2.115 - loss_ne=0.0115 - loss_div=0.0 - threshold=1.0 - loss=6.711
[2026-03-29 17:16:37](logger.py 179): id=CC_FMNIST_E100_DT_1_0 | Ep. 82/100 - Step 25/273 (8.16 it/s) |#                   | - loss_cc=4.569 - loss_ce=2.106 - loss_ne=0.0121 - loss_div=0.0 - threshold=1.0 - loss=6.686
[2026-03-29 17:16:40](logger.py 179): id=CC_FMNIST_E100_DT_1_0 | Ep. 82/100 - Step 50/273 (8.21 it/s) |###                 | - loss_cc=4.568 - loss_ce=2.104 - loss_ne=0.0126 - loss_div=0.0 - threshold=1.0 - loss=6.684
[2026-03-29 17:16:43](logger.py 179): id=CC_FMNIST_E100_DT_1_0 | Ep. 82/100 - Step 75/273 (8.21 it/s) |#####               | - loss_cc=4.569 - loss_ce=2.104 - loss_ne=0.0129 - loss_div=0.0 - threshold=1.0 - loss=6.686
[2026-03-29 17:16:46](logger.py 179): id=CC_FMNIST_E100_DT_1_0 | Ep. 82/100 - Step 100/273 (8.23 it/s) |#######             | - loss_cc=4.569 - loss_ce=2.104 - loss_ne=0.0133 - loss_div=0.0 - threshold=1.0 - loss=6.686
[2026-03-29 17:16:49](logger.py 179): id=CC_FMNIST_E100_DT_1_0 | Ep. 82/100 - Step 125/273 (8.22 it/s) |#########           | - loss_cc=4.569 - loss_ce=2.104 - loss_ne=0.0136 - loss_div=0.0 - threshold=1.0 - loss=6.687
[2026-03-29 17:16:52](logger.py 179): id=CC_FMNIST_E100_DT_1_0 | Ep. 82/100 - Step 150/273 (8.22 it/s) |##########          | - loss_cc=4.569 - loss_ce=2.104 - loss_ne=0.0133 - loss_div=0.0 - threshold=1.0 - loss=6.686
[2026-03-29 17:16:55](logger.py 179): id=CC_FMNIST_E100_DT_1_0 | Ep. 82/100 - Step 175/273 (8.23 it/s) |############        | - loss_cc=4.569 - loss_ce=2.104 - loss_ne=0.0134 - loss_div=0.0 - threshold=1.0 - loss=6.686
[2026-03-29 17:16:58](logger.py 179): id=CC_FMNIST_E100_DT_1_0 | Ep. 82/100 - Step 200/273 (8.23 it/s) |##############      | - loss_cc=4.569 - loss_ce=2.103 - loss_ne=0.0131 - loss_div=0.0 - threshold=1.0 - loss=6.685
[2026-03-29 17:17:01](logger.py 179): id=CC_FMNIST_E100_DT_1_0 | Ep. 82/100 - Step 225/273 (8.23 it/s) |################    | - loss_cc=4.569 - loss_ce=2.103 - loss_ne=0.0134 - loss_div=0.0 - threshold=1.0 - loss=6.686
[2026-03-29 17:17:04](logger.py 179): id=CC_FMNIST_E100_DT_1_0 | Ep. 82/100 - Step 250/273 (8.23 it/s) |##################  | - loss_cc=4.569 - loss_ce=2.104 - loss_ne=0.0133 - loss_div=0.0 - threshold=1.0 - loss=6.686
[2026-03-29 17:17:07](logger.py 179): Evaluating
[2026-03-29 17:17:07](logger.py 179): Eval. step 0 of 274
[2026-03-29 17:17:07](logger.py 179): Eval. step 25 of 274
[2026-03-29 17:17:08](logger.py 179): Eval. step 50 of 274
[2026-03-29 17:17:09](logger.py 179): Eval. step 75 of 274
[2026-03-29 17:17:09](logger.py 179): Eval. step 100 of 274
[2026-03-29 17:17:10](logger.py 179): Eval. step 125 of 274
[2026-03-29 17:17:11](logger.py 179): Eval. step 150 of 274
[2026-03-29 17:17:11](logger.py 179): Eval. step 175 of 274
[2026-03-29 17:17:12](logger.py 179): Eval. step 200 of 274
[2026-03-29 17:17:13](logger.py 179): Eval. step 225 of 274
[2026-03-29 17:17:13](logger.py 179): Eval. step 250 of 274
[2026-03-29 17:17:14](logger.py 179): id=CC_FMNIST_E100_DT_1_0 | Ep. 82/100 | Time: 00:00 | loss_cc=4.569 - loss_ce=2.104 - loss_ne=0.0132 - loss_div=0.0 - threshold=1.0 - loss=6.686 - eval_confidence=0.896 - cluster_acc_0_eval=67.62 - cluster_nmi_0_eval=0.645 - cluster_ari_0_eval=0.549 - cluster_acc_1_eval=67.58 - cluster_nmi_1_eval=0.645 - cluster_ari_1_eval=0.549 - cluster_acc_2_eval=67.62 - cluster_nmi_2_eval=0.645 - cluster_ari_2_eval=0.549 - cluster_acc_3_eval=67.69 - cluster_nmi_3_eval=0.646 - cluster_ari_3_eval=0.55 - cluster_acc_4_eval=67.64 - cluster_nmi_4_eval=0.645 - cluster_ari_4_eval=0.549 - max_cluster_acc_eval=67.69 - mean_cluster_acc_eval=67.63 - min_cluster_acc_eval=67.58 - max_cluster_nmi_eval=0.646 - mean_cluster_nmi_eval=0.645 - min_cluster_nmi_eval=0.645 - max_cluster_ari_eval=0.55 - mean_cluster_ari_eval=0.549 - min_cluster_ari_eval=0.549 - interclustering_nmi_eval=0.981
/scratch/e0538389/DivClust/engine/trainer.py:41: FutureWarning: `torch.cuda.amp.autocast(args...)` is deprecated. Please use `torch.amp.autocast('cuda', args...)` instead.
  with autocast(self.mixed_precision):
[2026-03-29 17:17:15](logger.py 179): id=CC_FMNIST_E100_DT_1_0 | Ep. 83/100 - Step 0/273 (0.0 it/s) |                    | - loss_cc=4.539 - loss_ce=2.093 - loss_ne=0.0119 - loss_div=0.0 - threshold=1.0 - loss=6.644
[2026-03-29 17:17:18](logger.py 179): id=CC_FMNIST_E100_DT_1_0 | Ep. 83/100 - Step 25/273 (8.28 it/s) |#                   | - loss_cc=4.563 - loss_ce=2.103 - loss_ne=0.0107 - loss_div=0.0 - threshold=1.0 - loss=6.676
[2026-03-29 17:17:21](logger.py 179): id=CC_FMNIST_E100_DT_1_0 | Ep. 83/100 - Step 50/273 (8.29 it/s) |###                 | - loss_cc=4.565 - loss_ce=2.104 - loss_ne=0.0105 - loss_div=0.0 - threshold=1.0 - loss=6.68
[2026-03-29 17:17:24](logger.py 179): id=CC_FMNIST_E100_DT_1_0 | Ep. 83/100 - Step 75/273 (8.25 it/s) |#####               | - loss_cc=4.564 - loss_ce=2.103 - loss_ne=0.0114 - loss_div=0.0 - threshold=1.0 - loss=6.678
[2026-03-29 17:17:27](logger.py 179): id=CC_FMNIST_E100_DT_1_0 | Ep. 83/100 - Step 100/273 (8.23 it/s) |#######             | - loss_cc=4.567 - loss_ce=2.104 - loss_ne=0.0114 - loss_div=0.0 - threshold=1.0 - loss=6.683
[2026-03-29 17:17:30](logger.py 179): id=CC_FMNIST_E100_DT_1_0 | Ep. 83/100 - Step 125/273 (8.23 it/s) |#########           | - loss_cc=4.566 - loss_ce=2.104 - loss_ne=0.0116 - loss_div=0.0 - threshold=1.0 - loss=6.682
[2026-03-29 17:17:33](logger.py 179): id=CC_FMNIST_E100_DT_1_0 | Ep. 83/100 - Step 150/273 (8.23 it/s) |##########          | - loss_cc=4.566 - loss_ce=2.104 - loss_ne=0.0118 - loss_div=0.0 - threshold=1.0 - loss=6.682
[2026-03-29 17:17:36](logger.py 179): id=CC_FMNIST_E100_DT_1_0 | Ep. 83/100 - Step 175/273 (8.23 it/s) |############        | - loss_cc=4.566 - loss_ce=2.104 - loss_ne=0.0118 - loss_div=0.0 - threshold=1.0 - loss=6.681
[2026-03-29 17:17:39](logger.py 179): id=CC_FMNIST_E100_DT_1_0 | Ep. 83/100 - Step 200/273 (8.23 it/s) |##############      | - loss_cc=4.567 - loss_ce=2.103 - loss_ne=0.0119 - loss_div=0.0 - threshold=1.0 - loss=6.682
[2026-03-29 17:17:42](logger.py 179): id=CC_FMNIST_E100_DT_1_0 | Ep. 83/100 - Step 225/273 (8.23 it/s) |################    | - loss_cc=4.567 - loss_ce=2.104 - loss_ne=0.0119 - loss_div=0.0 - threshold=1.0 - loss=6.682
[2026-03-29 17:17:45](logger.py 179): id=CC_FMNIST_E100_DT_1_0 | Ep. 83/100 - Step 250/273 (8.23 it/s) |##################  | - loss_cc=4.566 - loss_ce=2.104 - loss_ne=0.0119 - loss_div=0.0 - threshold=1.0 - loss=6.682
[2026-03-29 17:17:48](logger.py 179): Evaluating
[2026-03-29 17:17:48](logger.py 179): Eval. step 0 of 274
[2026-03-29 17:17:49](logger.py 179): Eval. step 25 of 274
[2026-03-29 17:17:49](logger.py 179): Eval. step 50 of 274
[2026-03-29 17:17:50](logger.py 179): Eval. step 75 of 274
[2026-03-29 17:17:51](logger.py 179): Eval. step 100 of 274
[2026-03-29 17:17:51](logger.py 179): Eval. step 125 of 274
[2026-03-29 17:17:52](logger.py 179): Eval. step 150 of 274
[2026-03-29 17:17:53](logger.py 179): Eval. step 175 of 274
[2026-03-29 17:17:53](logger.py 179): Eval. step 200 of 274
[2026-03-29 17:17:54](logger.py 179): Eval. step 225 of 274
[2026-03-29 17:17:55](logger.py 179): Eval. step 250 of 274
[2026-03-29 17:17:56](logger.py 179): id=CC_FMNIST_E100_DT_1_0 | Ep. 83/100 | Time: 00:00 | loss_cc=4.567 - loss_ce=2.104 - loss_ne=0.012 - loss_div=0.0 - threshold=1.0 - loss=6.683 - eval_confidence=0.902 - cluster_acc_0_eval=67.85 - cluster_nmi_0_eval=0.652 - cluster_ari_0_eval=0.55 - cluster_acc_1_eval=67.84 - cluster_nmi_1_eval=0.652 - cluster_ari_1_eval=0.55 - cluster_acc_2_eval=67.86 - cluster_nmi_2_eval=0.652 - cluster_ari_2_eval=0.55 - cluster_acc_3_eval=67.89 - cluster_nmi_3_eval=0.652 - cluster_ari_3_eval=0.55 - cluster_acc_4_eval=67.9 - cluster_nmi_4_eval=0.652 - cluster_ari_4_eval=0.55 - max_cluster_acc_eval=67.9 - mean_cluster_acc_eval=67.87 - min_cluster_acc_eval=67.84 - max_cluster_nmi_eval=0.652 - mean_cluster_nmi_eval=0.652 - min_cluster_nmi_eval=0.652 - max_cluster_ari_eval=0.55 - mean_cluster_ari_eval=0.55 - min_cluster_ari_eval=0.55 - interclustering_nmi_eval=0.981
/scratch/e0538389/DivClust/engine/trainer.py:41: FutureWarning: `torch.cuda.amp.autocast(args...)` is deprecated. Please use `torch.amp.autocast('cuda', args...)` instead.
  with autocast(self.mixed_precision):
[2026-03-29 17:17:56](logger.py 179): id=CC_FMNIST_E100_DT_1_0 | Ep. 84/100 - Step 0/273 (0.0 it/s) |                    | - loss_cc=4.556 - loss_ce=2.096 - loss_ne=0.0159 - loss_div=0.0 - threshold=1.0 - loss=6.668
[2026-03-29 17:17:59](logger.py 179): id=CC_FMNIST_E100_DT_1_0 | Ep. 84/100 - Step 25/273 (8.23 it/s) |#                   | - loss_cc=4.57 - loss_ce=2.106 - loss_ne=0.012 - loss_div=0.0 - threshold=1.0 - loss=6.689
[2026-03-29 17:18:02](logger.py 179): id=CC_FMNIST_E100_DT_1_0 | Ep. 84/100 - Step 50/273 (8.28 it/s) |###                 | - loss_cc=4.571 - loss_ce=2.106 - loss_ne=0.0118 - loss_div=0.0 - threshold=1.0 - loss=6.688
[2026-03-29 17:18:05](logger.py 179): id=CC_FMNIST_E100_DT_1_0 | Ep. 84/100 - Step 75/273 (8.29 it/s) |#####               | - loss_cc=4.566 - loss_ce=2.104 - loss_ne=0.0126 - loss_div=0.0 - threshold=1.0 - loss=6.682
[2026-03-29 17:18:08](logger.py 179): id=CC_FMNIST_E100_DT_1_0 | Ep. 84/100 - Step 100/273 (8.3 it/s) |#######             | - loss_cc=4.567 - loss_ce=2.104 - loss_ne=0.0125 - loss_div=0.0 - threshold=1.0 - loss=6.683
[2026-03-29 17:18:11](logger.py 179): id=CC_FMNIST_E100_DT_1_0 | Ep. 84/100 - Step 125/273 (8.32 it/s) |#########           | - loss_cc=4.567 - loss_ce=2.104 - loss_ne=0.0123 - loss_div=0.0 - threshold=1.0 - loss=6.683
[2026-03-29 17:18:14](logger.py 179): id=CC_FMNIST_E100_DT_1_0 | Ep. 84/100 - Step 150/273 (8.31 it/s) |##########          | - loss_cc=4.566 - loss_ce=2.103 - loss_ne=0.0123 - loss_div=0.0 - threshold=1.0 - loss=6.682
[2026-03-29 17:18:17](logger.py 179): id=CC_FMNIST_E100_DT_1_0 | Ep. 84/100 - Step 175/273 (8.31 it/s) |############        | - loss_cc=4.567 - loss_ce=2.103 - loss_ne=0.0125 - loss_div=0.0 - threshold=1.0 - loss=6.682
[2026-03-29 17:18:20](logger.py 179): id=CC_FMNIST_E100_DT_1_0 | Ep. 84/100 - Step 200/273 (8.31 it/s) |##############      | - loss_cc=4.567 - loss_ce=2.103 - loss_ne=0.0127 - loss_div=0.0 - threshold=1.0 - loss=6.683
[2026-03-29 17:18:23](logger.py 179): id=CC_FMNIST_E100_DT_1_0 | Ep. 84/100 - Step 225/273 (8.31 it/s) |################    | - loss_cc=4.566 - loss_ce=2.103 - loss_ne=0.0126 - loss_div=0.0 - threshold=1.0 - loss=6.681
[2026-03-29 17:18:26](logger.py 179): id=CC_FMNIST_E100_DT_1_0 | Ep. 84/100 - Step 250/273 (8.32 it/s) |##################  | - loss_cc=4.565 - loss_ce=2.103 - loss_ne=0.0126 - loss_div=0.0 - threshold=1.0 - loss=6.68
[2026-03-29 17:18:29](logger.py 179): Evaluating
[2026-03-29 17:18:29](logger.py 179): Eval. step 0 of 274
[2026-03-29 17:18:30](logger.py 179): Eval. step 25 of 274
[2026-03-29 17:18:30](logger.py 179): Eval. step 50 of 274
[2026-03-29 17:18:31](logger.py 179): Eval. step 75 of 274
[2026-03-29 17:18:32](logger.py 179): Eval. step 100 of 274
[2026-03-29 17:18:32](logger.py 179): Eval. step 125 of 274
[2026-03-29 17:18:33](logger.py 179): Eval. step 150 of 274
[2026-03-29 17:18:34](logger.py 179): Eval. step 175 of 274
[2026-03-29 17:18:34](logger.py 179): Eval. step 200 of 274
[2026-03-29 17:18:35](logger.py 179): Eval. step 225 of 274
[2026-03-29 17:18:36](logger.py 179): Eval. step 250 of 274
[2026-03-29 17:18:37](logger.py 179): id=CC_FMNIST_E100_DT_1_0 | Ep. 84/100 | Time: 00:00 | loss_cc=4.565 - loss_ce=2.103 - loss_ne=0.0126 - loss_div=0.0 - threshold=1.0 - loss=6.68 - eval_confidence=0.909 - cluster_acc_0_eval=67.83 - cluster_nmi_0_eval=0.654 - cluster_ari_0_eval=0.554 - cluster_acc_1_eval=67.84 - cluster_nmi_1_eval=0.654 - cluster_ari_1_eval=0.555 - cluster_acc_2_eval=67.83 - cluster_nmi_2_eval=0.653 - cluster_ari_2_eval=0.554 - cluster_acc_3_eval=67.83 - cluster_nmi_3_eval=0.653 - cluster_ari_3_eval=0.554 - cluster_acc_4_eval=67.93 - cluster_nmi_4_eval=0.655 - cluster_ari_4_eval=0.555 - max_cluster_acc_eval=67.93 - mean_cluster_acc_eval=67.85 - min_cluster_acc_eval=67.83 - max_cluster_nmi_eval=0.655 - mean_cluster_nmi_eval=0.654 - min_cluster_nmi_eval=0.653 - max_cluster_ari_eval=0.555 - mean_cluster_ari_eval=0.555 - min_cluster_ari_eval=0.554 - interclustering_nmi_eval=0.981
/scratch/e0538389/DivClust/engine/trainer.py:41: FutureWarning: `torch.cuda.amp.autocast(args...)` is deprecated. Please use `torch.amp.autocast('cuda', args...)` instead.
  with autocast(self.mixed_precision):
[2026-03-29 17:18:37](logger.py 179): id=CC_FMNIST_E100_DT_1_0 | Ep. 85/100 - Step 0/273 (0.0 it/s) |                    | - loss_cc=4.539 - loss_ce=2.095 - loss_ne=0.0127 - loss_div=0.0 - threshold=1.0 - loss=6.647
[2026-03-29 17:18:40](logger.py 179): id=CC_FMNIST_E100_DT_1_0 | Ep. 85/100 - Step 25/273 (8.24 it/s) |#                   | - loss_cc=4.557 - loss_ce=2.097 - loss_ne=0.0114 - loss_div=0.0 - threshold=1.0 - loss=6.666
[2026-03-29 17:18:43](logger.py 179): id=CC_FMNIST_E100_DT_1_0 | Ep. 85/100 - Step 50/273 (8.19 it/s) |###                 | - loss_cc=4.562 - loss_ce=2.101 - loss_ne=0.0132 - loss_div=0.0 - threshold=1.0 - loss=6.676
[2026-03-29 17:18:46](logger.py 179): id=CC_FMNIST_E100_DT_1_0 | Ep. 85/100 - Step 75/273 (8.2 it/s) |#####               | - loss_cc=4.562 - loss_ce=2.102 - loss_ne=0.0123 - loss_div=0.0 - threshold=1.0 - loss=6.676
[2026-03-29 17:18:50](logger.py 179): id=CC_FMNIST_E100_DT_1_0 | Ep. 85/100 - Step 100/273 (8.19 it/s) |#######             | - loss_cc=4.564 - loss_ce=2.103 - loss_ne=0.0125 - loss_div=0.0 - threshold=1.0 - loss=6.68
[2026-03-29 17:18:53](logger.py 179): id=CC_FMNIST_E100_DT_1_0 | Ep. 85/100 - Step 125/273 (8.21 it/s) |#########           | - loss_cc=4.565 - loss_ce=2.103 - loss_ne=0.0123 - loss_div=0.0 - threshold=1.0 - loss=6.681
[2026-03-29 17:18:56](logger.py 179): id=CC_FMNIST_E100_DT_1_0 | Ep. 85/100 - Step 150/273 (8.21 it/s) |##########          | - loss_cc=4.566 - loss_ce=2.103 - loss_ne=0.012 - loss_div=0.0 - threshold=1.0 - loss=6.681
[2026-03-29 17:18:59](logger.py 179): id=CC_FMNIST_E100_DT_1_0 | Ep. 85/100 - Step 175/273 (8.21 it/s) |############        | - loss_cc=4.565 - loss_ce=2.103 - loss_ne=0.0118 - loss_div=0.0 - threshold=1.0 - loss=6.68
[2026-03-29 17:19:02](logger.py 179): id=CC_FMNIST_E100_DT_1_0 | Ep. 85/100 - Step 200/273 (8.2 it/s) |##############      | - loss_cc=4.565 - loss_ce=2.103 - loss_ne=0.012 - loss_div=0.0 - threshold=1.0 - loss=6.68
[2026-03-29 17:19:05](logger.py 179): id=CC_FMNIST_E100_DT_1_0 | Ep. 85/100 - Step 225/273 (8.2 it/s) |################    | - loss_cc=4.565 - loss_ce=2.103 - loss_ne=0.012 - loss_div=0.0 - threshold=1.0 - loss=6.681
[2026-03-29 17:19:08](logger.py 179): id=CC_FMNIST_E100_DT_1_0 | Ep. 85/100 - Step 250/273 (8.21 it/s) |##################  | - loss_cc=4.565 - loss_ce=2.103 - loss_ne=0.0122 - loss_div=0.0 - threshold=1.0 - loss=6.681
[2026-03-29 17:19:10](logger.py 179): Evaluating
[2026-03-29 17:19:10](logger.py 179): Eval. step 0 of 274
[2026-03-29 17:19:11](logger.py 179): Eval. step 25 of 274
[2026-03-29 17:19:12](logger.py 179): Eval. step 50 of 274
[2026-03-29 17:19:13](logger.py 179): Eval. step 75 of 274
[2026-03-29 17:19:13](logger.py 179): Eval. step 100 of 274
[2026-03-29 17:19:14](logger.py 179): Eval. step 125 of 274
[2026-03-29 17:19:15](logger.py 179): Eval. step 150 of 274
[2026-03-29 17:19:15](logger.py 179): Eval. step 175 of 274
[2026-03-29 17:19:16](logger.py 179): Eval. step 200 of 274
[2026-03-29 17:19:17](logger.py 179): Eval. step 225 of 274
[2026-03-29 17:19:17](logger.py 179): Eval. step 250 of 274
[2026-03-29 17:19:18](logger.py 179): id=CC_FMNIST_E100_DT_1_0 | Ep. 85/100 | Time: 00:00 | loss_cc=4.565 - loss_ce=2.103 - loss_ne=0.0124 - loss_div=0.0 - threshold=1.0 - loss=6.681 - eval_confidence=0.915 - cluster_acc_0_eval=67.66 - cluster_nmi_0_eval=0.65 - cluster_ari_0_eval=0.544 - cluster_acc_1_eval=67.68 - cluster_nmi_1_eval=0.65 - cluster_ari_1_eval=0.544 - cluster_acc_2_eval=67.71 - cluster_nmi_2_eval=0.65 - cluster_ari_2_eval=0.544 - cluster_acc_3_eval=67.71 - cluster_nmi_3_eval=0.65 - cluster_ari_3_eval=0.544 - cluster_acc_4_eval=67.78 - cluster_nmi_4_eval=0.651 - cluster_ari_4_eval=0.545 - max_cluster_acc_eval=67.78 - mean_cluster_acc_eval=67.71 - min_cluster_acc_eval=67.66 - max_cluster_nmi_eval=0.651 - mean_cluster_nmi_eval=0.65 - min_cluster_nmi_eval=0.65 - max_cluster_ari_eval=0.545 - mean_cluster_ari_eval=0.544 - min_cluster_ari_eval=0.544 - interclustering_nmi_eval=0.983
/scratch/e0538389/DivClust/engine/trainer.py:41: FutureWarning: `torch.cuda.amp.autocast(args...)` is deprecated. Please use `torch.amp.autocast('cuda', args...)` instead.
  with autocast(self.mixed_precision):
[2026-03-29 17:19:19](logger.py 179): id=CC_FMNIST_E100_DT_1_0 | Ep. 86/100 - Step 0/273 (0.0 it/s) |                    | - loss_cc=4.56 - loss_ce=2.108 - loss_ne=0.0103 - loss_div=0.0 - threshold=1.0 - loss=6.679
[2026-03-29 17:19:22](logger.py 179): id=CC_FMNIST_E100_DT_1_0 | Ep. 86/100 - Step 25/273 (8.21 it/s) |#                   | - loss_cc=4.568 - loss_ce=2.101 - loss_ne=0.014 - loss_div=0.0 - threshold=1.0 - loss=6.683
[2026-03-29 17:19:25](logger.py 179): id=CC_FMNIST_E100_DT_1_0 | Ep. 86/100 - Step 50/273 (8.2 it/s) |###                 | - loss_cc=4.567 - loss_ce=2.103 - loss_ne=0.0123 - loss_div=0.0 - threshold=1.0 - loss=6.682
[2026-03-29 17:19:28](logger.py 179): id=CC_FMNIST_E100_DT_1_0 | Ep. 86/100 - Step 75/273 (8.2 it/s) |#####               | - loss_cc=4.564 - loss_ce=2.103 - loss_ne=0.0116 - loss_div=0.0 - threshold=1.0 - loss=6.679
[2026-03-29 17:19:31](logger.py 179): id=CC_FMNIST_E100_DT_1_0 | Ep. 86/100 - Step 100/273 (8.21 it/s) |#######             | - loss_cc=4.563 - loss_ce=2.103 - loss_ne=0.0119 - loss_div=0.0 - threshold=1.0 - loss=6.678
[2026-03-29 17:19:34](logger.py 179): id=CC_FMNIST_E100_DT_1_0 | Ep. 86/100 - Step 125/273 (8.21 it/s) |#########           | - loss_cc=4.565 - loss_ce=2.104 - loss_ne=0.0121 - loss_div=0.0 - threshold=1.0 - loss=6.68
[2026-03-29 17:19:37](logger.py 179): id=CC_FMNIST_E100_DT_1_0 | Ep. 86/100 - Step 150/273 (8.21 it/s) |##########          | - loss_cc=4.564 - loss_ce=2.103 - loss_ne=0.0121 - loss_div=0.0 - threshold=1.0 - loss=6.679
[2026-03-29 17:19:40](logger.py 179): id=CC_FMNIST_E100_DT_1_0 | Ep. 86/100 - Step 175/273 (8.21 it/s) |############        | - loss_cc=4.565 - loss_ce=2.104 - loss_ne=0.0122 - loss_div=0.0 - threshold=1.0 - loss=6.681
[2026-03-29 17:19:43](logger.py 179): id=CC_FMNIST_E100_DT_1_0 | Ep. 86/100 - Step 200/273 (8.21 it/s) |##############      | - loss_cc=4.564 - loss_ce=2.104 - loss_ne=0.0122 - loss_div=0.0 - threshold=1.0 - loss=6.68
[2026-03-29 17:19:46](logger.py 179): id=CC_FMNIST_E100_DT_1_0 | Ep. 86/100 - Step 225/273 (8.22 it/s) |################    | - loss_cc=4.565 - loss_ce=2.104 - loss_ne=0.0121 - loss_div=0.0 - threshold=1.0 - loss=6.681
[2026-03-29 17:19:49](logger.py 179): id=CC_FMNIST_E100_DT_1_0 | Ep. 86/100 - Step 250/273 (8.22 it/s) |##################  | - loss_cc=4.565 - loss_ce=2.104 - loss_ne=0.012 - loss_div=0.0 - threshold=1.0 - loss=6.68
[2026-03-29 17:19:52](logger.py 179): Evaluating
[2026-03-29 17:19:52](logger.py 179): Eval. step 0 of 274
[2026-03-29 17:19:53](logger.py 179): Eval. step 25 of 274
[2026-03-29 17:19:53](logger.py 179): Eval. step 50 of 274
[2026-03-29 17:19:54](logger.py 179): Eval. step 75 of 274
[2026-03-29 17:19:55](logger.py 179): Eval. step 100 of 274
[2026-03-29 17:19:55](logger.py 179): Eval. step 125 of 274
[2026-03-29 17:19:56](logger.py 179): Eval. step 150 of 274
[2026-03-29 17:19:57](logger.py 179): Eval. step 175 of 274
[2026-03-29 17:19:57](logger.py 179): Eval. step 200 of 274
[2026-03-29 17:19:58](logger.py 179): Eval. step 225 of 274
[2026-03-29 17:19:59](logger.py 179): Eval. step 250 of 274
[2026-03-29 17:20:00](logger.py 179): id=CC_FMNIST_E100_DT_1_0 | Ep. 86/100 | Time: 00:00 | loss_cc=4.564 - loss_ce=2.104 - loss_ne=0.0121 - loss_div=0.0 - threshold=1.0 - loss=6.68 - eval_confidence=0.907 - cluster_acc_0_eval=67.69 - cluster_nmi_0_eval=0.649 - cluster_ari_0_eval=0.548 - cluster_acc_1_eval=67.63 - cluster_nmi_1_eval=0.649 - cluster_ari_1_eval=0.547 - cluster_acc_2_eval=67.71 - cluster_nmi_2_eval=0.649 - cluster_ari_2_eval=0.548 - cluster_acc_3_eval=67.65 - cluster_nmi_3_eval=0.649 - cluster_ari_3_eval=0.547 - cluster_acc_4_eval=67.69 - cluster_nmi_4_eval=0.649 - cluster_ari_4_eval=0.548 - max_cluster_acc_eval=67.71 - mean_cluster_acc_eval=67.68 - min_cluster_acc_eval=67.63 - max_cluster_nmi_eval=0.649 - mean_cluster_nmi_eval=0.649 - min_cluster_nmi_eval=0.649 - max_cluster_ari_eval=0.548 - mean_cluster_ari_eval=0.547 - min_cluster_ari_eval=0.547 - interclustering_nmi_eval=0.981
/scratch/e0538389/DivClust/engine/trainer.py:41: FutureWarning: `torch.cuda.amp.autocast(args...)` is deprecated. Please use `torch.amp.autocast('cuda', args...)` instead.
  with autocast(self.mixed_precision):
[2026-03-29 17:20:00](logger.py 179): id=CC_FMNIST_E100_DT_1_0 | Ep. 87/100 - Step 0/273 (0.0 it/s) |                    | - loss_cc=4.563 - loss_ce=2.098 - loss_ne=0.024 - loss_div=0.0 - threshold=1.0 - loss=6.686
[2026-03-29 17:20:03](logger.py 179): id=CC_FMNIST_E100_DT_1_0 | Ep. 87/100 - Step 25/273 (8.17 it/s) |#                   | - loss_cc=4.558 - loss_ce=2.101 - loss_ne=0.0117 - loss_div=0.0 - threshold=1.0 - loss=6.671
[2026-03-29 17:20:06](logger.py 179): id=CC_FMNIST_E100_DT_1_0 | Ep. 87/100 - Step 50/273 (8.17 it/s) |###                 | - loss_cc=4.562 - loss_ce=2.101 - loss_ne=0.0128 - loss_div=0.0 - threshold=1.0 - loss=6.676
[2026-03-29 17:20:09](logger.py 179): id=CC_FMNIST_E100_DT_1_0 | Ep. 87/100 - Step 75/273 (8.22 it/s) |#####               | - loss_cc=4.563 - loss_ce=2.102 - loss_ne=0.0127 - loss_div=0.0 - threshold=1.0 - loss=6.678
[2026-03-29 17:20:12](logger.py 179): id=CC_FMNIST_E100_DT_1_0 | Ep. 87/100 - Step 100/273 (8.22 it/s) |#######             | - loss_cc=4.566 - loss_ce=2.103 - loss_ne=0.0131 - loss_div=0.0 - threshold=1.0 - loss=6.682
[2026-03-29 17:20:15](logger.py 179): id=CC_FMNIST_E100_DT_1_0 | Ep. 87/100 - Step 125/273 (8.25 it/s) |#########           | - loss_cc=4.567 - loss_ce=2.104 - loss_ne=0.013 - loss_div=0.0 - threshold=1.0 - loss=6.684
[2026-03-29 17:20:18](logger.py 179): id=CC_FMNIST_E100_DT_1_0 | Ep. 87/100 - Step 150/273 (8.26 it/s) |##########          | - loss_cc=4.567 - loss_ce=2.104 - loss_ne=0.0126 - loss_div=0.0 - threshold=1.0 - loss=6.683
[2026-03-29 17:20:21](logger.py 179): id=CC_FMNIST_E100_DT_1_0 | Ep. 87/100 - Step 175/273 (8.27 it/s) |############        | - loss_cc=4.567 - loss_ce=2.104 - loss_ne=0.0127 - loss_div=0.0 - threshold=1.0 - loss=6.683
[2026-03-29 17:20:24](logger.py 179): id=CC_FMNIST_E100_DT_1_0 | Ep. 87/100 - Step 200/273 (8.28 it/s) |##############      | - loss_cc=4.566 - loss_ce=2.104 - loss_ne=0.0127 - loss_div=0.0 - threshold=1.0 - loss=6.683
[2026-03-29 17:20:27](logger.py 179): id=CC_FMNIST_E100_DT_1_0 | Ep. 87/100 - Step 225/273 (8.27 it/s) |################    | - loss_cc=4.566 - loss_ce=2.103 - loss_ne=0.0126 - loss_div=0.0 - threshold=1.0 - loss=6.682
[2026-03-29 17:20:30](logger.py 179): id=CC_FMNIST_E100_DT_1_0 | Ep. 87/100 - Step 250/273 (8.26 it/s) |##################  | - loss_cc=4.566 - loss_ce=2.104 - loss_ne=0.0123 - loss_div=0.0 - threshold=1.0 - loss=6.682
[2026-03-29 17:20:33](logger.py 179): Evaluating
[2026-03-29 17:20:33](logger.py 179): Eval. step 0 of 274
[2026-03-29 17:20:34](logger.py 179): Eval. step 25 of 274
[2026-03-29 17:20:35](logger.py 179): Eval. step 50 of 274
[2026-03-29 17:20:35](logger.py 179): Eval. step 75 of 274
[2026-03-29 17:20:36](logger.py 179): Eval. step 100 of 274
[2026-03-29 17:20:37](logger.py 179): Eval. step 125 of 274
[2026-03-29 17:20:37](logger.py 179): Eval. step 150 of 274
[2026-03-29 17:20:38](logger.py 179): Eval. step 175 of 274
[2026-03-29 17:20:39](logger.py 179): Eval. step 200 of 274
[2026-03-29 17:20:39](logger.py 179): Eval. step 225 of 274
[2026-03-29 17:20:40](logger.py 179): Eval. step 250 of 274
[2026-03-29 17:20:41](logger.py 179): id=CC_FMNIST_E100_DT_1_0 | Ep. 87/100 | Time: 00:00 | loss_cc=4.566 - loss_ce=2.103 - loss_ne=0.0122 - loss_div=0.0 - threshold=1.0 - loss=6.682 - eval_confidence=0.914 - cluster_acc_0_eval=68.08 - cluster_nmi_0_eval=0.658 - cluster_ari_0_eval=0.561 - cluster_acc_1_eval=68.09 - cluster_nmi_1_eval=0.658 - cluster_ari_1_eval=0.561 - cluster_acc_2_eval=68.12 - cluster_nmi_2_eval=0.658 - cluster_ari_2_eval=0.562 - cluster_acc_3_eval=68.14 - cluster_nmi_3_eval=0.658 - cluster_ari_3_eval=0.562 - cluster_acc_4_eval=68.2 - cluster_nmi_4_eval=0.659 - cluster_ari_4_eval=0.563 - max_cluster_acc_eval=68.2 - mean_cluster_acc_eval=68.12 - min_cluster_acc_eval=68.08 - max_cluster_nmi_eval=0.659 - mean_cluster_nmi_eval=0.658 - min_cluster_nmi_eval=0.658 - max_cluster_ari_eval=0.563 - mean_cluster_ari_eval=0.562 - min_cluster_ari_eval=0.561 - interclustering_nmi_eval=0.983
/scratch/e0538389/DivClust/engine/trainer.py:41: FutureWarning: `torch.cuda.amp.autocast(args...)` is deprecated. Please use `torch.amp.autocast('cuda', args...)` instead.
  with autocast(self.mixed_precision):
[2026-03-29 17:20:41](logger.py 179): id=CC_FMNIST_E100_DT_1_0 | Ep. 88/100 - Step 0/273 (0.0 it/s) |                    | - loss_cc=4.583 - loss_ce=2.102 - loss_ne=0.0089 - loss_div=0.0 - threshold=1.0 - loss=6.694
[2026-03-29 17:20:44](logger.py 179): id=CC_FMNIST_E100_DT_1_0 | Ep. 88/100 - Step 25/273 (8.21 it/s) |#                   | - loss_cc=4.56 - loss_ce=2.101 - loss_ne=0.011 - loss_div=0.0 - threshold=1.0 - loss=6.672
[2026-03-29 17:20:48](logger.py 179): id=CC_FMNIST_E100_DT_1_0 | Ep. 88/100 - Step 50/273 (8.2 it/s) |###                 | - loss_cc=4.562 - loss_ce=2.101 - loss_ne=0.0115 - loss_div=0.0 - threshold=1.0 - loss=6.675
[2026-03-29 17:20:51](logger.py 179): id=CC_FMNIST_E100_DT_1_0 | Ep. 88/100 - Step 75/273 (8.23 it/s) |#####               | - loss_cc=4.56 - loss_ce=2.1 - loss_ne=0.0118 - loss_div=0.0 - threshold=1.0 - loss=6.672
[2026-03-29 17:20:54](logger.py 179): id=CC_FMNIST_E100_DT_1_0 | Ep. 88/100 - Step 100/273 (8.24 it/s) |#######             | - loss_cc=4.563 - loss_ce=2.101 - loss_ne=0.0118 - loss_div=0.0 - threshold=1.0 - loss=6.676
[2026-03-29 17:20:57](logger.py 179): id=CC_FMNIST_E100_DT_1_0 | Ep. 88/100 - Step 125/273 (8.24 it/s) |#########           | - loss_cc=4.564 - loss_ce=2.103 - loss_ne=0.012 - loss_div=0.0 - threshold=1.0 - loss=6.679
[2026-03-29 17:21:00](logger.py 179): id=CC_FMNIST_E100_DT_1_0 | Ep. 88/100 - Step 150/273 (8.23 it/s) |##########          | - loss_cc=4.564 - loss_ce=2.103 - loss_ne=0.0119 - loss_div=0.0 - threshold=1.0 - loss=6.68
[2026-03-29 17:21:03](logger.py 179): id=CC_FMNIST_E100_DT_1_0 | Ep. 88/100 - Step 175/273 (8.22 it/s) |############        | - loss_cc=4.564 - loss_ce=2.104 - loss_ne=0.012 - loss_div=0.0 - threshold=1.0 - loss=6.68
[2026-03-29 17:21:06](logger.py 179): id=CC_FMNIST_E100_DT_1_0 | Ep. 88/100 - Step 200/273 (8.22 it/s) |##############      | - loss_cc=4.564 - loss_ce=2.103 - loss_ne=0.012 - loss_div=0.0 - threshold=1.0 - loss=6.679
[2026-03-29 17:21:09](logger.py 179): id=CC_FMNIST_E100_DT_1_0 | Ep. 88/100 - Step 225/273 (8.22 it/s) |################    | - loss_cc=4.564 - loss_ce=2.103 - loss_ne=0.0118 - loss_div=0.0 - threshold=1.0 - loss=6.68
[2026-03-29 17:21:12](logger.py 179): id=CC_FMNIST_E100_DT_1_0 | Ep. 88/100 - Step 250/273 (8.23 it/s) |##################  | - loss_cc=4.564 - loss_ce=2.103 - loss_ne=0.0118 - loss_div=0.0 - threshold=1.0 - loss=6.679
[2026-03-29 17:21:14](logger.py 179): Evaluating
[2026-03-29 17:21:15](logger.py 179): Eval. step 0 of 274
[2026-03-29 17:21:15](logger.py 179): Eval. step 25 of 274
[2026-03-29 17:21:16](logger.py 179): Eval. step 50 of 274
[2026-03-29 17:21:17](logger.py 179): Eval. step 75 of 274
[2026-03-29 17:21:17](logger.py 179): Eval. step 100 of 274
[2026-03-29 17:21:18](logger.py 179): Eval. step 125 of 274
[2026-03-29 17:21:19](logger.py 179): Eval. step 150 of 274
[2026-03-29 17:21:19](logger.py 179): Eval. step 175 of 274
[2026-03-29 17:21:20](logger.py 179): Eval. step 200 of 274
[2026-03-29 17:21:21](logger.py 179): Eval. step 225 of 274
[2026-03-29 17:21:21](logger.py 179): Eval. step 250 of 274
[2026-03-29 17:21:22](logger.py 179): id=CC_FMNIST_E100_DT_1_0 | Ep. 88/100 | Time: 00:00 | loss_cc=4.565 - loss_ce=2.104 - loss_ne=0.0118 - loss_div=0.0 - threshold=1.0 - loss=6.68 - eval_confidence=0.906 - cluster_acc_0_eval=68.12 - cluster_nmi_0_eval=0.654 - cluster_ari_0_eval=0.552 - cluster_acc_1_eval=68.07 - cluster_nmi_1_eval=0.654 - cluster_ari_1_eval=0.551 - cluster_acc_2_eval=68.06 - cluster_nmi_2_eval=0.653 - cluster_ari_2_eval=0.55 - cluster_acc_3_eval=68.1 - cluster_nmi_3_eval=0.654 - cluster_ari_3_eval=0.552 - cluster_acc_4_eval=68.15 - cluster_nmi_4_eval=0.654 - cluster_ari_4_eval=0.552 - max_cluster_acc_eval=68.15 - mean_cluster_acc_eval=68.1 - min_cluster_acc_eval=68.06 - max_cluster_nmi_eval=0.654 - mean_cluster_nmi_eval=0.654 - min_cluster_nmi_eval=0.653 - max_cluster_ari_eval=0.552 - mean_cluster_ari_eval=0.551 - min_cluster_ari_eval=0.55 - interclustering_nmi_eval=0.982
/scratch/e0538389/DivClust/engine/trainer.py:41: FutureWarning: `torch.cuda.amp.autocast(args...)` is deprecated. Please use `torch.amp.autocast('cuda', args...)` instead.
  with autocast(self.mixed_precision):
[2026-03-29 17:21:23](logger.py 179): id=CC_FMNIST_E100_DT_1_0 | Ep. 89/100 - Step 0/273 (0.0 it/s) |                    | - loss_cc=4.569 - loss_ce=2.096 - loss_ne=0.0201 - loss_div=0.0 - threshold=1.0 - loss=6.686
[2026-03-29 17:21:26](logger.py 179): id=CC_FMNIST_E100_DT_1_0 | Ep. 89/100 - Step 25/273 (8.28 it/s) |#                   | - loss_cc=4.563 - loss_ce=2.105 - loss_ne=0.0129 - loss_div=0.0 - threshold=1.0 - loss=6.681
[2026-03-29 17:21:29](logger.py 179): id=CC_FMNIST_E100_DT_1_0 | Ep. 89/100 - Step 50/273 (8.29 it/s) |###                 | - loss_cc=4.565 - loss_ce=2.105 - loss_ne=0.0119 - loss_div=0.0 - threshold=1.0 - loss=6.682
[2026-03-29 17:21:32](logger.py 179): id=CC_FMNIST_E100_DT_1_0 | Ep. 89/100 - Step 75/273 (8.27 it/s) |#####               | - loss_cc=4.562 - loss_ce=2.103 - loss_ne=0.0117 - loss_div=0.0 - threshold=1.0 - loss=6.676
[2026-03-29 17:21:35](logger.py 179): id=CC_FMNIST_E100_DT_1_0 | Ep. 89/100 - Step 100/273 (8.28 it/s) |#######             | - loss_cc=4.564 - loss_ce=2.103 - loss_ne=0.0113 - loss_div=0.0 - threshold=1.0 - loss=6.678
[2026-03-29 17:21:38](logger.py 179): id=CC_FMNIST_E100_DT_1_0 | Ep. 89/100 - Step 125/273 (8.28 it/s) |#########           | - loss_cc=4.563 - loss_ce=2.103 - loss_ne=0.0118 - loss_div=0.0 - threshold=1.0 - loss=6.678
[2026-03-29 17:21:41](logger.py 179): id=CC_FMNIST_E100_DT_1_0 | Ep. 89/100 - Step 150/273 (8.28 it/s) |##########          | - loss_cc=4.565 - loss_ce=2.104 - loss_ne=0.0117 - loss_div=0.0 - threshold=1.0 - loss=6.681
[2026-03-29 17:21:44](logger.py 179): id=CC_FMNIST_E100_DT_1_0 | Ep. 89/100 - Step 175/273 (8.28 it/s) |############        | - loss_cc=4.566 - loss_ce=2.104 - loss_ne=0.0119 - loss_div=0.0 - threshold=1.0 - loss=6.682
[2026-03-29 17:21:47](logger.py 179): id=CC_FMNIST_E100_DT_1_0 | Ep. 89/100 - Step 200/273 (8.28 it/s) |##############      | - loss_cc=4.565 - loss_ce=2.104 - loss_ne=0.0116 - loss_div=0.0 - threshold=1.0 - loss=6.681
[2026-03-29 17:21:50](logger.py 179): id=CC_FMNIST_E100_DT_1_0 | Ep. 89/100 - Step 225/273 (8.29 it/s) |################    | - loss_cc=4.565 - loss_ce=2.104 - loss_ne=0.0116 - loss_div=0.0 - threshold=1.0 - loss=6.68
[2026-03-29 17:21:53](logger.py 179): id=CC_FMNIST_E100_DT_1_0 | Ep. 89/100 - Step 250/273 (8.28 it/s) |##################  | - loss_cc=4.564 - loss_ce=2.103 - loss_ne=0.0114 - loss_div=0.0 - threshold=1.0 - loss=6.679
[2026-03-29 17:21:56](logger.py 179): Evaluating
[2026-03-29 17:21:56](logger.py 179): Eval. step 0 of 274
[2026-03-29 17:21:56](logger.py 179): Eval. step 25 of 274
[2026-03-29 17:21:57](logger.py 179): Eval. step 50 of 274
[2026-03-29 17:21:58](logger.py 179): Eval. step 75 of 274
[2026-03-29 17:21:58](logger.py 179): Eval. step 100 of 274
[2026-03-29 17:21:59](logger.py 179): Eval. step 125 of 274
[2026-03-29 17:22:00](logger.py 179): Eval. step 150 of 274
[2026-03-29 17:22:00](logger.py 179): Eval. step 175 of 274
[2026-03-29 17:22:01](logger.py 179): Eval. step 200 of 274
[2026-03-29 17:22:02](logger.py 179): Eval. step 225 of 274
[2026-03-29 17:22:03](logger.py 179): Eval. step 250 of 274
[2026-03-29 17:22:03](logger.py 179): id=CC_FMNIST_E100_DT_1_0 | Ep. 89/100 | Time: 00:00 | loss_cc=4.565 - loss_ce=2.103 - loss_ne=0.0113 - loss_div=0.0 - threshold=1.0 - loss=6.68 - eval_confidence=0.911 - cluster_acc_0_eval=68.32 - cluster_nmi_0_eval=0.656 - cluster_ari_0_eval=0.556 - cluster_acc_1_eval=68.34 - cluster_nmi_1_eval=0.656 - cluster_ari_1_eval=0.556 - cluster_acc_2_eval=68.3 - cluster_nmi_2_eval=0.656 - cluster_ari_2_eval=0.556 - cluster_acc_3_eval=68.26 - cluster_nmi_3_eval=0.655 - cluster_ari_3_eval=0.555 - cluster_acc_4_eval=68.32 - cluster_nmi_4_eval=0.656 - cluster_ari_4_eval=0.556 - max_cluster_acc_eval=68.34 - mean_cluster_acc_eval=68.31 - min_cluster_acc_eval=68.26 - max_cluster_nmi_eval=0.656 - mean_cluster_nmi_eval=0.656 - min_cluster_nmi_eval=0.655 - max_cluster_ari_eval=0.556 - mean_cluster_ari_eval=0.556 - min_cluster_ari_eval=0.555 - interclustering_nmi_eval=0.983
/scratch/e0538389/DivClust/engine/trainer.py:41: FutureWarning: `torch.cuda.amp.autocast(args...)` is deprecated. Please use `torch.amp.autocast('cuda', args...)` instead.
  with autocast(self.mixed_precision):
[2026-03-29 17:22:04](logger.py 179): id=CC_FMNIST_E100_DT_1_0 | Ep. 90/100 - Step 0/273 (0.0 it/s) |                    | - loss_cc=4.582 - loss_ce=2.113 - loss_ne=0.0112 - loss_div=0.0 - threshold=1.0 - loss=6.706
[2026-03-29 17:22:07](logger.py 179): id=CC_FMNIST_E100_DT_1_0 | Ep. 90/100 - Step 25/273 (8.16 it/s) |#                   | - loss_cc=4.568 - loss_ce=2.105 - loss_ne=0.0119 - loss_div=0.0 - threshold=1.0 - loss=6.685
[2026-03-29 17:22:10](logger.py 179): id=CC_FMNIST_E100_DT_1_0 | Ep. 90/100 - Step 50/273 (8.2 it/s) |###                 | - loss_cc=4.567 - loss_ce=2.105 - loss_ne=0.0113 - loss_div=0.0 - threshold=1.0 - loss=6.683
[2026-03-29 17:22:13](logger.py 179): id=CC_FMNIST_E100_DT_1_0 | Ep. 90/100 - Step 75/273 (8.2 it/s) |#####               | - loss_cc=4.565 - loss_ce=2.103 - loss_ne=0.0111 - loss_div=0.0 - threshold=1.0 - loss=6.68
[2026-03-29 17:22:16](logger.py 179): id=CC_FMNIST_E100_DT_1_0 | Ep. 90/100 - Step 100/273 (8.22 it/s) |#######             | - loss_cc=4.565 - loss_ce=2.104 - loss_ne=0.0117 - loss_div=0.0 - threshold=1.0 - loss=6.681
[2026-03-29 17:22:19](logger.py 179): id=CC_FMNIST_E100_DT_1_0 | Ep. 90/100 - Step 125/273 (8.2 it/s) |#########           | - loss_cc=4.565 - loss_ce=2.104 - loss_ne=0.0117 - loss_div=0.0 - threshold=1.0 - loss=6.68
[2026-03-29 17:22:22](logger.py 179): id=CC_FMNIST_E100_DT_1_0 | Ep. 90/100 - Step 150/273 (8.21 it/s) |##########          | - loss_cc=4.563 - loss_ce=2.103 - loss_ne=0.0115 - loss_div=0.0 - threshold=1.0 - loss=6.678
[2026-03-29 17:22:25](logger.py 179): id=CC_FMNIST_E100_DT_1_0 | Ep. 90/100 - Step 175/273 (8.22 it/s) |############        | - loss_cc=4.564 - loss_ce=2.103 - loss_ne=0.0118 - loss_div=0.0 - threshold=1.0 - loss=6.679
[2026-03-29 17:22:28](logger.py 179): id=CC_FMNIST_E100_DT_1_0 | Ep. 90/100 - Step 200/273 (8.23 it/s) |##############      | - loss_cc=4.564 - loss_ce=2.103 - loss_ne=0.0117 - loss_div=0.0 - threshold=1.0 - loss=6.679
[2026-03-29 17:22:31](logger.py 179): id=CC_FMNIST_E100_DT_1_0 | Ep. 90/100 - Step 225/273 (8.24 it/s) |################    | - loss_cc=4.565 - loss_ce=2.104 - loss_ne=0.0117 - loss_div=0.0 - threshold=1.0 - loss=6.681
[2026-03-29 17:22:34](logger.py 179): id=CC_FMNIST_E100_DT_1_0 | Ep. 90/100 - Step 250/273 (8.23 it/s) |##################  | - loss_cc=4.565 - loss_ce=2.104 - loss_ne=0.0117 - loss_div=0.0 - threshold=1.0 - loss=6.68
[2026-03-29 17:22:37](logger.py 179): Evaluating
[2026-03-29 17:22:37](logger.py 179): Eval. step 0 of 274
[2026-03-29 17:22:38](logger.py 179): Eval. step 25 of 274
[2026-03-29 17:22:38](logger.py 179): Eval. step 50 of 274
[2026-03-29 17:22:39](logger.py 179): Eval. step 75 of 274
[2026-03-29 17:22:40](logger.py 179): Eval. step 100 of 274
[2026-03-29 17:22:40](logger.py 179): Eval. step 125 of 274
[2026-03-29 17:22:41](logger.py 179): Eval. step 150 of 274
[2026-03-29 17:22:42](logger.py 179): Eval. step 175 of 274
[2026-03-29 17:22:43](logger.py 179): Eval. step 200 of 274
[2026-03-29 17:22:43](logger.py 179): Eval. step 225 of 274
[2026-03-29 17:22:44](logger.py 179): Eval. step 250 of 274
[2026-03-29 17:22:45](logger.py 179): id=CC_FMNIST_E100_DT_1_0 | Ep. 90/100 | Time: 00:00 | loss_cc=4.565 - loss_ce=2.104 - loss_ne=0.0116 - loss_div=0.0 - threshold=1.0 - loss=6.68 - eval_confidence=0.915 - cluster_acc_0_eval=67.87 - cluster_nmi_0_eval=0.656 - cluster_ari_0_eval=0.555 - cluster_acc_1_eval=67.88 - cluster_nmi_1_eval=0.656 - cluster_ari_1_eval=0.554 - cluster_acc_2_eval=67.86 - cluster_nmi_2_eval=0.657 - cluster_ari_2_eval=0.555 - cluster_acc_3_eval=67.88 - cluster_nmi_3_eval=0.656 - cluster_ari_3_eval=0.555 - cluster_acc_4_eval=67.95 - cluster_nmi_4_eval=0.657 - cluster_ari_4_eval=0.555 - max_cluster_acc_eval=67.95 - mean_cluster_acc_eval=67.89 - min_cluster_acc_eval=67.86 - max_cluster_nmi_eval=0.657 - mean_cluster_nmi_eval=0.656 - min_cluster_nmi_eval=0.656 - max_cluster_ari_eval=0.555 - mean_cluster_ari_eval=0.555 - min_cluster_ari_eval=0.554 - interclustering_nmi_eval=0.983
/scratch/e0538389/DivClust/engine/trainer.py:41: FutureWarning: `torch.cuda.amp.autocast(args...)` is deprecated. Please use `torch.amp.autocast('cuda', args...)` instead.
  with autocast(self.mixed_precision):
[2026-03-29 17:22:45](logger.py 179): id=CC_FMNIST_E100_DT_1_0 | Ep. 91/100 - Step 0/273 (0.0 it/s) |                    | - loss_cc=4.56 - loss_ce=2.097 - loss_ne=0.00486 - loss_div=0.0 - threshold=1.0 - loss=6.662
[2026-03-29 17:22:48](logger.py 179): id=CC_FMNIST_E100_DT_1_0 | Ep. 91/100 - Step 25/273 (8.19 it/s) |#                   | - loss_cc=4.562 - loss_ce=2.101 - loss_ne=0.0114 - loss_div=0.0 - threshold=1.0 - loss=6.674
[2026-03-29 17:22:51](logger.py 179): id=CC_FMNIST_E100_DT_1_0 | Ep. 91/100 - Step 50/273 (8.19 it/s) |###                 | - loss_cc=4.563 - loss_ce=2.102 - loss_ne=0.011 - loss_div=0.0 - threshold=1.0 - loss=6.676
[2026-03-29 17:22:54](logger.py 179): id=CC_FMNIST_E100_DT_1_0 | Ep. 91/100 - Step 75/273 (8.21 it/s) |#####               | - loss_cc=4.563 - loss_ce=2.102 - loss_ne=0.0106 - loss_div=0.0 - threshold=1.0 - loss=6.676
[2026-03-29 17:22:58](logger.py 179): id=CC_FMNIST_E100_DT_1_0 | Ep. 91/100 - Step 100/273 (8.2 it/s) |#######             | - loss_cc=4.563 - loss_ce=2.102 - loss_ne=0.0105 - loss_div=0.0 - threshold=1.0 - loss=6.676
[2026-03-29 17:23:01](logger.py 179): id=CC_FMNIST_E100_DT_1_0 | Ep. 91/100 - Step 125/273 (8.22 it/s) |#########           | - loss_cc=4.561 - loss_ce=2.102 - loss_ne=0.0107 - loss_div=0.0 - threshold=1.0 - loss=6.673
[2026-03-29 17:23:04](logger.py 179): id=CC_FMNIST_E100_DT_1_0 | Ep. 91/100 - Step 150/273 (8.23 it/s) |##########          | - loss_cc=4.561 - loss_ce=2.102 - loss_ne=0.0108 - loss_div=0.0 - threshold=1.0 - loss=6.674
[2026-03-29 17:23:07](logger.py 179): id=CC_FMNIST_E100_DT_1_0 | Ep. 91/100 - Step 175/273 (8.25 it/s) |############        | - loss_cc=4.562 - loss_ce=2.103 - loss_ne=0.0107 - loss_div=0.0 - threshold=1.0 - loss=6.675
[2026-03-29 17:23:10](logger.py 179): id=CC_FMNIST_E100_DT_1_0 | Ep. 91/100 - Step 200/273 (8.27 it/s) |##############      | - loss_cc=4.562 - loss_ce=2.102 - loss_ne=0.0109 - loss_div=0.0 - threshold=1.0 - loss=6.675
[2026-03-29 17:23:13](logger.py 179): id=CC_FMNIST_E100_DT_1_0 | Ep. 91/100 - Step 225/273 (8.28 it/s) |################    | - loss_cc=4.562 - loss_ce=2.103 - loss_ne=0.0109 - loss_div=0.0 - threshold=1.0 - loss=6.676
[2026-03-29 17:23:16](logger.py 179): id=CC_FMNIST_E100_DT_1_0 | Ep. 91/100 - Step 250/273 (8.29 it/s) |##################  | - loss_cc=4.562 - loss_ce=2.103 - loss_ne=0.0108 - loss_div=0.0 - threshold=1.0 - loss=6.676
[2026-03-29 17:23:18](logger.py 179): Evaluating
[2026-03-29 17:23:18](logger.py 179): Eval. step 0 of 274
[2026-03-29 17:23:19](logger.py 179): Eval. step 25 of 274
[2026-03-29 17:23:20](logger.py 179): Eval. step 50 of 274
[2026-03-29 17:23:20](logger.py 179): Eval. step 75 of 274
[2026-03-29 17:23:21](logger.py 179): Eval. step 100 of 274
[2026-03-29 17:23:22](logger.py 179): Eval. step 125 of 274
[2026-03-29 17:23:22](logger.py 179): Eval. step 150 of 274
[2026-03-29 17:23:23](logger.py 179): Eval. step 175 of 274
[2026-03-29 17:23:24](logger.py 179): Eval. step 200 of 274
[2026-03-29 17:23:24](logger.py 179): Eval. step 225 of 274
[2026-03-29 17:23:25](logger.py 179): Eval. step 250 of 274
[2026-03-29 17:23:26](logger.py 179): id=CC_FMNIST_E100_DT_1_0 | Ep. 91/100 | Time: 00:00 | loss_cc=4.562 - loss_ce=2.103 - loss_ne=0.0108 - loss_div=0.0 - threshold=1.0 - loss=6.675 - eval_confidence=0.914 - cluster_acc_0_eval=67.82 - cluster_nmi_0_eval=0.648 - cluster_ari_0_eval=0.545 - cluster_acc_1_eval=67.77 - cluster_nmi_1_eval=0.648 - cluster_ari_1_eval=0.545 - cluster_acc_2_eval=67.84 - cluster_nmi_2_eval=0.649 - cluster_ari_2_eval=0.545 - cluster_acc_3_eval=67.81 - cluster_nmi_3_eval=0.648 - cluster_ari_3_eval=0.544 - cluster_acc_4_eval=67.91 - cluster_nmi_4_eval=0.649 - cluster_ari_4_eval=0.546 - max_cluster_acc_eval=67.91 - mean_cluster_acc_eval=67.83 - min_cluster_acc_eval=67.77 - max_cluster_nmi_eval=0.649 - mean_cluster_nmi_eval=0.649 - min_cluster_nmi_eval=0.648 - max_cluster_ari_eval=0.546 - mean_cluster_ari_eval=0.545 - min_cluster_ari_eval=0.544 - interclustering_nmi_eval=0.984
/scratch/e0538389/DivClust/engine/trainer.py:41: FutureWarning: `torch.cuda.amp.autocast(args...)` is deprecated. Please use `torch.amp.autocast('cuda', args...)` instead.
  with autocast(self.mixed_precision):
[2026-03-29 17:23:27](logger.py 179): id=CC_FMNIST_E100_DT_1_0 | Ep. 92/100 - Step 0/273 (0.0 it/s) |                    | - loss_cc=4.56 - loss_ce=2.092 - loss_ne=0.00864 - loss_div=0.0 - threshold=1.0 - loss=6.66
[2026-03-29 17:23:30](logger.py 179): id=CC_FMNIST_E100_DT_1_0 | Ep. 92/100 - Step 25/273 (8.31 it/s) |#                   | - loss_cc=4.561 - loss_ce=2.101 - loss_ne=0.0121 - loss_div=0.0 - threshold=1.0 - loss=6.674
[2026-03-29 17:23:33](logger.py 179): id=CC_FMNIST_E100_DT_1_0 | Ep. 92/100 - Step 50/273 (8.28 it/s) |###                 | - loss_cc=4.559 - loss_ce=2.1 - loss_ne=0.012 - loss_div=0.0 - threshold=1.0 - loss=6.671
[2026-03-29 17:23:36](logger.py 179): id=CC_FMNIST_E100_DT_1_0 | Ep. 92/100 - Step 75/273 (8.25 it/s) |#####               | - loss_cc=4.559 - loss_ce=2.101 - loss_ne=0.0114 - loss_div=0.0 - threshold=1.0 - loss=6.671
[2026-03-29 17:23:39](logger.py 179): id=CC_FMNIST_E100_DT_1_0 | Ep. 92/100 - Step 100/273 (8.24 it/s) |#######             | - loss_cc=4.559 - loss_ce=2.101 - loss_ne=0.0112 - loss_div=0.0 - threshold=1.0 - loss=6.671
[2026-03-29 17:23:42](logger.py 179): id=CC_FMNIST_E100_DT_1_0 | Ep. 92/100 - Step 125/273 (8.23 it/s) |#########           | - loss_cc=4.559 - loss_ce=2.102 - loss_ne=0.0111 - loss_div=0.0 - threshold=1.0 - loss=6.672
[2026-03-29 17:23:45](logger.py 179): id=CC_FMNIST_E100_DT_1_0 | Ep. 92/100 - Step 150/273 (8.23 it/s) |##########          | - loss_cc=4.56 - loss_ce=2.102 - loss_ne=0.011 - loss_div=0.0 - threshold=1.0 - loss=6.673
[2026-03-29 17:23:48](logger.py 179): id=CC_FMNIST_E100_DT_1_0 | Ep. 92/100 - Step 175/273 (8.24 it/s) |############        | - loss_cc=4.56 - loss_ce=2.102 - loss_ne=0.0113 - loss_div=0.0 - threshold=1.0 - loss=6.674
[2026-03-29 17:23:51](logger.py 179): id=CC_FMNIST_E100_DT_1_0 | Ep. 92/100 - Step 200/273 (8.23 it/s) |##############      | - loss_cc=4.56 - loss_ce=2.102 - loss_ne=0.0113 - loss_div=0.0 - threshold=1.0 - loss=6.674
[2026-03-29 17:23:54](logger.py 179): id=CC_FMNIST_E100_DT_1_0 | Ep. 92/100 - Step 225/273 (8.24 it/s) |################    | - loss_cc=4.56 - loss_ce=2.102 - loss_ne=0.0111 - loss_div=0.0 - threshold=1.0 - loss=6.674
[2026-03-29 17:23:57](logger.py 179): id=CC_FMNIST_E100_DT_1_0 | Ep. 92/100 - Step 250/273 (8.23 it/s) |##################  | - loss_cc=4.561 - loss_ce=2.102 - loss_ne=0.0111 - loss_div=0.0 - threshold=1.0 - loss=6.674
[2026-03-29 17:23:59](logger.py 179): Evaluating
[2026-03-29 17:24:00](logger.py 179): Eval. step 0 of 274
[2026-03-29 17:24:00](logger.py 179): Eval. step 25 of 274
[2026-03-29 17:24:01](logger.py 179): Eval. step 50 of 274
[2026-03-29 17:24:02](logger.py 179): Eval. step 75 of 274
[2026-03-29 17:24:02](logger.py 179): Eval. step 100 of 274
[2026-03-29 17:24:03](logger.py 179): Eval. step 125 of 274
[2026-03-29 17:24:04](logger.py 179): Eval. step 150 of 274
[2026-03-29 17:24:04](logger.py 179): Eval. step 175 of 274
[2026-03-29 17:24:05](logger.py 179): Eval. step 200 of 274
[2026-03-29 17:24:06](logger.py 179): Eval. step 225 of 274
[2026-03-29 17:24:06](logger.py 179): Eval. step 250 of 274
[2026-03-29 17:24:07](logger.py 179): id=CC_FMNIST_E100_DT_1_0 | Ep. 92/100 | Time: 00:00 | loss_cc=4.561 - loss_ce=2.102 - loss_ne=0.0112 - loss_div=0.0 - threshold=1.0 - loss=6.675 - eval_confidence=0.908 - cluster_acc_0_eval=67.96 - cluster_nmi_0_eval=0.652 - cluster_ari_0_eval=0.551 - cluster_acc_1_eval=67.88 - cluster_nmi_1_eval=0.651 - cluster_ari_1_eval=0.55 - cluster_acc_2_eval=67.9 - cluster_nmi_2_eval=0.651 - cluster_ari_2_eval=0.55 - cluster_acc_3_eval=67.93 - cluster_nmi_3_eval=0.651 - cluster_ari_3_eval=0.55 - cluster_acc_4_eval=68.0 - cluster_nmi_4_eval=0.652 - cluster_ari_4_eval=0.551 - max_cluster_acc_eval=68.0 - mean_cluster_acc_eval=67.94 - min_cluster_acc_eval=67.88 - max_cluster_nmi_eval=0.652 - mean_cluster_nmi_eval=0.651 - min_cluster_nmi_eval=0.651 - max_cluster_ari_eval=0.551 - mean_cluster_ari_eval=0.55 - min_cluster_ari_eval=0.55 - interclustering_nmi_eval=0.982
/scratch/e0538389/DivClust/engine/trainer.py:41: FutureWarning: `torch.cuda.amp.autocast(args...)` is deprecated. Please use `torch.amp.autocast('cuda', args...)` instead.
  with autocast(self.mixed_precision):
[2026-03-29 17:24:08](logger.py 179): id=CC_FMNIST_E100_DT_1_0 | Ep. 93/100 - Step 0/273 (0.0 it/s) |                    | - loss_cc=4.58 - loss_ce=2.101 - loss_ne=0.0097 - loss_div=0.0 - threshold=1.0 - loss=6.691
[2026-03-29 17:24:11](logger.py 179): id=CC_FMNIST_E100_DT_1_0 | Ep. 93/100 - Step 25/273 (8.18 it/s) |#                   | - loss_cc=4.565 - loss_ce=2.103 - loss_ne=0.0132 - loss_div=0.0 - threshold=1.0 - loss=6.68
[2026-03-29 17:24:14](logger.py 179): id=CC_FMNIST_E100_DT_1_0 | Ep. 93/100 - Step 50/273 (8.2 it/s) |###                 | - loss_cc=4.563 - loss_ce=2.102 - loss_ne=0.0121 - loss_div=0.0 - threshold=1.0 - loss=6.677
[2026-03-29 17:24:17](logger.py 179): id=CC_FMNIST_E100_DT_1_0 | Ep. 93/100 - Step 75/273 (8.22 it/s) |#####               | - loss_cc=4.562 - loss_ce=2.102 - loss_ne=0.0118 - loss_div=0.0 - threshold=1.0 - loss=6.676
[2026-03-29 17:24:20](logger.py 179): id=CC_FMNIST_E100_DT_1_0 | Ep. 93/100 - Step 100/273 (8.23 it/s) |#######             | - loss_cc=4.561 - loss_ce=2.102 - loss_ne=0.0119 - loss_div=0.0 - threshold=1.0 - loss=6.675
[2026-03-29 17:24:23](logger.py 179): id=CC_FMNIST_E100_DT_1_0 | Ep. 93/100 - Step 125/273 (8.23 it/s) |#########           | - loss_cc=4.562 - loss_ce=2.103 - loss_ne=0.012 - loss_div=0.0 - threshold=1.0 - loss=6.676
[2026-03-29 17:24:26](logger.py 179): id=CC_FMNIST_E100_DT_1_0 | Ep. 93/100 - Step 150/273 (8.25 it/s) |##########          | - loss_cc=4.562 - loss_ce=2.103 - loss_ne=0.0118 - loss_div=0.0 - threshold=1.0 - loss=6.676
[2026-03-29 17:24:29](logger.py 179): id=CC_FMNIST_E100_DT_1_0 | Ep. 93/100 - Step 175/273 (8.24 it/s) |############        | - loss_cc=4.562 - loss_ce=2.103 - loss_ne=0.0118 - loss_div=0.0 - threshold=1.0 - loss=6.676
[2026-03-29 17:24:32](logger.py 179): id=CC_FMNIST_E100_DT_1_0 | Ep. 93/100 - Step 200/273 (8.25 it/s) |##############      | - loss_cc=4.561 - loss_ce=2.103 - loss_ne=0.0118 - loss_div=0.0 - threshold=1.0 - loss=6.675
[2026-03-29 17:24:35](logger.py 179): id=CC_FMNIST_E100_DT_1_0 | Ep. 93/100 - Step 225/273 (8.25 it/s) |################    | - loss_cc=4.561 - loss_ce=2.102 - loss_ne=0.0118 - loss_div=0.0 - threshold=1.0 - loss=6.675
[2026-03-29 17:24:38](logger.py 179): id=CC_FMNIST_E100_DT_1_0 | Ep. 93/100 - Step 250/273 (8.26 it/s) |##################  | - loss_cc=4.561 - loss_ce=2.102 - loss_ne=0.0116 - loss_div=0.0 - threshold=1.0 - loss=6.675
[2026-03-29 17:24:41](logger.py 179): Evaluating
[2026-03-29 17:24:41](logger.py 179): Eval. step 0 of 274
[2026-03-29 17:24:42](logger.py 179): Eval. step 25 of 274
[2026-03-29 17:24:42](logger.py 179): Eval. step 50 of 274
[2026-03-29 17:24:43](logger.py 179): Eval. step 75 of 274
[2026-03-29 17:24:44](logger.py 179): Eval. step 100 of 274
[2026-03-29 17:24:44](logger.py 179): Eval. step 125 of 274
[2026-03-29 17:24:45](logger.py 179): Eval. step 150 of 274
[2026-03-29 17:24:46](logger.py 179): Eval. step 175 of 274
[2026-03-29 17:24:46](logger.py 179): Eval. step 200 of 274
[2026-03-29 17:24:47](logger.py 179): Eval. step 225 of 274
[2026-03-29 17:24:48](logger.py 179): Eval. step 250 of 274
[2026-03-29 17:24:49](logger.py 179): id=CC_FMNIST_E100_DT_1_0 | Ep. 93/100 | Time: 00:00 | loss_cc=4.561 - loss_ce=2.102 - loss_ne=0.0116 - loss_div=0.0 - threshold=1.0 - loss=6.675 - eval_confidence=0.909 - cluster_acc_0_eval=67.49 - cluster_nmi_0_eval=0.648 - cluster_ari_0_eval=0.549 - cluster_acc_1_eval=67.49 - cluster_nmi_1_eval=0.648 - cluster_ari_1_eval=0.548 - cluster_acc_2_eval=67.43 - cluster_nmi_2_eval=0.647 - cluster_ari_2_eval=0.548 - cluster_acc_3_eval=67.5 - cluster_nmi_3_eval=0.648 - cluster_ari_3_eval=0.548 - cluster_acc_4_eval=67.51 - cluster_nmi_4_eval=0.648 - cluster_ari_4_eval=0.548 - max_cluster_acc_eval=67.51 - mean_cluster_acc_eval=67.48 - min_cluster_acc_eval=67.43 - max_cluster_nmi_eval=0.648 - mean_cluster_nmi_eval=0.648 - min_cluster_nmi_eval=0.647 - max_cluster_ari_eval=0.549 - mean_cluster_ari_eval=0.548 - min_cluster_ari_eval=0.548 - interclustering_nmi_eval=0.982
/scratch/e0538389/DivClust/engine/trainer.py:41: FutureWarning: `torch.cuda.amp.autocast(args...)` is deprecated. Please use `torch.amp.autocast('cuda', args...)` instead.
  with autocast(self.mixed_precision):
[2026-03-29 17:24:49](logger.py 179): id=CC_FMNIST_E100_DT_1_0 | Ep. 94/100 - Step 0/273 (0.0 it/s) |                    | - loss_cc=4.528 - loss_ce=2.088 - loss_ne=0.0169 - loss_div=0.0 - threshold=1.0 - loss=6.633
[2026-03-29 17:24:52](logger.py 179): id=CC_FMNIST_E100_DT_1_0 | Ep. 94/100 - Step 25/273 (8.26 it/s) |#                   | - loss_cc=4.556 - loss_ce=2.099 - loss_ne=0.0103 - loss_div=0.0 - threshold=1.0 - loss=6.665
[2026-03-29 17:24:55](logger.py 179): id=CC_FMNIST_E100_DT_1_0 | Ep. 94/100 - Step 50/273 (8.25 it/s) |###                 | - loss_cc=4.561 - loss_ce=2.102 - loss_ne=0.0115 - loss_div=0.0 - threshold=1.0 - loss=6.674
[2026-03-29 17:24:58](logger.py 179): id=CC_FMNIST_E100_DT_1_0 | Ep. 94/100 - Step 75/273 (8.26 it/s) |#####               | - loss_cc=4.562 - loss_ce=2.102 - loss_ne=0.0115 - loss_div=0.0 - threshold=1.0 - loss=6.675
[2026-03-29 17:25:01](logger.py 179): id=CC_FMNIST_E100_DT_1_0 | Ep. 94/100 - Step 100/273 (8.27 it/s) |#######             | - loss_cc=4.562 - loss_ce=2.102 - loss_ne=0.0116 - loss_div=0.0 - threshold=1.0 - loss=6.676
[2026-03-29 17:25:04](logger.py 179): id=CC_FMNIST_E100_DT_1_0 | Ep. 94/100 - Step 125/273 (8.28 it/s) |#########           | - loss_cc=4.561 - loss_ce=2.103 - loss_ne=0.0115 - loss_div=0.0 - threshold=1.0 - loss=6.676
[2026-03-29 17:25:07](logger.py 179): id=CC_FMNIST_E100_DT_1_0 | Ep. 94/100 - Step 150/273 (8.28 it/s) |##########          | - loss_cc=4.562 - loss_ce=2.103 - loss_ne=0.0115 - loss_div=0.0 - threshold=1.0 - loss=6.676
[2026-03-29 17:25:10](logger.py 179): id=CC_FMNIST_E100_DT_1_0 | Ep. 94/100 - Step 175/273 (8.27 it/s) |############        | - loss_cc=4.561 - loss_ce=2.102 - loss_ne=0.0116 - loss_div=0.0 - threshold=1.0 - loss=6.675
[2026-03-29 17:25:13](logger.py 179): id=CC_FMNIST_E100_DT_1_0 | Ep. 94/100 - Step 200/273 (8.28 it/s) |##############      | - loss_cc=4.562 - loss_ce=2.103 - loss_ne=0.0117 - loss_div=0.0 - threshold=1.0 - loss=6.677
[2026-03-29 17:25:16](logger.py 179): id=CC_FMNIST_E100_DT_1_0 | Ep. 94/100 - Step 225/273 (8.29 it/s) |################    | - loss_cc=4.562 - loss_ce=2.103 - loss_ne=0.0119 - loss_div=0.0 - threshold=1.0 - loss=6.676
[2026-03-29 17:25:19](logger.py 179): id=CC_FMNIST_E100_DT_1_0 | Ep. 94/100 - Step 250/273 (8.29 it/s) |##################  | - loss_cc=4.562 - loss_ce=2.103 - loss_ne=0.0119 - loss_div=0.0 - threshold=1.0 - loss=6.677
[2026-03-29 17:25:22](logger.py 179): Evaluating
[2026-03-29 17:25:22](logger.py 179): Eval. step 0 of 274
[2026-03-29 17:25:23](logger.py 179): Eval. step 25 of 274
[2026-03-29 17:25:23](logger.py 179): Eval. step 50 of 274
[2026-03-29 17:25:24](logger.py 179): Eval. step 75 of 274
[2026-03-29 17:25:25](logger.py 179): Eval. step 100 of 274
[2026-03-29 17:25:25](logger.py 179): Eval. step 125 of 274
[2026-03-29 17:25:26](logger.py 179): Eval. step 150 of 274
[2026-03-29 17:25:27](logger.py 179): Eval. step 175 of 274
[2026-03-29 17:25:27](logger.py 179): Eval. step 200 of 274
[2026-03-29 17:25:28](logger.py 179): Eval. step 225 of 274
[2026-03-29 17:25:29](logger.py 179): Eval. step 250 of 274
[2026-03-29 17:25:30](logger.py 179): id=CC_FMNIST_E100_DT_1_0 | Ep. 94/100 | Time: 00:00 | loss_cc=4.561 - loss_ce=2.102 - loss_ne=0.0118 - loss_div=0.0 - threshold=1.0 - loss=6.675 - eval_confidence=0.912 - cluster_acc_0_eval=68.64 - cluster_nmi_0_eval=0.658 - cluster_ari_0_eval=0.56 - cluster_acc_1_eval=68.64 - cluster_nmi_1_eval=0.659 - cluster_ari_1_eval=0.561 - cluster_acc_2_eval=68.63 - cluster_nmi_2_eval=0.659 - cluster_ari_2_eval=0.561 - cluster_acc_3_eval=68.69 - cluster_nmi_3_eval=0.659 - cluster_ari_3_eval=0.561 - cluster_acc_4_eval=68.72 - cluster_nmi_4_eval=0.659 - cluster_ari_4_eval=0.561 - max_cluster_acc_eval=68.72 - mean_cluster_acc_eval=68.67 - min_cluster_acc_eval=68.63 - max_cluster_nmi_eval=0.659 - mean_cluster_nmi_eval=0.659 - min_cluster_nmi_eval=0.658 - max_cluster_ari_eval=0.561 - mean_cluster_ari_eval=0.561 - min_cluster_ari_eval=0.56 - interclustering_nmi_eval=0.981
/scratch/e0538389/DivClust/engine/trainer.py:41: FutureWarning: `torch.cuda.amp.autocast(args...)` is deprecated. Please use `torch.amp.autocast('cuda', args...)` instead.
  with autocast(self.mixed_precision):
[2026-03-29 17:25:30](logger.py 179): id=CC_FMNIST_E100_DT_1_0 | Ep. 95/100 - Step 0/273 (0.0 it/s) |                    | - loss_cc=4.544 - loss_ce=2.093 - loss_ne=0.014 - loss_div=0.0 - threshold=1.0 - loss=6.651
[2026-03-29 17:25:33](logger.py 179): id=CC_FMNIST_E100_DT_1_0 | Ep. 95/100 - Step 25/273 (8.21 it/s) |#                   | - loss_cc=4.564 - loss_ce=2.104 - loss_ne=0.0108 - loss_div=0.0 - threshold=1.0 - loss=6.678
[2026-03-29 17:25:36](logger.py 179): id=CC_FMNIST_E100_DT_1_0 | Ep. 95/100 - Step 50/273 (8.24 it/s) |###                 | - loss_cc=4.559 - loss_ce=2.102 - loss_ne=0.0108 - loss_div=0.0 - threshold=1.0 - loss=6.672
[2026-03-29 17:25:39](logger.py 179): id=CC_FMNIST_E100_DT_1_0 | Ep. 95/100 - Step 75/273 (8.27 it/s) |#####               | - loss_cc=4.561 - loss_ce=2.102 - loss_ne=0.0111 - loss_div=0.0 - threshold=1.0 - loss=6.674
[2026-03-29 17:25:42](logger.py 179): id=CC_FMNIST_E100_DT_1_0 | Ep. 95/100 - Step 100/273 (8.27 it/s) |#######             | - loss_cc=4.559 - loss_ce=2.101 - loss_ne=0.0106 - loss_div=0.0 - threshold=1.0 - loss=6.671
[2026-03-29 17:25:45](logger.py 179): id=CC_FMNIST_E100_DT_1_0 | Ep. 95/100 - Step 125/273 (8.27 it/s) |#########           | - loss_cc=4.561 - loss_ce=2.102 - loss_ne=0.0107 - loss_div=0.0 - threshold=1.0 - loss=6.673
[2026-03-29 17:25:48](logger.py 179): id=CC_FMNIST_E100_DT_1_0 | Ep. 95/100 - Step 150/273 (8.28 it/s) |##########          | - loss_cc=4.561 - loss_ce=2.102 - loss_ne=0.0107 - loss_div=0.0 - threshold=1.0 - loss=6.673
[2026-03-29 17:25:51](logger.py 179): id=CC_FMNIST_E100_DT_1_0 | Ep. 95/100 - Step 175/273 (8.28 it/s) |############        | - loss_cc=4.56 - loss_ce=2.102 - loss_ne=0.0107 - loss_div=0.0 - threshold=1.0 - loss=6.673
[2026-03-29 17:25:54](logger.py 179): id=CC_FMNIST_E100_DT_1_0 | Ep. 95/100 - Step 200/273 (8.28 it/s) |##############      | - loss_cc=4.56 - loss_ce=2.102 - loss_ne=0.0108 - loss_div=0.0 - threshold=1.0 - loss=6.673
[2026-03-29 17:25:57](logger.py 179): id=CC_FMNIST_E100_DT_1_0 | Ep. 95/100 - Step 225/273 (8.28 it/s) |################    | - loss_cc=4.56 - loss_ce=2.102 - loss_ne=0.0108 - loss_div=0.0 - threshold=1.0 - loss=6.673
[2026-03-29 17:26:00](logger.py 179): id=CC_FMNIST_E100_DT_1_0 | Ep. 95/100 - Step 250/273 (8.28 it/s) |##################  | - loss_cc=4.561 - loss_ce=2.102 - loss_ne=0.0109 - loss_div=0.0 - threshold=1.0 - loss=6.674
[2026-03-29 17:26:03](logger.py 179): Evaluating
[2026-03-29 17:26:03](logger.py 179): Eval. step 0 of 274
[2026-03-29 17:26:04](logger.py 179): Eval. step 25 of 274
[2026-03-29 17:26:05](logger.py 179): Eval. step 50 of 274
[2026-03-29 17:26:05](logger.py 179): Eval. step 75 of 274
[2026-03-29 17:26:06](logger.py 179): Eval. step 100 of 274
[2026-03-29 17:26:07](logger.py 179): Eval. step 125 of 274
[2026-03-29 17:26:07](logger.py 179): Eval. step 150 of 274
[2026-03-29 17:26:08](logger.py 179): Eval. step 175 of 274
[2026-03-29 17:26:09](logger.py 179): Eval. step 200 of 274
[2026-03-29 17:26:09](logger.py 179): Eval. step 225 of 274
[2026-03-29 17:26:10](logger.py 179): Eval. step 250 of 274
[2026-03-29 17:26:11](logger.py 179): id=CC_FMNIST_E100_DT_1_0 | Ep. 95/100 | Time: 00:00 | loss_cc=4.561 - loss_ce=2.102 - loss_ne=0.0109 - loss_div=0.0 - threshold=1.0 - loss=6.674 - eval_confidence=0.906 - cluster_acc_0_eval=68.55 - cluster_nmi_0_eval=0.661 - cluster_ari_0_eval=0.563 - cluster_acc_1_eval=68.5 - cluster_nmi_1_eval=0.661 - cluster_ari_1_eval=0.562 - cluster_acc_2_eval=68.47 - cluster_nmi_2_eval=0.66 - cluster_ari_2_eval=0.561 - cluster_acc_3_eval=68.45 - cluster_nmi_3_eval=0.66 - cluster_ari_3_eval=0.562 - cluster_acc_4_eval=68.54 - cluster_nmi_4_eval=0.661 - cluster_ari_4_eval=0.562 - max_cluster_acc_eval=68.55 - mean_cluster_acc_eval=68.5 - min_cluster_acc_eval=68.45 - max_cluster_nmi_eval=0.661 - mean_cluster_nmi_eval=0.661 - min_cluster_nmi_eval=0.66 - max_cluster_ari_eval=0.563 - mean_cluster_ari_eval=0.562 - min_cluster_ari_eval=0.561 - interclustering_nmi_eval=0.982
/scratch/e0538389/DivClust/engine/trainer.py:41: FutureWarning: `torch.cuda.amp.autocast(args...)` is deprecated. Please use `torch.amp.autocast('cuda', args...)` instead.
  with autocast(self.mixed_precision):
[2026-03-29 17:26:11](logger.py 179): id=CC_FMNIST_E100_DT_1_0 | Ep. 96/100 - Step 0/273 (0.0 it/s) |                    | - loss_cc=4.556 - loss_ce=2.099 - loss_ne=0.0142 - loss_div=0.0 - threshold=1.0 - loss=6.67
[2026-03-29 17:26:15](logger.py 179): id=CC_FMNIST_E100_DT_1_0 | Ep. 96/100 - Step 25/273 (8.16 it/s) |#                   | - loss_cc=4.561 - loss_ce=2.104 - loss_ne=0.0128 - loss_div=0.0 - threshold=1.0 - loss=6.679
[2026-03-29 17:26:18](logger.py 179): id=CC_FMNIST_E100_DT_1_0 | Ep. 96/100 - Step 50/273 (8.16 it/s) |###                 | - loss_cc=4.566 - loss_ce=2.106 - loss_ne=0.0123 - loss_div=0.0 - threshold=1.0 - loss=6.684
[2026-03-29 17:26:21](logger.py 179): id=CC_FMNIST_E100_DT_1_0 | Ep. 96/100 - Step 75/273 (8.21 it/s) |#####               | - loss_cc=4.564 - loss_ce=2.105 - loss_ne=0.0118 - loss_div=0.0 - threshold=1.0 - loss=6.681
[2026-03-29 17:26:24](logger.py 179): id=CC_FMNIST_E100_DT_1_0 | Ep. 96/100 - Step 100/273 (8.22 it/s) |#######             | - loss_cc=4.563 - loss_ce=2.104 - loss_ne=0.0118 - loss_div=0.0 - threshold=1.0 - loss=6.679
[2026-03-29 17:26:27](logger.py 179): id=CC_FMNIST_E100_DT_1_0 | Ep. 96/100 - Step 125/273 (8.22 it/s) |#########           | - loss_cc=4.562 - loss_ce=2.103 - loss_ne=0.0118 - loss_div=0.0 - threshold=1.0 - loss=6.676
[2026-03-29 17:26:30](logger.py 179): id=CC_FMNIST_E100_DT_1_0 | Ep. 96/100 - Step 150/273 (8.23 it/s) |##########          | - loss_cc=4.561 - loss_ce=2.103 - loss_ne=0.0117 - loss_div=0.0 - threshold=1.0 - loss=6.675
[2026-03-29 17:26:33](logger.py 179): id=CC_FMNIST_E100_DT_1_0 | Ep. 96/100 - Step 175/273 (8.24 it/s) |############        | - loss_cc=4.561 - loss_ce=2.103 - loss_ne=0.0117 - loss_div=0.0 - threshold=1.0 - loss=6.676
[2026-03-29 17:26:36](logger.py 179): id=CC_FMNIST_E100_DT_1_0 | Ep. 96/100 - Step 200/273 (8.22 it/s) |##############      | - loss_cc=4.56 - loss_ce=2.102 - loss_ne=0.0117 - loss_div=0.0 - threshold=1.0 - loss=6.674
[2026-03-29 17:26:39](logger.py 179): id=CC_FMNIST_E100_DT_1_0 | Ep. 96/100 - Step 225/273 (8.22 it/s) |################    | - loss_cc=4.559 - loss_ce=2.102 - loss_ne=0.0116 - loss_div=0.0 - threshold=1.0 - loss=6.673
[2026-03-29 17:26:42](logger.py 179): id=CC_FMNIST_E100_DT_1_0 | Ep. 96/100 - Step 250/273 (8.22 it/s) |##################  | - loss_cc=4.559 - loss_ce=2.102 - loss_ne=0.0117 - loss_div=0.0 - threshold=1.0 - loss=6.673
[2026-03-29 17:26:44](logger.py 179): Evaluating
[2026-03-29 17:26:45](logger.py 179): Eval. step 0 of 274
[2026-03-29 17:26:45](logger.py 179): Eval. step 25 of 274
[2026-03-29 17:26:46](logger.py 179): Eval. step 50 of 274
[2026-03-29 17:26:47](logger.py 179): Eval. step 75 of 274
[2026-03-29 17:26:47](logger.py 179): Eval. step 100 of 274
[2026-03-29 17:26:48](logger.py 179): Eval. step 125 of 274
[2026-03-29 17:26:49](logger.py 179): Eval. step 150 of 274
[2026-03-29 17:26:49](logger.py 179): Eval. step 175 of 274
[2026-03-29 17:26:50](logger.py 179): Eval. step 200 of 274
[2026-03-29 17:26:51](logger.py 179): Eval. step 225 of 274
[2026-03-29 17:26:51](logger.py 179): Eval. step 250 of 274
[2026-03-29 17:26:52](logger.py 179): id=CC_FMNIST_E100_DT_1_0 | Ep. 96/100 | Time: 00:00 | loss_cc=4.559 - loss_ce=2.102 - loss_ne=0.0116 - loss_div=0.0 - threshold=1.0 - loss=6.673 - eval_confidence=0.909 - cluster_acc_0_eval=68.44 - cluster_nmi_0_eval=0.655 - cluster_ari_0_eval=0.556 - cluster_acc_1_eval=68.35 - cluster_nmi_1_eval=0.654 - cluster_ari_1_eval=0.555 - cluster_acc_2_eval=68.41 - cluster_nmi_2_eval=0.655 - cluster_ari_2_eval=0.555 - cluster_acc_3_eval=68.42 - cluster_nmi_3_eval=0.655 - cluster_ari_3_eval=0.556 - cluster_acc_4_eval=68.49 - cluster_nmi_4_eval=0.655 - cluster_ari_4_eval=0.556 - max_cluster_acc_eval=68.49 - mean_cluster_acc_eval=68.42 - min_cluster_acc_eval=68.35 - max_cluster_nmi_eval=0.655 - mean_cluster_nmi_eval=0.655 - min_cluster_nmi_eval=0.654 - max_cluster_ari_eval=0.556 - mean_cluster_ari_eval=0.556 - min_cluster_ari_eval=0.555 - interclustering_nmi_eval=0.982
/scratch/e0538389/DivClust/engine/trainer.py:41: FutureWarning: `torch.cuda.amp.autocast(args...)` is deprecated. Please use `torch.amp.autocast('cuda', args...)` instead.
  with autocast(self.mixed_precision):
[2026-03-29 17:26:53](logger.py 179): id=CC_FMNIST_E100_DT_1_0 | Ep. 97/100 - Step 0/273 (0.0 it/s) |                    | - loss_cc=4.554 - loss_ce=2.103 - loss_ne=0.0129 - loss_div=0.0 - threshold=1.0 - loss=6.67
[2026-03-29 17:26:56](logger.py 179): id=CC_FMNIST_E100_DT_1_0 | Ep. 97/100 - Step 25/273 (8.24 it/s) |#                   | - loss_cc=4.561 - loss_ce=2.101 - loss_ne=0.0103 - loss_div=0.0 - threshold=1.0 - loss=6.673
[2026-03-29 17:26:59](logger.py 179): id=CC_FMNIST_E100_DT_1_0 | Ep. 97/100 - Step 50/273 (8.29 it/s) |###                 | - loss_cc=4.561 - loss_ce=2.101 - loss_ne=0.0109 - loss_div=0.0 - threshold=1.0 - loss=6.673
[2026-03-29 17:27:02](logger.py 179): id=CC_FMNIST_E100_DT_1_0 | Ep. 97/100 - Step 75/273 (8.32 it/s) |#####               | - loss_cc=4.562 - loss_ce=2.102 - loss_ne=0.0109 - loss_div=0.0 - threshold=1.0 - loss=6.675
[2026-03-29 17:27:05](logger.py 179): id=CC_FMNIST_E100_DT_1_0 | Ep. 97/100 - Step 100/273 (8.33 it/s) |#######             | - loss_cc=4.56 - loss_ce=2.102 - loss_ne=0.0118 - loss_div=0.0 - threshold=1.0 - loss=6.674
[2026-03-29 17:27:08](logger.py 179): id=CC_FMNIST_E100_DT_1_0 | Ep. 97/100 - Step 125/273 (8.33 it/s) |#########           | - loss_cc=4.56 - loss_ce=2.102 - loss_ne=0.0114 - loss_div=0.0 - threshold=1.0 - loss=6.674
[2026-03-29 17:27:11](logger.py 179): id=CC_FMNIST_E100_DT_1_0 | Ep. 97/100 - Step 150/273 (8.32 it/s) |##########          | - loss_cc=4.559 - loss_ce=2.102 - loss_ne=0.0114 - loss_div=0.0 - threshold=1.0 - loss=6.673
[2026-03-29 17:27:14](logger.py 179): id=CC_FMNIST_E100_DT_1_0 | Ep. 97/100 - Step 175/273 (8.32 it/s) |############        | - loss_cc=4.559 - loss_ce=2.102 - loss_ne=0.0111 - loss_div=0.0 - threshold=1.0 - loss=6.673
[2026-03-29 17:27:17](logger.py 179): id=CC_FMNIST_E100_DT_1_0 | Ep. 97/100 - Step 200/273 (8.31 it/s) |##############      | - loss_cc=4.559 - loss_ce=2.102 - loss_ne=0.0109 - loss_div=0.0 - threshold=1.0 - loss=6.672
[2026-03-29 17:27:20](logger.py 179): id=CC_FMNIST_E100_DT_1_0 | Ep. 97/100 - Step 225/273 (8.31 it/s) |################    | - loss_cc=4.558 - loss_ce=2.102 - loss_ne=0.011 - loss_div=0.0 - threshold=1.0 - loss=6.671
[2026-03-29 17:27:23](logger.py 179): id=CC_FMNIST_E100_DT_1_0 | Ep. 97/100 - Step 250/273 (8.31 it/s) |##################  | - loss_cc=4.558 - loss_ce=2.101 - loss_ne=0.0109 - loss_div=0.0 - threshold=1.0 - loss=6.67
[2026-03-29 17:27:26](logger.py 179): Evaluating
[2026-03-29 17:27:26](logger.py 179): Eval. step 0 of 274
[2026-03-29 17:27:26](logger.py 179): Eval. step 25 of 274
[2026-03-29 17:27:27](logger.py 179): Eval. step 50 of 274
[2026-03-29 17:27:28](logger.py 179): Eval. step 75 of 274
[2026-03-29 17:27:28](logger.py 179): Eval. step 100 of 274
[2026-03-29 17:27:29](logger.py 179): Eval. step 125 of 274
[2026-03-29 17:27:30](logger.py 179): Eval. step 150 of 274
[2026-03-29 17:27:30](logger.py 179): Eval. step 175 of 274
[2026-03-29 17:27:31](logger.py 179): Eval. step 200 of 274
[2026-03-29 17:27:32](logger.py 179): Eval. step 225 of 274
[2026-03-29 17:27:32](logger.py 179): Eval. step 250 of 274
[2026-03-29 17:27:33](logger.py 179): id=CC_FMNIST_E100_DT_1_0 | Ep. 97/100 | Time: 00:00 | loss_cc=4.558 - loss_ce=2.101 - loss_ne=0.0109 - loss_div=0.0 - threshold=1.0 - loss=6.67 - eval_confidence=0.914 - cluster_acc_0_eval=68.38 - cluster_nmi_0_eval=0.655 - cluster_ari_0_eval=0.556 - cluster_acc_1_eval=68.29 - cluster_nmi_1_eval=0.655 - cluster_ari_1_eval=0.555 - cluster_acc_2_eval=68.36 - cluster_nmi_2_eval=0.656 - cluster_ari_2_eval=0.556 - cluster_acc_3_eval=68.33 - cluster_nmi_3_eval=0.655 - cluster_ari_3_eval=0.555 - cluster_acc_4_eval=68.4 - cluster_nmi_4_eval=0.655 - cluster_ari_4_eval=0.556 - max_cluster_acc_eval=68.4 - mean_cluster_acc_eval=68.35 - min_cluster_acc_eval=68.29 - max_cluster_nmi_eval=0.656 - mean_cluster_nmi_eval=0.655 - min_cluster_nmi_eval=0.655 - max_cluster_ari_eval=0.556 - mean_cluster_ari_eval=0.556 - min_cluster_ari_eval=0.555 - interclustering_nmi_eval=0.983
/scratch/e0538389/DivClust/engine/trainer.py:41: FutureWarning: `torch.cuda.amp.autocast(args...)` is deprecated. Please use `torch.amp.autocast('cuda', args...)` instead.
  with autocast(self.mixed_precision):
[2026-03-29 17:27:34](logger.py 179): id=CC_FMNIST_E100_DT_1_0 | Ep. 98/100 - Step 0/273 (0.0 it/s) |                    | - loss_cc=4.508 - loss_ce=2.08 - loss_ne=0.0106 - loss_div=0.0 - threshold=1.0 - loss=6.599
[2026-03-29 17:27:37](logger.py 179): id=CC_FMNIST_E100_DT_1_0 | Ep. 98/100 - Step 25/273 (8.17 it/s) |#                   | - loss_cc=4.565 - loss_ce=2.105 - loss_ne=0.0117 - loss_div=0.0 - threshold=1.0 - loss=6.682
[2026-03-29 17:27:40](logger.py 179): id=CC_FMNIST_E100_DT_1_0 | Ep. 98/100 - Step 50/273 (8.23 it/s) |###                 | - loss_cc=4.568 - loss_ce=2.106 - loss_ne=0.0111 - loss_div=0.0 - threshold=1.0 - loss=6.685
[2026-03-29 17:27:43](logger.py 179): id=CC_FMNIST_E100_DT_1_0 | Ep. 98/100 - Step 75/273 (8.2 it/s) |#####               | - loss_cc=4.562 - loss_ce=2.104 - loss_ne=0.0108 - loss_div=0.0 - threshold=1.0 - loss=6.676
[2026-03-29 17:27:46](logger.py 179): id=CC_FMNIST_E100_DT_1_0 | Ep. 98/100 - Step 100/273 (8.21 it/s) |#######             | - loss_cc=4.559 - loss_ce=2.102 - loss_ne=0.0112 - loss_div=0.0 - threshold=1.0 - loss=6.672
[2026-03-29 17:27:49](logger.py 179): id=CC_FMNIST_E100_DT_1_0 | Ep. 98/100 - Step 125/273 (8.2 it/s) |#########           | - loss_cc=4.559 - loss_ce=2.102 - loss_ne=0.0116 - loss_div=0.0 - threshold=1.0 - loss=6.673
[2026-03-29 17:27:52](logger.py 179): id=CC_FMNIST_E100_DT_1_0 | Ep. 98/100 - Step 150/273 (8.22 it/s) |##########          | - loss_cc=4.56 - loss_ce=2.103 - loss_ne=0.0112 - loss_div=0.0 - threshold=1.0 - loss=6.674
[2026-03-29 17:27:55](logger.py 179): id=CC_FMNIST_E100_DT_1_0 | Ep. 98/100 - Step 175/273 (8.21 it/s) |############        | - loss_cc=4.559 - loss_ce=2.102 - loss_ne=0.0111 - loss_div=0.0 - threshold=1.0 - loss=6.672
[2026-03-29 17:27:58](logger.py 179): id=CC_FMNIST_E100_DT_1_0 | Ep. 98/100 - Step 200/273 (8.21 it/s) |##############      | - loss_cc=4.559 - loss_ce=2.102 - loss_ne=0.0112 - loss_div=0.0 - threshold=1.0 - loss=6.672
[2026-03-29 17:28:01](logger.py 179): id=CC_FMNIST_E100_DT_1_0 | Ep. 98/100 - Step 225/273 (8.21 it/s) |################    | - loss_cc=4.559 - loss_ce=2.102 - loss_ne=0.0112 - loss_div=0.0 - threshold=1.0 - loss=6.672
[2026-03-29 17:28:04](logger.py 179): id=CC_FMNIST_E100_DT_1_0 | Ep. 98/100 - Step 250/273 (8.21 it/s) |##################  | - loss_cc=4.559 - loss_ce=2.102 - loss_ne=0.0112 - loss_div=0.0 - threshold=1.0 - loss=6.672
[2026-03-29 17:28:07](logger.py 179): Evaluating
[2026-03-29 17:28:07](logger.py 179): Eval. step 0 of 274
[2026-03-29 17:28:08](logger.py 179): Eval. step 25 of 274
[2026-03-29 17:28:08](logger.py 179): Eval. step 50 of 274
[2026-03-29 17:28:09](logger.py 179): Eval. step 75 of 274
[2026-03-29 17:28:10](logger.py 179): Eval. step 100 of 274
[2026-03-29 17:28:10](logger.py 179): Eval. step 125 of 274
[2026-03-29 17:28:11](logger.py 179): Eval. step 150 of 274
[2026-03-29 17:28:12](logger.py 179): Eval. step 175 of 274
[2026-03-29 17:28:12](logger.py 179): Eval. step 200 of 274
[2026-03-29 17:28:13](logger.py 179): Eval. step 225 of 274
[2026-03-29 17:28:14](logger.py 179): Eval. step 250 of 274
[2026-03-29 17:28:15](logger.py 179): id=CC_FMNIST_E100_DT_1_0 | Ep. 98/100 | Time: 00:00 | loss_cc=4.559 - loss_ce=2.102 - loss_ne=0.0112 - loss_div=0.0 - threshold=1.0 - loss=6.672 - eval_confidence=0.902 - cluster_acc_0_eval=68.05 - cluster_nmi_0_eval=0.653 - cluster_ari_0_eval=0.552 - cluster_acc_1_eval=67.98 - cluster_nmi_1_eval=0.652 - cluster_ari_1_eval=0.551 - cluster_acc_2_eval=67.97 - cluster_nmi_2_eval=0.652 - cluster_ari_2_eval=0.551 - cluster_acc_3_eval=68.01 - cluster_nmi_3_eval=0.652 - cluster_ari_3_eval=0.551 - cluster_acc_4_eval=68.09 - cluster_nmi_4_eval=0.653 - cluster_ari_4_eval=0.552 - max_cluster_acc_eval=68.09 - mean_cluster_acc_eval=68.02 - min_cluster_acc_eval=67.97 - max_cluster_nmi_eval=0.653 - mean_cluster_nmi_eval=0.653 - min_cluster_nmi_eval=0.652 - max_cluster_ari_eval=0.552 - mean_cluster_ari_eval=0.552 - min_cluster_ari_eval=0.551 - interclustering_nmi_eval=0.981
/scratch/e0538389/DivClust/engine/trainer.py:41: FutureWarning: `torch.cuda.amp.autocast(args...)` is deprecated. Please use `torch.amp.autocast('cuda', args...)` instead.
  with autocast(self.mixed_precision):
[2026-03-29 17:28:15](logger.py 179): id=CC_FMNIST_E100_DT_1_0 | Ep. 99/100 - Step 0/273 (0.0 it/s) |                    | - loss_cc=4.585 - loss_ce=2.116 - loss_ne=0.0109 - loss_div=0.0 - threshold=1.0 - loss=6.712
[2026-03-29 17:28:18](logger.py 179): id=CC_FMNIST_E100_DT_1_0 | Ep. 99/100 - Step 25/273 (8.23 it/s) |#                   | - loss_cc=4.546 - loss_ce=2.098 - loss_ne=0.0106 - loss_div=0.0 - threshold=1.0 - loss=6.655
[2026-03-29 17:28:21](logger.py 179): id=CC_FMNIST_E100_DT_1_0 | Ep. 99/100 - Step 50/273 (8.28 it/s) |###                 | - loss_cc=4.55 - loss_ce=2.1 - loss_ne=0.0104 - loss_div=0.0 - threshold=1.0 - loss=6.661
[2026-03-29 17:28:24](logger.py 179): id=CC_FMNIST_E100_DT_1_0 | Ep. 99/100 - Step 75/273 (8.29 it/s) |#####               | - loss_cc=4.555 - loss_ce=2.101 - loss_ne=0.0109 - loss_div=0.0 - threshold=1.0 - loss=6.667
[2026-03-29 17:28:27](logger.py 179): id=CC_FMNIST_E100_DT_1_0 | Ep. 99/100 - Step 100/273 (8.25 it/s) |#######             | - loss_cc=4.555 - loss_ce=2.101 - loss_ne=0.0109 - loss_div=0.0 - threshold=1.0 - loss=6.668
[2026-03-29 17:28:30](logger.py 179): id=CC_FMNIST_E100_DT_1_0 | Ep. 99/100 - Step 125/273 (8.24 it/s) |#########           | - loss_cc=4.556 - loss_ce=2.102 - loss_ne=0.0109 - loss_div=0.0 - threshold=1.0 - loss=6.669
[2026-03-29 17:28:34](logger.py 179): id=CC_FMNIST_E100_DT_1_0 | Ep. 99/100 - Step 150/273 (8.24 it/s) |##########          | - loss_cc=4.556 - loss_ce=2.102 - loss_ne=0.0107 - loss_div=0.0 - threshold=1.0 - loss=6.669
[2026-03-29 17:28:37](logger.py 179): id=CC_FMNIST_E100_DT_1_0 | Ep. 99/100 - Step 175/273 (8.23 it/s) |############        | - loss_cc=4.557 - loss_ce=2.102 - loss_ne=0.0105 - loss_div=0.0 - threshold=1.0 - loss=6.669
[2026-03-29 17:28:40](logger.py 179): id=CC_FMNIST_E100_DT_1_0 | Ep. 99/100 - Step 200/273 (8.23 it/s) |##############      | - loss_cc=4.557 - loss_ce=2.101 - loss_ne=0.0108 - loss_div=0.0 - threshold=1.0 - loss=6.669
[2026-03-29 17:28:43](logger.py 179): id=CC_FMNIST_E100_DT_1_0 | Ep. 99/100 - Step 225/273 (8.23 it/s) |################    | - loss_cc=4.557 - loss_ce=2.102 - loss_ne=0.0108 - loss_div=0.0 - threshold=1.0 - loss=6.67
[2026-03-29 17:28:46](logger.py 179): id=CC_FMNIST_E100_DT_1_0 | Ep. 99/100 - Step 250/273 (8.23 it/s) |##################  | - loss_cc=4.558 - loss_ce=2.102 - loss_ne=0.0108 - loss_div=0.0 - threshold=1.0 - loss=6.67
[2026-03-29 17:28:48](logger.py 179): Evaluating
[2026-03-29 17:28:48](logger.py 179): Eval. step 0 of 274
[2026-03-29 17:28:49](logger.py 179): Eval. step 25 of 274
[2026-03-29 17:28:50](logger.py 179): Eval. step 50 of 274
[2026-03-29 17:28:50](logger.py 179): Eval. step 75 of 274
[2026-03-29 17:28:51](logger.py 179): Eval. step 100 of 274
[2026-03-29 17:28:52](logger.py 179): Eval. step 125 of 274
[2026-03-29 17:28:52](logger.py 179): Eval. step 150 of 274
[2026-03-29 17:28:53](logger.py 179): Eval. step 175 of 274
[2026-03-29 17:28:54](logger.py 179): Eval. step 200 of 274
[2026-03-29 17:28:55](logger.py 179): Eval. step 225 of 274
[2026-03-29 17:28:55](logger.py 179): Eval. step 250 of 274
[2026-03-29 17:28:56](logger.py 179): id=CC_FMNIST_E100_DT_1_0 | Ep. 99/100 | Time: 00:00 | loss_cc=4.558 - loss_ce=2.102 - loss_ne=0.0107 - loss_div=0.0 - threshold=1.0 - loss=6.67 - eval_confidence=0.903 - cluster_acc_0_eval=68.07 - cluster_nmi_0_eval=0.648 - cluster_ari_0_eval=0.554 - cluster_acc_1_eval=68.07 - cluster_nmi_1_eval=0.647 - cluster_ari_1_eval=0.554 - cluster_acc_2_eval=68.05 - cluster_nmi_2_eval=0.648 - cluster_ari_2_eval=0.554 - cluster_acc_3_eval=68.07 - cluster_nmi_3_eval=0.647 - cluster_ari_3_eval=0.553 - cluster_acc_4_eval=68.1 - cluster_nmi_4_eval=0.648 - cluster_ari_4_eval=0.554 - max_cluster_acc_eval=68.1 - mean_cluster_acc_eval=68.07 - min_cluster_acc_eval=68.05 - max_cluster_nmi_eval=0.648 - mean_cluster_nmi_eval=0.648 - min_cluster_nmi_eval=0.647 - max_cluster_ari_eval=0.554 - mean_cluster_ari_eval=0.554 - min_cluster_ari_eval=0.553 - interclustering_nmi_eval=0.98
END Sun Mar 29 05:28:57 PM +08 2026 DT=1.0 RUN_NAME=CC_FMNIST_E100_DT_1_0
