START Mon Mar 30 10:07:27 AM +08 2026 DT=0.5 RUN_NAME=CC_FMNIST_C10CFG_K20_E100_DT_0_5
[2026-03-30 10:07:59](logger.py 179): Initializing experiment CC_FMNIST_C10CFG_K20_E100_DT_0_5

[2026-03-30 10:07:59](logger.py 179): NMI_interval = 20
[2026-03-30 10:07:59](logger.py 179): NMI_target = 0.5
[2026-03-30 10:07:59](logger.py 179): backbone = resnet34
[2026-03-30 10:07:59](logger.py 179): bash_command = None
[2026-03-30 10:07:59](logger.py 179): batch_size = 256
[2026-03-30 10:07:59](logger.py 179): checkpoint_path = None
[2026-03-30 10:07:59](logger.py 179): classes_no = 10
[2026-03-30 10:07:59](logger.py 179): clustering_framework = cc
[2026-03-30 10:07:59](logger.py 179): clusterings = 20
[2026-03-30 10:07:59](logger.py 179): clusters = 10
[2026-03-30 10:07:59](logger.py 179): complex_arg = None
[2026-03-30 10:07:59](logger.py 179): crop_size = 224
[2026-03-30 10:07:59](logger.py 179): dataset = fashion_mnist
[2026-03-30 10:07:59](logger.py 179): dataset_path = ./data_folder/FashionMNIST
[2026-03-30 10:07:59](logger.py 179): divclust_mbank_size = 10000
[2026-03-30 10:07:59](logger.py 179): entity = default
[2026-03-30 10:07:59](logger.py 179): epochs = 100
[2026-03-30 10:07:59](logger.py 179): eval_interval = 10
[2026-03-30 10:07:59](logger.py 179): f = None
[2026-03-30 10:07:59](logger.py 179): fff = None
[2026-03-30 10:07:59](logger.py 179): gpu = 0
[2026-03-30 10:07:59](logger.py 179): gpus = None
[2026-03-30 10:07:59](logger.py 179): group = fashion_mnist_cifar10cfg_k20
[2026-03-30 10:07:59](logger.py 179): lr = 0.0003
[2026-03-30 10:07:59](logger.py 179): lr_schedule = cosine
[2026-03-30 10:07:59](logger.py 179): mixed_precision = True
[2026-03-30 10:07:59](logger.py 179): notes = None
[2026-03-30 10:07:59](logger.py 179): num_workers = 4
[2026-03-30 10:07:59](logger.py 179): optimizer = adam
[2026-03-30 10:07:59](logger.py 179): output_dir = ./experiments/deep_clustering/CC_FMNIST_C10CFG_K20_E100_DT_0_5
[2026-03-30 10:07:59](logger.py 179): preset = cc_cifar10
[2026-03-30 10:07:59](logger.py 179): proj_dim = 128
[2026-03-30 10:07:59](logger.py 179): project_name = deep_clustering
[2026-03-30 10:07:59](logger.py 179): resume = None
[2026-03-30 10:07:59](logger.py 179): run_id = None
[2026-03-30 10:07:59](logger.py 179): run_name = CC_FMNIST_C10CFG_K20_E100_DT_0_5
[2026-03-30 10:07:59](logger.py 179): seed = 0
[2026-03-30 10:07:59](logger.py 179): tags = None
[2026-03-30 10:07:59](logger.py 179): threshold_rate = 0.99
[2026-03-30 10:07:59](logger.py 179): wandb_mode = off
[2026-03-30 10:07:59](logger.py 179): weight_decay = 0.0
[2026-03-30 10:07:59](logger.py 179): 
[2026-03-30 10:08:00](logger.py 179): Loading data
[2026-03-30 10:08:01](logger.py 179): Loading model
/scratch/e0538389/DivClust/engine/trainer.py:19: FutureWarning: `torch.cuda.amp.GradScaler(args...)` is deprecated. Please use `torch.amp.GradScaler('cuda', args...)` instead.
  self.scaler = GradScaler()
[2026-03-30 10:08:02](logger.py 179): Mixed precision: ON
/scratch/e0538389/DivClust/engine/trainer.py:41: FutureWarning: `torch.cuda.amp.autocast(args...)` is deprecated. Please use `torch.amp.autocast('cuda', args...)` instead.
  with autocast(self.mixed_precision):
[2026-03-30 10:08:10](logger.py 179): id=CC_FMNIST_C10CFG_K20_E100_DT_0_5 | Ep. 0/100 - Step 0/273 (0.0 it/s) |                    | - loss_cc=6.102 - loss_ce=2.943 - loss_ne=0.00699 - loss_div=0.0 - threshold=1.0 - loss=9.052
/scratch/e0538389/DivClust/engine/trainer.py:41: FutureWarning: `torch.cuda.amp.autocast(args...)` is deprecated. Please use `torch.amp.autocast('cuda', args...)` instead.
  with autocast(self.mixed_precision):
/scratch/e0538389/DivClust/engine/trainer.py:41: FutureWarning: `torch.cuda.amp.autocast(args...)` is deprecated. Please use `torch.amp.autocast('cuda', args...)` instead.
  with autocast(self.mixed_precision):
[2026-03-30 10:08:21](logger.py 179): id=CC_FMNIST_C10CFG_K20_E100_DT_0_5 | Ep. 0/100 - Step 25/273 (2.31 it/s) |#                   | - loss_cc=5.649 - loss_ce=2.884 - loss_ne=0.00119 - loss_div=0.0 - threshold=1.0 - loss=8.534
/scratch/e0538389/DivClust/engine/trainer.py:41: FutureWarning: `torch.cuda.amp.autocast(args...)` is deprecated. Please use `torch.amp.autocast('cuda', args...)` instead.
  with autocast(self.mixed_precision):
[2026-03-30 10:08:32](logger.py 179): id=CC_FMNIST_C10CFG_K20_E100_DT_0_5 | Ep. 0/100 - Step 50/273 (2.3 it/s) |###                 | - loss_cc=5.503 - loss_ce=2.767 - loss_ne=0.00228 - loss_div=0.0 - threshold=0.998 - loss=8.272
/scratch/e0538389/DivClust/engine/trainer.py:41: FutureWarning: `torch.cuda.amp.autocast(args...)` is deprecated. Please use `torch.amp.autocast('cuda', args...)` instead.
  with autocast(self.mixed_precision):
[2026-03-30 10:08:43](logger.py 179): id=CC_FMNIST_C10CFG_K20_E100_DT_0_5 | Ep. 0/100 - Step 75/273 (2.31 it/s) |#####               | - loss_cc=5.415 - loss_ce=2.688 - loss_ne=0.00418 - loss_div=2.43e-07 - threshold=0.993 - loss=8.107
/scratch/e0538389/DivClust/engine/trainer.py:41: FutureWarning: `torch.cuda.amp.autocast(args...)` is deprecated. Please use `torch.amp.autocast('cuda', args...)` instead.
  with autocast(self.mixed_precision):
[2026-03-30 10:08:54](logger.py 179): id=CC_FMNIST_C10CFG_K20_E100_DT_0_5 | Ep. 0/100 - Step 100/273 (2.29 it/s) |#######             | - loss_cc=5.356 - loss_ce=2.63 - loss_ne=0.00571 - loss_div=0.000123 - threshold=0.988 - loss=7.992
/scratch/e0538389/DivClust/engine/trainer.py:41: FutureWarning: `torch.cuda.amp.autocast(args...)` is deprecated. Please use `torch.amp.autocast('cuda', args...)` instead.
  with autocast(self.mixed_precision):
/scratch/e0538389/DivClust/engine/trainer.py:41: FutureWarning: `torch.cuda.amp.autocast(args...)` is deprecated. Please use `torch.amp.autocast('cuda', args...)` instead.
  with autocast(self.mixed_precision):
[2026-03-30 10:09:05](logger.py 179): id=CC_FMNIST_C10CFG_K20_E100_DT_0_5 | Ep. 0/100 - Step 125/273 (2.3 it/s) |#########           | - loss_cc=5.31 - loss_ce=2.585 - loss_ne=0.00716 - loss_div=0.00015 - threshold=0.982 - loss=7.902
/scratch/e0538389/DivClust/engine/trainer.py:41: FutureWarning: `torch.cuda.amp.autocast(args...)` is deprecated. Please use `torch.amp.autocast('cuda', args...)` instead.
  with autocast(self.mixed_precision):
[2026-03-30 10:09:16](logger.py 179): id=CC_FMNIST_C10CFG_K20_E100_DT_0_5 | Ep. 0/100 - Step 150/273 (2.3 it/s) |##########          | - loss_cc=5.276 - loss_ce=2.55 - loss_ne=0.00944 - loss_div=0.000145 - threshold=0.976 - loss=7.836
/scratch/e0538389/DivClust/engine/trainer.py:41: FutureWarning: `torch.cuda.amp.autocast(args...)` is deprecated. Please use `torch.amp.autocast('cuda', args...)` instead.
  with autocast(self.mixed_precision):
[2026-03-30 10:09:26](logger.py 179): id=CC_FMNIST_C10CFG_K20_E100_DT_0_5 | Ep. 0/100 - Step 175/273 (2.31 it/s) |############        | - loss_cc=5.246 - loss_ce=2.52 - loss_ne=0.0106 - loss_div=0.000155 - threshold=0.97 - loss=7.777
/scratch/e0538389/DivClust/engine/trainer.py:41: FutureWarning: `torch.cuda.amp.autocast(args...)` is deprecated. Please use `torch.amp.autocast('cuda', args...)` instead.
  with autocast(self.mixed_precision):
[2026-03-30 10:09:37](logger.py 179): id=CC_FMNIST_C10CFG_K20_E100_DT_0_5 | Ep. 0/100 - Step 200/273 (2.31 it/s) |##############      | - loss_cc=5.219 - loss_ce=2.497 - loss_ne=0.0116 - loss_div=0.000191 - threshold=0.965 - loss=7.728
/scratch/e0538389/DivClust/engine/trainer.py:41: FutureWarning: `torch.cuda.amp.autocast(args...)` is deprecated. Please use `torch.amp.autocast('cuda', args...)` instead.
  with autocast(self.mixed_precision):
/scratch/e0538389/DivClust/engine/trainer.py:41: FutureWarning: `torch.cuda.amp.autocast(args...)` is deprecated. Please use `torch.amp.autocast('cuda', args...)` instead.
  with autocast(self.mixed_precision):
[2026-03-30 10:09:47](logger.py 179): id=CC_FMNIST_C10CFG_K20_E100_DT_0_5 | Ep. 0/100 - Step 225/273 (2.32 it/s) |################    | - loss_cc=5.197 - loss_ce=2.477 - loss_ne=0.0128 - loss_div=0.000239 - threshold=0.959 - loss=7.687
/scratch/e0538389/DivClust/engine/trainer.py:41: FutureWarning: `torch.cuda.amp.autocast(args...)` is deprecated. Please use `torch.amp.autocast('cuda', args...)` instead.
  with autocast(self.mixed_precision):
[2026-03-30 10:09:58](logger.py 179): id=CC_FMNIST_C10CFG_K20_E100_DT_0_5 | Ep. 0/100 - Step 250/273 (2.33 it/s) |##################  | - loss_cc=5.177 - loss_ce=2.461 - loss_ne=0.0134 - loss_div=0.000277 - threshold=0.953 - loss=7.651
/scratch/e0538389/DivClust/engine/trainer.py:41: FutureWarning: `torch.cuda.amp.autocast(args...)` is deprecated. Please use `torch.amp.autocast('cuda', args...)` instead.
  with autocast(self.mixed_precision):
[2026-03-30 10:10:07](logger.py 179): Evaluating
[2026-03-30 10:10:08](logger.py 179): Eval. step 0 of 274
[2026-03-30 10:10:11](logger.py 179): Eval. step 25 of 274
[2026-03-30 10:10:13](logger.py 179): Eval. step 50 of 274
[2026-03-30 10:10:16](logger.py 179): Eval. step 75 of 274
[2026-03-30 10:10:18](logger.py 179): Eval. step 100 of 274
[2026-03-30 10:10:20](logger.py 179): Eval. step 125 of 274
[2026-03-30 10:10:23](logger.py 179): Eval. step 150 of 274
[2026-03-30 10:10:25](logger.py 179): Eval. step 175 of 274
[2026-03-30 10:10:27](logger.py 179): Eval. step 200 of 274
[2026-03-30 10:10:30](logger.py 179): Eval. step 225 of 274
[2026-03-30 10:10:32](logger.py 179): Eval. step 250 of 274
[2026-03-30 10:10:36](logger.py 179): id=CC_FMNIST_C10CFG_K20_E100_DT_0_5 | Ep. 0/100 | Time: 00:02 | loss_cc=5.16 - loss_ce=2.448 - loss_ne=0.014 - loss_div=0.000306 - threshold=0.948 - loss=7.622 - eval_confidence=0.652 - cluster_acc_0_eval=45.5 - cluster_nmi_0_eval=0.406 - cluster_ari_0_eval=0.277 - cluster_acc_1_eval=43.64 - cluster_nmi_1_eval=0.405 - cluster_ari_1_eval=0.272 - cluster_acc_2_eval=43.77 - cluster_nmi_2_eval=0.417 - cluster_ari_2_eval=0.296 - cluster_acc_3_eval=43.25 - cluster_nmi_3_eval=0.392 - cluster_ari_3_eval=0.257 - cluster_acc_4_eval=40.6 - cluster_nmi_4_eval=0.401 - cluster_ari_4_eval=0.273 - cluster_acc_5_eval=44.37 - cluster_nmi_5_eval=0.415 - cluster_ari_5_eval=0.274 - cluster_acc_6_eval=40.22 - cluster_nmi_6_eval=0.412 - cluster_ari_6_eval=0.292 - cluster_acc_7_eval=38.51 - cluster_nmi_7_eval=0.387 - cluster_ari_7_eval=0.247 - cluster_acc_8_eval=45.95 - cluster_nmi_8_eval=0.41 - cluster_ari_8_eval=0.283 - cluster_acc_9_eval=39.08 - cluster_nmi_9_eval=0.39 - cluster_ari_9_eval=0.25 - cluster_acc_10_eval=47.09 - cluster_nmi_10_eval=0.433 - cluster_ari_10_eval=0.3 - cluster_acc_11_eval=42.49 - cluster_nmi_11_eval=0.395 - cluster_ari_11_eval=0.262 - cluster_acc_12_eval=40.96 - cluster_nmi_12_eval=0.389 - cluster_ari_12_eval=0.265 - cluster_acc_13_eval=43.05 - cluster_nmi_13_eval=0.404 - cluster_ari_13_eval=0.276 - cluster_acc_14_eval=41.79 - cluster_nmi_14_eval=0.4 - cluster_ari_14_eval=0.268 - cluster_acc_15_eval=46.15 - cluster_nmi_15_eval=0.418 - cluster_ari_15_eval=0.289 - cluster_acc_16_eval=39.43 - cluster_nmi_16_eval=0.371 - cluster_ari_16_eval=0.24 - cluster_acc_17_eval=44.16 - cluster_nmi_17_eval=0.405 - cluster_ari_17_eval=0.275 - cluster_acc_18_eval=40.01 - cluster_nmi_18_eval=0.392 - cluster_ari_18_eval=0.262 - cluster_acc_19_eval=38.73 - cluster_nmi_19_eval=0.396 - cluster_ari_19_eval=0.259 - max_cluster_acc_eval=47.09 - mean_cluster_acc_eval=42.44 - min_cluster_acc_eval=38.51 - max_cluster_nmi_eval=0.433 - mean_cluster_nmi_eval=0.402 - min_cluster_nmi_eval=0.371 - max_cluster_ari_eval=0.3 - mean_cluster_ari_eval=0.271 - min_cluster_ari_eval=0.24 - interclustering_nmi_eval=0.644
/scratch/e0538389/DivClust/engine/trainer.py:41: FutureWarning: `torch.cuda.amp.autocast(args...)` is deprecated. Please use `torch.amp.autocast('cuda', args...)` instead.
  with autocast(self.mixed_precision):
[2026-03-30 10:10:38](logger.py 179): id=CC_FMNIST_C10CFG_K20_E100_DT_0_5 | Ep. 1/100 - Step 0/273 (0.0 it/s) |                    | - loss_cc=4.976 - loss_ce=2.297 - loss_ne=0.0227 - loss_div=0.0 - threshold=0.886 - loss=7.295
/scratch/e0538389/DivClust/engine/trainer.py:41: FutureWarning: `torch.cuda.amp.autocast(args...)` is deprecated. Please use `torch.amp.autocast('cuda', args...)` instead.
  with autocast(self.mixed_precision):
[2026-03-30 10:10:49](logger.py 179): id=CC_FMNIST_C10CFG_K20_E100_DT_0_5 | Ep. 1/100 - Step 25/273 (2.33 it/s) |#                   | - loss_cc=4.963 - loss_ce=2.295 - loss_ne=0.0197 - loss_div=0.000822 - threshold=0.88 - loss=7.279
/scratch/e0538389/DivClust/engine/trainer.py:41: FutureWarning: `torch.cuda.amp.autocast(args...)` is deprecated. Please use `torch.amp.autocast('cuda', args...)` instead.
  with autocast(self.mixed_precision):
/scratch/e0538389/DivClust/engine/trainer.py:41: FutureWarning: `torch.cuda.amp.autocast(args...)` is deprecated. Please use `torch.amp.autocast('cuda', args...)` instead.
  with autocast(self.mixed_precision):
[2026-03-30 10:11:00](logger.py 179): id=CC_FMNIST_C10CFG_K20_E100_DT_0_5 | Ep. 1/100 - Step 50/273 (2.31 it/s) |###                 | - loss_cc=4.957 - loss_ce=2.292 - loss_ne=0.0213 - loss_div=0.00106 - threshold=0.874 - loss=7.271
/scratch/e0538389/DivClust/engine/trainer.py:41: FutureWarning: `torch.cuda.amp.autocast(args...)` is deprecated. Please use `torch.amp.autocast('cuda', args...)` instead.
  with autocast(self.mixed_precision):
[2026-03-30 10:11:10](logger.py 179): id=CC_FMNIST_C10CFG_K20_E100_DT_0_5 | Ep. 1/100 - Step 75/273 (2.33 it/s) |#####               | - loss_cc=4.949 - loss_ce=2.289 - loss_ne=0.0217 - loss_div=0.00111 - threshold=0.868 - loss=7.26
/scratch/e0538389/DivClust/engine/trainer.py:41: FutureWarning: `torch.cuda.amp.autocast(args...)` is deprecated. Please use `torch.amp.autocast('cuda', args...)` instead.
  with autocast(self.mixed_precision):
[2026-03-30 10:11:21](logger.py 179): id=CC_FMNIST_C10CFG_K20_E100_DT_0_5 | Ep. 1/100 - Step 100/273 (2.35 it/s) |#######             | - loss_cc=4.944 - loss_ce=2.287 - loss_ne=0.0227 - loss_div=0.00126 - threshold=0.863 - loss=7.255
/scratch/e0538389/DivClust/engine/trainer.py:41: FutureWarning: `torch.cuda.amp.autocast(args...)` is deprecated. Please use `torch.amp.autocast('cuda', args...)` instead.
  with autocast(self.mixed_precision):
[2026-03-30 10:11:32](logger.py 179): id=CC_FMNIST_C10CFG_K20_E100_DT_0_5 | Ep. 1/100 - Step 125/273 (2.34 it/s) |#########           | - loss_cc=4.938 - loss_ce=2.284 - loss_ne=0.0237 - loss_div=0.00134 - threshold=0.858 - loss=7.247
/scratch/e0538389/DivClust/engine/trainer.py:41: FutureWarning: `torch.cuda.amp.autocast(args...)` is deprecated. Please use `torch.amp.autocast('cuda', args...)` instead.
  with autocast(self.mixed_precision):
/scratch/e0538389/DivClust/engine/trainer.py:41: FutureWarning: `torch.cuda.amp.autocast(args...)` is deprecated. Please use `torch.amp.autocast('cuda', args...)` instead.
  with autocast(self.mixed_precision):
[2026-03-30 10:11:42](logger.py 179): id=CC_FMNIST_C10CFG_K20_E100_DT_0_5 | Ep. 1/100 - Step 150/273 (2.34 it/s) |##########          | - loss_cc=4.934 - loss_ce=2.282 - loss_ne=0.0238 - loss_div=0.00166 - threshold=0.852 - loss=7.242
/scratch/e0538389/DivClust/engine/trainer.py:41: FutureWarning: `torch.cuda.amp.autocast(args...)` is deprecated. Please use `torch.amp.autocast('cuda', args...)` instead.
  with autocast(self.mixed_precision):
[2026-03-30 10:11:53](logger.py 179): id=CC_FMNIST_C10CFG_K20_E100_DT_0_5 | Ep. 1/100 - Step 175/273 (2.35 it/s) |############        | - loss_cc=4.928 - loss_ce=2.28 - loss_ne=0.0243 - loss_div=0.00176 - threshold=0.847 - loss=7.235
/scratch/e0538389/DivClust/engine/trainer.py:41: FutureWarning: `torch.cuda.amp.autocast(args...)` is deprecated. Please use `torch.amp.autocast('cuda', args...)` instead.
  with autocast(self.mixed_precision):
[2026-03-30 10:12:03](logger.py 179): id=CC_FMNIST_C10CFG_K20_E100_DT_0_5 | Ep. 1/100 - Step 200/273 (2.35 it/s) |##############      | - loss_cc=4.923 - loss_ce=2.278 - loss_ne=0.025 - loss_div=0.00191 - threshold=0.842 - loss=7.229
/scratch/e0538389/DivClust/engine/trainer.py:41: FutureWarning: `torch.cuda.amp.autocast(args...)` is deprecated. Please use `torch.amp.autocast('cuda', args...)` instead.
  with autocast(self.mixed_precision):
[2026-03-30 10:12:14](logger.py 179): id=CC_FMNIST_C10CFG_K20_E100_DT_0_5 | Ep. 1/100 - Step 225/273 (2.34 it/s) |################    | - loss_cc=4.919 - loss_ce=2.277 - loss_ne=0.0255 - loss_div=0.00205 - threshold=0.837 - loss=7.223
/scratch/e0538389/DivClust/engine/trainer.py:41: FutureWarning: `torch.cuda.amp.autocast(args...)` is deprecated. Please use `torch.amp.autocast('cuda', args...)` instead.
  with autocast(self.mixed_precision):
/scratch/e0538389/DivClust/engine/trainer.py:41: FutureWarning: `torch.cuda.amp.autocast(args...)` is deprecated. Please use `torch.amp.autocast('cuda', args...)` instead.
  with autocast(self.mixed_precision):
[2026-03-30 10:12:25](logger.py 179): id=CC_FMNIST_C10CFG_K20_E100_DT_0_5 | Ep. 1/100 - Step 250/273 (2.34 it/s) |##################  | - loss_cc=4.913 - loss_ce=2.275 - loss_ne=0.0259 - loss_div=0.00229 - threshold=0.832 - loss=7.216
/scratch/e0538389/DivClust/engine/trainer.py:41: FutureWarning: `torch.cuda.amp.autocast(args...)` is deprecated. Please use `torch.amp.autocast('cuda', args...)` instead.
  with autocast(self.mixed_precision):
[2026-03-30 10:12:34](logger.py 179): id=CC_FMNIST_C10CFG_K20_E100_DT_0_5 | Ep. 1/100 | Time: 00:01 | loss_cc=4.909 - loss_ce=2.273 - loss_ne=0.0261 - loss_div=0.0024 - threshold=0.827 - loss=7.211
[2026-03-30 10:12:37](logger.py 179): id=CC_FMNIST_C10CFG_K20_E100_DT_0_5 | Ep. 2/100 - Step 0/273 (0.0 it/s) |                    | - loss_cc=4.821 - loss_ce=2.243 - loss_ne=0.0503 - loss_div=0.00866 - threshold=0.77 - loss=7.123
/scratch/e0538389/DivClust/engine/trainer.py:41: FutureWarning: `torch.cuda.amp.autocast(args...)` is deprecated. Please use `torch.amp.autocast('cuda', args...)` instead.
  with autocast(self.mixed_precision):
[2026-03-30 10:12:48](logger.py 179): id=CC_FMNIST_C10CFG_K20_E100_DT_0_5 | Ep. 2/100 - Step 25/273 (2.33 it/s) |#                   | - loss_cc=4.843 - loss_ce=2.252 - loss_ne=0.0272 - loss_div=0.00389 - threshold=0.766 - loss=7.126
/scratch/e0538389/DivClust/engine/trainer.py:41: FutureWarning: `torch.cuda.amp.autocast(args...)` is deprecated. Please use `torch.amp.autocast('cuda', args...)` instead.
  with autocast(self.mixed_precision):
[2026-03-30 10:12:58](logger.py 179): id=CC_FMNIST_C10CFG_K20_E100_DT_0_5 | Ep. 2/100 - Step 50/273 (2.32 it/s) |###                 | - loss_cc=4.843 - loss_ce=2.253 - loss_ne=0.0264 - loss_div=0.00437 - threshold=0.762 - loss=7.126
/scratch/e0538389/DivClust/engine/trainer.py:41: FutureWarning: `torch.cuda.amp.autocast(args...)` is deprecated. Please use `torch.amp.autocast('cuda', args...)` instead.
  with autocast(self.mixed_precision):
/scratch/e0538389/DivClust/engine/trainer.py:41: FutureWarning: `torch.cuda.amp.autocast(args...)` is deprecated. Please use `torch.amp.autocast('cuda', args...)` instead.
  with autocast(self.mixed_precision):
[2026-03-30 10:13:10](logger.py 179): id=CC_FMNIST_C10CFG_K20_E100_DT_0_5 | Ep. 2/100 - Step 75/273 (2.28 it/s) |#####               | - loss_cc=4.844 - loss_ce=2.253 - loss_ne=0.027 - loss_div=0.00443 - threshold=0.757 - loss=7.129
/scratch/e0538389/DivClust/engine/trainer.py:41: FutureWarning: `torch.cuda.amp.autocast(args...)` is deprecated. Please use `torch.amp.autocast('cuda', args...)` instead.
  with autocast(self.mixed_precision):
[2026-03-30 10:13:20](logger.py 179): id=CC_FMNIST_C10CFG_K20_E100_DT_0_5 | Ep. 2/100 - Step 100/273 (2.29 it/s) |#######             | - loss_cc=4.84 - loss_ce=2.252 - loss_ne=0.0271 - loss_div=0.00462 - threshold=0.752 - loss=7.123
/scratch/e0538389/DivClust/engine/trainer.py:41: FutureWarning: `torch.cuda.amp.autocast(args...)` is deprecated. Please use `torch.amp.autocast('cuda', args...)` instead.
  with autocast(self.mixed_precision):
[2026-03-30 10:13:31](logger.py 179): id=CC_FMNIST_C10CFG_K20_E100_DT_0_5 | Ep. 2/100 - Step 125/273 (2.29 it/s) |#########           | - loss_cc=4.838 - loss_ce=2.252 - loss_ne=0.028 - loss_div=0.00473 - threshold=0.748 - loss=7.122
/scratch/e0538389/DivClust/engine/trainer.py:41: FutureWarning: `torch.cuda.amp.autocast(args...)` is deprecated. Please use `torch.amp.autocast('cuda', args...)` instead.
  with autocast(self.mixed_precision):
[2026-03-30 10:13:42](logger.py 179): id=CC_FMNIST_C10CFG_K20_E100_DT_0_5 | Ep. 2/100 - Step 150/273 (2.3 it/s) |##########          | - loss_cc=4.835 - loss_ce=2.251 - loss_ne=0.0285 - loss_div=0.00494 - threshold=0.743 - loss=7.12
/scratch/e0538389/DivClust/engine/trainer.py:41: FutureWarning: `torch.cuda.amp.autocast(args...)` is deprecated. Please use `torch.amp.autocast('cuda', args...)` instead.
  with autocast(self.mixed_precision):
/scratch/e0538389/DivClust/engine/trainer.py:41: FutureWarning: `torch.cuda.amp.autocast(args...)` is deprecated. Please use `torch.amp.autocast('cuda', args...)` instead.
  with autocast(self.mixed_precision):
[2026-03-30 10:13:53](logger.py 179): id=CC_FMNIST_C10CFG_K20_E100_DT_0_5 | Ep. 2/100 - Step 175/273 (2.29 it/s) |############        | - loss_cc=4.833 - loss_ce=2.251 - loss_ne=0.0283 - loss_div=0.0051 - threshold=0.739 - loss=7.117
/scratch/e0538389/DivClust/engine/trainer.py:41: FutureWarning: `torch.cuda.amp.autocast(args...)` is deprecated. Please use `torch.amp.autocast('cuda', args...)` instead.
  with autocast(self.mixed_precision):
[2026-03-30 10:14:04](logger.py 179): id=CC_FMNIST_C10CFG_K20_E100_DT_0_5 | Ep. 2/100 - Step 200/273 (2.3 it/s) |##############      | - loss_cc=4.831 - loss_ce=2.251 - loss_ne=0.0282 - loss_div=0.00524 - threshold=0.734 - loss=7.115
/scratch/e0538389/DivClust/engine/trainer.py:41: FutureWarning: `torch.cuda.amp.autocast(args...)` is deprecated. Please use `torch.amp.autocast('cuda', args...)` instead.
  with autocast(self.mixed_precision):
[2026-03-30 10:14:14](logger.py 179): id=CC_FMNIST_C10CFG_K20_E100_DT_0_5 | Ep. 2/100 - Step 225/273 (2.31 it/s) |################    | - loss_cc=4.828 - loss_ce=2.251 - loss_ne=0.0285 - loss_div=0.00527 - threshold=0.729 - loss=7.113
/scratch/e0538389/DivClust/engine/trainer.py:41: FutureWarning: `torch.cuda.amp.autocast(args...)` is deprecated. Please use `torch.amp.autocast('cuda', args...)` instead.
  with autocast(self.mixed_precision):
[2026-03-30 10:14:25](logger.py 179): id=CC_FMNIST_C10CFG_K20_E100_DT_0_5 | Ep. 2/100 - Step 250/273 (2.31 it/s) |##################  | - loss_cc=4.827 - loss_ce=2.251 - loss_ne=0.0287 - loss_div=0.00546 - threshold=0.725 - loss=7.113
/scratch/e0538389/DivClust/engine/trainer.py:41: FutureWarning: `torch.cuda.amp.autocast(args...)` is deprecated. Please use `torch.amp.autocast('cuda', args...)` instead.
  with autocast(self.mixed_precision):
[2026-03-30 10:14:34](logger.py 179): id=CC_FMNIST_C10CFG_K20_E100_DT_0_5 | Ep. 2/100 | Time: 00:01 | loss_cc=4.826 - loss_ce=2.252 - loss_ne=0.0289 - loss_div=0.00555 - threshold=0.721 - loss=7.113
[2026-03-30 10:14:37](logger.py 179): id=CC_FMNIST_C10CFG_K20_E100_DT_0_5 | Ep. 3/100 - Step 0/273 (0.0 it/s) |                    | - loss_cc=4.801 - loss_ce=2.24 - loss_ne=0.0279 - loss_div=0.00168 - threshold=0.676 - loss=7.07
/scratch/e0538389/DivClust/engine/trainer.py:41: FutureWarning: `torch.cuda.amp.autocast(args...)` is deprecated. Please use `torch.amp.autocast('cuda', args...)` instead.
  with autocast(self.mixed_precision):
/scratch/e0538389/DivClust/engine/trainer.py:41: FutureWarning: `torch.cuda.amp.autocast(args...)` is deprecated. Please use `torch.amp.autocast('cuda', args...)` instead.
  with autocast(self.mixed_precision):
[2026-03-30 10:14:48](logger.py 179): id=CC_FMNIST_C10CFG_K20_E100_DT_0_5 | Ep. 3/100 - Step 25/273 (2.26 it/s) |#                   | - loss_cc=4.805 - loss_ce=2.253 - loss_ne=0.0297 - loss_div=0.00773 - threshold=0.671 - loss=7.095
/scratch/e0538389/DivClust/engine/trainer.py:41: FutureWarning: `torch.cuda.amp.autocast(args...)` is deprecated. Please use `torch.amp.autocast('cuda', args...)` instead.
  with autocast(self.mixed_precision):
[2026-03-30 10:14:59](logger.py 179): id=CC_FMNIST_C10CFG_K20_E100_DT_0_5 | Ep. 3/100 - Step 50/273 (2.29 it/s) |###                 | - loss_cc=4.802 - loss_ce=2.25 - loss_ne=0.0282 - loss_div=0.00511 - threshold=0.674 - loss=7.085
/scratch/e0538389/DivClust/engine/trainer.py:41: FutureWarning: `torch.cuda.amp.autocast(args...)` is deprecated. Please use `torch.amp.autocast('cuda', args...)` instead.
  with autocast(self.mixed_precision):
[2026-03-30 10:15:09](logger.py 179): id=CC_FMNIST_C10CFG_K20_E100_DT_0_5 | Ep. 3/100 - Step 75/273 (2.3 it/s) |#####               | - loss_cc=4.797 - loss_ce=2.246 - loss_ne=0.0272 - loss_div=0.00448 - threshold=0.676 - loss=7.075
/scratch/e0538389/DivClust/engine/trainer.py:41: FutureWarning: `torch.cuda.amp.autocast(args...)` is deprecated. Please use `torch.amp.autocast('cuda', args...)` instead.
  with autocast(self.mixed_precision):
[2026-03-30 10:15:20](logger.py 179): id=CC_FMNIST_C10CFG_K20_E100_DT_0_5 | Ep. 3/100 - Step 100/273 (2.3 it/s) |#######             | - loss_cc=4.794 - loss_ce=2.244 - loss_ne=0.0275 - loss_div=0.00437 - threshold=0.674 - loss=7.07
/scratch/e0538389/DivClust/engine/trainer.py:41: FutureWarning: `torch.cuda.amp.autocast(args...)` is deprecated. Please use `torch.amp.autocast('cuda', args...)` instead.
  with autocast(self.mixed_precision):
/scratch/e0538389/DivClust/engine/trainer.py:41: FutureWarning: `torch.cuda.amp.autocast(args...)` is deprecated. Please use `torch.amp.autocast('cuda', args...)` instead.
  with autocast(self.mixed_precision):
[2026-03-30 10:15:32](logger.py 179): id=CC_FMNIST_C10CFG_K20_E100_DT_0_5 | Ep. 3/100 - Step 125/273 (2.28 it/s) |#########           | - loss_cc=4.792 - loss_ce=2.243 - loss_ne=0.0269 - loss_div=0.00398 - threshold=0.675 - loss=7.066
/scratch/e0538389/DivClust/engine/trainer.py:41: FutureWarning: `torch.cuda.amp.autocast(args...)` is deprecated. Please use `torch.amp.autocast('cuda', args...)` instead.
  with autocast(self.mixed_precision):
[2026-03-30 10:15:42](logger.py 179): id=CC_FMNIST_C10CFG_K20_E100_DT_0_5 | Ep. 3/100 - Step 150/273 (2.29 it/s) |##########          | - loss_cc=4.79 - loss_ce=2.242 - loss_ne=0.0268 - loss_div=0.00374 - threshold=0.676 - loss=7.062
/scratch/e0538389/DivClust/engine/trainer.py:41: FutureWarning: `torch.cuda.amp.autocast(args...)` is deprecated. Please use `torch.amp.autocast('cuda', args...)` instead.
  with autocast(self.mixed_precision):
[2026-03-30 10:15:53](logger.py 179): id=CC_FMNIST_C10CFG_K20_E100_DT_0_5 | Ep. 3/100 - Step 175/273 (2.29 it/s) |############        | - loss_cc=4.787 - loss_ce=2.24 - loss_ne=0.0267 - loss_div=0.00348 - threshold=0.676 - loss=7.056
/scratch/e0538389/DivClust/engine/trainer.py:41: FutureWarning: `torch.cuda.amp.autocast(args...)` is deprecated. Please use `torch.amp.autocast('cuda', args...)` instead.
  with autocast(self.mixed_precision):
[2026-03-30 10:16:04](logger.py 179): id=CC_FMNIST_C10CFG_K20_E100_DT_0_5 | Ep. 3/100 - Step 200/273 (2.3 it/s) |##############      | - loss_cc=4.785 - loss_ce=2.239 - loss_ne=0.0267 - loss_div=0.00343 - threshold=0.676 - loss=7.054
/scratch/e0538389/DivClust/engine/trainer.py:41: FutureWarning: `torch.cuda.amp.autocast(args...)` is deprecated. Please use `torch.amp.autocast('cuda', args...)` instead.
  with autocast(self.mixed_precision):
/scratch/e0538389/DivClust/engine/trainer.py:41: FutureWarning: `torch.cuda.amp.autocast(args...)` is deprecated. Please use `torch.amp.autocast('cuda', args...)` instead.
  with autocast(self.mixed_precision):
[2026-03-30 10:16:15](logger.py 179): id=CC_FMNIST_C10CFG_K20_E100_DT_0_5 | Ep. 3/100 - Step 225/273 (2.3 it/s) |################    | - loss_cc=4.783 - loss_ce=2.238 - loss_ne=0.0265 - loss_div=0.0033 - threshold=0.677 - loss=7.051
/scratch/e0538389/DivClust/engine/trainer.py:41: FutureWarning: `torch.cuda.amp.autocast(args...)` is deprecated. Please use `torch.amp.autocast('cuda', args...)` instead.
  with autocast(self.mixed_precision):
[2026-03-30 10:16:26](logger.py 179): id=CC_FMNIST_C10CFG_K20_E100_DT_0_5 | Ep. 3/100 - Step 250/273 (2.3 it/s) |##################  | - loss_cc=4.782 - loss_ce=2.237 - loss_ne=0.0265 - loss_div=0.00339 - threshold=0.676 - loss=7.049
/scratch/e0538389/DivClust/engine/trainer.py:41: FutureWarning: `torch.cuda.amp.autocast(args...)` is deprecated. Please use `torch.amp.autocast('cuda', args...)` instead.
  with autocast(self.mixed_precision):
[2026-03-30 10:16:35](logger.py 179): id=CC_FMNIST_C10CFG_K20_E100_DT_0_5 | Ep. 3/100 | Time: 00:01 | loss_cc=4.781 - loss_ce=2.236 - loss_ne=0.0268 - loss_div=0.00333 - threshold=0.676 - loss=7.047
[2026-03-30 10:16:37](logger.py 179): id=CC_FMNIST_C10CFG_K20_E100_DT_0_5 | Ep. 4/100 - Step 0/273 (0.0 it/s) |                    | - loss_cc=4.817 - loss_ce=2.236 - loss_ne=0.0284 - loss_div=0.000935 - threshold=0.675 - loss=7.081
/scratch/e0538389/DivClust/engine/trainer.py:41: FutureWarning: `torch.cuda.amp.autocast(args...)` is deprecated. Please use `torch.amp.autocast('cuda', args...)` instead.
  with autocast(self.mixed_precision):
[2026-03-30 10:16:48](logger.py 179): id=CC_FMNIST_C10CFG_K20_E100_DT_0_5 | Ep. 4/100 - Step 25/273 (2.39 it/s) |#                   | - loss_cc=4.757 - loss_ce=2.224 - loss_ne=0.0269 - loss_div=0.00281 - threshold=0.671 - loss=7.01
/scratch/e0538389/DivClust/engine/trainer.py:41: FutureWarning: `torch.cuda.amp.autocast(args...)` is deprecated. Please use `torch.amp.autocast('cuda', args...)` instead.
  with autocast(self.mixed_precision):
/scratch/e0538389/DivClust/engine/trainer.py:41: FutureWarning: `torch.cuda.amp.autocast(args...)` is deprecated. Please use `torch.amp.autocast('cuda', args...)` instead.
  with autocast(self.mixed_precision):
[2026-03-30 10:16:59](logger.py 179): id=CC_FMNIST_C10CFG_K20_E100_DT_0_5 | Ep. 4/100 - Step 50/273 (2.32 it/s) |###                 | - loss_cc=4.757 - loss_ce=2.224 - loss_ne=0.0255 - loss_div=0.0021 - threshold=0.673 - loss=7.009
/scratch/e0538389/DivClust/engine/trainer.py:41: FutureWarning: `torch.cuda.amp.autocast(args...)` is deprecated. Please use `torch.amp.autocast('cuda', args...)` instead.
  with autocast(self.mixed_precision):
[2026-03-30 10:17:10](logger.py 179): id=CC_FMNIST_C10CFG_K20_E100_DT_0_5 | Ep. 4/100 - Step 75/273 (2.33 it/s) |#####               | - loss_cc=4.755 - loss_ce=2.222 - loss_ne=0.0261 - loss_div=0.00228 - threshold=0.675 - loss=7.005
/scratch/e0538389/DivClust/engine/trainer.py:41: FutureWarning: `torch.cuda.amp.autocast(args...)` is deprecated. Please use `torch.amp.autocast('cuda', args...)` instead.
  with autocast(self.mixed_precision):
[2026-03-30 10:17:20](logger.py 179): id=CC_FMNIST_C10CFG_K20_E100_DT_0_5 | Ep. 4/100 - Step 100/273 (2.32 it/s) |#######             | - loss_cc=4.756 - loss_ce=2.222 - loss_ne=0.0267 - loss_div=0.00282 - threshold=0.674 - loss=7.007
/scratch/e0538389/DivClust/engine/trainer.py:41: FutureWarning: `torch.cuda.amp.autocast(args...)` is deprecated. Please use `torch.amp.autocast('cuda', args...)` instead.
  with autocast(self.mixed_precision):
[2026-03-30 10:17:31](logger.py 179): id=CC_FMNIST_C10CFG_K20_E100_DT_0_5 | Ep. 4/100 - Step 125/273 (2.32 it/s) |#########           | - loss_cc=4.755 - loss_ce=2.221 - loss_ne=0.0269 - loss_div=0.0026 - threshold=0.674 - loss=7.006
/scratch/e0538389/DivClust/engine/trainer.py:41: FutureWarning: `torch.cuda.amp.autocast(args...)` is deprecated. Please use `torch.amp.autocast('cuda', args...)` instead.
  with autocast(self.mixed_precision):
/scratch/e0538389/DivClust/engine/trainer.py:41: FutureWarning: `torch.cuda.amp.autocast(args...)` is deprecated. Please use `torch.amp.autocast('cuda', args...)` instead.
  with autocast(self.mixed_precision):
[2026-03-30 10:17:42](logger.py 179): id=CC_FMNIST_C10CFG_K20_E100_DT_0_5 | Ep. 4/100 - Step 150/273 (2.3 it/s) |##########          | - loss_cc=4.754 - loss_ce=2.221 - loss_ne=0.0268 - loss_div=0.00244 - threshold=0.675 - loss=7.004
/scratch/e0538389/DivClust/engine/trainer.py:41: FutureWarning: `torch.cuda.amp.autocast(args...)` is deprecated. Please use `torch.amp.autocast('cuda', args...)` instead.
  with autocast(self.mixed_precision):
[2026-03-30 10:17:53](logger.py 179): id=CC_FMNIST_C10CFG_K20_E100_DT_0_5 | Ep. 4/100 - Step 175/273 (2.31 it/s) |############        | - loss_cc=4.75 - loss_ce=2.219 - loss_ne=0.0264 - loss_div=0.00253 - threshold=0.675 - loss=6.998
/scratch/e0538389/DivClust/engine/trainer.py:41: FutureWarning: `torch.cuda.amp.autocast(args...)` is deprecated. Please use `torch.amp.autocast('cuda', args...)` instead.
  with autocast(self.mixed_precision):
[2026-03-30 10:18:04](logger.py 179): id=CC_FMNIST_C10CFG_K20_E100_DT_0_5 | Ep. 4/100 - Step 200/273 (2.31 it/s) |##############      | - loss_cc=4.749 - loss_ce=2.218 - loss_ne=0.0261 - loss_div=0.00245 - threshold=0.674 - loss=6.996
/scratch/e0538389/DivClust/engine/trainer.py:41: FutureWarning: `torch.cuda.amp.autocast(args...)` is deprecated. Please use `torch.amp.autocast('cuda', args...)` instead.
  with autocast(self.mixed_precision):
[2026-03-30 10:18:15](logger.py 179): id=CC_FMNIST_C10CFG_K20_E100_DT_0_5 | Ep. 4/100 - Step 225/273 (2.31 it/s) |################    | - loss_cc=4.748 - loss_ce=2.218 - loss_ne=0.0259 - loss_div=0.00252 - threshold=0.674 - loss=6.994
/scratch/e0538389/DivClust/engine/trainer.py:41: FutureWarning: `torch.cuda.amp.autocast(args...)` is deprecated. Please use `torch.amp.autocast('cuda', args...)` instead.
  with autocast(self.mixed_precision):
/scratch/e0538389/DivClust/engine/trainer.py:41: FutureWarning: `torch.cuda.amp.autocast(args...)` is deprecated. Please use `torch.amp.autocast('cuda', args...)` instead.
  with autocast(self.mixed_precision):
[2026-03-30 10:18:26](logger.py 179): id=CC_FMNIST_C10CFG_K20_E100_DT_0_5 | Ep. 4/100 - Step 250/273 (2.3 it/s) |##################  | - loss_cc=4.747 - loss_ce=2.217 - loss_ne=0.0258 - loss_div=0.00239 - threshold=0.674 - loss=6.992
/scratch/e0538389/DivClust/engine/trainer.py:41: FutureWarning: `torch.cuda.amp.autocast(args...)` is deprecated. Please use `torch.amp.autocast('cuda', args...)` instead.
  with autocast(self.mixed_precision):
[2026-03-30 10:18:35](logger.py 179): id=CC_FMNIST_C10CFG_K20_E100_DT_0_5 | Ep. 4/100 | Time: 00:01 | loss_cc=4.746 - loss_ce=2.216 - loss_ne=0.0255 - loss_div=0.00231 - threshold=0.675 - loss=6.99
[2026-03-30 10:18:38](logger.py 179): id=CC_FMNIST_C10CFG_K20_E100_DT_0_5 | Ep. 5/100 - Step 0/273 (0.0 it/s) |                    | - loss_cc=4.715 - loss_ce=2.207 - loss_ne=0.0151 - loss_div=0.0014 - threshold=0.675 - loss=6.938
/scratch/e0538389/DivClust/engine/trainer.py:41: FutureWarning: `torch.cuda.amp.autocast(args...)` is deprecated. Please use `torch.amp.autocast('cuda', args...)` instead.
  with autocast(self.mixed_precision):
[2026-03-30 10:18:49](logger.py 179): id=CC_FMNIST_C10CFG_K20_E100_DT_0_5 | Ep. 5/100 - Step 25/273 (2.31 it/s) |#                   | - loss_cc=4.737 - loss_ce=2.211 - loss_ne=0.0274 - loss_div=0.00339 - threshold=0.672 - loss=6.979
/scratch/e0538389/DivClust/engine/trainer.py:41: FutureWarning: `torch.cuda.amp.autocast(args...)` is deprecated. Please use `torch.amp.autocast('cuda', args...)` instead.
  with autocast(self.mixed_precision):
[2026-03-30 10:19:00](logger.py 179): id=CC_FMNIST_C10CFG_K20_E100_DT_0_5 | Ep. 5/100 - Step 50/273 (2.31 it/s) |###                 | - loss_cc=4.736 - loss_ce=2.211 - loss_ne=0.0273 - loss_div=0.00343 - threshold=0.668 - loss=6.978
/scratch/e0538389/DivClust/engine/trainer.py:41: FutureWarning: `torch.cuda.amp.autocast(args...)` is deprecated. Please use `torch.amp.autocast('cuda', args...)` instead.
  with autocast(self.mixed_precision):
[2026-03-30 10:19:11](logger.py 179): id=CC_FMNIST_C10CFG_K20_E100_DT_0_5 | Ep. 5/100 - Step 75/273 (2.28 it/s) |#####               | - loss_cc=4.732 - loss_ce=2.209 - loss_ne=0.0266 - loss_div=0.00292 - threshold=0.668 - loss=6.971
/scratch/e0538389/DivClust/engine/trainer.py:41: FutureWarning: `torch.cuda.amp.autocast(args...)` is deprecated. Please use `torch.amp.autocast('cuda', args...)` instead.
  with autocast(self.mixed_precision):
/scratch/e0538389/DivClust/engine/trainer.py:41: FutureWarning: `torch.cuda.amp.autocast(args...)` is deprecated. Please use `torch.amp.autocast('cuda', args...)` instead.
  with autocast(self.mixed_precision):
[2026-03-30 10:19:22](logger.py 179): id=CC_FMNIST_C10CFG_K20_E100_DT_0_5 | Ep. 5/100 - Step 100/273 (2.29 it/s) |#######             | - loss_cc=4.73 - loss_ce=2.208 - loss_ne=0.0256 - loss_div=0.00241 - threshold=0.67 - loss=6.966
/scratch/e0538389/DivClust/engine/trainer.py:41: FutureWarning: `torch.cuda.amp.autocast(args...)` is deprecated. Please use `torch.amp.autocast('cuda', args...)` instead.
  with autocast(self.mixed_precision):
[2026-03-30 10:19:33](logger.py 179): id=CC_FMNIST_C10CFG_K20_E100_DT_0_5 | Ep. 5/100 - Step 125/273 (2.29 it/s) |#########           | - loss_cc=4.73 - loss_ce=2.208 - loss_ne=0.0251 - loss_div=0.00225 - threshold=0.672 - loss=6.965
/scratch/e0538389/DivClust/engine/trainer.py:41: FutureWarning: `torch.cuda.amp.autocast(args...)` is deprecated. Please use `torch.amp.autocast('cuda', args...)` instead.
  with autocast(self.mixed_precision):
[2026-03-30 10:19:44](logger.py 179): id=CC_FMNIST_C10CFG_K20_E100_DT_0_5 | Ep. 5/100 - Step 150/273 (2.29 it/s) |##########          | - loss_cc=4.729 - loss_ce=2.207 - loss_ne=0.025 - loss_div=0.00231 - threshold=0.671 - loss=6.963
/scratch/e0538389/DivClust/engine/trainer.py:41: FutureWarning: `torch.cuda.amp.autocast(args...)` is deprecated. Please use `torch.amp.autocast('cuda', args...)` instead.
  with autocast(self.mixed_precision):
[2026-03-30 10:19:55](logger.py 179): id=CC_FMNIST_C10CFG_K20_E100_DT_0_5 | Ep. 5/100 - Step 175/273 (2.28 it/s) |############        | - loss_cc=4.729 - loss_ce=2.207 - loss_ne=0.025 - loss_div=0.00234 - threshold=0.67 - loss=6.963
/scratch/e0538389/DivClust/engine/trainer.py:41: FutureWarning: `torch.cuda.amp.autocast(args...)` is deprecated. Please use `torch.amp.autocast('cuda', args...)` instead.
  with autocast(self.mixed_precision):
/scratch/e0538389/DivClust/engine/trainer.py:41: FutureWarning: `torch.cuda.amp.autocast(args...)` is deprecated. Please use `torch.amp.autocast('cuda', args...)` instead.
  with autocast(self.mixed_precision):
[2026-03-30 10:20:05](logger.py 179): id=CC_FMNIST_C10CFG_K20_E100_DT_0_5 | Ep. 5/100 - Step 200/273 (2.29 it/s) |##############      | - loss_cc=4.729 - loss_ce=2.207 - loss_ne=0.0249 - loss_div=0.00238 - threshold=0.67 - loss=6.963
/scratch/e0538389/DivClust/engine/trainer.py:41: FutureWarning: `torch.cuda.amp.autocast(args...)` is deprecated. Please use `torch.amp.autocast('cuda', args...)` instead.
  with autocast(self.mixed_precision):
[2026-03-30 10:20:16](logger.py 179): id=CC_FMNIST_C10CFG_K20_E100_DT_0_5 | Ep. 5/100 - Step 225/273 (2.29 it/s) |################    | - loss_cc=4.726 - loss_ce=2.206 - loss_ne=0.025 - loss_div=0.0023 - threshold=0.67 - loss=6.959
/scratch/e0538389/DivClust/engine/trainer.py:41: FutureWarning: `torch.cuda.amp.autocast(args...)` is deprecated. Please use `torch.amp.autocast('cuda', args...)` instead.
  with autocast(self.mixed_precision):
[2026-03-30 10:20:27](logger.py 179): id=CC_FMNIST_C10CFG_K20_E100_DT_0_5 | Ep. 5/100 - Step 250/273 (2.3 it/s) |##################  | - loss_cc=4.726 - loss_ce=2.206 - loss_ne=0.0249 - loss_div=0.00225 - threshold=0.67 - loss=6.959
/scratch/e0538389/DivClust/engine/trainer.py:41: FutureWarning: `torch.cuda.amp.autocast(args...)` is deprecated. Please use `torch.amp.autocast('cuda', args...)` instead.
  with autocast(self.mixed_precision):
[2026-03-30 10:20:37](logger.py 179): id=CC_FMNIST_C10CFG_K20_E100_DT_0_5 | Ep. 5/100 | Time: 00:01 | loss_cc=4.726 - loss_ce=2.205 - loss_ne=0.0246 - loss_div=0.00229 - threshold=0.67 - loss=6.958
[2026-03-30 10:20:39](logger.py 179): id=CC_FMNIST_C10CFG_K20_E100_DT_0_5 | Ep. 6/100 - Step 0/273 (0.0 it/s) |                    | - loss_cc=4.702 - loss_ce=2.19 - loss_ne=0.0295 - loss_div=8.99e-05 - threshold=0.668 - loss=6.922
/scratch/e0538389/DivClust/engine/trainer.py:41: FutureWarning: `torch.cuda.amp.autocast(args...)` is deprecated. Please use `torch.amp.autocast('cuda', args...)` instead.
  with autocast(self.mixed_precision):
/scratch/e0538389/DivClust/engine/trainer.py:41: FutureWarning: `torch.cuda.amp.autocast(args...)` is deprecated. Please use `torch.amp.autocast('cuda', args...)` instead.
  with autocast(self.mixed_precision):
[2026-03-30 10:20:51](logger.py 179): id=CC_FMNIST_C10CFG_K20_E100_DT_0_5 | Ep. 6/100 - Step 25/273 (2.24 it/s) |#                   | - loss_cc=4.722 - loss_ce=2.204 - loss_ne=0.0244 - loss_div=0.00289 - threshold=0.662 - loss=6.953
/scratch/e0538389/DivClust/engine/trainer.py:41: FutureWarning: `torch.cuda.amp.autocast(args...)` is deprecated. Please use `torch.amp.autocast('cuda', args...)` instead.
  with autocast(self.mixed_precision):
[2026-03-30 10:21:01](logger.py 179): id=CC_FMNIST_C10CFG_K20_E100_DT_0_5 | Ep. 6/100 - Step 50/273 (2.27 it/s) |###                 | - loss_cc=4.714 - loss_ce=2.2 - loss_ne=0.0242 - loss_div=0.00201 - threshold=0.666 - loss=6.941
/scratch/e0538389/DivClust/engine/trainer.py:41: FutureWarning: `torch.cuda.amp.autocast(args...)` is deprecated. Please use `torch.amp.autocast('cuda', args...)` instead.
  with autocast(self.mixed_precision):
[2026-03-30 10:21:12](logger.py 179): id=CC_FMNIST_C10CFG_K20_E100_DT_0_5 | Ep. 6/100 - Step 75/273 (2.28 it/s) |#####               | - loss_cc=4.716 - loss_ce=2.2 - loss_ne=0.0241 - loss_div=0.00163 - threshold=0.67 - loss=6.942
/scratch/e0538389/DivClust/engine/trainer.py:41: FutureWarning: `torch.cuda.amp.autocast(args...)` is deprecated. Please use `torch.amp.autocast('cuda', args...)` instead.
  with autocast(self.mixed_precision):
[2026-03-30 10:21:23](logger.py 179): id=CC_FMNIST_C10CFG_K20_E100_DT_0_5 | Ep. 6/100 - Step 100/273 (2.29 it/s) |#######             | - loss_cc=4.713 - loss_ce=2.198 - loss_ne=0.0241 - loss_div=0.00164 - threshold=0.671 - loss=6.937
/scratch/e0538389/DivClust/engine/trainer.py:41: FutureWarning: `torch.cuda.amp.autocast(args...)` is deprecated. Please use `torch.amp.autocast('cuda', args...)` instead.
  with autocast(self.mixed_precision):
/scratch/e0538389/DivClust/engine/trainer.py:41: FutureWarning: `torch.cuda.amp.autocast(args...)` is deprecated. Please use `torch.amp.autocast('cuda', args...)` instead.
  with autocast(self.mixed_precision):
[2026-03-30 10:21:34](logger.py 179): id=CC_FMNIST_C10CFG_K20_E100_DT_0_5 | Ep. 6/100 - Step 125/273 (2.28 it/s) |#########           | - loss_cc=4.711 - loss_ce=2.198 - loss_ne=0.0237 - loss_div=0.00175 - threshold=0.671 - loss=6.935
/scratch/e0538389/DivClust/engine/trainer.py:41: FutureWarning: `torch.cuda.amp.autocast(args...)` is deprecated. Please use `torch.amp.autocast('cuda', args...)` instead.
  with autocast(self.mixed_precision):
[2026-03-30 10:21:45](logger.py 179): id=CC_FMNIST_C10CFG_K20_E100_DT_0_5 | Ep. 6/100 - Step 150/273 (2.29 it/s) |##########          | - loss_cc=4.71 - loss_ce=2.197 - loss_ne=0.0236 - loss_div=0.00228 - threshold=0.669 - loss=6.932
/scratch/e0538389/DivClust/engine/trainer.py:41: FutureWarning: `torch.cuda.amp.autocast(args...)` is deprecated. Please use `torch.amp.autocast('cuda', args...)` instead.
  with autocast(self.mixed_precision):
[2026-03-30 10:21:56](logger.py 179): id=CC_FMNIST_C10CFG_K20_E100_DT_0_5 | Ep. 6/100 - Step 175/273 (2.29 it/s) |############        | - loss_cc=4.708 - loss_ce=2.197 - loss_ne=0.0237 - loss_div=0.00229 - threshold=0.667 - loss=6.931
/scratch/e0538389/DivClust/engine/trainer.py:41: FutureWarning: `torch.cuda.amp.autocast(args...)` is deprecated. Please use `torch.amp.autocast('cuda', args...)` instead.
  with autocast(self.mixed_precision):
[2026-03-30 10:22:07](logger.py 179): id=CC_FMNIST_C10CFG_K20_E100_DT_0_5 | Ep. 6/100 - Step 200/273 (2.29 it/s) |##############      | - loss_cc=4.709 - loss_ce=2.197 - loss_ne=0.0238 - loss_div=0.00221 - threshold=0.667 - loss=6.931
/scratch/e0538389/DivClust/engine/trainer.py:41: FutureWarning: `torch.cuda.amp.autocast(args...)` is deprecated. Please use `torch.amp.autocast('cuda', args...)` instead.
  with autocast(self.mixed_precision):
/scratch/e0538389/DivClust/engine/trainer.py:41: FutureWarning: `torch.cuda.amp.autocast(args...)` is deprecated. Please use `torch.amp.autocast('cuda', args...)` instead.
  with autocast(self.mixed_precision):
[2026-03-30 10:22:18](logger.py 179): id=CC_FMNIST_C10CFG_K20_E100_DT_0_5 | Ep. 6/100 - Step 225/273 (2.28 it/s) |################    | - loss_cc=4.708 - loss_ce=2.196 - loss_ne=0.0236 - loss_div=0.00225 - threshold=0.666 - loss=6.93
/scratch/e0538389/DivClust/engine/trainer.py:41: FutureWarning: `torch.cuda.amp.autocast(args...)` is deprecated. Please use `torch.amp.autocast('cuda', args...)` instead.
  with autocast(self.mixed_precision):
[2026-03-30 10:22:29](logger.py 179): id=CC_FMNIST_C10CFG_K20_E100_DT_0_5 | Ep. 6/100 - Step 250/273 (2.29 it/s) |##################  | - loss_cc=4.706 - loss_ce=2.196 - loss_ne=0.0237 - loss_div=0.00211 - threshold=0.667 - loss=6.928
/scratch/e0538389/DivClust/engine/trainer.py:41: FutureWarning: `torch.cuda.amp.autocast(args...)` is deprecated. Please use `torch.amp.autocast('cuda', args...)` instead.
  with autocast(self.mixed_precision):
[2026-03-30 10:22:38](logger.py 179): id=CC_FMNIST_C10CFG_K20_E100_DT_0_5 | Ep. 6/100 | Time: 00:01 | loss_cc=4.705 - loss_ce=2.195 - loss_ne=0.0238 - loss_div=0.00206 - threshold=0.667 - loss=6.926
[2026-03-30 10:22:40](logger.py 179): id=CC_FMNIST_C10CFG_K20_E100_DT_0_5 | Ep. 7/100 - Step 0/273 (0.0 it/s) |                    | - loss_cc=4.692 - loss_ce=2.186 - loss_ne=0.0288 - loss_div=0.00245 - threshold=0.667 - loss=6.909
/scratch/e0538389/DivClust/engine/trainer.py:41: FutureWarning: `torch.cuda.amp.autocast(args...)` is deprecated. Please use `torch.amp.autocast('cuda', args...)` instead.
  with autocast(self.mixed_precision):
[2026-03-30 10:22:51](logger.py 179): id=CC_FMNIST_C10CFG_K20_E100_DT_0_5 | Ep. 7/100 - Step 25/273 (2.36 it/s) |#                   | - loss_cc=4.7 - loss_ce=2.191 - loss_ne=0.0248 - loss_div=0.00265 - threshold=0.663 - loss=6.919
/scratch/e0538389/DivClust/engine/trainer.py:41: FutureWarning: `torch.cuda.amp.autocast(args...)` is deprecated. Please use `torch.amp.autocast('cuda', args...)` instead.
  with autocast(self.mixed_precision):
/scratch/e0538389/DivClust/engine/trainer.py:41: FutureWarning: `torch.cuda.amp.autocast(args...)` is deprecated. Please use `torch.amp.autocast('cuda', args...)` instead.
  with autocast(self.mixed_precision):
[2026-03-30 10:23:02](logger.py 179): id=CC_FMNIST_C10CFG_K20_E100_DT_0_5 | Ep. 7/100 - Step 50/273 (2.29 it/s) |###                 | - loss_cc=4.697 - loss_ce=2.191 - loss_ne=0.0245 - loss_div=0.00303 - threshold=0.659 - loss=6.916
/scratch/e0538389/DivClust/engine/trainer.py:41: FutureWarning: `torch.cuda.amp.autocast(args...)` is deprecated. Please use `torch.amp.autocast('cuda', args...)` instead.
  with autocast(self.mixed_precision):
[2026-03-30 10:23:13](logger.py 179): id=CC_FMNIST_C10CFG_K20_E100_DT_0_5 | Ep. 7/100 - Step 75/273 (2.29 it/s) |#####               | - loss_cc=4.699 - loss_ce=2.193 - loss_ne=0.0241 - loss_div=0.00286 - threshold=0.659 - loss=6.919
/scratch/e0538389/DivClust/engine/trainer.py:41: FutureWarning: `torch.cuda.amp.autocast(args...)` is deprecated. Please use `torch.amp.autocast('cuda', args...)` instead.
  with autocast(self.mixed_precision):
[2026-03-30 10:23:24](logger.py 179): id=CC_FMNIST_C10CFG_K20_E100_DT_0_5 | Ep. 7/100 - Step 100/273 (2.3 it/s) |#######             | - loss_cc=4.699 - loss_ce=2.192 - loss_ne=0.0243 - loss_div=0.00277 - threshold=0.658 - loss=6.919
/scratch/e0538389/DivClust/engine/trainer.py:41: FutureWarning: `torch.cuda.amp.autocast(args...)` is deprecated. Please use `torch.amp.autocast('cuda', args...)` instead.
  with autocast(self.mixed_precision):
[2026-03-30 10:23:35](logger.py 179): id=CC_FMNIST_C10CFG_K20_E100_DT_0_5 | Ep. 7/100 - Step 125/273 (2.3 it/s) |#########           | - loss_cc=4.697 - loss_ce=2.191 - loss_ne=0.0237 - loss_div=0.00244 - threshold=0.66 - loss=6.915
/scratch/e0538389/DivClust/engine/trainer.py:41: FutureWarning: `torch.cuda.amp.autocast(args...)` is deprecated. Please use `torch.amp.autocast('cuda', args...)` instead.
  with autocast(self.mixed_precision):
/scratch/e0538389/DivClust/engine/trainer.py:41: FutureWarning: `torch.cuda.amp.autocast(args...)` is deprecated. Please use `torch.amp.autocast('cuda', args...)` instead.
  with autocast(self.mixed_precision):
[2026-03-30 10:23:45](logger.py 179): id=CC_FMNIST_C10CFG_K20_E100_DT_0_5 | Ep. 7/100 - Step 150/273 (2.3 it/s) |##########          | - loss_cc=4.695 - loss_ce=2.191 - loss_ne=0.0235 - loss_div=0.00239 - threshold=0.66 - loss=6.912
/scratch/e0538389/DivClust/engine/trainer.py:41: FutureWarning: `torch.cuda.amp.autocast(args...)` is deprecated. Please use `torch.amp.autocast('cuda', args...)` instead.
  with autocast(self.mixed_precision):
[2026-03-30 10:23:56](logger.py 179): id=CC_FMNIST_C10CFG_K20_E100_DT_0_5 | Ep. 7/100 - Step 175/273 (2.3 it/s) |############        | - loss_cc=4.696 - loss_ce=2.191 - loss_ne=0.0235 - loss_div=0.00239 - threshold=0.659 - loss=6.913
/scratch/e0538389/DivClust/engine/trainer.py:41: FutureWarning: `torch.cuda.amp.autocast(args...)` is deprecated. Please use `torch.amp.autocast('cuda', args...)` instead.
  with autocast(self.mixed_precision):
[2026-03-30 10:24:07](logger.py 179): id=CC_FMNIST_C10CFG_K20_E100_DT_0_5 | Ep. 7/100 - Step 200/273 (2.3 it/s) |##############      | - loss_cc=4.695 - loss_ce=2.191 - loss_ne=0.0238 - loss_div=0.00243 - threshold=0.659 - loss=6.912
/scratch/e0538389/DivClust/engine/trainer.py:41: FutureWarning: `torch.cuda.amp.autocast(args...)` is deprecated. Please use `torch.amp.autocast('cuda', args...)` instead.
  with autocast(self.mixed_precision):
[2026-03-30 10:24:18](logger.py 179): id=CC_FMNIST_C10CFG_K20_E100_DT_0_5 | Ep. 7/100 - Step 225/273 (2.3 it/s) |################    | - loss_cc=4.694 - loss_ce=2.19 - loss_ne=0.0236 - loss_div=0.00255 - threshold=0.658 - loss=6.911
/scratch/e0538389/DivClust/engine/trainer.py:41: FutureWarning: `torch.cuda.amp.autocast(args...)` is deprecated. Please use `torch.amp.autocast('cuda', args...)` instead.
  with autocast(self.mixed_precision):
/scratch/e0538389/DivClust/engine/trainer.py:41: FutureWarning: `torch.cuda.amp.autocast(args...)` is deprecated. Please use `torch.amp.autocast('cuda', args...)` instead.
  with autocast(self.mixed_precision):
[2026-03-30 10:24:29](logger.py 179): id=CC_FMNIST_C10CFG_K20_E100_DT_0_5 | Ep. 7/100 - Step 250/273 (2.29 it/s) |##################  | - loss_cc=4.694 - loss_ce=2.19 - loss_ne=0.0237 - loss_div=0.00241 - threshold=0.657 - loss=6.91
/scratch/e0538389/DivClust/engine/trainer.py:41: FutureWarning: `torch.cuda.amp.autocast(args...)` is deprecated. Please use `torch.amp.autocast('cuda', args...)` instead.
  with autocast(self.mixed_precision):
[2026-03-30 10:24:39](logger.py 179): id=CC_FMNIST_C10CFG_K20_E100_DT_0_5 | Ep. 7/100 | Time: 00:01 | loss_cc=4.694 - loss_ce=2.19 - loss_ne=0.0237 - loss_div=0.00228 - threshold=0.658 - loss=6.909
[2026-03-30 10:24:41](logger.py 179): id=CC_FMNIST_C10CFG_K20_E100_DT_0_5 | Ep. 8/100 - Step 0/273 (0.0 it/s) |                    | - loss_cc=4.682 - loss_ce=2.182 - loss_ne=0.0182 - loss_div=0.0 - threshold=0.667 - loss=6.882
/scratch/e0538389/DivClust/engine/trainer.py:41: FutureWarning: `torch.cuda.amp.autocast(args...)` is deprecated. Please use `torch.amp.autocast('cuda', args...)` instead.
  with autocast(self.mixed_precision):
[2026-03-30 10:24:52](logger.py 179): id=CC_FMNIST_C10CFG_K20_E100_DT_0_5 | Ep. 8/100 - Step 25/273 (2.3 it/s) |#                   | - loss_cc=4.678 - loss_ce=2.18 - loss_ne=0.021 - loss_div=0.00159 - threshold=0.664 - loss=6.88
/scratch/e0538389/DivClust/engine/trainer.py:41: FutureWarning: `torch.cuda.amp.autocast(args...)` is deprecated. Please use `torch.amp.autocast('cuda', args...)` instead.
  with autocast(self.mixed_precision):
[2026-03-30 10:25:03](logger.py 179): id=CC_FMNIST_C10CFG_K20_E100_DT_0_5 | Ep. 8/100 - Step 50/273 (2.31 it/s) |###                 | - loss_cc=4.678 - loss_ce=2.18 - loss_ne=0.0216 - loss_div=0.0024 - threshold=0.66 - loss=6.882
/scratch/e0538389/DivClust/engine/trainer.py:41: FutureWarning: `torch.cuda.amp.autocast(args...)` is deprecated. Please use `torch.amp.autocast('cuda', args...)` instead.
  with autocast(self.mixed_precision):
[2026-03-30 10:25:14](logger.py 179): id=CC_FMNIST_C10CFG_K20_E100_DT_0_5 | Ep. 8/100 - Step 75/273 (2.31 it/s) |#####               | - loss_cc=4.676 - loss_ce=2.18 - loss_ne=0.0227 - loss_div=0.00302 - threshold=0.656 - loss=6.882
/scratch/e0538389/DivClust/engine/trainer.py:41: FutureWarning: `torch.cuda.amp.autocast(args...)` is deprecated. Please use `torch.amp.autocast('cuda', args...)` instead.
  with autocast(self.mixed_precision):
/scratch/e0538389/DivClust/engine/trainer.py:41: FutureWarning: `torch.cuda.amp.autocast(args...)` is deprecated. Please use `torch.amp.autocast('cuda', args...)` instead.
  with autocast(self.mixed_precision):
[2026-03-30 10:25:25](logger.py 179): id=CC_FMNIST_C10CFG_K20_E100_DT_0_5 | Ep. 8/100 - Step 100/273 (2.29 it/s) |#######             | - loss_cc=4.677 - loss_ce=2.182 - loss_ne=0.0227 - loss_div=0.00335 - threshold=0.653 - loss=6.885
/scratch/e0538389/DivClust/engine/trainer.py:41: FutureWarning: `torch.cuda.amp.autocast(args...)` is deprecated. Please use `torch.amp.autocast('cuda', args...)` instead.
  with autocast(self.mixed_precision):
[2026-03-30 10:25:36](logger.py 179): id=CC_FMNIST_C10CFG_K20_E100_DT_0_5 | Ep. 8/100 - Step 125/273 (2.3 it/s) |#########           | - loss_cc=4.677 - loss_ce=2.182 - loss_ne=0.0231 - loss_div=0.00297 - threshold=0.652 - loss=6.886
/scratch/e0538389/DivClust/engine/trainer.py:41: FutureWarning: `torch.cuda.amp.autocast(args...)` is deprecated. Please use `torch.amp.autocast('cuda', args...)` instead.
  with autocast(self.mixed_precision):
[2026-03-30 10:25:47](logger.py 179): id=CC_FMNIST_C10CFG_K20_E100_DT_0_5 | Ep. 8/100 - Step 150/273 (2.3 it/s) |##########          | - loss_cc=4.676 - loss_ce=2.182 - loss_ne=0.0231 - loss_div=0.00259 - threshold=0.653 - loss=6.884
/scratch/e0538389/DivClust/engine/trainer.py:41: FutureWarning: `torch.cuda.amp.autocast(args...)` is deprecated. Please use `torch.amp.autocast('cuda', args...)` instead.
  with autocast(self.mixed_precision):
[2026-03-30 10:25:57](logger.py 179): id=CC_FMNIST_C10CFG_K20_E100_DT_0_5 | Ep. 8/100 - Step 175/273 (2.3 it/s) |############        | - loss_cc=4.677 - loss_ce=2.182 - loss_ne=0.023 - loss_div=0.00254 - threshold=0.653 - loss=6.884
/scratch/e0538389/DivClust/engine/trainer.py:41: FutureWarning: `torch.cuda.amp.autocast(args...)` is deprecated. Please use `torch.amp.autocast('cuda', args...)` instead.
  with autocast(self.mixed_precision):
/scratch/e0538389/DivClust/engine/trainer.py:41: FutureWarning: `torch.cuda.amp.autocast(args...)` is deprecated. Please use `torch.amp.autocast('cuda', args...)` instead.
  with autocast(self.mixed_precision):
[2026-03-30 10:26:09](logger.py 179): id=CC_FMNIST_C10CFG_K20_E100_DT_0_5 | Ep. 8/100 - Step 200/273 (2.29 it/s) |##############      | - loss_cc=4.676 - loss_ce=2.182 - loss_ne=0.0231 - loss_div=0.00275 - threshold=0.652 - loss=6.884
/scratch/e0538389/DivClust/engine/trainer.py:41: FutureWarning: `torch.cuda.amp.autocast(args...)` is deprecated. Please use `torch.amp.autocast('cuda', args...)` instead.
  with autocast(self.mixed_precision):
[2026-03-30 10:26:20](logger.py 179): id=CC_FMNIST_C10CFG_K20_E100_DT_0_5 | Ep. 8/100 - Step 225/273 (2.29 it/s) |################    | - loss_cc=4.677 - loss_ce=2.182 - loss_ne=0.0233 - loss_div=0.00258 - threshold=0.653 - loss=6.885
/scratch/e0538389/DivClust/engine/trainer.py:41: FutureWarning: `torch.cuda.amp.autocast(args...)` is deprecated. Please use `torch.amp.autocast('cuda', args...)` instead.
  with autocast(self.mixed_precision):
[2026-03-30 10:26:30](logger.py 179): id=CC_FMNIST_C10CFG_K20_E100_DT_0_5 | Ep. 8/100 - Step 250/273 (2.29 it/s) |##################  | - loss_cc=4.676 - loss_ce=2.182 - loss_ne=0.0234 - loss_div=0.0025 - threshold=0.653 - loss=6.885
/scratch/e0538389/DivClust/engine/trainer.py:41: FutureWarning: `torch.cuda.amp.autocast(args...)` is deprecated. Please use `torch.amp.autocast('cuda', args...)` instead.
  with autocast(self.mixed_precision):
[2026-03-30 10:26:40](logger.py 179): id=CC_FMNIST_C10CFG_K20_E100_DT_0_5 | Ep. 8/100 | Time: 00:01 | loss_cc=4.676 - loss_ce=2.182 - loss_ne=0.0237 - loss_div=0.00255 - threshold=0.653 - loss=6.885
[2026-03-30 10:26:42](logger.py 179): id=CC_FMNIST_C10CFG_K20_E100_DT_0_5 | Ep. 9/100 - Step 0/273 (0.0 it/s) |                    | - loss_cc=4.653 - loss_ce=2.176 - loss_ne=0.018 - loss_div=0.00282 - threshold=0.647 - loss=6.85
/scratch/e0538389/DivClust/engine/trainer.py:41: FutureWarning: `torch.cuda.amp.autocast(args...)` is deprecated. Please use `torch.amp.autocast('cuda', args...)` instead.
  with autocast(self.mixed_precision):
/scratch/e0538389/DivClust/engine/trainer.py:41: FutureWarning: `torch.cuda.amp.autocast(args...)` is deprecated. Please use `torch.amp.autocast('cuda', args...)` instead.
  with autocast(self.mixed_precision):
[2026-03-30 10:26:53](logger.py 179): id=CC_FMNIST_C10CFG_K20_E100_DT_0_5 | Ep. 9/100 - Step 25/273 (2.22 it/s) |#                   | - loss_cc=4.67 - loss_ce=2.18 - loss_ne=0.0214 - loss_div=0.00186 - threshold=0.652 - loss=6.874
/scratch/e0538389/DivClust/engine/trainer.py:41: FutureWarning: `torch.cuda.amp.autocast(args...)` is deprecated. Please use `torch.amp.autocast('cuda', args...)` instead.
  with autocast(self.mixed_precision):
[2026-03-30 10:27:04](logger.py 179): id=CC_FMNIST_C10CFG_K20_E100_DT_0_5 | Ep. 9/100 - Step 50/273 (2.27 it/s) |###                 | - loss_cc=4.67 - loss_ce=2.18 - loss_ne=0.0222 - loss_div=0.00197 - threshold=0.65 - loss=6.874
/scratch/e0538389/DivClust/engine/trainer.py:41: FutureWarning: `torch.cuda.amp.autocast(args...)` is deprecated. Please use `torch.amp.autocast('cuda', args...)` instead.
  with autocast(self.mixed_precision):
[2026-03-30 10:27:15](logger.py 179): id=CC_FMNIST_C10CFG_K20_E100_DT_0_5 | Ep. 9/100 - Step 75/273 (2.28 it/s) |#####               | - loss_cc=4.668 - loss_ce=2.179 - loss_ne=0.0223 - loss_div=0.00201 - threshold=0.65 - loss=6.871
/scratch/e0538389/DivClust/engine/trainer.py:41: FutureWarning: `torch.cuda.amp.autocast(args...)` is deprecated. Please use `torch.amp.autocast('cuda', args...)` instead.
  with autocast(self.mixed_precision):
[2026-03-30 10:27:26](logger.py 179): id=CC_FMNIST_C10CFG_K20_E100_DT_0_5 | Ep. 9/100 - Step 100/273 (2.29 it/s) |#######             | - loss_cc=4.67 - loss_ce=2.18 - loss_ne=0.0228 - loss_div=0.00239 - threshold=0.648 - loss=6.875
/scratch/e0538389/DivClust/engine/trainer.py:41: FutureWarning: `torch.cuda.amp.autocast(args...)` is deprecated. Please use `torch.amp.autocast('cuda', args...)` instead.
  with autocast(self.mixed_precision):
/scratch/e0538389/DivClust/engine/trainer.py:41: FutureWarning: `torch.cuda.amp.autocast(args...)` is deprecated. Please use `torch.amp.autocast('cuda', args...)` instead.
  with autocast(self.mixed_precision):
[2026-03-30 10:27:37](logger.py 179): id=CC_FMNIST_C10CFG_K20_E100_DT_0_5 | Ep. 9/100 - Step 125/273 (2.28 it/s) |#########           | - loss_cc=4.671 - loss_ce=2.181 - loss_ne=0.0235 - loss_div=0.00228 - threshold=0.648 - loss=6.878
/scratch/e0538389/DivClust/engine/trainer.py:41: FutureWarning: `torch.cuda.amp.autocast(args...)` is deprecated. Please use `torch.amp.autocast('cuda', args...)` instead.
  with autocast(self.mixed_precision):
[2026-03-30 10:27:48](logger.py 179): id=CC_FMNIST_C10CFG_K20_E100_DT_0_5 | Ep. 9/100 - Step 150/273 (2.28 it/s) |##########          | - loss_cc=4.672 - loss_ce=2.181 - loss_ne=0.0236 - loss_div=0.00206 - threshold=0.649 - loss=6.878
/scratch/e0538389/DivClust/engine/trainer.py:41: FutureWarning: `torch.cuda.amp.autocast(args...)` is deprecated. Please use `torch.amp.autocast('cuda', args...)` instead.
  with autocast(self.mixed_precision):
[2026-03-30 10:27:59](logger.py 179): id=CC_FMNIST_C10CFG_K20_E100_DT_0_5 | Ep. 9/100 - Step 175/273 (2.28 it/s) |############        | - loss_cc=4.671 - loss_ce=2.18 - loss_ne=0.0235 - loss_div=0.00179 - threshold=0.651 - loss=6.876
/scratch/e0538389/DivClust/engine/trainer.py:41: FutureWarning: `torch.cuda.amp.autocast(args...)` is deprecated. Please use `torch.amp.autocast('cuda', args...)` instead.
  with autocast(self.mixed_precision):
[2026-03-30 10:28:09](logger.py 179): id=CC_FMNIST_C10CFG_K20_E100_DT_0_5 | Ep. 9/100 - Step 200/273 (2.29 it/s) |##############      | - loss_cc=4.67 - loss_ce=2.18 - loss_ne=0.0233 - loss_div=0.00179 - threshold=0.652 - loss=6.875
/scratch/e0538389/DivClust/engine/trainer.py:41: FutureWarning: `torch.cuda.amp.autocast(args...)` is deprecated. Please use `torch.amp.autocast('cuda', args...)` instead.
  with autocast(self.mixed_precision):
/scratch/e0538389/DivClust/engine/trainer.py:41: FutureWarning: `torch.cuda.amp.autocast(args...)` is deprecated. Please use `torch.amp.autocast('cuda', args...)` instead.
  with autocast(self.mixed_precision):
[2026-03-30 10:28:21](logger.py 179): id=CC_FMNIST_C10CFG_K20_E100_DT_0_5 | Ep. 9/100 - Step 225/273 (2.28 it/s) |################    | - loss_cc=4.67 - loss_ce=2.179 - loss_ne=0.0233 - loss_div=0.00178 - threshold=0.652 - loss=6.874
/scratch/e0538389/DivClust/engine/trainer.py:41: FutureWarning: `torch.cuda.amp.autocast(args...)` is deprecated. Please use `torch.amp.autocast('cuda', args...)` instead.
  with autocast(self.mixed_precision):
[2026-03-30 10:28:32](logger.py 179): id=CC_FMNIST_C10CFG_K20_E100_DT_0_5 | Ep. 9/100 - Step 250/273 (2.28 it/s) |##################  | - loss_cc=4.669 - loss_ce=2.179 - loss_ne=0.0231 - loss_div=0.00174 - threshold=0.653 - loss=6.872
/scratch/e0538389/DivClust/engine/trainer.py:41: FutureWarning: `torch.cuda.amp.autocast(args...)` is deprecated. Please use `torch.amp.autocast('cuda', args...)` instead.
  with autocast(self.mixed_precision):
[2026-03-30 10:28:41](logger.py 179): id=CC_FMNIST_C10CFG_K20_E100_DT_0_5 | Ep. 9/100 | Time: 00:01 | loss_cc=4.668 - loss_ce=2.178 - loss_ne=0.0228 - loss_div=0.00178 - threshold=0.653 - loss=6.871
[2026-03-30 10:28:43](logger.py 179): id=CC_FMNIST_C10CFG_K20_E100_DT_0_5 | Ep. 10/100 - Step 0/273 (0.0 it/s) |                    | - loss_cc=4.676 - loss_ce=2.18 - loss_ne=0.0208 - loss_div=0.00228 - threshold=0.646 - loss=6.879
/scratch/e0538389/DivClust/engine/trainer.py:41: FutureWarning: `torch.cuda.amp.autocast(args...)` is deprecated. Please use `torch.amp.autocast('cuda', args...)` instead.
  with autocast(self.mixed_precision):
[2026-03-30 10:28:54](logger.py 179): id=CC_FMNIST_C10CFG_K20_E100_DT_0_5 | Ep. 10/100 - Step 25/273 (2.38 it/s) |#                   | - loss_cc=4.653 - loss_ce=2.172 - loss_ne=0.0217 - loss_div=0.00423 - threshold=0.642 - loss=6.85
/scratch/e0538389/DivClust/engine/trainer.py:41: FutureWarning: `torch.cuda.amp.autocast(args...)` is deprecated. Please use `torch.amp.autocast('cuda', args...)` instead.
  with autocast(self.mixed_precision):
[2026-03-30 10:29:04](logger.py 179): id=CC_FMNIST_C10CFG_K20_E100_DT_0_5 | Ep. 10/100 - Step 50/273 (2.35 it/s) |###                 | - loss_cc=4.656 - loss_ce=2.174 - loss_ne=0.0227 - loss_div=0.00307 - threshold=0.644 - loss=6.856
/scratch/e0538389/DivClust/engine/trainer.py:41: FutureWarning: `torch.cuda.amp.autocast(args...)` is deprecated. Please use `torch.amp.autocast('cuda', args...)` instead.
  with autocast(self.mixed_precision):
/scratch/e0538389/DivClust/engine/trainer.py:41: FutureWarning: `torch.cuda.amp.autocast(args...)` is deprecated. Please use `torch.amp.autocast('cuda', args...)` instead.
  with autocast(self.mixed_precision):
[2026-03-30 10:29:15](logger.py 179): id=CC_FMNIST_C10CFG_K20_E100_DT_0_5 | Ep. 10/100 - Step 75/273 (2.34 it/s) |#####               | - loss_cc=4.654 - loss_ce=2.173 - loss_ne=0.0226 - loss_div=0.00231 - threshold=0.647 - loss=6.852
/scratch/e0538389/DivClust/engine/trainer.py:41: FutureWarning: `torch.cuda.amp.autocast(args...)` is deprecated. Please use `torch.amp.autocast('cuda', args...)` instead.
  with autocast(self.mixed_precision):
[2026-03-30 10:29:26](logger.py 179): id=CC_FMNIST_C10CFG_K20_E100_DT_0_5 | Ep. 10/100 - Step 100/273 (2.34 it/s) |#######             | - loss_cc=4.655 - loss_ce=2.173 - loss_ne=0.0224 - loss_div=0.00204 - threshold=0.649 - loss=6.852
/scratch/e0538389/DivClust/engine/trainer.py:41: FutureWarning: `torch.cuda.amp.autocast(args...)` is deprecated. Please use `torch.amp.autocast('cuda', args...)` instead.
  with autocast(self.mixed_precision):
[2026-03-30 10:29:37](logger.py 179): id=CC_FMNIST_C10CFG_K20_E100_DT_0_5 | Ep. 10/100 - Step 125/273 (2.33 it/s) |#########           | - loss_cc=4.658 - loss_ce=2.173 - loss_ne=0.0227 - loss_div=0.00227 - threshold=0.649 - loss=6.856
/scratch/e0538389/DivClust/engine/trainer.py:41: FutureWarning: `torch.cuda.amp.autocast(args...)` is deprecated. Please use `torch.amp.autocast('cuda', args...)` instead.
  with autocast(self.mixed_precision):
[2026-03-30 10:29:48](logger.py 179): id=CC_FMNIST_C10CFG_K20_E100_DT_0_5 | Ep. 10/100 - Step 150/273 (2.32 it/s) |##########          | - loss_cc=4.658 - loss_ce=2.174 - loss_ne=0.0226 - loss_div=0.00226 - threshold=0.648 - loss=6.857
/scratch/e0538389/DivClust/engine/trainer.py:41: FutureWarning: `torch.cuda.amp.autocast(args...)` is deprecated. Please use `torch.amp.autocast('cuda', args...)` instead.
  with autocast(self.mixed_precision):
/scratch/e0538389/DivClust/engine/trainer.py:41: FutureWarning: `torch.cuda.amp.autocast(args...)` is deprecated. Please use `torch.amp.autocast('cuda', args...)` instead.
  with autocast(self.mixed_precision):
[2026-03-30 10:29:58](logger.py 179): id=CC_FMNIST_C10CFG_K20_E100_DT_0_5 | Ep. 10/100 - Step 175/273 (2.33 it/s) |############        | - loss_cc=4.658 - loss_ce=2.173 - loss_ne=0.0227 - loss_div=0.00215 - threshold=0.648 - loss=6.856
/scratch/e0538389/DivClust/engine/trainer.py:41: FutureWarning: `torch.cuda.amp.autocast(args...)` is deprecated. Please use `torch.amp.autocast('cuda', args...)` instead.
  with autocast(self.mixed_precision):
[2026-03-30 10:30:09](logger.py 179): id=CC_FMNIST_C10CFG_K20_E100_DT_0_5 | Ep. 10/100 - Step 200/273 (2.33 it/s) |##############      | - loss_cc=4.658 - loss_ce=2.173 - loss_ne=0.0226 - loss_div=0.0021 - threshold=0.648 - loss=6.856
/scratch/e0538389/DivClust/engine/trainer.py:41: FutureWarning: `torch.cuda.amp.autocast(args...)` is deprecated. Please use `torch.amp.autocast('cuda', args...)` instead.
  with autocast(self.mixed_precision):
[2026-03-30 10:30:19](logger.py 179): id=CC_FMNIST_C10CFG_K20_E100_DT_0_5 | Ep. 10/100 - Step 225/273 (2.34 it/s) |################    | - loss_cc=4.658 - loss_ce=2.173 - loss_ne=0.0229 - loss_div=0.00231 - threshold=0.647 - loss=6.856
/scratch/e0538389/DivClust/engine/trainer.py:41: FutureWarning: `torch.cuda.amp.autocast(args...)` is deprecated. Please use `torch.amp.autocast('cuda', args...)` instead.
  with autocast(self.mixed_precision):
[2026-03-30 10:30:30](logger.py 179): id=CC_FMNIST_C10CFG_K20_E100_DT_0_5 | Ep. 10/100 - Step 250/273 (2.33 it/s) |##################  | - loss_cc=4.658 - loss_ce=2.173 - loss_ne=0.0229 - loss_div=0.00236 - threshold=0.646 - loss=6.856
/scratch/e0538389/DivClust/engine/trainer.py:41: FutureWarning: `torch.cuda.amp.autocast(args...)` is deprecated. Please use `torch.amp.autocast('cuda', args...)` instead.
  with autocast(self.mixed_precision):
/scratch/e0538389/DivClust/engine/trainer.py:41: FutureWarning: `torch.cuda.amp.autocast(args...)` is deprecated. Please use `torch.amp.autocast('cuda', args...)` instead.
  with autocast(self.mixed_precision):
[2026-03-30 10:30:40](logger.py 179): Evaluating
[2026-03-30 10:30:40](logger.py 179): Eval. step 0 of 274
[2026-03-30 10:30:43](logger.py 179): Eval. step 25 of 274
[2026-03-30 10:30:45](logger.py 179): Eval. step 50 of 274
[2026-03-30 10:30:47](logger.py 179): Eval. step 75 of 274
[2026-03-30 10:30:50](logger.py 179): Eval. step 100 of 274
[2026-03-30 10:30:52](logger.py 179): Eval. step 125 of 274
[2026-03-30 10:30:54](logger.py 179): Eval. step 150 of 274
[2026-03-30 10:30:57](logger.py 179): Eval. step 175 of 274
[2026-03-30 10:30:59](logger.py 179): Eval. step 200 of 274
[2026-03-30 10:31:01](logger.py 179): Eval. step 225 of 274
[2026-03-30 10:31:04](logger.py 179): Eval. step 250 of 274
[2026-03-30 10:31:08](logger.py 179): id=CC_FMNIST_C10CFG_K20_E100_DT_0_5 | Ep. 10/100 | Time: 00:02 | loss_cc=4.657 - loss_ce=2.173 - loss_ne=0.0229 - loss_div=0.00237 - threshold=0.645 - loss=6.855 - eval_confidence=0.883 - cluster_acc_0_eval=39.42 - cluster_nmi_0_eval=0.404 - cluster_ari_0_eval=0.249 - cluster_acc_1_eval=41.61 - cluster_nmi_1_eval=0.41 - cluster_ari_1_eval=0.265 - cluster_acc_2_eval=42.52 - cluster_nmi_2_eval=0.409 - cluster_ari_2_eval=0.268 - cluster_acc_3_eval=47.41 - cluster_nmi_3_eval=0.449 - cluster_ari_3_eval=0.315 - cluster_acc_4_eval=39.99 - cluster_nmi_4_eval=0.427 - cluster_ari_4_eval=0.258 - cluster_acc_5_eval=54.32 - cluster_nmi_5_eval=0.501 - cluster_ari_5_eval=0.394 - cluster_acc_6_eval=47.36 - cluster_nmi_6_eval=0.464 - cluster_ari_6_eval=0.326 - cluster_acc_7_eval=40.25 - cluster_nmi_7_eval=0.421 - cluster_ari_7_eval=0.271 - cluster_acc_8_eval=48.01 - cluster_nmi_8_eval=0.465 - cluster_ari_8_eval=0.326 - cluster_acc_9_eval=55.16 - cluster_nmi_9_eval=0.511 - cluster_ari_9_eval=0.396 - cluster_acc_10_eval=51.1 - cluster_nmi_10_eval=0.493 - cluster_ari_10_eval=0.334 - cluster_acc_11_eval=43.36 - cluster_nmi_11_eval=0.452 - cluster_ari_11_eval=0.293 - cluster_acc_12_eval=47.05 - cluster_nmi_12_eval=0.426 - cluster_ari_12_eval=0.285 - cluster_acc_13_eval=42.26 - cluster_nmi_13_eval=0.426 - cluster_ari_13_eval=0.27 - cluster_acc_14_eval=44.6 - cluster_nmi_14_eval=0.41 - cluster_ari_14_eval=0.278 - cluster_acc_15_eval=41.95 - cluster_nmi_15_eval=0.436 - cluster_ari_15_eval=0.266 - cluster_acc_16_eval=42.38 - cluster_nmi_16_eval=0.407 - cluster_ari_16_eval=0.266 - cluster_acc_17_eval=43.65 - cluster_nmi_17_eval=0.443 - cluster_ari_17_eval=0.293 - cluster_acc_18_eval=38.57 - cluster_nmi_18_eval=0.389 - cluster_ari_18_eval=0.234 - cluster_acc_19_eval=38.36 - cluster_nmi_19_eval=0.41 - cluster_ari_19_eval=0.253 - max_cluster_acc_eval=55.16 - mean_cluster_acc_eval=44.47 - min_cluster_acc_eval=38.36 - max_cluster_nmi_eval=0.511 - mean_cluster_nmi_eval=0.438 - min_cluster_nmi_eval=0.389 - max_cluster_ari_eval=0.396 - mean_cluster_ari_eval=0.292 - min_cluster_ari_eval=0.234 - interclustering_nmi_eval=0.504
/scratch/e0538389/DivClust/engine/trainer.py:41: FutureWarning: `torch.cuda.amp.autocast(args...)` is deprecated. Please use `torch.amp.autocast('cuda', args...)` instead.
  with autocast(self.mixed_precision):
[2026-03-30 10:31:10](logger.py 179): id=CC_FMNIST_C10CFG_K20_E100_DT_0_5 | Ep. 11/100 - Step 0/273 (0.0 it/s) |                    | - loss_cc=4.669 - loss_ce=2.178 - loss_ne=0.0164 - loss_div=0.0 - threshold=0.646 - loss=6.864
/scratch/e0538389/DivClust/engine/trainer.py:41: FutureWarning: `torch.cuda.amp.autocast(args...)` is deprecated. Please use `torch.amp.autocast('cuda', args...)` instead.
  with autocast(self.mixed_precision):
[2026-03-30 10:31:20](logger.py 179): id=CC_FMNIST_C10CFG_K20_E100_DT_0_5 | Ep. 11/100 - Step 25/273 (2.37 it/s) |#                   | - loss_cc=4.657 - loss_ce=2.173 - loss_ne=0.0229 - loss_div=0.000848 - threshold=0.648 - loss=6.854
/scratch/e0538389/DivClust/engine/trainer.py:41: FutureWarning: `torch.cuda.amp.autocast(args...)` is deprecated. Please use `torch.amp.autocast('cuda', args...)` instead.
  with autocast(self.mixed_precision):
[2026-03-30 10:31:31](logger.py 179): id=CC_FMNIST_C10CFG_K20_E100_DT_0_5 | Ep. 11/100 - Step 50/273 (2.38 it/s) |###                 | - loss_cc=4.653 - loss_ce=2.171 - loss_ne=0.0222 - loss_div=0.00103 - threshold=0.648 - loss=6.848
/scratch/e0538389/DivClust/engine/trainer.py:41: FutureWarning: `torch.cuda.amp.autocast(args...)` is deprecated. Please use `torch.amp.autocast('cuda', args...)` instead.
  with autocast(self.mixed_precision):
[2026-03-30 10:31:41](logger.py 179): id=CC_FMNIST_C10CFG_K20_E100_DT_0_5 | Ep. 11/100 - Step 75/273 (2.36 it/s) |#####               | - loss_cc=4.656 - loss_ce=2.172 - loss_ne=0.023 - loss_div=0.00188 - threshold=0.646 - loss=6.853
/scratch/e0538389/DivClust/engine/trainer.py:41: FutureWarning: `torch.cuda.amp.autocast(args...)` is deprecated. Please use `torch.amp.autocast('cuda', args...)` instead.
  with autocast(self.mixed_precision):
/scratch/e0538389/DivClust/engine/trainer.py:41: FutureWarning: `torch.cuda.amp.autocast(args...)` is deprecated. Please use `torch.amp.autocast('cuda', args...)` instead.
  with autocast(self.mixed_precision):
[2026-03-30 10:31:53](logger.py 179): id=CC_FMNIST_C10CFG_K20_E100_DT_0_5 | Ep. 11/100 - Step 100/273 (2.33 it/s) |#######             | - loss_cc=4.656 - loss_ce=2.172 - loss_ne=0.023 - loss_div=0.0017 - threshold=0.646 - loss=6.853
/scratch/e0538389/DivClust/engine/trainer.py:41: FutureWarning: `torch.cuda.amp.autocast(args...)` is deprecated. Please use `torch.amp.autocast('cuda', args...)` instead.
  with autocast(self.mixed_precision):
[2026-03-30 10:32:03](logger.py 179): id=CC_FMNIST_C10CFG_K20_E100_DT_0_5 | Ep. 11/100 - Step 125/273 (2.32 it/s) |#########           | - loss_cc=4.656 - loss_ce=2.172 - loss_ne=0.0227 - loss_div=0.00169 - threshold=0.647 - loss=6.852
/scratch/e0538389/DivClust/engine/trainer.py:41: FutureWarning: `torch.cuda.amp.autocast(args...)` is deprecated. Please use `torch.amp.autocast('cuda', args...)` instead.
  with autocast(self.mixed_precision):
[2026-03-30 10:32:14](logger.py 179): id=CC_FMNIST_C10CFG_K20_E100_DT_0_5 | Ep. 11/100 - Step 150/273 (2.32 it/s) |##########          | - loss_cc=4.654 - loss_ce=2.172 - loss_ne=0.0226 - loss_div=0.00179 - threshold=0.646 - loss=6.85
/scratch/e0538389/DivClust/engine/trainer.py:41: FutureWarning: `torch.cuda.amp.autocast(args...)` is deprecated. Please use `torch.amp.autocast('cuda', args...)` instead.
  with autocast(self.mixed_precision):
[2026-03-30 10:32:25](logger.py 179): id=CC_FMNIST_C10CFG_K20_E100_DT_0_5 | Ep. 11/100 - Step 175/273 (2.32 it/s) |############        | - loss_cc=4.654 - loss_ce=2.171 - loss_ne=0.0233 - loss_div=0.00186 - threshold=0.646 - loss=6.851
/scratch/e0538389/DivClust/engine/trainer.py:41: FutureWarning: `torch.cuda.amp.autocast(args...)` is deprecated. Please use `torch.amp.autocast('cuda', args...)` instead.
  with autocast(self.mixed_precision):
/scratch/e0538389/DivClust/engine/trainer.py:41: FutureWarning: `torch.cuda.amp.autocast(args...)` is deprecated. Please use `torch.amp.autocast('cuda', args...)` instead.
  with autocast(self.mixed_precision):
[2026-03-30 10:32:36](logger.py 179): id=CC_FMNIST_C10CFG_K20_E100_DT_0_5 | Ep. 11/100 - Step 200/273 (2.31 it/s) |##############      | - loss_cc=4.654 - loss_ce=2.171 - loss_ne=0.0231 - loss_div=0.00174 - threshold=0.646 - loss=6.85
/scratch/e0538389/DivClust/engine/trainer.py:41: FutureWarning: `torch.cuda.amp.autocast(args...)` is deprecated. Please use `torch.amp.autocast('cuda', args...)` instead.
  with autocast(self.mixed_precision):
[2026-03-30 10:32:47](logger.py 179): id=CC_FMNIST_C10CFG_K20_E100_DT_0_5 | Ep. 11/100 - Step 225/273 (2.31 it/s) |################    | - loss_cc=4.653 - loss_ce=2.171 - loss_ne=0.0231 - loss_div=0.00185 - threshold=0.646 - loss=6.848
/scratch/e0538389/DivClust/engine/trainer.py:41: FutureWarning: `torch.cuda.amp.autocast(args...)` is deprecated. Please use `torch.amp.autocast('cuda', args...)` instead.
  with autocast(self.mixed_precision):
[2026-03-30 10:32:58](logger.py 179): id=CC_FMNIST_C10CFG_K20_E100_DT_0_5 | Ep. 11/100 - Step 250/273 (2.31 it/s) |##################  | - loss_cc=4.653 - loss_ce=2.171 - loss_ne=0.0234 - loss_div=0.00198 - threshold=0.645 - loss=6.849
/scratch/e0538389/DivClust/engine/trainer.py:41: FutureWarning: `torch.cuda.amp.autocast(args...)` is deprecated. Please use `torch.amp.autocast('cuda', args...)` instead.
  with autocast(self.mixed_precision):
[2026-03-30 10:33:07](logger.py 179): id=CC_FMNIST_C10CFG_K20_E100_DT_0_5 | Ep. 11/100 | Time: 00:01 | loss_cc=4.652 - loss_ce=2.171 - loss_ne=0.0235 - loss_div=0.00198 - threshold=0.644 - loss=6.848
[2026-03-30 10:33:09](logger.py 179): id=CC_FMNIST_C10CFG_K20_E100_DT_0_5 | Ep. 12/100 - Step 0/273 (0.0 it/s) |                    | - loss_cc=4.677 - loss_ce=2.18 - loss_ne=0.0164 - loss_div=0.00173 - threshold=0.639 - loss=6.876
/scratch/e0538389/DivClust/engine/trainer.py:41: FutureWarning: `torch.cuda.amp.autocast(args...)` is deprecated. Please use `torch.amp.autocast('cuda', args...)` instead.
  with autocast(self.mixed_precision):
/scratch/e0538389/DivClust/engine/trainer.py:41: FutureWarning: `torch.cuda.amp.autocast(args...)` is deprecated. Please use `torch.amp.autocast('cuda', args...)` instead.
  with autocast(self.mixed_precision):
[2026-03-30 10:33:20](logger.py 179): id=CC_FMNIST_C10CFG_K20_E100_DT_0_5 | Ep. 12/100 - Step 25/273 (2.22 it/s) |#                   | - loss_cc=4.654 - loss_ce=2.17 - loss_ne=0.0234 - loss_div=0.00156 - threshold=0.644 - loss=6.849
/scratch/e0538389/DivClust/engine/trainer.py:41: FutureWarning: `torch.cuda.amp.autocast(args...)` is deprecated. Please use `torch.amp.autocast('cuda', args...)` instead.
  with autocast(self.mixed_precision):
[2026-03-30 10:33:31](logger.py 179): id=CC_FMNIST_C10CFG_K20_E100_DT_0_5 | Ep. 12/100 - Step 50/273 (2.26 it/s) |###                 | - loss_cc=4.65 - loss_ce=2.17 - loss_ne=0.0218 - loss_div=0.00146 - threshold=0.642 - loss=6.844
/scratch/e0538389/DivClust/engine/trainer.py:41: FutureWarning: `torch.cuda.amp.autocast(args...)` is deprecated. Please use `torch.amp.autocast('cuda', args...)` instead.
  with autocast(self.mixed_precision):
[2026-03-30 10:33:42](logger.py 179): id=CC_FMNIST_C10CFG_K20_E100_DT_0_5 | Ep. 12/100 - Step 75/273 (2.28 it/s) |#####               | - loss_cc=4.651 - loss_ce=2.17 - loss_ne=0.0227 - loss_div=0.0018 - threshold=0.642 - loss=6.846
/scratch/e0538389/DivClust/engine/trainer.py:41: FutureWarning: `torch.cuda.amp.autocast(args...)` is deprecated. Please use `torch.amp.autocast('cuda', args...)` instead.
  with autocast(self.mixed_precision):
[2026-03-30 10:33:53](logger.py 179): id=CC_FMNIST_C10CFG_K20_E100_DT_0_5 | Ep. 12/100 - Step 100/273 (2.3 it/s) |#######             | - loss_cc=4.651 - loss_ce=2.17 - loss_ne=0.0222 - loss_div=0.00172 - threshold=0.642 - loss=6.844
/scratch/e0538389/DivClust/engine/trainer.py:41: FutureWarning: `torch.cuda.amp.autocast(args...)` is deprecated. Please use `torch.amp.autocast('cuda', args...)` instead.
  with autocast(self.mixed_precision):
/scratch/e0538389/DivClust/engine/trainer.py:41: FutureWarning: `torch.cuda.amp.autocast(args...)` is deprecated. Please use `torch.amp.autocast('cuda', args...)` instead.
  with autocast(self.mixed_precision):
[2026-03-30 10:34:04](logger.py 179): id=CC_FMNIST_C10CFG_K20_E100_DT_0_5 | Ep. 12/100 - Step 125/273 (2.28 it/s) |#########           | - loss_cc=4.649 - loss_ce=2.169 - loss_ne=0.022 - loss_div=0.00189 - threshold=0.642 - loss=6.842
/scratch/e0538389/DivClust/engine/trainer.py:41: FutureWarning: `torch.cuda.amp.autocast(args...)` is deprecated. Please use `torch.amp.autocast('cuda', args...)` instead.
  with autocast(self.mixed_precision):
[2026-03-30 10:34:15](logger.py 179): id=CC_FMNIST_C10CFG_K20_E100_DT_0_5 | Ep. 12/100 - Step 150/273 (2.29 it/s) |##########          | - loss_cc=4.648 - loss_ce=2.169 - loss_ne=0.0219 - loss_div=0.00191 - threshold=0.64 - loss=6.841
/scratch/e0538389/DivClust/engine/trainer.py:41: FutureWarning: `torch.cuda.amp.autocast(args...)` is deprecated. Please use `torch.amp.autocast('cuda', args...)` instead.
  with autocast(self.mixed_precision):
[2026-03-30 10:34:25](logger.py 179): id=CC_FMNIST_C10CFG_K20_E100_DT_0_5 | Ep. 12/100 - Step 175/273 (2.29 it/s) |############        | - loss_cc=4.648 - loss_ce=2.169 - loss_ne=0.0217 - loss_div=0.00182 - threshold=0.641 - loss=6.84
/scratch/e0538389/DivClust/engine/trainer.py:41: FutureWarning: `torch.cuda.amp.autocast(args...)` is deprecated. Please use `torch.amp.autocast('cuda', args...)` instead.
  with autocast(self.mixed_precision):
[2026-03-30 10:34:36](logger.py 179): id=CC_FMNIST_C10CFG_K20_E100_DT_0_5 | Ep. 12/100 - Step 200/273 (2.29 it/s) |##############      | - loss_cc=4.647 - loss_ce=2.168 - loss_ne=0.0216 - loss_div=0.00172 - threshold=0.641 - loss=6.839
/scratch/e0538389/DivClust/engine/trainer.py:41: FutureWarning: `torch.cuda.amp.autocast(args...)` is deprecated. Please use `torch.amp.autocast('cuda', args...)` instead.
  with autocast(self.mixed_precision):
/scratch/e0538389/DivClust/engine/trainer.py:41: FutureWarning: `torch.cuda.amp.autocast(args...)` is deprecated. Please use `torch.amp.autocast('cuda', args...)` instead.
  with autocast(self.mixed_precision):
[2026-03-30 10:34:47](logger.py 179): id=CC_FMNIST_C10CFG_K20_E100_DT_0_5 | Ep. 12/100 - Step 225/273 (2.29 it/s) |################    | - loss_cc=4.647 - loss_ce=2.168 - loss_ne=0.0217 - loss_div=0.00197 - threshold=0.64 - loss=6.839
/scratch/e0538389/DivClust/engine/trainer.py:41: FutureWarning: `torch.cuda.amp.autocast(args...)` is deprecated. Please use `torch.amp.autocast('cuda', args...)` instead.
  with autocast(self.mixed_precision):
[2026-03-30 10:34:58](logger.py 179): id=CC_FMNIST_C10CFG_K20_E100_DT_0_5 | Ep. 12/100 - Step 250/273 (2.29 it/s) |##################  | - loss_cc=4.647 - loss_ce=2.169 - loss_ne=0.0216 - loss_div=0.00206 - threshold=0.638 - loss=6.839
/scratch/e0538389/DivClust/engine/trainer.py:41: FutureWarning: `torch.cuda.amp.autocast(args...)` is deprecated. Please use `torch.amp.autocast('cuda', args...)` instead.
  with autocast(self.mixed_precision):
[2026-03-30 10:35:08](logger.py 179): id=CC_FMNIST_C10CFG_K20_E100_DT_0_5 | Ep. 12/100 | Time: 00:01 | loss_cc=4.646 - loss_ce=2.168 - loss_ne=0.0215 - loss_div=0.00202 - threshold=0.638 - loss=6.838
[2026-03-30 10:35:10](logger.py 179): id=CC_FMNIST_C10CFG_K20_E100_DT_0_5 | Ep. 13/100 - Step 0/273 (0.0 it/s) |                    | - loss_cc=4.654 - loss_ce=2.173 - loss_ne=0.0259 - loss_div=0.0 - threshold=0.638 - loss=6.852
/scratch/e0538389/DivClust/engine/trainer.py:41: FutureWarning: `torch.cuda.amp.autocast(args...)` is deprecated. Please use `torch.amp.autocast('cuda', args...)` instead.
  with autocast(self.mixed_precision):
[2026-03-30 10:35:21](logger.py 179): id=CC_FMNIST_C10CFG_K20_E100_DT_0_5 | Ep. 13/100 - Step 25/273 (2.27 it/s) |#                   | - loss_cc=4.637 - loss_ce=2.164 - loss_ne=0.0222 - loss_div=0.000736 - threshold=0.642 - loss=6.823
/scratch/e0538389/DivClust/engine/trainer.py:41: FutureWarning: `torch.cuda.amp.autocast(args...)` is deprecated. Please use `torch.amp.autocast('cuda', args...)` instead.
  with autocast(self.mixed_precision):
[2026-03-30 10:35:32](logger.py 179): id=CC_FMNIST_C10CFG_K20_E100_DT_0_5 | Ep. 13/100 - Step 50/273 (2.29 it/s) |###                 | - loss_cc=4.64 - loss_ce=2.164 - loss_ne=0.0222 - loss_div=0.00152 - threshold=0.641 - loss=6.828
/scratch/e0538389/DivClust/engine/trainer.py:41: FutureWarning: `torch.cuda.amp.autocast(args...)` is deprecated. Please use `torch.amp.autocast('cuda', args...)` instead.
  with autocast(self.mixed_precision):
/scratch/e0538389/DivClust/engine/trainer.py:41: FutureWarning: `torch.cuda.amp.autocast(args...)` is deprecated. Please use `torch.amp.autocast('cuda', args...)` instead.
  with autocast(self.mixed_precision):
[2026-03-30 10:35:43](logger.py 179): id=CC_FMNIST_C10CFG_K20_E100_DT_0_5 | Ep. 13/100 - Step 75/273 (2.27 it/s) |#####               | - loss_cc=4.639 - loss_ce=2.165 - loss_ne=0.0232 - loss_div=0.00184 - threshold=0.638 - loss=6.829
/scratch/e0538389/DivClust/engine/trainer.py:41: FutureWarning: `torch.cuda.amp.autocast(args...)` is deprecated. Please use `torch.amp.autocast('cuda', args...)` instead.
  with autocast(self.mixed_precision):
[2026-03-30 10:35:54](logger.py 179): id=CC_FMNIST_C10CFG_K20_E100_DT_0_5 | Ep. 13/100 - Step 100/273 (2.28 it/s) |#######             | - loss_cc=4.637 - loss_ce=2.164 - loss_ne=0.023 - loss_div=0.0017 - threshold=0.639 - loss=6.826
/scratch/e0538389/DivClust/engine/trainer.py:41: FutureWarning: `torch.cuda.amp.autocast(args...)` is deprecated. Please use `torch.amp.autocast('cuda', args...)` instead.
  with autocast(self.mixed_precision):
[2026-03-30 10:36:05](logger.py 179): id=CC_FMNIST_C10CFG_K20_E100_DT_0_5 | Ep. 13/100 - Step 125/273 (2.29 it/s) |#########           | - loss_cc=4.638 - loss_ce=2.164 - loss_ne=0.0226 - loss_div=0.00158 - threshold=0.639 - loss=6.825
/scratch/e0538389/DivClust/engine/trainer.py:41: FutureWarning: `torch.cuda.amp.autocast(args...)` is deprecated. Please use `torch.amp.autocast('cuda', args...)` instead.
  with autocast(self.mixed_precision):
[2026-03-30 10:36:15](logger.py 179): id=CC_FMNIST_C10CFG_K20_E100_DT_0_5 | Ep. 13/100 - Step 150/273 (2.29 it/s) |##########          | - loss_cc=4.638 - loss_ce=2.164 - loss_ne=0.0227 - loss_div=0.00192 - threshold=0.638 - loss=6.826
/scratch/e0538389/DivClust/engine/trainer.py:41: FutureWarning: `torch.cuda.amp.autocast(args...)` is deprecated. Please use `torch.amp.autocast('cuda', args...)` instead.
  with autocast(self.mixed_precision):
/scratch/e0538389/DivClust/engine/trainer.py:41: FutureWarning: `torch.cuda.amp.autocast(args...)` is deprecated. Please use `torch.amp.autocast('cuda', args...)` instead.
  with autocast(self.mixed_precision):
[2026-03-30 10:36:26](logger.py 179): id=CC_FMNIST_C10CFG_K20_E100_DT_0_5 | Ep. 13/100 - Step 175/273 (2.3 it/s) |############        | - loss_cc=4.638 - loss_ce=2.164 - loss_ne=0.0229 - loss_div=0.00197 - threshold=0.637 - loss=6.827
/scratch/e0538389/DivClust/engine/trainer.py:41: FutureWarning: `torch.cuda.amp.autocast(args...)` is deprecated. Please use `torch.amp.autocast('cuda', args...)` instead.
  with autocast(self.mixed_precision):
[2026-03-30 10:36:37](logger.py 179): id=CC_FMNIST_C10CFG_K20_E100_DT_0_5 | Ep. 13/100 - Step 200/273 (2.3 it/s) |##############      | - loss_cc=4.638 - loss_ce=2.164 - loss_ne=0.0228 - loss_div=0.00196 - threshold=0.636 - loss=6.827
/scratch/e0538389/DivClust/engine/trainer.py:41: FutureWarning: `torch.cuda.amp.autocast(args...)` is deprecated. Please use `torch.amp.autocast('cuda', args...)` instead.
  with autocast(self.mixed_precision):
[2026-03-30 10:36:48](logger.py 179): id=CC_FMNIST_C10CFG_K20_E100_DT_0_5 | Ep. 13/100 - Step 225/273 (2.3 it/s) |################    | - loss_cc=4.637 - loss_ce=2.164 - loss_ne=0.0226 - loss_div=0.00178 - threshold=0.637 - loss=6.826
/scratch/e0538389/DivClust/engine/trainer.py:41: FutureWarning: `torch.cuda.amp.autocast(args...)` is deprecated. Please use `torch.amp.autocast('cuda', args...)` instead.
  with autocast(self.mixed_precision):
[2026-03-30 10:36:58](logger.py 179): id=CC_FMNIST_C10CFG_K20_E100_DT_0_5 | Ep. 13/100 - Step 250/273 (2.3 it/s) |##################  | - loss_cc=4.637 - loss_ce=2.164 - loss_ne=0.0222 - loss_div=0.00171 - threshold=0.637 - loss=6.824
/scratch/e0538389/DivClust/engine/trainer.py:41: FutureWarning: `torch.cuda.amp.autocast(args...)` is deprecated. Please use `torch.amp.autocast('cuda', args...)` instead.
  with autocast(self.mixed_precision):
/scratch/e0538389/DivClust/engine/trainer.py:41: FutureWarning: `torch.cuda.amp.autocast(args...)` is deprecated. Please use `torch.amp.autocast('cuda', args...)` instead.
  with autocast(self.mixed_precision):
[2026-03-30 10:37:08](logger.py 179): id=CC_FMNIST_C10CFG_K20_E100_DT_0_5 | Ep. 13/100 | Time: 00:01 | loss_cc=4.637 - loss_ce=2.164 - loss_ne=0.0225 - loss_div=0.00197 - threshold=0.637 - loss=6.825
[2026-03-30 10:37:11](logger.py 179): id=CC_FMNIST_C10CFG_K20_E100_DT_0_5 | Ep. 14/100 - Step 0/273 (0.0 it/s) |                    | - loss_cc=4.631 - loss_ce=2.161 - loss_ne=0.0189 - loss_div=0.0 - threshold=0.638 - loss=6.811
/scratch/e0538389/DivClust/engine/trainer.py:41: FutureWarning: `torch.cuda.amp.autocast(args...)` is deprecated. Please use `torch.amp.autocast('cuda', args...)` instead.
  with autocast(self.mixed_precision):
[2026-03-30 10:37:21](logger.py 179): id=CC_FMNIST_C10CFG_K20_E100_DT_0_5 | Ep. 14/100 - Step 25/273 (2.32 it/s) |#                   | - loss_cc=4.638 - loss_ce=2.164 - loss_ne=0.0213 - loss_div=0.00117 - threshold=0.636 - loss=6.825
/scratch/e0538389/DivClust/engine/trainer.py:41: FutureWarning: `torch.cuda.amp.autocast(args...)` is deprecated. Please use `torch.amp.autocast('cuda', args...)` instead.
  with autocast(self.mixed_precision):
[2026-03-30 10:37:32](logger.py 179): id=CC_FMNIST_C10CFG_K20_E100_DT_0_5 | Ep. 14/100 - Step 50/273 (2.35 it/s) |###                 | - loss_cc=4.637 - loss_ce=2.164 - loss_ne=0.0206 - loss_div=0.00148 - threshold=0.635 - loss=6.822
/scratch/e0538389/DivClust/engine/trainer.py:41: FutureWarning: `torch.cuda.amp.autocast(args...)` is deprecated. Please use `torch.amp.autocast('cuda', args...)` instead.
  with autocast(self.mixed_precision):
[2026-03-30 10:37:43](logger.py 179): id=CC_FMNIST_C10CFG_K20_E100_DT_0_5 | Ep. 14/100 - Step 75/273 (2.33 it/s) |#####               | - loss_cc=4.633 - loss_ce=2.162 - loss_ne=0.0224 - loss_div=0.00182 - threshold=0.635 - loss=6.819
/scratch/e0538389/DivClust/engine/trainer.py:41: FutureWarning: `torch.cuda.amp.autocast(args...)` is deprecated. Please use `torch.amp.autocast('cuda', args...)` instead.
  with autocast(self.mixed_precision):
/scratch/e0538389/DivClust/engine/trainer.py:41: FutureWarning: `torch.cuda.amp.autocast(args...)` is deprecated. Please use `torch.amp.autocast('cuda', args...)` instead.
  with autocast(self.mixed_precision):
[2026-03-30 10:37:54](logger.py 179): id=CC_FMNIST_C10CFG_K20_E100_DT_0_5 | Ep. 14/100 - Step 100/273 (2.31 it/s) |#######             | - loss_cc=4.632 - loss_ce=2.161 - loss_ne=0.0219 - loss_div=0.00166 - threshold=0.635 - loss=6.817
/scratch/e0538389/DivClust/engine/trainer.py:41: FutureWarning: `torch.cuda.amp.autocast(args...)` is deprecated. Please use `torch.amp.autocast('cuda', args...)` instead.
  with autocast(self.mixed_precision):
[2026-03-30 10:38:05](logger.py 179): id=CC_FMNIST_C10CFG_K20_E100_DT_0_5 | Ep. 14/100 - Step 125/273 (2.31 it/s) |#########           | - loss_cc=4.632 - loss_ce=2.161 - loss_ne=0.0216 - loss_div=0.00166 - threshold=0.635 - loss=6.816
/scratch/e0538389/DivClust/engine/trainer.py:41: FutureWarning: `torch.cuda.amp.autocast(args...)` is deprecated. Please use `torch.amp.autocast('cuda', args...)` instead.
  with autocast(self.mixed_precision):
[2026-03-30 10:38:16](logger.py 179): id=CC_FMNIST_C10CFG_K20_E100_DT_0_5 | Ep. 14/100 - Step 150/273 (2.31 it/s) |##########          | - loss_cc=4.631 - loss_ce=2.161 - loss_ne=0.0217 - loss_div=0.00166 - threshold=0.635 - loss=6.816
/scratch/e0538389/DivClust/engine/trainer.py:41: FutureWarning: `torch.cuda.amp.autocast(args...)` is deprecated. Please use `torch.amp.autocast('cuda', args...)` instead.
  with autocast(self.mixed_precision):
[2026-03-30 10:38:27](logger.py 179): id=CC_FMNIST_C10CFG_K20_E100_DT_0_5 | Ep. 14/100 - Step 175/273 (2.31 it/s) |############        | - loss_cc=4.632 - loss_ce=2.161 - loss_ne=0.0214 - loss_div=0.00166 - threshold=0.635 - loss=6.816
/scratch/e0538389/DivClust/engine/trainer.py:41: FutureWarning: `torch.cuda.amp.autocast(args...)` is deprecated. Please use `torch.amp.autocast('cuda', args...)` instead.
  with autocast(self.mixed_precision):
/scratch/e0538389/DivClust/engine/trainer.py:41: FutureWarning: `torch.cuda.amp.autocast(args...)` is deprecated. Please use `torch.amp.autocast('cuda', args...)` instead.
  with autocast(self.mixed_precision):
[2026-03-30 10:38:38](logger.py 179): id=CC_FMNIST_C10CFG_K20_E100_DT_0_5 | Ep. 14/100 - Step 200/273 (2.3 it/s) |##############      | - loss_cc=4.632 - loss_ce=2.161 - loss_ne=0.0212 - loss_div=0.00189 - threshold=0.634 - loss=6.816
/scratch/e0538389/DivClust/engine/trainer.py:41: FutureWarning: `torch.cuda.amp.autocast(args...)` is deprecated. Please use `torch.amp.autocast('cuda', args...)` instead.
  with autocast(self.mixed_precision):
[2026-03-30 10:38:48](logger.py 179): id=CC_FMNIST_C10CFG_K20_E100_DT_0_5 | Ep. 14/100 - Step 225/273 (2.3 it/s) |################    | - loss_cc=4.632 - loss_ce=2.162 - loss_ne=0.0215 - loss_div=0.00199 - threshold=0.634 - loss=6.817
/scratch/e0538389/DivClust/engine/trainer.py:41: FutureWarning: `torch.cuda.amp.autocast(args...)` is deprecated. Please use `torch.amp.autocast('cuda', args...)` instead.
  with autocast(self.mixed_precision):
[2026-03-30 10:38:59](logger.py 179): id=CC_FMNIST_C10CFG_K20_E100_DT_0_5 | Ep. 14/100 - Step 250/273 (2.3 it/s) |##################  | - loss_cc=4.632 - loss_ce=2.162 - loss_ne=0.0216 - loss_div=0.0019 - threshold=0.634 - loss=6.817
/scratch/e0538389/DivClust/engine/trainer.py:41: FutureWarning: `torch.cuda.amp.autocast(args...)` is deprecated. Please use `torch.amp.autocast('cuda', args...)` instead.
  with autocast(self.mixed_precision):
[2026-03-30 10:39:09](logger.py 179): id=CC_FMNIST_C10CFG_K20_E100_DT_0_5 | Ep. 14/100 | Time: 00:01 | loss_cc=4.633 - loss_ce=2.162 - loss_ne=0.0217 - loss_div=0.00179 - threshold=0.634 - loss=6.818
[2026-03-30 10:39:11](logger.py 179): id=CC_FMNIST_C10CFG_K20_E100_DT_0_5 | Ep. 15/100 - Step 0/273 (0.0 it/s) |                    | - loss_cc=4.694 - loss_ce=2.182 - loss_ne=0.022 - loss_div=0.0 - threshold=0.644 - loss=6.899
/scratch/e0538389/DivClust/engine/trainer.py:41: FutureWarning: `torch.cuda.amp.autocast(args...)` is deprecated. Please use `torch.amp.autocast('cuda', args...)` instead.
  with autocast(self.mixed_precision):
[2026-03-30 10:39:22](logger.py 179): id=CC_FMNIST_C10CFG_K20_E100_DT_0_5 | Ep. 15/100 - Step 25/273 (2.22 it/s) |#                   | - loss_cc=4.631 - loss_ce=2.16 - loss_ne=0.0218 - loss_div=0.000323 - threshold=0.649 - loss=6.814
/scratch/e0538389/DivClust/engine/trainer.py:41: FutureWarning: `torch.cuda.amp.autocast(args...)` is deprecated. Please use `torch.amp.autocast('cuda', args...)` instead.
  with autocast(self.mixed_precision):
/scratch/e0538389/DivClust/engine/trainer.py:41: FutureWarning: `torch.cuda.amp.autocast(args...)` is deprecated. Please use `torch.amp.autocast('cuda', args...)` instead.
  with autocast(self.mixed_precision):
[2026-03-30 10:39:33](logger.py 179): id=CC_FMNIST_C10CFG_K20_E100_DT_0_5 | Ep. 15/100 - Step 50/273 (2.27 it/s) |###                 | - loss_cc=4.627 - loss_ce=2.158 - loss_ne=0.0204 - loss_div=0.00068 - threshold=0.646 - loss=6.806
/scratch/e0538389/DivClust/engine/trainer.py:41: FutureWarning: `torch.cuda.amp.autocast(args...)` is deprecated. Please use `torch.amp.autocast('cuda', args...)` instead.
  with autocast(self.mixed_precision):
[2026-03-30 10:39:43](logger.py 179): id=CC_FMNIST_C10CFG_K20_E100_DT_0_5 | Ep. 15/100 - Step 75/273 (2.29 it/s) |#####               | - loss_cc=4.626 - loss_ce=2.158 - loss_ne=0.0208 - loss_div=0.00114 - threshold=0.642 - loss=6.807
/scratch/e0538389/DivClust/engine/trainer.py:41: FutureWarning: `torch.cuda.amp.autocast(args...)` is deprecated. Please use `torch.amp.autocast('cuda', args...)` instead.
  with autocast(self.mixed_precision):
[2026-03-30 10:39:54](logger.py 179): id=CC_FMNIST_C10CFG_K20_E100_DT_0_5 | Ep. 15/100 - Step 100/273 (2.29 it/s) |#######             | - loss_cc=4.625 - loss_ce=2.158 - loss_ne=0.0218 - loss_div=0.0012 - threshold=0.64 - loss=6.806
/scratch/e0538389/DivClust/engine/trainer.py:41: FutureWarning: `torch.cuda.amp.autocast(args...)` is deprecated. Please use `torch.amp.autocast('cuda', args...)` instead.
  with autocast(self.mixed_precision):
[2026-03-30 10:40:05](logger.py 179): id=CC_FMNIST_C10CFG_K20_E100_DT_0_5 | Ep. 15/100 - Step 125/273 (2.29 it/s) |#########           | - loss_cc=4.625 - loss_ce=2.158 - loss_ne=0.0219 - loss_div=0.00137 - threshold=0.639 - loss=6.806
/scratch/e0538389/DivClust/engine/trainer.py:41: FutureWarning: `torch.cuda.amp.autocast(args...)` is deprecated. Please use `torch.amp.autocast('cuda', args...)` instead.
  with autocast(self.mixed_precision):
/scratch/e0538389/DivClust/engine/trainer.py:41: FutureWarning: `torch.cuda.amp.autocast(args...)` is deprecated. Please use `torch.amp.autocast('cuda', args...)` instead.
  with autocast(self.mixed_precision):
[2026-03-30 10:40:16](logger.py 179): id=CC_FMNIST_C10CFG_K20_E100_DT_0_5 | Ep. 15/100 - Step 150/273 (2.29 it/s) |##########          | - loss_cc=4.627 - loss_ce=2.159 - loss_ne=0.0222 - loss_div=0.00172 - threshold=0.637 - loss=6.81
/scratch/e0538389/DivClust/engine/trainer.py:41: FutureWarning: `torch.cuda.amp.autocast(args...)` is deprecated. Please use `torch.amp.autocast('cuda', args...)` instead.
  with autocast(self.mixed_precision):
[2026-03-30 10:40:27](logger.py 179): id=CC_FMNIST_C10CFG_K20_E100_DT_0_5 | Ep. 15/100 - Step 175/273 (2.3 it/s) |############        | - loss_cc=4.628 - loss_ce=2.159 - loss_ne=0.0221 - loss_div=0.00159 - threshold=0.636 - loss=6.811
/scratch/e0538389/DivClust/engine/trainer.py:41: FutureWarning: `torch.cuda.amp.autocast(args...)` is deprecated. Please use `torch.amp.autocast('cuda', args...)` instead.
  with autocast(self.mixed_precision):
[2026-03-30 10:40:37](logger.py 179): id=CC_FMNIST_C10CFG_K20_E100_DT_0_5 | Ep. 15/100 - Step 200/273 (2.31 it/s) |##############      | - loss_cc=4.627 - loss_ce=2.159 - loss_ne=0.0219 - loss_div=0.00163 - threshold=0.636 - loss=6.81
/scratch/e0538389/DivClust/engine/trainer.py:41: FutureWarning: `torch.cuda.amp.autocast(args...)` is deprecated. Please use `torch.amp.autocast('cuda', args...)` instead.
  with autocast(self.mixed_precision):
[2026-03-30 10:40:49](logger.py 179): id=CC_FMNIST_C10CFG_K20_E100_DT_0_5 | Ep. 15/100 - Step 225/273 (2.3 it/s) |################    | - loss_cc=4.627 - loss_ce=2.159 - loss_ne=0.022 - loss_div=0.00158 - threshold=0.636 - loss=6.81
/scratch/e0538389/DivClust/engine/trainer.py:41: FutureWarning: `torch.cuda.amp.autocast(args...)` is deprecated. Please use `torch.amp.autocast('cuda', args...)` instead.
  with autocast(self.mixed_precision):
/scratch/e0538389/DivClust/engine/trainer.py:41: FutureWarning: `torch.cuda.amp.autocast(args...)` is deprecated. Please use `torch.amp.autocast('cuda', args...)` instead.
  with autocast(self.mixed_precision):
[2026-03-30 10:40:59](logger.py 179): id=CC_FMNIST_C10CFG_K20_E100_DT_0_5 | Ep. 15/100 - Step 250/273 (2.3 it/s) |##################  | - loss_cc=4.627 - loss_ce=2.159 - loss_ne=0.022 - loss_div=0.00169 - threshold=0.635 - loss=6.81
/scratch/e0538389/DivClust/engine/trainer.py:41: FutureWarning: `torch.cuda.amp.autocast(args...)` is deprecated. Please use `torch.amp.autocast('cuda', args...)` instead.
  with autocast(self.mixed_precision):
[2026-03-30 10:41:09](logger.py 179): id=CC_FMNIST_C10CFG_K20_E100_DT_0_5 | Ep. 15/100 | Time: 00:01 | loss_cc=4.626 - loss_ce=2.159 - loss_ne=0.0224 - loss_div=0.00178 - threshold=0.634 - loss=6.809
[2026-03-30 10:41:12](logger.py 179): id=CC_FMNIST_C10CFG_K20_E100_DT_0_5 | Ep. 16/100 - Step 0/273 (0.0 it/s) |                    | - loss_cc=4.683 - loss_ce=2.182 - loss_ne=0.0307 - loss_div=0.00215 - threshold=0.631 - loss=6.898
/scratch/e0538389/DivClust/engine/trainer.py:41: FutureWarning: `torch.cuda.amp.autocast(args...)` is deprecated. Please use `torch.amp.autocast('cuda', args...)` instead.
  with autocast(self.mixed_precision):
[2026-03-30 10:41:22](logger.py 179): id=CC_FMNIST_C10CFG_K20_E100_DT_0_5 | Ep. 16/100 - Step 25/273 (2.32 it/s) |#                   | - loss_cc=4.627 - loss_ce=2.16 - loss_ne=0.022 - loss_div=0.000432 - threshold=0.634 - loss=6.81
/scratch/e0538389/DivClust/engine/trainer.py:41: FutureWarning: `torch.cuda.amp.autocast(args...)` is deprecated. Please use `torch.amp.autocast('cuda', args...)` instead.
  with autocast(self.mixed_precision):
[2026-03-30 10:41:33](logger.py 179): id=CC_FMNIST_C10CFG_K20_E100_DT_0_5 | Ep. 16/100 - Step 50/273 (2.32 it/s) |###                 | - loss_cc=4.625 - loss_ce=2.159 - loss_ne=0.0217 - loss_div=0.000493 - threshold=0.638 - loss=6.806
/scratch/e0538389/DivClust/engine/trainer.py:41: FutureWarning: `torch.cuda.amp.autocast(args...)` is deprecated. Please use `torch.amp.autocast('cuda', args...)` instead.
  with autocast(self.mixed_precision):
/scratch/e0538389/DivClust/engine/trainer.py:41: FutureWarning: `torch.cuda.amp.autocast(args...)` is deprecated. Please use `torch.amp.autocast('cuda', args...)` instead.
  with autocast(self.mixed_precision):
[2026-03-30 10:41:44](logger.py 179): id=CC_FMNIST_C10CFG_K20_E100_DT_0_5 | Ep. 16/100 - Step 75/273 (2.28 it/s) |#####               | - loss_cc=4.625 - loss_ce=2.158 - loss_ne=0.0214 - loss_div=0.001 - threshold=0.637 - loss=6.805
/scratch/e0538389/DivClust/engine/trainer.py:41: FutureWarning: `torch.cuda.amp.autocast(args...)` is deprecated. Please use `torch.amp.autocast('cuda', args...)` instead.
  with autocast(self.mixed_precision):
[2026-03-30 10:41:55](logger.py 179): id=CC_FMNIST_C10CFG_K20_E100_DT_0_5 | Ep. 16/100 - Step 100/273 (2.29 it/s) |#######             | - loss_cc=4.622 - loss_ce=2.157 - loss_ne=0.0218 - loss_div=0.00165 - threshold=0.635 - loss=6.802
/scratch/e0538389/DivClust/engine/trainer.py:41: FutureWarning: `torch.cuda.amp.autocast(args...)` is deprecated. Please use `torch.amp.autocast('cuda', args...)` instead.
  with autocast(self.mixed_precision):
[2026-03-30 10:42:06](logger.py 179): id=CC_FMNIST_C10CFG_K20_E100_DT_0_5 | Ep. 16/100 - Step 125/273 (2.3 it/s) |#########           | - loss_cc=4.623 - loss_ce=2.157 - loss_ne=0.0218 - loss_div=0.00169 - threshold=0.634 - loss=6.803
/scratch/e0538389/DivClust/engine/trainer.py:41: FutureWarning: `torch.cuda.amp.autocast(args...)` is deprecated. Please use `torch.amp.autocast('cuda', args...)` instead.
  with autocast(self.mixed_precision):
[2026-03-30 10:42:17](logger.py 179): id=CC_FMNIST_C10CFG_K20_E100_DT_0_5 | Ep. 16/100 - Step 150/273 (2.3 it/s) |##########          | - loss_cc=4.623 - loss_ce=2.157 - loss_ne=0.0218 - loss_div=0.00156 - threshold=0.634 - loss=6.803
/scratch/e0538389/DivClust/engine/trainer.py:41: FutureWarning: `torch.cuda.amp.autocast(args...)` is deprecated. Please use `torch.amp.autocast('cuda', args...)` instead.
  with autocast(self.mixed_precision):
/scratch/e0538389/DivClust/engine/trainer.py:41: FutureWarning: `torch.cuda.amp.autocast(args...)` is deprecated. Please use `torch.amp.autocast('cuda', args...)` instead.
  with autocast(self.mixed_precision):
[2026-03-30 10:42:28](logger.py 179): id=CC_FMNIST_C10CFG_K20_E100_DT_0_5 | Ep. 16/100 - Step 175/273 (2.29 it/s) |############        | - loss_cc=4.622 - loss_ce=2.157 - loss_ne=0.0216 - loss_div=0.00169 - threshold=0.634 - loss=6.802
/scratch/e0538389/DivClust/engine/trainer.py:41: FutureWarning: `torch.cuda.amp.autocast(args...)` is deprecated. Please use `torch.amp.autocast('cuda', args...)` instead.
  with autocast(self.mixed_precision):
[2026-03-30 10:42:39](logger.py 179): id=CC_FMNIST_C10CFG_K20_E100_DT_0_5 | Ep. 16/100 - Step 200/273 (2.29 it/s) |##############      | - loss_cc=4.623 - loss_ce=2.157 - loss_ne=0.0214 - loss_div=0.00166 - threshold=0.634 - loss=6.803
/scratch/e0538389/DivClust/engine/trainer.py:41: FutureWarning: `torch.cuda.amp.autocast(args...)` is deprecated. Please use `torch.amp.autocast('cuda', args...)` instead.
  with autocast(self.mixed_precision):
[2026-03-30 10:42:50](logger.py 179): id=CC_FMNIST_C10CFG_K20_E100_DT_0_5 | Ep. 16/100 - Step 225/273 (2.29 it/s) |################    | - loss_cc=4.622 - loss_ce=2.157 - loss_ne=0.0216 - loss_div=0.00168 - threshold=0.633 - loss=6.802
/scratch/e0538389/DivClust/engine/trainer.py:41: FutureWarning: `torch.cuda.amp.autocast(args...)` is deprecated. Please use `torch.amp.autocast('cuda', args...)` instead.
  with autocast(self.mixed_precision):
[2026-03-30 10:43:00](logger.py 179): id=CC_FMNIST_C10CFG_K20_E100_DT_0_5 | Ep. 16/100 - Step 250/273 (2.29 it/s) |##################  | - loss_cc=4.623 - loss_ce=2.157 - loss_ne=0.0216 - loss_div=0.0019 - threshold=0.632 - loss=6.803
/scratch/e0538389/DivClust/engine/trainer.py:41: FutureWarning: `torch.cuda.amp.autocast(args...)` is deprecated. Please use `torch.amp.autocast('cuda', args...)` instead.
  with autocast(self.mixed_precision):
[2026-03-30 10:43:10](logger.py 179): id=CC_FMNIST_C10CFG_K20_E100_DT_0_5 | Ep. 16/100 | Time: 00:01 | loss_cc=4.623 - loss_ce=2.157 - loss_ne=0.0215 - loss_div=0.00194 - threshold=0.631 - loss=6.803
/scratch/e0538389/DivClust/engine/trainer.py:41: FutureWarning: `torch.cuda.amp.autocast(args...)` is deprecated. Please use `torch.amp.autocast('cuda', args...)` instead.
  with autocast(self.mixed_precision):
[2026-03-30 10:43:13](logger.py 179): id=CC_FMNIST_C10CFG_K20_E100_DT_0_5 | Ep. 17/100 - Step 0/273 (0.0 it/s) |                    | - loss_cc=4.605 - loss_ce=2.151 - loss_ne=0.0204 - loss_div=0.0 - threshold=0.63 - loss=6.776
/scratch/e0538389/DivClust/engine/trainer.py:41: FutureWarning: `torch.cuda.amp.autocast(args...)` is deprecated. Please use `torch.amp.autocast('cuda', args...)` instead.
  with autocast(self.mixed_precision):
[2026-03-30 10:43:24](logger.py 179): id=CC_FMNIST_C10CFG_K20_E100_DT_0_5 | Ep. 17/100 - Step 25/273 (2.39 it/s) |#                   | - loss_cc=4.621 - loss_ce=2.155 - loss_ne=0.0229 - loss_div=0.00182 - threshold=0.629 - loss=6.801
/scratch/e0538389/DivClust/engine/trainer.py:41: FutureWarning: `torch.cuda.amp.autocast(args...)` is deprecated. Please use `torch.amp.autocast('cuda', args...)` instead.
  with autocast(self.mixed_precision):
[2026-03-30 10:43:34](logger.py 179): id=CC_FMNIST_C10CFG_K20_E100_DT_0_5 | Ep. 17/100 - Step 50/273 (2.39 it/s) |###                 | - loss_cc=4.618 - loss_ce=2.155 - loss_ne=0.022 - loss_div=0.00185 - threshold=0.628 - loss=6.797
/scratch/e0538389/DivClust/engine/trainer.py:41: FutureWarning: `torch.cuda.amp.autocast(args...)` is deprecated. Please use `torch.amp.autocast('cuda', args...)` instead.
  with autocast(self.mixed_precision):
[2026-03-30 10:43:44](logger.py 179): id=CC_FMNIST_C10CFG_K20_E100_DT_0_5 | Ep. 17/100 - Step 75/273 (2.39 it/s) |#####               | - loss_cc=4.619 - loss_ce=2.156 - loss_ne=0.0223 - loss_div=0.00206 - threshold=0.627 - loss=6.8
/scratch/e0538389/DivClust/engine/trainer.py:41: FutureWarning: `torch.cuda.amp.autocast(args...)` is deprecated. Please use `torch.amp.autocast('cuda', args...)` instead.
  with autocast(self.mixed_precision):
/scratch/e0538389/DivClust/engine/trainer.py:41: FutureWarning: `torch.cuda.amp.autocast(args...)` is deprecated. Please use `torch.amp.autocast('cuda', args...)` instead.
  with autocast(self.mixed_precision):
[2026-03-30 10:43:56](logger.py 179): id=CC_FMNIST_C10CFG_K20_E100_DT_0_5 | Ep. 17/100 - Step 100/273 (2.34 it/s) |#######             | - loss_cc=4.621 - loss_ce=2.157 - loss_ne=0.0222 - loss_div=0.0018 - threshold=0.628 - loss=6.802
/scratch/e0538389/DivClust/engine/trainer.py:41: FutureWarning: `torch.cuda.amp.autocast(args...)` is deprecated. Please use `torch.amp.autocast('cuda', args...)` instead.
  with autocast(self.mixed_precision):
[2026-03-30 10:44:06](logger.py 179): id=CC_FMNIST_C10CFG_K20_E100_DT_0_5 | Ep. 17/100 - Step 125/273 (2.35 it/s) |#########           | - loss_cc=4.621 - loss_ce=2.156 - loss_ne=0.022 - loss_div=0.00177 - threshold=0.627 - loss=6.801
/scratch/e0538389/DivClust/engine/trainer.py:41: FutureWarning: `torch.cuda.amp.autocast(args...)` is deprecated. Please use `torch.amp.autocast('cuda', args...)` instead.
  with autocast(self.mixed_precision):
[2026-03-30 10:44:17](logger.py 179): id=CC_FMNIST_C10CFG_K20_E100_DT_0_5 | Ep. 17/100 - Step 150/273 (2.35 it/s) |##########          | - loss_cc=4.62 - loss_ce=2.156 - loss_ne=0.0219 - loss_div=0.00181 - threshold=0.627 - loss=6.8
/scratch/e0538389/DivClust/engine/trainer.py:41: FutureWarning: `torch.cuda.amp.autocast(args...)` is deprecated. Please use `torch.amp.autocast('cuda', args...)` instead.
  with autocast(self.mixed_precision):
[2026-03-30 10:44:28](logger.py 179): id=CC_FMNIST_C10CFG_K20_E100_DT_0_5 | Ep. 17/100 - Step 175/273 (2.35 it/s) |############        | - loss_cc=4.621 - loss_ce=2.157 - loss_ne=0.022 - loss_div=0.00189 - threshold=0.627 - loss=6.802
/scratch/e0538389/DivClust/engine/trainer.py:41: FutureWarning: `torch.cuda.amp.autocast(args...)` is deprecated. Please use `torch.amp.autocast('cuda', args...)` instead.
  with autocast(self.mixed_precision):
/scratch/e0538389/DivClust/engine/trainer.py:41: FutureWarning: `torch.cuda.amp.autocast(args...)` is deprecated. Please use `torch.amp.autocast('cuda', args...)` instead.
  with autocast(self.mixed_precision):
[2026-03-30 10:44:39](logger.py 179): id=CC_FMNIST_C10CFG_K20_E100_DT_0_5 | Ep. 17/100 - Step 200/273 (2.33 it/s) |##############      | - loss_cc=4.62 - loss_ce=2.156 - loss_ne=0.0219 - loss_div=0.0017 - threshold=0.628 - loss=6.8
/scratch/e0538389/DivClust/engine/trainer.py:41: FutureWarning: `torch.cuda.amp.autocast(args...)` is deprecated. Please use `torch.amp.autocast('cuda', args...)` instead.
  with autocast(self.mixed_precision):
[2026-03-30 10:44:50](logger.py 179): id=CC_FMNIST_C10CFG_K20_E100_DT_0_5 | Ep. 17/100 - Step 225/273 (2.33 it/s) |################    | - loss_cc=4.62 - loss_ce=2.156 - loss_ne=0.0218 - loss_div=0.00163 - threshold=0.63 - loss=6.8
/scratch/e0538389/DivClust/engine/trainer.py:41: FutureWarning: `torch.cuda.amp.autocast(args...)` is deprecated. Please use `torch.amp.autocast('cuda', args...)` instead.
  with autocast(self.mixed_precision):
[2026-03-30 10:45:00](logger.py 179): id=CC_FMNIST_C10CFG_K20_E100_DT_0_5 | Ep. 17/100 - Step 250/273 (2.33 it/s) |##################  | - loss_cc=4.619 - loss_ce=2.155 - loss_ne=0.0216 - loss_div=0.00164 - threshold=0.63 - loss=6.797
/scratch/e0538389/DivClust/engine/trainer.py:41: FutureWarning: `torch.cuda.amp.autocast(args...)` is deprecated. Please use `torch.amp.autocast('cuda', args...)` instead.
  with autocast(self.mixed_precision):
[2026-03-30 10:45:10](logger.py 179): id=CC_FMNIST_C10CFG_K20_E100_DT_0_5 | Ep. 17/100 | Time: 00:01 | loss_cc=4.618 - loss_ce=2.155 - loss_ne=0.0218 - loss_div=0.00176 - threshold=0.63 - loss=6.797
[2026-03-30 10:45:13](logger.py 179): id=CC_FMNIST_C10CFG_K20_E100_DT_0_5 | Ep. 18/100 - Step 0/273 (0.0 it/s) |                    | - loss_cc=4.652 - loss_ce=2.173 - loss_ne=0.0208 - loss_div=0.00803 - threshold=0.624 - loss=6.853
/scratch/e0538389/DivClust/engine/trainer.py:41: FutureWarning: `torch.cuda.amp.autocast(args...)` is deprecated. Please use `torch.amp.autocast('cuda', args...)` instead.
  with autocast(self.mixed_precision):
[2026-03-30 10:45:23](logger.py 179): id=CC_FMNIST_C10CFG_K20_E100_DT_0_5 | Ep. 18/100 - Step 25/273 (2.32 it/s) |#                   | - loss_cc=4.617 - loss_ce=2.155 - loss_ne=0.0209 - loss_div=0.00109 - threshold=0.628 - loss=6.794
/scratch/e0538389/DivClust/engine/trainer.py:41: FutureWarning: `torch.cuda.amp.autocast(args...)` is deprecated. Please use `torch.amp.autocast('cuda', args...)` instead.
  with autocast(self.mixed_precision):
/scratch/e0538389/DivClust/engine/trainer.py:41: FutureWarning: `torch.cuda.amp.autocast(args...)` is deprecated. Please use `torch.amp.autocast('cuda', args...)` instead.
  with autocast(self.mixed_precision):
[2026-03-30 10:45:35](logger.py 179): id=CC_FMNIST_C10CFG_K20_E100_DT_0_5 | Ep. 18/100 - Step 50/273 (2.26 it/s) |###                 | - loss_cc=4.616 - loss_ce=2.154 - loss_ne=0.0212 - loss_div=0.000974 - threshold=0.632 - loss=6.791
/scratch/e0538389/DivClust/engine/trainer.py:41: FutureWarning: `torch.cuda.amp.autocast(args...)` is deprecated. Please use `torch.amp.autocast('cuda', args...)` instead.
  with autocast(self.mixed_precision):
[2026-03-30 10:45:45](logger.py 179): id=CC_FMNIST_C10CFG_K20_E100_DT_0_5 | Ep. 18/100 - Step 75/273 (2.28 it/s) |#####               | - loss_cc=4.615 - loss_ce=2.153 - loss_ne=0.0212 - loss_div=0.00137 - threshold=0.63 - loss=6.79
/scratch/e0538389/DivClust/engine/trainer.py:41: FutureWarning: `torch.cuda.amp.autocast(args...)` is deprecated. Please use `torch.amp.autocast('cuda', args...)` instead.
  with autocast(self.mixed_precision):
[2026-03-30 10:45:56](logger.py 179): id=CC_FMNIST_C10CFG_K20_E100_DT_0_5 | Ep. 18/100 - Step 100/273 (2.29 it/s) |#######             | - loss_cc=4.614 - loss_ce=2.153 - loss_ne=0.021 - loss_div=0.00141 - threshold=0.629 - loss=6.79
/scratch/e0538389/DivClust/engine/trainer.py:41: FutureWarning: `torch.cuda.amp.autocast(args...)` is deprecated. Please use `torch.amp.autocast('cuda', args...)` instead.
  with autocast(self.mixed_precision):
[2026-03-30 10:46:07](logger.py 179): id=CC_FMNIST_C10CFG_K20_E100_DT_0_5 | Ep. 18/100 - Step 125/273 (2.29 it/s) |#########           | - loss_cc=4.614 - loss_ce=2.153 - loss_ne=0.021 - loss_div=0.00125 - threshold=0.63 - loss=6.79
/scratch/e0538389/DivClust/engine/trainer.py:41: FutureWarning: `torch.cuda.amp.autocast(args...)` is deprecated. Please use `torch.amp.autocast('cuda', args...)` instead.
  with autocast(self.mixed_precision):
/scratch/e0538389/DivClust/engine/trainer.py:41: FutureWarning: `torch.cuda.amp.autocast(args...)` is deprecated. Please use `torch.amp.autocast('cuda', args...)` instead.
  with autocast(self.mixed_precision):
[2026-03-30 10:46:18](logger.py 179): id=CC_FMNIST_C10CFG_K20_E100_DT_0_5 | Ep. 18/100 - Step 150/273 (2.29 it/s) |##########          | - loss_cc=4.614 - loss_ce=2.153 - loss_ne=0.021 - loss_div=0.00146 - threshold=0.63 - loss=6.789
/scratch/e0538389/DivClust/engine/trainer.py:41: FutureWarning: `torch.cuda.amp.autocast(args...)` is deprecated. Please use `torch.amp.autocast('cuda', args...)` instead.
  with autocast(self.mixed_precision):
[2026-03-30 10:46:29](logger.py 179): id=CC_FMNIST_C10CFG_K20_E100_DT_0_5 | Ep. 18/100 - Step 175/273 (2.29 it/s) |############        | - loss_cc=4.614 - loss_ce=2.153 - loss_ne=0.0211 - loss_div=0.00173 - threshold=0.629 - loss=6.789
/scratch/e0538389/DivClust/engine/trainer.py:41: FutureWarning: `torch.cuda.amp.autocast(args...)` is deprecated. Please use `torch.amp.autocast('cuda', args...)` instead.
  with autocast(self.mixed_precision):
[2026-03-30 10:46:40](logger.py 179): id=CC_FMNIST_C10CFG_K20_E100_DT_0_5 | Ep. 18/100 - Step 200/273 (2.3 it/s) |##############      | - loss_cc=4.613 - loss_ce=2.153 - loss_ne=0.021 - loss_div=0.00171 - threshold=0.628 - loss=6.789
/scratch/e0538389/DivClust/engine/trainer.py:41: FutureWarning: `torch.cuda.amp.autocast(args...)` is deprecated. Please use `torch.amp.autocast('cuda', args...)` instead.
  with autocast(self.mixed_precision):
[2026-03-30 10:46:50](logger.py 179): id=CC_FMNIST_C10CFG_K20_E100_DT_0_5 | Ep. 18/100 - Step 225/273 (2.3 it/s) |################    | - loss_cc=4.614 - loss_ce=2.153 - loss_ne=0.0209 - loss_div=0.0016 - threshold=0.628 - loss=6.789
/scratch/e0538389/DivClust/engine/trainer.py:41: FutureWarning: `torch.cuda.amp.autocast(args...)` is deprecated. Please use `torch.amp.autocast('cuda', args...)` instead.
  with autocast(self.mixed_precision):
/scratch/e0538389/DivClust/engine/trainer.py:41: FutureWarning: `torch.cuda.amp.autocast(args...)` is deprecated. Please use `torch.amp.autocast('cuda', args...)` instead.
  with autocast(self.mixed_precision):
[2026-03-30 10:47:02](logger.py 179): id=CC_FMNIST_C10CFG_K20_E100_DT_0_5 | Ep. 18/100 - Step 250/273 (2.29 it/s) |##################  | - loss_cc=4.613 - loss_ce=2.153 - loss_ne=0.0206 - loss_div=0.0015 - threshold=0.629 - loss=6.788
/scratch/e0538389/DivClust/engine/trainer.py:41: FutureWarning: `torch.cuda.amp.autocast(args...)` is deprecated. Please use `torch.amp.autocast('cuda', args...)` instead.
  with autocast(self.mixed_precision):
[2026-03-30 10:47:11](logger.py 179): id=CC_FMNIST_C10CFG_K20_E100_DT_0_5 | Ep. 18/100 | Time: 00:01 | loss_cc=4.613 - loss_ce=2.153 - loss_ne=0.0207 - loss_div=0.00167 - threshold=0.628 - loss=6.788
[2026-03-30 10:47:14](logger.py 179): id=CC_FMNIST_C10CFG_K20_E100_DT_0_5 | Ep. 19/100 - Step 0/273 (0.0 it/s) |                    | - loss_cc=4.641 - loss_ce=2.16 - loss_ne=0.0252 - loss_div=0.0108 - threshold=0.623 - loss=6.837
/scratch/e0538389/DivClust/engine/trainer.py:41: FutureWarning: `torch.cuda.amp.autocast(args...)` is deprecated. Please use `torch.amp.autocast('cuda', args...)` instead.
  with autocast(self.mixed_precision):
[2026-03-30 10:47:25](logger.py 179): id=CC_FMNIST_C10CFG_K20_E100_DT_0_5 | Ep. 19/100 - Step 25/273 (2.31 it/s) |#                   | - loss_cc=4.607 - loss_ce=2.151 - loss_ne=0.0232 - loss_div=0.00151 - threshold=0.626 - loss=6.783
/scratch/e0538389/DivClust/engine/trainer.py:41: FutureWarning: `torch.cuda.amp.autocast(args...)` is deprecated. Please use `torch.amp.autocast('cuda', args...)` instead.
  with autocast(self.mixed_precision):
[2026-03-30 10:47:35](logger.py 179): id=CC_FMNIST_C10CFG_K20_E100_DT_0_5 | Ep. 19/100 - Step 50/273 (2.31 it/s) |###                 | - loss_cc=4.608 - loss_ce=2.152 - loss_ne=0.0224 - loss_div=0.00243 - threshold=0.626 - loss=6.784
/scratch/e0538389/DivClust/engine/trainer.py:41: FutureWarning: `torch.cuda.amp.autocast(args...)` is deprecated. Please use `torch.amp.autocast('cuda', args...)` instead.
  with autocast(self.mixed_precision):
/scratch/e0538389/DivClust/engine/trainer.py:41: FutureWarning: `torch.cuda.amp.autocast(args...)` is deprecated. Please use `torch.amp.autocast('cuda', args...)` instead.
  with autocast(self.mixed_precision):
[2026-03-30 10:47:47](logger.py 179): id=CC_FMNIST_C10CFG_K20_E100_DT_0_5 | Ep. 19/100 - Step 75/273 (2.28 it/s) |#####               | - loss_cc=4.607 - loss_ce=2.151 - loss_ne=0.0218 - loss_div=0.00197 - threshold=0.627 - loss=6.782
/scratch/e0538389/DivClust/engine/trainer.py:41: FutureWarning: `torch.cuda.amp.autocast(args...)` is deprecated. Please use `torch.amp.autocast('cuda', args...)` instead.
  with autocast(self.mixed_precision):
[2026-03-30 10:47:57](logger.py 179): id=CC_FMNIST_C10CFG_K20_E100_DT_0_5 | Ep. 19/100 - Step 100/273 (2.29 it/s) |#######             | - loss_cc=4.609 - loss_ce=2.151 - loss_ne=0.0219 - loss_div=0.00184 - threshold=0.629 - loss=6.784
/scratch/e0538389/DivClust/engine/trainer.py:41: FutureWarning: `torch.cuda.amp.autocast(args...)` is deprecated. Please use `torch.amp.autocast('cuda', args...)` instead.
  with autocast(self.mixed_precision):
[2026-03-30 10:48:08](logger.py 179): id=CC_FMNIST_C10CFG_K20_E100_DT_0_5 | Ep. 19/100 - Step 125/273 (2.3 it/s) |#########           | - loss_cc=4.608 - loss_ce=2.151 - loss_ne=0.0217 - loss_div=0.0016 - threshold=0.629 - loss=6.782
/scratch/e0538389/DivClust/engine/trainer.py:41: FutureWarning: `torch.cuda.amp.autocast(args...)` is deprecated. Please use `torch.amp.autocast('cuda', args...)` instead.
  with autocast(self.mixed_precision):
[2026-03-30 10:48:19](logger.py 179): id=CC_FMNIST_C10CFG_K20_E100_DT_0_5 | Ep. 19/100 - Step 150/273 (2.31 it/s) |##########          | - loss_cc=4.607 - loss_ce=2.15 - loss_ne=0.0215 - loss_div=0.00163 - threshold=0.63 - loss=6.781
/scratch/e0538389/DivClust/engine/trainer.py:41: FutureWarning: `torch.cuda.amp.autocast(args...)` is deprecated. Please use `torch.amp.autocast('cuda', args...)` instead.
  with autocast(self.mixed_precision):
/scratch/e0538389/DivClust/engine/trainer.py:41: FutureWarning: `torch.cuda.amp.autocast(args...)` is deprecated. Please use `torch.amp.autocast('cuda', args...)` instead.
  with autocast(self.mixed_precision):
[2026-03-30 10:48:30](logger.py 179): id=CC_FMNIST_C10CFG_K20_E100_DT_0_5 | Ep. 19/100 - Step 175/273 (2.29 it/s) |############        | - loss_cc=4.608 - loss_ce=2.15 - loss_ne=0.0214 - loss_div=0.00172 - threshold=0.629 - loss=6.782
/scratch/e0538389/DivClust/engine/trainer.py:41: FutureWarning: `torch.cuda.amp.autocast(args...)` is deprecated. Please use `torch.amp.autocast('cuda', args...)` instead.
  with autocast(self.mixed_precision):
[2026-03-30 10:48:41](logger.py 179): id=CC_FMNIST_C10CFG_K20_E100_DT_0_5 | Ep. 19/100 - Step 200/273 (2.29 it/s) |##############      | - loss_cc=4.607 - loss_ce=2.15 - loss_ne=0.0217 - loss_div=0.00164 - threshold=0.629 - loss=6.781
/scratch/e0538389/DivClust/engine/trainer.py:41: FutureWarning: `torch.cuda.amp.autocast(args...)` is deprecated. Please use `torch.amp.autocast('cuda', args...)` instead.
  with autocast(self.mixed_precision):
[2026-03-30 10:48:52](logger.py 179): id=CC_FMNIST_C10CFG_K20_E100_DT_0_5 | Ep. 19/100 - Step 225/273 (2.3 it/s) |################    | - loss_cc=4.607 - loss_ce=2.15 - loss_ne=0.0215 - loss_div=0.00155 - threshold=0.629 - loss=6.78
/scratch/e0538389/DivClust/engine/trainer.py:41: FutureWarning: `torch.cuda.amp.autocast(args...)` is deprecated. Please use `torch.amp.autocast('cuda', args...)` instead.
  with autocast(self.mixed_precision):
[2026-03-30 10:49:03](logger.py 179): id=CC_FMNIST_C10CFG_K20_E100_DT_0_5 | Ep. 19/100 - Step 250/273 (2.3 it/s) |##################  | - loss_cc=4.606 - loss_ce=2.15 - loss_ne=0.0213 - loss_div=0.0016 - threshold=0.629 - loss=6.779
/scratch/e0538389/DivClust/engine/trainer.py:41: FutureWarning: `torch.cuda.amp.autocast(args...)` is deprecated. Please use `torch.amp.autocast('cuda', args...)` instead.
  with autocast(self.mixed_precision):
[2026-03-30 10:49:12](logger.py 179): id=CC_FMNIST_C10CFG_K20_E100_DT_0_5 | Ep. 19/100 | Time: 00:01 | loss_cc=4.607 - loss_ce=2.15 - loss_ne=0.0215 - loss_div=0.00182 - threshold=0.628 - loss=6.78
[2026-03-30 10:49:15](logger.py 179): id=CC_FMNIST_C10CFG_K20_E100_DT_0_5 | Ep. 20/100 - Step 0/273 (0.0 it/s) |                    | - loss_cc=4.608 - loss_ce=2.148 - loss_ne=0.0239 - loss_div=0.00159 - threshold=0.623 - loss=6.782
/scratch/e0538389/DivClust/engine/trainer.py:41: FutureWarning: `torch.cuda.amp.autocast(args...)` is deprecated. Please use `torch.amp.autocast('cuda', args...)` instead.
  with autocast(self.mixed_precision):
/scratch/e0538389/DivClust/engine/trainer.py:41: FutureWarning: `torch.cuda.amp.autocast(args...)` is deprecated. Please use `torch.amp.autocast('cuda', args...)` instead.
  with autocast(self.mixed_precision):
[2026-03-30 10:49:26](logger.py 179): id=CC_FMNIST_C10CFG_K20_E100_DT_0_5 | Ep. 20/100 - Step 25/273 (2.31 it/s) |#                   | - loss_cc=4.607 - loss_ce=2.15 - loss_ne=0.0211 - loss_div=0.000515 - threshold=0.624 - loss=6.779
/scratch/e0538389/DivClust/engine/trainer.py:41: FutureWarning: `torch.cuda.amp.autocast(args...)` is deprecated. Please use `torch.amp.autocast('cuda', args...)` instead.
  with autocast(self.mixed_precision):
[2026-03-30 10:49:37](logger.py 179): id=CC_FMNIST_C10CFG_K20_E100_DT_0_5 | Ep. 20/100 - Step 50/273 (2.32 it/s) |###                 | - loss_cc=4.606 - loss_ce=2.15 - loss_ne=0.0197 - loss_div=0.000812 - threshold=0.625 - loss=6.777
/scratch/e0538389/DivClust/engine/trainer.py:41: FutureWarning: `torch.cuda.amp.autocast(args...)` is deprecated. Please use `torch.amp.autocast('cuda', args...)` instead.
  with autocast(self.mixed_precision):
[2026-03-30 10:49:47](logger.py 179): id=CC_FMNIST_C10CFG_K20_E100_DT_0_5 | Ep. 20/100 - Step 75/273 (2.33 it/s) |#####               | - loss_cc=4.61 - loss_ce=2.152 - loss_ne=0.0204 - loss_div=0.000876 - threshold=0.626 - loss=6.783
/scratch/e0538389/DivClust/engine/trainer.py:41: FutureWarning: `torch.cuda.amp.autocast(args...)` is deprecated. Please use `torch.amp.autocast('cuda', args...)` instead.
  with autocast(self.mixed_precision):
[2026-03-30 10:49:59](logger.py 179): id=CC_FMNIST_C10CFG_K20_E100_DT_0_5 | Ep. 20/100 - Step 100/273 (2.3 it/s) |#######             | - loss_cc=4.609 - loss_ce=2.151 - loss_ne=0.0206 - loss_div=0.000883 - threshold=0.628 - loss=6.781
/scratch/e0538389/DivClust/engine/trainer.py:41: FutureWarning: `torch.cuda.amp.autocast(args...)` is deprecated. Please use `torch.amp.autocast('cuda', args...)` instead.
  with autocast(self.mixed_precision):
/scratch/e0538389/DivClust/engine/trainer.py:41: FutureWarning: `torch.cuda.amp.autocast(args...)` is deprecated. Please use `torch.amp.autocast('cuda', args...)` instead.
  with autocast(self.mixed_precision):
[2026-03-30 10:50:09](logger.py 179): id=CC_FMNIST_C10CFG_K20_E100_DT_0_5 | Ep. 20/100 - Step 125/273 (2.3 it/s) |#########           | - loss_cc=4.607 - loss_ce=2.15 - loss_ne=0.0208 - loss_div=0.00106 - threshold=0.628 - loss=6.779
/scratch/e0538389/DivClust/engine/trainer.py:41: FutureWarning: `torch.cuda.amp.autocast(args...)` is deprecated. Please use `torch.amp.autocast('cuda', args...)` instead.
  with autocast(self.mixed_precision):
[2026-03-30 10:50:20](logger.py 179): id=CC_FMNIST_C10CFG_K20_E100_DT_0_5 | Ep. 20/100 - Step 150/273 (2.3 it/s) |##########          | - loss_cc=4.607 - loss_ce=2.15 - loss_ne=0.0209 - loss_div=0.00103 - threshold=0.629 - loss=6.778
/scratch/e0538389/DivClust/engine/trainer.py:41: FutureWarning: `torch.cuda.amp.autocast(args...)` is deprecated. Please use `torch.amp.autocast('cuda', args...)` instead.
  with autocast(self.mixed_precision):
[2026-03-30 10:50:31](logger.py 179): id=CC_FMNIST_C10CFG_K20_E100_DT_0_5 | Ep. 20/100 - Step 175/273 (2.31 it/s) |############        | - loss_cc=4.607 - loss_ce=2.15 - loss_ne=0.0208 - loss_div=0.00119 - threshold=0.628 - loss=6.78
/scratch/e0538389/DivClust/engine/trainer.py:41: FutureWarning: `torch.cuda.amp.autocast(args...)` is deprecated. Please use `torch.amp.autocast('cuda', args...)` instead.
  with autocast(self.mixed_precision):
[2026-03-30 10:50:42](logger.py 179): id=CC_FMNIST_C10CFG_K20_E100_DT_0_5 | Ep. 20/100 - Step 200/273 (2.29 it/s) |##############      | - loss_cc=4.608 - loss_ce=2.15 - loss_ne=0.021 - loss_div=0.00165 - threshold=0.627 - loss=6.781
/scratch/e0538389/DivClust/engine/trainer.py:41: FutureWarning: `torch.cuda.amp.autocast(args...)` is deprecated. Please use `torch.amp.autocast('cuda', args...)` instead.
  with autocast(self.mixed_precision):
/scratch/e0538389/DivClust/engine/trainer.py:41: FutureWarning: `torch.cuda.amp.autocast(args...)` is deprecated. Please use `torch.amp.autocast('cuda', args...)` instead.
  with autocast(self.mixed_precision):
[2026-03-30 10:50:53](logger.py 179): id=CC_FMNIST_C10CFG_K20_E100_DT_0_5 | Ep. 20/100 - Step 225/273 (2.3 it/s) |################    | - loss_cc=4.607 - loss_ce=2.15 - loss_ne=0.0211 - loss_div=0.00158 - threshold=0.627 - loss=6.78
/scratch/e0538389/DivClust/engine/trainer.py:41: FutureWarning: `torch.cuda.amp.autocast(args...)` is deprecated. Please use `torch.amp.autocast('cuda', args...)` instead.
  with autocast(self.mixed_precision):
[2026-03-30 10:51:04](logger.py 179): id=CC_FMNIST_C10CFG_K20_E100_DT_0_5 | Ep. 20/100 - Step 250/273 (2.3 it/s) |##################  | - loss_cc=4.607 - loss_ce=2.15 - loss_ne=0.0211 - loss_div=0.00146 - threshold=0.627 - loss=6.78
/scratch/e0538389/DivClust/engine/trainer.py:41: FutureWarning: `torch.cuda.amp.autocast(args...)` is deprecated. Please use `torch.amp.autocast('cuda', args...)` instead.
  with autocast(self.mixed_precision):
[2026-03-30 10:51:13](logger.py 179): Evaluating
[2026-03-30 10:51:14](logger.py 179): Eval. step 0 of 274
[2026-03-30 10:51:16](logger.py 179): Eval. step 25 of 274
[2026-03-30 10:51:19](logger.py 179): Eval. step 50 of 274
[2026-03-30 10:51:21](logger.py 179): Eval. step 75 of 274
[2026-03-30 10:51:23](logger.py 179): Eval. step 100 of 274
[2026-03-30 10:51:26](logger.py 179): Eval. step 125 of 274
[2026-03-30 10:51:28](logger.py 179): Eval. step 150 of 274
[2026-03-30 10:51:30](logger.py 179): Eval. step 175 of 274
[2026-03-30 10:51:33](logger.py 179): Eval. step 200 of 274
[2026-03-30 10:51:35](logger.py 179): Eval. step 225 of 274
[2026-03-30 10:51:37](logger.py 179): Eval. step 250 of 274
[2026-03-30 10:51:41](logger.py 179): id=CC_FMNIST_C10CFG_K20_E100_DT_0_5 | Ep. 20/100 | Time: 00:02 | loss_cc=4.607 - loss_ce=2.15 - loss_ne=0.021 - loss_div=0.00142 - threshold=0.627 - loss=6.78 - eval_confidence=0.889 - cluster_acc_0_eval=42.02 - cluster_nmi_0_eval=0.404 - cluster_ari_0_eval=0.25 - cluster_acc_1_eval=43.38 - cluster_nmi_1_eval=0.419 - cluster_ari_1_eval=0.275 - cluster_acc_2_eval=43.82 - cluster_nmi_2_eval=0.436 - cluster_ari_2_eval=0.291 - cluster_acc_3_eval=48.65 - cluster_nmi_3_eval=0.472 - cluster_ari_3_eval=0.309 - cluster_acc_4_eval=41.32 - cluster_nmi_4_eval=0.434 - cluster_ari_4_eval=0.254 - cluster_acc_5_eval=58.33 - cluster_nmi_5_eval=0.534 - cluster_ari_5_eval=0.432 - cluster_acc_6_eval=47.89 - cluster_nmi_6_eval=0.48 - cluster_ari_6_eval=0.335 - cluster_acc_7_eval=43.5 - cluster_nmi_7_eval=0.448 - cluster_ari_7_eval=0.284 - cluster_acc_8_eval=48.75 - cluster_nmi_8_eval=0.481 - cluster_ari_8_eval=0.33 - cluster_acc_9_eval=53.69 - cluster_nmi_9_eval=0.512 - cluster_ari_9_eval=0.379 - cluster_acc_10_eval=53.62 - cluster_nmi_10_eval=0.509 - cluster_ari_10_eval=0.355 - cluster_acc_11_eval=45.36 - cluster_nmi_11_eval=0.481 - cluster_ari_11_eval=0.318 - cluster_acc_12_eval=44.54 - cluster_nmi_12_eval=0.429 - cluster_ari_12_eval=0.275 - cluster_acc_13_eval=40.65 - cluster_nmi_13_eval=0.425 - cluster_ari_13_eval=0.258 - cluster_acc_14_eval=43.07 - cluster_nmi_14_eval=0.432 - cluster_ari_14_eval=0.28 - cluster_acc_15_eval=42.45 - cluster_nmi_15_eval=0.446 - cluster_ari_15_eval=0.266 - cluster_acc_16_eval=45.01 - cluster_nmi_16_eval=0.436 - cluster_ari_16_eval=0.283 - cluster_acc_17_eval=47.55 - cluster_nmi_17_eval=0.46 - cluster_ari_17_eval=0.316 - cluster_acc_18_eval=41.03 - cluster_nmi_18_eval=0.411 - cluster_ari_18_eval=0.245 - cluster_acc_19_eval=39.25 - cluster_nmi_19_eval=0.415 - cluster_ari_19_eval=0.25 - max_cluster_acc_eval=58.33 - mean_cluster_acc_eval=45.69 - min_cluster_acc_eval=39.25 - max_cluster_nmi_eval=0.534 - mean_cluster_nmi_eval=0.453 - min_cluster_nmi_eval=0.404 - max_cluster_ari_eval=0.432 - mean_cluster_ari_eval=0.299 - min_cluster_ari_eval=0.245 - interclustering_nmi_eval=0.492
/scratch/e0538389/DivClust/engine/trainer.py:41: FutureWarning: `torch.cuda.amp.autocast(args...)` is deprecated. Please use `torch.amp.autocast('cuda', args...)` instead.
  with autocast(self.mixed_precision):
[2026-03-30 10:51:43](logger.py 179): id=CC_FMNIST_C10CFG_K20_E100_DT_0_5 | Ep. 21/100 - Step 0/273 (0.0 it/s) |                    | - loss_cc=4.582 - loss_ce=2.139 - loss_ne=0.0289 - loss_div=0.00222 - threshold=0.629 - loss=6.752
/scratch/e0538389/DivClust/engine/trainer.py:41: FutureWarning: `torch.cuda.amp.autocast(args...)` is deprecated. Please use `torch.amp.autocast('cuda', args...)` instead.
  with autocast(self.mixed_precision):
[2026-03-30 10:51:54](logger.py 179): id=CC_FMNIST_C10CFG_K20_E100_DT_0_5 | Ep. 21/100 - Step 25/273 (2.31 it/s) |#                   | - loss_cc=4.601 - loss_ce=2.145 - loss_ne=0.0218 - loss_div=0.0014 - threshold=0.624 - loss=6.77
/scratch/e0538389/DivClust/engine/trainer.py:41: FutureWarning: `torch.cuda.amp.autocast(args...)` is deprecated. Please use `torch.amp.autocast('cuda', args...)` instead.
  with autocast(self.mixed_precision):
/scratch/e0538389/DivClust/engine/trainer.py:41: FutureWarning: `torch.cuda.amp.autocast(args...)` is deprecated. Please use `torch.amp.autocast('cuda', args...)` instead.
  with autocast(self.mixed_precision):
[2026-03-30 10:52:05](logger.py 179): id=CC_FMNIST_C10CFG_K20_E100_DT_0_5 | Ep. 21/100 - Step 50/273 (2.27 it/s) |###                 | - loss_cc=4.603 - loss_ce=2.147 - loss_ne=0.0223 - loss_div=0.0027 - threshold=0.621 - loss=6.775
/scratch/e0538389/DivClust/engine/trainer.py:41: FutureWarning: `torch.cuda.amp.autocast(args...)` is deprecated. Please use `torch.amp.autocast('cuda', args...)` instead.
  with autocast(self.mixed_precision):
[2026-03-30 10:52:16](logger.py 179): id=CC_FMNIST_C10CFG_K20_E100_DT_0_5 | Ep. 21/100 - Step 75/273 (2.29 it/s) |#####               | - loss_cc=4.602 - loss_ce=2.148 - loss_ne=0.0219 - loss_div=0.00205 - threshold=0.622 - loss=6.774
/scratch/e0538389/DivClust/engine/trainer.py:41: FutureWarning: `torch.cuda.amp.autocast(args...)` is deprecated. Please use `torch.amp.autocast('cuda', args...)` instead.
  with autocast(self.mixed_precision):
[2026-03-30 10:52:27](logger.py 179): id=CC_FMNIST_C10CFG_K20_E100_DT_0_5 | Ep. 21/100 - Step 100/273 (2.29 it/s) |#######             | - loss_cc=4.602 - loss_ce=2.148 - loss_ne=0.0219 - loss_div=0.00168 - threshold=0.624 - loss=6.774
/scratch/e0538389/DivClust/engine/trainer.py:41: FutureWarning: `torch.cuda.amp.autocast(args...)` is deprecated. Please use `torch.amp.autocast('cuda', args...)` instead.
  with autocast(self.mixed_precision):
[2026-03-30 10:52:38](logger.py 179): id=CC_FMNIST_C10CFG_K20_E100_DT_0_5 | Ep. 21/100 - Step 125/273 (2.3 it/s) |#########           | - loss_cc=4.603 - loss_ce=2.148 - loss_ne=0.0216 - loss_div=0.00153 - threshold=0.626 - loss=6.775
/scratch/e0538389/DivClust/engine/trainer.py:41: FutureWarning: `torch.cuda.amp.autocast(args...)` is deprecated. Please use `torch.amp.autocast('cuda', args...)` instead.
  with autocast(self.mixed_precision):
/scratch/e0538389/DivClust/engine/trainer.py:41: FutureWarning: `torch.cuda.amp.autocast(args...)` is deprecated. Please use `torch.amp.autocast('cuda', args...)` instead.
  with autocast(self.mixed_precision):
[2026-03-30 10:52:49](logger.py 179): id=CC_FMNIST_C10CFG_K20_E100_DT_0_5 | Ep. 21/100 - Step 150/273 (2.29 it/s) |##########          | - loss_cc=4.605 - loss_ce=2.149 - loss_ne=0.0219 - loss_div=0.00178 - threshold=0.625 - loss=6.778
/scratch/e0538389/DivClust/engine/trainer.py:41: FutureWarning: `torch.cuda.amp.autocast(args...)` is deprecated. Please use `torch.amp.autocast('cuda', args...)` instead.
  with autocast(self.mixed_precision):
[2026-03-30 10:53:00](logger.py 179): id=CC_FMNIST_C10CFG_K20_E100_DT_0_5 | Ep. 21/100 - Step 175/273 (2.29 it/s) |############        | - loss_cc=4.605 - loss_ce=2.149 - loss_ne=0.0218 - loss_div=0.00165 - threshold=0.626 - loss=6.778
/scratch/e0538389/DivClust/engine/trainer.py:41: FutureWarning: `torch.cuda.amp.autocast(args...)` is deprecated. Please use `torch.amp.autocast('cuda', args...)` instead.
  with autocast(self.mixed_precision):
[2026-03-30 10:53:10](logger.py 179): id=CC_FMNIST_C10CFG_K20_E100_DT_0_5 | Ep. 21/100 - Step 200/273 (2.3 it/s) |##############      | - loss_cc=4.605 - loss_ce=2.149 - loss_ne=0.0218 - loss_div=0.00149 - threshold=0.627 - loss=6.778
/scratch/e0538389/DivClust/engine/trainer.py:41: FutureWarning: `torch.cuda.amp.autocast(args...)` is deprecated. Please use `torch.amp.autocast('cuda', args...)` instead.
  with autocast(self.mixed_precision):
[2026-03-30 10:53:21](logger.py 179): id=CC_FMNIST_C10CFG_K20_E100_DT_0_5 | Ep. 21/100 - Step 225/273 (2.3 it/s) |################    | - loss_cc=4.605 - loss_ce=2.149 - loss_ne=0.0215 - loss_div=0.00144 - threshold=0.628 - loss=6.777
/scratch/e0538389/DivClust/engine/trainer.py:41: FutureWarning: `torch.cuda.amp.autocast(args...)` is deprecated. Please use `torch.amp.autocast('cuda', args...)` instead.
  with autocast(self.mixed_precision):
/scratch/e0538389/DivClust/engine/trainer.py:41: FutureWarning: `torch.cuda.amp.autocast(args...)` is deprecated. Please use `torch.amp.autocast('cuda', args...)` instead.
  with autocast(self.mixed_precision):
[2026-03-30 10:53:32](logger.py 179): id=CC_FMNIST_C10CFG_K20_E100_DT_0_5 | Ep. 21/100 - Step 250/273 (2.29 it/s) |##################  | - loss_cc=4.605 - loss_ce=2.149 - loss_ne=0.0216 - loss_div=0.00151 - threshold=0.628 - loss=6.777
/scratch/e0538389/DivClust/engine/trainer.py:41: FutureWarning: `torch.cuda.amp.autocast(args...)` is deprecated. Please use `torch.amp.autocast('cuda', args...)` instead.
  with autocast(self.mixed_precision):
[2026-03-30 10:53:42](logger.py 179): id=CC_FMNIST_C10CFG_K20_E100_DT_0_5 | Ep. 21/100 | Time: 00:01 | loss_cc=4.605 - loss_ce=2.149 - loss_ne=0.0213 - loss_div=0.00162 - threshold=0.628 - loss=6.777
[2026-03-30 10:53:44](logger.py 179): id=CC_FMNIST_C10CFG_K20_E100_DT_0_5 | Ep. 22/100 - Step 0/273 (0.0 it/s) |                    | - loss_cc=4.619 - loss_ce=2.149 - loss_ne=0.017 - loss_div=0.00115 - threshold=0.616 - loss=6.786
/scratch/e0538389/DivClust/engine/trainer.py:41: FutureWarning: `torch.cuda.amp.autocast(args...)` is deprecated. Please use `torch.amp.autocast('cuda', args...)` instead.
  with autocast(self.mixed_precision):
[2026-03-30 10:53:55](logger.py 179): id=CC_FMNIST_C10CFG_K20_E100_DT_0_5 | Ep. 22/100 - Step 25/273 (2.3 it/s) |#                   | - loss_cc=4.599 - loss_ce=2.146 - loss_ne=0.0219 - loss_div=0.00186 - threshold=0.619 - loss=6.769
/scratch/e0538389/DivClust/engine/trainer.py:41: FutureWarning: `torch.cuda.amp.autocast(args...)` is deprecated. Please use `torch.amp.autocast('cuda', args...)` instead.
  with autocast(self.mixed_precision):
[2026-03-30 10:54:06](logger.py 179): id=CC_FMNIST_C10CFG_K20_E100_DT_0_5 | Ep. 22/100 - Step 50/273 (2.31 it/s) |###                 | - loss_cc=4.601 - loss_ce=2.148 - loss_ne=0.0207 - loss_div=0.00138 - threshold=0.622 - loss=6.77
/scratch/e0538389/DivClust/engine/trainer.py:41: FutureWarning: `torch.cuda.amp.autocast(args...)` is deprecated. Please use `torch.amp.autocast('cuda', args...)` instead.
  with autocast(self.mixed_precision):
/scratch/e0538389/DivClust/engine/trainer.py:41: FutureWarning: `torch.cuda.amp.autocast(args...)` is deprecated. Please use `torch.amp.autocast('cuda', args...)` instead.
  with autocast(self.mixed_precision):
[2026-03-30 10:54:17](logger.py 179): id=CC_FMNIST_C10CFG_K20_E100_DT_0_5 | Ep. 22/100 - Step 75/273 (2.28 it/s) |#####               | - loss_cc=4.6 - loss_ce=2.147 - loss_ne=0.0208 - loss_div=0.00116 - threshold=0.626 - loss=6.768
/scratch/e0538389/DivClust/engine/trainer.py:41: FutureWarning: `torch.cuda.amp.autocast(args...)` is deprecated. Please use `torch.amp.autocast('cuda', args...)` instead.
  with autocast(self.mixed_precision):
[2026-03-30 10:54:28](logger.py 179): id=CC_FMNIST_C10CFG_K20_E100_DT_0_5 | Ep. 22/100 - Step 100/273 (2.28 it/s) |#######             | - loss_cc=4.601 - loss_ce=2.147 - loss_ne=0.0201 - loss_div=0.00129 - threshold=0.626 - loss=6.77
/scratch/e0538389/DivClust/engine/trainer.py:41: FutureWarning: `torch.cuda.amp.autocast(args...)` is deprecated. Please use `torch.amp.autocast('cuda', args...)` instead.
  with autocast(self.mixed_precision):
[2026-03-30 10:54:39](logger.py 179): id=CC_FMNIST_C10CFG_K20_E100_DT_0_5 | Ep. 22/100 - Step 125/273 (2.29 it/s) |#########           | - loss_cc=4.602 - loss_ce=2.148 - loss_ne=0.0201 - loss_div=0.00125 - threshold=0.626 - loss=6.77
/scratch/e0538389/DivClust/engine/trainer.py:41: FutureWarning: `torch.cuda.amp.autocast(args...)` is deprecated. Please use `torch.amp.autocast('cuda', args...)` instead.
  with autocast(self.mixed_precision):
[2026-03-30 10:54:50](logger.py 179): id=CC_FMNIST_C10CFG_K20_E100_DT_0_5 | Ep. 22/100 - Step 150/273 (2.29 it/s) |##########          | - loss_cc=4.601 - loss_ce=2.147 - loss_ne=0.02 - loss_div=0.00141 - threshold=0.625 - loss=6.77
/scratch/e0538389/DivClust/engine/trainer.py:41: FutureWarning: `torch.cuda.amp.autocast(args...)` is deprecated. Please use `torch.amp.autocast('cuda', args...)` instead.
  with autocast(self.mixed_precision):
/scratch/e0538389/DivClust/engine/trainer.py:41: FutureWarning: `torch.cuda.amp.autocast(args...)` is deprecated. Please use `torch.amp.autocast('cuda', args...)` instead.
  with autocast(self.mixed_precision):
[2026-03-30 10:55:01](logger.py 179): id=CC_FMNIST_C10CFG_K20_E100_DT_0_5 | Ep. 22/100 - Step 175/273 (2.28 it/s) |############        | - loss_cc=4.601 - loss_ce=2.147 - loss_ne=0.02 - loss_div=0.00168 - threshold=0.624 - loss=6.77
/scratch/e0538389/DivClust/engine/trainer.py:41: FutureWarning: `torch.cuda.amp.autocast(args...)` is deprecated. Please use `torch.amp.autocast('cuda', args...)` instead.
  with autocast(self.mixed_precision):
[2026-03-30 10:55:12](logger.py 179): id=CC_FMNIST_C10CFG_K20_E100_DT_0_5 | Ep. 22/100 - Step 200/273 (2.28 it/s) |##############      | - loss_cc=4.601 - loss_ce=2.148 - loss_ne=0.0202 - loss_div=0.00191 - threshold=0.622 - loss=6.771
/scratch/e0538389/DivClust/engine/trainer.py:41: FutureWarning: `torch.cuda.amp.autocast(args...)` is deprecated. Please use `torch.amp.autocast('cuda', args...)` instead.
  with autocast(self.mixed_precision):
[2026-03-30 10:55:22](logger.py 179): id=CC_FMNIST_C10CFG_K20_E100_DT_0_5 | Ep. 22/100 - Step 225/273 (2.29 it/s) |################    | - loss_cc=4.601 - loss_ce=2.148 - loss_ne=0.0202 - loss_div=0.00187 - threshold=0.622 - loss=6.77
/scratch/e0538389/DivClust/engine/trainer.py:41: FutureWarning: `torch.cuda.amp.autocast(args...)` is deprecated. Please use `torch.amp.autocast('cuda', args...)` instead.
  with autocast(self.mixed_precision):
[2026-03-30 10:55:33](logger.py 179): id=CC_FMNIST_C10CFG_K20_E100_DT_0_5 | Ep. 22/100 - Step 250/273 (2.3 it/s) |##################  | - loss_cc=4.601 - loss_ce=2.148 - loss_ne=0.0203 - loss_div=0.00172 - threshold=0.622 - loss=6.77
/scratch/e0538389/DivClust/engine/trainer.py:41: FutureWarning: `torch.cuda.amp.autocast(args...)` is deprecated. Please use `torch.amp.autocast('cuda', args...)` instead.
  with autocast(self.mixed_precision):
[2026-03-30 10:55:42](logger.py 179): id=CC_FMNIST_C10CFG_K20_E100_DT_0_5 | Ep. 22/100 | Time: 00:01 | loss_cc=4.6 - loss_ce=2.147 - loss_ne=0.0204 - loss_div=0.00161 - threshold=0.623 - loss=6.77
[2026-03-30 10:55:45](logger.py 179): id=CC_FMNIST_C10CFG_K20_E100_DT_0_5 | Ep. 23/100 - Step 0/273 (0.0 it/s) |                    | - loss_cc=4.618 - loss_ce=2.155 - loss_ne=0.0171 - loss_div=7.08e-05 - threshold=0.634 - loss=6.79
/scratch/e0538389/DivClust/engine/trainer.py:41: FutureWarning: `torch.cuda.amp.autocast(args...)` is deprecated. Please use `torch.amp.autocast('cuda', args...)` instead.
  with autocast(self.mixed_precision):
/scratch/e0538389/DivClust/engine/trainer.py:41: FutureWarning: `torch.cuda.amp.autocast(args...)` is deprecated. Please use `torch.amp.autocast('cuda', args...)` instead.
  with autocast(self.mixed_precision):
[2026-03-30 10:55:56](logger.py 179): id=CC_FMNIST_C10CFG_K20_E100_DT_0_5 | Ep. 23/100 - Step 25/273 (2.31 it/s) |#                   | - loss_cc=4.598 - loss_ce=2.146 - loss_ne=0.0205 - loss_div=0.00127 - threshold=0.627 - loss=6.765
/scratch/e0538389/DivClust/engine/trainer.py:41: FutureWarning: `torch.cuda.amp.autocast(args...)` is deprecated. Please use `torch.amp.autocast('cuda', args...)` instead.
  with autocast(self.mixed_precision):
[2026-03-30 10:56:07](logger.py 179): id=CC_FMNIST_C10CFG_K20_E100_DT_0_5 | Ep. 23/100 - Step 50/273 (2.32 it/s) |###                 | - loss_cc=4.598 - loss_ce=2.145 - loss_ne=0.0214 - loss_div=0.00154 - threshold=0.625 - loss=6.767
/scratch/e0538389/DivClust/engine/trainer.py:41: FutureWarning: `torch.cuda.amp.autocast(args...)` is deprecated. Please use `torch.amp.autocast('cuda', args...)` instead.
  with autocast(self.mixed_precision):
[2026-03-30 10:56:17](logger.py 179): id=CC_FMNIST_C10CFG_K20_E100_DT_0_5 | Ep. 23/100 - Step 75/273 (2.32 it/s) |#####               | - loss_cc=4.598 - loss_ce=2.145 - loss_ne=0.0217 - loss_div=0.00146 - threshold=0.625 - loss=6.766
/scratch/e0538389/DivClust/engine/trainer.py:41: FutureWarning: `torch.cuda.amp.autocast(args...)` is deprecated. Please use `torch.amp.autocast('cuda', args...)` instead.
  with autocast(self.mixed_precision):
[2026-03-30 10:56:28](logger.py 179): id=CC_FMNIST_C10CFG_K20_E100_DT_0_5 | Ep. 23/100 - Step 100/273 (2.32 it/s) |#######             | - loss_cc=4.595 - loss_ce=2.144 - loss_ne=0.0213 - loss_div=0.00161 - threshold=0.623 - loss=6.762
/scratch/e0538389/DivClust/engine/trainer.py:41: FutureWarning: `torch.cuda.amp.autocast(args...)` is deprecated. Please use `torch.amp.autocast('cuda', args...)` instead.
  with autocast(self.mixed_precision):
/scratch/e0538389/DivClust/engine/trainer.py:41: FutureWarning: `torch.cuda.amp.autocast(args...)` is deprecated. Please use `torch.amp.autocast('cuda', args...)` instead.
  with autocast(self.mixed_precision):
[2026-03-30 10:56:39](logger.py 179): id=CC_FMNIST_C10CFG_K20_E100_DT_0_5 | Ep. 23/100 - Step 125/273 (2.3 it/s) |#########           | - loss_cc=4.594 - loss_ce=2.144 - loss_ne=0.0211 - loss_div=0.00153 - threshold=0.622 - loss=6.76
/scratch/e0538389/DivClust/engine/trainer.py:41: FutureWarning: `torch.cuda.amp.autocast(args...)` is deprecated. Please use `torch.amp.autocast('cuda', args...)` instead.
  with autocast(self.mixed_precision):
[2026-03-30 10:56:50](logger.py 179): id=CC_FMNIST_C10CFG_K20_E100_DT_0_5 | Ep. 23/100 - Step 150/273 (2.3 it/s) |##########          | - loss_cc=4.594 - loss_ce=2.144 - loss_ne=0.0212 - loss_div=0.00161 - threshold=0.621 - loss=6.761
/scratch/e0538389/DivClust/engine/trainer.py:41: FutureWarning: `torch.cuda.amp.autocast(args...)` is deprecated. Please use `torch.amp.autocast('cuda', args...)` instead.
  with autocast(self.mixed_precision):
[2026-03-30 10:57:01](logger.py 179): id=CC_FMNIST_C10CFG_K20_E100_DT_0_5 | Ep. 23/100 - Step 175/273 (2.3 it/s) |############        | - loss_cc=4.594 - loss_ce=2.144 - loss_ne=0.0207 - loss_div=0.00148 - threshold=0.622 - loss=6.76
/scratch/e0538389/DivClust/engine/trainer.py:41: FutureWarning: `torch.cuda.amp.autocast(args...)` is deprecated. Please use `torch.amp.autocast('cuda', args...)` instead.
  with autocast(self.mixed_precision):
[2026-03-30 10:57:12](logger.py 179): id=CC_FMNIST_C10CFG_K20_E100_DT_0_5 | Ep. 23/100 - Step 200/273 (2.31 it/s) |##############      | - loss_cc=4.593 - loss_ce=2.144 - loss_ne=0.0208 - loss_div=0.00147 - threshold=0.622 - loss=6.76
/scratch/e0538389/DivClust/engine/trainer.py:41: FutureWarning: `torch.cuda.amp.autocast(args...)` is deprecated. Please use `torch.amp.autocast('cuda', args...)` instead.
  with autocast(self.mixed_precision):
/scratch/e0538389/DivClust/engine/trainer.py:41: FutureWarning: `torch.cuda.amp.autocast(args...)` is deprecated. Please use `torch.amp.autocast('cuda', args...)` instead.
  with autocast(self.mixed_precision):
[2026-03-30 10:57:23](logger.py 179): id=CC_FMNIST_C10CFG_K20_E100_DT_0_5 | Ep. 23/100 - Step 225/273 (2.3 it/s) |################    | - loss_cc=4.594 - loss_ce=2.144 - loss_ne=0.0209 - loss_div=0.00154 - threshold=0.621 - loss=6.76
/scratch/e0538389/DivClust/engine/trainer.py:41: FutureWarning: `torch.cuda.amp.autocast(args...)` is deprecated. Please use `torch.amp.autocast('cuda', args...)` instead.
  with autocast(self.mixed_precision):
[2026-03-30 10:57:34](logger.py 179): id=CC_FMNIST_C10CFG_K20_E100_DT_0_5 | Ep. 23/100 - Step 250/273 (2.3 it/s) |##################  | - loss_cc=4.594 - loss_ce=2.144 - loss_ne=0.0207 - loss_div=0.00146 - threshold=0.622 - loss=6.76
/scratch/e0538389/DivClust/engine/trainer.py:41: FutureWarning: `torch.cuda.amp.autocast(args...)` is deprecated. Please use `torch.amp.autocast('cuda', args...)` instead.
  with autocast(self.mixed_precision):
[2026-03-30 10:57:43](logger.py 179): id=CC_FMNIST_C10CFG_K20_E100_DT_0_5 | Ep. 23/100 | Time: 00:01 | loss_cc=4.594 - loss_ce=2.144 - loss_ne=0.0207 - loss_div=0.00148 - threshold=0.622 - loss=6.76
[2026-03-30 10:57:45](logger.py 179): id=CC_FMNIST_C10CFG_K20_E100_DT_0_5 | Ep. 24/100 - Step 0/273 (0.0 it/s) |                    | - loss_cc=4.57 - loss_ce=2.137 - loss_ne=0.0169 - loss_div=0.00111 - threshold=0.621 - loss=6.725
/scratch/e0538389/DivClust/engine/trainer.py:41: FutureWarning: `torch.cuda.amp.autocast(args...)` is deprecated. Please use `torch.amp.autocast('cuda', args...)` instead.
  with autocast(self.mixed_precision):
[2026-03-30 10:57:56](logger.py 179): id=CC_FMNIST_C10CFG_K20_E100_DT_0_5 | Ep. 24/100 - Step 25/273 (2.33 it/s) |#                   | - loss_cc=4.588 - loss_ce=2.143 - loss_ne=0.0197 - loss_div=0.00189 - threshold=0.617 - loss=6.753
/scratch/e0538389/DivClust/engine/trainer.py:41: FutureWarning: `torch.cuda.amp.autocast(args...)` is deprecated. Please use `torch.amp.autocast('cuda', args...)` instead.
  with autocast(self.mixed_precision):
/scratch/e0538389/DivClust/engine/trainer.py:41: FutureWarning: `torch.cuda.amp.autocast(args...)` is deprecated. Please use `torch.amp.autocast('cuda', args...)` instead.
  with autocast(self.mixed_precision):
[2026-03-30 10:58:07](logger.py 179): id=CC_FMNIST_C10CFG_K20_E100_DT_0_5 | Ep. 24/100 - Step 50/273 (2.3 it/s) |###                 | - loss_cc=4.593 - loss_ce=2.144 - loss_ne=0.0212 - loss_div=0.00153 - threshold=0.619 - loss=6.76
/scratch/e0538389/DivClust/engine/trainer.py:41: FutureWarning: `torch.cuda.amp.autocast(args...)` is deprecated. Please use `torch.amp.autocast('cuda', args...)` instead.
  with autocast(self.mixed_precision):
[2026-03-30 10:58:18](logger.py 179): id=CC_FMNIST_C10CFG_K20_E100_DT_0_5 | Ep. 24/100 - Step 75/273 (2.32 it/s) |#####               | - loss_cc=4.593 - loss_ce=2.144 - loss_ne=0.0209 - loss_div=0.00134 - threshold=0.621 - loss=6.759
/scratch/e0538389/DivClust/engine/trainer.py:41: FutureWarning: `torch.cuda.amp.autocast(args...)` is deprecated. Please use `torch.amp.autocast('cuda', args...)` instead.
  with autocast(self.mixed_precision):
[2026-03-30 10:58:28](logger.py 179): id=CC_FMNIST_C10CFG_K20_E100_DT_0_5 | Ep. 24/100 - Step 100/273 (2.32 it/s) |#######             | - loss_cc=4.592 - loss_ce=2.144 - loss_ne=0.021 - loss_div=0.00168 - threshold=0.62 - loss=6.758
/scratch/e0538389/DivClust/engine/trainer.py:41: FutureWarning: `torch.cuda.amp.autocast(args...)` is deprecated. Please use `torch.amp.autocast('cuda', args...)` instead.
  with autocast(self.mixed_precision):
[2026-03-30 10:58:39](logger.py 179): id=CC_FMNIST_C10CFG_K20_E100_DT_0_5 | Ep. 24/100 - Step 125/273 (2.34 it/s) |#########           | - loss_cc=4.593 - loss_ce=2.144 - loss_ne=0.021 - loss_div=0.00181 - threshold=0.62 - loss=6.76
/scratch/e0538389/DivClust/engine/trainer.py:41: FutureWarning: `torch.cuda.amp.autocast(args...)` is deprecated. Please use `torch.amp.autocast('cuda', args...)` instead.
  with autocast(self.mixed_precision):
/scratch/e0538389/DivClust/engine/trainer.py:41: FutureWarning: `torch.cuda.amp.autocast(args...)` is deprecated. Please use `torch.amp.autocast('cuda', args...)` instead.
  with autocast(self.mixed_precision):
[2026-03-30 10:58:50](logger.py 179): id=CC_FMNIST_C10CFG_K20_E100_DT_0_5 | Ep. 24/100 - Step 150/273 (2.33 it/s) |##########          | - loss_cc=4.592 - loss_ce=2.144 - loss_ne=0.0209 - loss_div=0.0016 - threshold=0.621 - loss=6.759
/scratch/e0538389/DivClust/engine/trainer.py:41: FutureWarning: `torch.cuda.amp.autocast(args...)` is deprecated. Please use `torch.amp.autocast('cuda', args...)` instead.
  with autocast(self.mixed_precision):
[2026-03-30 10:59:01](logger.py 179): id=CC_FMNIST_C10CFG_K20_E100_DT_0_5 | Ep. 24/100 - Step 175/273 (2.32 it/s) |############        | - loss_cc=4.592 - loss_ce=2.144 - loss_ne=0.0206 - loss_div=0.00149 - threshold=0.623 - loss=6.758
/scratch/e0538389/DivClust/engine/trainer.py:41: FutureWarning: `torch.cuda.amp.autocast(args...)` is deprecated. Please use `torch.amp.autocast('cuda', args...)` instead.
  with autocast(self.mixed_precision):
[2026-03-30 10:59:11](logger.py 179): id=CC_FMNIST_C10CFG_K20_E100_DT_0_5 | Ep. 24/100 - Step 200/273 (2.32 it/s) |##############      | - loss_cc=4.593 - loss_ce=2.144 - loss_ne=0.0205 - loss_div=0.00148 - threshold=0.623 - loss=6.758
/scratch/e0538389/DivClust/engine/trainer.py:41: FutureWarning: `torch.cuda.amp.autocast(args...)` is deprecated. Please use `torch.amp.autocast('cuda', args...)` instead.
  with autocast(self.mixed_precision):
[2026-03-30 10:59:22](logger.py 179): id=CC_FMNIST_C10CFG_K20_E100_DT_0_5 | Ep. 24/100 - Step 225/273 (2.32 it/s) |################    | - loss_cc=4.593 - loss_ce=2.144 - loss_ne=0.0203 - loss_div=0.00161 - threshold=0.622 - loss=6.759
/scratch/e0538389/DivClust/engine/trainer.py:41: FutureWarning: `torch.cuda.amp.autocast(args...)` is deprecated. Please use `torch.amp.autocast('cuda', args...)` instead.
  with autocast(self.mixed_precision):
/scratch/e0538389/DivClust/engine/trainer.py:41: FutureWarning: `torch.cuda.amp.autocast(args...)` is deprecated. Please use `torch.amp.autocast('cuda', args...)` instead.
  with autocast(self.mixed_precision):
[2026-03-30 10:59:33](logger.py 179): id=CC_FMNIST_C10CFG_K20_E100_DT_0_5 | Ep. 24/100 - Step 250/273 (2.31 it/s) |##################  | - loss_cc=4.593 - loss_ce=2.144 - loss_ne=0.0203 - loss_div=0.00159 - threshold=0.622 - loss=6.758
/scratch/e0538389/DivClust/engine/trainer.py:41: FutureWarning: `torch.cuda.amp.autocast(args...)` is deprecated. Please use `torch.amp.autocast('cuda', args...)` instead.
  with autocast(self.mixed_precision):
[2026-03-30 10:59:43](logger.py 179): id=CC_FMNIST_C10CFG_K20_E100_DT_0_5 | Ep. 24/100 | Time: 00:01 | loss_cc=4.593 - loss_ce=2.144 - loss_ne=0.0202 - loss_div=0.00157 - threshold=0.621 - loss=6.759
[2026-03-30 10:59:45](logger.py 179): id=CC_FMNIST_C10CFG_K20_E100_DT_0_5 | Ep. 25/100 - Step 0/273 (0.0 it/s) |                    | - loss_cc=4.619 - loss_ce=2.151 - loss_ne=0.0353 - loss_div=0.00139 - threshold=0.621 - loss=6.807
/scratch/e0538389/DivClust/engine/trainer.py:41: FutureWarning: `torch.cuda.amp.autocast(args...)` is deprecated. Please use `torch.amp.autocast('cuda', args...)` instead.
  with autocast(self.mixed_precision):
[2026-03-30 10:59:56](logger.py 179): id=CC_FMNIST_C10CFG_K20_E100_DT_0_5 | Ep. 25/100 - Step 25/273 (2.38 it/s) |#                   | - loss_cc=4.595 - loss_ce=2.145 - loss_ne=0.0232 - loss_div=0.00224 - threshold=0.618 - loss=6.765
/scratch/e0538389/DivClust/engine/trainer.py:41: FutureWarning: `torch.cuda.amp.autocast(args...)` is deprecated. Please use `torch.amp.autocast('cuda', args...)` instead.
  with autocast(self.mixed_precision):
[2026-03-30 11:00:06](logger.py 179): id=CC_FMNIST_C10CFG_K20_E100_DT_0_5 | Ep. 25/100 - Step 50/273 (2.38 it/s) |###                 | - loss_cc=4.592 - loss_ce=2.144 - loss_ne=0.0219 - loss_div=0.0026 - threshold=0.614 - loss=6.76
/scratch/e0538389/DivClust/engine/trainer.py:41: FutureWarning: `torch.cuda.amp.autocast(args...)` is deprecated. Please use `torch.amp.autocast('cuda', args...)` instead.
  with autocast(self.mixed_precision):
[2026-03-30 11:00:17](logger.py 179): id=CC_FMNIST_C10CFG_K20_E100_DT_0_5 | Ep. 25/100 - Step 75/273 (2.36 it/s) |#####               | - loss_cc=4.593 - loss_ce=2.144 - loss_ne=0.0211 - loss_div=0.00236 - threshold=0.614 - loss=6.761
/scratch/e0538389/DivClust/engine/trainer.py:41: FutureWarning: `torch.cuda.amp.autocast(args...)` is deprecated. Please use `torch.amp.autocast('cuda', args...)` instead.
  with autocast(self.mixed_precision):
/scratch/e0538389/DivClust/engine/trainer.py:41: FutureWarning: `torch.cuda.amp.autocast(args...)` is deprecated. Please use `torch.amp.autocast('cuda', args...)` instead.
  with autocast(self.mixed_precision):
[2026-03-30 11:00:27](logger.py 179): id=CC_FMNIST_C10CFG_K20_E100_DT_0_5 | Ep. 25/100 - Step 100/273 (2.37 it/s) |#######             | - loss_cc=4.591 - loss_ce=2.144 - loss_ne=0.0208 - loss_div=0.00185 - threshold=0.616 - loss=6.757
/scratch/e0538389/DivClust/engine/trainer.py:41: FutureWarning: `torch.cuda.amp.autocast(args...)` is deprecated. Please use `torch.amp.autocast('cuda', args...)` instead.
  with autocast(self.mixed_precision):
[2026-03-30 11:00:38](logger.py 179): id=CC_FMNIST_C10CFG_K20_E100_DT_0_5 | Ep. 25/100 - Step 125/273 (2.36 it/s) |#########           | - loss_cc=4.59 - loss_ce=2.143 - loss_ne=0.0204 - loss_div=0.00164 - threshold=0.618 - loss=6.756
/scratch/e0538389/DivClust/engine/trainer.py:41: FutureWarning: `torch.cuda.amp.autocast(args...)` is deprecated. Please use `torch.amp.autocast('cuda', args...)` instead.
  with autocast(self.mixed_precision):
[2026-03-30 11:00:49](logger.py 179): id=CC_FMNIST_C10CFG_K20_E100_DT_0_5 | Ep. 25/100 - Step 150/273 (2.35 it/s) |##########          | - loss_cc=4.59 - loss_ce=2.143 - loss_ne=0.0204 - loss_div=0.00169 - threshold=0.617 - loss=6.756
/scratch/e0538389/DivClust/engine/trainer.py:41: FutureWarning: `torch.cuda.amp.autocast(args...)` is deprecated. Please use `torch.amp.autocast('cuda', args...)` instead.
  with autocast(self.mixed_precision):
[2026-03-30 11:01:00](logger.py 179): id=CC_FMNIST_C10CFG_K20_E100_DT_0_5 | Ep. 25/100 - Step 175/273 (2.33 it/s) |############        | - loss_cc=4.592 - loss_ce=2.144 - loss_ne=0.0204 - loss_div=0.00162 - threshold=0.618 - loss=6.757
/scratch/e0538389/DivClust/engine/trainer.py:41: FutureWarning: `torch.cuda.amp.autocast(args...)` is deprecated. Please use `torch.amp.autocast('cuda', args...)` instead.
  with autocast(self.mixed_precision):
/scratch/e0538389/DivClust/engine/trainer.py:41: FutureWarning: `torch.cuda.amp.autocast(args...)` is deprecated. Please use `torch.amp.autocast('cuda', args...)` instead.
  with autocast(self.mixed_precision):
[2026-03-30 11:01:11](logger.py 179): id=CC_FMNIST_C10CFG_K20_E100_DT_0_5 | Ep. 25/100 - Step 200/273 (2.33 it/s) |##############      | - loss_cc=4.591 - loss_ce=2.143 - loss_ne=0.0203 - loss_div=0.00177 - threshold=0.617 - loss=6.756
/scratch/e0538389/DivClust/engine/trainer.py:41: FutureWarning: `torch.cuda.amp.autocast(args...)` is deprecated. Please use `torch.amp.autocast('cuda', args...)` instead.
  with autocast(self.mixed_precision):
[2026-03-30 11:01:22](logger.py 179): id=CC_FMNIST_C10CFG_K20_E100_DT_0_5 | Ep. 25/100 - Step 225/273 (2.33 it/s) |################    | - loss_cc=4.59 - loss_ce=2.143 - loss_ne=0.0202 - loss_div=0.00185 - threshold=0.616 - loss=6.756
/scratch/e0538389/DivClust/engine/trainer.py:41: FutureWarning: `torch.cuda.amp.autocast(args...)` is deprecated. Please use `torch.amp.autocast('cuda', args...)` instead.
  with autocast(self.mixed_precision):
[2026-03-30 11:01:33](logger.py 179): id=CC_FMNIST_C10CFG_K20_E100_DT_0_5 | Ep. 25/100 - Step 250/273 (2.33 it/s) |##################  | - loss_cc=4.591 - loss_ce=2.144 - loss_ne=0.0203 - loss_div=0.00178 - threshold=0.617 - loss=6.757
/scratch/e0538389/DivClust/engine/trainer.py:41: FutureWarning: `torch.cuda.amp.autocast(args...)` is deprecated. Please use `torch.amp.autocast('cuda', args...)` instead.
  with autocast(self.mixed_precision):
[2026-03-30 11:01:42](logger.py 179): id=CC_FMNIST_C10CFG_K20_E100_DT_0_5 | Ep. 25/100 | Time: 00:01 | loss_cc=4.591 - loss_ce=2.144 - loss_ne=0.0202 - loss_div=0.00165 - threshold=0.617 - loss=6.757
[2026-03-30 11:01:44](logger.py 179): id=CC_FMNIST_C10CFG_K20_E100_DT_0_5 | Ep. 26/100 - Step 0/273 (0.0 it/s) |                    | - loss_cc=4.551 - loss_ce=2.131 - loss_ne=0.015 - loss_div=0.0 - threshold=0.626 - loss=6.697
/scratch/e0538389/DivClust/engine/trainer.py:41: FutureWarning: `torch.cuda.amp.autocast(args...)` is deprecated. Please use `torch.amp.autocast('cuda', args...)` instead.
  with autocast(self.mixed_precision):
/scratch/e0538389/DivClust/engine/trainer.py:41: FutureWarning: `torch.cuda.amp.autocast(args...)` is deprecated. Please use `torch.amp.autocast('cuda', args...)` instead.
  with autocast(self.mixed_precision):
[2026-03-30 11:01:55](logger.py 179): id=CC_FMNIST_C10CFG_K20_E100_DT_0_5 | Ep. 26/100 - Step 25/273 (2.32 it/s) |#                   | - loss_cc=4.587 - loss_ce=2.142 - loss_ne=0.0195 - loss_div=0.00162 - threshold=0.62 - loss=6.75
/scratch/e0538389/DivClust/engine/trainer.py:41: FutureWarning: `torch.cuda.amp.autocast(args...)` is deprecated. Please use `torch.amp.autocast('cuda', args...)` instead.
  with autocast(self.mixed_precision):
[2026-03-30 11:02:06](logger.py 179): id=CC_FMNIST_C10CFG_K20_E100_DT_0_5 | Ep. 26/100 - Step 50/273 (2.35 it/s) |###                 | - loss_cc=4.584 - loss_ce=2.141 - loss_ne=0.0197 - loss_div=0.00227 - threshold=0.616 - loss=6.747
/scratch/e0538389/DivClust/engine/trainer.py:41: FutureWarning: `torch.cuda.amp.autocast(args...)` is deprecated. Please use `torch.amp.autocast('cuda', args...)` instead.
  with autocast(self.mixed_precision):
[2026-03-30 11:02:16](logger.py 179): id=CC_FMNIST_C10CFG_K20_E100_DT_0_5 | Ep. 26/100 - Step 75/273 (2.36 it/s) |#####               | - loss_cc=4.585 - loss_ce=2.142 - loss_ne=0.0201 - loss_div=0.00215 - threshold=0.614 - loss=6.75
/scratch/e0538389/DivClust/engine/trainer.py:41: FutureWarning: `torch.cuda.amp.autocast(args...)` is deprecated. Please use `torch.amp.autocast('cuda', args...)` instead.
  with autocast(self.mixed_precision):
[2026-03-30 11:02:27](logger.py 179): id=CC_FMNIST_C10CFG_K20_E100_DT_0_5 | Ep. 26/100 - Step 100/273 (2.36 it/s) |#######             | - loss_cc=4.587 - loss_ce=2.143 - loss_ne=0.0198 - loss_div=0.00186 - threshold=0.615 - loss=6.751
/scratch/e0538389/DivClust/engine/trainer.py:41: FutureWarning: `torch.cuda.amp.autocast(args...)` is deprecated. Please use `torch.amp.autocast('cuda', args...)` instead.
  with autocast(self.mixed_precision):
/scratch/e0538389/DivClust/engine/trainer.py:41: FutureWarning: `torch.cuda.amp.autocast(args...)` is deprecated. Please use `torch.amp.autocast('cuda', args...)` instead.
  with autocast(self.mixed_precision):
[2026-03-30 11:02:37](logger.py 179): id=CC_FMNIST_C10CFG_K20_E100_DT_0_5 | Ep. 26/100 - Step 125/273 (2.36 it/s) |#########           | - loss_cc=4.586 - loss_ce=2.142 - loss_ne=0.0195 - loss_div=0.00159 - threshold=0.618 - loss=6.75
/scratch/e0538389/DivClust/engine/trainer.py:41: FutureWarning: `torch.cuda.amp.autocast(args...)` is deprecated. Please use `torch.amp.autocast('cuda', args...)` instead.
  with autocast(self.mixed_precision):
[2026-03-30 11:02:48](logger.py 179): id=CC_FMNIST_C10CFG_K20_E100_DT_0_5 | Ep. 26/100 - Step 150/273 (2.35 it/s) |##########          | - loss_cc=4.586 - loss_ce=2.142 - loss_ne=0.0196 - loss_div=0.00136 - threshold=0.62 - loss=6.749
/scratch/e0538389/DivClust/engine/trainer.py:41: FutureWarning: `torch.cuda.amp.autocast(args...)` is deprecated. Please use `torch.amp.autocast('cuda', args...)` instead.
  with autocast(self.mixed_precision):
[2026-03-30 11:02:59](logger.py 179): id=CC_FMNIST_C10CFG_K20_E100_DT_0_5 | Ep. 26/100 - Step 175/273 (2.35 it/s) |############        | - loss_cc=4.587 - loss_ce=2.142 - loss_ne=0.0197 - loss_div=0.00134 - threshold=0.62 - loss=6.75
/scratch/e0538389/DivClust/engine/trainer.py:41: FutureWarning: `torch.cuda.amp.autocast(args...)` is deprecated. Please use `torch.amp.autocast('cuda', args...)` instead.
  with autocast(self.mixed_precision):
[2026-03-30 11:03:09](logger.py 179): id=CC_FMNIST_C10CFG_K20_E100_DT_0_5 | Ep. 26/100 - Step 200/273 (2.35 it/s) |##############      | - loss_cc=4.587 - loss_ce=2.142 - loss_ne=0.0196 - loss_div=0.00128 - threshold=0.621 - loss=6.75
/scratch/e0538389/DivClust/engine/trainer.py:41: FutureWarning: `torch.cuda.amp.autocast(args...)` is deprecated. Please use `torch.amp.autocast('cuda', args...)` instead.
  with autocast(self.mixed_precision):
/scratch/e0538389/DivClust/engine/trainer.py:41: FutureWarning: `torch.cuda.amp.autocast(args...)` is deprecated. Please use `torch.amp.autocast('cuda', args...)` instead.
  with autocast(self.mixed_precision):
[2026-03-30 11:03:21](logger.py 179): id=CC_FMNIST_C10CFG_K20_E100_DT_0_5 | Ep. 26/100 - Step 225/273 (2.34 it/s) |################    | - loss_cc=4.587 - loss_ce=2.142 - loss_ne=0.0195 - loss_div=0.00125 - threshold=0.621 - loss=6.75
/scratch/e0538389/DivClust/engine/trainer.py:41: FutureWarning: `torch.cuda.amp.autocast(args...)` is deprecated. Please use `torch.amp.autocast('cuda', args...)` instead.
  with autocast(self.mixed_precision):
[2026-03-30 11:03:31](logger.py 179): id=CC_FMNIST_C10CFG_K20_E100_DT_0_5 | Ep. 26/100 - Step 250/273 (2.33 it/s) |##################  | - loss_cc=4.587 - loss_ce=2.142 - loss_ne=0.0195 - loss_div=0.00137 - threshold=0.62 - loss=6.75
/scratch/e0538389/DivClust/engine/trainer.py:41: FutureWarning: `torch.cuda.amp.autocast(args...)` is deprecated. Please use `torch.amp.autocast('cuda', args...)` instead.
  with autocast(self.mixed_precision):
[2026-03-30 11:03:41](logger.py 179): id=CC_FMNIST_C10CFG_K20_E100_DT_0_5 | Ep. 26/100 | Time: 00:01 | loss_cc=4.587 - loss_ce=2.142 - loss_ne=0.0195 - loss_div=0.00132 - threshold=0.62 - loss=6.749
[2026-03-30 11:03:43](logger.py 179): id=CC_FMNIST_C10CFG_K20_E100_DT_0_5 | Ep. 27/100 - Step 0/273 (0.0 it/s) |                    | - loss_cc=4.567 - loss_ce=2.125 - loss_ne=0.0179 - loss_div=0.000608 - threshold=0.626 - loss=6.711
/scratch/e0538389/DivClust/engine/trainer.py:41: FutureWarning: `torch.cuda.amp.autocast(args...)` is deprecated. Please use `torch.amp.autocast('cuda', args...)` instead.
  with autocast(self.mixed_precision):
[2026-03-30 11:03:54](logger.py 179): id=CC_FMNIST_C10CFG_K20_E100_DT_0_5 | Ep. 27/100 - Step 25/273 (2.36 it/s) |#                   | - loss_cc=4.587 - loss_ce=2.141 - loss_ne=0.0205 - loss_div=0.00048 - threshold=0.63 - loss=6.749
/scratch/e0538389/DivClust/engine/trainer.py:41: FutureWarning: `torch.cuda.amp.autocast(args...)` is deprecated. Please use `torch.amp.autocast('cuda', args...)` instead.
  with autocast(self.mixed_precision):
/scratch/e0538389/DivClust/engine/trainer.py:41: FutureWarning: `torch.cuda.amp.autocast(args...)` is deprecated. Please use `torch.amp.autocast('cuda', args...)` instead.
  with autocast(self.mixed_precision):
[2026-03-30 11:04:05](logger.py 179): id=CC_FMNIST_C10CFG_K20_E100_DT_0_5 | Ep. 27/100 - Step 50/273 (2.29 it/s) |###                 | - loss_cc=4.588 - loss_ce=2.141 - loss_ne=0.0199 - loss_div=0.00125 - threshold=0.628 - loss=6.749
/scratch/e0538389/DivClust/engine/trainer.py:41: FutureWarning: `torch.cuda.amp.autocast(args...)` is deprecated. Please use `torch.amp.autocast('cuda', args...)` instead.
  with autocast(self.mixed_precision):
[2026-03-30 11:04:16](logger.py 179): id=CC_FMNIST_C10CFG_K20_E100_DT_0_5 | Ep. 27/100 - Step 75/273 (2.3 it/s) |#####               | - loss_cc=4.587 - loss_ce=2.141 - loss_ne=0.0202 - loss_div=0.00158 - threshold=0.625 - loss=6.75
/scratch/e0538389/DivClust/engine/trainer.py:41: FutureWarning: `torch.cuda.amp.autocast(args...)` is deprecated. Please use `torch.amp.autocast('cuda', args...)` instead.
  with autocast(self.mixed_precision):
[2026-03-30 11:04:27](logger.py 179): id=CC_FMNIST_C10CFG_K20_E100_DT_0_5 | Ep. 27/100 - Step 100/273 (2.31 it/s) |#######             | - loss_cc=4.588 - loss_ce=2.142 - loss_ne=0.0205 - loss_div=0.00233 - threshold=0.621 - loss=6.752
/scratch/e0538389/DivClust/engine/trainer.py:41: FutureWarning: `torch.cuda.amp.autocast(args...)` is deprecated. Please use `torch.amp.autocast('cuda', args...)` instead.
  with autocast(self.mixed_precision):
[2026-03-30 11:04:37](logger.py 179): id=CC_FMNIST_C10CFG_K20_E100_DT_0_5 | Ep. 27/100 - Step 125/273 (2.31 it/s) |#########           | - loss_cc=4.588 - loss_ce=2.142 - loss_ne=0.0208 - loss_div=0.00209 - threshold=0.619 - loss=6.753
/scratch/e0538389/DivClust/engine/trainer.py:41: FutureWarning: `torch.cuda.amp.autocast(args...)` is deprecated. Please use `torch.amp.autocast('cuda', args...)` instead.
  with autocast(self.mixed_precision):
/scratch/e0538389/DivClust/engine/trainer.py:41: FutureWarning: `torch.cuda.amp.autocast(args...)` is deprecated. Please use `torch.amp.autocast('cuda', args...)` instead.
  with autocast(self.mixed_precision):
[2026-03-30 11:04:49](logger.py 179): id=CC_FMNIST_C10CFG_K20_E100_DT_0_5 | Ep. 27/100 - Step 150/273 (2.3 it/s) |##########          | - loss_cc=4.588 - loss_ce=2.142 - loss_ne=0.0205 - loss_div=0.00183 - threshold=0.619 - loss=6.752
/scratch/e0538389/DivClust/engine/trainer.py:41: FutureWarning: `torch.cuda.amp.autocast(args...)` is deprecated. Please use `torch.amp.autocast('cuda', args...)` instead.
  with autocast(self.mixed_precision):
[2026-03-30 11:04:59](logger.py 179): id=CC_FMNIST_C10CFG_K20_E100_DT_0_5 | Ep. 27/100 - Step 175/273 (2.3 it/s) |############        | - loss_cc=4.587 - loss_ce=2.141 - loss_ne=0.0204 - loss_div=0.0016 - threshold=0.621 - loss=6.751
/scratch/e0538389/DivClust/engine/trainer.py:41: FutureWarning: `torch.cuda.amp.autocast(args...)` is deprecated. Please use `torch.amp.autocast('cuda', args...)` instead.
  with autocast(self.mixed_precision):
[2026-03-30 11:05:10](logger.py 179): id=CC_FMNIST_C10CFG_K20_E100_DT_0_5 | Ep. 27/100 - Step 200/273 (2.3 it/s) |##############      | - loss_cc=4.586 - loss_ce=2.141 - loss_ne=0.0203 - loss_div=0.0015 - threshold=0.622 - loss=6.749
/scratch/e0538389/DivClust/engine/trainer.py:41: FutureWarning: `torch.cuda.amp.autocast(args...)` is deprecated. Please use `torch.amp.autocast('cuda', args...)` instead.
  with autocast(self.mixed_precision):
[2026-03-30 11:05:21](logger.py 179): id=CC_FMNIST_C10CFG_K20_E100_DT_0_5 | Ep. 27/100 - Step 225/273 (2.3 it/s) |################    | - loss_cc=4.587 - loss_ce=2.141 - loss_ne=0.0205 - loss_div=0.00147 - threshold=0.622 - loss=6.75
/scratch/e0538389/DivClust/engine/trainer.py:41: FutureWarning: `torch.cuda.amp.autocast(args...)` is deprecated. Please use `torch.amp.autocast('cuda', args...)` instead.
  with autocast(self.mixed_precision):
/scratch/e0538389/DivClust/engine/trainer.py:41: FutureWarning: `torch.cuda.amp.autocast(args...)` is deprecated. Please use `torch.amp.autocast('cuda', args...)` instead.
  with autocast(self.mixed_precision):
[2026-03-30 11:05:32](logger.py 179): id=CC_FMNIST_C10CFG_K20_E100_DT_0_5 | Ep. 27/100 - Step 250/273 (2.3 it/s) |##################  | - loss_cc=4.587 - loss_ce=2.141 - loss_ne=0.0205 - loss_div=0.0016 - threshold=0.621 - loss=6.75
/scratch/e0538389/DivClust/engine/trainer.py:41: FutureWarning: `torch.cuda.amp.autocast(args...)` is deprecated. Please use `torch.amp.autocast('cuda', args...)` instead.
  with autocast(self.mixed_precision):
[2026-03-30 11:05:42](logger.py 179): id=CC_FMNIST_C10CFG_K20_E100_DT_0_5 | Ep. 27/100 | Time: 00:01 | loss_cc=4.586 - loss_ce=2.141 - loss_ne=0.0204 - loss_div=0.00153 - threshold=0.621 - loss=6.749
[2026-03-30 11:05:44](logger.py 179): id=CC_FMNIST_C10CFG_K20_E100_DT_0_5 | Ep. 28/100 - Step 0/273 (0.0 it/s) |                    | - loss_cc=4.567 - loss_ce=2.144 - loss_ne=0.0141 - loss_div=0.0 - threshold=0.626 - loss=6.725
/scratch/e0538389/DivClust/engine/trainer.py:41: FutureWarning: `torch.cuda.amp.autocast(args...)` is deprecated. Please use `torch.amp.autocast('cuda', args...)` instead.
  with autocast(self.mixed_precision):
[2026-03-30 11:05:55](logger.py 179): id=CC_FMNIST_C10CFG_K20_E100_DT_0_5 | Ep. 28/100 - Step 25/273 (2.38 it/s) |#                   | - loss_cc=4.581 - loss_ce=2.139 - loss_ne=0.0195 - loss_div=0.000262 - threshold=0.628 - loss=6.74
/scratch/e0538389/DivClust/engine/trainer.py:41: FutureWarning: `torch.cuda.amp.autocast(args...)` is deprecated. Please use `torch.amp.autocast('cuda', args...)` instead.
  with autocast(self.mixed_precision):
[2026-03-30 11:06:05](logger.py 179): id=CC_FMNIST_C10CFG_K20_E100_DT_0_5 | Ep. 28/100 - Step 50/273 (2.38 it/s) |###                 | - loss_cc=4.583 - loss_ce=2.14 - loss_ne=0.019 - loss_div=0.000487 - threshold=0.628 - loss=6.743
/scratch/e0538389/DivClust/engine/trainer.py:41: FutureWarning: `torch.cuda.amp.autocast(args...)` is deprecated. Please use `torch.amp.autocast('cuda', args...)` instead.
  with autocast(self.mixed_precision):
[2026-03-30 11:06:16](logger.py 179): id=CC_FMNIST_C10CFG_K20_E100_DT_0_5 | Ep. 28/100 - Step 75/273 (2.38 it/s) |#####               | - loss_cc=4.583 - loss_ce=2.14 - loss_ne=0.0196 - loss_div=0.000857 - threshold=0.626 - loss=6.744
/scratch/e0538389/DivClust/engine/trainer.py:41: FutureWarning: `torch.cuda.amp.autocast(args...)` is deprecated. Please use `torch.amp.autocast('cuda', args...)` instead.
  with autocast(self.mixed_precision):
/scratch/e0538389/DivClust/engine/trainer.py:41: FutureWarning: `torch.cuda.amp.autocast(args...)` is deprecated. Please use `torch.amp.autocast('cuda', args...)` instead.
  with autocast(self.mixed_precision):
[2026-03-30 11:06:27](logger.py 179): id=CC_FMNIST_C10CFG_K20_E100_DT_0_5 | Ep. 28/100 - Step 100/273 (2.36 it/s) |#######             | - loss_cc=4.584 - loss_ce=2.14 - loss_ne=0.0196 - loss_div=0.00152 - threshold=0.622 - loss=6.746
/scratch/e0538389/DivClust/engine/trainer.py:41: FutureWarning: `torch.cuda.amp.autocast(args...)` is deprecated. Please use `torch.amp.autocast('cuda', args...)` instead.
  with autocast(self.mixed_precision):
[2026-03-30 11:06:37](logger.py 179): id=CC_FMNIST_C10CFG_K20_E100_DT_0_5 | Ep. 28/100 - Step 125/273 (2.35 it/s) |#########           | - loss_cc=4.583 - loss_ce=2.14 - loss_ne=0.0194 - loss_div=0.00158 - threshold=0.62 - loss=6.744
/scratch/e0538389/DivClust/engine/trainer.py:41: FutureWarning: `torch.cuda.amp.autocast(args...)` is deprecated. Please use `torch.amp.autocast('cuda', args...)` instead.
  with autocast(self.mixed_precision):
[2026-03-30 11:06:48](logger.py 179): id=CC_FMNIST_C10CFG_K20_E100_DT_0_5 | Ep. 28/100 - Step 150/273 (2.35 it/s) |##########          | - loss_cc=4.584 - loss_ce=2.14 - loss_ne=0.0195 - loss_div=0.0014 - threshold=0.619 - loss=6.745
/scratch/e0538389/DivClust/engine/trainer.py:41: FutureWarning: `torch.cuda.amp.autocast(args...)` is deprecated. Please use `torch.amp.autocast('cuda', args...)` instead.
  with autocast(self.mixed_precision):
[2026-03-30 11:06:59](logger.py 179): id=CC_FMNIST_C10CFG_K20_E100_DT_0_5 | Ep. 28/100 - Step 175/273 (2.35 it/s) |############        | - loss_cc=4.584 - loss_ce=2.14 - loss_ne=0.0194 - loss_div=0.00125 - threshold=0.62 - loss=6.745
/scratch/e0538389/DivClust/engine/trainer.py:41: FutureWarning: `torch.cuda.amp.autocast(args...)` is deprecated. Please use `torch.amp.autocast('cuda', args...)` instead.
  with autocast(self.mixed_precision):
/scratch/e0538389/DivClust/engine/trainer.py:41: FutureWarning: `torch.cuda.amp.autocast(args...)` is deprecated. Please use `torch.amp.autocast('cuda', args...)` instead.
  with autocast(self.mixed_precision):
[2026-03-30 11:07:10](logger.py 179): id=CC_FMNIST_C10CFG_K20_E100_DT_0_5 | Ep. 28/100 - Step 200/273 (2.34 it/s) |##############      | - loss_cc=4.583 - loss_ce=2.14 - loss_ne=0.0192 - loss_div=0.00116 - threshold=0.621 - loss=6.743
/scratch/e0538389/DivClust/engine/trainer.py:41: FutureWarning: `torch.cuda.amp.autocast(args...)` is deprecated. Please use `torch.amp.autocast('cuda', args...)` instead.
  with autocast(self.mixed_precision):
[2026-03-30 11:07:20](logger.py 179): id=CC_FMNIST_C10CFG_K20_E100_DT_0_5 | Ep. 28/100 - Step 225/273 (2.34 it/s) |################    | - loss_cc=4.582 - loss_ce=2.14 - loss_ne=0.0192 - loss_div=0.00119 - threshold=0.621 - loss=6.742
/scratch/e0538389/DivClust/engine/trainer.py:41: FutureWarning: `torch.cuda.amp.autocast(args...)` is deprecated. Please use `torch.amp.autocast('cuda', args...)` instead.
  with autocast(self.mixed_precision):
[2026-03-30 11:07:31](logger.py 179): id=CC_FMNIST_C10CFG_K20_E100_DT_0_5 | Ep. 28/100 - Step 250/273 (2.33 it/s) |##################  | - loss_cc=4.581 - loss_ce=2.139 - loss_ne=0.0191 - loss_div=0.00111 - threshold=0.621 - loss=6.741
/scratch/e0538389/DivClust/engine/trainer.py:41: FutureWarning: `torch.cuda.amp.autocast(args...)` is deprecated. Please use `torch.amp.autocast('cuda', args...)` instead.
  with autocast(self.mixed_precision):
[2026-03-30 11:07:41](logger.py 179): id=CC_FMNIST_C10CFG_K20_E100_DT_0_5 | Ep. 28/100 | Time: 00:01 | loss_cc=4.581 - loss_ce=2.139 - loss_ne=0.0192 - loss_div=0.00117 - threshold=0.621 - loss=6.74
[2026-03-30 11:07:43](logger.py 179): id=CC_FMNIST_C10CFG_K20_E100_DT_0_5 | Ep. 29/100 - Step 0/273 (0.0 it/s) |                    | - loss_cc=4.562 - loss_ce=2.13 - loss_ne=0.019 - loss_div=0.0 - threshold=0.619 - loss=6.712
/scratch/e0538389/DivClust/engine/trainer.py:41: FutureWarning: `torch.cuda.amp.autocast(args...)` is deprecated. Please use `torch.amp.autocast('cuda', args...)` instead.
  with autocast(self.mixed_precision):
/scratch/e0538389/DivClust/engine/trainer.py:41: FutureWarning: `torch.cuda.amp.autocast(args...)` is deprecated. Please use `torch.amp.autocast('cuda', args...)` instead.
  with autocast(self.mixed_precision):
[2026-03-30 11:07:54](logger.py 179): id=CC_FMNIST_C10CFG_K20_E100_DT_0_5 | Ep. 29/100 - Step 25/273 (2.22 it/s) |#                   | - loss_cc=4.575 - loss_ce=2.138 - loss_ne=0.0223 - loss_div=0.00217 - threshold=0.614 - loss=6.738
/scratch/e0538389/DivClust/engine/trainer.py:41: FutureWarning: `torch.cuda.amp.autocast(args...)` is deprecated. Please use `torch.amp.autocast('cuda', args...)` instead.
  with autocast(self.mixed_precision):
[2026-03-30 11:08:05](logger.py 179): id=CC_FMNIST_C10CFG_K20_E100_DT_0_5 | Ep. 29/100 - Step 50/273 (2.27 it/s) |###                 | - loss_cc=4.577 - loss_ce=2.138 - loss_ne=0.0208 - loss_div=0.00187 - threshold=0.616 - loss=6.739
/scratch/e0538389/DivClust/engine/trainer.py:41: FutureWarning: `torch.cuda.amp.autocast(args...)` is deprecated. Please use `torch.amp.autocast('cuda', args...)` instead.
  with autocast(self.mixed_precision):
[2026-03-30 11:08:15](logger.py 179): id=CC_FMNIST_C10CFG_K20_E100_DT_0_5 | Ep. 29/100 - Step 75/273 (2.28 it/s) |#####               | - loss_cc=4.58 - loss_ce=2.139 - loss_ne=0.0207 - loss_div=0.00171 - threshold=0.616 - loss=6.742
/scratch/e0538389/DivClust/engine/trainer.py:41: FutureWarning: `torch.cuda.amp.autocast(args...)` is deprecated. Please use `torch.amp.autocast('cuda', args...)` instead.
  with autocast(self.mixed_precision):
[2026-03-30 11:08:26](logger.py 179): id=CC_FMNIST_C10CFG_K20_E100_DT_0_5 | Ep. 29/100 - Step 100/273 (2.29 it/s) |#######             | - loss_cc=4.582 - loss_ce=2.14 - loss_ne=0.0201 - loss_div=0.00167 - threshold=0.615 - loss=6.744
/scratch/e0538389/DivClust/engine/trainer.py:41: FutureWarning: `torch.cuda.amp.autocast(args...)` is deprecated. Please use `torch.amp.autocast('cuda', args...)` instead.
  with autocast(self.mixed_precision):
/scratch/e0538389/DivClust/engine/trainer.py:41: FutureWarning: `torch.cuda.amp.autocast(args...)` is deprecated. Please use `torch.amp.autocast('cuda', args...)` instead.
  with autocast(self.mixed_precision):
[2026-03-30 11:08:37](logger.py 179): id=CC_FMNIST_C10CFG_K20_E100_DT_0_5 | Ep. 29/100 - Step 125/273 (2.28 it/s) |#########           | - loss_cc=4.581 - loss_ce=2.139 - loss_ne=0.0197 - loss_div=0.00152 - threshold=0.616 - loss=6.742
/scratch/e0538389/DivClust/engine/trainer.py:41: FutureWarning: `torch.cuda.amp.autocast(args...)` is deprecated. Please use `torch.amp.autocast('cuda', args...)` instead.
  with autocast(self.mixed_precision):
[2026-03-30 11:08:48](logger.py 179): id=CC_FMNIST_C10CFG_K20_E100_DT_0_5 | Ep. 29/100 - Step 150/273 (2.29 it/s) |##########          | - loss_cc=4.58 - loss_ce=2.139 - loss_ne=0.0196 - loss_div=0.00186 - threshold=0.615 - loss=6.741
/scratch/e0538389/DivClust/engine/trainer.py:41: FutureWarning: `torch.cuda.amp.autocast(args...)` is deprecated. Please use `torch.amp.autocast('cuda', args...)` instead.
  with autocast(self.mixed_precision):
[2026-03-30 11:08:59](logger.py 179): id=CC_FMNIST_C10CFG_K20_E100_DT_0_5 | Ep. 29/100 - Step 175/273 (2.29 it/s) |############        | - loss_cc=4.581 - loss_ce=2.139 - loss_ne=0.0196 - loss_div=0.00183 - threshold=0.614 - loss=6.742
/scratch/e0538389/DivClust/engine/trainer.py:41: FutureWarning: `torch.cuda.amp.autocast(args...)` is deprecated. Please use `torch.amp.autocast('cuda', args...)` instead.
  with autocast(self.mixed_precision):
[2026-03-30 11:09:10](logger.py 179): id=CC_FMNIST_C10CFG_K20_E100_DT_0_5 | Ep. 29/100 - Step 200/273 (2.3 it/s) |##############      | - loss_cc=4.58 - loss_ce=2.139 - loss_ne=0.0194 - loss_div=0.0017 - threshold=0.615 - loss=6.74
/scratch/e0538389/DivClust/engine/trainer.py:41: FutureWarning: `torch.cuda.amp.autocast(args...)` is deprecated. Please use `torch.amp.autocast('cuda', args...)` instead.
  with autocast(self.mixed_precision):
/scratch/e0538389/DivClust/engine/trainer.py:41: FutureWarning: `torch.cuda.amp.autocast(args...)` is deprecated. Please use `torch.amp.autocast('cuda', args...)` instead.
  with autocast(self.mixed_precision):
[2026-03-30 11:09:21](logger.py 179): id=CC_FMNIST_C10CFG_K20_E100_DT_0_5 | Ep. 29/100 - Step 225/273 (2.29 it/s) |################    | - loss_cc=4.581 - loss_ce=2.14 - loss_ne=0.0194 - loss_div=0.00156 - threshold=0.616 - loss=6.742
/scratch/e0538389/DivClust/engine/trainer.py:41: FutureWarning: `torch.cuda.amp.autocast(args...)` is deprecated. Please use `torch.amp.autocast('cuda', args...)` instead.
  with autocast(self.mixed_precision):
[2026-03-30 11:09:32](logger.py 179): id=CC_FMNIST_C10CFG_K20_E100_DT_0_5 | Ep. 29/100 - Step 250/273 (2.29 it/s) |##################  | - loss_cc=4.581 - loss_ce=2.14 - loss_ne=0.0196 - loss_div=0.00144 - threshold=0.617 - loss=6.742
/scratch/e0538389/DivClust/engine/trainer.py:41: FutureWarning: `torch.cuda.amp.autocast(args...)` is deprecated. Please use `torch.amp.autocast('cuda', args...)` instead.
  with autocast(self.mixed_precision):
[2026-03-30 11:09:41](logger.py 179): id=CC_FMNIST_C10CFG_K20_E100_DT_0_5 | Ep. 29/100 | Time: 00:01 | loss_cc=4.581 - loss_ce=2.14 - loss_ne=0.0196 - loss_div=0.00138 - threshold=0.617 - loss=6.742
[2026-03-30 11:09:43](logger.py 179): id=CC_FMNIST_C10CFG_K20_E100_DT_0_5 | Ep. 30/100 - Step 0/273 (0.0 it/s) |                    | - loss_cc=4.568 - loss_ce=2.136 - loss_ne=0.012 - loss_div=0.0 - threshold=0.619 - loss=6.716
/scratch/e0538389/DivClust/engine/trainer.py:41: FutureWarning: `torch.cuda.amp.autocast(args...)` is deprecated. Please use `torch.amp.autocast('cuda', args...)` instead.
  with autocast(self.mixed_precision):
[2026-03-30 11:09:54](logger.py 179): id=CC_FMNIST_C10CFG_K20_E100_DT_0_5 | Ep. 30/100 - Step 25/273 (2.31 it/s) |#                   | - loss_cc=4.577 - loss_ce=2.138 - loss_ne=0.0195 - loss_div=0.00237 - threshold=0.615 - loss=6.736
/scratch/e0538389/DivClust/engine/trainer.py:41: FutureWarning: `torch.cuda.amp.autocast(args...)` is deprecated. Please use `torch.amp.autocast('cuda', args...)` instead.
  with autocast(self.mixed_precision):
[2026-03-30 11:10:05](logger.py 179): id=CC_FMNIST_C10CFG_K20_E100_DT_0_5 | Ep. 30/100 - Step 50/273 (2.27 it/s) |###                 | - loss_cc=4.578 - loss_ce=2.138 - loss_ne=0.02 - loss_div=0.00166 - threshold=0.616 - loss=6.738
/scratch/e0538389/DivClust/engine/trainer.py:41: FutureWarning: `torch.cuda.amp.autocast(args...)` is deprecated. Please use `torch.amp.autocast('cuda', args...)` instead.
  with autocast(self.mixed_precision):
/scratch/e0538389/DivClust/engine/trainer.py:41: FutureWarning: `torch.cuda.amp.autocast(args...)` is deprecated. Please use `torch.amp.autocast('cuda', args...)` instead.
  with autocast(self.mixed_precision):
[2026-03-30 11:10:16](logger.py 179): id=CC_FMNIST_C10CFG_K20_E100_DT_0_5 | Ep. 30/100 - Step 75/273 (2.29 it/s) |#####               | - loss_cc=4.579 - loss_ce=2.139 - loss_ne=0.0197 - loss_div=0.00121 - threshold=0.619 - loss=6.738
/scratch/e0538389/DivClust/engine/trainer.py:41: FutureWarning: `torch.cuda.amp.autocast(args...)` is deprecated. Please use `torch.amp.autocast('cuda', args...)` instead.
  with autocast(self.mixed_precision):
[2026-03-30 11:10:27](logger.py 179): id=CC_FMNIST_C10CFG_K20_E100_DT_0_5 | Ep. 30/100 - Step 100/273 (2.3 it/s) |#######             | - loss_cc=4.579 - loss_ce=2.138 - loss_ne=0.0202 - loss_div=0.00103 - threshold=0.622 - loss=6.738
/scratch/e0538389/DivClust/engine/trainer.py:41: FutureWarning: `torch.cuda.amp.autocast(args...)` is deprecated. Please use `torch.amp.autocast('cuda', args...)` instead.
  with autocast(self.mixed_precision):
[2026-03-30 11:10:37](logger.py 179): id=CC_FMNIST_C10CFG_K20_E100_DT_0_5 | Ep. 30/100 - Step 125/273 (2.3 it/s) |#########           | - loss_cc=4.579 - loss_ce=2.138 - loss_ne=0.0197 - loss_div=0.00112 - threshold=0.621 - loss=6.737
/scratch/e0538389/DivClust/engine/trainer.py:41: FutureWarning: `torch.cuda.amp.autocast(args...)` is deprecated. Please use `torch.amp.autocast('cuda', args...)` instead.
  with autocast(self.mixed_precision):
[2026-03-30 11:10:49](logger.py 179): id=CC_FMNIST_C10CFG_K20_E100_DT_0_5 | Ep. 30/100 - Step 150/273 (2.29 it/s) |##########          | - loss_cc=4.579 - loss_ce=2.138 - loss_ne=0.0201 - loss_div=0.0015 - threshold=0.62 - loss=6.738
/scratch/e0538389/DivClust/engine/trainer.py:41: FutureWarning: `torch.cuda.amp.autocast(args...)` is deprecated. Please use `torch.amp.autocast('cuda', args...)` instead.
  with autocast(self.mixed_precision):
/scratch/e0538389/DivClust/engine/trainer.py:41: FutureWarning: `torch.cuda.amp.autocast(args...)` is deprecated. Please use `torch.amp.autocast('cuda', args...)` instead.
  with autocast(self.mixed_precision):
[2026-03-30 11:10:59](logger.py 179): id=CC_FMNIST_C10CFG_K20_E100_DT_0_5 | Ep. 30/100 - Step 175/273 (2.3 it/s) |############        | - loss_cc=4.579 - loss_ce=2.138 - loss_ne=0.02 - loss_div=0.00162 - threshold=0.618 - loss=6.739
/scratch/e0538389/DivClust/engine/trainer.py:41: FutureWarning: `torch.cuda.amp.autocast(args...)` is deprecated. Please use `torch.amp.autocast('cuda', args...)` instead.
  with autocast(self.mixed_precision):
[2026-03-30 11:11:10](logger.py 179): id=CC_FMNIST_C10CFG_K20_E100_DT_0_5 | Ep. 30/100 - Step 200/273 (2.3 it/s) |##############      | - loss_cc=4.579 - loss_ce=2.138 - loss_ne=0.0201 - loss_div=0.00151 - threshold=0.618 - loss=6.739
/scratch/e0538389/DivClust/engine/trainer.py:41: FutureWarning: `torch.cuda.amp.autocast(args...)` is deprecated. Please use `torch.amp.autocast('cuda', args...)` instead.
  with autocast(self.mixed_precision):
[2026-03-30 11:11:21](logger.py 179): id=CC_FMNIST_C10CFG_K20_E100_DT_0_5 | Ep. 30/100 - Step 225/273 (2.3 it/s) |################    | - loss_cc=4.579 - loss_ce=2.138 - loss_ne=0.02 - loss_div=0.00138 - threshold=0.618 - loss=6.738
/scratch/e0538389/DivClust/engine/trainer.py:41: FutureWarning: `torch.cuda.amp.autocast(args...)` is deprecated. Please use `torch.amp.autocast('cuda', args...)` instead.
  with autocast(self.mixed_precision):
[2026-03-30 11:11:32](logger.py 179): id=CC_FMNIST_C10CFG_K20_E100_DT_0_5 | Ep. 30/100 - Step 250/273 (2.3 it/s) |##################  | - loss_cc=4.579 - loss_ce=2.138 - loss_ne=0.0197 - loss_div=0.00125 - threshold=0.619 - loss=6.738
/scratch/e0538389/DivClust/engine/trainer.py:41: FutureWarning: `torch.cuda.amp.autocast(args...)` is deprecated. Please use `torch.amp.autocast('cuda', args...)` instead.
  with autocast(self.mixed_precision):
/scratch/e0538389/DivClust/engine/trainer.py:41: FutureWarning: `torch.cuda.amp.autocast(args...)` is deprecated. Please use `torch.amp.autocast('cuda', args...)` instead.
  with autocast(self.mixed_precision):
[2026-03-30 11:11:42](logger.py 179): Evaluating
[2026-03-30 11:11:42](logger.py 179): Eval. step 0 of 274
[2026-03-30 11:11:44](logger.py 179): Eval. step 25 of 274
[2026-03-30 11:11:47](logger.py 179): Eval. step 50 of 274
[2026-03-30 11:11:49](logger.py 179): Eval. step 75 of 274
[2026-03-30 11:11:51](logger.py 179): Eval. step 100 of 274
[2026-03-30 11:11:54](logger.py 179): Eval. step 125 of 274
[2026-03-30 11:11:56](logger.py 179): Eval. step 150 of 274
[2026-03-30 11:11:58](logger.py 179): Eval. step 175 of 274
[2026-03-30 11:12:01](logger.py 179): Eval. step 200 of 274
[2026-03-30 11:12:03](logger.py 179): Eval. step 225 of 274
[2026-03-30 11:12:05](logger.py 179): Eval. step 250 of 274
[2026-03-30 11:12:10](logger.py 179): id=CC_FMNIST_C10CFG_K20_E100_DT_0_5 | Ep. 30/100 | Time: 00:02 | loss_cc=4.58 - loss_ce=2.138 - loss_ne=0.0197 - loss_div=0.00125 - threshold=0.62 - loss=6.739 - eval_confidence=0.885 - cluster_acc_0_eval=44.42 - cluster_nmi_0_eval=0.43 - cluster_ari_0_eval=0.281 - cluster_acc_1_eval=44.35 - cluster_nmi_1_eval=0.439 - cluster_ari_1_eval=0.29 - cluster_acc_2_eval=45.74 - cluster_nmi_2_eval=0.462 - cluster_ari_2_eval=0.311 - cluster_acc_3_eval=44.38 - cluster_nmi_3_eval=0.455 - cluster_ari_3_eval=0.28 - cluster_acc_4_eval=43.57 - cluster_nmi_4_eval=0.463 - cluster_ari_4_eval=0.285 - cluster_acc_5_eval=61.74 - cluster_nmi_5_eval=0.571 - cluster_ari_5_eval=0.453 - cluster_acc_6_eval=48.42 - cluster_nmi_6_eval=0.525 - cluster_ari_6_eval=0.37 - cluster_acc_7_eval=44.53 - cluster_nmi_7_eval=0.47 - cluster_ari_7_eval=0.299 - cluster_acc_8_eval=51.84 - cluster_nmi_8_eval=0.521 - cluster_ari_8_eval=0.371 - cluster_acc_9_eval=53.63 - cluster_nmi_9_eval=0.528 - cluster_ari_9_eval=0.391 - cluster_acc_10_eval=53.1 - cluster_nmi_10_eval=0.528 - cluster_ari_10_eval=0.345 - cluster_acc_11_eval=45.81 - cluster_nmi_11_eval=0.483 - cluster_ari_11_eval=0.312 - cluster_acc_12_eval=46.68 - cluster_nmi_12_eval=0.46 - cluster_ari_12_eval=0.296 - cluster_acc_13_eval=42.8 - cluster_nmi_13_eval=0.437 - cluster_ari_13_eval=0.271 - cluster_acc_14_eval=43.42 - cluster_nmi_14_eval=0.481 - cluster_ari_14_eval=0.311 - cluster_acc_15_eval=42.59 - cluster_nmi_15_eval=0.469 - cluster_ari_15_eval=0.287 - cluster_acc_16_eval=50.49 - cluster_nmi_16_eval=0.469 - cluster_ari_16_eval=0.32 - cluster_acc_17_eval=48.51 - cluster_nmi_17_eval=0.466 - cluster_ari_17_eval=0.319 - cluster_acc_18_eval=45.14 - cluster_nmi_18_eval=0.455 - cluster_ari_18_eval=0.294 - cluster_acc_19_eval=41.86 - cluster_nmi_19_eval=0.438 - cluster_ari_19_eval=0.279 - max_cluster_acc_eval=61.74 - mean_cluster_acc_eval=47.15 - min_cluster_acc_eval=41.86 - max_cluster_nmi_eval=0.571 - mean_cluster_nmi_eval=0.477 - min_cluster_nmi_eval=0.43 - max_cluster_ari_eval=0.453 - mean_cluster_ari_eval=0.318 - min_cluster_ari_eval=0.271 - interclustering_nmi_eval=0.494
/scratch/e0538389/DivClust/engine/trainer.py:41: FutureWarning: `torch.cuda.amp.autocast(args...)` is deprecated. Please use `torch.amp.autocast('cuda', args...)` instead.
  with autocast(self.mixed_precision):
[2026-03-30 11:12:12](logger.py 179): id=CC_FMNIST_C10CFG_K20_E100_DT_0_5 | Ep. 31/100 - Step 0/273 (0.0 it/s) |                    | - loss_cc=4.529 - loss_ce=2.117 - loss_ne=0.0282 - loss_div=0.00107 - threshold=0.618 - loss=6.675
/scratch/e0538389/DivClust/engine/trainer.py:41: FutureWarning: `torch.cuda.amp.autocast(args...)` is deprecated. Please use `torch.amp.autocast('cuda', args...)` instead.
  with autocast(self.mixed_precision):
[2026-03-30 11:12:22](logger.py 179): id=CC_FMNIST_C10CFG_K20_E100_DT_0_5 | Ep. 31/100 - Step 25/273 (2.32 it/s) |#                   | - loss_cc=4.574 - loss_ce=2.137 - loss_ne=0.0205 - loss_div=0.00277 - threshold=0.616 - loss=6.734
/scratch/e0538389/DivClust/engine/trainer.py:41: FutureWarning: `torch.cuda.amp.autocast(args...)` is deprecated. Please use `torch.amp.autocast('cuda', args...)` instead.
  with autocast(self.mixed_precision):
[2026-03-30 11:12:33](logger.py 179): id=CC_FMNIST_C10CFG_K20_E100_DT_0_5 | Ep. 31/100 - Step 50/273 (2.32 it/s) |###                 | - loss_cc=4.574 - loss_ce=2.137 - loss_ne=0.0204 - loss_div=0.00221 - threshold=0.616 - loss=6.733
/scratch/e0538389/DivClust/engine/trainer.py:41: FutureWarning: `torch.cuda.amp.autocast(args...)` is deprecated. Please use `torch.amp.autocast('cuda', args...)` instead.
  with autocast(self.mixed_precision):
[2026-03-30 11:12:44](logger.py 179): id=CC_FMNIST_C10CFG_K20_E100_DT_0_5 | Ep. 31/100 - Step 75/273 (2.32 it/s) |#####               | - loss_cc=4.575 - loss_ce=2.136 - loss_ne=0.0196 - loss_div=0.002 - threshold=0.615 - loss=6.733
/scratch/e0538389/DivClust/engine/trainer.py:41: FutureWarning: `torch.cuda.amp.autocast(args...)` is deprecated. Please use `torch.amp.autocast('cuda', args...)` instead.
  with autocast(self.mixed_precision):
/scratch/e0538389/DivClust/engine/trainer.py:41: FutureWarning: `torch.cuda.amp.autocast(args...)` is deprecated. Please use `torch.amp.autocast('cuda', args...)` instead.
  with autocast(self.mixed_precision):
[2026-03-30 11:12:55](logger.py 179): id=CC_FMNIST_C10CFG_K20_E100_DT_0_5 | Ep. 31/100 - Step 100/273 (2.29 it/s) |#######             | - loss_cc=4.574 - loss_ce=2.136 - loss_ne=0.0197 - loss_div=0.00169 - threshold=0.615 - loss=6.732
/scratch/e0538389/DivClust/engine/trainer.py:41: FutureWarning: `torch.cuda.amp.autocast(args...)` is deprecated. Please use `torch.amp.autocast('cuda', args...)` instead.
  with autocast(self.mixed_precision):
[2026-03-30 11:13:06](logger.py 179): id=CC_FMNIST_C10CFG_K20_E100_DT_0_5 | Ep. 31/100 - Step 125/273 (2.3 it/s) |#########           | - loss_cc=4.576 - loss_ce=2.137 - loss_ne=0.0193 - loss_div=0.00177 - threshold=0.614 - loss=6.733
/scratch/e0538389/DivClust/engine/trainer.py:41: FutureWarning: `torch.cuda.amp.autocast(args...)` is deprecated. Please use `torch.amp.autocast('cuda', args...)` instead.
  with autocast(self.mixed_precision):
[2026-03-30 11:13:17](logger.py 179): id=CC_FMNIST_C10CFG_K20_E100_DT_0_5 | Ep. 31/100 - Step 150/273 (2.3 it/s) |##########          | - loss_cc=4.577 - loss_ce=2.137 - loss_ne=0.0199 - loss_div=0.00195 - threshold=0.613 - loss=6.736
/scratch/e0538389/DivClust/engine/trainer.py:41: FutureWarning: `torch.cuda.amp.autocast(args...)` is deprecated. Please use `torch.amp.autocast('cuda', args...)` instead.
  with autocast(self.mixed_precision):
[2026-03-30 11:13:28](logger.py 179): id=CC_FMNIST_C10CFG_K20_E100_DT_0_5 | Ep. 31/100 - Step 175/273 (2.3 it/s) |############        | - loss_cc=4.577 - loss_ce=2.137 - loss_ne=0.0196 - loss_div=0.00179 - threshold=0.614 - loss=6.736
/scratch/e0538389/DivClust/engine/trainer.py:41: FutureWarning: `torch.cuda.amp.autocast(args...)` is deprecated. Please use `torch.amp.autocast('cuda', args...)` instead.
  with autocast(self.mixed_precision):
/scratch/e0538389/DivClust/engine/trainer.py:41: FutureWarning: `torch.cuda.amp.autocast(args...)` is deprecated. Please use `torch.amp.autocast('cuda', args...)` instead.
  with autocast(self.mixed_precision):
[2026-03-30 11:13:39](logger.py 179): id=CC_FMNIST_C10CFG_K20_E100_DT_0_5 | Ep. 31/100 - Step 200/273 (2.3 it/s) |##############      | - loss_cc=4.578 - loss_ce=2.138 - loss_ne=0.0194 - loss_div=0.00159 - threshold=0.615 - loss=6.736
/scratch/e0538389/DivClust/engine/trainer.py:41: FutureWarning: `torch.cuda.amp.autocast(args...)` is deprecated. Please use `torch.amp.autocast('cuda', args...)` instead.
  with autocast(self.mixed_precision):
[2026-03-30 11:13:49](logger.py 179): id=CC_FMNIST_C10CFG_K20_E100_DT_0_5 | Ep. 31/100 - Step 225/273 (2.3 it/s) |################    | - loss_cc=4.577 - loss_ce=2.137 - loss_ne=0.0194 - loss_div=0.00156 - threshold=0.615 - loss=6.735
/scratch/e0538389/DivClust/engine/trainer.py:41: FutureWarning: `torch.cuda.amp.autocast(args...)` is deprecated. Please use `torch.amp.autocast('cuda', args...)` instead.
  with autocast(self.mixed_precision):
[2026-03-30 11:14:00](logger.py 179): id=CC_FMNIST_C10CFG_K20_E100_DT_0_5 | Ep. 31/100 - Step 250/273 (2.3 it/s) |##################  | - loss_cc=4.577 - loss_ce=2.137 - loss_ne=0.0194 - loss_div=0.00169 - threshold=0.614 - loss=6.735
/scratch/e0538389/DivClust/engine/trainer.py:41: FutureWarning: `torch.cuda.amp.autocast(args...)` is deprecated. Please use `torch.amp.autocast('cuda', args...)` instead.
  with autocast(self.mixed_precision):
[2026-03-30 11:14:10](logger.py 179): id=CC_FMNIST_C10CFG_K20_E100_DT_0_5 | Ep. 31/100 | Time: 00:01 | loss_cc=4.577 - loss_ce=2.137 - loss_ne=0.0194 - loss_div=0.00166 - threshold=0.614 - loss=6.735
[2026-03-30 11:14:12](logger.py 179): id=CC_FMNIST_C10CFG_K20_E100_DT_0_5 | Ep. 32/100 - Step 0/273 (0.0 it/s) |                    | - loss_cc=4.597 - loss_ce=2.155 - loss_ne=0.0195 - loss_div=0.0 - threshold=0.612 - loss=6.772
/scratch/e0538389/DivClust/engine/trainer.py:41: FutureWarning: `torch.cuda.amp.autocast(args...)` is deprecated. Please use `torch.amp.autocast('cuda', args...)` instead.
  with autocast(self.mixed_precision):
/scratch/e0538389/DivClust/engine/trainer.py:41: FutureWarning: `torch.cuda.amp.autocast(args...)` is deprecated. Please use `torch.amp.autocast('cuda', args...)` instead.
  with autocast(self.mixed_precision):
[2026-03-30 11:14:23](logger.py 179): id=CC_FMNIST_C10CFG_K20_E100_DT_0_5 | Ep. 32/100 - Step 25/273 (2.32 it/s) |#                   | - loss_cc=4.571 - loss_ce=2.135 - loss_ne=0.0178 - loss_div=0.000301 - threshold=0.617 - loss=6.724
/scratch/e0538389/DivClust/engine/trainer.py:41: FutureWarning: `torch.cuda.amp.autocast(args...)` is deprecated. Please use `torch.amp.autocast('cuda', args...)` instead.
  with autocast(self.mixed_precision):
[2026-03-30 11:14:34](logger.py 179): id=CC_FMNIST_C10CFG_K20_E100_DT_0_5 | Ep. 32/100 - Step 50/273 (2.35 it/s) |###                 | - loss_cc=4.572 - loss_ce=2.136 - loss_ne=0.0179 - loss_div=0.000701 - threshold=0.62 - loss=6.727
/scratch/e0538389/DivClust/engine/trainer.py:41: FutureWarning: `torch.cuda.amp.autocast(args...)` is deprecated. Please use `torch.amp.autocast('cuda', args...)` instead.
  with autocast(self.mixed_precision):
[2026-03-30 11:14:44](logger.py 179): id=CC_FMNIST_C10CFG_K20_E100_DT_0_5 | Ep. 32/100 - Step 75/273 (2.36 it/s) |#####               | - loss_cc=4.571 - loss_ce=2.135 - loss_ne=0.0188 - loss_div=0.000743 - threshold=0.62 - loss=6.726
/scratch/e0538389/DivClust/engine/trainer.py:41: FutureWarning: `torch.cuda.amp.autocast(args...)` is deprecated. Please use `torch.amp.autocast('cuda', args...)` instead.
  with autocast(self.mixed_precision):
[2026-03-30 11:14:55](logger.py 179): id=CC_FMNIST_C10CFG_K20_E100_DT_0_5 | Ep. 32/100 - Step 100/273 (2.35 it/s) |#######             | - loss_cc=4.572 - loss_ce=2.135 - loss_ne=0.0187 - loss_div=0.000887 - threshold=0.62 - loss=6.726
/scratch/e0538389/DivClust/engine/trainer.py:41: FutureWarning: `torch.cuda.amp.autocast(args...)` is deprecated. Please use `torch.amp.autocast('cuda', args...)` instead.
  with autocast(self.mixed_precision):
/scratch/e0538389/DivClust/engine/trainer.py:41: FutureWarning: `torch.cuda.amp.autocast(args...)` is deprecated. Please use `torch.amp.autocast('cuda', args...)` instead.
  with autocast(self.mixed_precision):
[2026-03-30 11:15:06](logger.py 179): id=CC_FMNIST_C10CFG_K20_E100_DT_0_5 | Ep. 32/100 - Step 125/273 (2.33 it/s) |#########           | - loss_cc=4.571 - loss_ce=2.135 - loss_ne=0.0187 - loss_div=0.00107 - threshold=0.618 - loss=6.726
/scratch/e0538389/DivClust/engine/trainer.py:41: FutureWarning: `torch.cuda.amp.autocast(args...)` is deprecated. Please use `torch.amp.autocast('cuda', args...)` instead.
  with autocast(self.mixed_precision):
[2026-03-30 11:15:17](logger.py 179): id=CC_FMNIST_C10CFG_K20_E100_DT_0_5 | Ep. 32/100 - Step 150/273 (2.33 it/s) |##########          | - loss_cc=4.571 - loss_ce=2.135 - loss_ne=0.0191 - loss_div=0.00143 - threshold=0.616 - loss=6.726
/scratch/e0538389/DivClust/engine/trainer.py:41: FutureWarning: `torch.cuda.amp.autocast(args...)` is deprecated. Please use `torch.amp.autocast('cuda', args...)` instead.
  with autocast(self.mixed_precision):
[2026-03-30 11:15:28](logger.py 179): id=CC_FMNIST_C10CFG_K20_E100_DT_0_5 | Ep. 32/100 - Step 175/273 (2.33 it/s) |############        | - loss_cc=4.57 - loss_ce=2.135 - loss_ne=0.0191 - loss_div=0.00133 - threshold=0.616 - loss=6.725
/scratch/e0538389/DivClust/engine/trainer.py:41: FutureWarning: `torch.cuda.amp.autocast(args...)` is deprecated. Please use `torch.amp.autocast('cuda', args...)` instead.
  with autocast(self.mixed_precision):
[2026-03-30 11:15:38](logger.py 179): id=CC_FMNIST_C10CFG_K20_E100_DT_0_5 | Ep. 32/100 - Step 200/273 (2.33 it/s) |##############      | - loss_cc=4.571 - loss_ce=2.135 - loss_ne=0.0189 - loss_div=0.00121 - threshold=0.617 - loss=6.725
/scratch/e0538389/DivClust/engine/trainer.py:41: FutureWarning: `torch.cuda.amp.autocast(args...)` is deprecated. Please use `torch.amp.autocast('cuda', args...)` instead.
  with autocast(self.mixed_precision):
/scratch/e0538389/DivClust/engine/trainer.py:41: FutureWarning: `torch.cuda.amp.autocast(args...)` is deprecated. Please use `torch.amp.autocast('cuda', args...)` instead.
  with autocast(self.mixed_precision):
[2026-03-30 11:15:50](logger.py 179): id=CC_FMNIST_C10CFG_K20_E100_DT_0_5 | Ep. 32/100 - Step 225/273 (2.32 it/s) |################    | - loss_cc=4.571 - loss_ce=2.135 - loss_ne=0.0187 - loss_div=0.00116 - threshold=0.617 - loss=6.726
/scratch/e0538389/DivClust/engine/trainer.py:41: FutureWarning: `torch.cuda.amp.autocast(args...)` is deprecated. Please use `torch.amp.autocast('cuda', args...)` instead.
  with autocast(self.mixed_precision):
[2026-03-30 11:16:00](logger.py 179): id=CC_FMNIST_C10CFG_K20_E100_DT_0_5 | Ep. 32/100 - Step 250/273 (2.32 it/s) |##################  | - loss_cc=4.572 - loss_ce=2.135 - loss_ne=0.0188 - loss_div=0.00137 - threshold=0.616 - loss=6.727
/scratch/e0538389/DivClust/engine/trainer.py:41: FutureWarning: `torch.cuda.amp.autocast(args...)` is deprecated. Please use `torch.amp.autocast('cuda', args...)` instead.
  with autocast(self.mixed_precision):
[2026-03-30 11:16:10](logger.py 179): id=CC_FMNIST_C10CFG_K20_E100_DT_0_5 | Ep. 32/100 | Time: 00:01 | loss_cc=4.572 - loss_ce=2.135 - loss_ne=0.0188 - loss_div=0.00139 - threshold=0.615 - loss=6.728
[2026-03-30 11:16:12](logger.py 179): id=CC_FMNIST_C10CFG_K20_E100_DT_0_5 | Ep. 33/100 - Step 0/273 (0.0 it/s) |                    | - loss_cc=4.6 - loss_ce=2.149 - loss_ne=0.0176 - loss_div=0.00023 - threshold=0.611 - loss=6.767
/scratch/e0538389/DivClust/engine/trainer.py:41: FutureWarning: `torch.cuda.amp.autocast(args...)` is deprecated. Please use `torch.amp.autocast('cuda', args...)` instead.
  with autocast(self.mixed_precision):
[2026-03-30 11:16:23](logger.py 179): id=CC_FMNIST_C10CFG_K20_E100_DT_0_5 | Ep. 33/100 - Step 25/273 (2.32 it/s) |#                   | - loss_cc=4.573 - loss_ce=2.137 - loss_ne=0.017 - loss_div=0.000556 - threshold=0.615 - loss=6.727
/scratch/e0538389/DivClust/engine/trainer.py:41: FutureWarning: `torch.cuda.amp.autocast(args...)` is deprecated. Please use `torch.amp.autocast('cuda', args...)` instead.
  with autocast(self.mixed_precision):
[2026-03-30 11:16:34](logger.py 179): id=CC_FMNIST_C10CFG_K20_E100_DT_0_5 | Ep. 33/100 - Step 50/273 (2.32 it/s) |###                 | - loss_cc=4.571 - loss_ce=2.136 - loss_ne=0.0182 - loss_div=0.0014 - threshold=0.613 - loss=6.727
/scratch/e0538389/DivClust/engine/trainer.py:41: FutureWarning: `torch.cuda.amp.autocast(args...)` is deprecated. Please use `torch.amp.autocast('cuda', args...)` instead.
  with autocast(self.mixed_precision):
/scratch/e0538389/DivClust/engine/trainer.py:41: FutureWarning: `torch.cuda.amp.autocast(args...)` is deprecated. Please use `torch.amp.autocast('cuda', args...)` instead.
  with autocast(self.mixed_precision):
[2026-03-30 11:16:45](logger.py 179): id=CC_FMNIST_C10CFG_K20_E100_DT_0_5 | Ep. 33/100 - Step 75/273 (2.29 it/s) |#####               | - loss_cc=4.572 - loss_ce=2.136 - loss_ne=0.0188 - loss_div=0.00153 - threshold=0.611 - loss=6.729
/scratch/e0538389/DivClust/engine/trainer.py:41: FutureWarning: `torch.cuda.amp.autocast(args...)` is deprecated. Please use `torch.amp.autocast('cuda', args...)` instead.
  with autocast(self.mixed_precision):
[2026-03-30 11:16:56](logger.py 179): id=CC_FMNIST_C10CFG_K20_E100_DT_0_5 | Ep. 33/100 - Step 100/273 (2.3 it/s) |#######             | - loss_cc=4.573 - loss_ce=2.136 - loss_ne=0.0187 - loss_div=0.0013 - threshold=0.612 - loss=6.729
/scratch/e0538389/DivClust/engine/trainer.py:41: FutureWarning: `torch.cuda.amp.autocast(args...)` is deprecated. Please use `torch.amp.autocast('cuda', args...)` instead.
  with autocast(self.mixed_precision):
[2026-03-30 11:17:06](logger.py 179): id=CC_FMNIST_C10CFG_K20_E100_DT_0_5 | Ep. 33/100 - Step 125/273 (2.3 it/s) |#########           | - loss_cc=4.573 - loss_ce=2.136 - loss_ne=0.0187 - loss_div=0.00111 - threshold=0.613 - loss=6.729
/scratch/e0538389/DivClust/engine/trainer.py:41: FutureWarning: `torch.cuda.amp.autocast(args...)` is deprecated. Please use `torch.amp.autocast('cuda', args...)` instead.
  with autocast(self.mixed_precision):
[2026-03-30 11:17:17](logger.py 179): id=CC_FMNIST_C10CFG_K20_E100_DT_0_5 | Ep. 33/100 - Step 150/273 (2.31 it/s) |##########          | - loss_cc=4.572 - loss_ce=2.136 - loss_ne=0.0184 - loss_div=0.00116 - threshold=0.614 - loss=6.727
/scratch/e0538389/DivClust/engine/trainer.py:41: FutureWarning: `torch.cuda.amp.autocast(args...)` is deprecated. Please use `torch.amp.autocast('cuda', args...)` instead.
  with autocast(self.mixed_precision):
/scratch/e0538389/DivClust/engine/trainer.py:41: FutureWarning: `torch.cuda.amp.autocast(args...)` is deprecated. Please use `torch.amp.autocast('cuda', args...)` instead.
  with autocast(self.mixed_precision):
[2026-03-30 11:17:28](logger.py 179): id=CC_FMNIST_C10CFG_K20_E100_DT_0_5 | Ep. 33/100 - Step 175/273 (2.29 it/s) |############        | - loss_cc=4.572 - loss_ce=2.136 - loss_ne=0.0185 - loss_div=0.00121 - threshold=0.614 - loss=6.728
/scratch/e0538389/DivClust/engine/trainer.py:41: FutureWarning: `torch.cuda.amp.autocast(args...)` is deprecated. Please use `torch.amp.autocast('cuda', args...)` instead.
  with autocast(self.mixed_precision):
[2026-03-30 11:17:39](logger.py 179): id=CC_FMNIST_C10CFG_K20_E100_DT_0_5 | Ep. 33/100 - Step 200/273 (2.3 it/s) |##############      | - loss_cc=4.573 - loss_ce=2.136 - loss_ne=0.0187 - loss_div=0.0012 - threshold=0.614 - loss=6.729
/scratch/e0538389/DivClust/engine/trainer.py:41: FutureWarning: `torch.cuda.amp.autocast(args...)` is deprecated. Please use `torch.amp.autocast('cuda', args...)` instead.
  with autocast(self.mixed_precision):
[2026-03-30 11:17:50](logger.py 179): id=CC_FMNIST_C10CFG_K20_E100_DT_0_5 | Ep. 33/100 - Step 225/273 (2.3 it/s) |################    | - loss_cc=4.574 - loss_ce=2.136 - loss_ne=0.0189 - loss_div=0.0013 - threshold=0.613 - loss=6.73
/scratch/e0538389/DivClust/engine/trainer.py:41: FutureWarning: `torch.cuda.amp.autocast(args...)` is deprecated. Please use `torch.amp.autocast('cuda', args...)` instead.
  with autocast(self.mixed_precision):
[2026-03-30 11:18:01](logger.py 179): id=CC_FMNIST_C10CFG_K20_E100_DT_0_5 | Ep. 33/100 - Step 250/273 (2.3 it/s) |##################  | - loss_cc=4.574 - loss_ce=2.136 - loss_ne=0.0191 - loss_div=0.00132 - threshold=0.613 - loss=6.731
/scratch/e0538389/DivClust/engine/trainer.py:41: FutureWarning: `torch.cuda.amp.autocast(args...)` is deprecated. Please use `torch.amp.autocast('cuda', args...)` instead.
  with autocast(self.mixed_precision):
/scratch/e0538389/DivClust/engine/trainer.py:41: FutureWarning: `torch.cuda.amp.autocast(args...)` is deprecated. Please use `torch.amp.autocast('cuda', args...)` instead.
  with autocast(self.mixed_precision):
[2026-03-30 11:18:10](logger.py 179): id=CC_FMNIST_C10CFG_K20_E100_DT_0_5 | Ep. 33/100 | Time: 00:01 | loss_cc=4.574 - loss_ce=2.136 - loss_ne=0.019 - loss_div=0.00124 - threshold=0.613 - loss=6.73
[2026-03-30 11:18:13](logger.py 179): id=CC_FMNIST_C10CFG_K20_E100_DT_0_5 | Ep. 34/100 - Step 0/273 (0.0 it/s) |                    | - loss_cc=4.525 - loss_ce=2.118 - loss_ne=0.0105 - loss_div=0.000222 - threshold=0.623 - loss=6.653
/scratch/e0538389/DivClust/engine/trainer.py:41: FutureWarning: `torch.cuda.amp.autocast(args...)` is deprecated. Please use `torch.amp.autocast('cuda', args...)` instead.
  with autocast(self.mixed_precision):
[2026-03-30 11:18:24](logger.py 179): id=CC_FMNIST_C10CFG_K20_E100_DT_0_5 | Ep. 34/100 - Step 25/273 (2.31 it/s) |#                   | - loss_cc=4.562 - loss_ce=2.13 - loss_ne=0.0173 - loss_div=0.000265 - threshold=0.621 - loss=6.709
/scratch/e0538389/DivClust/engine/trainer.py:41: FutureWarning: `torch.cuda.amp.autocast(args...)` is deprecated. Please use `torch.amp.autocast('cuda', args...)` instead.
  with autocast(self.mixed_precision):
[2026-03-30 11:18:34](logger.py 179): id=CC_FMNIST_C10CFG_K20_E100_DT_0_5 | Ep. 34/100 - Step 50/273 (2.34 it/s) |###                 | - loss_cc=4.566 - loss_ce=2.132 - loss_ne=0.019 - loss_div=0.0013 - threshold=0.617 - loss=6.718
/scratch/e0538389/DivClust/engine/trainer.py:41: FutureWarning: `torch.cuda.amp.autocast(args...)` is deprecated. Please use `torch.amp.autocast('cuda', args...)` instead.
  with autocast(self.mixed_precision):
[2026-03-30 11:18:45](logger.py 179): id=CC_FMNIST_C10CFG_K20_E100_DT_0_5 | Ep. 34/100 - Step 75/273 (2.34 it/s) |#####               | - loss_cc=4.565 - loss_ce=2.132 - loss_ne=0.0188 - loss_div=0.00119 - threshold=0.617 - loss=6.716
/scratch/e0538389/DivClust/engine/trainer.py:41: FutureWarning: `torch.cuda.amp.autocast(args...)` is deprecated. Please use `torch.amp.autocast('cuda', args...)` instead.
  with autocast(self.mixed_precision):
/scratch/e0538389/DivClust/engine/trainer.py:41: FutureWarning: `torch.cuda.amp.autocast(args...)` is deprecated. Please use `torch.amp.autocast('cuda', args...)` instead.
  with autocast(self.mixed_precision):
[2026-03-30 11:18:56](logger.py 179): id=CC_FMNIST_C10CFG_K20_E100_DT_0_5 | Ep. 34/100 - Step 100/273 (2.31 it/s) |#######             | - loss_cc=4.566 - loss_ce=2.133 - loss_ne=0.019 - loss_div=0.00104 - threshold=0.618 - loss=6.719
/scratch/e0538389/DivClust/engine/trainer.py:41: FutureWarning: `torch.cuda.amp.autocast(args...)` is deprecated. Please use `torch.amp.autocast('cuda', args...)` instead.
  with autocast(self.mixed_precision):
[2026-03-30 11:19:07](logger.py 179): id=CC_FMNIST_C10CFG_K20_E100_DT_0_5 | Ep. 34/100 - Step 125/273 (2.31 it/s) |#########           | - loss_cc=4.568 - loss_ce=2.133 - loss_ne=0.0187 - loss_div=0.00113 - threshold=0.617 - loss=6.722
/scratch/e0538389/DivClust/engine/trainer.py:41: FutureWarning: `torch.cuda.amp.autocast(args...)` is deprecated. Please use `torch.amp.autocast('cuda', args...)` instead.
  with autocast(self.mixed_precision):
[2026-03-30 11:19:18](logger.py 179): id=CC_FMNIST_C10CFG_K20_E100_DT_0_5 | Ep. 34/100 - Step 150/273 (2.31 it/s) |##########          | - loss_cc=4.568 - loss_ce=2.133 - loss_ne=0.0188 - loss_div=0.00137 - threshold=0.616 - loss=6.722
/scratch/e0538389/DivClust/engine/trainer.py:41: FutureWarning: `torch.cuda.amp.autocast(args...)` is deprecated. Please use `torch.amp.autocast('cuda', args...)` instead.
  with autocast(self.mixed_precision):
[2026-03-30 11:19:28](logger.py 179): id=CC_FMNIST_C10CFG_K20_E100_DT_0_5 | Ep. 34/100 - Step 175/273 (2.31 it/s) |############        | - loss_cc=4.568 - loss_ce=2.133 - loss_ne=0.0192 - loss_div=0.00135 - threshold=0.615 - loss=6.722
/scratch/e0538389/DivClust/engine/trainer.py:41: FutureWarning: `torch.cuda.amp.autocast(args...)` is deprecated. Please use `torch.amp.autocast('cuda', args...)` instead.
  with autocast(self.mixed_precision):
/scratch/e0538389/DivClust/engine/trainer.py:41: FutureWarning: `torch.cuda.amp.autocast(args...)` is deprecated. Please use `torch.amp.autocast('cuda', args...)` instead.
  with autocast(self.mixed_precision):
[2026-03-30 11:19:40](logger.py 179): id=CC_FMNIST_C10CFG_K20_E100_DT_0_5 | Ep. 34/100 - Step 200/273 (2.3 it/s) |##############      | - loss_cc=4.569 - loss_ce=2.134 - loss_ne=0.0194 - loss_div=0.00129 - threshold=0.615 - loss=6.723
/scratch/e0538389/DivClust/engine/trainer.py:41: FutureWarning: `torch.cuda.amp.autocast(args...)` is deprecated. Please use `torch.amp.autocast('cuda', args...)` instead.
  with autocast(self.mixed_precision):
[2026-03-30 11:19:50](logger.py 179): id=CC_FMNIST_C10CFG_K20_E100_DT_0_5 | Ep. 34/100 - Step 225/273 (2.3 it/s) |################    | - loss_cc=4.569 - loss_ce=2.134 - loss_ne=0.0194 - loss_div=0.00121 - threshold=0.616 - loss=6.724
/scratch/e0538389/DivClust/engine/trainer.py:41: FutureWarning: `torch.cuda.amp.autocast(args...)` is deprecated. Please use `torch.amp.autocast('cuda', args...)` instead.
  with autocast(self.mixed_precision):
[2026-03-30 11:20:01](logger.py 179): id=CC_FMNIST_C10CFG_K20_E100_DT_0_5 | Ep. 34/100 - Step 250/273 (2.31 it/s) |##################  | - loss_cc=4.57 - loss_ce=2.134 - loss_ne=0.0193 - loss_div=0.00113 - threshold=0.616 - loss=6.724
/scratch/e0538389/DivClust/engine/trainer.py:41: FutureWarning: `torch.cuda.amp.autocast(args...)` is deprecated. Please use `torch.amp.autocast('cuda', args...)` instead.
  with autocast(self.mixed_precision):
[2026-03-30 11:20:11](logger.py 179): id=CC_FMNIST_C10CFG_K20_E100_DT_0_5 | Ep. 34/100 | Time: 00:01 | loss_cc=4.57 - loss_ce=2.134 - loss_ne=0.0193 - loss_div=0.00112 - threshold=0.616 - loss=6.724
[2026-03-30 11:20:13](logger.py 179): id=CC_FMNIST_C10CFG_K20_E100_DT_0_5 | Ep. 35/100 - Step 0/273 (0.0 it/s) |                    | - loss_cc=4.571 - loss_ce=2.133 - loss_ne=0.0157 - loss_div=0.000185 - threshold=0.616 - loss=6.72
/scratch/e0538389/DivClust/engine/trainer.py:41: FutureWarning: `torch.cuda.amp.autocast(args...)` is deprecated. Please use `torch.amp.autocast('cuda', args...)` instead.
  with autocast(self.mixed_precision):
[2026-03-30 11:20:24](logger.py 179): id=CC_FMNIST_C10CFG_K20_E100_DT_0_5 | Ep. 35/100 - Step 25/273 (2.23 it/s) |#                   | - loss_cc=4.56 - loss_ce=2.13 - loss_ne=0.0182 - loss_div=0.00194 - threshold=0.611 - loss=6.711
/scratch/e0538389/DivClust/engine/trainer.py:41: FutureWarning: `torch.cuda.amp.autocast(args...)` is deprecated. Please use `torch.amp.autocast('cuda', args...)` instead.
  with autocast(self.mixed_precision):
/scratch/e0538389/DivClust/engine/trainer.py:41: FutureWarning: `torch.cuda.amp.autocast(args...)` is deprecated. Please use `torch.amp.autocast('cuda', args...)` instead.
  with autocast(self.mixed_precision):
[2026-03-30 11:20:35](logger.py 179): id=CC_FMNIST_C10CFG_K20_E100_DT_0_5 | Ep. 35/100 - Step 50/273 (2.27 it/s) |###                 | - loss_cc=4.562 - loss_ce=2.131 - loss_ne=0.0188 - loss_div=0.00219 - threshold=0.608 - loss=6.714
/scratch/e0538389/DivClust/engine/trainer.py:41: FutureWarning: `torch.cuda.amp.autocast(args...)` is deprecated. Please use `torch.amp.autocast('cuda', args...)` instead.
  with autocast(self.mixed_precision):
[2026-03-30 11:20:46](logger.py 179): id=CC_FMNIST_C10CFG_K20_E100_DT_0_5 | Ep. 35/100 - Step 75/273 (2.29 it/s) |#####               | - loss_cc=4.562 - loss_ce=2.132 - loss_ne=0.0183 - loss_div=0.00174 - threshold=0.61 - loss=6.714
/scratch/e0538389/DivClust/engine/trainer.py:41: FutureWarning: `torch.cuda.amp.autocast(args...)` is deprecated. Please use `torch.amp.autocast('cuda', args...)` instead.
  with autocast(self.mixed_precision):
[2026-03-30 11:20:57](logger.py 179): id=CC_FMNIST_C10CFG_K20_E100_DT_0_5 | Ep. 35/100 - Step 100/273 (2.3 it/s) |#######             | - loss_cc=4.564 - loss_ce=2.133 - loss_ne=0.0187 - loss_div=0.00167 - threshold=0.611 - loss=6.717
/scratch/e0538389/DivClust/engine/trainer.py:41: FutureWarning: `torch.cuda.amp.autocast(args...)` is deprecated. Please use `torch.amp.autocast('cuda', args...)` instead.
  with autocast(self.mixed_precision):
[2026-03-30 11:21:08](logger.py 179): id=CC_FMNIST_C10CFG_K20_E100_DT_0_5 | Ep. 35/100 - Step 125/273 (2.28 it/s) |#########           | - loss_cc=4.565 - loss_ce=2.133 - loss_ne=0.0188 - loss_div=0.00148 - threshold=0.612 - loss=6.719
/scratch/e0538389/DivClust/engine/trainer.py:41: FutureWarning: `torch.cuda.amp.autocast(args...)` is deprecated. Please use `torch.amp.autocast('cuda', args...)` instead.
  with autocast(self.mixed_precision):
/scratch/e0538389/DivClust/engine/trainer.py:41: FutureWarning: `torch.cuda.amp.autocast(args...)` is deprecated. Please use `torch.amp.autocast('cuda', args...)` instead.
  with autocast(self.mixed_precision):
[2026-03-30 11:21:19](logger.py 179): id=CC_FMNIST_C10CFG_K20_E100_DT_0_5 | Ep. 35/100 - Step 150/273 (2.29 it/s) |##########          | - loss_cc=4.567 - loss_ce=2.134 - loss_ne=0.0186 - loss_div=0.00133 - threshold=0.613 - loss=6.72
/scratch/e0538389/DivClust/engine/trainer.py:41: FutureWarning: `torch.cuda.amp.autocast(args...)` is deprecated. Please use `torch.amp.autocast('cuda', args...)` instead.
  with autocast(self.mixed_precision):
[2026-03-30 11:21:29](logger.py 179): id=CC_FMNIST_C10CFG_K20_E100_DT_0_5 | Ep. 35/100 - Step 175/273 (2.3 it/s) |############        | - loss_cc=4.568 - loss_ce=2.134 - loss_ne=0.0186 - loss_div=0.00131 - threshold=0.613 - loss=6.722
/scratch/e0538389/DivClust/engine/trainer.py:41: FutureWarning: `torch.cuda.amp.autocast(args...)` is deprecated. Please use `torch.amp.autocast('cuda', args...)` instead.
  with autocast(self.mixed_precision):
[2026-03-30 11:21:40](logger.py 179): id=CC_FMNIST_C10CFG_K20_E100_DT_0_5 | Ep. 35/100 - Step 200/273 (2.3 it/s) |##############      | - loss_cc=4.568 - loss_ce=2.134 - loss_ne=0.0186 - loss_div=0.00154 - threshold=0.612 - loss=6.722
/scratch/e0538389/DivClust/engine/trainer.py:41: FutureWarning: `torch.cuda.amp.autocast(args...)` is deprecated. Please use `torch.amp.autocast('cuda', args...)` instead.
  with autocast(self.mixed_precision):
[2026-03-30 11:21:51](logger.py 179): id=CC_FMNIST_C10CFG_K20_E100_DT_0_5 | Ep. 35/100 - Step 225/273 (2.29 it/s) |################    | - loss_cc=4.567 - loss_ce=2.134 - loss_ne=0.0186 - loss_div=0.0015 - threshold=0.612 - loss=6.722
/scratch/e0538389/DivClust/engine/trainer.py:41: FutureWarning: `torch.cuda.amp.autocast(args...)` is deprecated. Please use `torch.amp.autocast('cuda', args...)` instead.
  with autocast(self.mixed_precision):
/scratch/e0538389/DivClust/engine/trainer.py:41: FutureWarning: `torch.cuda.amp.autocast(args...)` is deprecated. Please use `torch.amp.autocast('cuda', args...)` instead.
  with autocast(self.mixed_precision):
[2026-03-30 11:22:02](logger.py 179): id=CC_FMNIST_C10CFG_K20_E100_DT_0_5 | Ep. 35/100 - Step 250/273 (2.29 it/s) |##################  | - loss_cc=4.567 - loss_ce=2.134 - loss_ne=0.0186 - loss_div=0.00141 - threshold=0.612 - loss=6.721
/scratch/e0538389/DivClust/engine/trainer.py:41: FutureWarning: `torch.cuda.amp.autocast(args...)` is deprecated. Please use `torch.amp.autocast('cuda', args...)` instead.
  with autocast(self.mixed_precision):
[2026-03-30 11:22:12](logger.py 179): id=CC_FMNIST_C10CFG_K20_E100_DT_0_5 | Ep. 35/100 | Time: 00:01 | loss_cc=4.567 - loss_ce=2.134 - loss_ne=0.0185 - loss_div=0.00135 - threshold=0.613 - loss=6.721
[2026-03-30 11:22:14](logger.py 179): id=CC_FMNIST_C10CFG_K20_E100_DT_0_5 | Ep. 36/100 - Step 0/273 (0.0 it/s) |                    | - loss_cc=4.539 - loss_ce=2.12 - loss_ne=0.0125 - loss_div=0.0 - threshold=0.616 - loss=6.672
/scratch/e0538389/DivClust/engine/trainer.py:41: FutureWarning: `torch.cuda.amp.autocast(args...)` is deprecated. Please use `torch.amp.autocast('cuda', args...)` instead.
  with autocast(self.mixed_precision):
[2026-03-30 11:22:25](logger.py 179): id=CC_FMNIST_C10CFG_K20_E100_DT_0_5 | Ep. 36/100 - Step 25/273 (2.39 it/s) |#                   | - loss_cc=4.566 - loss_ce=2.132 - loss_ne=0.0184 - loss_div=0.000968 - threshold=0.619 - loss=6.717
/scratch/e0538389/DivClust/engine/trainer.py:41: FutureWarning: `torch.cuda.amp.autocast(args...)` is deprecated. Please use `torch.amp.autocast('cuda', args...)` instead.
  with autocast(self.mixed_precision):
[2026-03-30 11:22:35](logger.py 179): id=CC_FMNIST_C10CFG_K20_E100_DT_0_5 | Ep. 36/100 - Step 50/273 (2.38 it/s) |###                 | - loss_cc=4.57 - loss_ce=2.135 - loss_ne=0.018 - loss_div=0.000827 - threshold=0.618 - loss=6.723
/scratch/e0538389/DivClust/engine/trainer.py:41: FutureWarning: `torch.cuda.amp.autocast(args...)` is deprecated. Please use `torch.amp.autocast('cuda', args...)` instead.
  with autocast(self.mixed_precision):
/scratch/e0538389/DivClust/engine/trainer.py:41: FutureWarning: `torch.cuda.amp.autocast(args...)` is deprecated. Please use `torch.amp.autocast('cuda', args...)` instead.
  with autocast(self.mixed_precision):
[2026-03-30 11:22:46](logger.py 179): id=CC_FMNIST_C10CFG_K20_E100_DT_0_5 | Ep. 36/100 - Step 75/273 (2.37 it/s) |#####               | - loss_cc=4.571 - loss_ce=2.135 - loss_ne=0.0182 - loss_div=0.00095 - threshold=0.619 - loss=6.725
/scratch/e0538389/DivClust/engine/trainer.py:41: FutureWarning: `torch.cuda.amp.autocast(args...)` is deprecated. Please use `torch.amp.autocast('cuda', args...)` instead.
  with autocast(self.mixed_precision):
[2026-03-30 11:22:57](logger.py 179): id=CC_FMNIST_C10CFG_K20_E100_DT_0_5 | Ep. 36/100 - Step 100/273 (2.35 it/s) |#######             | - loss_cc=4.569 - loss_ce=2.134 - loss_ne=0.0189 - loss_div=0.00119 - threshold=0.618 - loss=6.723
/scratch/e0538389/DivClust/engine/trainer.py:41: FutureWarning: `torch.cuda.amp.autocast(args...)` is deprecated. Please use `torch.amp.autocast('cuda', args...)` instead.
  with autocast(self.mixed_precision):
[2026-03-30 11:23:07](logger.py 179): id=CC_FMNIST_C10CFG_K20_E100_DT_0_5 | Ep. 36/100 - Step 125/273 (2.35 it/s) |#########           | - loss_cc=4.57 - loss_ce=2.134 - loss_ne=0.0194 - loss_div=0.00154 - threshold=0.616 - loss=6.726
/scratch/e0538389/DivClust/engine/trainer.py:41: FutureWarning: `torch.cuda.amp.autocast(args...)` is deprecated. Please use `torch.amp.autocast('cuda', args...)` instead.
  with autocast(self.mixed_precision):
[2026-03-30 11:23:18](logger.py 179): id=CC_FMNIST_C10CFG_K20_E100_DT_0_5 | Ep. 36/100 - Step 150/273 (2.34 it/s) |##########          | - loss_cc=4.57 - loss_ce=2.135 - loss_ne=0.0193 - loss_div=0.0014 - threshold=0.614 - loss=6.725
/scratch/e0538389/DivClust/engine/trainer.py:41: FutureWarning: `torch.cuda.amp.autocast(args...)` is deprecated. Please use `torch.amp.autocast('cuda', args...)` instead.
  with autocast(self.mixed_precision):
/scratch/e0538389/DivClust/engine/trainer.py:41: FutureWarning: `torch.cuda.amp.autocast(args...)` is deprecated. Please use `torch.amp.autocast('cuda', args...)` instead.
  with autocast(self.mixed_precision):
[2026-03-30 11:23:29](logger.py 179): id=CC_FMNIST_C10CFG_K20_E100_DT_0_5 | Ep. 36/100 - Step 175/273 (2.33 it/s) |############        | - loss_cc=4.569 - loss_ce=2.134 - loss_ne=0.0193 - loss_div=0.00131 - threshold=0.614 - loss=6.724
/scratch/e0538389/DivClust/engine/trainer.py:41: FutureWarning: `torch.cuda.amp.autocast(args...)` is deprecated. Please use `torch.amp.autocast('cuda', args...)` instead.
  with autocast(self.mixed_precision):
[2026-03-30 11:23:40](logger.py 179): id=CC_FMNIST_C10CFG_K20_E100_DT_0_5 | Ep. 36/100 - Step 200/273 (2.33 it/s) |##############      | - loss_cc=4.568 - loss_ce=2.134 - loss_ne=0.019 - loss_div=0.00149 - threshold=0.613 - loss=6.723
/scratch/e0538389/DivClust/engine/trainer.py:41: FutureWarning: `torch.cuda.amp.autocast(args...)` is deprecated. Please use `torch.amp.autocast('cuda', args...)` instead.
  with autocast(self.mixed_precision):
[2026-03-30 11:23:50](logger.py 179): id=CC_FMNIST_C10CFG_K20_E100_DT_0_5 | Ep. 36/100 - Step 225/273 (2.34 it/s) |################    | - loss_cc=4.568 - loss_ce=2.134 - loss_ne=0.0192 - loss_div=0.00147 - threshold=0.613 - loss=6.722
/scratch/e0538389/DivClust/engine/trainer.py:41: FutureWarning: `torch.cuda.amp.autocast(args...)` is deprecated. Please use `torch.amp.autocast('cuda', args...)` instead.
  with autocast(self.mixed_precision):
[2026-03-30 11:24:01](logger.py 179): id=CC_FMNIST_C10CFG_K20_E100_DT_0_5 | Ep. 36/100 - Step 250/273 (2.35 it/s) |##################  | - loss_cc=4.567 - loss_ce=2.134 - loss_ne=0.0191 - loss_div=0.00152 - threshold=0.612 - loss=6.722
/scratch/e0538389/DivClust/engine/trainer.py:41: FutureWarning: `torch.cuda.amp.autocast(args...)` is deprecated. Please use `torch.amp.autocast('cuda', args...)` instead.
  with autocast(self.mixed_precision):
[2026-03-30 11:24:11](logger.py 179): id=CC_FMNIST_C10CFG_K20_E100_DT_0_5 | Ep. 36/100 | Time: 00:01 | loss_cc=4.567 - loss_ce=2.134 - loss_ne=0.0192 - loss_div=0.00144 - threshold=0.612 - loss=6.721
/scratch/e0538389/DivClust/engine/trainer.py:41: FutureWarning: `torch.cuda.amp.autocast(args...)` is deprecated. Please use `torch.amp.autocast('cuda', args...)` instead.
  with autocast(self.mixed_precision):
[2026-03-30 11:24:13](logger.py 179): id=CC_FMNIST_C10CFG_K20_E100_DT_0_5 | Ep. 37/100 - Step 0/273 (0.0 it/s) |                    | - loss_cc=4.564 - loss_ce=2.136 - loss_ne=0.0151 - loss_div=0.0 - threshold=0.616 - loss=6.715
/scratch/e0538389/DivClust/engine/trainer.py:41: FutureWarning: `torch.cuda.amp.autocast(args...)` is deprecated. Please use `torch.amp.autocast('cuda', args...)` instead.
  with autocast(self.mixed_precision):
[2026-03-30 11:24:23](logger.py 179): id=CC_FMNIST_C10CFG_K20_E100_DT_0_5 | Ep. 37/100 - Step 25/273 (2.36 it/s) |#                   | - loss_cc=4.561 - loss_ce=2.132 - loss_ne=0.019 - loss_div=0.000301 - threshold=0.617 - loss=6.712
/scratch/e0538389/DivClust/engine/trainer.py:41: FutureWarning: `torch.cuda.amp.autocast(args...)` is deprecated. Please use `torch.amp.autocast('cuda', args...)` instead.
  with autocast(self.mixed_precision):
[2026-03-30 11:24:34](logger.py 179): id=CC_FMNIST_C10CFG_K20_E100_DT_0_5 | Ep. 37/100 - Step 50/273 (2.34 it/s) |###                 | - loss_cc=4.559 - loss_ce=2.13 - loss_ne=0.0187 - loss_div=0.000447 - threshold=0.618 - loss=6.708
/scratch/e0538389/DivClust/engine/trainer.py:41: FutureWarning: `torch.cuda.amp.autocast(args...)` is deprecated. Please use `torch.amp.autocast('cuda', args...)` instead.
  with autocast(self.mixed_precision):
[2026-03-30 11:24:45](logger.py 179): id=CC_FMNIST_C10CFG_K20_E100_DT_0_5 | Ep. 37/100 - Step 75/273 (2.33 it/s) |#####               | - loss_cc=4.56 - loss_ce=2.131 - loss_ne=0.0184 - loss_div=0.000872 - threshold=0.616 - loss=6.71
/scratch/e0538389/DivClust/engine/trainer.py:41: FutureWarning: `torch.cuda.amp.autocast(args...)` is deprecated. Please use `torch.amp.autocast('cuda', args...)` instead.
  with autocast(self.mixed_precision):
/scratch/e0538389/DivClust/engine/trainer.py:41: FutureWarning: `torch.cuda.amp.autocast(args...)` is deprecated. Please use `torch.amp.autocast('cuda', args...)` instead.
  with autocast(self.mixed_precision):
[2026-03-30 11:24:56](logger.py 179): id=CC_FMNIST_C10CFG_K20_E100_DT_0_5 | Ep. 37/100 - Step 100/273 (2.31 it/s) |#######             | - loss_cc=4.562 - loss_ce=2.132 - loss_ne=0.0183 - loss_div=0.000897 - threshold=0.615 - loss=6.713
/scratch/e0538389/DivClust/engine/trainer.py:41: FutureWarning: `torch.cuda.amp.autocast(args...)` is deprecated. Please use `torch.amp.autocast('cuda', args...)` instead.
  with autocast(self.mixed_precision):
[2026-03-30 11:25:07](logger.py 179): id=CC_FMNIST_C10CFG_K20_E100_DT_0_5 | Ep. 37/100 - Step 125/273 (2.31 it/s) |#########           | - loss_cc=4.562 - loss_ce=2.131 - loss_ne=0.0184 - loss_div=0.00104 - threshold=0.615 - loss=6.713
/scratch/e0538389/DivClust/engine/trainer.py:41: FutureWarning: `torch.cuda.amp.autocast(args...)` is deprecated. Please use `torch.amp.autocast('cuda', args...)` instead.
  with autocast(self.mixed_precision):
[2026-03-30 11:25:17](logger.py 179): id=CC_FMNIST_C10CFG_K20_E100_DT_0_5 | Ep. 37/100 - Step 150/273 (2.32 it/s) |##########          | - loss_cc=4.564 - loss_ce=2.132 - loss_ne=0.0184 - loss_div=0.00108 - threshold=0.614 - loss=6.715
/scratch/e0538389/DivClust/engine/trainer.py:41: FutureWarning: `torch.cuda.amp.autocast(args...)` is deprecated. Please use `torch.amp.autocast('cuda', args...)` instead.
  with autocast(self.mixed_precision):
[2026-03-30 11:25:28](logger.py 179): id=CC_FMNIST_C10CFG_K20_E100_DT_0_5 | Ep. 37/100 - Step 175/273 (2.33 it/s) |############        | - loss_cc=4.563 - loss_ce=2.132 - loss_ne=0.0185 - loss_div=0.00121 - threshold=0.613 - loss=6.714
/scratch/e0538389/DivClust/engine/trainer.py:41: FutureWarning: `torch.cuda.amp.autocast(args...)` is deprecated. Please use `torch.amp.autocast('cuda', args...)` instead.
  with autocast(self.mixed_precision):
/scratch/e0538389/DivClust/engine/trainer.py:41: FutureWarning: `torch.cuda.amp.autocast(args...)` is deprecated. Please use `torch.amp.autocast('cuda', args...)` instead.
  with autocast(self.mixed_precision):
[2026-03-30 11:25:39](logger.py 179): id=CC_FMNIST_C10CFG_K20_E100_DT_0_5 | Ep. 37/100 - Step 200/273 (2.33 it/s) |##############      | - loss_cc=4.563 - loss_ce=2.132 - loss_ne=0.0184 - loss_div=0.00114 - threshold=0.612 - loss=6.715
/scratch/e0538389/DivClust/engine/trainer.py:41: FutureWarning: `torch.cuda.amp.autocast(args...)` is deprecated. Please use `torch.amp.autocast('cuda', args...)` instead.
  with autocast(self.mixed_precision):
[2026-03-30 11:25:49](logger.py 179): id=CC_FMNIST_C10CFG_K20_E100_DT_0_5 | Ep. 37/100 - Step 225/273 (2.33 it/s) |################    | - loss_cc=4.563 - loss_ce=2.132 - loss_ne=0.0185 - loss_div=0.00111 - threshold=0.613 - loss=6.715
/scratch/e0538389/DivClust/engine/trainer.py:41: FutureWarning: `torch.cuda.amp.autocast(args...)` is deprecated. Please use `torch.amp.autocast('cuda', args...)` instead.
  with autocast(self.mixed_precision):
[2026-03-30 11:26:00](logger.py 179): id=CC_FMNIST_C10CFG_K20_E100_DT_0_5 | Ep. 37/100 - Step 250/273 (2.33 it/s) |##################  | - loss_cc=4.564 - loss_ce=2.133 - loss_ne=0.0186 - loss_div=0.00131 - threshold=0.612 - loss=6.717
/scratch/e0538389/DivClust/engine/trainer.py:41: FutureWarning: `torch.cuda.amp.autocast(args...)` is deprecated. Please use `torch.amp.autocast('cuda', args...)` instead.
  with autocast(self.mixed_precision):
[2026-03-30 11:26:10](logger.py 179): id=CC_FMNIST_C10CFG_K20_E100_DT_0_5 | Ep. 37/100 | Time: 00:01 | loss_cc=4.564 - loss_ce=2.132 - loss_ne=0.0187 - loss_div=0.0013 - threshold=0.611 - loss=6.716
[2026-03-30 11:26:12](logger.py 179): id=CC_FMNIST_C10CFG_K20_E100_DT_0_5 | Ep. 38/100 - Step 0/273 (0.0 it/s) |                    | - loss_cc=4.572 - loss_ce=2.138 - loss_ne=0.021 - loss_div=0.000139 - threshold=0.609 - loss=6.731
/scratch/e0538389/DivClust/engine/trainer.py:41: FutureWarning: `torch.cuda.amp.autocast(args...)` is deprecated. Please use `torch.amp.autocast('cuda', args...)` instead.
  with autocast(self.mixed_precision):
[2026-03-30 11:26:23](logger.py 179): id=CC_FMNIST_C10CFG_K20_E100_DT_0_5 | Ep. 38/100 - Step 25/273 (2.31 it/s) |#                   | - loss_cc=4.567 - loss_ce=2.134 - loss_ne=0.0197 - loss_div=0.000428 - threshold=0.614 - loss=6.722
/scratch/e0538389/DivClust/engine/trainer.py:41: FutureWarning: `torch.cuda.amp.autocast(args...)` is deprecated. Please use `torch.amp.autocast('cuda', args...)` instead.
  with autocast(self.mixed_precision):
/scratch/e0538389/DivClust/engine/trainer.py:41: FutureWarning: `torch.cuda.amp.autocast(args...)` is deprecated. Please use `torch.amp.autocast('cuda', args...)` instead.
  with autocast(self.mixed_precision):
[2026-03-30 11:26:34](logger.py 179): id=CC_FMNIST_C10CFG_K20_E100_DT_0_5 | Ep. 38/100 - Step 50/273 (2.27 it/s) |###                 | - loss_cc=4.563 - loss_ce=2.133 - loss_ne=0.0196 - loss_div=0.000314 - threshold=0.618 - loss=6.716
/scratch/e0538389/DivClust/engine/trainer.py:41: FutureWarning: `torch.cuda.amp.autocast(args...)` is deprecated. Please use `torch.amp.autocast('cuda', args...)` instead.
  with autocast(self.mixed_precision):
[2026-03-30 11:26:45](logger.py 179): id=CC_FMNIST_C10CFG_K20_E100_DT_0_5 | Ep. 38/100 - Step 75/273 (2.29 it/s) |#####               | - loss_cc=4.561 - loss_ce=2.131 - loss_ne=0.0186 - loss_div=0.000264 - threshold=0.62 - loss=6.711
/scratch/e0538389/DivClust/engine/trainer.py:41: FutureWarning: `torch.cuda.amp.autocast(args...)` is deprecated. Please use `torch.amp.autocast('cuda', args...)` instead.
  with autocast(self.mixed_precision):
[2026-03-30 11:26:56](logger.py 179): id=CC_FMNIST_C10CFG_K20_E100_DT_0_5 | Ep. 38/100 - Step 100/273 (2.3 it/s) |#######             | - loss_cc=4.563 - loss_ce=2.132 - loss_ne=0.0181 - loss_div=0.000393 - threshold=0.62 - loss=6.714
/scratch/e0538389/DivClust/engine/trainer.py:41: FutureWarning: `torch.cuda.amp.autocast(args...)` is deprecated. Please use `torch.amp.autocast('cuda', args...)` instead.
  with autocast(self.mixed_precision):
[2026-03-30 11:27:06](logger.py 179): id=CC_FMNIST_C10CFG_K20_E100_DT_0_5 | Ep. 38/100 - Step 125/273 (2.3 it/s) |#########           | - loss_cc=4.564 - loss_ce=2.132 - loss_ne=0.0184 - loss_div=0.000624 - threshold=0.618 - loss=6.715
/scratch/e0538389/DivClust/engine/trainer.py:41: FutureWarning: `torch.cuda.amp.autocast(args...)` is deprecated. Please use `torch.amp.autocast('cuda', args...)` instead.
  with autocast(self.mixed_precision):
/scratch/e0538389/DivClust/engine/trainer.py:41: FutureWarning: `torch.cuda.amp.autocast(args...)` is deprecated. Please use `torch.amp.autocast('cuda', args...)` instead.
  with autocast(self.mixed_precision):
[2026-03-30 11:27:18](logger.py 179): id=CC_FMNIST_C10CFG_K20_E100_DT_0_5 | Ep. 38/100 - Step 150/273 (2.29 it/s) |##########          | - loss_cc=4.564 - loss_ce=2.132 - loss_ne=0.0186 - loss_div=0.00124 - threshold=0.615 - loss=6.716
/scratch/e0538389/DivClust/engine/trainer.py:41: FutureWarning: `torch.cuda.amp.autocast(args...)` is deprecated. Please use `torch.amp.autocast('cuda', args...)` instead.
  with autocast(self.mixed_precision):
[2026-03-30 11:27:28](logger.py 179): id=CC_FMNIST_C10CFG_K20_E100_DT_0_5 | Ep. 38/100 - Step 175/273 (2.29 it/s) |############        | - loss_cc=4.564 - loss_ce=2.132 - loss_ne=0.0186 - loss_div=0.00117 - threshold=0.615 - loss=6.716
/scratch/e0538389/DivClust/engine/trainer.py:41: FutureWarning: `torch.cuda.amp.autocast(args...)` is deprecated. Please use `torch.amp.autocast('cuda', args...)` instead.
  with autocast(self.mixed_precision):
[2026-03-30 11:27:39](logger.py 179): id=CC_FMNIST_C10CFG_K20_E100_DT_0_5 | Ep. 38/100 - Step 200/273 (2.3 it/s) |##############      | - loss_cc=4.563 - loss_ce=2.132 - loss_ne=0.0186 - loss_div=0.00106 - threshold=0.615 - loss=6.715
/scratch/e0538389/DivClust/engine/trainer.py:41: FutureWarning: `torch.cuda.amp.autocast(args...)` is deprecated. Please use `torch.amp.autocast('cuda', args...)` instead.
  with autocast(self.mixed_precision):
[2026-03-30 11:27:50](logger.py 179): id=CC_FMNIST_C10CFG_K20_E100_DT_0_5 | Ep. 38/100 - Step 225/273 (2.3 it/s) |################    | - loss_cc=4.564 - loss_ce=2.132 - loss_ne=0.0188 - loss_div=0.00109 - threshold=0.615 - loss=6.716
/scratch/e0538389/DivClust/engine/trainer.py:41: FutureWarning: `torch.cuda.amp.autocast(args...)` is deprecated. Please use `torch.amp.autocast('cuda', args...)` instead.
  with autocast(self.mixed_precision):
/scratch/e0538389/DivClust/engine/trainer.py:41: FutureWarning: `torch.cuda.amp.autocast(args...)` is deprecated. Please use `torch.amp.autocast('cuda', args...)` instead.
  with autocast(self.mixed_precision):
[2026-03-30 11:28:01](logger.py 179): id=CC_FMNIST_C10CFG_K20_E100_DT_0_5 | Ep. 38/100 - Step 250/273 (2.3 it/s) |##################  | - loss_cc=4.564 - loss_ce=2.132 - loss_ne=0.0186 - loss_div=0.00115 - threshold=0.615 - loss=6.716
/scratch/e0538389/DivClust/engine/trainer.py:41: FutureWarning: `torch.cuda.amp.autocast(args...)` is deprecated. Please use `torch.amp.autocast('cuda', args...)` instead.
  with autocast(self.mixed_precision):
[2026-03-30 11:28:10](logger.py 179): id=CC_FMNIST_C10CFG_K20_E100_DT_0_5 | Ep. 38/100 | Time: 00:01 | loss_cc=4.563 - loss_ce=2.132 - loss_ne=0.0187 - loss_div=0.0014 - threshold=0.613 - loss=6.715
[2026-03-30 11:28:12](logger.py 179): id=CC_FMNIST_C10CFG_K20_E100_DT_0_5 | Ep. 39/100 - Step 0/273 (0.0 it/s) |                    | - loss_cc=4.597 - loss_ce=2.143 - loss_ne=0.026 - loss_div=0.00153 - threshold=0.597 - loss=6.768
/scratch/e0538389/DivClust/engine/trainer.py:41: FutureWarning: `torch.cuda.amp.autocast(args...)` is deprecated. Please use `torch.amp.autocast('cuda', args...)` instead.
  with autocast(self.mixed_precision):
[2026-03-30 11:28:23](logger.py 179): id=CC_FMNIST_C10CFG_K20_E100_DT_0_5 | Ep. 39/100 - Step 25/273 (2.32 it/s) |#                   | - loss_cc=4.565 - loss_ce=2.132 - loss_ne=0.02 - loss_div=0.0019 - threshold=0.6 - loss=6.719
/scratch/e0538389/DivClust/engine/trainer.py:41: FutureWarning: `torch.cuda.amp.autocast(args...)` is deprecated. Please use `torch.amp.autocast('cuda', args...)` instead.
  with autocast(self.mixed_precision):
[2026-03-30 11:28:34](logger.py 179): id=CC_FMNIST_C10CFG_K20_E100_DT_0_5 | Ep. 39/100 - Step 50/273 (2.32 it/s) |###                 | - loss_cc=4.566 - loss_ce=2.133 - loss_ne=0.0195 - loss_div=0.00135 - threshold=0.603 - loss=6.72
/scratch/e0538389/DivClust/engine/trainer.py:41: FutureWarning: `torch.cuda.amp.autocast(args...)` is deprecated. Please use `torch.amp.autocast('cuda', args...)` instead.
  with autocast(self.mixed_precision):
/scratch/e0538389/DivClust/engine/trainer.py:41: FutureWarning: `torch.cuda.amp.autocast(args...)` is deprecated. Please use `torch.amp.autocast('cuda', args...)` instead.
  with autocast(self.mixed_precision):
[2026-03-30 11:28:45](logger.py 179): id=CC_FMNIST_C10CFG_K20_E100_DT_0_5 | Ep. 39/100 - Step 75/273 (2.29 it/s) |#####               | - loss_cc=4.566 - loss_ce=2.133 - loss_ne=0.0193 - loss_div=0.00105 - threshold=0.607 - loss=6.719
/scratch/e0538389/DivClust/engine/trainer.py:41: FutureWarning: `torch.cuda.amp.autocast(args...)` is deprecated. Please use `torch.amp.autocast('cuda', args...)` instead.
  with autocast(self.mixed_precision):
[2026-03-30 11:28:56](logger.py 179): id=CC_FMNIST_C10CFG_K20_E100_DT_0_5 | Ep. 39/100 - Step 100/273 (2.3 it/s) |#######             | - loss_cc=4.566 - loss_ce=2.133 - loss_ne=0.0189 - loss_div=0.000835 - threshold=0.611 - loss=6.718
/scratch/e0538389/DivClust/engine/trainer.py:41: FutureWarning: `torch.cuda.amp.autocast(args...)` is deprecated. Please use `torch.amp.autocast('cuda', args...)` instead.
  with autocast(self.mixed_precision):
[2026-03-30 11:29:06](logger.py 179): id=CC_FMNIST_C10CFG_K20_E100_DT_0_5 | Ep. 39/100 - Step 125/273 (2.3 it/s) |#########           | - loss_cc=4.566 - loss_ce=2.133 - loss_ne=0.0193 - loss_div=0.000718 - threshold=0.613 - loss=6.719
/scratch/e0538389/DivClust/engine/trainer.py:41: FutureWarning: `torch.cuda.amp.autocast(args...)` is deprecated. Please use `torch.amp.autocast('cuda', args...)` instead.
  with autocast(self.mixed_precision):
[2026-03-30 11:29:17](logger.py 179): id=CC_FMNIST_C10CFG_K20_E100_DT_0_5 | Ep. 39/100 - Step 150/273 (2.3 it/s) |##########          | - loss_cc=4.565 - loss_ce=2.133 - loss_ne=0.0189 - loss_div=0.000777 - threshold=0.614 - loss=6.717
/scratch/e0538389/DivClust/engine/trainer.py:41: FutureWarning: `torch.cuda.amp.autocast(args...)` is deprecated. Please use `torch.amp.autocast('cuda', args...)` instead.
  with autocast(self.mixed_precision):
/scratch/e0538389/DivClust/engine/trainer.py:41: FutureWarning: `torch.cuda.amp.autocast(args...)` is deprecated. Please use `torch.amp.autocast('cuda', args...)` instead.
  with autocast(self.mixed_precision):
[2026-03-30 11:29:28](logger.py 179): id=CC_FMNIST_C10CFG_K20_E100_DT_0_5 | Ep. 39/100 - Step 175/273 (2.29 it/s) |############        | - loss_cc=4.563 - loss_ce=2.132 - loss_ne=0.0188 - loss_div=0.000892 - threshold=0.613 - loss=6.715
/scratch/e0538389/DivClust/engine/trainer.py:41: FutureWarning: `torch.cuda.amp.autocast(args...)` is deprecated. Please use `torch.amp.autocast('cuda', args...)` instead.
  with autocast(self.mixed_precision):
[2026-03-30 11:29:39](logger.py 179): id=CC_FMNIST_C10CFG_K20_E100_DT_0_5 | Ep. 39/100 - Step 200/273 (2.3 it/s) |##############      | - loss_cc=4.564 - loss_ce=2.132 - loss_ne=0.019 - loss_div=0.00111 - threshold=0.612 - loss=6.716
/scratch/e0538389/DivClust/engine/trainer.py:41: FutureWarning: `torch.cuda.amp.autocast(args...)` is deprecated. Please use `torch.amp.autocast('cuda', args...)` instead.
  with autocast(self.mixed_precision):
[2026-03-30 11:29:50](logger.py 179): id=CC_FMNIST_C10CFG_K20_E100_DT_0_5 | Ep. 39/100 - Step 225/273 (2.3 it/s) |################    | - loss_cc=4.563 - loss_ce=2.132 - loss_ne=0.0189 - loss_div=0.00104 - threshold=0.612 - loss=6.715
/scratch/e0538389/DivClust/engine/trainer.py:41: FutureWarning: `torch.cuda.amp.autocast(args...)` is deprecated. Please use `torch.amp.autocast('cuda', args...)` instead.
  with autocast(self.mixed_precision):
[2026-03-30 11:30:01](logger.py 179): id=CC_FMNIST_C10CFG_K20_E100_DT_0_5 | Ep. 39/100 - Step 250/273 (2.3 it/s) |##################  | - loss_cc=4.563 - loss_ce=2.132 - loss_ne=0.0189 - loss_div=0.00106 - threshold=0.612 - loss=6.715
/scratch/e0538389/DivClust/engine/trainer.py:41: FutureWarning: `torch.cuda.amp.autocast(args...)` is deprecated. Please use `torch.amp.autocast('cuda', args...)` instead.
  with autocast(self.mixed_precision):
[2026-03-30 11:30:10](logger.py 179): id=CC_FMNIST_C10CFG_K20_E100_DT_0_5 | Ep. 39/100 | Time: 00:01 | loss_cc=4.563 - loss_ce=2.132 - loss_ne=0.0189 - loss_div=0.00103 - threshold=0.612 - loss=6.715
[2026-03-30 11:30:12](logger.py 179): id=CC_FMNIST_C10CFG_K20_E100_DT_0_5 | Ep. 40/100 - Step 0/273 (0.0 it/s) |                    | - loss_cc=4.566 - loss_ce=2.126 - loss_ne=0.016 - loss_div=0.00148 - threshold=0.62 - loss=6.709
/scratch/e0538389/DivClust/engine/trainer.py:41: FutureWarning: `torch.cuda.amp.autocast(args...)` is deprecated. Please use `torch.amp.autocast('cuda', args...)` instead.
  with autocast(self.mixed_precision):
/scratch/e0538389/DivClust/engine/trainer.py:41: FutureWarning: `torch.cuda.amp.autocast(args...)` is deprecated. Please use `torch.amp.autocast('cuda', args...)` instead.
  with autocast(self.mixed_precision):
[2026-03-30 11:30:23](logger.py 179): id=CC_FMNIST_C10CFG_K20_E100_DT_0_5 | Ep. 40/100 - Step 25/273 (2.38 it/s) |#                   | - loss_cc=4.556 - loss_ce=2.129 - loss_ne=0.0171 - loss_div=0.000266 - threshold=0.619 - loss=6.703
/scratch/e0538389/DivClust/engine/trainer.py:41: FutureWarning: `torch.cuda.amp.autocast(args...)` is deprecated. Please use `torch.amp.autocast('cuda', args...)` instead.
  with autocast(self.mixed_precision):
[2026-03-30 11:30:33](logger.py 179): id=CC_FMNIST_C10CFG_K20_E100_DT_0_5 | Ep. 40/100 - Step 50/273 (2.38 it/s) |###                 | - loss_cc=4.559 - loss_ce=2.13 - loss_ne=0.0168 - loss_div=0.000911 - threshold=0.615 - loss=6.707
/scratch/e0538389/DivClust/engine/trainer.py:41: FutureWarning: `torch.cuda.amp.autocast(args...)` is deprecated. Please use `torch.amp.autocast('cuda', args...)` instead.
  with autocast(self.mixed_precision):
[2026-03-30 11:30:44](logger.py 179): id=CC_FMNIST_C10CFG_K20_E100_DT_0_5 | Ep. 40/100 - Step 75/273 (2.38 it/s) |#####               | - loss_cc=4.558 - loss_ce=2.13 - loss_ne=0.0174 - loss_div=0.00169 - threshold=0.612 - loss=6.707
/scratch/e0538389/DivClust/engine/trainer.py:41: FutureWarning: `torch.cuda.amp.autocast(args...)` is deprecated. Please use `torch.amp.autocast('cuda', args...)` instead.
  with autocast(self.mixed_precision):
[2026-03-30 11:30:55](logger.py 179): id=CC_FMNIST_C10CFG_K20_E100_DT_0_5 | Ep. 40/100 - Step 100/273 (2.37 it/s) |#######             | - loss_cc=4.559 - loss_ce=2.13 - loss_ne=0.0182 - loss_div=0.00154 - threshold=0.611 - loss=6.709
/scratch/e0538389/DivClust/engine/trainer.py:41: FutureWarning: `torch.cuda.amp.autocast(args...)` is deprecated. Please use `torch.amp.autocast('cuda', args...)` instead.
  with autocast(self.mixed_precision):
/scratch/e0538389/DivClust/engine/trainer.py:41: FutureWarning: `torch.cuda.amp.autocast(args...)` is deprecated. Please use `torch.amp.autocast('cuda', args...)` instead.
  with autocast(self.mixed_precision):
[2026-03-30 11:31:05](logger.py 179): id=CC_FMNIST_C10CFG_K20_E100_DT_0_5 | Ep. 40/100 - Step 125/273 (2.37 it/s) |#########           | - loss_cc=4.559 - loss_ce=2.13 - loss_ne=0.018 - loss_div=0.00129 - threshold=0.612 - loss=6.709
/scratch/e0538389/DivClust/engine/trainer.py:41: FutureWarning: `torch.cuda.amp.autocast(args...)` is deprecated. Please use `torch.amp.autocast('cuda', args...)` instead.
  with autocast(self.mixed_precision):
[2026-03-30 11:31:16](logger.py 179): id=CC_FMNIST_C10CFG_K20_E100_DT_0_5 | Ep. 40/100 - Step 150/273 (2.36 it/s) |##########          | - loss_cc=4.559 - loss_ce=2.13 - loss_ne=0.0181 - loss_div=0.00113 - threshold=0.613 - loss=6.709
/scratch/e0538389/DivClust/engine/trainer.py:41: FutureWarning: `torch.cuda.amp.autocast(args...)` is deprecated. Please use `torch.amp.autocast('cuda', args...)` instead.
  with autocast(self.mixed_precision):
[2026-03-30 11:31:27](logger.py 179): id=CC_FMNIST_C10CFG_K20_E100_DT_0_5 | Ep. 40/100 - Step 175/273 (2.36 it/s) |############        | - loss_cc=4.56 - loss_ce=2.13 - loss_ne=0.0182 - loss_div=0.00117 - threshold=0.612 - loss=6.71
/scratch/e0538389/DivClust/engine/trainer.py:41: FutureWarning: `torch.cuda.amp.autocast(args...)` is deprecated. Please use `torch.amp.autocast('cuda', args...)` instead.
  with autocast(self.mixed_precision):
[2026-03-30 11:31:37](logger.py 179): id=CC_FMNIST_C10CFG_K20_E100_DT_0_5 | Ep. 40/100 - Step 200/273 (2.35 it/s) |##############      | - loss_cc=4.56 - loss_ce=2.13 - loss_ne=0.0185 - loss_div=0.0015 - threshold=0.611 - loss=6.71
/scratch/e0538389/DivClust/engine/trainer.py:41: FutureWarning: `torch.cuda.amp.autocast(args...)` is deprecated. Please use `torch.amp.autocast('cuda', args...)` instead.
  with autocast(self.mixed_precision):
/scratch/e0538389/DivClust/engine/trainer.py:41: FutureWarning: `torch.cuda.amp.autocast(args...)` is deprecated. Please use `torch.amp.autocast('cuda', args...)` instead.
  with autocast(self.mixed_precision):
[2026-03-30 11:31:48](logger.py 179): id=CC_FMNIST_C10CFG_K20_E100_DT_0_5 | Ep. 40/100 - Step 225/273 (2.35 it/s) |################    | - loss_cc=4.561 - loss_ce=2.131 - loss_ne=0.0186 - loss_div=0.00148 - threshold=0.611 - loss=6.712
/scratch/e0538389/DivClust/engine/trainer.py:41: FutureWarning: `torch.cuda.amp.autocast(args...)` is deprecated. Please use `torch.amp.autocast('cuda', args...)` instead.
  with autocast(self.mixed_precision):
[2026-03-30 11:31:59](logger.py 179): id=CC_FMNIST_C10CFG_K20_E100_DT_0_5 | Ep. 40/100 - Step 250/273 (2.35 it/s) |##################  | - loss_cc=4.561 - loss_ce=2.131 - loss_ne=0.0188 - loss_div=0.00148 - threshold=0.61 - loss=6.712
/scratch/e0538389/DivClust/engine/trainer.py:41: FutureWarning: `torch.cuda.amp.autocast(args...)` is deprecated. Please use `torch.amp.autocast('cuda', args...)` instead.
  with autocast(self.mixed_precision):
[2026-03-30 11:32:09](logger.py 179): Evaluating
[2026-03-30 11:32:09](logger.py 179): Eval. step 0 of 274
[2026-03-30 11:32:11](logger.py 179): Eval. step 25 of 274
[2026-03-30 11:32:14](logger.py 179): Eval. step 50 of 274
[2026-03-30 11:32:16](logger.py 179): Eval. step 75 of 274
[2026-03-30 11:32:18](logger.py 179): Eval. step 100 of 274
[2026-03-30 11:32:21](logger.py 179): Eval. step 125 of 274
[2026-03-30 11:32:23](logger.py 179): Eval. step 150 of 274
[2026-03-30 11:32:25](logger.py 179): Eval. step 175 of 274
[2026-03-30 11:32:28](logger.py 179): Eval. step 200 of 274
[2026-03-30 11:32:30](logger.py 179): Eval. step 225 of 274
[2026-03-30 11:32:32](logger.py 179): Eval. step 250 of 274
[2026-03-30 11:32:36](logger.py 179): id=CC_FMNIST_C10CFG_K20_E100_DT_0_5 | Ep. 40/100 | Time: 00:02 | loss_cc=4.561 - loss_ce=2.131 - loss_ne=0.0187 - loss_div=0.00142 - threshold=0.61 - loss=6.713 - eval_confidence=0.881 - cluster_acc_0_eval=43.08 - cluster_nmi_0_eval=0.439 - cluster_ari_0_eval=0.29 - cluster_acc_1_eval=41.82 - cluster_nmi_1_eval=0.434 - cluster_ari_1_eval=0.264 - cluster_acc_2_eval=45.89 - cluster_nmi_2_eval=0.452 - cluster_ari_2_eval=0.302 - cluster_acc_3_eval=47.44 - cluster_nmi_3_eval=0.463 - cluster_ari_3_eval=0.295 - cluster_acc_4_eval=44.47 - cluster_nmi_4_eval=0.458 - cluster_ari_4_eval=0.286 - cluster_acc_5_eval=61.38 - cluster_nmi_5_eval=0.571 - cluster_ari_5_eval=0.472 - cluster_acc_6_eval=50.13 - cluster_nmi_6_eval=0.51 - cluster_ari_6_eval=0.361 - cluster_acc_7_eval=43.57 - cluster_nmi_7_eval=0.468 - cluster_ari_7_eval=0.284 - cluster_acc_8_eval=50.35 - cluster_nmi_8_eval=0.519 - cluster_ari_8_eval=0.369 - cluster_acc_9_eval=53.78 - cluster_nmi_9_eval=0.527 - cluster_ari_9_eval=0.402 - cluster_acc_10_eval=52.0 - cluster_nmi_10_eval=0.525 - cluster_ari_10_eval=0.367 - cluster_acc_11_eval=44.97 - cluster_nmi_11_eval=0.483 - cluster_ari_11_eval=0.316 - cluster_acc_12_eval=46.09 - cluster_nmi_12_eval=0.455 - cluster_ari_12_eval=0.296 - cluster_acc_13_eval=41.71 - cluster_nmi_13_eval=0.449 - cluster_ari_13_eval=0.289 - cluster_acc_14_eval=44.04 - cluster_nmi_14_eval=0.48 - cluster_ari_14_eval=0.315 - cluster_acc_15_eval=45.73 - cluster_nmi_15_eval=0.476 - cluster_ari_15_eval=0.305 - cluster_acc_16_eval=47.57 - cluster_nmi_16_eval=0.457 - cluster_ari_16_eval=0.303 - cluster_acc_17_eval=45.35 - cluster_nmi_17_eval=0.455 - cluster_ari_17_eval=0.301 - cluster_acc_18_eval=42.93 - cluster_nmi_18_eval=0.448 - cluster_ari_18_eval=0.287 - cluster_acc_19_eval=41.24 - cluster_nmi_19_eval=0.435 - cluster_ari_19_eval=0.263 - max_cluster_acc_eval=61.38 - mean_cluster_acc_eval=46.68 - min_cluster_acc_eval=41.24 - max_cluster_nmi_eval=0.571 - mean_cluster_nmi_eval=0.475 - min_cluster_nmi_eval=0.434 - max_cluster_ari_eval=0.472 - mean_cluster_ari_eval=0.318 - min_cluster_ari_eval=0.263 - interclustering_nmi_eval=0.491
/scratch/e0538389/DivClust/engine/trainer.py:41: FutureWarning: `torch.cuda.amp.autocast(args...)` is deprecated. Please use `torch.amp.autocast('cuda', args...)` instead.
  with autocast(self.mixed_precision):
[2026-03-30 11:32:38](logger.py 179): id=CC_FMNIST_C10CFG_K20_E100_DT_0_5 | Ep. 41/100 - Step 0/273 (0.0 it/s) |                    | - loss_cc=4.56 - loss_ce=2.127 - loss_ne=0.0196 - loss_div=0.0031 - threshold=0.614 - loss=6.71
/scratch/e0538389/DivClust/engine/trainer.py:41: FutureWarning: `torch.cuda.amp.autocast(args...)` is deprecated. Please use `torch.amp.autocast('cuda', args...)` instead.
  with autocast(self.mixed_precision):
[2026-03-30 11:32:49](logger.py 179): id=CC_FMNIST_C10CFG_K20_E100_DT_0_5 | Ep. 41/100 - Step 25/273 (2.31 it/s) |#                   | - loss_cc=4.564 - loss_ce=2.133 - loss_ne=0.0186 - loss_div=0.00105 - threshold=0.609 - loss=6.717
/scratch/e0538389/DivClust/engine/trainer.py:41: FutureWarning: `torch.cuda.amp.autocast(args...)` is deprecated. Please use `torch.amp.autocast('cuda', args...)` instead.
  with autocast(self.mixed_precision):
/scratch/e0538389/DivClust/engine/trainer.py:41: FutureWarning: `torch.cuda.amp.autocast(args...)` is deprecated. Please use `torch.amp.autocast('cuda', args...)` instead.
  with autocast(self.mixed_precision):
[2026-03-30 11:33:00](logger.py 179): id=CC_FMNIST_C10CFG_K20_E100_DT_0_5 | Ep. 41/100 - Step 50/273 (2.28 it/s) |###                 | - loss_cc=4.561 - loss_ce=2.132 - loss_ne=0.0182 - loss_div=0.00162 - threshold=0.606 - loss=6.713
/scratch/e0538389/DivClust/engine/trainer.py:41: FutureWarning: `torch.cuda.amp.autocast(args...)` is deprecated. Please use `torch.amp.autocast('cuda', args...)` instead.
  with autocast(self.mixed_precision):
[2026-03-30 11:33:11](logger.py 179): id=CC_FMNIST_C10CFG_K20_E100_DT_0_5 | Ep. 41/100 - Step 75/273 (2.29 it/s) |#####               | - loss_cc=4.561 - loss_ce=2.132 - loss_ne=0.0183 - loss_div=0.00128 - threshold=0.607 - loss=6.712
/scratch/e0538389/DivClust/engine/trainer.py:41: FutureWarning: `torch.cuda.amp.autocast(args...)` is deprecated. Please use `torch.amp.autocast('cuda', args...)` instead.
  with autocast(self.mixed_precision):
[2026-03-30 11:33:22](logger.py 179): id=CC_FMNIST_C10CFG_K20_E100_DT_0_5 | Ep. 41/100 - Step 100/273 (2.3 it/s) |#######             | - loss_cc=4.561 - loss_ce=2.131 - loss_ne=0.0182 - loss_div=0.00128 - threshold=0.608 - loss=6.712
/scratch/e0538389/DivClust/engine/trainer.py:41: FutureWarning: `torch.cuda.amp.autocast(args...)` is deprecated. Please use `torch.amp.autocast('cuda', args...)` instead.
  with autocast(self.mixed_precision):
[2026-03-30 11:33:33](logger.py 179): id=CC_FMNIST_C10CFG_K20_E100_DT_0_5 | Ep. 41/100 - Step 125/273 (2.3 it/s) |#########           | - loss_cc=4.561 - loss_ce=2.131 - loss_ne=0.0183 - loss_div=0.00136 - threshold=0.607 - loss=6.712
/scratch/e0538389/DivClust/engine/trainer.py:41: FutureWarning: `torch.cuda.amp.autocast(args...)` is deprecated. Please use `torch.amp.autocast('cuda', args...)` instead.
  with autocast(self.mixed_precision):
/scratch/e0538389/DivClust/engine/trainer.py:41: FutureWarning: `torch.cuda.amp.autocast(args...)` is deprecated. Please use `torch.amp.autocast('cuda', args...)` instead.
  with autocast(self.mixed_precision):
[2026-03-30 11:33:44](logger.py 179): id=CC_FMNIST_C10CFG_K20_E100_DT_0_5 | Ep. 41/100 - Step 150/273 (2.29 it/s) |##########          | - loss_cc=4.561 - loss_ce=2.132 - loss_ne=0.0186 - loss_div=0.00179 - threshold=0.605 - loss=6.714
/scratch/e0538389/DivClust/engine/trainer.py:41: FutureWarning: `torch.cuda.amp.autocast(args...)` is deprecated. Please use `torch.amp.autocast('cuda', args...)` instead.
  with autocast(self.mixed_precision):
[2026-03-30 11:33:55](logger.py 179): id=CC_FMNIST_C10CFG_K20_E100_DT_0_5 | Ep. 41/100 - Step 175/273 (2.29 it/s) |############        | - loss_cc=4.561 - loss_ce=2.132 - loss_ne=0.0186 - loss_div=0.00167 - threshold=0.605 - loss=6.713
/scratch/e0538389/DivClust/engine/trainer.py:41: FutureWarning: `torch.cuda.amp.autocast(args...)` is deprecated. Please use `torch.amp.autocast('cuda', args...)` instead.
  with autocast(self.mixed_precision):
[2026-03-30 11:34:06](logger.py 179): id=CC_FMNIST_C10CFG_K20_E100_DT_0_5 | Ep. 41/100 - Step 200/273 (2.29 it/s) |##############      | - loss_cc=4.562 - loss_ce=2.132 - loss_ne=0.0187 - loss_div=0.00157 - threshold=0.606 - loss=6.714
/scratch/e0538389/DivClust/engine/trainer.py:41: FutureWarning: `torch.cuda.amp.autocast(args...)` is deprecated. Please use `torch.amp.autocast('cuda', args...)` instead.
  with autocast(self.mixed_precision):
[2026-03-30 11:34:16](logger.py 179): id=CC_FMNIST_C10CFG_K20_E100_DT_0_5 | Ep. 41/100 - Step 225/273 (2.3 it/s) |################    | - loss_cc=4.562 - loss_ce=2.132 - loss_ne=0.0186 - loss_div=0.00152 - threshold=0.606 - loss=6.714
/scratch/e0538389/DivClust/engine/trainer.py:41: FutureWarning: `torch.cuda.amp.autocast(args...)` is deprecated. Please use `torch.amp.autocast('cuda', args...)` instead.
  with autocast(self.mixed_precision):
/scratch/e0538389/DivClust/engine/trainer.py:41: FutureWarning: `torch.cuda.amp.autocast(args...)` is deprecated. Please use `torch.amp.autocast('cuda', args...)` instead.
  with autocast(self.mixed_precision):
[2026-03-30 11:34:28](logger.py 179): id=CC_FMNIST_C10CFG_K20_E100_DT_0_5 | Ep. 41/100 - Step 250/273 (2.29 it/s) |##################  | - loss_cc=4.562 - loss_ce=2.132 - loss_ne=0.0186 - loss_div=0.00156 - threshold=0.606 - loss=6.713
/scratch/e0538389/DivClust/engine/trainer.py:41: FutureWarning: `torch.cuda.amp.autocast(args...)` is deprecated. Please use `torch.amp.autocast('cuda', args...)` instead.
  with autocast(self.mixed_precision):
[2026-03-30 11:34:37](logger.py 179): id=CC_FMNIST_C10CFG_K20_E100_DT_0_5 | Ep. 41/100 | Time: 00:01 | loss_cc=4.561 - loss_ce=2.132 - loss_ne=0.0186 - loss_div=0.00153 - threshold=0.606 - loss=6.713
[2026-03-30 11:34:40](logger.py 179): id=CC_FMNIST_C10CFG_K20_E100_DT_0_5 | Ep. 42/100 - Step 0/273 (0.0 it/s) |                    | - loss_cc=4.534 - loss_ce=2.122 - loss_ne=0.0122 - loss_div=0.000332 - threshold=0.613 - loss=6.669
/scratch/e0538389/DivClust/engine/trainer.py:41: FutureWarning: `torch.cuda.amp.autocast(args...)` is deprecated. Please use `torch.amp.autocast('cuda', args...)` instead.
  with autocast(self.mixed_precision):
[2026-03-30 11:34:50](logger.py 179): id=CC_FMNIST_C10CFG_K20_E100_DT_0_5 | Ep. 42/100 - Step 25/273 (2.34 it/s) |#                   | - loss_cc=4.556 - loss_ce=2.129 - loss_ne=0.018 - loss_div=0.000239 - threshold=0.616 - loss=6.704
/scratch/e0538389/DivClust/engine/trainer.py:41: FutureWarning: `torch.cuda.amp.autocast(args...)` is deprecated. Please use `torch.amp.autocast('cuda', args...)` instead.
  with autocast(self.mixed_precision):
[2026-03-30 11:35:01](logger.py 179): id=CC_FMNIST_C10CFG_K20_E100_DT_0_5 | Ep. 42/100 - Step 50/273 (2.33 it/s) |###                 | - loss_cc=4.556 - loss_ce=2.129 - loss_ne=0.0179 - loss_div=0.000422 - threshold=0.616 - loss=6.704
/scratch/e0538389/DivClust/engine/trainer.py:41: FutureWarning: `torch.cuda.amp.autocast(args...)` is deprecated. Please use `torch.amp.autocast('cuda', args...)` instead.
  with autocast(self.mixed_precision):
/scratch/e0538389/DivClust/engine/trainer.py:41: FutureWarning: `torch.cuda.amp.autocast(args...)` is deprecated. Please use `torch.amp.autocast('cuda', args...)` instead.
  with autocast(self.mixed_precision):
[2026-03-30 11:35:12](logger.py 179): id=CC_FMNIST_C10CFG_K20_E100_DT_0_5 | Ep. 42/100 - Step 75/273 (2.29 it/s) |#####               | - loss_cc=4.559 - loss_ce=2.13 - loss_ne=0.0182 - loss_div=0.00101 - threshold=0.613 - loss=6.708
/scratch/e0538389/DivClust/engine/trainer.py:41: FutureWarning: `torch.cuda.amp.autocast(args...)` is deprecated. Please use `torch.amp.autocast('cuda', args...)` instead.
  with autocast(self.mixed_precision):
[2026-03-30 11:35:23](logger.py 179): id=CC_FMNIST_C10CFG_K20_E100_DT_0_5 | Ep. 42/100 - Step 100/273 (2.3 it/s) |#######             | - loss_cc=4.557 - loss_ce=2.13 - loss_ne=0.0187 - loss_div=0.00123 - threshold=0.611 - loss=6.706
/scratch/e0538389/DivClust/engine/trainer.py:41: FutureWarning: `torch.cuda.amp.autocast(args...)` is deprecated. Please use `torch.amp.autocast('cuda', args...)` instead.
  with autocast(self.mixed_precision):
[2026-03-30 11:35:34](logger.py 179): id=CC_FMNIST_C10CFG_K20_E100_DT_0_5 | Ep. 42/100 - Step 125/273 (2.31 it/s) |#########           | - loss_cc=4.558 - loss_ce=2.13 - loss_ne=0.0186 - loss_div=0.00111 - threshold=0.61 - loss=6.707
/scratch/e0538389/DivClust/engine/trainer.py:41: FutureWarning: `torch.cuda.amp.autocast(args...)` is deprecated. Please use `torch.amp.autocast('cuda', args...)` instead.
  with autocast(self.mixed_precision):
[2026-03-30 11:35:44](logger.py 179): id=CC_FMNIST_C10CFG_K20_E100_DT_0_5 | Ep. 42/100 - Step 150/273 (2.33 it/s) |##########          | - loss_cc=4.558 - loss_ce=2.13 - loss_ne=0.0188 - loss_div=0.00102 - threshold=0.61 - loss=6.708
/scratch/e0538389/DivClust/engine/trainer.py:41: FutureWarning: `torch.cuda.amp.autocast(args...)` is deprecated. Please use `torch.amp.autocast('cuda', args...)` instead.
  with autocast(self.mixed_precision):
/scratch/e0538389/DivClust/engine/trainer.py:41: FutureWarning: `torch.cuda.amp.autocast(args...)` is deprecated. Please use `torch.amp.autocast('cuda', args...)` instead.
  with autocast(self.mixed_precision):
[2026-03-30 11:35:55](logger.py 179): id=CC_FMNIST_C10CFG_K20_E100_DT_0_5 | Ep. 42/100 - Step 175/273 (2.32 it/s) |############        | - loss_cc=4.559 - loss_ce=2.13 - loss_ne=0.0186 - loss_div=0.00112 - threshold=0.609 - loss=6.709
/scratch/e0538389/DivClust/engine/trainer.py:41: FutureWarning: `torch.cuda.amp.autocast(args...)` is deprecated. Please use `torch.amp.autocast('cuda', args...)` instead.
  with autocast(self.mixed_precision):
[2026-03-30 11:36:05](logger.py 179): id=CC_FMNIST_C10CFG_K20_E100_DT_0_5 | Ep. 42/100 - Step 200/273 (2.33 it/s) |##############      | - loss_cc=4.559 - loss_ce=2.131 - loss_ne=0.0188 - loss_div=0.00104 - threshold=0.609 - loss=6.71
/scratch/e0538389/DivClust/engine/trainer.py:41: FutureWarning: `torch.cuda.amp.autocast(args...)` is deprecated. Please use `torch.amp.autocast('cuda', args...)` instead.
  with autocast(self.mixed_precision):
[2026-03-30 11:36:16](logger.py 179): id=CC_FMNIST_C10CFG_K20_E100_DT_0_5 | Ep. 42/100 - Step 225/273 (2.34 it/s) |################    | - loss_cc=4.559 - loss_ce=2.131 - loss_ne=0.0188 - loss_div=0.000995 - threshold=0.61 - loss=6.71
/scratch/e0538389/DivClust/engine/trainer.py:41: FutureWarning: `torch.cuda.amp.autocast(args...)` is deprecated. Please use `torch.amp.autocast('cuda', args...)` instead.
  with autocast(self.mixed_precision):
[2026-03-30 11:36:26](logger.py 179): id=CC_FMNIST_C10CFG_K20_E100_DT_0_5 | Ep. 42/100 - Step 250/273 (2.34 it/s) |##################  | - loss_cc=4.559 - loss_ce=2.131 - loss_ne=0.0189 - loss_div=0.00105 - threshold=0.61 - loss=6.71
/scratch/e0538389/DivClust/engine/trainer.py:41: FutureWarning: `torch.cuda.amp.autocast(args...)` is deprecated. Please use `torch.amp.autocast('cuda', args...)` instead.
  with autocast(self.mixed_precision):
[2026-03-30 11:36:36](logger.py 179): id=CC_FMNIST_C10CFG_K20_E100_DT_0_5 | Ep. 42/100 | Time: 00:01 | loss_cc=4.559 - loss_ce=2.131 - loss_ne=0.0189 - loss_div=0.00109 - threshold=0.61 - loss=6.709
[2026-03-30 11:36:38](logger.py 179): id=CC_FMNIST_C10CFG_K20_E100_DT_0_5 | Ep. 43/100 - Step 0/273 (0.0 it/s) |                    | - loss_cc=4.557 - loss_ce=2.129 - loss_ne=0.0193 - loss_div=0.00388 - threshold=0.607 - loss=6.71
/scratch/e0538389/DivClust/engine/trainer.py:41: FutureWarning: `torch.cuda.amp.autocast(args...)` is deprecated. Please use `torch.amp.autocast('cuda', args...)` instead.
  with autocast(self.mixed_precision):
/scratch/e0538389/DivClust/engine/trainer.py:41: FutureWarning: `torch.cuda.amp.autocast(args...)` is deprecated. Please use `torch.amp.autocast('cuda', args...)` instead.
  with autocast(self.mixed_precision):
[2026-03-30 11:36:49](logger.py 179): id=CC_FMNIST_C10CFG_K20_E100_DT_0_5 | Ep. 43/100 - Step 25/273 (2.22 it/s) |#                   | - loss_cc=4.552 - loss_ce=2.127 - loss_ne=0.0169 - loss_div=0.000592 - threshold=0.612 - loss=6.696
/scratch/e0538389/DivClust/engine/trainer.py:41: FutureWarning: `torch.cuda.amp.autocast(args...)` is deprecated. Please use `torch.amp.autocast('cuda', args...)` instead.
  with autocast(self.mixed_precision):
[2026-03-30 11:37:00](logger.py 179): id=CC_FMNIST_C10CFG_K20_E100_DT_0_5 | Ep. 43/100 - Step 50/273 (2.27 it/s) |###                 | - loss_cc=4.555 - loss_ce=2.129 - loss_ne=0.0173 - loss_div=0.00116 - threshold=0.608 - loss=6.703
/scratch/e0538389/DivClust/engine/trainer.py:41: FutureWarning: `torch.cuda.amp.autocast(args...)` is deprecated. Please use `torch.amp.autocast('cuda', args...)` instead.
  with autocast(self.mixed_precision):
[2026-03-30 11:37:11](logger.py 179): id=CC_FMNIST_C10CFG_K20_E100_DT_0_5 | Ep. 43/100 - Step 75/273 (2.29 it/s) |#####               | - loss_cc=4.554 - loss_ce=2.129 - loss_ne=0.018 - loss_div=0.00108 - threshold=0.607 - loss=6.702
/scratch/e0538389/DivClust/engine/trainer.py:41: FutureWarning: `torch.cuda.amp.autocast(args...)` is deprecated. Please use `torch.amp.autocast('cuda', args...)` instead.
  with autocast(self.mixed_precision):
[2026-03-30 11:37:21](logger.py 179): id=CC_FMNIST_C10CFG_K20_E100_DT_0_5 | Ep. 43/100 - Step 100/273 (2.31 it/s) |#######             | - loss_cc=4.554 - loss_ce=2.129 - loss_ne=0.0179 - loss_div=0.000994 - threshold=0.608 - loss=6.701
/scratch/e0538389/DivClust/engine/trainer.py:41: FutureWarning: `torch.cuda.amp.autocast(args...)` is deprecated. Please use `torch.amp.autocast('cuda', args...)` instead.
  with autocast(self.mixed_precision):
/scratch/e0538389/DivClust/engine/trainer.py:41: FutureWarning: `torch.cuda.amp.autocast(args...)` is deprecated. Please use `torch.amp.autocast('cuda', args...)` instead.
  with autocast(self.mixed_precision):
[2026-03-30 11:37:32](logger.py 179): id=CC_FMNIST_C10CFG_K20_E100_DT_0_5 | Ep. 43/100 - Step 125/273 (2.31 it/s) |#########           | - loss_cc=4.556 - loss_ce=2.129 - loss_ne=0.018 - loss_div=0.00119 - threshold=0.608 - loss=6.704
/scratch/e0538389/DivClust/engine/trainer.py:41: FutureWarning: `torch.cuda.amp.autocast(args...)` is deprecated. Please use `torch.amp.autocast('cuda', args...)` instead.
  with autocast(self.mixed_precision):
[2026-03-30 11:37:43](logger.py 179): id=CC_FMNIST_C10CFG_K20_E100_DT_0_5 | Ep. 43/100 - Step 150/273 (2.31 it/s) |##########          | - loss_cc=4.555 - loss_ce=2.129 - loss_ne=0.0181 - loss_div=0.00105 - threshold=0.609 - loss=6.704
/scratch/e0538389/DivClust/engine/trainer.py:41: FutureWarning: `torch.cuda.amp.autocast(args...)` is deprecated. Please use `torch.amp.autocast('cuda', args...)` instead.
  with autocast(self.mixed_precision):
[2026-03-30 11:37:53](logger.py 179): id=CC_FMNIST_C10CFG_K20_E100_DT_0_5 | Ep. 43/100 - Step 175/273 (2.32 it/s) |############        | - loss_cc=4.555 - loss_ce=2.129 - loss_ne=0.0178 - loss_div=0.000989 - threshold=0.61 - loss=6.703
/scratch/e0538389/DivClust/engine/trainer.py:41: FutureWarning: `torch.cuda.amp.autocast(args...)` is deprecated. Please use `torch.amp.autocast('cuda', args...)` instead.
  with autocast(self.mixed_precision):
[2026-03-30 11:38:04](logger.py 179): id=CC_FMNIST_C10CFG_K20_E100_DT_0_5 | Ep. 43/100 - Step 200/273 (2.32 it/s) |##############      | - loss_cc=4.555 - loss_ce=2.129 - loss_ne=0.0178 - loss_div=0.00103 - threshold=0.61 - loss=6.703
/scratch/e0538389/DivClust/engine/trainer.py:41: FutureWarning: `torch.cuda.amp.autocast(args...)` is deprecated. Please use `torch.amp.autocast('cuda', args...)` instead.
  with autocast(self.mixed_precision):
/scratch/e0538389/DivClust/engine/trainer.py:41: FutureWarning: `torch.cuda.amp.autocast(args...)` is deprecated. Please use `torch.amp.autocast('cuda', args...)` instead.
  with autocast(self.mixed_precision):
[2026-03-30 11:38:15](logger.py 179): id=CC_FMNIST_C10CFG_K20_E100_DT_0_5 | Ep. 43/100 - Step 225/273 (2.31 it/s) |################    | - loss_cc=4.555 - loss_ce=2.129 - loss_ne=0.0179 - loss_div=0.00101 - threshold=0.61 - loss=6.703
/scratch/e0538389/DivClust/engine/trainer.py:41: FutureWarning: `torch.cuda.amp.autocast(args...)` is deprecated. Please use `torch.amp.autocast('cuda', args...)` instead.
  with autocast(self.mixed_precision):
[2026-03-30 11:38:26](logger.py 179): id=CC_FMNIST_C10CFG_K20_E100_DT_0_5 | Ep. 43/100 - Step 250/273 (2.31 it/s) |##################  | - loss_cc=4.555 - loss_ce=2.129 - loss_ne=0.0179 - loss_div=0.00107 - threshold=0.609 - loss=6.703
/scratch/e0538389/DivClust/engine/trainer.py:41: FutureWarning: `torch.cuda.amp.autocast(args...)` is deprecated. Please use `torch.amp.autocast('cuda', args...)` instead.
  with autocast(self.mixed_precision):
[2026-03-30 11:38:36](logger.py 179): id=CC_FMNIST_C10CFG_K20_E100_DT_0_5 | Ep. 43/100 | Time: 00:01 | loss_cc=4.556 - loss_ce=2.129 - loss_ne=0.0181 - loss_div=0.00115 - threshold=0.609 - loss=6.704
[2026-03-30 11:38:38](logger.py 179): id=CC_FMNIST_C10CFG_K20_E100_DT_0_5 | Ep. 44/100 - Step 0/273 (0.0 it/s) |                    | - loss_cc=4.531 - loss_ce=2.122 - loss_ne=0.0233 - loss_div=9.24e-05 - threshold=0.607 - loss=6.677
/scratch/e0538389/DivClust/engine/trainer.py:41: FutureWarning: `torch.cuda.amp.autocast(args...)` is deprecated. Please use `torch.amp.autocast('cuda', args...)` instead.
  with autocast(self.mixed_precision):
[2026-03-30 11:38:49](logger.py 179): id=CC_FMNIST_C10CFG_K20_E100_DT_0_5 | Ep. 44/100 - Step 25/273 (2.38 it/s) |#                   | - loss_cc=4.556 - loss_ce=2.13 - loss_ne=0.0209 - loss_div=0.000511 - threshold=0.611 - loss=6.708
/scratch/e0538389/DivClust/engine/trainer.py:41: FutureWarning: `torch.cuda.amp.autocast(args...)` is deprecated. Please use `torch.amp.autocast('cuda', args...)` instead.
  with autocast(self.mixed_precision):
/scratch/e0538389/DivClust/engine/trainer.py:41: FutureWarning: `torch.cuda.amp.autocast(args...)` is deprecated. Please use `torch.amp.autocast('cuda', args...)` instead.
  with autocast(self.mixed_precision):
[2026-03-30 11:39:00](logger.py 179): id=CC_FMNIST_C10CFG_K20_E100_DT_0_5 | Ep. 44/100 - Step 50/273 (2.33 it/s) |###                 | - loss_cc=4.56 - loss_ce=2.131 - loss_ne=0.02 - loss_div=0.00109 - threshold=0.609 - loss=6.712
/scratch/e0538389/DivClust/engine/trainer.py:41: FutureWarning: `torch.cuda.amp.autocast(args...)` is deprecated. Please use `torch.amp.autocast('cuda', args...)` instead.
  with autocast(self.mixed_precision):
[2026-03-30 11:39:11](logger.py 179): id=CC_FMNIST_C10CFG_K20_E100_DT_0_5 | Ep. 44/100 - Step 75/273 (2.33 it/s) |#####               | - loss_cc=4.558 - loss_ce=2.131 - loss_ne=0.0198 - loss_div=0.00143 - threshold=0.607 - loss=6.709
/scratch/e0538389/DivClust/engine/trainer.py:41: FutureWarning: `torch.cuda.amp.autocast(args...)` is deprecated. Please use `torch.amp.autocast('cuda', args...)` instead.
  with autocast(self.mixed_precision):
[2026-03-30 11:39:21](logger.py 179): id=CC_FMNIST_C10CFG_K20_E100_DT_0_5 | Ep. 44/100 - Step 100/273 (2.33 it/s) |#######             | - loss_cc=4.556 - loss_ce=2.13 - loss_ne=0.0198 - loss_div=0.00117 - threshold=0.607 - loss=6.707
/scratch/e0538389/DivClust/engine/trainer.py:41: FutureWarning: `torch.cuda.amp.autocast(args...)` is deprecated. Please use `torch.amp.autocast('cuda', args...)` instead.
  with autocast(self.mixed_precision):
[2026-03-30 11:39:32](logger.py 179): id=CC_FMNIST_C10CFG_K20_E100_DT_0_5 | Ep. 44/100 - Step 125/273 (2.33 it/s) |#########           | - loss_cc=4.557 - loss_ce=2.13 - loss_ne=0.0193 - loss_div=0.000998 - threshold=0.609 - loss=6.707
/scratch/e0538389/DivClust/engine/trainer.py:41: FutureWarning: `torch.cuda.amp.autocast(args...)` is deprecated. Please use `torch.amp.autocast('cuda', args...)` instead.
  with autocast(self.mixed_precision):
/scratch/e0538389/DivClust/engine/trainer.py:41: FutureWarning: `torch.cuda.amp.autocast(args...)` is deprecated. Please use `torch.amp.autocast('cuda', args...)` instead.
  with autocast(self.mixed_precision):
[2026-03-30 11:39:43](logger.py 179): id=CC_FMNIST_C10CFG_K20_E100_DT_0_5 | Ep. 44/100 - Step 150/273 (2.31 it/s) |##########          | - loss_cc=4.556 - loss_ce=2.13 - loss_ne=0.0193 - loss_div=0.000963 - threshold=0.61 - loss=6.707
/scratch/e0538389/DivClust/engine/trainer.py:41: FutureWarning: `torch.cuda.amp.autocast(args...)` is deprecated. Please use `torch.amp.autocast('cuda', args...)` instead.
  with autocast(self.mixed_precision):
[2026-03-30 11:39:54](logger.py 179): id=CC_FMNIST_C10CFG_K20_E100_DT_0_5 | Ep. 44/100 - Step 175/273 (2.31 it/s) |############        | - loss_cc=4.557 - loss_ce=2.13 - loss_ne=0.0191 - loss_div=0.00106 - threshold=0.609 - loss=6.708
/scratch/e0538389/DivClust/engine/trainer.py:41: FutureWarning: `torch.cuda.amp.autocast(args...)` is deprecated. Please use `torch.amp.autocast('cuda', args...)` instead.
  with autocast(self.mixed_precision):
[2026-03-30 11:40:05](logger.py 179): id=CC_FMNIST_C10CFG_K20_E100_DT_0_5 | Ep. 44/100 - Step 200/273 (2.31 it/s) |##############      | - loss_cc=4.557 - loss_ce=2.13 - loss_ne=0.0189 - loss_div=0.00107 - threshold=0.608 - loss=6.707
/scratch/e0538389/DivClust/engine/trainer.py:41: FutureWarning: `torch.cuda.amp.autocast(args...)` is deprecated. Please use `torch.amp.autocast('cuda', args...)` instead.
  with autocast(self.mixed_precision):
[2026-03-30 11:40:16](logger.py 179): id=CC_FMNIST_C10CFG_K20_E100_DT_0_5 | Ep. 44/100 - Step 225/273 (2.31 it/s) |################    | - loss_cc=4.557 - loss_ce=2.13 - loss_ne=0.0185 - loss_div=0.00101 - threshold=0.608 - loss=6.707
/scratch/e0538389/DivClust/engine/trainer.py:41: FutureWarning: `torch.cuda.amp.autocast(args...)` is deprecated. Please use `torch.amp.autocast('cuda', args...)` instead.
  with autocast(self.mixed_precision):
/scratch/e0538389/DivClust/engine/trainer.py:41: FutureWarning: `torch.cuda.amp.autocast(args...)` is deprecated. Please use `torch.amp.autocast('cuda', args...)` instead.
  with autocast(self.mixed_precision):
[2026-03-30 11:40:27](logger.py 179): id=CC_FMNIST_C10CFG_K20_E100_DT_0_5 | Ep. 44/100 - Step 250/273 (2.3 it/s) |##################  | - loss_cc=4.558 - loss_ce=2.13 - loss_ne=0.0185 - loss_div=0.00106 - threshold=0.608 - loss=6.707
/scratch/e0538389/DivClust/engine/trainer.py:41: FutureWarning: `torch.cuda.amp.autocast(args...)` is deprecated. Please use `torch.amp.autocast('cuda', args...)` instead.
  with autocast(self.mixed_precision):
[2026-03-30 11:40:36](logger.py 179): id=CC_FMNIST_C10CFG_K20_E100_DT_0_5 | Ep. 44/100 | Time: 00:01 | loss_cc=4.557 - loss_ce=2.13 - loss_ne=0.0184 - loss_div=0.001 - threshold=0.609 - loss=6.707
[2026-03-30 11:40:38](logger.py 179): id=CC_FMNIST_C10CFG_K20_E100_DT_0_5 | Ep. 45/100 - Step 0/273 (0.0 it/s) |                    | - loss_cc=4.575 - loss_ce=2.134 - loss_ne=0.0181 - loss_div=0.00155 - threshold=0.606 - loss=6.729
/scratch/e0538389/DivClust/engine/trainer.py:41: FutureWarning: `torch.cuda.amp.autocast(args...)` is deprecated. Please use `torch.amp.autocast('cuda', args...)` instead.
  with autocast(self.mixed_precision):
[2026-03-30 11:40:49](logger.py 179): id=CC_FMNIST_C10CFG_K20_E100_DT_0_5 | Ep. 45/100 - Step 25/273 (2.32 it/s) |#                   | - loss_cc=4.553 - loss_ce=2.127 - loss_ne=0.0188 - loss_div=0.0021 - threshold=0.604 - loss=6.702
/scratch/e0538389/DivClust/engine/trainer.py:41: FutureWarning: `torch.cuda.amp.autocast(args...)` is deprecated. Please use `torch.amp.autocast('cuda', args...)` instead.
  with autocast(self.mixed_precision):
[2026-03-30 11:41:00](logger.py 179): id=CC_FMNIST_C10CFG_K20_E100_DT_0_5 | Ep. 45/100 - Step 50/273 (2.32 it/s) |###                 | - loss_cc=4.554 - loss_ce=2.128 - loss_ne=0.0191 - loss_div=0.00237 - threshold=0.6 - loss=6.704
/scratch/e0538389/DivClust/engine/trainer.py:41: FutureWarning: `torch.cuda.amp.autocast(args...)` is deprecated. Please use `torch.amp.autocast('cuda', args...)` instead.
  with autocast(self.mixed_precision):
[2026-03-30 11:41:11](logger.py 179): id=CC_FMNIST_C10CFG_K20_E100_DT_0_5 | Ep. 45/100 - Step 75/273 (2.29 it/s) |#####               | - loss_cc=4.554 - loss_ce=2.129 - loss_ne=0.0188 - loss_div=0.00194 - threshold=0.6 - loss=6.704
/scratch/e0538389/DivClust/engine/trainer.py:41: FutureWarning: `torch.cuda.amp.autocast(args...)` is deprecated. Please use `torch.amp.autocast('cuda', args...)` instead.
  with autocast(self.mixed_precision):
/scratch/e0538389/DivClust/engine/trainer.py:41: FutureWarning: `torch.cuda.amp.autocast(args...)` is deprecated. Please use `torch.amp.autocast('cuda', args...)` instead.
  with autocast(self.mixed_precision):
[2026-03-30 11:41:22](logger.py 179): id=CC_FMNIST_C10CFG_K20_E100_DT_0_5 | Ep. 45/100 - Step 100/273 (2.3 it/s) |#######             | - loss_cc=4.555 - loss_ce=2.129 - loss_ne=0.0187 - loss_div=0.00157 - threshold=0.602 - loss=6.705
/scratch/e0538389/DivClust/engine/trainer.py:41: FutureWarning: `torch.cuda.amp.autocast(args...)` is deprecated. Please use `torch.amp.autocast('cuda', args...)` instead.
  with autocast(self.mixed_precision):
[2026-03-30 11:41:33](logger.py 179): id=CC_FMNIST_C10CFG_K20_E100_DT_0_5 | Ep. 45/100 - Step 125/273 (2.3 it/s) |#########           | - loss_cc=4.555 - loss_ce=2.129 - loss_ne=0.019 - loss_div=0.00131 - threshold=0.604 - loss=6.705
/scratch/e0538389/DivClust/engine/trainer.py:41: FutureWarning: `torch.cuda.amp.autocast(args...)` is deprecated. Please use `torch.amp.autocast('cuda', args...)` instead.
  with autocast(self.mixed_precision):
[2026-03-30 11:41:44](logger.py 179): id=CC_FMNIST_C10CFG_K20_E100_DT_0_5 | Ep. 45/100 - Step 150/273 (2.31 it/s) |##########          | - loss_cc=4.555 - loss_ce=2.129 - loss_ne=0.0189 - loss_div=0.00113 - threshold=0.607 - loss=6.704
/scratch/e0538389/DivClust/engine/trainer.py:41: FutureWarning: `torch.cuda.amp.autocast(args...)` is deprecated. Please use `torch.amp.autocast('cuda', args...)` instead.
  with autocast(self.mixed_precision):
[2026-03-30 11:41:55](logger.py 179): id=CC_FMNIST_C10CFG_K20_E100_DT_0_5 | Ep. 45/100 - Step 175/273 (2.29 it/s) |############        | - loss_cc=4.555 - loss_ce=2.129 - loss_ne=0.0187 - loss_div=0.00101 - threshold=0.609 - loss=6.705
/scratch/e0538389/DivClust/engine/trainer.py:41: FutureWarning: `torch.cuda.amp.autocast(args...)` is deprecated. Please use `torch.amp.autocast('cuda', args...)` instead.
  with autocast(self.mixed_precision):
/scratch/e0538389/DivClust/engine/trainer.py:41: FutureWarning: `torch.cuda.amp.autocast(args...)` is deprecated. Please use `torch.amp.autocast('cuda', args...)` instead.
  with autocast(self.mixed_precision):
[2026-03-30 11:42:05](logger.py 179): id=CC_FMNIST_C10CFG_K20_E100_DT_0_5 | Ep. 45/100 - Step 200/273 (2.3 it/s) |##############      | - loss_cc=4.556 - loss_ce=2.129 - loss_ne=0.0189 - loss_div=0.00105 - threshold=0.609 - loss=6.705
/scratch/e0538389/DivClust/engine/trainer.py:41: FutureWarning: `torch.cuda.amp.autocast(args...)` is deprecated. Please use `torch.amp.autocast('cuda', args...)` instead.
  with autocast(self.mixed_precision):
[2026-03-30 11:42:16](logger.py 179): id=CC_FMNIST_C10CFG_K20_E100_DT_0_5 | Ep. 45/100 - Step 225/273 (2.3 it/s) |################    | - loss_cc=4.556 - loss_ce=2.129 - loss_ne=0.0187 - loss_div=0.00108 - threshold=0.609 - loss=6.705
/scratch/e0538389/DivClust/engine/trainer.py:41: FutureWarning: `torch.cuda.amp.autocast(args...)` is deprecated. Please use `torch.amp.autocast('cuda', args...)` instead.
  with autocast(self.mixed_precision):
[2026-03-30 11:42:27](logger.py 179): id=CC_FMNIST_C10CFG_K20_E100_DT_0_5 | Ep. 45/100 - Step 250/273 (2.31 it/s) |##################  | - loss_cc=4.555 - loss_ce=2.129 - loss_ne=0.0185 - loss_div=0.00112 - threshold=0.609 - loss=6.704
/scratch/e0538389/DivClust/engine/trainer.py:41: FutureWarning: `torch.cuda.amp.autocast(args...)` is deprecated. Please use `torch.amp.autocast('cuda', args...)` instead.
  with autocast(self.mixed_precision):
[2026-03-30 11:42:36](logger.py 179): id=CC_FMNIST_C10CFG_K20_E100_DT_0_5 | Ep. 45/100 | Time: 00:01 | loss_cc=4.555 - loss_ce=2.129 - loss_ne=0.0186 - loss_div=0.00122 - threshold=0.608 - loss=6.704
[2026-03-30 11:42:39](logger.py 179): id=CC_FMNIST_C10CFG_K20_E100_DT_0_5 | Ep. 46/100 - Step 0/273 (0.0 it/s) |                    | - loss_cc=4.557 - loss_ce=2.136 - loss_ne=0.0152 - loss_div=0.00557 - threshold=0.6 - loss=6.713
/scratch/e0538389/DivClust/engine/trainer.py:41: FutureWarning: `torch.cuda.amp.autocast(args...)` is deprecated. Please use `torch.amp.autocast('cuda', args...)` instead.
  with autocast(self.mixed_precision):
/scratch/e0538389/DivClust/engine/trainer.py:41: FutureWarning: `torch.cuda.amp.autocast(args...)` is deprecated. Please use `torch.amp.autocast('cuda', args...)` instead.
  with autocast(self.mixed_precision):
[2026-03-30 11:42:50](logger.py 179): id=CC_FMNIST_C10CFG_K20_E100_DT_0_5 | Ep. 46/100 - Step 25/273 (2.21 it/s) |#                   | - loss_cc=4.551 - loss_ce=2.127 - loss_ne=0.0177 - loss_div=0.000609 - threshold=0.606 - loss=6.696
/scratch/e0538389/DivClust/engine/trainer.py:41: FutureWarning: `torch.cuda.amp.autocast(args...)` is deprecated. Please use `torch.amp.autocast('cuda', args...)` instead.
  with autocast(self.mixed_precision):
[2026-03-30 11:43:01](logger.py 179): id=CC_FMNIST_C10CFG_K20_E100_DT_0_5 | Ep. 46/100 - Step 50/273 (2.27 it/s) |###                 | - loss_cc=4.552 - loss_ce=2.128 - loss_ne=0.0178 - loss_div=0.000532 - threshold=0.61 - loss=6.698
/scratch/e0538389/DivClust/engine/trainer.py:41: FutureWarning: `torch.cuda.amp.autocast(args...)` is deprecated. Please use `torch.amp.autocast('cuda', args...)` instead.
  with autocast(self.mixed_precision):
[2026-03-30 11:43:12](logger.py 179): id=CC_FMNIST_C10CFG_K20_E100_DT_0_5 | Ep. 46/100 - Step 75/273 (2.29 it/s) |#####               | - loss_cc=4.553 - loss_ce=2.128 - loss_ne=0.0178 - loss_div=0.000402 - threshold=0.614 - loss=6.699
/scratch/e0538389/DivClust/engine/trainer.py:41: FutureWarning: `torch.cuda.amp.autocast(args...)` is deprecated. Please use `torch.amp.autocast('cuda', args...)` instead.
  with autocast(self.mixed_precision):
[2026-03-30 11:43:22](logger.py 179): id=CC_FMNIST_C10CFG_K20_E100_DT_0_5 | Ep. 46/100 - Step 100/273 (2.3 it/s) |#######             | - loss_cc=4.555 - loss_ce=2.128 - loss_ne=0.0181 - loss_div=0.000435 - threshold=0.615 - loss=6.702
/scratch/e0538389/DivClust/engine/trainer.py:41: FutureWarning: `torch.cuda.amp.autocast(args...)` is deprecated. Please use `torch.amp.autocast('cuda', args...)` instead.
  with autocast(self.mixed_precision):
/scratch/e0538389/DivClust/engine/trainer.py:41: FutureWarning: `torch.cuda.amp.autocast(args...)` is deprecated. Please use `torch.amp.autocast('cuda', args...)` instead.
  with autocast(self.mixed_precision):
[2026-03-30 11:43:34](logger.py 179): id=CC_FMNIST_C10CFG_K20_E100_DT_0_5 | Ep. 46/100 - Step 125/273 (2.28 it/s) |#########           | - loss_cc=4.556 - loss_ce=2.129 - loss_ne=0.0179 - loss_div=0.000586 - threshold=0.614 - loss=6.703
/scratch/e0538389/DivClust/engine/trainer.py:41: FutureWarning: `torch.cuda.amp.autocast(args...)` is deprecated. Please use `torch.amp.autocast('cuda', args...)` instead.
  with autocast(self.mixed_precision):
[2026-03-30 11:43:44](logger.py 179): id=CC_FMNIST_C10CFG_K20_E100_DT_0_5 | Ep. 46/100 - Step 150/273 (2.29 it/s) |##########          | - loss_cc=4.556 - loss_ce=2.128 - loss_ne=0.0179 - loss_div=0.00101 - threshold=0.612 - loss=6.703
/scratch/e0538389/DivClust/engine/trainer.py:41: FutureWarning: `torch.cuda.amp.autocast(args...)` is deprecated. Please use `torch.amp.autocast('cuda', args...)` instead.
  with autocast(self.mixed_precision):
[2026-03-30 11:43:55](logger.py 179): id=CC_FMNIST_C10CFG_K20_E100_DT_0_5 | Ep. 46/100 - Step 175/273 (2.29 it/s) |############        | - loss_cc=4.555 - loss_ce=2.129 - loss_ne=0.018 - loss_div=0.00128 - threshold=0.61 - loss=6.703
/scratch/e0538389/DivClust/engine/trainer.py:41: FutureWarning: `torch.cuda.amp.autocast(args...)` is deprecated. Please use `torch.amp.autocast('cuda', args...)` instead.
  with autocast(self.mixed_precision):
[2026-03-30 11:44:06](logger.py 179): id=CC_FMNIST_C10CFG_K20_E100_DT_0_5 | Ep. 46/100 - Step 200/273 (2.3 it/s) |##############      | - loss_cc=4.555 - loss_ce=2.129 - loss_ne=0.0182 - loss_div=0.00136 - threshold=0.609 - loss=6.704
/scratch/e0538389/DivClust/engine/trainer.py:41: FutureWarning: `torch.cuda.amp.autocast(args...)` is deprecated. Please use `torch.amp.autocast('cuda', args...)` instead.
  with autocast(self.mixed_precision):
/scratch/e0538389/DivClust/engine/trainer.py:41: FutureWarning: `torch.cuda.amp.autocast(args...)` is deprecated. Please use `torch.amp.autocast('cuda', args...)` instead.
  with autocast(self.mixed_precision):
[2026-03-30 11:44:17](logger.py 179): id=CC_FMNIST_C10CFG_K20_E100_DT_0_5 | Ep. 46/100 - Step 225/273 (2.29 it/s) |################    | - loss_cc=4.555 - loss_ce=2.129 - loss_ne=0.0182 - loss_div=0.00128 - threshold=0.608 - loss=6.704
/scratch/e0538389/DivClust/engine/trainer.py:41: FutureWarning: `torch.cuda.amp.autocast(args...)` is deprecated. Please use `torch.amp.autocast('cuda', args...)` instead.
  with autocast(self.mixed_precision):
[2026-03-30 11:44:28](logger.py 179): id=CC_FMNIST_C10CFG_K20_E100_DT_0_5 | Ep. 46/100 - Step 250/273 (2.29 it/s) |##################  | - loss_cc=4.555 - loss_ce=2.129 - loss_ne=0.0182 - loss_div=0.00119 - threshold=0.609 - loss=6.703
/scratch/e0538389/DivClust/engine/trainer.py:41: FutureWarning: `torch.cuda.amp.autocast(args...)` is deprecated. Please use `torch.amp.autocast('cuda', args...)` instead.
  with autocast(self.mixed_precision):
[2026-03-30 11:44:37](logger.py 179): id=CC_FMNIST_C10CFG_K20_E100_DT_0_5 | Ep. 46/100 | Time: 00:01 | loss_cc=4.555 - loss_ce=2.129 - loss_ne=0.0181 - loss_div=0.00109 - threshold=0.61 - loss=6.703
[2026-03-30 11:44:40](logger.py 179): id=CC_FMNIST_C10CFG_K20_E100_DT_0_5 | Ep. 47/100 - Step 0/273 (0.0 it/s) |                    | - loss_cc=4.52 - loss_ce=2.111 - loss_ne=0.0212 - loss_div=0.0 - threshold=0.624 - loss=6.653
/scratch/e0538389/DivClust/engine/trainer.py:41: FutureWarning: `torch.cuda.amp.autocast(args...)` is deprecated. Please use `torch.amp.autocast('cuda', args...)` instead.
  with autocast(self.mixed_precision):
[2026-03-30 11:44:50](logger.py 179): id=CC_FMNIST_C10CFG_K20_E100_DT_0_5 | Ep. 47/100 - Step 25/273 (2.32 it/s) |#                   | - loss_cc=4.543 - loss_ce=2.122 - loss_ne=0.0185 - loss_div=0.000734 - threshold=0.62 - loss=6.685
/scratch/e0538389/DivClust/engine/trainer.py:41: FutureWarning: `torch.cuda.amp.autocast(args...)` is deprecated. Please use `torch.amp.autocast('cuda', args...)` instead.
  with autocast(self.mixed_precision):
/scratch/e0538389/DivClust/engine/trainer.py:41: FutureWarning: `torch.cuda.amp.autocast(args...)` is deprecated. Please use `torch.amp.autocast('cuda', args...)` instead.
  with autocast(self.mixed_precision):
[2026-03-30 11:45:02](logger.py 179): id=CC_FMNIST_C10CFG_K20_E100_DT_0_5 | Ep. 47/100 - Step 50/273 (2.27 it/s) |###                 | - loss_cc=4.548 - loss_ce=2.125 - loss_ne=0.018 - loss_div=0.000956 - threshold=0.616 - loss=6.691
/scratch/e0538389/DivClust/engine/trainer.py:41: FutureWarning: `torch.cuda.amp.autocast(args...)` is deprecated. Please use `torch.amp.autocast('cuda', args...)` instead.
  with autocast(self.mixed_precision):
[2026-03-30 11:45:12](logger.py 179): id=CC_FMNIST_C10CFG_K20_E100_DT_0_5 | Ep. 47/100 - Step 75/273 (2.29 it/s) |#####               | - loss_cc=4.55 - loss_ce=2.126 - loss_ne=0.018 - loss_div=0.00154 - threshold=0.612 - loss=6.696
/scratch/e0538389/DivClust/engine/trainer.py:41: FutureWarning: `torch.cuda.amp.autocast(args...)` is deprecated. Please use `torch.amp.autocast('cuda', args...)` instead.
  with autocast(self.mixed_precision):
[2026-03-30 11:45:23](logger.py 179): id=CC_FMNIST_C10CFG_K20_E100_DT_0_5 | Ep. 47/100 - Step 100/273 (2.3 it/s) |#######             | - loss_cc=4.551 - loss_ce=2.127 - loss_ne=0.0181 - loss_div=0.00205 - threshold=0.608 - loss=6.698
/scratch/e0538389/DivClust/engine/trainer.py:41: FutureWarning: `torch.cuda.amp.autocast(args...)` is deprecated. Please use `torch.amp.autocast('cuda', args...)` instead.
  with autocast(self.mixed_precision):
[2026-03-30 11:45:34](logger.py 179): id=CC_FMNIST_C10CFG_K20_E100_DT_0_5 | Ep. 47/100 - Step 125/273 (2.3 it/s) |#########           | - loss_cc=4.552 - loss_ce=2.128 - loss_ne=0.0181 - loss_div=0.00187 - threshold=0.606 - loss=6.7
/scratch/e0538389/DivClust/engine/trainer.py:41: FutureWarning: `torch.cuda.amp.autocast(args...)` is deprecated. Please use `torch.amp.autocast('cuda', args...)` instead.
  with autocast(self.mixed_precision):
/scratch/e0538389/DivClust/engine/trainer.py:41: FutureWarning: `torch.cuda.amp.autocast(args...)` is deprecated. Please use `torch.amp.autocast('cuda', args...)` instead.
  with autocast(self.mixed_precision):
[2026-03-30 11:45:45](logger.py 179): id=CC_FMNIST_C10CFG_K20_E100_DT_0_5 | Ep. 47/100 - Step 150/273 (2.29 it/s) |##########          | - loss_cc=4.553 - loss_ce=2.128 - loss_ne=0.0181 - loss_div=0.00167 - threshold=0.606 - loss=6.7
/scratch/e0538389/DivClust/engine/trainer.py:41: FutureWarning: `torch.cuda.amp.autocast(args...)` is deprecated. Please use `torch.amp.autocast('cuda', args...)` instead.
  with autocast(self.mixed_precision):
[2026-03-30 11:45:56](logger.py 179): id=CC_FMNIST_C10CFG_K20_E100_DT_0_5 | Ep. 47/100 - Step 175/273 (2.29 it/s) |############        | - loss_cc=4.553 - loss_ce=2.128 - loss_ne=0.018 - loss_div=0.00149 - threshold=0.607 - loss=6.7
/scratch/e0538389/DivClust/engine/trainer.py:41: FutureWarning: `torch.cuda.amp.autocast(args...)` is deprecated. Please use `torch.amp.autocast('cuda', args...)` instead.
  with autocast(self.mixed_precision):
[2026-03-30 11:46:07](logger.py 179): id=CC_FMNIST_C10CFG_K20_E100_DT_0_5 | Ep. 47/100 - Step 200/273 (2.3 it/s) |##############      | - loss_cc=4.554 - loss_ce=2.128 - loss_ne=0.018 - loss_div=0.00135 - threshold=0.608 - loss=6.701
/scratch/e0538389/DivClust/engine/trainer.py:41: FutureWarning: `torch.cuda.amp.autocast(args...)` is deprecated. Please use `torch.amp.autocast('cuda', args...)` instead.
  with autocast(self.mixed_precision):
[2026-03-30 11:46:17](logger.py 179): id=CC_FMNIST_C10CFG_K20_E100_DT_0_5 | Ep. 47/100 - Step 225/273 (2.3 it/s) |################    | - loss_cc=4.554 - loss_ce=2.128 - loss_ne=0.0181 - loss_div=0.00126 - threshold=0.608 - loss=6.701
/scratch/e0538389/DivClust/engine/trainer.py:41: FutureWarning: `torch.cuda.amp.autocast(args...)` is deprecated. Please use `torch.amp.autocast('cuda', args...)` instead.
  with autocast(self.mixed_precision):
/scratch/e0538389/DivClust/engine/trainer.py:41: FutureWarning: `torch.cuda.amp.autocast(args...)` is deprecated. Please use `torch.amp.autocast('cuda', args...)` instead.
  with autocast(self.mixed_precision):
[2026-03-30 11:46:29](logger.py 179): id=CC_FMNIST_C10CFG_K20_E100_DT_0_5 | Ep. 47/100 - Step 250/273 (2.29 it/s) |##################  | - loss_cc=4.554 - loss_ce=2.128 - loss_ne=0.0181 - loss_div=0.00125 - threshold=0.609 - loss=6.702
/scratch/e0538389/DivClust/engine/trainer.py:41: FutureWarning: `torch.cuda.amp.autocast(args...)` is deprecated. Please use `torch.amp.autocast('cuda', args...)` instead.
  with autocast(self.mixed_precision):
[2026-03-30 11:46:38](logger.py 179): id=CC_FMNIST_C10CFG_K20_E100_DT_0_5 | Ep. 47/100 | Time: 00:01 | loss_cc=4.554 - loss_ce=2.128 - loss_ne=0.0184 - loss_div=0.00133 - threshold=0.608 - loss=6.702
[2026-03-30 11:46:41](logger.py 179): id=CC_FMNIST_C10CFG_K20_E100_DT_0_5 | Ep. 48/100 - Step 0/273 (0.0 it/s) |                    | - loss_cc=4.55 - loss_ce=2.133 - loss_ne=0.0154 - loss_div=0.00121 - threshold=0.599 - loss=6.7
/scratch/e0538389/DivClust/engine/trainer.py:41: FutureWarning: `torch.cuda.amp.autocast(args...)` is deprecated. Please use `torch.amp.autocast('cuda', args...)` instead.
  with autocast(self.mixed_precision):
[2026-03-30 11:46:51](logger.py 179): id=CC_FMNIST_C10CFG_K20_E100_DT_0_5 | Ep. 48/100 - Step 25/273 (2.38 it/s) |#                   | - loss_cc=4.553 - loss_ce=2.129 - loss_ne=0.017 - loss_div=0.00191 - threshold=0.601 - loss=6.701
/scratch/e0538389/DivClust/engine/trainer.py:41: FutureWarning: `torch.cuda.amp.autocast(args...)` is deprecated. Please use `torch.amp.autocast('cuda', args...)` instead.
  with autocast(self.mixed_precision):
[2026-03-30 11:47:02](logger.py 179): id=CC_FMNIST_C10CFG_K20_E100_DT_0_5 | Ep. 48/100 - Step 50/273 (2.38 it/s) |###                 | - loss_cc=4.554 - loss_ce=2.129 - loss_ne=0.0185 - loss_div=0.00133 - threshold=0.605 - loss=6.703
/scratch/e0538389/DivClust/engine/trainer.py:41: FutureWarning: `torch.cuda.amp.autocast(args...)` is deprecated. Please use `torch.amp.autocast('cuda', args...)` instead.
  with autocast(self.mixed_precision):
[2026-03-30 11:47:12](logger.py 179): id=CC_FMNIST_C10CFG_K20_E100_DT_0_5 | Ep. 48/100 - Step 75/273 (2.39 it/s) |#####               | - loss_cc=4.555 - loss_ce=2.13 - loss_ne=0.0182 - loss_div=0.00155 - threshold=0.605 - loss=6.705
/scratch/e0538389/DivClust/engine/trainer.py:41: FutureWarning: `torch.cuda.amp.autocast(args...)` is deprecated. Please use `torch.amp.autocast('cuda', args...)` instead.
  with autocast(self.mixed_precision):
/scratch/e0538389/DivClust/engine/trainer.py:41: FutureWarning: `torch.cuda.amp.autocast(args...)` is deprecated. Please use `torch.amp.autocast('cuda', args...)` instead.
  with autocast(self.mixed_precision):
[2026-03-30 11:47:23](logger.py 179): id=CC_FMNIST_C10CFG_K20_E100_DT_0_5 | Ep. 48/100 - Step 100/273 (2.36 it/s) |#######             | - loss_cc=4.555 - loss_ce=2.13 - loss_ne=0.018 - loss_div=0.00151 - threshold=0.604 - loss=6.704
/scratch/e0538389/DivClust/engine/trainer.py:41: FutureWarning: `torch.cuda.amp.autocast(args...)` is deprecated. Please use `torch.amp.autocast('cuda', args...)` instead.
  with autocast(self.mixed_precision):
[2026-03-30 11:47:34](logger.py 179): id=CC_FMNIST_C10CFG_K20_E100_DT_0_5 | Ep. 48/100 - Step 125/273 (2.35 it/s) |#########           | - loss_cc=4.553 - loss_ce=2.129 - loss_ne=0.018 - loss_div=0.00135 - threshold=0.605 - loss=6.702
/scratch/e0538389/DivClust/engine/trainer.py:41: FutureWarning: `torch.cuda.amp.autocast(args...)` is deprecated. Please use `torch.amp.autocast('cuda', args...)` instead.
  with autocast(self.mixed_precision):
[2026-03-30 11:47:44](logger.py 179): id=CC_FMNIST_C10CFG_K20_E100_DT_0_5 | Ep. 48/100 - Step 150/273 (2.36 it/s) |##########          | - loss_cc=4.552 - loss_ce=2.128 - loss_ne=0.018 - loss_div=0.00122 - threshold=0.605 - loss=6.699
/scratch/e0538389/DivClust/engine/trainer.py:41: FutureWarning: `torch.cuda.amp.autocast(args...)` is deprecated. Please use `torch.amp.autocast('cuda', args...)` instead.
  with autocast(self.mixed_precision):
[2026-03-30 11:47:55](logger.py 179): id=CC_FMNIST_C10CFG_K20_E100_DT_0_5 | Ep. 48/100 - Step 175/273 (2.36 it/s) |############        | - loss_cc=4.552 - loss_ce=2.128 - loss_ne=0.0178 - loss_div=0.00112 - threshold=0.606 - loss=6.699
/scratch/e0538389/DivClust/engine/trainer.py:41: FutureWarning: `torch.cuda.amp.autocast(args...)` is deprecated. Please use `torch.amp.autocast('cuda', args...)` instead.
  with autocast(self.mixed_precision):
/scratch/e0538389/DivClust/engine/trainer.py:41: FutureWarning: `torch.cuda.amp.autocast(args...)` is deprecated. Please use `torch.amp.autocast('cuda', args...)` instead.
  with autocast(self.mixed_precision):
[2026-03-30 11:48:06](logger.py 179): id=CC_FMNIST_C10CFG_K20_E100_DT_0_5 | Ep. 48/100 - Step 200/273 (2.34 it/s) |##############      | - loss_cc=4.552 - loss_ce=2.128 - loss_ne=0.0179 - loss_div=0.00135 - threshold=0.605 - loss=6.699
/scratch/e0538389/DivClust/engine/trainer.py:41: FutureWarning: `torch.cuda.amp.autocast(args...)` is deprecated. Please use `torch.amp.autocast('cuda', args...)` instead.
  with autocast(self.mixed_precision):
[2026-03-30 11:48:17](logger.py 179): id=CC_FMNIST_C10CFG_K20_E100_DT_0_5 | Ep. 48/100 - Step 225/273 (2.34 it/s) |################    | - loss_cc=4.552 - loss_ce=2.128 - loss_ne=0.0179 - loss_div=0.00127 - threshold=0.605 - loss=6.699
/scratch/e0538389/DivClust/engine/trainer.py:41: FutureWarning: `torch.cuda.amp.autocast(args...)` is deprecated. Please use `torch.amp.autocast('cuda', args...)` instead.
  with autocast(self.mixed_precision):
[2026-03-30 11:48:28](logger.py 179): id=CC_FMNIST_C10CFG_K20_E100_DT_0_5 | Ep. 48/100 - Step 250/273 (2.34 it/s) |##################  | - loss_cc=4.551 - loss_ce=2.128 - loss_ne=0.018 - loss_div=0.00126 - threshold=0.605 - loss=6.698
/scratch/e0538389/DivClust/engine/trainer.py:41: FutureWarning: `torch.cuda.amp.autocast(args...)` is deprecated. Please use `torch.amp.autocast('cuda', args...)` instead.
  with autocast(self.mixed_precision):
[2026-03-30 11:48:37](logger.py 179): id=CC_FMNIST_C10CFG_K20_E100_DT_0_5 | Ep. 48/100 | Time: 00:01 | loss_cc=4.551 - loss_ce=2.128 - loss_ne=0.018 - loss_div=0.00117 - threshold=0.606 - loss=6.698
[2026-03-30 11:48:39](logger.py 179): id=CC_FMNIST_C10CFG_K20_E100_DT_0_5 | Ep. 49/100 - Step 0/273 (0.0 it/s) |                    | - loss_cc=4.55 - loss_ce=2.124 - loss_ne=0.00856 - loss_div=0.0 - threshold=0.617 - loss=6.682
/scratch/e0538389/DivClust/engine/trainer.py:41: FutureWarning: `torch.cuda.amp.autocast(args...)` is deprecated. Please use `torch.amp.autocast('cuda', args...)` instead.
  with autocast(self.mixed_precision):
/scratch/e0538389/DivClust/engine/trainer.py:41: FutureWarning: `torch.cuda.amp.autocast(args...)` is deprecated. Please use `torch.amp.autocast('cuda', args...)` instead.
  with autocast(self.mixed_precision):
[2026-03-30 11:48:50](logger.py 179): id=CC_FMNIST_C10CFG_K20_E100_DT_0_5 | Ep. 49/100 - Step 25/273 (2.22 it/s) |#                   | - loss_cc=4.552 - loss_ce=2.127 - loss_ne=0.018 - loss_div=0.00133 - threshold=0.611 - loss=6.698
/scratch/e0538389/DivClust/engine/trainer.py:41: FutureWarning: `torch.cuda.amp.autocast(args...)` is deprecated. Please use `torch.amp.autocast('cuda', args...)` instead.
  with autocast(self.mixed_precision):
[2026-03-30 11:49:01](logger.py 179): id=CC_FMNIST_C10CFG_K20_E100_DT_0_5 | Ep. 49/100 - Step 50/273 (2.27 it/s) |###                 | - loss_cc=4.549 - loss_ce=2.126 - loss_ne=0.018 - loss_div=0.00105 - threshold=0.608 - loss=6.694
/scratch/e0538389/DivClust/engine/trainer.py:41: FutureWarning: `torch.cuda.amp.autocast(args...)` is deprecated. Please use `torch.amp.autocast('cuda', args...)` instead.
  with autocast(self.mixed_precision):
[2026-03-30 11:49:12](logger.py 179): id=CC_FMNIST_C10CFG_K20_E100_DT_0_5 | Ep. 49/100 - Step 75/273 (2.29 it/s) |#####               | - loss_cc=4.549 - loss_ce=2.126 - loss_ne=0.0176 - loss_div=0.0011 - threshold=0.608 - loss=6.694
/scratch/e0538389/DivClust/engine/trainer.py:41: FutureWarning: `torch.cuda.amp.autocast(args...)` is deprecated. Please use `torch.amp.autocast('cuda', args...)` instead.
  with autocast(self.mixed_precision):
[2026-03-30 11:49:23](logger.py 179): id=CC_FMNIST_C10CFG_K20_E100_DT_0_5 | Ep. 49/100 - Step 100/273 (2.29 it/s) |#######             | - loss_cc=4.549 - loss_ce=2.126 - loss_ne=0.0175 - loss_div=0.00123 - threshold=0.606 - loss=6.694
/scratch/e0538389/DivClust/engine/trainer.py:41: FutureWarning: `torch.cuda.amp.autocast(args...)` is deprecated. Please use `torch.amp.autocast('cuda', args...)` instead.
  with autocast(self.mixed_precision):
/scratch/e0538389/DivClust/engine/trainer.py:41: FutureWarning: `torch.cuda.amp.autocast(args...)` is deprecated. Please use `torch.amp.autocast('cuda', args...)` instead.
  with autocast(self.mixed_precision):
[2026-03-30 11:49:34](logger.py 179): id=CC_FMNIST_C10CFG_K20_E100_DT_0_5 | Ep. 49/100 - Step 125/273 (2.28 it/s) |#########           | - loss_cc=4.546 - loss_ce=2.126 - loss_ne=0.0176 - loss_div=0.00117 - threshold=0.606 - loss=6.691
/scratch/e0538389/DivClust/engine/trainer.py:41: FutureWarning: `torch.cuda.amp.autocast(args...)` is deprecated. Please use `torch.amp.autocast('cuda', args...)` instead.
  with autocast(self.mixed_precision):
[2026-03-30 11:49:45](logger.py 179): id=CC_FMNIST_C10CFG_K20_E100_DT_0_5 | Ep. 49/100 - Step 150/273 (2.29 it/s) |##########          | - loss_cc=4.548 - loss_ce=2.126 - loss_ne=0.0174 - loss_div=0.00117 - threshold=0.605 - loss=6.692
/scratch/e0538389/DivClust/engine/trainer.py:41: FutureWarning: `torch.cuda.amp.autocast(args...)` is deprecated. Please use `torch.amp.autocast('cuda', args...)` instead.
  with autocast(self.mixed_precision):
[2026-03-30 11:49:56](logger.py 179): id=CC_FMNIST_C10CFG_K20_E100_DT_0_5 | Ep. 49/100 - Step 175/273 (2.29 it/s) |############        | - loss_cc=4.548 - loss_ce=2.126 - loss_ne=0.0173 - loss_div=0.0011 - threshold=0.605 - loss=6.693
/scratch/e0538389/DivClust/engine/trainer.py:41: FutureWarning: `torch.cuda.amp.autocast(args...)` is deprecated. Please use `torch.amp.autocast('cuda', args...)` instead.
  with autocast(self.mixed_precision):
[2026-03-30 11:50:06](logger.py 179): id=CC_FMNIST_C10CFG_K20_E100_DT_0_5 | Ep. 49/100 - Step 200/273 (2.3 it/s) |##############      | - loss_cc=4.548 - loss_ce=2.126 - loss_ne=0.017 - loss_div=0.00105 - threshold=0.605 - loss=6.692
/scratch/e0538389/DivClust/engine/trainer.py:41: FutureWarning: `torch.cuda.amp.autocast(args...)` is deprecated. Please use `torch.amp.autocast('cuda', args...)` instead.
  with autocast(self.mixed_precision):
/scratch/e0538389/DivClust/engine/trainer.py:41: FutureWarning: `torch.cuda.amp.autocast(args...)` is deprecated. Please use `torch.amp.autocast('cuda', args...)` instead.
  with autocast(self.mixed_precision):
[2026-03-30 11:50:17](logger.py 179): id=CC_FMNIST_C10CFG_K20_E100_DT_0_5 | Ep. 49/100 - Step 225/273 (2.29 it/s) |################    | - loss_cc=4.549 - loss_ce=2.126 - loss_ne=0.0171 - loss_div=0.00116 - threshold=0.604 - loss=6.693
/scratch/e0538389/DivClust/engine/trainer.py:41: FutureWarning: `torch.cuda.amp.autocast(args...)` is deprecated. Please use `torch.amp.autocast('cuda', args...)` instead.
  with autocast(self.mixed_precision):
[2026-03-30 11:50:28](logger.py 179): id=CC_FMNIST_C10CFG_K20_E100_DT_0_5 | Ep. 49/100 - Step 250/273 (2.29 it/s) |##################  | - loss_cc=4.549 - loss_ce=2.127 - loss_ne=0.0171 - loss_div=0.00108 - threshold=0.605 - loss=6.694
/scratch/e0538389/DivClust/engine/trainer.py:41: FutureWarning: `torch.cuda.amp.autocast(args...)` is deprecated. Please use `torch.amp.autocast('cuda', args...)` instead.
  with autocast(self.mixed_precision):
[2026-03-30 11:50:38](logger.py 179): id=CC_FMNIST_C10CFG_K20_E100_DT_0_5 | Ep. 49/100 | Time: 00:01 | loss_cc=4.549 - loss_ce=2.127 - loss_ne=0.0172 - loss_div=0.00102 - threshold=0.605 - loss=6.694
[2026-03-30 11:50:40](logger.py 179): id=CC_FMNIST_C10CFG_K20_E100_DT_0_5 | Ep. 50/100 - Step 0/273 (0.0 it/s) |                    | - loss_cc=4.54 - loss_ce=2.128 - loss_ne=0.0139 - loss_div=0.000192 - threshold=0.616 - loss=6.682
/scratch/e0538389/DivClust/engine/trainer.py:41: FutureWarning: `torch.cuda.amp.autocast(args...)` is deprecated. Please use `torch.amp.autocast('cuda', args...)` instead.
  with autocast(self.mixed_precision):
[2026-03-30 11:50:51](logger.py 179): id=CC_FMNIST_C10CFG_K20_E100_DT_0_5 | Ep. 50/100 - Step 25/273 (2.31 it/s) |#                   | - loss_cc=4.546 - loss_ce=2.126 - loss_ne=0.0172 - loss_div=3.22e-05 - threshold=0.62 - loss=6.689
/scratch/e0538389/DivClust/engine/trainer.py:41: FutureWarning: `torch.cuda.amp.autocast(args...)` is deprecated. Please use `torch.amp.autocast('cuda', args...)` instead.
  with autocast(self.mixed_precision):
[2026-03-30 11:51:02](logger.py 179): id=CC_FMNIST_C10CFG_K20_E100_DT_0_5 | Ep. 50/100 - Step 50/273 (2.26 it/s) |###                 | - loss_cc=4.547 - loss_ce=2.126 - loss_ne=0.0174 - loss_div=0.000234 - threshold=0.619 - loss=6.691
/scratch/e0538389/DivClust/engine/trainer.py:41: FutureWarning: `torch.cuda.amp.autocast(args...)` is deprecated. Please use `torch.amp.autocast('cuda', args...)` instead.
  with autocast(self.mixed_precision):
/scratch/e0538389/DivClust/engine/trainer.py:41: FutureWarning: `torch.cuda.amp.autocast(args...)` is deprecated. Please use `torch.amp.autocast('cuda', args...)` instead.
  with autocast(self.mixed_precision):
[2026-03-30 11:51:13](logger.py 179): id=CC_FMNIST_C10CFG_K20_E100_DT_0_5 | Ep. 50/100 - Step 75/273 (2.27 it/s) |#####               | - loss_cc=4.547 - loss_ce=2.126 - loss_ne=0.0172 - loss_div=0.000739 - threshold=0.615 - loss=6.691
/scratch/e0538389/DivClust/engine/trainer.py:41: FutureWarning: `torch.cuda.amp.autocast(args...)` is deprecated. Please use `torch.amp.autocast('cuda', args...)` instead.
  with autocast(self.mixed_precision):
[2026-03-30 11:51:24](logger.py 179): id=CC_FMNIST_C10CFG_K20_E100_DT_0_5 | Ep. 50/100 - Step 100/273 (2.28 it/s) |#######             | - loss_cc=4.546 - loss_ce=2.125 - loss_ne=0.0176 - loss_div=0.00119 - threshold=0.612 - loss=6.69
/scratch/e0538389/DivClust/engine/trainer.py:41: FutureWarning: `torch.cuda.amp.autocast(args...)` is deprecated. Please use `torch.amp.autocast('cuda', args...)` instead.
  with autocast(self.mixed_precision):
[2026-03-30 11:51:35](logger.py 179): id=CC_FMNIST_C10CFG_K20_E100_DT_0_5 | Ep. 50/100 - Step 125/273 (2.29 it/s) |#########           | - loss_cc=4.548 - loss_ce=2.126 - loss_ne=0.0176 - loss_div=0.00123 - threshold=0.61 - loss=6.692
/scratch/e0538389/DivClust/engine/trainer.py:41: FutureWarning: `torch.cuda.amp.autocast(args...)` is deprecated. Please use `torch.amp.autocast('cuda', args...)` instead.
  with autocast(self.mixed_precision):
[2026-03-30 11:51:46](logger.py 179): id=CC_FMNIST_C10CFG_K20_E100_DT_0_5 | Ep. 50/100 - Step 150/273 (2.28 it/s) |##########          | - loss_cc=4.547 - loss_ce=2.126 - loss_ne=0.0177 - loss_div=0.00113 - threshold=0.61 - loss=6.692
/scratch/e0538389/DivClust/engine/trainer.py:41: FutureWarning: `torch.cuda.amp.autocast(args...)` is deprecated. Please use `torch.amp.autocast('cuda', args...)` instead.
  with autocast(self.mixed_precision):
/scratch/e0538389/DivClust/engine/trainer.py:41: FutureWarning: `torch.cuda.amp.autocast(args...)` is deprecated. Please use `torch.amp.autocast('cuda', args...)` instead.
  with autocast(self.mixed_precision):
[2026-03-30 11:51:57](logger.py 179): id=CC_FMNIST_C10CFG_K20_E100_DT_0_5 | Ep. 50/100 - Step 175/273 (2.29 it/s) |############        | - loss_cc=4.548 - loss_ce=2.126 - loss_ne=0.0178 - loss_div=0.00114 - threshold=0.609 - loss=6.694
/scratch/e0538389/DivClust/engine/trainer.py:41: FutureWarning: `torch.cuda.amp.autocast(args...)` is deprecated. Please use `torch.amp.autocast('cuda', args...)` instead.
  with autocast(self.mixed_precision):
[2026-03-30 11:52:07](logger.py 179): id=CC_FMNIST_C10CFG_K20_E100_DT_0_5 | Ep. 50/100 - Step 200/273 (2.29 it/s) |##############      | - loss_cc=4.548 - loss_ce=2.126 - loss_ne=0.0176 - loss_div=0.00102 - threshold=0.609 - loss=6.693
/scratch/e0538389/DivClust/engine/trainer.py:41: FutureWarning: `torch.cuda.amp.autocast(args...)` is deprecated. Please use `torch.amp.autocast('cuda', args...)` instead.
  with autocast(self.mixed_precision):
[2026-03-30 11:52:18](logger.py 179): id=CC_FMNIST_C10CFG_K20_E100_DT_0_5 | Ep. 50/100 - Step 225/273 (2.29 it/s) |################    | - loss_cc=4.548 - loss_ce=2.126 - loss_ne=0.0177 - loss_div=0.00099 - threshold=0.61 - loss=6.693
/scratch/e0538389/DivClust/engine/trainer.py:41: FutureWarning: `torch.cuda.amp.autocast(args...)` is deprecated. Please use `torch.amp.autocast('cuda', args...)` instead.
  with autocast(self.mixed_precision):
[2026-03-30 11:52:29](logger.py 179): id=CC_FMNIST_C10CFG_K20_E100_DT_0_5 | Ep. 50/100 - Step 250/273 (2.29 it/s) |##################  | - loss_cc=4.548 - loss_ce=2.126 - loss_ne=0.0176 - loss_div=0.00106 - threshold=0.609 - loss=6.693
/scratch/e0538389/DivClust/engine/trainer.py:41: FutureWarning: `torch.cuda.amp.autocast(args...)` is deprecated. Please use `torch.amp.autocast('cuda', args...)` instead.
  with autocast(self.mixed_precision):
/scratch/e0538389/DivClust/engine/trainer.py:41: FutureWarning: `torch.cuda.amp.autocast(args...)` is deprecated. Please use `torch.amp.autocast('cuda', args...)` instead.
  with autocast(self.mixed_precision):
[2026-03-30 11:52:39](logger.py 179): Evaluating
[2026-03-30 11:52:39](logger.py 179): Eval. step 0 of 274
[2026-03-30 11:52:42](logger.py 179): Eval. step 25 of 274
[2026-03-30 11:52:44](logger.py 179): Eval. step 50 of 274
[2026-03-30 11:52:46](logger.py 179): Eval. step 75 of 274
[2026-03-30 11:52:49](logger.py 179): Eval. step 100 of 274
[2026-03-30 11:52:51](logger.py 179): Eval. step 125 of 274
[2026-03-30 11:52:53](logger.py 179): Eval. step 150 of 274
[2026-03-30 11:52:56](logger.py 179): Eval. step 175 of 274
[2026-03-30 11:52:58](logger.py 179): Eval. step 200 of 274
[2026-03-30 11:53:00](logger.py 179): Eval. step 225 of 274
[2026-03-30 11:53:03](logger.py 179): Eval. step 250 of 274
[2026-03-30 11:53:07](logger.py 179): id=CC_FMNIST_C10CFG_K20_E100_DT_0_5 | Ep. 50/100 | Time: 00:02 | loss_cc=4.548 - loss_ce=2.126 - loss_ne=0.0176 - loss_div=0.00117 - threshold=0.608 - loss=6.693 - eval_confidence=0.893 - cluster_acc_0_eval=44.54 - cluster_nmi_0_eval=0.442 - cluster_ari_0_eval=0.293 - cluster_acc_1_eval=41.06 - cluster_nmi_1_eval=0.442 - cluster_ari_1_eval=0.276 - cluster_acc_2_eval=45.88 - cluster_nmi_2_eval=0.458 - cluster_ari_2_eval=0.305 - cluster_acc_3_eval=46.77 - cluster_nmi_3_eval=0.466 - cluster_ari_3_eval=0.298 - cluster_acc_4_eval=42.94 - cluster_nmi_4_eval=0.457 - cluster_ari_4_eval=0.278 - cluster_acc_5_eval=61.16 - cluster_nmi_5_eval=0.573 - cluster_ari_5_eval=0.473 - cluster_acc_6_eval=50.6 - cluster_nmi_6_eval=0.519 - cluster_ari_6_eval=0.359 - cluster_acc_7_eval=42.54 - cluster_nmi_7_eval=0.47 - cluster_ari_7_eval=0.293 - cluster_acc_8_eval=51.77 - cluster_nmi_8_eval=0.524 - cluster_ari_8_eval=0.379 - cluster_acc_9_eval=55.41 - cluster_nmi_9_eval=0.532 - cluster_ari_9_eval=0.412 - cluster_acc_10_eval=52.13 - cluster_nmi_10_eval=0.528 - cluster_ari_10_eval=0.369 - cluster_acc_11_eval=43.22 - cluster_nmi_11_eval=0.476 - cluster_ari_11_eval=0.305 - cluster_acc_12_eval=45.93 - cluster_nmi_12_eval=0.444 - cluster_ari_12_eval=0.291 - cluster_acc_13_eval=43.49 - cluster_nmi_13_eval=0.455 - cluster_ari_13_eval=0.294 - cluster_acc_14_eval=47.11 - cluster_nmi_14_eval=0.493 - cluster_ari_14_eval=0.327 - cluster_acc_15_eval=48.16 - cluster_nmi_15_eval=0.482 - cluster_ari_15_eval=0.307 - cluster_acc_16_eval=48.51 - cluster_nmi_16_eval=0.46 - cluster_ari_16_eval=0.307 - cluster_acc_17_eval=44.01 - cluster_nmi_17_eval=0.447 - cluster_ari_17_eval=0.29 - cluster_acc_18_eval=44.51 - cluster_nmi_18_eval=0.458 - cluster_ari_18_eval=0.303 - cluster_acc_19_eval=39.41 - cluster_nmi_19_eval=0.435 - cluster_ari_19_eval=0.263 - max_cluster_acc_eval=61.16 - mean_cluster_acc_eval=46.96 - min_cluster_acc_eval=39.41 - max_cluster_nmi_eval=0.573 - mean_cluster_nmi_eval=0.478 - min_cluster_nmi_eval=0.435 - max_cluster_ari_eval=0.473 - mean_cluster_ari_eval=0.321 - min_cluster_ari_eval=0.263 - interclustering_nmi_eval=0.491
/scratch/e0538389/DivClust/engine/trainer.py:41: FutureWarning: `torch.cuda.amp.autocast(args...)` is deprecated. Please use `torch.amp.autocast('cuda', args...)` instead.
  with autocast(self.mixed_precision):
[2026-03-30 11:53:09](logger.py 179): id=CC_FMNIST_C10CFG_K20_E100_DT_0_5 | Ep. 51/100 - Step 0/273 (0.0 it/s) |                    | - loss_cc=4.531 - loss_ce=2.118 - loss_ne=0.0182 - loss_div=0.000846 - threshold=0.604 - loss=6.669
/scratch/e0538389/DivClust/engine/trainer.py:41: FutureWarning: `torch.cuda.amp.autocast(args...)` is deprecated. Please use `torch.amp.autocast('cuda', args...)` instead.
  with autocast(self.mixed_precision):
[2026-03-30 11:53:20](logger.py 179): id=CC_FMNIST_C10CFG_K20_E100_DT_0_5 | Ep. 51/100 - Step 25/273 (2.33 it/s) |#                   | - loss_cc=4.556 - loss_ce=2.129 - loss_ne=0.0185 - loss_div=0.00237 - threshold=0.602 - loss=6.705
/scratch/e0538389/DivClust/engine/trainer.py:41: FutureWarning: `torch.cuda.amp.autocast(args...)` is deprecated. Please use `torch.amp.autocast('cuda', args...)` instead.
  with autocast(self.mixed_precision):
[2026-03-30 11:53:30](logger.py 179): id=CC_FMNIST_C10CFG_K20_E100_DT_0_5 | Ep. 51/100 - Step 50/273 (2.33 it/s) |###                 | - loss_cc=4.553 - loss_ce=2.128 - loss_ne=0.0189 - loss_div=0.002 - threshold=0.601 - loss=6.702
/scratch/e0538389/DivClust/engine/trainer.py:41: FutureWarning: `torch.cuda.amp.autocast(args...)` is deprecated. Please use `torch.amp.autocast('cuda', args...)` instead.
  with autocast(self.mixed_precision):
[2026-03-30 11:53:41](logger.py 179): id=CC_FMNIST_C10CFG_K20_E100_DT_0_5 | Ep. 51/100 - Step 75/273 (2.33 it/s) |#####               | - loss_cc=4.551 - loss_ce=2.128 - loss_ne=0.0185 - loss_div=0.00146 - threshold=0.604 - loss=6.698
/scratch/e0538389/DivClust/engine/trainer.py:41: FutureWarning: `torch.cuda.amp.autocast(args...)` is deprecated. Please use `torch.amp.autocast('cuda', args...)` instead.
  with autocast(self.mixed_precision):
/scratch/e0538389/DivClust/engine/trainer.py:41: FutureWarning: `torch.cuda.amp.autocast(args...)` is deprecated. Please use `torch.amp.autocast('cuda', args...)` instead.
  with autocast(self.mixed_precision):
[2026-03-30 11:53:52](logger.py 179): id=CC_FMNIST_C10CFG_K20_E100_DT_0_5 | Ep. 51/100 - Step 100/273 (2.3 it/s) |#######             | - loss_cc=4.55 - loss_ce=2.127 - loss_ne=0.0183 - loss_div=0.00122 - threshold=0.606 - loss=6.697
/scratch/e0538389/DivClust/engine/trainer.py:41: FutureWarning: `torch.cuda.amp.autocast(args...)` is deprecated. Please use `torch.amp.autocast('cuda', args...)` instead.
  with autocast(self.mixed_precision):
[2026-03-30 11:54:03](logger.py 179): id=CC_FMNIST_C10CFG_K20_E100_DT_0_5 | Ep. 51/100 - Step 125/273 (2.3 it/s) |#########           | - loss_cc=4.549 - loss_ce=2.127 - loss_ne=0.0181 - loss_div=0.00126 - threshold=0.606 - loss=6.695
/scratch/e0538389/DivClust/engine/trainer.py:41: FutureWarning: `torch.cuda.amp.autocast(args...)` is deprecated. Please use `torch.amp.autocast('cuda', args...)` instead.
  with autocast(self.mixed_precision):
[2026-03-30 11:54:14](logger.py 179): id=CC_FMNIST_C10CFG_K20_E100_DT_0_5 | Ep. 51/100 - Step 150/273 (2.31 it/s) |##########          | - loss_cc=4.548 - loss_ce=2.126 - loss_ne=0.018 - loss_div=0.00135 - threshold=0.605 - loss=6.694
/scratch/e0538389/DivClust/engine/trainer.py:41: FutureWarning: `torch.cuda.amp.autocast(args...)` is deprecated. Please use `torch.amp.autocast('cuda', args...)` instead.
  with autocast(self.mixed_precision):
[2026-03-30 11:54:25](logger.py 179): id=CC_FMNIST_C10CFG_K20_E100_DT_0_5 | Ep. 51/100 - Step 175/273 (2.31 it/s) |############        | - loss_cc=4.548 - loss_ce=2.126 - loss_ne=0.018 - loss_div=0.00126 - threshold=0.605 - loss=6.693
/scratch/e0538389/DivClust/engine/trainer.py:41: FutureWarning: `torch.cuda.amp.autocast(args...)` is deprecated. Please use `torch.amp.autocast('cuda', args...)` instead.
  with autocast(self.mixed_precision):
/scratch/e0538389/DivClust/engine/trainer.py:41: FutureWarning: `torch.cuda.amp.autocast(args...)` is deprecated. Please use `torch.amp.autocast('cuda', args...)` instead.
  with autocast(self.mixed_precision):
[2026-03-30 11:54:36](logger.py 179): id=CC_FMNIST_C10CFG_K20_E100_DT_0_5 | Ep. 51/100 - Step 200/273 (2.3 it/s) |##############      | - loss_cc=4.548 - loss_ce=2.126 - loss_ne=0.0181 - loss_div=0.00114 - threshold=0.606 - loss=6.693
/scratch/e0538389/DivClust/engine/trainer.py:41: FutureWarning: `torch.cuda.amp.autocast(args...)` is deprecated. Please use `torch.amp.autocast('cuda', args...)` instead.
  with autocast(self.mixed_precision):
[2026-03-30 11:54:47](logger.py 179): id=CC_FMNIST_C10CFG_K20_E100_DT_0_5 | Ep. 51/100 - Step 225/273 (2.3 it/s) |################    | - loss_cc=4.547 - loss_ce=2.126 - loss_ne=0.018 - loss_div=0.00107 - threshold=0.606 - loss=6.692
/scratch/e0538389/DivClust/engine/trainer.py:41: FutureWarning: `torch.cuda.amp.autocast(args...)` is deprecated. Please use `torch.amp.autocast('cuda', args...)` instead.
  with autocast(self.mixed_precision):
[2026-03-30 11:54:57](logger.py 179): id=CC_FMNIST_C10CFG_K20_E100_DT_0_5 | Ep. 51/100 - Step 250/273 (2.3 it/s) |##################  | - loss_cc=4.547 - loss_ce=2.126 - loss_ne=0.018 - loss_div=0.0011 - threshold=0.606 - loss=6.692
/scratch/e0538389/DivClust/engine/trainer.py:41: FutureWarning: `torch.cuda.amp.autocast(args...)` is deprecated. Please use `torch.amp.autocast('cuda', args...)` instead.
  with autocast(self.mixed_precision):
[2026-03-30 11:55:07](logger.py 179): id=CC_FMNIST_C10CFG_K20_E100_DT_0_5 | Ep. 51/100 | Time: 00:01 | loss_cc=4.546 - loss_ce=2.126 - loss_ne=0.018 - loss_div=0.00116 - threshold=0.606 - loss=6.691
[2026-03-30 11:55:09](logger.py 179): id=CC_FMNIST_C10CFG_K20_E100_DT_0_5 | Ep. 52/100 - Step 0/273 (0.0 it/s) |                    | - loss_cc=4.577 - loss_ce=2.139 - loss_ne=0.0168 - loss_div=0.00428 - threshold=0.597 - loss=6.737
/scratch/e0538389/DivClust/engine/trainer.py:41: FutureWarning: `torch.cuda.amp.autocast(args...)` is deprecated. Please use `torch.amp.autocast('cuda', args...)` instead.
  with autocast(self.mixed_precision):
/scratch/e0538389/DivClust/engine/trainer.py:41: FutureWarning: `torch.cuda.amp.autocast(args...)` is deprecated. Please use `torch.amp.autocast('cuda', args...)` instead.
  with autocast(self.mixed_precision):
[2026-03-30 11:55:20](logger.py 179): id=CC_FMNIST_C10CFG_K20_E100_DT_0_5 | Ep. 52/100 - Step 25/273 (2.28 it/s) |#                   | - loss_cc=4.548 - loss_ce=2.127 - loss_ne=0.0187 - loss_div=0.000933 - threshold=0.603 - loss=6.694
/scratch/e0538389/DivClust/engine/trainer.py:41: FutureWarning: `torch.cuda.amp.autocast(args...)` is deprecated. Please use `torch.amp.autocast('cuda', args...)` instead.
  with autocast(self.mixed_precision):
[2026-03-30 11:55:31](logger.py 179): id=CC_FMNIST_C10CFG_K20_E100_DT_0_5 | Ep. 52/100 - Step 50/273 (2.3 it/s) |###                 | - loss_cc=4.549 - loss_ce=2.127 - loss_ne=0.0179 - loss_div=0.00132 - threshold=0.605 - loss=6.695
/scratch/e0538389/DivClust/engine/trainer.py:41: FutureWarning: `torch.cuda.amp.autocast(args...)` is deprecated. Please use `torch.amp.autocast('cuda', args...)` instead.
  with autocast(self.mixed_precision):
[2026-03-30 11:55:42](logger.py 179): id=CC_FMNIST_C10CFG_K20_E100_DT_0_5 | Ep. 52/100 - Step 75/273 (2.32 it/s) |#####               | - loss_cc=4.55 - loss_ce=2.127 - loss_ne=0.018 - loss_div=0.00162 - threshold=0.604 - loss=6.696
/scratch/e0538389/DivClust/engine/trainer.py:41: FutureWarning: `torch.cuda.amp.autocast(args...)` is deprecated. Please use `torch.amp.autocast('cuda', args...)` instead.
  with autocast(self.mixed_precision):
[2026-03-30 11:55:52](logger.py 179): id=CC_FMNIST_C10CFG_K20_E100_DT_0_5 | Ep. 52/100 - Step 100/273 (2.34 it/s) |#######             | - loss_cc=4.55 - loss_ce=2.127 - loss_ne=0.0185 - loss_div=0.00151 - threshold=0.603 - loss=6.696
/scratch/e0538389/DivClust/engine/trainer.py:41: FutureWarning: `torch.cuda.amp.autocast(args...)` is deprecated. Please use `torch.amp.autocast('cuda', args...)` instead.
  with autocast(self.mixed_precision):
/scratch/e0538389/DivClust/engine/trainer.py:41: FutureWarning: `torch.cuda.amp.autocast(args...)` is deprecated. Please use `torch.amp.autocast('cuda', args...)` instead.
  with autocast(self.mixed_precision):
[2026-03-30 11:56:03](logger.py 179): id=CC_FMNIST_C10CFG_K20_E100_DT_0_5 | Ep. 52/100 - Step 125/273 (2.31 it/s) |#########           | - loss_cc=4.55 - loss_ce=2.127 - loss_ne=0.0183 - loss_div=0.00134 - threshold=0.604 - loss=6.696
/scratch/e0538389/DivClust/engine/trainer.py:41: FutureWarning: `torch.cuda.amp.autocast(args...)` is deprecated. Please use `torch.amp.autocast('cuda', args...)` instead.
  with autocast(self.mixed_precision):
[2026-03-30 11:56:14](logger.py 179): id=CC_FMNIST_C10CFG_K20_E100_DT_0_5 | Ep. 52/100 - Step 150/273 (2.31 it/s) |##########          | - loss_cc=4.547 - loss_ce=2.126 - loss_ne=0.0179 - loss_div=0.00129 - threshold=0.604 - loss=6.693
/scratch/e0538389/DivClust/engine/trainer.py:41: FutureWarning: `torch.cuda.amp.autocast(args...)` is deprecated. Please use `torch.amp.autocast('cuda', args...)` instead.
  with autocast(self.mixed_precision):
[2026-03-30 11:56:25](logger.py 179): id=CC_FMNIST_C10CFG_K20_E100_DT_0_5 | Ep. 52/100 - Step 175/273 (2.32 it/s) |############        | - loss_cc=4.547 - loss_ce=2.126 - loss_ne=0.0178 - loss_div=0.00125 - threshold=0.603 - loss=6.692
/scratch/e0538389/DivClust/engine/trainer.py:41: FutureWarning: `torch.cuda.amp.autocast(args...)` is deprecated. Please use `torch.amp.autocast('cuda', args...)` instead.
  with autocast(self.mixed_precision):
[2026-03-30 11:56:36](logger.py 179): id=CC_FMNIST_C10CFG_K20_E100_DT_0_5 | Ep. 52/100 - Step 200/273 (2.32 it/s) |##############      | - loss_cc=4.546 - loss_ce=2.126 - loss_ne=0.0177 - loss_div=0.00114 - threshold=0.603 - loss=6.691
/scratch/e0538389/DivClust/engine/trainer.py:41: FutureWarning: `torch.cuda.amp.autocast(args...)` is deprecated. Please use `torch.amp.autocast('cuda', args...)` instead.
  with autocast(self.mixed_precision):
/scratch/e0538389/DivClust/engine/trainer.py:41: FutureWarning: `torch.cuda.amp.autocast(args...)` is deprecated. Please use `torch.amp.autocast('cuda', args...)` instead.
  with autocast(self.mixed_precision):
[2026-03-30 11:56:47](logger.py 179): id=CC_FMNIST_C10CFG_K20_E100_DT_0_5 | Ep. 52/100 - Step 225/273 (2.31 it/s) |################    | - loss_cc=4.546 - loss_ce=2.126 - loss_ne=0.0176 - loss_div=0.00115 - threshold=0.604 - loss=6.691
/scratch/e0538389/DivClust/engine/trainer.py:41: FutureWarning: `torch.cuda.amp.autocast(args...)` is deprecated. Please use `torch.amp.autocast('cuda', args...)` instead.
  with autocast(self.mixed_precision):
[2026-03-30 11:56:57](logger.py 179): id=CC_FMNIST_C10CFG_K20_E100_DT_0_5 | Ep. 52/100 - Step 250/273 (2.31 it/s) |##################  | - loss_cc=4.545 - loss_ce=2.125 - loss_ne=0.0175 - loss_div=0.00109 - threshold=0.604 - loss=6.689
/scratch/e0538389/DivClust/engine/trainer.py:41: FutureWarning: `torch.cuda.amp.autocast(args...)` is deprecated. Please use `torch.amp.autocast('cuda', args...)` instead.
  with autocast(self.mixed_precision):
[2026-03-30 11:57:07](logger.py 179): id=CC_FMNIST_C10CFG_K20_E100_DT_0_5 | Ep. 52/100 | Time: 00:01 | loss_cc=4.545 - loss_ce=2.125 - loss_ne=0.0176 - loss_div=0.00104 - threshold=0.605 - loss=6.689
[2026-03-30 11:57:09](logger.py 179): id=CC_FMNIST_C10CFG_K20_E100_DT_0_5 | Ep. 53/100 - Step 0/273 (0.0 it/s) |                    | - loss_cc=4.555 - loss_ce=2.132 - loss_ne=0.00963 - loss_div=0.000244 - threshold=0.609 - loss=6.697
/scratch/e0538389/DivClust/engine/trainer.py:41: FutureWarning: `torch.cuda.amp.autocast(args...)` is deprecated. Please use `torch.amp.autocast('cuda', args...)` instead.
  with autocast(self.mixed_precision):
[2026-03-30 11:57:19](logger.py 179): id=CC_FMNIST_C10CFG_K20_E100_DT_0_5 | Ep. 53/100 - Step 25/273 (2.31 it/s) |#                   | - loss_cc=4.548 - loss_ce=2.126 - loss_ne=0.0187 - loss_div=0.00103 - threshold=0.605 - loss=6.694
/scratch/e0538389/DivClust/engine/trainer.py:41: FutureWarning: `torch.cuda.amp.autocast(args...)` is deprecated. Please use `torch.amp.autocast('cuda', args...)` instead.
  with autocast(self.mixed_precision):
[2026-03-30 11:57:30](logger.py 179): id=CC_FMNIST_C10CFG_K20_E100_DT_0_5 | Ep. 53/100 - Step 50/273 (2.31 it/s) |###                 | - loss_cc=4.546 - loss_ce=2.126 - loss_ne=0.019 - loss_div=0.00206 - threshold=0.602 - loss=6.693
/scratch/e0538389/DivClust/engine/trainer.py:41: FutureWarning: `torch.cuda.amp.autocast(args...)` is deprecated. Please use `torch.amp.autocast('cuda', args...)` instead.
  with autocast(self.mixed_precision):
/scratch/e0538389/DivClust/engine/trainer.py:41: FutureWarning: `torch.cuda.amp.autocast(args...)` is deprecated. Please use `torch.amp.autocast('cuda', args...)` instead.
  with autocast(self.mixed_precision):
[2026-03-30 11:57:42](logger.py 179): id=CC_FMNIST_C10CFG_K20_E100_DT_0_5 | Ep. 53/100 - Step 75/273 (2.28 it/s) |#####               | - loss_cc=4.546 - loss_ce=2.126 - loss_ne=0.0184 - loss_div=0.00153 - threshold=0.602 - loss=6.691
/scratch/e0538389/DivClust/engine/trainer.py:41: FutureWarning: `torch.cuda.amp.autocast(args...)` is deprecated. Please use `torch.amp.autocast('cuda', args...)` instead.
  with autocast(self.mixed_precision):
[2026-03-30 11:57:52](logger.py 179): id=CC_FMNIST_C10CFG_K20_E100_DT_0_5 | Ep. 53/100 - Step 100/273 (2.3 it/s) |#######             | - loss_cc=4.544 - loss_ce=2.125 - loss_ne=0.018 - loss_div=0.00137 - threshold=0.603 - loss=6.688
/scratch/e0538389/DivClust/engine/trainer.py:41: FutureWarning: `torch.cuda.amp.autocast(args...)` is deprecated. Please use `torch.amp.autocast('cuda', args...)` instead.
  with autocast(self.mixed_precision):
[2026-03-30 11:58:03](logger.py 179): id=CC_FMNIST_C10CFG_K20_E100_DT_0_5 | Ep. 53/100 - Step 125/273 (2.31 it/s) |#########           | - loss_cc=4.544 - loss_ce=2.125 - loss_ne=0.0178 - loss_div=0.00121 - threshold=0.604 - loss=6.687
/scratch/e0538389/DivClust/engine/trainer.py:41: FutureWarning: `torch.cuda.amp.autocast(args...)` is deprecated. Please use `torch.amp.autocast('cuda', args...)` instead.
  with autocast(self.mixed_precision):
[2026-03-30 11:58:14](logger.py 179): id=CC_FMNIST_C10CFG_K20_E100_DT_0_5 | Ep. 53/100 - Step 150/273 (2.31 it/s) |##########          | - loss_cc=4.545 - loss_ce=2.125 - loss_ne=0.0181 - loss_div=0.00107 - threshold=0.606 - loss=6.689
/scratch/e0538389/DivClust/engine/trainer.py:41: FutureWarning: `torch.cuda.amp.autocast(args...)` is deprecated. Please use `torch.amp.autocast('cuda', args...)` instead.
  with autocast(self.mixed_precision):
/scratch/e0538389/DivClust/engine/trainer.py:41: FutureWarning: `torch.cuda.amp.autocast(args...)` is deprecated. Please use `torch.amp.autocast('cuda', args...)` instead.
  with autocast(self.mixed_precision):
[2026-03-30 11:58:25](logger.py 179): id=CC_FMNIST_C10CFG_K20_E100_DT_0_5 | Ep. 53/100 - Step 175/273 (2.3 it/s) |############        | - loss_cc=4.544 - loss_ce=2.125 - loss_ne=0.0178 - loss_div=0.00106 - threshold=0.606 - loss=6.688
/scratch/e0538389/DivClust/engine/trainer.py:41: FutureWarning: `torch.cuda.amp.autocast(args...)` is deprecated. Please use `torch.amp.autocast('cuda', args...)` instead.
  with autocast(self.mixed_precision):
[2026-03-30 11:58:36](logger.py 179): id=CC_FMNIST_C10CFG_K20_E100_DT_0_5 | Ep. 53/100 - Step 200/273 (2.3 it/s) |##############      | - loss_cc=4.544 - loss_ce=2.124 - loss_ne=0.0179 - loss_div=0.00115 - threshold=0.605 - loss=6.687
/scratch/e0538389/DivClust/engine/trainer.py:41: FutureWarning: `torch.cuda.amp.autocast(args...)` is deprecated. Please use `torch.amp.autocast('cuda', args...)` instead.
  with autocast(self.mixed_precision):
[2026-03-30 11:58:46](logger.py 179): id=CC_FMNIST_C10CFG_K20_E100_DT_0_5 | Ep. 53/100 - Step 225/273 (2.3 it/s) |################    | - loss_cc=4.543 - loss_ce=2.124 - loss_ne=0.0179 - loss_div=0.0012 - threshold=0.605 - loss=6.687
/scratch/e0538389/DivClust/engine/trainer.py:41: FutureWarning: `torch.cuda.amp.autocast(args...)` is deprecated. Please use `torch.amp.autocast('cuda', args...)` instead.
  with autocast(self.mixed_precision):
[2026-03-30 11:58:57](logger.py 179): id=CC_FMNIST_C10CFG_K20_E100_DT_0_5 | Ep. 53/100 - Step 250/273 (2.3 it/s) |##################  | - loss_cc=4.543 - loss_ce=2.124 - loss_ne=0.0181 - loss_div=0.00114 - threshold=0.605 - loss=6.687
/scratch/e0538389/DivClust/engine/trainer.py:41: FutureWarning: `torch.cuda.amp.autocast(args...)` is deprecated. Please use `torch.amp.autocast('cuda', args...)` instead.
  with autocast(self.mixed_precision):
/scratch/e0538389/DivClust/engine/trainer.py:41: FutureWarning: `torch.cuda.amp.autocast(args...)` is deprecated. Please use `torch.amp.autocast('cuda', args...)` instead.
  with autocast(self.mixed_precision):
[2026-03-30 11:59:07](logger.py 179): id=CC_FMNIST_C10CFG_K20_E100_DT_0_5 | Ep. 53/100 | Time: 00:01 | loss_cc=4.544 - loss_ce=2.124 - loss_ne=0.018 - loss_div=0.00106 - threshold=0.606 - loss=6.687
[2026-03-30 11:59:09](logger.py 179): id=CC_FMNIST_C10CFG_K20_E100_DT_0_5 | Ep. 54/100 - Step 0/273 (0.0 it/s) |                    | - loss_cc=4.525 - loss_ce=2.113 - loss_ne=0.0147 - loss_div=0.0 - threshold=0.608 - loss=6.653
/scratch/e0538389/DivClust/engine/trainer.py:41: FutureWarning: `torch.cuda.amp.autocast(args...)` is deprecated. Please use `torch.amp.autocast('cuda', args...)` instead.
  with autocast(self.mixed_precision):
[2026-03-30 11:59:20](logger.py 179): id=CC_FMNIST_C10CFG_K20_E100_DT_0_5 | Ep. 54/100 - Step 25/273 (2.38 it/s) |#                   | - loss_cc=4.546 - loss_ce=2.125 - loss_ne=0.0169 - loss_div=0.00148 - threshold=0.607 - loss=6.69
/scratch/e0538389/DivClust/engine/trainer.py:41: FutureWarning: `torch.cuda.amp.autocast(args...)` is deprecated. Please use `torch.amp.autocast('cuda', args...)` instead.
  with autocast(self.mixed_precision):
[2026-03-30 11:59:30](logger.py 179): id=CC_FMNIST_C10CFG_K20_E100_DT_0_5 | Ep. 54/100 - Step 50/273 (2.38 it/s) |###                 | - loss_cc=4.541 - loss_ce=2.124 - loss_ne=0.0171 - loss_div=0.00166 - threshold=0.603 - loss=6.683
/scratch/e0538389/DivClust/engine/trainer.py:41: FutureWarning: `torch.cuda.amp.autocast(args...)` is deprecated. Please use `torch.amp.autocast('cuda', args...)` instead.
  with autocast(self.mixed_precision):
[2026-03-30 11:59:41](logger.py 179): id=CC_FMNIST_C10CFG_K20_E100_DT_0_5 | Ep. 54/100 - Step 75/273 (2.39 it/s) |#####               | - loss_cc=4.542 - loss_ce=2.124 - loss_ne=0.0176 - loss_div=0.00145 - threshold=0.602 - loss=6.685
/scratch/e0538389/DivClust/engine/trainer.py:41: FutureWarning: `torch.cuda.amp.autocast(args...)` is deprecated. Please use `torch.amp.autocast('cuda', args...)` instead.
  with autocast(self.mixed_precision):
/scratch/e0538389/DivClust/engine/trainer.py:41: FutureWarning: `torch.cuda.amp.autocast(args...)` is deprecated. Please use `torch.amp.autocast('cuda', args...)` instead.
  with autocast(self.mixed_precision):
[2026-03-30 11:59:51](logger.py 179): id=CC_FMNIST_C10CFG_K20_E100_DT_0_5 | Ep. 54/100 - Step 100/273 (2.37 it/s) |#######             | - loss_cc=4.543 - loss_ce=2.124 - loss_ne=0.018 - loss_div=0.00124 - threshold=0.604 - loss=6.686
/scratch/e0538389/DivClust/engine/trainer.py:41: FutureWarning: `torch.cuda.amp.autocast(args...)` is deprecated. Please use `torch.amp.autocast('cuda', args...)` instead.
  with autocast(self.mixed_precision):
[2026-03-30 12:00:02](logger.py 179): id=CC_FMNIST_C10CFG_K20_E100_DT_0_5 | Ep. 54/100 - Step 125/273 (2.37 it/s) |#########           | - loss_cc=4.543 - loss_ce=2.124 - loss_ne=0.0175 - loss_div=0.00101 - threshold=0.606 - loss=6.686
/scratch/e0538389/DivClust/engine/trainer.py:41: FutureWarning: `torch.cuda.amp.autocast(args...)` is deprecated. Please use `torch.amp.autocast('cuda', args...)` instead.
  with autocast(self.mixed_precision):
[2026-03-30 12:00:12](logger.py 179): id=CC_FMNIST_C10CFG_K20_E100_DT_0_5 | Ep. 54/100 - Step 150/273 (2.38 it/s) |##########          | - loss_cc=4.544 - loss_ce=2.124 - loss_ne=0.0178 - loss_div=0.000896 - threshold=0.608 - loss=6.686
/scratch/e0538389/DivClust/engine/trainer.py:41: FutureWarning: `torch.cuda.amp.autocast(args...)` is deprecated. Please use `torch.amp.autocast('cuda', args...)` instead.
  with autocast(self.mixed_precision):
[2026-03-30 12:00:23](logger.py 179): id=CC_FMNIST_C10CFG_K20_E100_DT_0_5 | Ep. 54/100 - Step 175/273 (2.38 it/s) |############        | - loss_cc=4.543 - loss_ce=2.124 - loss_ne=0.0175 - loss_div=0.000971 - threshold=0.608 - loss=6.686
/scratch/e0538389/DivClust/engine/trainer.py:41: FutureWarning: `torch.cuda.amp.autocast(args...)` is deprecated. Please use `torch.amp.autocast('cuda', args...)` instead.
  with autocast(self.mixed_precision):
/scratch/e0538389/DivClust/engine/trainer.py:41: FutureWarning: `torch.cuda.amp.autocast(args...)` is deprecated. Please use `torch.amp.autocast('cuda', args...)` instead.
  with autocast(self.mixed_precision):
[2026-03-30 12:00:34](logger.py 179): id=CC_FMNIST_C10CFG_K20_E100_DT_0_5 | Ep. 54/100 - Step 200/273 (2.37 it/s) |##############      | - loss_cc=4.543 - loss_ce=2.124 - loss_ne=0.0172 - loss_div=0.00113 - threshold=0.608 - loss=6.686
/scratch/e0538389/DivClust/engine/trainer.py:41: FutureWarning: `torch.cuda.amp.autocast(args...)` is deprecated. Please use `torch.amp.autocast('cuda', args...)` instead.
  with autocast(self.mixed_precision):
[2026-03-30 12:00:44](logger.py 179): id=CC_FMNIST_C10CFG_K20_E100_DT_0_5 | Ep. 54/100 - Step 225/273 (2.37 it/s) |################    | - loss_cc=4.544 - loss_ce=2.124 - loss_ne=0.0173 - loss_div=0.00116 - threshold=0.607 - loss=6.687
/scratch/e0538389/DivClust/engine/trainer.py:41: FutureWarning: `torch.cuda.amp.autocast(args...)` is deprecated. Please use `torch.amp.autocast('cuda', args...)` instead.
  with autocast(self.mixed_precision):
[2026-03-30 12:00:55](logger.py 179): id=CC_FMNIST_C10CFG_K20_E100_DT_0_5 | Ep. 54/100 - Step 250/273 (2.36 it/s) |##################  | - loss_cc=4.544 - loss_ce=2.124 - loss_ne=0.0172 - loss_div=0.00108 - threshold=0.606 - loss=6.687
/scratch/e0538389/DivClust/engine/trainer.py:41: FutureWarning: `torch.cuda.amp.autocast(args...)` is deprecated. Please use `torch.amp.autocast('cuda', args...)` instead.
  with autocast(self.mixed_precision):
[2026-03-30 12:01:05](logger.py 179): id=CC_FMNIST_C10CFG_K20_E100_DT_0_5 | Ep. 54/100 | Time: 00:01 | loss_cc=4.544 - loss_ce=2.124 - loss_ne=0.0172 - loss_div=0.00111 - threshold=0.606 - loss=6.687
[2026-03-30 12:01:07](logger.py 179): id=CC_FMNIST_C10CFG_K20_E100_DT_0_5 | Ep. 55/100 - Step 0/273 (0.0 it/s) |                    | - loss_cc=4.535 - loss_ce=2.123 - loss_ne=0.0185 - loss_div=0.000765 - threshold=0.602 - loss=6.677
/scratch/e0538389/DivClust/engine/trainer.py:41: FutureWarning: `torch.cuda.amp.autocast(args...)` is deprecated. Please use `torch.amp.autocast('cuda', args...)` instead.
  with autocast(self.mixed_precision):
[2026-03-30 12:01:18](logger.py 179): id=CC_FMNIST_C10CFG_K20_E100_DT_0_5 | Ep. 55/100 - Step 25/273 (2.32 it/s) |#                   | - loss_cc=4.544 - loss_ce=2.126 - loss_ne=0.0181 - loss_div=0.00192 - threshold=0.597 - loss=6.689
/scratch/e0538389/DivClust/engine/trainer.py:41: FutureWarning: `torch.cuda.amp.autocast(args...)` is deprecated. Please use `torch.amp.autocast('cuda', args...)` instead.
  with autocast(self.mixed_precision):
/scratch/e0538389/DivClust/engine/trainer.py:41: FutureWarning: `torch.cuda.amp.autocast(args...)` is deprecated. Please use `torch.amp.autocast('cuda', args...)` instead.
  with autocast(self.mixed_precision):
[2026-03-30 12:01:28](logger.py 179): id=CC_FMNIST_C10CFG_K20_E100_DT_0_5 | Ep. 55/100 - Step 50/273 (2.35 it/s) |###                 | - loss_cc=4.543 - loss_ce=2.125 - loss_ne=0.0175 - loss_div=0.0014 - threshold=0.6 - loss=6.687
/scratch/e0538389/DivClust/engine/trainer.py:41: FutureWarning: `torch.cuda.amp.autocast(args...)` is deprecated. Please use `torch.amp.autocast('cuda', args...)` instead.
  with autocast(self.mixed_precision):
[2026-03-30 12:01:39](logger.py 179): id=CC_FMNIST_C10CFG_K20_E100_DT_0_5 | Ep. 55/100 - Step 75/273 (2.34 it/s) |#####               | - loss_cc=4.544 - loss_ce=2.125 - loss_ne=0.0179 - loss_div=0.00104 - threshold=0.604 - loss=6.688
/scratch/e0538389/DivClust/engine/trainer.py:41: FutureWarning: `torch.cuda.amp.autocast(args...)` is deprecated. Please use `torch.amp.autocast('cuda', args...)` instead.
  with autocast(self.mixed_precision):
[2026-03-30 12:01:50](logger.py 179): id=CC_FMNIST_C10CFG_K20_E100_DT_0_5 | Ep. 55/100 - Step 100/273 (2.33 it/s) |#######             | - loss_cc=4.544 - loss_ce=2.125 - loss_ne=0.0179 - loss_div=0.000924 - threshold=0.605 - loss=6.687
/scratch/e0538389/DivClust/engine/trainer.py:41: FutureWarning: `torch.cuda.amp.autocast(args...)` is deprecated. Please use `torch.amp.autocast('cuda', args...)` instead.
  with autocast(self.mixed_precision):
[2026-03-30 12:02:01](logger.py 179): id=CC_FMNIST_C10CFG_K20_E100_DT_0_5 | Ep. 55/100 - Step 125/273 (2.31 it/s) |#########           | - loss_cc=4.544 - loss_ce=2.125 - loss_ne=0.0178 - loss_div=0.00106 - threshold=0.605 - loss=6.688
/scratch/e0538389/DivClust/engine/trainer.py:41: FutureWarning: `torch.cuda.amp.autocast(args...)` is deprecated. Please use `torch.amp.autocast('cuda', args...)` instead.
  with autocast(self.mixed_precision):
/scratch/e0538389/DivClust/engine/trainer.py:41: FutureWarning: `torch.cuda.amp.autocast(args...)` is deprecated. Please use `torch.amp.autocast('cuda', args...)` instead.
  with autocast(self.mixed_precision):
[2026-03-30 12:02:12](logger.py 179): id=CC_FMNIST_C10CFG_K20_E100_DT_0_5 | Ep. 55/100 - Step 150/273 (2.32 it/s) |##########          | - loss_cc=4.543 - loss_ce=2.124 - loss_ne=0.0177 - loss_div=0.00117 - threshold=0.604 - loss=6.686
/scratch/e0538389/DivClust/engine/trainer.py:41: FutureWarning: `torch.cuda.amp.autocast(args...)` is deprecated. Please use `torch.amp.autocast('cuda', args...)` instead.
  with autocast(self.mixed_precision):
[2026-03-30 12:02:22](logger.py 179): id=CC_FMNIST_C10CFG_K20_E100_DT_0_5 | Ep. 55/100 - Step 175/273 (2.33 it/s) |############        | - loss_cc=4.542 - loss_ce=2.124 - loss_ne=0.0175 - loss_div=0.00124 - threshold=0.603 - loss=6.685
/scratch/e0538389/DivClust/engine/trainer.py:41: FutureWarning: `torch.cuda.amp.autocast(args...)` is deprecated. Please use `torch.amp.autocast('cuda', args...)` instead.
  with autocast(self.mixed_precision):
[2026-03-30 12:02:33](logger.py 179): id=CC_FMNIST_C10CFG_K20_E100_DT_0_5 | Ep. 55/100 - Step 200/273 (2.34 it/s) |##############      | - loss_cc=4.542 - loss_ce=2.124 - loss_ne=0.0175 - loss_div=0.00123 - threshold=0.602 - loss=6.685
/scratch/e0538389/DivClust/engine/trainer.py:41: FutureWarning: `torch.cuda.amp.autocast(args...)` is deprecated. Please use `torch.amp.autocast('cuda', args...)` instead.
  with autocast(self.mixed_precision):
[2026-03-30 12:02:44](logger.py 179): id=CC_FMNIST_C10CFG_K20_E100_DT_0_5 | Ep. 55/100 - Step 225/273 (2.32 it/s) |################    | - loss_cc=4.542 - loss_ce=2.124 - loss_ne=0.0175 - loss_div=0.00113 - threshold=0.603 - loss=6.685
/scratch/e0538389/DivClust/engine/trainer.py:41: FutureWarning: `torch.cuda.amp.autocast(args...)` is deprecated. Please use `torch.amp.autocast('cuda', args...)` instead.
  with autocast(self.mixed_precision):
/scratch/e0538389/DivClust/engine/trainer.py:41: FutureWarning: `torch.cuda.amp.autocast(args...)` is deprecated. Please use `torch.amp.autocast('cuda', args...)` instead.
  with autocast(self.mixed_precision):
[2026-03-30 12:02:55](logger.py 179): id=CC_FMNIST_C10CFG_K20_E100_DT_0_5 | Ep. 55/100 - Step 250/273 (2.32 it/s) |##################  | - loss_cc=4.541 - loss_ce=2.124 - loss_ne=0.0172 - loss_div=0.00107 - threshold=0.604 - loss=6.684
/scratch/e0538389/DivClust/engine/trainer.py:41: FutureWarning: `torch.cuda.amp.autocast(args...)` is deprecated. Please use `torch.amp.autocast('cuda', args...)` instead.
  with autocast(self.mixed_precision):
[2026-03-30 12:03:04](logger.py 179): id=CC_FMNIST_C10CFG_K20_E100_DT_0_5 | Ep. 55/100 | Time: 00:01 | loss_cc=4.541 - loss_ce=2.124 - loss_ne=0.0172 - loss_div=0.00108 - threshold=0.604 - loss=6.684
[2026-03-30 12:03:06](logger.py 179): id=CC_FMNIST_C10CFG_K20_E100_DT_0_5 | Ep. 56/100 - Step 0/273 (0.0 it/s) |                    | - loss_cc=4.577 - loss_ce=2.135 - loss_ne=0.0135 - loss_div=0.00204 - threshold=0.602 - loss=6.728
/scratch/e0538389/DivClust/engine/trainer.py:41: FutureWarning: `torch.cuda.amp.autocast(args...)` is deprecated. Please use `torch.amp.autocast('cuda', args...)` instead.
  with autocast(self.mixed_precision):
[2026-03-30 12:03:17](logger.py 179): id=CC_FMNIST_C10CFG_K20_E100_DT_0_5 | Ep. 56/100 - Step 25/273 (2.38 it/s) |#                   | - loss_cc=4.55 - loss_ce=2.127 - loss_ne=0.0173 - loss_div=0.00211 - threshold=0.598 - loss=6.696
/scratch/e0538389/DivClust/engine/trainer.py:41: FutureWarning: `torch.cuda.amp.autocast(args...)` is deprecated. Please use `torch.amp.autocast('cuda', args...)` instead.
  with autocast(self.mixed_precision):
[2026-03-30 12:03:27](logger.py 179): id=CC_FMNIST_C10CFG_K20_E100_DT_0_5 | Ep. 56/100 - Step 50/273 (2.38 it/s) |###                 | - loss_cc=4.545 - loss_ce=2.125 - loss_ne=0.0177 - loss_div=0.00152 - threshold=0.599 - loss=6.689
/scratch/e0538389/DivClust/engine/trainer.py:41: FutureWarning: `torch.cuda.amp.autocast(args...)` is deprecated. Please use `torch.amp.autocast('cuda', args...)` instead.
  with autocast(self.mixed_precision):
/scratch/e0538389/DivClust/engine/trainer.py:41: FutureWarning: `torch.cuda.amp.autocast(args...)` is deprecated. Please use `torch.amp.autocast('cuda', args...)` instead.
  with autocast(self.mixed_precision):
[2026-03-30 12:03:38](logger.py 179): id=CC_FMNIST_C10CFG_K20_E100_DT_0_5 | Ep. 56/100 - Step 75/273 (2.33 it/s) |#####               | - loss_cc=4.545 - loss_ce=2.125 - loss_ne=0.018 - loss_div=0.00115 - threshold=0.602 - loss=6.688
/scratch/e0538389/DivClust/engine/trainer.py:41: FutureWarning: `torch.cuda.amp.autocast(args...)` is deprecated. Please use `torch.amp.autocast('cuda', args...)` instead.
  with autocast(self.mixed_precision):
[2026-03-30 12:03:49](logger.py 179): id=CC_FMNIST_C10CFG_K20_E100_DT_0_5 | Ep. 56/100 - Step 100/273 (2.32 it/s) |#######             | - loss_cc=4.543 - loss_ce=2.124 - loss_ne=0.0173 - loss_div=0.00117 - threshold=0.601 - loss=6.686
/scratch/e0538389/DivClust/engine/trainer.py:41: FutureWarning: `torch.cuda.amp.autocast(args...)` is deprecated. Please use `torch.amp.autocast('cuda', args...)` instead.
  with autocast(self.mixed_precision):
[2026-03-30 12:04:00](logger.py 179): id=CC_FMNIST_C10CFG_K20_E100_DT_0_5 | Ep. 56/100 - Step 125/273 (2.32 it/s) |#########           | - loss_cc=4.542 - loss_ce=2.124 - loss_ne=0.0174 - loss_div=0.00161 - threshold=0.599 - loss=6.685
/scratch/e0538389/DivClust/engine/trainer.py:41: FutureWarning: `torch.cuda.amp.autocast(args...)` is deprecated. Please use `torch.amp.autocast('cuda', args...)` instead.
  with autocast(self.mixed_precision):
[2026-03-30 12:04:11](logger.py 179): id=CC_FMNIST_C10CFG_K20_E100_DT_0_5 | Ep. 56/100 - Step 150/273 (2.32 it/s) |##########          | - loss_cc=4.541 - loss_ce=2.123 - loss_ne=0.0176 - loss_div=0.00147 - threshold=0.598 - loss=6.683
/scratch/e0538389/DivClust/engine/trainer.py:41: FutureWarning: `torch.cuda.amp.autocast(args...)` is deprecated. Please use `torch.amp.autocast('cuda', args...)` instead.
  with autocast(self.mixed_precision):
/scratch/e0538389/DivClust/engine/trainer.py:41: FutureWarning: `torch.cuda.amp.autocast(args...)` is deprecated. Please use `torch.amp.autocast('cuda', args...)` instead.
  with autocast(self.mixed_precision):
[2026-03-30 12:04:22](logger.py 179): id=CC_FMNIST_C10CFG_K20_E100_DT_0_5 | Ep. 56/100 - Step 175/273 (2.3 it/s) |############        | - loss_cc=4.54 - loss_ce=2.123 - loss_ne=0.0174 - loss_div=0.00131 - threshold=0.599 - loss=6.682
/scratch/e0538389/DivClust/engine/trainer.py:41: FutureWarning: `torch.cuda.amp.autocast(args...)` is deprecated. Please use `torch.amp.autocast('cuda', args...)` instead.
  with autocast(self.mixed_precision):
[2026-03-30 12:04:33](logger.py 179): id=CC_FMNIST_C10CFG_K20_E100_DT_0_5 | Ep. 56/100 - Step 200/273 (2.31 it/s) |##############      | - loss_cc=4.54 - loss_ce=2.123 - loss_ne=0.0174 - loss_div=0.00119 - threshold=0.6 - loss=6.682
/scratch/e0538389/DivClust/engine/trainer.py:41: FutureWarning: `torch.cuda.amp.autocast(args...)` is deprecated. Please use `torch.amp.autocast('cuda', args...)` instead.
  with autocast(self.mixed_precision):
[2026-03-30 12:04:44](logger.py 179): id=CC_FMNIST_C10CFG_K20_E100_DT_0_5 | Ep. 56/100 - Step 225/273 (2.31 it/s) |################    | - loss_cc=4.539 - loss_ce=2.123 - loss_ne=0.0174 - loss_div=0.00111 - threshold=0.601 - loss=6.681
/scratch/e0538389/DivClust/engine/trainer.py:41: FutureWarning: `torch.cuda.amp.autocast(args...)` is deprecated. Please use `torch.amp.autocast('cuda', args...)` instead.
  with autocast(self.mixed_precision):
[2026-03-30 12:04:54](logger.py 179): id=CC_FMNIST_C10CFG_K20_E100_DT_0_5 | Ep. 56/100 - Step 250/273 (2.31 it/s) |##################  | - loss_cc=4.539 - loss_ce=2.123 - loss_ne=0.0172 - loss_div=0.00111 - threshold=0.601 - loss=6.68
/scratch/e0538389/DivClust/engine/trainer.py:41: FutureWarning: `torch.cuda.amp.autocast(args...)` is deprecated. Please use `torch.amp.autocast('cuda', args...)` instead.
  with autocast(self.mixed_precision):
[2026-03-30 12:05:04](logger.py 179): id=CC_FMNIST_C10CFG_K20_E100_DT_0_5 | Ep. 56/100 | Time: 00:01 | loss_cc=4.54 - loss_ce=2.123 - loss_ne=0.0172 - loss_div=0.00124 - threshold=0.601 - loss=6.682
/scratch/e0538389/DivClust/engine/trainer.py:41: FutureWarning: `torch.cuda.amp.autocast(args...)` is deprecated. Please use `torch.amp.autocast('cuda', args...)` instead.
  with autocast(self.mixed_precision):
[2026-03-30 12:05:07](logger.py 179): id=CC_FMNIST_C10CFG_K20_E100_DT_0_5 | Ep. 57/100 - Step 0/273 (0.0 it/s) |                    | - loss_cc=4.545 - loss_ce=2.123 - loss_ne=0.00939 - loss_div=4.37e-05 - threshold=0.601 - loss=6.678
/scratch/e0538389/DivClust/engine/trainer.py:41: FutureWarning: `torch.cuda.amp.autocast(args...)` is deprecated. Please use `torch.amp.autocast('cuda', args...)` instead.
  with autocast(self.mixed_precision):
[2026-03-30 12:05:17](logger.py 179): id=CC_FMNIST_C10CFG_K20_E100_DT_0_5 | Ep. 57/100 - Step 25/273 (2.34 it/s) |#                   | - loss_cc=4.542 - loss_ce=2.125 - loss_ne=0.0159 - loss_div=0.000577 - threshold=0.603 - loss=6.683
/scratch/e0538389/DivClust/engine/trainer.py:41: FutureWarning: `torch.cuda.amp.autocast(args...)` is deprecated. Please use `torch.amp.autocast('cuda', args...)` instead.
  with autocast(self.mixed_precision):
[2026-03-30 12:05:28](logger.py 179): id=CC_FMNIST_C10CFG_K20_E100_DT_0_5 | Ep. 57/100 - Step 50/273 (2.33 it/s) |###                 | - loss_cc=4.547 - loss_ce=2.126 - loss_ne=0.0168 - loss_div=0.000365 - threshold=0.606 - loss=6.691
/scratch/e0538389/DivClust/engine/trainer.py:41: FutureWarning: `torch.cuda.amp.autocast(args...)` is deprecated. Please use `torch.amp.autocast('cuda', args...)` instead.
  with autocast(self.mixed_precision):
[2026-03-30 12:05:39](logger.py 179): id=CC_FMNIST_C10CFG_K20_E100_DT_0_5 | Ep. 57/100 - Step 75/273 (2.33 it/s) |#####               | - loss_cc=4.546 - loss_ce=2.125 - loss_ne=0.0169 - loss_div=0.000291 - threshold=0.61 - loss=6.688
/scratch/e0538389/DivClust/engine/trainer.py:41: FutureWarning: `torch.cuda.amp.autocast(args...)` is deprecated. Please use `torch.amp.autocast('cuda', args...)` instead.
  with autocast(self.mixed_precision):
/scratch/e0538389/DivClust/engine/trainer.py:41: FutureWarning: `torch.cuda.amp.autocast(args...)` is deprecated. Please use `torch.amp.autocast('cuda', args...)` instead.
  with autocast(self.mixed_precision):
[2026-03-30 12:05:50](logger.py 179): id=CC_FMNIST_C10CFG_K20_E100_DT_0_5 | Ep. 57/100 - Step 100/273 (2.3 it/s) |#######             | - loss_cc=4.544 - loss_ce=2.125 - loss_ne=0.0169 - loss_div=0.000331 - threshold=0.611 - loss=6.685
/scratch/e0538389/DivClust/engine/trainer.py:41: FutureWarning: `torch.cuda.amp.autocast(args...)` is deprecated. Please use `torch.amp.autocast('cuda', args...)` instead.
  with autocast(self.mixed_precision):
[2026-03-30 12:06:01](logger.py 179): id=CC_FMNIST_C10CFG_K20_E100_DT_0_5 | Ep. 57/100 - Step 125/273 (2.3 it/s) |#########           | - loss_cc=4.543 - loss_ce=2.124 - loss_ne=0.0168 - loss_div=0.000513 - threshold=0.61 - loss=6.684
/scratch/e0538389/DivClust/engine/trainer.py:41: FutureWarning: `torch.cuda.amp.autocast(args...)` is deprecated. Please use `torch.amp.autocast('cuda', args...)` instead.
  with autocast(self.mixed_precision):
[2026-03-30 12:06:12](logger.py 179): id=CC_FMNIST_C10CFG_K20_E100_DT_0_5 | Ep. 57/100 - Step 150/273 (2.31 it/s) |##########          | - loss_cc=4.542 - loss_ce=2.124 - loss_ne=0.0169 - loss_div=0.000771 - threshold=0.608 - loss=6.684
/scratch/e0538389/DivClust/engine/trainer.py:41: FutureWarning: `torch.cuda.amp.autocast(args...)` is deprecated. Please use `torch.amp.autocast('cuda', args...)` instead.
  with autocast(self.mixed_precision):
[2026-03-30 12:06:22](logger.py 179): id=CC_FMNIST_C10CFG_K20_E100_DT_0_5 | Ep. 57/100 - Step 175/273 (2.31 it/s) |############        | - loss_cc=4.542 - loss_ce=2.124 - loss_ne=0.0171 - loss_div=0.000837 - threshold=0.607 - loss=6.683
/scratch/e0538389/DivClust/engine/trainer.py:41: FutureWarning: `torch.cuda.amp.autocast(args...)` is deprecated. Please use `torch.amp.autocast('cuda', args...)` instead.
  with autocast(self.mixed_precision):
/scratch/e0538389/DivClust/engine/trainer.py:41: FutureWarning: `torch.cuda.amp.autocast(args...)` is deprecated. Please use `torch.amp.autocast('cuda', args...)` instead.
  with autocast(self.mixed_precision):
[2026-03-30 12:06:34](logger.py 179): id=CC_FMNIST_C10CFG_K20_E100_DT_0_5 | Ep. 57/100 - Step 200/273 (2.3 it/s) |##############      | - loss_cc=4.541 - loss_ce=2.123 - loss_ne=0.0171 - loss_div=0.000867 - threshold=0.606 - loss=6.682
/scratch/e0538389/DivClust/engine/trainer.py:41: FutureWarning: `torch.cuda.amp.autocast(args...)` is deprecated. Please use `torch.amp.autocast('cuda', args...)` instead.
  with autocast(self.mixed_precision):
[2026-03-30 12:06:44](logger.py 179): id=CC_FMNIST_C10CFG_K20_E100_DT_0_5 | Ep. 57/100 - Step 225/273 (2.3 it/s) |################    | - loss_cc=4.541 - loss_ce=2.123 - loss_ne=0.0174 - loss_div=0.000953 - threshold=0.606 - loss=6.682
/scratch/e0538389/DivClust/engine/trainer.py:41: FutureWarning: `torch.cuda.amp.autocast(args...)` is deprecated. Please use `torch.amp.autocast('cuda', args...)` instead.
  with autocast(self.mixed_precision):
[2026-03-30 12:06:55](logger.py 179): id=CC_FMNIST_C10CFG_K20_E100_DT_0_5 | Ep. 57/100 - Step 250/273 (2.3 it/s) |##################  | - loss_cc=4.541 - loss_ce=2.123 - loss_ne=0.0175 - loss_div=0.00102 - threshold=0.605 - loss=6.683
/scratch/e0538389/DivClust/engine/trainer.py:41: FutureWarning: `torch.cuda.amp.autocast(args...)` is deprecated. Please use `torch.amp.autocast('cuda', args...)` instead.
  with autocast(self.mixed_precision):
[2026-03-30 12:07:05](logger.py 179): id=CC_FMNIST_C10CFG_K20_E100_DT_0_5 | Ep. 57/100 | Time: 00:01 | loss_cc=4.541 - loss_ce=2.123 - loss_ne=0.0175 - loss_div=0.000991 - threshold=0.605 - loss=6.682
[2026-03-30 12:07:07](logger.py 179): id=CC_FMNIST_C10CFG_K20_E100_DT_0_5 | Ep. 58/100 - Step 0/273 (0.0 it/s) |                    | - loss_cc=4.548 - loss_ce=2.126 - loss_ne=0.0197 - loss_div=0.000632 - threshold=0.607 - loss=6.695
/scratch/e0538389/DivClust/engine/trainer.py:41: FutureWarning: `torch.cuda.amp.autocast(args...)` is deprecated. Please use `torch.amp.autocast('cuda', args...)` instead.
  with autocast(self.mixed_precision):
[2026-03-30 12:07:18](logger.py 179): id=CC_FMNIST_C10CFG_K20_E100_DT_0_5 | Ep. 58/100 - Step 25/273 (2.31 it/s) |#                   | - loss_cc=4.534 - loss_ce=2.121 - loss_ne=0.0165 - loss_div=0.000869 - threshold=0.602 - loss=6.672
/scratch/e0538389/DivClust/engine/trainer.py:41: FutureWarning: `torch.cuda.amp.autocast(args...)` is deprecated. Please use `torch.amp.autocast('cuda', args...)` instead.
  with autocast(self.mixed_precision):
/scratch/e0538389/DivClust/engine/trainer.py:41: FutureWarning: `torch.cuda.amp.autocast(args...)` is deprecated. Please use `torch.amp.autocast('cuda', args...)` instead.
  with autocast(self.mixed_precision):
[2026-03-30 12:07:29](logger.py 179): id=CC_FMNIST_C10CFG_K20_E100_DT_0_5 | Ep. 58/100 - Step 50/273 (2.27 it/s) |###                 | - loss_cc=4.537 - loss_ce=2.123 - loss_ne=0.0178 - loss_div=0.00177 - threshold=0.599 - loss=6.68
/scratch/e0538389/DivClust/engine/trainer.py:41: FutureWarning: `torch.cuda.amp.autocast(args...)` is deprecated. Please use `torch.amp.autocast('cuda', args...)` instead.
  with autocast(self.mixed_precision):
[2026-03-30 12:07:40](logger.py 179): id=CC_FMNIST_C10CFG_K20_E100_DT_0_5 | Ep. 58/100 - Step 75/273 (2.28 it/s) |#####               | - loss_cc=4.538 - loss_ce=2.123 - loss_ne=0.018 - loss_div=0.00128 - threshold=0.6 - loss=6.68
/scratch/e0538389/DivClust/engine/trainer.py:41: FutureWarning: `torch.cuda.amp.autocast(args...)` is deprecated. Please use `torch.amp.autocast('cuda', args...)` instead.
  with autocast(self.mixed_precision):
[2026-03-30 12:07:51](logger.py 179): id=CC_FMNIST_C10CFG_K20_E100_DT_0_5 | Ep. 58/100 - Step 100/273 (2.29 it/s) |#######             | - loss_cc=4.539 - loss_ce=2.123 - loss_ne=0.0174 - loss_div=0.00102 - threshold=0.603 - loss=6.68
/scratch/e0538389/DivClust/engine/trainer.py:41: FutureWarning: `torch.cuda.amp.autocast(args...)` is deprecated. Please use `torch.amp.autocast('cuda', args...)` instead.
  with autocast(self.mixed_precision):
[2026-03-30 12:08:02](logger.py 179): id=CC_FMNIST_C10CFG_K20_E100_DT_0_5 | Ep. 58/100 - Step 125/273 (2.3 it/s) |#########           | - loss_cc=4.538 - loss_ce=2.123 - loss_ne=0.0177 - loss_div=0.000945 - threshold=0.604 - loss=6.679
/scratch/e0538389/DivClust/engine/trainer.py:41: FutureWarning: `torch.cuda.amp.autocast(args...)` is deprecated. Please use `torch.amp.autocast('cuda', args...)` instead.
  with autocast(self.mixed_precision):
/scratch/e0538389/DivClust/engine/trainer.py:41: FutureWarning: `torch.cuda.amp.autocast(args...)` is deprecated. Please use `torch.amp.autocast('cuda', args...)` instead.
  with autocast(self.mixed_precision):
[2026-03-30 12:08:13](logger.py 179): id=CC_FMNIST_C10CFG_K20_E100_DT_0_5 | Ep. 58/100 - Step 150/273 (2.29 it/s) |##########          | - loss_cc=4.538 - loss_ce=2.122 - loss_ne=0.0177 - loss_div=0.00109 - threshold=0.603 - loss=6.679
/scratch/e0538389/DivClust/engine/trainer.py:41: FutureWarning: `torch.cuda.amp.autocast(args...)` is deprecated. Please use `torch.amp.autocast('cuda', args...)` instead.
  with autocast(self.mixed_precision):
[2026-03-30 12:08:24](logger.py 179): id=CC_FMNIST_C10CFG_K20_E100_DT_0_5 | Ep. 58/100 - Step 175/273 (2.29 it/s) |############        | - loss_cc=4.538 - loss_ce=2.122 - loss_ne=0.0176 - loss_div=0.00124 - threshold=0.602 - loss=6.679
/scratch/e0538389/DivClust/engine/trainer.py:41: FutureWarning: `torch.cuda.amp.autocast(args...)` is deprecated. Please use `torch.amp.autocast('cuda', args...)` instead.
  with autocast(self.mixed_precision):
[2026-03-30 12:08:35](logger.py 179): id=CC_FMNIST_C10CFG_K20_E100_DT_0_5 | Ep. 58/100 - Step 200/273 (2.29 it/s) |##############      | - loss_cc=4.538 - loss_ce=2.123 - loss_ne=0.0174 - loss_div=0.00113 - threshold=0.602 - loss=6.679
/scratch/e0538389/DivClust/engine/trainer.py:41: FutureWarning: `torch.cuda.amp.autocast(args...)` is deprecated. Please use `torch.amp.autocast('cuda', args...)` instead.
  with autocast(self.mixed_precision):
[2026-03-30 12:08:45](logger.py 179): id=CC_FMNIST_C10CFG_K20_E100_DT_0_5 | Ep. 58/100 - Step 225/273 (2.3 it/s) |################    | - loss_cc=4.539 - loss_ce=2.123 - loss_ne=0.0176 - loss_div=0.00105 - threshold=0.603 - loss=6.681
/scratch/e0538389/DivClust/engine/trainer.py:41: FutureWarning: `torch.cuda.amp.autocast(args...)` is deprecated. Please use `torch.amp.autocast('cuda', args...)` instead.
  with autocast(self.mixed_precision):
/scratch/e0538389/DivClust/engine/trainer.py:41: FutureWarning: `torch.cuda.amp.autocast(args...)` is deprecated. Please use `torch.amp.autocast('cuda', args...)` instead.
  with autocast(self.mixed_precision):
[2026-03-30 12:08:56](logger.py 179): id=CC_FMNIST_C10CFG_K20_E100_DT_0_5 | Ep. 58/100 - Step 250/273 (2.3 it/s) |##################  | - loss_cc=4.539 - loss_ce=2.123 - loss_ne=0.0175 - loss_div=0.00104 - threshold=0.604 - loss=6.681
/scratch/e0538389/DivClust/engine/trainer.py:41: FutureWarning: `torch.cuda.amp.autocast(args...)` is deprecated. Please use `torch.amp.autocast('cuda', args...)` instead.
  with autocast(self.mixed_precision):
[2026-03-30 12:09:06](logger.py 179): id=CC_FMNIST_C10CFG_K20_E100_DT_0_5 | Ep. 58/100 | Time: 00:01 | loss_cc=4.539 - loss_ce=2.123 - loss_ne=0.0175 - loss_div=0.00103 - threshold=0.604 - loss=6.681
[2026-03-30 12:09:07](logger.py 179): id=CC_FMNIST_C10CFG_K20_E100_DT_0_5 | Ep. 59/100 - Step 0/273 (0.0 it/s) |                    | - loss_cc=4.519 - loss_ce=2.12 - loss_ne=0.0208 - loss_div=0.000671 - threshold=0.606 - loss=6.661
/scratch/e0538389/DivClust/engine/trainer.py:41: FutureWarning: `torch.cuda.amp.autocast(args...)` is deprecated. Please use `torch.amp.autocast('cuda', args...)` instead.
  with autocast(self.mixed_precision):
[2026-03-30 12:09:19](logger.py 179): id=CC_FMNIST_C10CFG_K20_E100_DT_0_5 | Ep. 59/100 - Step 25/273 (2.26 it/s) |#                   | - loss_cc=4.538 - loss_ce=2.121 - loss_ne=0.0158 - loss_div=0.000852 - threshold=0.603 - loss=6.676
/scratch/e0538389/DivClust/engine/trainer.py:41: FutureWarning: `torch.cuda.amp.autocast(args...)` is deprecated. Please use `torch.amp.autocast('cuda', args...)` instead.
  with autocast(self.mixed_precision):
[2026-03-30 12:09:29](logger.py 179): id=CC_FMNIST_C10CFG_K20_E100_DT_0_5 | Ep. 59/100 - Step 50/273 (2.32 it/s) |###                 | - loss_cc=4.539 - loss_ce=2.122 - loss_ne=0.0165 - loss_div=0.00174 - threshold=0.6 - loss=6.68
/scratch/e0538389/DivClust/engine/trainer.py:41: FutureWarning: `torch.cuda.amp.autocast(args...)` is deprecated. Please use `torch.amp.autocast('cuda', args...)` instead.
  with autocast(self.mixed_precision):
/scratch/e0538389/DivClust/engine/trainer.py:41: FutureWarning: `torch.cuda.amp.autocast(args...)` is deprecated. Please use `torch.amp.autocast('cuda', args...)` instead.
  with autocast(self.mixed_precision):
[2026-03-30 12:09:40](logger.py 179): id=CC_FMNIST_C10CFG_K20_E100_DT_0_5 | Ep. 59/100 - Step 75/273 (2.3 it/s) |#####               | - loss_cc=4.539 - loss_ce=2.122 - loss_ne=0.0166 - loss_div=0.00167 - threshold=0.6 - loss=6.679
/scratch/e0538389/DivClust/engine/trainer.py:41: FutureWarning: `torch.cuda.amp.autocast(args...)` is deprecated. Please use `torch.amp.autocast('cuda', args...)` instead.
  with autocast(self.mixed_precision):
[2026-03-30 12:09:51](logger.py 179): id=CC_FMNIST_C10CFG_K20_E100_DT_0_5 | Ep. 59/100 - Step 100/273 (2.31 it/s) |#######             | - loss_cc=4.536 - loss_ce=2.121 - loss_ne=0.0165 - loss_div=0.00141 - threshold=0.601 - loss=6.676
/scratch/e0538389/DivClust/engine/trainer.py:41: FutureWarning: `torch.cuda.amp.autocast(args...)` is deprecated. Please use `torch.amp.autocast('cuda', args...)` instead.
  with autocast(self.mixed_precision):
[2026-03-30 12:10:02](logger.py 179): id=CC_FMNIST_C10CFG_K20_E100_DT_0_5 | Ep. 59/100 - Step 125/273 (2.31 it/s) |#########           | - loss_cc=4.536 - loss_ce=2.121 - loss_ne=0.0164 - loss_div=0.00139 - threshold=0.6 - loss=6.675
/scratch/e0538389/DivClust/engine/trainer.py:41: FutureWarning: `torch.cuda.amp.autocast(args...)` is deprecated. Please use `torch.amp.autocast('cuda', args...)` instead.
  with autocast(self.mixed_precision):
[2026-03-30 12:10:13](logger.py 179): id=CC_FMNIST_C10CFG_K20_E100_DT_0_5 | Ep. 59/100 - Step 150/273 (2.31 it/s) |##########          | - loss_cc=4.536 - loss_ce=2.121 - loss_ne=0.0165 - loss_div=0.00167 - threshold=0.599 - loss=6.675
/scratch/e0538389/DivClust/engine/trainer.py:41: FutureWarning: `torch.cuda.amp.autocast(args...)` is deprecated. Please use `torch.amp.autocast('cuda', args...)` instead.
  with autocast(self.mixed_precision):
/scratch/e0538389/DivClust/engine/trainer.py:41: FutureWarning: `torch.cuda.amp.autocast(args...)` is deprecated. Please use `torch.amp.autocast('cuda', args...)` instead.
  with autocast(self.mixed_precision):
[2026-03-30 12:10:24](logger.py 179): id=CC_FMNIST_C10CFG_K20_E100_DT_0_5 | Ep. 59/100 - Step 175/273 (2.29 it/s) |############        | - loss_cc=4.538 - loss_ce=2.122 - loss_ne=0.0165 - loss_div=0.00155 - threshold=0.598 - loss=6.678
/scratch/e0538389/DivClust/engine/trainer.py:41: FutureWarning: `torch.cuda.amp.autocast(args...)` is deprecated. Please use `torch.amp.autocast('cuda', args...)` instead.
  with autocast(self.mixed_precision):
[2026-03-30 12:10:35](logger.py 179): id=CC_FMNIST_C10CFG_K20_E100_DT_0_5 | Ep. 59/100 - Step 200/273 (2.3 it/s) |##############      | - loss_cc=4.537 - loss_ce=2.122 - loss_ne=0.0165 - loss_div=0.0014 - threshold=0.598 - loss=6.677
/scratch/e0538389/DivClust/engine/trainer.py:41: FutureWarning: `torch.cuda.amp.autocast(args...)` is deprecated. Please use `torch.amp.autocast('cuda', args...)` instead.
  with autocast(self.mixed_precision):
[2026-03-30 12:10:45](logger.py 179): id=CC_FMNIST_C10CFG_K20_E100_DT_0_5 | Ep. 59/100 - Step 225/273 (2.3 it/s) |################    | - loss_cc=4.537 - loss_ce=2.122 - loss_ne=0.0165 - loss_div=0.00125 - threshold=0.6 - loss=6.676
/scratch/e0538389/DivClust/engine/trainer.py:41: FutureWarning: `torch.cuda.amp.autocast(args...)` is deprecated. Please use `torch.amp.autocast('cuda', args...)` instead.
  with autocast(self.mixed_precision):
[2026-03-30 12:10:56](logger.py 179): id=CC_FMNIST_C10CFG_K20_E100_DT_0_5 | Ep. 59/100 - Step 250/273 (2.3 it/s) |##################  | - loss_cc=4.537 - loss_ce=2.122 - loss_ne=0.0166 - loss_div=0.00121 - threshold=0.6 - loss=6.677
/scratch/e0538389/DivClust/engine/trainer.py:41: FutureWarning: `torch.cuda.amp.autocast(args...)` is deprecated. Please use `torch.amp.autocast('cuda', args...)` instead.
  with autocast(self.mixed_precision):
[2026-03-30 12:11:06](logger.py 179): id=CC_FMNIST_C10CFG_K20_E100_DT_0_5 | Ep. 59/100 | Time: 00:01 | loss_cc=4.538 - loss_ce=2.122 - loss_ne=0.0165 - loss_div=0.00122 - threshold=0.6 - loss=6.678
[2026-03-30 12:11:09](logger.py 179): id=CC_FMNIST_C10CFG_K20_E100_DT_0_5 | Ep. 60/100 - Step 0/273 (0.0 it/s) |                    | - loss_cc=4.531 - loss_ce=2.114 - loss_ne=0.0188 - loss_div=0.00401 - threshold=0.594 - loss=6.668
/scratch/e0538389/DivClust/engine/trainer.py:41: FutureWarning: `torch.cuda.amp.autocast(args...)` is deprecated. Please use `torch.amp.autocast('cuda', args...)` instead.
  with autocast(self.mixed_precision):
/scratch/e0538389/DivClust/engine/trainer.py:41: FutureWarning: `torch.cuda.amp.autocast(args...)` is deprecated. Please use `torch.amp.autocast('cuda', args...)` instead.
  with autocast(self.mixed_precision):
[2026-03-30 12:11:20](logger.py 179): id=CC_FMNIST_C10CFG_K20_E100_DT_0_5 | Ep. 60/100 - Step 25/273 (2.31 it/s) |#                   | - loss_cc=4.536 - loss_ce=2.123 - loss_ne=0.0149 - loss_div=0.00249 - threshold=0.595 - loss=6.676
/scratch/e0538389/DivClust/engine/trainer.py:41: FutureWarning: `torch.cuda.amp.autocast(args...)` is deprecated. Please use `torch.amp.autocast('cuda', args...)` instead.
  with autocast(self.mixed_precision):
[2026-03-30 12:11:30](logger.py 179): id=CC_FMNIST_C10CFG_K20_E100_DT_0_5 | Ep. 60/100 - Step 50/273 (2.31 it/s) |###                 | - loss_cc=4.536 - loss_ce=2.122 - loss_ne=0.0157 - loss_div=0.00145 - threshold=0.599 - loss=6.675
/scratch/e0538389/DivClust/engine/trainer.py:41: FutureWarning: `torch.cuda.amp.autocast(args...)` is deprecated. Please use `torch.amp.autocast('cuda', args...)` instead.
  with autocast(self.mixed_precision):
[2026-03-30 12:11:41](logger.py 179): id=CC_FMNIST_C10CFG_K20_E100_DT_0_5 | Ep. 60/100 - Step 75/273 (2.32 it/s) |#####               | - loss_cc=4.537 - loss_ce=2.123 - loss_ne=0.016 - loss_div=0.00099 - threshold=0.602 - loss=6.677
/scratch/e0538389/DivClust/engine/trainer.py:41: FutureWarning: `torch.cuda.amp.autocast(args...)` is deprecated. Please use `torch.amp.autocast('cuda', args...)` instead.
  with autocast(self.mixed_precision):
[2026-03-30 12:11:52](logger.py 179): id=CC_FMNIST_C10CFG_K20_E100_DT_0_5 | Ep. 60/100 - Step 100/273 (2.29 it/s) |#######             | - loss_cc=4.537 - loss_ce=2.123 - loss_ne=0.0165 - loss_div=0.000888 - threshold=0.603 - loss=6.677
/scratch/e0538389/DivClust/engine/trainer.py:41: FutureWarning: `torch.cuda.amp.autocast(args...)` is deprecated. Please use `torch.amp.autocast('cuda', args...)` instead.
  with autocast(self.mixed_precision):
/scratch/e0538389/DivClust/engine/trainer.py:41: FutureWarning: `torch.cuda.amp.autocast(args...)` is deprecated. Please use `torch.amp.autocast('cuda', args...)` instead.
  with autocast(self.mixed_precision):
[2026-03-30 12:12:03](logger.py 179): id=CC_FMNIST_C10CFG_K20_E100_DT_0_5 | Ep. 60/100 - Step 125/273 (2.3 it/s) |#########           | - loss_cc=4.537 - loss_ce=2.123 - loss_ne=0.0165 - loss_div=0.000978 - threshold=0.603 - loss=6.678
/scratch/e0538389/DivClust/engine/trainer.py:41: FutureWarning: `torch.cuda.amp.autocast(args...)` is deprecated. Please use `torch.amp.autocast('cuda', args...)` instead.
  with autocast(self.mixed_precision):
[2026-03-30 12:12:14](logger.py 179): id=CC_FMNIST_C10CFG_K20_E100_DT_0_5 | Ep. 60/100 - Step 150/273 (2.3 it/s) |##########          | - loss_cc=4.537 - loss_ce=2.123 - loss_ne=0.0165 - loss_div=0.000924 - threshold=0.603 - loss=6.677
/scratch/e0538389/DivClust/engine/trainer.py:41: FutureWarning: `torch.cuda.amp.autocast(args...)` is deprecated. Please use `torch.amp.autocast('cuda', args...)` instead.
  with autocast(self.mixed_precision):
[2026-03-30 12:12:25](logger.py 179): id=CC_FMNIST_C10CFG_K20_E100_DT_0_5 | Ep. 60/100 - Step 175/273 (2.3 it/s) |############        | - loss_cc=4.536 - loss_ce=2.122 - loss_ne=0.0167 - loss_div=0.000914 - threshold=0.603 - loss=6.676
/scratch/e0538389/DivClust/engine/trainer.py:41: FutureWarning: `torch.cuda.amp.autocast(args...)` is deprecated. Please use `torch.amp.autocast('cuda', args...)` instead.
  with autocast(self.mixed_precision):
[2026-03-30 12:12:36](logger.py 179): id=CC_FMNIST_C10CFG_K20_E100_DT_0_5 | Ep. 60/100 - Step 200/273 (2.29 it/s) |##############      | - loss_cc=4.537 - loss_ce=2.122 - loss_ne=0.0167 - loss_div=0.000833 - threshold=0.604 - loss=6.677
/scratch/e0538389/DivClust/engine/trainer.py:41: FutureWarning: `torch.cuda.amp.autocast(args...)` is deprecated. Please use `torch.amp.autocast('cuda', args...)` instead.
  with autocast(self.mixed_precision):
/scratch/e0538389/DivClust/engine/trainer.py:41: FutureWarning: `torch.cuda.amp.autocast(args...)` is deprecated. Please use `torch.amp.autocast('cuda', args...)` instead.
  with autocast(self.mixed_precision):
[2026-03-30 12:12:47](logger.py 179): id=CC_FMNIST_C10CFG_K20_E100_DT_0_5 | Ep. 60/100 - Step 225/273 (2.29 it/s) |################    | - loss_cc=4.536 - loss_ce=2.122 - loss_ne=0.0167 - loss_div=0.000884 - threshold=0.604 - loss=6.676
/scratch/e0538389/DivClust/engine/trainer.py:41: FutureWarning: `torch.cuda.amp.autocast(args...)` is deprecated. Please use `torch.amp.autocast('cuda', args...)` instead.
  with autocast(self.mixed_precision):
[2026-03-30 12:12:58](logger.py 179): id=CC_FMNIST_C10CFG_K20_E100_DT_0_5 | Ep. 60/100 - Step 250/273 (2.3 it/s) |##################  | - loss_cc=4.536 - loss_ce=2.122 - loss_ne=0.0169 - loss_div=0.000992 - threshold=0.604 - loss=6.676
/scratch/e0538389/DivClust/engine/trainer.py:41: FutureWarning: `torch.cuda.amp.autocast(args...)` is deprecated. Please use `torch.amp.autocast('cuda', args...)` instead.
  with autocast(self.mixed_precision):
[2026-03-30 12:13:07](logger.py 179): Evaluating
[2026-03-30 12:13:08](logger.py 179): Eval. step 0 of 274
[2026-03-30 12:13:10](logger.py 179): Eval. step 25 of 274
[2026-03-30 12:13:12](logger.py 179): Eval. step 50 of 274
[2026-03-30 12:13:15](logger.py 179): Eval. step 75 of 274
[2026-03-30 12:13:17](logger.py 179): Eval. step 100 of 274
[2026-03-30 12:13:19](logger.py 179): Eval. step 125 of 274
[2026-03-30 12:13:22](logger.py 179): Eval. step 150 of 274
[2026-03-30 12:13:24](logger.py 179): Eval. step 175 of 274
[2026-03-30 12:13:26](logger.py 179): Eval. step 200 of 274
[2026-03-30 12:13:29](logger.py 179): Eval. step 225 of 274
[2026-03-30 12:13:31](logger.py 179): Eval. step 250 of 274
[2026-03-30 12:13:35](logger.py 179): id=CC_FMNIST_C10CFG_K20_E100_DT_0_5 | Ep. 60/100 | Time: 00:02 | loss_cc=4.536 - loss_ce=2.122 - loss_ne=0.0168 - loss_div=0.000926 - threshold=0.604 - loss=6.675 - eval_confidence=0.9 - cluster_acc_0_eval=44.48 - cluster_nmi_0_eval=0.465 - cluster_ari_0_eval=0.309 - cluster_acc_1_eval=41.58 - cluster_nmi_1_eval=0.451 - cluster_ari_1_eval=0.274 - cluster_acc_2_eval=46.47 - cluster_nmi_2_eval=0.467 - cluster_ari_2_eval=0.322 - cluster_acc_3_eval=46.96 - cluster_nmi_3_eval=0.482 - cluster_ari_3_eval=0.311 - cluster_acc_4_eval=44.64 - cluster_nmi_4_eval=0.469 - cluster_ari_4_eval=0.293 - cluster_acc_5_eval=59.92 - cluster_nmi_5_eval=0.57 - cluster_ari_5_eval=0.471 - cluster_acc_6_eval=46.89 - cluster_nmi_6_eval=0.509 - cluster_ari_6_eval=0.351 - cluster_acc_7_eval=43.79 - cluster_nmi_7_eval=0.468 - cluster_ari_7_eval=0.293 - cluster_acc_8_eval=52.44 - cluster_nmi_8_eval=0.533 - cluster_ari_8_eval=0.39 - cluster_acc_9_eval=55.32 - cluster_nmi_9_eval=0.541 - cluster_ari_9_eval=0.419 - cluster_acc_10_eval=54.77 - cluster_nmi_10_eval=0.545 - cluster_ari_10_eval=0.384 - cluster_acc_11_eval=43.4 - cluster_nmi_11_eval=0.486 - cluster_ari_11_eval=0.318 - cluster_acc_12_eval=46.54 - cluster_nmi_12_eval=0.46 - cluster_ari_12_eval=0.302 - cluster_acc_13_eval=42.43 - cluster_nmi_13_eval=0.449 - cluster_ari_13_eval=0.287 - cluster_acc_14_eval=47.17 - cluster_nmi_14_eval=0.503 - cluster_ari_14_eval=0.336 - cluster_acc_15_eval=45.52 - cluster_nmi_15_eval=0.488 - cluster_ari_15_eval=0.317 - cluster_acc_16_eval=48.19 - cluster_nmi_16_eval=0.461 - cluster_ari_16_eval=0.308 - cluster_acc_17_eval=45.66 - cluster_nmi_17_eval=0.462 - cluster_ari_17_eval=0.306 - cluster_acc_18_eval=42.6 - cluster_nmi_18_eval=0.436 - cluster_ari_18_eval=0.273 - cluster_acc_19_eval=38.36 - cluster_nmi_19_eval=0.45 - cluster_ari_19_eval=0.274 - max_cluster_acc_eval=59.92 - mean_cluster_acc_eval=46.86 - min_cluster_acc_eval=38.36 - max_cluster_nmi_eval=0.57 - mean_cluster_nmi_eval=0.485 - min_cluster_nmi_eval=0.436 - max_cluster_ari_eval=0.471 - mean_cluster_ari_eval=0.327 - min_cluster_ari_eval=0.273 - interclustering_nmi_eval=0.502
/scratch/e0538389/DivClust/engine/trainer.py:41: FutureWarning: `torch.cuda.amp.autocast(args...)` is deprecated. Please use `torch.amp.autocast('cuda', args...)` instead.
  with autocast(self.mixed_precision):
[2026-03-30 12:13:37](logger.py 179): id=CC_FMNIST_C10CFG_K20_E100_DT_0_5 | Ep. 61/100 - Step 0/273 (0.0 it/s) |                    | - loss_cc=4.555 - loss_ce=2.133 - loss_ne=0.0125 - loss_div=0.0 - threshold=0.612 - loss=6.701
/scratch/e0538389/DivClust/engine/trainer.py:41: FutureWarning: `torch.cuda.amp.autocast(args...)` is deprecated. Please use `torch.amp.autocast('cuda', args...)` instead.
  with autocast(self.mixed_precision):
[2026-03-30 12:13:48](logger.py 179): id=CC_FMNIST_C10CFG_K20_E100_DT_0_5 | Ep. 61/100 - Step 25/273 (2.32 it/s) |#                   | - loss_cc=4.543 - loss_ce=2.125 - loss_ne=0.0172 - loss_div=0.000186 - threshold=0.616 - loss=6.686
/scratch/e0538389/DivClust/engine/trainer.py:41: FutureWarning: `torch.cuda.amp.autocast(args...)` is deprecated. Please use `torch.amp.autocast('cuda', args...)` instead.
  with autocast(self.mixed_precision):
/scratch/e0538389/DivClust/engine/trainer.py:41: FutureWarning: `torch.cuda.amp.autocast(args...)` is deprecated. Please use `torch.amp.autocast('cuda', args...)` instead.
  with autocast(self.mixed_precision):
[2026-03-30 12:13:59](logger.py 179): id=CC_FMNIST_C10CFG_K20_E100_DT_0_5 | Ep. 61/100 - Step 50/273 (2.27 it/s) |###                 | - loss_cc=4.543 - loss_ce=2.124 - loss_ne=0.0167 - loss_div=0.00028 - threshold=0.614 - loss=6.684
/scratch/e0538389/DivClust/engine/trainer.py:41: FutureWarning: `torch.cuda.amp.autocast(args...)` is deprecated. Please use `torch.amp.autocast('cuda', args...)` instead.
  with autocast(self.mixed_precision):
[2026-03-30 12:14:10](logger.py 179): id=CC_FMNIST_C10CFG_K20_E100_DT_0_5 | Ep. 61/100 - Step 75/273 (2.29 it/s) |#####               | - loss_cc=4.541 - loss_ce=2.124 - loss_ne=0.0176 - loss_div=0.0011 - threshold=0.61 - loss=6.684
/scratch/e0538389/DivClust/engine/trainer.py:41: FutureWarning: `torch.cuda.amp.autocast(args...)` is deprecated. Please use `torch.amp.autocast('cuda', args...)` instead.
  with autocast(self.mixed_precision):
[2026-03-30 12:14:21](logger.py 179): id=CC_FMNIST_C10CFG_K20_E100_DT_0_5 | Ep. 61/100 - Step 100/273 (2.29 it/s) |#######             | - loss_cc=4.54 - loss_ce=2.123 - loss_ne=0.0174 - loss_div=0.000996 - threshold=0.608 - loss=6.681
/scratch/e0538389/DivClust/engine/trainer.py:41: FutureWarning: `torch.cuda.amp.autocast(args...)` is deprecated. Please use `torch.amp.autocast('cuda', args...)` instead.
  with autocast(self.mixed_precision):
[2026-03-30 12:14:32](logger.py 179): id=CC_FMNIST_C10CFG_K20_E100_DT_0_5 | Ep. 61/100 - Step 125/273 (2.3 it/s) |#########           | - loss_cc=4.54 - loss_ce=2.123 - loss_ne=0.0171 - loss_div=0.000968 - threshold=0.607 - loss=6.681
/scratch/e0538389/DivClust/engine/trainer.py:41: FutureWarning: `torch.cuda.amp.autocast(args...)` is deprecated. Please use `torch.amp.autocast('cuda', args...)` instead.
  with autocast(self.mixed_precision):
/scratch/e0538389/DivClust/engine/trainer.py:41: FutureWarning: `torch.cuda.amp.autocast(args...)` is deprecated. Please use `torch.amp.autocast('cuda', args...)` instead.
  with autocast(self.mixed_precision):
[2026-03-30 12:14:43](logger.py 179): id=CC_FMNIST_C10CFG_K20_E100_DT_0_5 | Ep. 61/100 - Step 150/273 (2.29 it/s) |##########          | - loss_cc=4.538 - loss_ce=2.123 - loss_ne=0.017 - loss_div=0.00134 - threshold=0.605 - loss=6.679
/scratch/e0538389/DivClust/engine/trainer.py:41: FutureWarning: `torch.cuda.amp.autocast(args...)` is deprecated. Please use `torch.amp.autocast('cuda', args...)` instead.
  with autocast(self.mixed_precision):
[2026-03-30 12:14:54](logger.py 179): id=CC_FMNIST_C10CFG_K20_E100_DT_0_5 | Ep. 61/100 - Step 175/273 (2.29 it/s) |############        | - loss_cc=4.537 - loss_ce=2.122 - loss_ne=0.0171 - loss_div=0.00143 - threshold=0.602 - loss=6.678
/scratch/e0538389/DivClust/engine/trainer.py:41: FutureWarning: `torch.cuda.amp.autocast(args...)` is deprecated. Please use `torch.amp.autocast('cuda', args...)` instead.
  with autocast(self.mixed_precision):
[2026-03-30 12:15:05](logger.py 179): id=CC_FMNIST_C10CFG_K20_E100_DT_0_5 | Ep. 61/100 - Step 200/273 (2.29 it/s) |##############      | - loss_cc=4.537 - loss_ce=2.122 - loss_ne=0.0172 - loss_div=0.00139 - threshold=0.602 - loss=6.678
/scratch/e0538389/DivClust/engine/trainer.py:41: FutureWarning: `torch.cuda.amp.autocast(args...)` is deprecated. Please use `torch.amp.autocast('cuda', args...)` instead.
  with autocast(self.mixed_precision):
[2026-03-30 12:15:15](logger.py 179): id=CC_FMNIST_C10CFG_K20_E100_DT_0_5 | Ep. 61/100 - Step 225/273 (2.29 it/s) |################    | - loss_cc=4.537 - loss_ce=2.122 - loss_ne=0.0172 - loss_div=0.00126 - threshold=0.602 - loss=6.677
/scratch/e0538389/DivClust/engine/trainer.py:41: FutureWarning: `torch.cuda.amp.autocast(args...)` is deprecated. Please use `torch.amp.autocast('cuda', args...)` instead.
  with autocast(self.mixed_precision):
/scratch/e0538389/DivClust/engine/trainer.py:41: FutureWarning: `torch.cuda.amp.autocast(args...)` is deprecated. Please use `torch.amp.autocast('cuda', args...)` instead.
  with autocast(self.mixed_precision):
[2026-03-30 12:15:27](logger.py 179): id=CC_FMNIST_C10CFG_K20_E100_DT_0_5 | Ep. 61/100 - Step 250/273 (2.29 it/s) |##################  | - loss_cc=4.537 - loss_ce=2.122 - loss_ne=0.0172 - loss_div=0.00114 - threshold=0.603 - loss=6.678
/scratch/e0538389/DivClust/engine/trainer.py:41: FutureWarning: `torch.cuda.amp.autocast(args...)` is deprecated. Please use `torch.amp.autocast('cuda', args...)` instead.
  with autocast(self.mixed_precision):
[2026-03-30 12:15:36](logger.py 179): id=CC_FMNIST_C10CFG_K20_E100_DT_0_5 | Ep. 61/100 | Time: 00:01 | loss_cc=4.537 - loss_ce=2.122 - loss_ne=0.0171 - loss_div=0.00106 - threshold=0.604 - loss=6.677
[2026-03-30 12:15:38](logger.py 179): id=CC_FMNIST_C10CFG_K20_E100_DT_0_5 | Ep. 62/100 - Step 0/273 (0.0 it/s) |                    | - loss_cc=4.515 - loss_ce=2.112 - loss_ne=0.0101 - loss_div=0.0 - threshold=0.611 - loss=6.637
/scratch/e0538389/DivClust/engine/trainer.py:41: FutureWarning: `torch.cuda.amp.autocast(args...)` is deprecated. Please use `torch.amp.autocast('cuda', args...)` instead.
  with autocast(self.mixed_precision):
[2026-03-30 12:15:49](logger.py 179): id=CC_FMNIST_C10CFG_K20_E100_DT_0_5 | Ep. 62/100 - Step 25/273 (2.38 it/s) |#                   | - loss_cc=4.541 - loss_ce=2.122 - loss_ne=0.0175 - loss_div=0.000856 - threshold=0.608 - loss=6.682
/scratch/e0538389/DivClust/engine/trainer.py:41: FutureWarning: `torch.cuda.amp.autocast(args...)` is deprecated. Please use `torch.amp.autocast('cuda', args...)` instead.
  with autocast(self.mixed_precision):
[2026-03-30 12:15:59](logger.py 179): id=CC_FMNIST_C10CFG_K20_E100_DT_0_5 | Ep. 62/100 - Step 50/273 (2.38 it/s) |###                 | - loss_cc=4.54 - loss_ce=2.122 - loss_ne=0.0176 - loss_div=0.00179 - threshold=0.605 - loss=6.681
/scratch/e0538389/DivClust/engine/trainer.py:41: FutureWarning: `torch.cuda.amp.autocast(args...)` is deprecated. Please use `torch.amp.autocast('cuda', args...)` instead.
  with autocast(self.mixed_precision):
/scratch/e0538389/DivClust/engine/trainer.py:41: FutureWarning: `torch.cuda.amp.autocast(args...)` is deprecated. Please use `torch.amp.autocast('cuda', args...)` instead.
  with autocast(self.mixed_precision):
[2026-03-30 12:16:10](logger.py 179): id=CC_FMNIST_C10CFG_K20_E100_DT_0_5 | Ep. 62/100 - Step 75/273 (2.35 it/s) |#####               | - loss_cc=4.539 - loss_ce=2.122 - loss_ne=0.0175 - loss_div=0.00186 - threshold=0.601 - loss=6.681
/scratch/e0538389/DivClust/engine/trainer.py:41: FutureWarning: `torch.cuda.amp.autocast(args...)` is deprecated. Please use `torch.amp.autocast('cuda', args...)` instead.
  with autocast(self.mixed_precision):
[2026-03-30 12:16:21](logger.py 179): id=CC_FMNIST_C10CFG_K20_E100_DT_0_5 | Ep. 62/100 - Step 100/273 (2.34 it/s) |#######             | - loss_cc=4.538 - loss_ce=2.122 - loss_ne=0.0173 - loss_div=0.00153 - threshold=0.601 - loss=6.678
/scratch/e0538389/DivClust/engine/trainer.py:41: FutureWarning: `torch.cuda.amp.autocast(args...)` is deprecated. Please use `torch.amp.autocast('cuda', args...)` instead.
  with autocast(self.mixed_precision):
[2026-03-30 12:16:32](logger.py 179): id=CC_FMNIST_C10CFG_K20_E100_DT_0_5 | Ep. 62/100 - Step 125/273 (2.34 it/s) |#########           | - loss_cc=4.538 - loss_ce=2.122 - loss_ne=0.0176 - loss_div=0.00127 - threshold=0.603 - loss=6.679
/scratch/e0538389/DivClust/engine/trainer.py:41: FutureWarning: `torch.cuda.amp.autocast(args...)` is deprecated. Please use `torch.amp.autocast('cuda', args...)` instead.
  with autocast(self.mixed_precision):
[2026-03-30 12:16:43](logger.py 179): id=CC_FMNIST_C10CFG_K20_E100_DT_0_5 | Ep. 62/100 - Step 150/273 (2.33 it/s) |##########          | - loss_cc=4.539 - loss_ce=2.122 - loss_ne=0.0175 - loss_div=0.00107 - threshold=0.605 - loss=6.68
/scratch/e0538389/DivClust/engine/trainer.py:41: FutureWarning: `torch.cuda.amp.autocast(args...)` is deprecated. Please use `torch.amp.autocast('cuda', args...)` instead.
  with autocast(self.mixed_precision):
/scratch/e0538389/DivClust/engine/trainer.py:41: FutureWarning: `torch.cuda.amp.autocast(args...)` is deprecated. Please use `torch.amp.autocast('cuda', args...)` instead.
  with autocast(self.mixed_precision):
[2026-03-30 12:16:54](logger.py 179): id=CC_FMNIST_C10CFG_K20_E100_DT_0_5 | Ep. 62/100 - Step 175/273 (2.32 it/s) |############        | - loss_cc=4.538 - loss_ce=2.122 - loss_ne=0.0177 - loss_div=0.000983 - threshold=0.606 - loss=6.679
/scratch/e0538389/DivClust/engine/trainer.py:41: FutureWarning: `torch.cuda.amp.autocast(args...)` is deprecated. Please use `torch.amp.autocast('cuda', args...)` instead.
  with autocast(self.mixed_precision):
[2026-03-30 12:17:05](logger.py 179): id=CC_FMNIST_C10CFG_K20_E100_DT_0_5 | Ep. 62/100 - Step 200/273 (2.32 it/s) |##############      | - loss_cc=4.538 - loss_ce=2.122 - loss_ne=0.0175 - loss_div=0.00117 - threshold=0.605 - loss=6.679
/scratch/e0538389/DivClust/engine/trainer.py:41: FutureWarning: `torch.cuda.amp.autocast(args...)` is deprecated. Please use `torch.amp.autocast('cuda', args...)` instead.
  with autocast(self.mixed_precision):
[2026-03-30 12:17:15](logger.py 179): id=CC_FMNIST_C10CFG_K20_E100_DT_0_5 | Ep. 62/100 - Step 225/273 (2.32 it/s) |################    | - loss_cc=4.538 - loss_ce=2.122 - loss_ne=0.0176 - loss_div=0.00113 - threshold=0.605 - loss=6.678
/scratch/e0538389/DivClust/engine/trainer.py:41: FutureWarning: `torch.cuda.amp.autocast(args...)` is deprecated. Please use `torch.amp.autocast('cuda', args...)` instead.
  with autocast(self.mixed_precision):
[2026-03-30 12:17:26](logger.py 179): id=CC_FMNIST_C10CFG_K20_E100_DT_0_5 | Ep. 62/100 - Step 250/273 (2.32 it/s) |##################  | - loss_cc=4.537 - loss_ce=2.122 - loss_ne=0.0174 - loss_div=0.00105 - threshold=0.605 - loss=6.677
/scratch/e0538389/DivClust/engine/trainer.py:41: FutureWarning: `torch.cuda.amp.autocast(args...)` is deprecated. Please use `torch.amp.autocast('cuda', args...)` instead.
  with autocast(self.mixed_precision):
[2026-03-30 12:17:36](logger.py 179): id=CC_FMNIST_C10CFG_K20_E100_DT_0_5 | Ep. 62/100 | Time: 00:01 | loss_cc=4.537 - loss_ce=2.122 - loss_ne=0.0173 - loss_div=0.00106 - threshold=0.605 - loss=6.677
[2026-03-30 12:17:38](logger.py 179): id=CC_FMNIST_C10CFG_K20_E100_DT_0_5 | Ep. 63/100 - Step 0/273 (0.0 it/s) |                    | - loss_cc=4.567 - loss_ce=2.128 - loss_ne=0.017 - loss_div=0.0 - threshold=0.605 - loss=6.713
/scratch/e0538389/DivClust/engine/trainer.py:41: FutureWarning: `torch.cuda.amp.autocast(args...)` is deprecated. Please use `torch.amp.autocast('cuda', args...)` instead.
  with autocast(self.mixed_precision):
/scratch/e0538389/DivClust/engine/trainer.py:41: FutureWarning: `torch.cuda.amp.autocast(args...)` is deprecated. Please use `torch.amp.autocast('cuda', args...)` instead.
  with autocast(self.mixed_precision):
[2026-03-30 12:17:49](logger.py 179): id=CC_FMNIST_C10CFG_K20_E100_DT_0_5 | Ep. 63/100 - Step 25/273 (2.22 it/s) |#                   | - loss_cc=4.533 - loss_ce=2.12 - loss_ne=0.017 - loss_div=0.00131 - threshold=0.598 - loss=6.672
/scratch/e0538389/DivClust/engine/trainer.py:41: FutureWarning: `torch.cuda.amp.autocast(args...)` is deprecated. Please use `torch.amp.autocast('cuda', args...)` instead.
  with autocast(self.mixed_precision):
[2026-03-30 12:18:00](logger.py 179): id=CC_FMNIST_C10CFG_K20_E100_DT_0_5 | Ep. 63/100 - Step 50/273 (2.27 it/s) |###                 | - loss_cc=4.534 - loss_ce=2.121 - loss_ne=0.0176 - loss_div=0.00176 - threshold=0.596 - loss=6.674
/scratch/e0538389/DivClust/engine/trainer.py:41: FutureWarning: `torch.cuda.amp.autocast(args...)` is deprecated. Please use `torch.amp.autocast('cuda', args...)` instead.
  with autocast(self.mixed_precision):
[2026-03-30 12:18:11](logger.py 179): id=CC_FMNIST_C10CFG_K20_E100_DT_0_5 | Ep. 63/100 - Step 75/273 (2.29 it/s) |#####               | - loss_cc=4.537 - loss_ce=2.122 - loss_ne=0.0174 - loss_div=0.00154 - threshold=0.598 - loss=6.678
/scratch/e0538389/DivClust/engine/trainer.py:41: FutureWarning: `torch.cuda.amp.autocast(args...)` is deprecated. Please use `torch.amp.autocast('cuda', args...)` instead.
  with autocast(self.mixed_precision):
[2026-03-30 12:18:22](logger.py 179): id=CC_FMNIST_C10CFG_K20_E100_DT_0_5 | Ep. 63/100 - Step 100/273 (2.29 it/s) |#######             | - loss_cc=4.537 - loss_ce=2.122 - loss_ne=0.0168 - loss_div=0.00117 - threshold=0.601 - loss=6.677
/scratch/e0538389/DivClust/engine/trainer.py:41: FutureWarning: `torch.cuda.amp.autocast(args...)` is deprecated. Please use `torch.amp.autocast('cuda', args...)` instead.
  with autocast(self.mixed_precision):
/scratch/e0538389/DivClust/engine/trainer.py:41: FutureWarning: `torch.cuda.amp.autocast(args...)` is deprecated. Please use `torch.amp.autocast('cuda', args...)` instead.
  with autocast(self.mixed_precision):
[2026-03-30 12:18:33](logger.py 179): id=CC_FMNIST_C10CFG_K20_E100_DT_0_5 | Ep. 63/100 - Step 125/273 (2.28 it/s) |#########           | - loss_cc=4.537 - loss_ce=2.122 - loss_ne=0.0167 - loss_div=0.000968 - threshold=0.604 - loss=6.676
/scratch/e0538389/DivClust/engine/trainer.py:41: FutureWarning: `torch.cuda.amp.autocast(args...)` is deprecated. Please use `torch.amp.autocast('cuda', args...)` instead.
  with autocast(self.mixed_precision):
[2026-03-30 12:18:44](logger.py 179): id=CC_FMNIST_C10CFG_K20_E100_DT_0_5 | Ep. 63/100 - Step 150/273 (2.29 it/s) |##########          | - loss_cc=4.535 - loss_ce=2.121 - loss_ne=0.0165 - loss_div=0.000912 - threshold=0.605 - loss=6.674
/scratch/e0538389/DivClust/engine/trainer.py:41: FutureWarning: `torch.cuda.amp.autocast(args...)` is deprecated. Please use `torch.amp.autocast('cuda', args...)` instead.
  with autocast(self.mixed_precision):
[2026-03-30 12:18:54](logger.py 179): id=CC_FMNIST_C10CFG_K20_E100_DT_0_5 | Ep. 63/100 - Step 175/273 (2.29 it/s) |############        | - loss_cc=4.536 - loss_ce=2.121 - loss_ne=0.0164 - loss_div=0.00107 - threshold=0.604 - loss=6.675
/scratch/e0538389/DivClust/engine/trainer.py:41: FutureWarning: `torch.cuda.amp.autocast(args...)` is deprecated. Please use `torch.amp.autocast('cuda', args...)` instead.
  with autocast(self.mixed_precision):
[2026-03-30 12:19:05](logger.py 179): id=CC_FMNIST_C10CFG_K20_E100_DT_0_5 | Ep. 63/100 - Step 200/273 (2.29 it/s) |##############      | - loss_cc=4.536 - loss_ce=2.121 - loss_ne=0.0165 - loss_div=0.00117 - threshold=0.603 - loss=6.675
/scratch/e0538389/DivClust/engine/trainer.py:41: FutureWarning: `torch.cuda.amp.autocast(args...)` is deprecated. Please use `torch.amp.autocast('cuda', args...)` instead.
  with autocast(self.mixed_precision):
/scratch/e0538389/DivClust/engine/trainer.py:41: FutureWarning: `torch.cuda.amp.autocast(args...)` is deprecated. Please use `torch.amp.autocast('cuda', args...)` instead.
  with autocast(self.mixed_precision):
[2026-03-30 12:19:16](logger.py 179): id=CC_FMNIST_C10CFG_K20_E100_DT_0_5 | Ep. 63/100 - Step 225/273 (2.29 it/s) |################    | - loss_cc=4.536 - loss_ce=2.122 - loss_ne=0.0165 - loss_div=0.00109 - threshold=0.602 - loss=6.675
/scratch/e0538389/DivClust/engine/trainer.py:41: FutureWarning: `torch.cuda.amp.autocast(args...)` is deprecated. Please use `torch.amp.autocast('cuda', args...)` instead.
  with autocast(self.mixed_precision):
[2026-03-30 12:19:27](logger.py 179): id=CC_FMNIST_C10CFG_K20_E100_DT_0_5 | Ep. 63/100 - Step 250/273 (2.29 it/s) |##################  | - loss_cc=4.534 - loss_ce=2.121 - loss_ne=0.0166 - loss_div=0.00103 - threshold=0.603 - loss=6.673
/scratch/e0538389/DivClust/engine/trainer.py:41: FutureWarning: `torch.cuda.amp.autocast(args...)` is deprecated. Please use `torch.amp.autocast('cuda', args...)` instead.
  with autocast(self.mixed_precision):
[2026-03-30 12:19:37](logger.py 179): id=CC_FMNIST_C10CFG_K20_E100_DT_0_5 | Ep. 63/100 | Time: 00:01 | loss_cc=4.534 - loss_ce=2.121 - loss_ne=0.0167 - loss_div=0.001 - threshold=0.603 - loss=6.672
[2026-03-30 12:19:39](logger.py 179): id=CC_FMNIST_C10CFG_K20_E100_DT_0_5 | Ep. 64/100 - Step 0/273 (0.0 it/s) |                    | - loss_cc=4.541 - loss_ce=2.126 - loss_ne=0.0183 - loss_div=0.000902 - threshold=0.604 - loss=6.687
/scratch/e0538389/DivClust/engine/trainer.py:41: FutureWarning: `torch.cuda.amp.autocast(args...)` is deprecated. Please use `torch.amp.autocast('cuda', args...)` instead.
  with autocast(self.mixed_precision):
[2026-03-30 12:19:49](logger.py 179): id=CC_FMNIST_C10CFG_K20_E100_DT_0_5 | Ep. 64/100 - Step 25/273 (2.38 it/s) |#                   | - loss_cc=4.535 - loss_ce=2.121 - loss_ne=0.0155 - loss_div=0.00129 - threshold=0.6 - loss=6.673
/scratch/e0538389/DivClust/engine/trainer.py:41: FutureWarning: `torch.cuda.amp.autocast(args...)` is deprecated. Please use `torch.amp.autocast('cuda', args...)` instead.
  with autocast(self.mixed_precision):
/scratch/e0538389/DivClust/engine/trainer.py:41: FutureWarning: `torch.cuda.amp.autocast(args...)` is deprecated. Please use `torch.amp.autocast('cuda', args...)` instead.
  with autocast(self.mixed_precision):
[2026-03-30 12:20:01](logger.py 179): id=CC_FMNIST_C10CFG_K20_E100_DT_0_5 | Ep. 64/100 - Step 50/273 (2.29 it/s) |###                 | - loss_cc=4.535 - loss_ce=2.121 - loss_ne=0.0176 - loss_div=0.00169 - threshold=0.597 - loss=6.675
/scratch/e0538389/DivClust/engine/trainer.py:41: FutureWarning: `torch.cuda.amp.autocast(args...)` is deprecated. Please use `torch.amp.autocast('cuda', args...)` instead.
  with autocast(self.mixed_precision):
[2026-03-30 12:20:11](logger.py 179): id=CC_FMNIST_C10CFG_K20_E100_DT_0_5 | Ep. 64/100 - Step 75/273 (2.3 it/s) |#####               | - loss_cc=4.532 - loss_ce=2.12 - loss_ne=0.0172 - loss_div=0.00123 - threshold=0.598 - loss=6.671
/scratch/e0538389/DivClust/engine/trainer.py:41: FutureWarning: `torch.cuda.amp.autocast(args...)` is deprecated. Please use `torch.amp.autocast('cuda', args...)` instead.
  with autocast(self.mixed_precision):
[2026-03-30 12:20:22](logger.py 179): id=CC_FMNIST_C10CFG_K20_E100_DT_0_5 | Ep. 64/100 - Step 100/273 (2.3 it/s) |#######             | - loss_cc=4.533 - loss_ce=2.121 - loss_ne=0.0168 - loss_div=0.00128 - threshold=0.599 - loss=6.672
/scratch/e0538389/DivClust/engine/trainer.py:41: FutureWarning: `torch.cuda.amp.autocast(args...)` is deprecated. Please use `torch.amp.autocast('cuda', args...)` instead.
  with autocast(self.mixed_precision):
[2026-03-30 12:20:33](logger.py 179): id=CC_FMNIST_C10CFG_K20_E100_DT_0_5 | Ep. 64/100 - Step 125/273 (2.31 it/s) |#########           | - loss_cc=4.533 - loss_ce=2.121 - loss_ne=0.017 - loss_div=0.00141 - threshold=0.598 - loss=6.673
/scratch/e0538389/DivClust/engine/trainer.py:41: FutureWarning: `torch.cuda.amp.autocast(args...)` is deprecated. Please use `torch.amp.autocast('cuda', args...)` instead.
  with autocast(self.mixed_precision):
/scratch/e0538389/DivClust/engine/trainer.py:41: FutureWarning: `torch.cuda.amp.autocast(args...)` is deprecated. Please use `torch.amp.autocast('cuda', args...)` instead.
  with autocast(self.mixed_precision):
[2026-03-30 12:20:44](logger.py 179): id=CC_FMNIST_C10CFG_K20_E100_DT_0_5 | Ep. 64/100 - Step 150/273 (2.29 it/s) |##########          | - loss_cc=4.532 - loss_ce=2.12 - loss_ne=0.017 - loss_div=0.00132 - threshold=0.598 - loss=6.671
/scratch/e0538389/DivClust/engine/trainer.py:41: FutureWarning: `torch.cuda.amp.autocast(args...)` is deprecated. Please use `torch.amp.autocast('cuda', args...)` instead.
  with autocast(self.mixed_precision):
[2026-03-30 12:20:55](logger.py 179): id=CC_FMNIST_C10CFG_K20_E100_DT_0_5 | Ep. 64/100 - Step 175/273 (2.29 it/s) |############        | - loss_cc=4.533 - loss_ce=2.121 - loss_ne=0.017 - loss_div=0.0012 - threshold=0.599 - loss=6.672
/scratch/e0538389/DivClust/engine/trainer.py:41: FutureWarning: `torch.cuda.amp.autocast(args...)` is deprecated. Please use `torch.amp.autocast('cuda', args...)` instead.
  with autocast(self.mixed_precision):
[2026-03-30 12:21:06](logger.py 179): id=CC_FMNIST_C10CFG_K20_E100_DT_0_5 | Ep. 64/100 - Step 200/273 (2.3 it/s) |##############      | - loss_cc=4.533 - loss_ce=2.121 - loss_ne=0.0173 - loss_div=0.00111 - threshold=0.6 - loss=6.672
/scratch/e0538389/DivClust/engine/trainer.py:41: FutureWarning: `torch.cuda.amp.autocast(args...)` is deprecated. Please use `torch.amp.autocast('cuda', args...)` instead.
  with autocast(self.mixed_precision):
[2026-03-30 12:21:17](logger.py 179): id=CC_FMNIST_C10CFG_K20_E100_DT_0_5 | Ep. 64/100 - Step 225/273 (2.3 it/s) |################    | - loss_cc=4.532 - loss_ce=2.12 - loss_ne=0.0171 - loss_div=0.00103 - threshold=0.601 - loss=6.671
/scratch/e0538389/DivClust/engine/trainer.py:41: FutureWarning: `torch.cuda.amp.autocast(args...)` is deprecated. Please use `torch.amp.autocast('cuda', args...)` instead.
  with autocast(self.mixed_precision):
/scratch/e0538389/DivClust/engine/trainer.py:41: FutureWarning: `torch.cuda.amp.autocast(args...)` is deprecated. Please use `torch.amp.autocast('cuda', args...)` instead.
  with autocast(self.mixed_precision):
[2026-03-30 12:21:28](logger.py 179): id=CC_FMNIST_C10CFG_K20_E100_DT_0_5 | Ep. 64/100 - Step 250/273 (2.29 it/s) |##################  | - loss_cc=4.532 - loss_ce=2.12 - loss_ne=0.0171 - loss_div=0.00105 - threshold=0.601 - loss=6.67
/scratch/e0538389/DivClust/engine/trainer.py:41: FutureWarning: `torch.cuda.amp.autocast(args...)` is deprecated. Please use `torch.amp.autocast('cuda', args...)` instead.
  with autocast(self.mixed_precision):
[2026-03-30 12:21:37](logger.py 179): id=CC_FMNIST_C10CFG_K20_E100_DT_0_5 | Ep. 64/100 | Time: 00:01 | loss_cc=4.532 - loss_ce=2.12 - loss_ne=0.0171 - loss_div=0.00108 - threshold=0.601 - loss=6.671
[2026-03-30 12:21:39](logger.py 179): id=CC_FMNIST_C10CFG_K20_E100_DT_0_5 | Ep. 65/100 - Step 0/273 (0.0 it/s) |                    | - loss_cc=4.571 - loss_ce=2.136 - loss_ne=0.0152 - loss_div=0.00106 - threshold=0.604 - loss=6.723
/scratch/e0538389/DivClust/engine/trainer.py:41: FutureWarning: `torch.cuda.amp.autocast(args...)` is deprecated. Please use `torch.amp.autocast('cuda', args...)` instead.
  with autocast(self.mixed_precision):
[2026-03-30 12:21:50](logger.py 179): id=CC_FMNIST_C10CFG_K20_E100_DT_0_5 | Ep. 65/100 - Step 25/273 (2.32 it/s) |#                   | - loss_cc=4.537 - loss_ce=2.122 - loss_ne=0.0161 - loss_div=0.000539 - threshold=0.606 - loss=6.676
/scratch/e0538389/DivClust/engine/trainer.py:41: FutureWarning: `torch.cuda.amp.autocast(args...)` is deprecated. Please use `torch.amp.autocast('cuda', args...)` instead.
  with autocast(self.mixed_precision):
[2026-03-30 12:22:01](logger.py 179): id=CC_FMNIST_C10CFG_K20_E100_DT_0_5 | Ep. 65/100 - Step 50/273 (2.32 it/s) |###                 | - loss_cc=4.535 - loss_ce=2.121 - loss_ne=0.0163 - loss_div=0.000327 - threshold=0.61 - loss=6.673
/scratch/e0538389/DivClust/engine/trainer.py:41: FutureWarning: `torch.cuda.amp.autocast(args...)` is deprecated. Please use `torch.amp.autocast('cuda', args...)` instead.
  with autocast(self.mixed_precision):
[2026-03-30 12:22:12](logger.py 179): id=CC_FMNIST_C10CFG_K20_E100_DT_0_5 | Ep. 65/100 - Step 75/273 (2.29 it/s) |#####               | - loss_cc=4.534 - loss_ce=2.121 - loss_ne=0.0161 - loss_div=0.000345 - threshold=0.61 - loss=6.672
/scratch/e0538389/DivClust/engine/trainer.py:41: FutureWarning: `torch.cuda.amp.autocast(args...)` is deprecated. Please use `torch.amp.autocast('cuda', args...)` instead.
  with autocast(self.mixed_precision):
/scratch/e0538389/DivClust/engine/trainer.py:41: FutureWarning: `torch.cuda.amp.autocast(args...)` is deprecated. Please use `torch.amp.autocast('cuda', args...)` instead.
  with autocast(self.mixed_precision):
[2026-03-30 12:22:23](logger.py 179): id=CC_FMNIST_C10CFG_K20_E100_DT_0_5 | Ep. 65/100 - Step 100/273 (2.3 it/s) |#######             | - loss_cc=4.531 - loss_ce=2.12 - loss_ne=0.0164 - loss_div=0.000764 - threshold=0.608 - loss=6.669
/scratch/e0538389/DivClust/engine/trainer.py:41: FutureWarning: `torch.cuda.amp.autocast(args...)` is deprecated. Please use `torch.amp.autocast('cuda', args...)` instead.
  with autocast(self.mixed_precision):
[2026-03-30 12:22:33](logger.py 179): id=CC_FMNIST_C10CFG_K20_E100_DT_0_5 | Ep. 65/100 - Step 125/273 (2.3 it/s) |#########           | - loss_cc=4.534 - loss_ce=2.121 - loss_ne=0.0169 - loss_div=0.00115 - threshold=0.606 - loss=6.673
/scratch/e0538389/DivClust/engine/trainer.py:41: FutureWarning: `torch.cuda.amp.autocast(args...)` is deprecated. Please use `torch.amp.autocast('cuda', args...)` instead.
  with autocast(self.mixed_precision):
[2026-03-30 12:22:44](logger.py 179): id=CC_FMNIST_C10CFG_K20_E100_DT_0_5 | Ep. 65/100 - Step 150/273 (2.3 it/s) |##########          | - loss_cc=4.533 - loss_ce=2.121 - loss_ne=0.017 - loss_div=0.0011 - threshold=0.604 - loss=6.672
/scratch/e0538389/DivClust/engine/trainer.py:41: FutureWarning: `torch.cuda.amp.autocast(args...)` is deprecated. Please use `torch.amp.autocast('cuda', args...)` instead.
  with autocast(self.mixed_precision):
[2026-03-30 12:22:56](logger.py 179): id=CC_FMNIST_C10CFG_K20_E100_DT_0_5 | Ep. 65/100 - Step 175/273 (2.29 it/s) |############        | - loss_cc=4.532 - loss_ce=2.121 - loss_ne=0.0172 - loss_div=0.00104 - threshold=0.604 - loss=6.671
/scratch/e0538389/DivClust/engine/trainer.py:41: FutureWarning: `torch.cuda.amp.autocast(args...)` is deprecated. Please use `torch.amp.autocast('cuda', args...)` instead.
  with autocast(self.mixed_precision):
/scratch/e0538389/DivClust/engine/trainer.py:41: FutureWarning: `torch.cuda.amp.autocast(args...)` is deprecated. Please use `torch.amp.autocast('cuda', args...)` instead.
  with autocast(self.mixed_precision):
[2026-03-30 12:23:06](logger.py 179): id=CC_FMNIST_C10CFG_K20_E100_DT_0_5 | Ep. 65/100 - Step 200/273 (2.29 it/s) |##############      | - loss_cc=4.532 - loss_ce=2.121 - loss_ne=0.0172 - loss_div=0.000939 - threshold=0.604 - loss=6.671
/scratch/e0538389/DivClust/engine/trainer.py:41: FutureWarning: `torch.cuda.amp.autocast(args...)` is deprecated. Please use `torch.amp.autocast('cuda', args...)` instead.
  with autocast(self.mixed_precision):
[2026-03-30 12:23:17](logger.py 179): id=CC_FMNIST_C10CFG_K20_E100_DT_0_5 | Ep. 65/100 - Step 225/273 (2.3 it/s) |################    | - loss_cc=4.532 - loss_ce=2.12 - loss_ne=0.017 - loss_div=0.000938 - threshold=0.604 - loss=6.67
/scratch/e0538389/DivClust/engine/trainer.py:41: FutureWarning: `torch.cuda.amp.autocast(args...)` is deprecated. Please use `torch.amp.autocast('cuda', args...)` instead.
  with autocast(self.mixed_precision):
[2026-03-30 12:23:28](logger.py 179): id=CC_FMNIST_C10CFG_K20_E100_DT_0_5 | Ep. 65/100 - Step 250/273 (2.3 it/s) |##################  | - loss_cc=4.532 - loss_ce=2.12 - loss_ne=0.0169 - loss_div=0.00102 - threshold=0.603 - loss=6.67
/scratch/e0538389/DivClust/engine/trainer.py:41: FutureWarning: `torch.cuda.amp.autocast(args...)` is deprecated. Please use `torch.amp.autocast('cuda', args...)` instead.
  with autocast(self.mixed_precision):
[2026-03-30 12:23:37](logger.py 179): id=CC_FMNIST_C10CFG_K20_E100_DT_0_5 | Ep. 65/100 | Time: 00:01 | loss_cc=4.532 - loss_ce=2.12 - loss_ne=0.0168 - loss_div=0.00101 - threshold=0.602 - loss=6.67
[2026-03-30 12:23:40](logger.py 179): id=CC_FMNIST_C10CFG_K20_E100_DT_0_5 | Ep. 66/100 - Step 0/273 (0.0 it/s) |                    | - loss_cc=4.558 - loss_ce=2.132 - loss_ne=0.0135 - loss_div=0.000673 - threshold=0.598 - loss=6.704
/scratch/e0538389/DivClust/engine/trainer.py:41: FutureWarning: `torch.cuda.amp.autocast(args...)` is deprecated. Please use `torch.amp.autocast('cuda', args...)` instead.
  with autocast(self.mixed_precision):
/scratch/e0538389/DivClust/engine/trainer.py:41: FutureWarning: `torch.cuda.amp.autocast(args...)` is deprecated. Please use `torch.amp.autocast('cuda', args...)` instead.
  with autocast(self.mixed_precision):
[2026-03-30 12:23:51](logger.py 179): id=CC_FMNIST_C10CFG_K20_E100_DT_0_5 | Ep. 66/100 - Step 25/273 (2.28 it/s) |#                   | - loss_cc=4.528 - loss_ce=2.119 - loss_ne=0.0174 - loss_div=0.000312 - threshold=0.604 - loss=6.665
/scratch/e0538389/DivClust/engine/trainer.py:41: FutureWarning: `torch.cuda.amp.autocast(args...)` is deprecated. Please use `torch.amp.autocast('cuda', args...)` instead.
  with autocast(self.mixed_precision):
[2026-03-30 12:24:02](logger.py 179): id=CC_FMNIST_C10CFG_K20_E100_DT_0_5 | Ep. 66/100 - Step 50/273 (2.3 it/s) |###                 | - loss_cc=4.534 - loss_ce=2.12 - loss_ne=0.0175 - loss_div=0.000402 - threshold=0.606 - loss=6.671
/scratch/e0538389/DivClust/engine/trainer.py:41: FutureWarning: `torch.cuda.amp.autocast(args...)` is deprecated. Please use `torch.amp.autocast('cuda', args...)` instead.
  with autocast(self.mixed_precision):
[2026-03-30 12:24:13](logger.py 179): id=CC_FMNIST_C10CFG_K20_E100_DT_0_5 | Ep. 66/100 - Step 75/273 (2.31 it/s) |#####               | - loss_cc=4.533 - loss_ce=2.12 - loss_ne=0.0172 - loss_div=0.000709 - threshold=0.604 - loss=6.67
/scratch/e0538389/DivClust/engine/trainer.py:41: FutureWarning: `torch.cuda.amp.autocast(args...)` is deprecated. Please use `torch.amp.autocast('cuda', args...)` instead.
  with autocast(self.mixed_precision):
[2026-03-30 12:24:23](logger.py 179): id=CC_FMNIST_C10CFG_K20_E100_DT_0_5 | Ep. 66/100 - Step 100/273 (2.31 it/s) |#######             | - loss_cc=4.533 - loss_ce=2.121 - loss_ne=0.0169 - loss_div=0.000944 - threshold=0.601 - loss=6.671
/scratch/e0538389/DivClust/engine/trainer.py:41: FutureWarning: `torch.cuda.amp.autocast(args...)` is deprecated. Please use `torch.amp.autocast('cuda', args...)` instead.
  with autocast(self.mixed_precision):
/scratch/e0538389/DivClust/engine/trainer.py:41: FutureWarning: `torch.cuda.amp.autocast(args...)` is deprecated. Please use `torch.amp.autocast('cuda', args...)` instead.
  with autocast(self.mixed_precision):
[2026-03-30 12:24:34](logger.py 179): id=CC_FMNIST_C10CFG_K20_E100_DT_0_5 | Ep. 66/100 - Step 125/273 (2.3 it/s) |#########           | - loss_cc=4.532 - loss_ce=2.12 - loss_ne=0.017 - loss_div=0.000956 - threshold=0.6 - loss=6.67
/scratch/e0538389/DivClust/engine/trainer.py:41: FutureWarning: `torch.cuda.amp.autocast(args...)` is deprecated. Please use `torch.amp.autocast('cuda', args...)` instead.
  with autocast(self.mixed_precision):
[2026-03-30 12:24:45](logger.py 179): id=CC_FMNIST_C10CFG_K20_E100_DT_0_5 | Ep. 66/100 - Step 150/273 (2.3 it/s) |##########          | - loss_cc=4.531 - loss_ce=2.12 - loss_ne=0.017 - loss_div=0.000833 - threshold=0.601 - loss=6.669
/scratch/e0538389/DivClust/engine/trainer.py:41: FutureWarning: `torch.cuda.amp.autocast(args...)` is deprecated. Please use `torch.amp.autocast('cuda', args...)` instead.
  with autocast(self.mixed_precision):
[2026-03-30 12:24:56](logger.py 179): id=CC_FMNIST_C10CFG_K20_E100_DT_0_5 | Ep. 66/100 - Step 175/273 (2.31 it/s) |############        | - loss_cc=4.531 - loss_ce=2.12 - loss_ne=0.017 - loss_div=0.000736 - threshold=0.603 - loss=6.669
/scratch/e0538389/DivClust/engine/trainer.py:41: FutureWarning: `torch.cuda.amp.autocast(args...)` is deprecated. Please use `torch.amp.autocast('cuda', args...)` instead.
  with autocast(self.mixed_precision):
[2026-03-30 12:25:07](logger.py 179): id=CC_FMNIST_C10CFG_K20_E100_DT_0_5 | Ep. 66/100 - Step 200/273 (2.31 it/s) |##############      | - loss_cc=4.531 - loss_ce=2.12 - loss_ne=0.0169 - loss_div=0.000718 - threshold=0.604 - loss=6.669
/scratch/e0538389/DivClust/engine/trainer.py:41: FutureWarning: `torch.cuda.amp.autocast(args...)` is deprecated. Please use `torch.amp.autocast('cuda', args...)` instead.
  with autocast(self.mixed_precision):
/scratch/e0538389/DivClust/engine/trainer.py:41: FutureWarning: `torch.cuda.amp.autocast(args...)` is deprecated. Please use `torch.amp.autocast('cuda', args...)` instead.
  with autocast(self.mixed_precision):
[2026-03-30 12:25:18](logger.py 179): id=CC_FMNIST_C10CFG_K20_E100_DT_0_5 | Ep. 66/100 - Step 225/273 (2.3 it/s) |################    | - loss_cc=4.532 - loss_ce=2.12 - loss_ne=0.0168 - loss_div=0.000753 - threshold=0.604 - loss=6.669
/scratch/e0538389/DivClust/engine/trainer.py:41: FutureWarning: `torch.cuda.amp.autocast(args...)` is deprecated. Please use `torch.amp.autocast('cuda', args...)` instead.
  with autocast(self.mixed_precision):
[2026-03-30 12:25:29](logger.py 179): id=CC_FMNIST_C10CFG_K20_E100_DT_0_5 | Ep. 66/100 - Step 250/273 (2.3 it/s) |##################  | - loss_cc=4.531 - loss_ce=2.12 - loss_ne=0.0168 - loss_div=0.000812 - threshold=0.603 - loss=6.668
/scratch/e0538389/DivClust/engine/trainer.py:41: FutureWarning: `torch.cuda.amp.autocast(args...)` is deprecated. Please use `torch.amp.autocast('cuda', args...)` instead.
  with autocast(self.mixed_precision):
[2026-03-30 12:25:38](logger.py 179): id=CC_FMNIST_C10CFG_K20_E100_DT_0_5 | Ep. 66/100 | Time: 00:01 | loss_cc=4.531 - loss_ce=2.12 - loss_ne=0.0169 - loss_div=0.000793 - threshold=0.604 - loss=6.669
[2026-03-30 12:25:41](logger.py 179): id=CC_FMNIST_C10CFG_K20_E100_DT_0_5 | Ep. 67/100 - Step 0/273 (0.0 it/s) |                    | - loss_cc=4.539 - loss_ce=2.122 - loss_ne=0.0163 - loss_div=0.0 - threshold=0.609 - loss=6.678
/scratch/e0538389/DivClust/engine/trainer.py:41: FutureWarning: `torch.cuda.amp.autocast(args...)` is deprecated. Please use `torch.amp.autocast('cuda', args...)` instead.
  with autocast(self.mixed_precision):
[2026-03-30 12:25:51](logger.py 179): id=CC_FMNIST_C10CFG_K20_E100_DT_0_5 | Ep. 67/100 - Step 25/273 (2.4 it/s) |#                   | - loss_cc=4.534 - loss_ce=2.12 - loss_ne=0.0155 - loss_div=0.000137 - threshold=0.613 - loss=6.669
/scratch/e0538389/DivClust/engine/trainer.py:41: FutureWarning: `torch.cuda.amp.autocast(args...)` is deprecated. Please use `torch.amp.autocast('cuda', args...)` instead.
  with autocast(self.mixed_precision):
/scratch/e0538389/DivClust/engine/trainer.py:41: FutureWarning: `torch.cuda.amp.autocast(args...)` is deprecated. Please use `torch.amp.autocast('cuda', args...)` instead.
  with autocast(self.mixed_precision):
[2026-03-30 12:26:02](logger.py 179): id=CC_FMNIST_C10CFG_K20_E100_DT_0_5 | Ep. 67/100 - Step 50/273 (2.36 it/s) |###                 | - loss_cc=4.53 - loss_ce=2.118 - loss_ne=0.0151 - loss_div=0.0004 - threshold=0.611 - loss=6.664
/scratch/e0538389/DivClust/engine/trainer.py:41: FutureWarning: `torch.cuda.amp.autocast(args...)` is deprecated. Please use `torch.amp.autocast('cuda', args...)` instead.
  with autocast(self.mixed_precision):
[2026-03-30 12:26:12](logger.py 179): id=CC_FMNIST_C10CFG_K20_E100_DT_0_5 | Ep. 67/100 - Step 75/273 (2.35 it/s) |#####               | - loss_cc=4.53 - loss_ce=2.119 - loss_ne=0.0155 - loss_div=0.000819 - threshold=0.608 - loss=6.666
/scratch/e0538389/DivClust/engine/trainer.py:41: FutureWarning: `torch.cuda.amp.autocast(args...)` is deprecated. Please use `torch.amp.autocast('cuda', args...)` instead.
  with autocast(self.mixed_precision):
[2026-03-30 12:26:23](logger.py 179): id=CC_FMNIST_C10CFG_K20_E100_DT_0_5 | Ep. 67/100 - Step 100/273 (2.34 it/s) |#######             | - loss_cc=4.529 - loss_ce=2.118 - loss_ne=0.0159 - loss_div=0.00143 - threshold=0.605 - loss=6.665
/scratch/e0538389/DivClust/engine/trainer.py:41: FutureWarning: `torch.cuda.amp.autocast(args...)` is deprecated. Please use `torch.amp.autocast('cuda', args...)` instead.
  with autocast(self.mixed_precision):
[2026-03-30 12:26:34](logger.py 179): id=CC_FMNIST_C10CFG_K20_E100_DT_0_5 | Ep. 67/100 - Step 125/273 (2.34 it/s) |#########           | - loss_cc=4.529 - loss_ce=2.119 - loss_ne=0.0161 - loss_div=0.00129 - threshold=0.603 - loss=6.665
/scratch/e0538389/DivClust/engine/trainer.py:41: FutureWarning: `torch.cuda.amp.autocast(args...)` is deprecated. Please use `torch.amp.autocast('cuda', args...)` instead.
  with autocast(self.mixed_precision):
/scratch/e0538389/DivClust/engine/trainer.py:41: FutureWarning: `torch.cuda.amp.autocast(args...)` is deprecated. Please use `torch.amp.autocast('cuda', args...)` instead.
  with autocast(self.mixed_precision):
[2026-03-30 12:26:45](logger.py 179): id=CC_FMNIST_C10CFG_K20_E100_DT_0_5 | Ep. 67/100 - Step 150/273 (2.32 it/s) |##########          | - loss_cc=4.531 - loss_ce=2.119 - loss_ne=0.0162 - loss_div=0.00115 - threshold=0.603 - loss=6.667
/scratch/e0538389/DivClust/engine/trainer.py:41: FutureWarning: `torch.cuda.amp.autocast(args...)` is deprecated. Please use `torch.amp.autocast('cuda', args...)` instead.
  with autocast(self.mixed_precision):
[2026-03-30 12:26:56](logger.py 179): id=CC_FMNIST_C10CFG_K20_E100_DT_0_5 | Ep. 67/100 - Step 175/273 (2.32 it/s) |############        | - loss_cc=4.53 - loss_ce=2.119 - loss_ne=0.016 - loss_div=0.00104 - threshold=0.604 - loss=6.666
/scratch/e0538389/DivClust/engine/trainer.py:41: FutureWarning: `torch.cuda.amp.autocast(args...)` is deprecated. Please use `torch.amp.autocast('cuda', args...)` instead.
  with autocast(self.mixed_precision):
[2026-03-30 12:27:07](logger.py 179): id=CC_FMNIST_C10CFG_K20_E100_DT_0_5 | Ep. 67/100 - Step 200/273 (2.32 it/s) |##############      | - loss_cc=4.53 - loss_ce=2.119 - loss_ne=0.0161 - loss_div=0.000941 - threshold=0.605 - loss=6.666
/scratch/e0538389/DivClust/engine/trainer.py:41: FutureWarning: `torch.cuda.amp.autocast(args...)` is deprecated. Please use `torch.amp.autocast('cuda', args...)` instead.
  with autocast(self.mixed_precision):
[2026-03-30 12:27:17](logger.py 179): id=CC_FMNIST_C10CFG_K20_E100_DT_0_5 | Ep. 67/100 - Step 225/273 (2.32 it/s) |################    | - loss_cc=4.531 - loss_ce=2.119 - loss_ne=0.0161 - loss_div=0.000998 - threshold=0.605 - loss=6.668
/scratch/e0538389/DivClust/engine/trainer.py:41: FutureWarning: `torch.cuda.amp.autocast(args...)` is deprecated. Please use `torch.amp.autocast('cuda', args...)` instead.
  with autocast(self.mixed_precision):
/scratch/e0538389/DivClust/engine/trainer.py:41: FutureWarning: `torch.cuda.amp.autocast(args...)` is deprecated. Please use `torch.amp.autocast('cuda', args...)` instead.
  with autocast(self.mixed_precision):
[2026-03-30 12:27:29](logger.py 179): id=CC_FMNIST_C10CFG_K20_E100_DT_0_5 | Ep. 67/100 - Step 250/273 (2.31 it/s) |##################  | - loss_cc=4.531 - loss_ce=2.119 - loss_ne=0.0162 - loss_div=0.00105 - threshold=0.604 - loss=6.667
/scratch/e0538389/DivClust/engine/trainer.py:41: FutureWarning: `torch.cuda.amp.autocast(args...)` is deprecated. Please use `torch.amp.autocast('cuda', args...)` instead.
  with autocast(self.mixed_precision):
[2026-03-30 12:27:38](logger.py 179): id=CC_FMNIST_C10CFG_K20_E100_DT_0_5 | Ep. 67/100 | Time: 00:01 | loss_cc=4.532 - loss_ce=2.12 - loss_ne=0.0162 - loss_div=0.00108 - threshold=0.603 - loss=6.668
[2026-03-30 12:27:40](logger.py 179): id=CC_FMNIST_C10CFG_K20_E100_DT_0_5 | Ep. 68/100 - Step 0/273 (0.0 it/s) |                    | - loss_cc=4.502 - loss_ce=2.111 - loss_ne=0.0186 - loss_div=0.000634 - threshold=0.597 - loss=6.633
/scratch/e0538389/DivClust/engine/trainer.py:41: FutureWarning: `torch.cuda.amp.autocast(args...)` is deprecated. Please use `torch.amp.autocast('cuda', args...)` instead.
  with autocast(self.mixed_precision):
[2026-03-30 12:27:51](logger.py 179): id=CC_FMNIST_C10CFG_K20_E100_DT_0_5 | Ep. 68/100 - Step 25/273 (2.3 it/s) |#                   | - loss_cc=4.53 - loss_ce=2.12 - loss_ne=0.0159 - loss_div=0.00071 - threshold=0.599 - loss=6.666
/scratch/e0538389/DivClust/engine/trainer.py:41: FutureWarning: `torch.cuda.amp.autocast(args...)` is deprecated. Please use `torch.amp.autocast('cuda', args...)` instead.
  with autocast(self.mixed_precision):
[2026-03-30 12:28:02](logger.py 179): id=CC_FMNIST_C10CFG_K20_E100_DT_0_5 | Ep. 68/100 - Step 50/273 (2.31 it/s) |###                 | - loss_cc=4.532 - loss_ce=2.12 - loss_ne=0.0164 - loss_div=0.000503 - threshold=0.603 - loss=6.669
/scratch/e0538389/DivClust/engine/trainer.py:41: FutureWarning: `torch.cuda.amp.autocast(args...)` is deprecated. Please use `torch.amp.autocast('cuda', args...)` instead.
  with autocast(self.mixed_precision):
[2026-03-30 12:28:13](logger.py 179): id=CC_FMNIST_C10CFG_K20_E100_DT_0_5 | Ep. 68/100 - Step 75/273 (2.31 it/s) |#####               | - loss_cc=4.529 - loss_ce=2.119 - loss_ne=0.0167 - loss_div=0.000608 - threshold=0.603 - loss=6.665
/scratch/e0538389/DivClust/engine/trainer.py:41: FutureWarning: `torch.cuda.amp.autocast(args...)` is deprecated. Please use `torch.amp.autocast('cuda', args...)` instead.
  with autocast(self.mixed_precision):
/scratch/e0538389/DivClust/engine/trainer.py:41: FutureWarning: `torch.cuda.amp.autocast(args...)` is deprecated. Please use `torch.amp.autocast('cuda', args...)` instead.
  with autocast(self.mixed_precision):
[2026-03-30 12:28:24](logger.py 179): id=CC_FMNIST_C10CFG_K20_E100_DT_0_5 | Ep. 68/100 - Step 100/273 (2.29 it/s) |#######             | - loss_cc=4.53 - loss_ce=2.119 - loss_ne=0.0165 - loss_div=0.000631 - threshold=0.602 - loss=6.667
/scratch/e0538389/DivClust/engine/trainer.py:41: FutureWarning: `torch.cuda.amp.autocast(args...)` is deprecated. Please use `torch.amp.autocast('cuda', args...)` instead.
  with autocast(self.mixed_precision):
[2026-03-30 12:28:35](logger.py 179): id=CC_FMNIST_C10CFG_K20_E100_DT_0_5 | Ep. 68/100 - Step 125/273 (2.29 it/s) |#########           | - loss_cc=4.53 - loss_ce=2.119 - loss_ne=0.0167 - loss_div=0.0006 - threshold=0.602 - loss=6.667
/scratch/e0538389/DivClust/engine/trainer.py:41: FutureWarning: `torch.cuda.amp.autocast(args...)` is deprecated. Please use `torch.amp.autocast('cuda', args...)` instead.
  with autocast(self.mixed_precision):
[2026-03-30 12:28:46](logger.py 179): id=CC_FMNIST_C10CFG_K20_E100_DT_0_5 | Ep. 68/100 - Step 150/273 (2.3 it/s) |##########          | - loss_cc=4.529 - loss_ce=2.119 - loss_ne=0.0168 - loss_div=0.000576 - threshold=0.603 - loss=6.666
/scratch/e0538389/DivClust/engine/trainer.py:41: FutureWarning: `torch.cuda.amp.autocast(args...)` is deprecated. Please use `torch.amp.autocast('cuda', args...)` instead.
  with autocast(self.mixed_precision):
[2026-03-30 12:28:56](logger.py 179): id=CC_FMNIST_C10CFG_K20_E100_DT_0_5 | Ep. 68/100 - Step 175/273 (2.3 it/s) |############        | - loss_cc=4.53 - loss_ce=2.119 - loss_ne=0.0167 - loss_div=0.000661 - threshold=0.602 - loss=6.666
/scratch/e0538389/DivClust/engine/trainer.py:41: FutureWarning: `torch.cuda.amp.autocast(args...)` is deprecated. Please use `torch.amp.autocast('cuda', args...)` instead.
  with autocast(self.mixed_precision):
/scratch/e0538389/DivClust/engine/trainer.py:41: FutureWarning: `torch.cuda.amp.autocast(args...)` is deprecated. Please use `torch.amp.autocast('cuda', args...)` instead.
  with autocast(self.mixed_precision):
[2026-03-30 12:29:08](logger.py 179): id=CC_FMNIST_C10CFG_K20_E100_DT_0_5 | Ep. 68/100 - Step 200/273 (2.29 it/s) |##############      | - loss_cc=4.529 - loss_ce=2.119 - loss_ne=0.0169 - loss_div=0.000925 - threshold=0.601 - loss=6.666
/scratch/e0538389/DivClust/engine/trainer.py:41: FutureWarning: `torch.cuda.amp.autocast(args...)` is deprecated. Please use `torch.amp.autocast('cuda', args...)` instead.
  with autocast(self.mixed_precision):
[2026-03-30 12:29:18](logger.py 179): id=CC_FMNIST_C10CFG_K20_E100_DT_0_5 | Ep. 68/100 - Step 225/273 (2.3 it/s) |################    | - loss_cc=4.53 - loss_ce=2.12 - loss_ne=0.0171 - loss_div=0.000871 - threshold=0.601 - loss=6.668
/scratch/e0538389/DivClust/engine/trainer.py:41: FutureWarning: `torch.cuda.amp.autocast(args...)` is deprecated. Please use `torch.amp.autocast('cuda', args...)` instead.
  with autocast(self.mixed_precision):
[2026-03-30 12:29:29](logger.py 179): id=CC_FMNIST_C10CFG_K20_E100_DT_0_5 | Ep. 68/100 - Step 250/273 (2.3 it/s) |##################  | - loss_cc=4.53 - loss_ce=2.12 - loss_ne=0.017 - loss_div=0.000816 - threshold=0.601 - loss=6.668
/scratch/e0538389/DivClust/engine/trainer.py:41: FutureWarning: `torch.cuda.amp.autocast(args...)` is deprecated. Please use `torch.amp.autocast('cuda', args...)` instead.
  with autocast(self.mixed_precision):
[2026-03-30 12:29:38](logger.py 179): id=CC_FMNIST_C10CFG_K20_E100_DT_0_5 | Ep. 68/100 | Time: 00:01 | loss_cc=4.529 - loss_ce=2.119 - loss_ne=0.0169 - loss_div=0.000756 - threshold=0.602 - loss=6.666
[2026-03-30 12:29:41](logger.py 179): id=CC_FMNIST_C10CFG_K20_E100_DT_0_5 | Ep. 69/100 - Step 0/273 (0.0 it/s) |                    | - loss_cc=4.541 - loss_ce=2.124 - loss_ne=0.0173 - loss_div=0.0 - threshold=0.614 - loss=6.682
/scratch/e0538389/DivClust/engine/trainer.py:41: FutureWarning: `torch.cuda.amp.autocast(args...)` is deprecated. Please use `torch.amp.autocast('cuda', args...)` instead.
  with autocast(self.mixed_precision):
/scratch/e0538389/DivClust/engine/trainer.py:41: FutureWarning: `torch.cuda.amp.autocast(args...)` is deprecated. Please use `torch.amp.autocast('cuda', args...)` instead.
  with autocast(self.mixed_precision):
[2026-03-30 12:29:52](logger.py 179): id=CC_FMNIST_C10CFG_K20_E100_DT_0_5 | Ep. 69/100 - Step 25/273 (2.23 it/s) |#                   | - loss_cc=4.535 - loss_ce=2.122 - loss_ne=0.0149 - loss_div=0.000552 - threshold=0.608 - loss=6.673
/scratch/e0538389/DivClust/engine/trainer.py:41: FutureWarning: `torch.cuda.amp.autocast(args...)` is deprecated. Please use `torch.amp.autocast('cuda', args...)` instead.
  with autocast(self.mixed_precision):
[2026-03-30 12:30:03](logger.py 179): id=CC_FMNIST_C10CFG_K20_E100_DT_0_5 | Ep. 69/100 - Step 50/273 (2.27 it/s) |###                 | - loss_cc=4.536 - loss_ce=2.121 - loss_ne=0.0151 - loss_div=0.000907 - threshold=0.604 - loss=6.673
/scratch/e0538389/DivClust/engine/trainer.py:41: FutureWarning: `torch.cuda.amp.autocast(args...)` is deprecated. Please use `torch.amp.autocast('cuda', args...)` instead.
  with autocast(self.mixed_precision):
[2026-03-30 12:30:14](logger.py 179): id=CC_FMNIST_C10CFG_K20_E100_DT_0_5 | Ep. 69/100 - Step 75/273 (2.28 it/s) |#####               | - loss_cc=4.535 - loss_ce=2.121 - loss_ne=0.0159 - loss_div=0.000932 - threshold=0.603 - loss=6.673
/scratch/e0538389/DivClust/engine/trainer.py:41: FutureWarning: `torch.cuda.amp.autocast(args...)` is deprecated. Please use `torch.amp.autocast('cuda', args...)` instead.
  with autocast(self.mixed_precision):
[2026-03-30 12:30:25](logger.py 179): id=CC_FMNIST_C10CFG_K20_E100_DT_0_5 | Ep. 69/100 - Step 100/273 (2.29 it/s) |#######             | - loss_cc=4.533 - loss_ce=2.121 - loss_ne=0.0157 - loss_div=0.000794 - threshold=0.604 - loss=6.67
/scratch/e0538389/DivClust/engine/trainer.py:41: FutureWarning: `torch.cuda.amp.autocast(args...)` is deprecated. Please use `torch.amp.autocast('cuda', args...)` instead.
  with autocast(self.mixed_precision):
/scratch/e0538389/DivClust/engine/trainer.py:41: FutureWarning: `torch.cuda.amp.autocast(args...)` is deprecated. Please use `torch.amp.autocast('cuda', args...)` instead.
  with autocast(self.mixed_precision):
[2026-03-30 12:30:36](logger.py 179): id=CC_FMNIST_C10CFG_K20_E100_DT_0_5 | Ep. 69/100 - Step 125/273 (2.28 it/s) |#########           | - loss_cc=4.533 - loss_ce=2.12 - loss_ne=0.016 - loss_div=0.000837 - threshold=0.604 - loss=6.67
/scratch/e0538389/DivClust/engine/trainer.py:41: FutureWarning: `torch.cuda.amp.autocast(args...)` is deprecated. Please use `torch.amp.autocast('cuda', args...)` instead.
  with autocast(self.mixed_precision):
[2026-03-30 12:30:47](logger.py 179): id=CC_FMNIST_C10CFG_K20_E100_DT_0_5 | Ep. 69/100 - Step 150/273 (2.29 it/s) |##########          | - loss_cc=4.532 - loss_ce=2.12 - loss_ne=0.0159 - loss_div=0.00071 - threshold=0.605 - loss=6.668
/scratch/e0538389/DivClust/engine/trainer.py:41: FutureWarning: `torch.cuda.amp.autocast(args...)` is deprecated. Please use `torch.amp.autocast('cuda', args...)` instead.
  with autocast(self.mixed_precision):
[2026-03-30 12:30:58](logger.py 179): id=CC_FMNIST_C10CFG_K20_E100_DT_0_5 | Ep. 69/100 - Step 175/273 (2.29 it/s) |############        | - loss_cc=4.532 - loss_ce=2.12 - loss_ne=0.016 - loss_div=0.000694 - threshold=0.606 - loss=6.669
/scratch/e0538389/DivClust/engine/trainer.py:41: FutureWarning: `torch.cuda.amp.autocast(args...)` is deprecated. Please use `torch.amp.autocast('cuda', args...)` instead.
  with autocast(self.mixed_precision):
[2026-03-30 12:31:08](logger.py 179): id=CC_FMNIST_C10CFG_K20_E100_DT_0_5 | Ep. 69/100 - Step 200/273 (2.29 it/s) |##############      | - loss_cc=4.531 - loss_ce=2.12 - loss_ne=0.016 - loss_div=0.000698 - threshold=0.605 - loss=6.668
/scratch/e0538389/DivClust/engine/trainer.py:41: FutureWarning: `torch.cuda.amp.autocast(args...)` is deprecated. Please use `torch.amp.autocast('cuda', args...)` instead.
  with autocast(self.mixed_precision):
/scratch/e0538389/DivClust/engine/trainer.py:41: FutureWarning: `torch.cuda.amp.autocast(args...)` is deprecated. Please use `torch.amp.autocast('cuda', args...)` instead.
  with autocast(self.mixed_precision):
[2026-03-30 12:31:20](logger.py 179): id=CC_FMNIST_C10CFG_K20_E100_DT_0_5 | Ep. 69/100 - Step 225/273 (2.29 it/s) |################    | - loss_cc=4.531 - loss_ce=2.12 - loss_ne=0.016 - loss_div=0.000849 - threshold=0.604 - loss=6.668
/scratch/e0538389/DivClust/engine/trainer.py:41: FutureWarning: `torch.cuda.amp.autocast(args...)` is deprecated. Please use `torch.amp.autocast('cuda', args...)` instead.
  with autocast(self.mixed_precision):
[2026-03-30 12:31:30](logger.py 179): id=CC_FMNIST_C10CFG_K20_E100_DT_0_5 | Ep. 69/100 - Step 250/273 (2.29 it/s) |##################  | - loss_cc=4.531 - loss_ce=2.119 - loss_ne=0.016 - loss_div=0.00098 - threshold=0.603 - loss=6.667
/scratch/e0538389/DivClust/engine/trainer.py:41: FutureWarning: `torch.cuda.amp.autocast(args...)` is deprecated. Please use `torch.amp.autocast('cuda', args...)` instead.
  with autocast(self.mixed_precision):
[2026-03-30 12:31:40](logger.py 179): id=CC_FMNIST_C10CFG_K20_E100_DT_0_5 | Ep. 69/100 | Time: 00:01 | loss_cc=4.531 - loss_ce=2.119 - loss_ne=0.0159 - loss_div=0.000962 - threshold=0.603 - loss=6.667
[2026-03-30 12:31:42](logger.py 179): id=CC_FMNIST_C10CFG_K20_E100_DT_0_5 | Ep. 70/100 - Step 0/273 (0.0 it/s) |                    | - loss_cc=4.507 - loss_ce=2.115 - loss_ne=0.012 - loss_div=0.0 - threshold=0.602 - loss=6.634
/scratch/e0538389/DivClust/engine/trainer.py:41: FutureWarning: `torch.cuda.amp.autocast(args...)` is deprecated. Please use `torch.amp.autocast('cuda', args...)` instead.
  with autocast(self.mixed_precision):
[2026-03-30 12:31:53](logger.py 179): id=CC_FMNIST_C10CFG_K20_E100_DT_0_5 | Ep. 70/100 - Step 25/273 (2.28 it/s) |#                   | - loss_cc=4.53 - loss_ce=2.12 - loss_ne=0.0171 - loss_div=0.00117 - threshold=0.598 - loss=6.668
/scratch/e0538389/DivClust/engine/trainer.py:41: FutureWarning: `torch.cuda.amp.autocast(args...)` is deprecated. Please use `torch.amp.autocast('cuda', args...)` instead.
  with autocast(self.mixed_precision):
[2026-03-30 12:32:04](logger.py 179): id=CC_FMNIST_C10CFG_K20_E100_DT_0_5 | Ep. 70/100 - Step 50/273 (2.25 it/s) |###                 | - loss_cc=4.529 - loss_ce=2.12 - loss_ne=0.0166 - loss_div=0.000836 - threshold=0.6 - loss=6.666
/scratch/e0538389/DivClust/engine/trainer.py:41: FutureWarning: `torch.cuda.amp.autocast(args...)` is deprecated. Please use `torch.amp.autocast('cuda', args...)` instead.
  with autocast(self.mixed_precision):
/scratch/e0538389/DivClust/engine/trainer.py:41: FutureWarning: `torch.cuda.amp.autocast(args...)` is deprecated. Please use `torch.amp.autocast('cuda', args...)` instead.
  with autocast(self.mixed_precision):
[2026-03-30 12:32:15](logger.py 179): id=CC_FMNIST_C10CFG_K20_E100_DT_0_5 | Ep. 70/100 - Step 75/273 (2.26 it/s) |#####               | - loss_cc=4.53 - loss_ce=2.12 - loss_ne=0.0168 - loss_div=0.000645 - threshold=0.602 - loss=6.667
/scratch/e0538389/DivClust/engine/trainer.py:41: FutureWarning: `torch.cuda.amp.autocast(args...)` is deprecated. Please use `torch.amp.autocast('cuda', args...)` instead.
  with autocast(self.mixed_precision):
[2026-03-30 12:32:26](logger.py 179): id=CC_FMNIST_C10CFG_K20_E100_DT_0_5 | Ep. 70/100 - Step 100/273 (2.28 it/s) |#######             | - loss_cc=4.529 - loss_ce=2.119 - loss_ne=0.0163 - loss_div=0.000711 - threshold=0.601 - loss=6.665
/scratch/e0538389/DivClust/engine/trainer.py:41: FutureWarning: `torch.cuda.amp.autocast(args...)` is deprecated. Please use `torch.amp.autocast('cuda', args...)` instead.
  with autocast(self.mixed_precision):
[2026-03-30 12:32:36](logger.py 179): id=CC_FMNIST_C10CFG_K20_E100_DT_0_5 | Ep. 70/100 - Step 125/273 (2.29 it/s) |#########           | - loss_cc=4.529 - loss_ce=2.119 - loss_ne=0.0163 - loss_div=0.000957 - threshold=0.599 - loss=6.665
/scratch/e0538389/DivClust/engine/trainer.py:41: FutureWarning: `torch.cuda.amp.autocast(args...)` is deprecated. Please use `torch.amp.autocast('cuda', args...)` instead.
  with autocast(self.mixed_precision):
[2026-03-30 12:32:48](logger.py 179): id=CC_FMNIST_C10CFG_K20_E100_DT_0_5 | Ep. 70/100 - Step 150/273 (2.28 it/s) |##########          | - loss_cc=4.528 - loss_ce=2.119 - loss_ne=0.0163 - loss_div=0.000936 - threshold=0.599 - loss=6.665
/scratch/e0538389/DivClust/engine/trainer.py:41: FutureWarning: `torch.cuda.amp.autocast(args...)` is deprecated. Please use `torch.amp.autocast('cuda', args...)` instead.
  with autocast(self.mixed_precision):
/scratch/e0538389/DivClust/engine/trainer.py:41: FutureWarning: `torch.cuda.amp.autocast(args...)` is deprecated. Please use `torch.amp.autocast('cuda', args...)` instead.
  with autocast(self.mixed_precision):
[2026-03-30 12:32:58](logger.py 179): id=CC_FMNIST_C10CFG_K20_E100_DT_0_5 | Ep. 70/100 - Step 175/273 (2.28 it/s) |############        | - loss_cc=4.528 - loss_ce=2.119 - loss_ne=0.0163 - loss_div=0.000838 - threshold=0.599 - loss=6.664
/scratch/e0538389/DivClust/engine/trainer.py:41: FutureWarning: `torch.cuda.amp.autocast(args...)` is deprecated. Please use `torch.amp.autocast('cuda', args...)` instead.
  with autocast(self.mixed_precision):
[2026-03-30 12:33:09](logger.py 179): id=CC_FMNIST_C10CFG_K20_E100_DT_0_5 | Ep. 70/100 - Step 200/273 (2.29 it/s) |##############      | - loss_cc=4.528 - loss_ce=2.119 - loss_ne=0.0162 - loss_div=0.000784 - threshold=0.6 - loss=6.664
/scratch/e0538389/DivClust/engine/trainer.py:41: FutureWarning: `torch.cuda.amp.autocast(args...)` is deprecated. Please use `torch.amp.autocast('cuda', args...)` instead.
  with autocast(self.mixed_precision):
[2026-03-30 12:33:20](logger.py 179): id=CC_FMNIST_C10CFG_K20_E100_DT_0_5 | Ep. 70/100 - Step 225/273 (2.29 it/s) |################    | - loss_cc=4.529 - loss_ce=2.119 - loss_ne=0.016 - loss_div=0.000733 - threshold=0.601 - loss=6.665
/scratch/e0538389/DivClust/engine/trainer.py:41: FutureWarning: `torch.cuda.amp.autocast(args...)` is deprecated. Please use `torch.amp.autocast('cuda', args...)` instead.
  with autocast(self.mixed_precision):
[2026-03-30 12:33:31](logger.py 179): id=CC_FMNIST_C10CFG_K20_E100_DT_0_5 | Ep. 70/100 - Step 250/273 (2.29 it/s) |##################  | - loss_cc=4.53 - loss_ce=2.119 - loss_ne=0.0161 - loss_div=0.000697 - threshold=0.602 - loss=6.666
/scratch/e0538389/DivClust/engine/trainer.py:41: FutureWarning: `torch.cuda.amp.autocast(args...)` is deprecated. Please use `torch.amp.autocast('cuda', args...)` instead.
  with autocast(self.mixed_precision):
/scratch/e0538389/DivClust/engine/trainer.py:41: FutureWarning: `torch.cuda.amp.autocast(args...)` is deprecated. Please use `torch.amp.autocast('cuda', args...)` instead.
  with autocast(self.mixed_precision):
[2026-03-30 12:33:41](logger.py 179): Evaluating
[2026-03-30 12:33:41](logger.py 179): Eval. step 0 of 274
[2026-03-30 12:33:43](logger.py 179): Eval. step 25 of 274
[2026-03-30 12:33:46](logger.py 179): Eval. step 50 of 274
[2026-03-30 12:33:48](logger.py 179): Eval. step 75 of 274
[2026-03-30 12:33:50](logger.py 179): Eval. step 100 of 274
[2026-03-30 12:33:53](logger.py 179): Eval. step 125 of 274
[2026-03-30 12:33:55](logger.py 179): Eval. step 150 of 274
[2026-03-30 12:33:57](logger.py 179): Eval. step 175 of 274
[2026-03-30 12:34:00](logger.py 179): Eval. step 200 of 274
[2026-03-30 12:34:02](logger.py 179): Eval. step 225 of 274
[2026-03-30 12:34:04](logger.py 179): Eval. step 250 of 274
[2026-03-30 12:34:08](logger.py 179): id=CC_FMNIST_C10CFG_K20_E100_DT_0_5 | Ep. 70/100 | Time: 00:02 | loss_cc=4.53 - loss_ce=2.12 - loss_ne=0.0161 - loss_div=0.000693 - threshold=0.602 - loss=6.667 - eval_confidence=0.871 - cluster_acc_0_eval=44.85 - cluster_nmi_0_eval=0.468 - cluster_ari_0_eval=0.312 - cluster_acc_1_eval=41.85 - cluster_nmi_1_eval=0.462 - cluster_ari_1_eval=0.285 - cluster_acc_2_eval=47.59 - cluster_nmi_2_eval=0.494 - cluster_ari_2_eval=0.336 - cluster_acc_3_eval=46.36 - cluster_nmi_3_eval=0.481 - cluster_ari_3_eval=0.311 - cluster_acc_4_eval=47.63 - cluster_nmi_4_eval=0.49 - cluster_ari_4_eval=0.323 - cluster_acc_5_eval=62.53 - cluster_nmi_5_eval=0.592 - cluster_ari_5_eval=0.491 - cluster_acc_6_eval=50.0 - cluster_nmi_6_eval=0.532 - cluster_ari_6_eval=0.37 - cluster_acc_7_eval=43.49 - cluster_nmi_7_eval=0.482 - cluster_ari_7_eval=0.302 - cluster_acc_8_eval=54.29 - cluster_nmi_8_eval=0.545 - cluster_ari_8_eval=0.39 - cluster_acc_9_eval=55.69 - cluster_nmi_9_eval=0.542 - cluster_ari_9_eval=0.42 - cluster_acc_10_eval=53.56 - cluster_nmi_10_eval=0.541 - cluster_ari_10_eval=0.383 - cluster_acc_11_eval=43.63 - cluster_nmi_11_eval=0.493 - cluster_ari_11_eval=0.323 - cluster_acc_12_eval=45.56 - cluster_nmi_12_eval=0.457 - cluster_ari_12_eval=0.297 - cluster_acc_13_eval=42.81 - cluster_nmi_13_eval=0.478 - cluster_ari_13_eval=0.301 - cluster_acc_14_eval=48.04 - cluster_nmi_14_eval=0.504 - cluster_ari_14_eval=0.337 - cluster_acc_15_eval=48.71 - cluster_nmi_15_eval=0.495 - cluster_ari_15_eval=0.331 - cluster_acc_16_eval=46.21 - cluster_nmi_16_eval=0.452 - cluster_ari_16_eval=0.292 - cluster_acc_17_eval=46.02 - cluster_nmi_17_eval=0.467 - cluster_ari_17_eval=0.306 - cluster_acc_18_eval=44.62 - cluster_nmi_18_eval=0.466 - cluster_ari_18_eval=0.293 - cluster_acc_19_eval=39.52 - cluster_nmi_19_eval=0.462 - cluster_ari_19_eval=0.281 - max_cluster_acc_eval=62.53 - mean_cluster_acc_eval=47.65 - min_cluster_acc_eval=39.52 - max_cluster_nmi_eval=0.592 - mean_cluster_nmi_eval=0.495 - min_cluster_nmi_eval=0.452 - max_cluster_ari_eval=0.491 - mean_cluster_ari_eval=0.334 - min_cluster_ari_eval=0.281 - interclustering_nmi_eval=0.502
/scratch/e0538389/DivClust/engine/trainer.py:41: FutureWarning: `torch.cuda.amp.autocast(args...)` is deprecated. Please use `torch.amp.autocast('cuda', args...)` instead.
  with autocast(self.mixed_precision):
[2026-03-30 12:34:10](logger.py 179): id=CC_FMNIST_C10CFG_K20_E100_DT_0_5 | Ep. 71/100 - Step 0/273 (0.0 it/s) |                    | - loss_cc=4.544 - loss_ce=2.119 - loss_ne=0.00978 - loss_div=5.46e-05 - threshold=0.601 - loss=6.673
/scratch/e0538389/DivClust/engine/trainer.py:41: FutureWarning: `torch.cuda.amp.autocast(args...)` is deprecated. Please use `torch.amp.autocast('cuda', args...)` instead.
  with autocast(self.mixed_precision):
[2026-03-30 12:34:21](logger.py 179): id=CC_FMNIST_C10CFG_K20_E100_DT_0_5 | Ep. 71/100 - Step 25/273 (2.39 it/s) |#                   | - loss_cc=4.537 - loss_ce=2.122 - loss_ne=0.0151 - loss_div=0.00143 - threshold=0.599 - loss=6.675
/scratch/e0538389/DivClust/engine/trainer.py:41: FutureWarning: `torch.cuda.amp.autocast(args...)` is deprecated. Please use `torch.amp.autocast('cuda', args...)` instead.
  with autocast(self.mixed_precision):
[2026-03-30 12:34:31](logger.py 179): id=CC_FMNIST_C10CFG_K20_E100_DT_0_5 | Ep. 71/100 - Step 50/273 (2.39 it/s) |###                 | - loss_cc=4.532 - loss_ce=2.12 - loss_ne=0.0151 - loss_div=0.00158 - threshold=0.596 - loss=6.668
/scratch/e0538389/DivClust/engine/trainer.py:41: FutureWarning: `torch.cuda.amp.autocast(args...)` is deprecated. Please use `torch.amp.autocast('cuda', args...)` instead.
  with autocast(self.mixed_precision):
[2026-03-30 12:34:42](logger.py 179): id=CC_FMNIST_C10CFG_K20_E100_DT_0_5 | Ep. 71/100 - Step 75/273 (2.39 it/s) |#####               | - loss_cc=4.529 - loss_ce=2.119 - loss_ne=0.015 - loss_div=0.00157 - threshold=0.595 - loss=6.665
/scratch/e0538389/DivClust/engine/trainer.py:41: FutureWarning: `torch.cuda.amp.autocast(args...)` is deprecated. Please use `torch.amp.autocast('cuda', args...)` instead.
  with autocast(self.mixed_precision):
/scratch/e0538389/DivClust/engine/trainer.py:41: FutureWarning: `torch.cuda.amp.autocast(args...)` is deprecated. Please use `torch.amp.autocast('cuda', args...)` instead.
  with autocast(self.mixed_precision):
[2026-03-30 12:34:53](logger.py 179): id=CC_FMNIST_C10CFG_K20_E100_DT_0_5 | Ep. 71/100 - Step 100/273 (2.36 it/s) |#######             | - loss_cc=4.527 - loss_ce=2.119 - loss_ne=0.0154 - loss_div=0.00127 - threshold=0.597 - loss=6.663
/scratch/e0538389/DivClust/engine/trainer.py:41: FutureWarning: `torch.cuda.amp.autocast(args...)` is deprecated. Please use `torch.amp.autocast('cuda', args...)` instead.
  with autocast(self.mixed_precision):
[2026-03-30 12:35:04](logger.py 179): id=CC_FMNIST_C10CFG_K20_E100_DT_0_5 | Ep. 71/100 - Step 125/273 (2.35 it/s) |#########           | - loss_cc=4.526 - loss_ce=2.118 - loss_ne=0.0157 - loss_div=0.00111 - threshold=0.599 - loss=6.661
/scratch/e0538389/DivClust/engine/trainer.py:41: FutureWarning: `torch.cuda.amp.autocast(args...)` is deprecated. Please use `torch.amp.autocast('cuda', args...)` instead.
  with autocast(self.mixed_precision):
[2026-03-30 12:35:14](logger.py 179): id=CC_FMNIST_C10CFG_K20_E100_DT_0_5 | Ep. 71/100 - Step 150/273 (2.36 it/s) |##########          | - loss_cc=4.527 - loss_ce=2.118 - loss_ne=0.0158 - loss_div=0.00121 - threshold=0.598 - loss=6.662
/scratch/e0538389/DivClust/engine/trainer.py:41: FutureWarning: `torch.cuda.amp.autocast(args...)` is deprecated. Please use `torch.amp.autocast('cuda', args...)` instead.
  with autocast(self.mixed_precision):
[2026-03-30 12:35:25](logger.py 179): id=CC_FMNIST_C10CFG_K20_E100_DT_0_5 | Ep. 71/100 - Step 175/273 (2.35 it/s) |############        | - loss_cc=4.526 - loss_ce=2.118 - loss_ne=0.0158 - loss_div=0.0011 - threshold=0.599 - loss=6.662
/scratch/e0538389/DivClust/engine/trainer.py:41: FutureWarning: `torch.cuda.amp.autocast(args...)` is deprecated. Please use `torch.amp.autocast('cuda', args...)` instead.
  with autocast(self.mixed_precision):
/scratch/e0538389/DivClust/engine/trainer.py:41: FutureWarning: `torch.cuda.amp.autocast(args...)` is deprecated. Please use `torch.amp.autocast('cuda', args...)` instead.
  with autocast(self.mixed_precision):
[2026-03-30 12:35:36](logger.py 179): id=CC_FMNIST_C10CFG_K20_E100_DT_0_5 | Ep. 71/100 - Step 200/273 (2.34 it/s) |##############      | - loss_cc=4.527 - loss_ce=2.119 - loss_ne=0.016 - loss_div=0.000999 - threshold=0.6 - loss=6.663
/scratch/e0538389/DivClust/engine/trainer.py:41: FutureWarning: `torch.cuda.amp.autocast(args...)` is deprecated. Please use `torch.amp.autocast('cuda', args...)` instead.
  with autocast(self.mixed_precision):
[2026-03-30 12:35:47](logger.py 179): id=CC_FMNIST_C10CFG_K20_E100_DT_0_5 | Ep. 71/100 - Step 225/273 (2.34 it/s) |################    | - loss_cc=4.528 - loss_ce=2.119 - loss_ne=0.0158 - loss_div=0.00107 - threshold=0.599 - loss=6.663
/scratch/e0538389/DivClust/engine/trainer.py:41: FutureWarning: `torch.cuda.amp.autocast(args...)` is deprecated. Please use `torch.amp.autocast('cuda', args...)` instead.
  with autocast(self.mixed_precision):
[2026-03-30 12:35:57](logger.py 179): id=CC_FMNIST_C10CFG_K20_E100_DT_0_5 | Ep. 71/100 - Step 250/273 (2.34 it/s) |##################  | - loss_cc=4.527 - loss_ce=2.118 - loss_ne=0.0158 - loss_div=0.00115 - threshold=0.599 - loss=6.663
/scratch/e0538389/DivClust/engine/trainer.py:41: FutureWarning: `torch.cuda.amp.autocast(args...)` is deprecated. Please use `torch.amp.autocast('cuda', args...)` instead.
  with autocast(self.mixed_precision):
[2026-03-30 12:36:07](logger.py 179): id=CC_FMNIST_C10CFG_K20_E100_DT_0_5 | Ep. 71/100 | Time: 00:01 | loss_cc=4.528 - loss_ce=2.119 - loss_ne=0.0158 - loss_div=0.00119 - threshold=0.598 - loss=6.663
[2026-03-30 12:36:10](logger.py 179): id=CC_FMNIST_C10CFG_K20_E100_DT_0_5 | Ep. 72/100 - Step 0/273 (0.0 it/s) |                    | - loss_cc=4.554 - loss_ce=2.125 - loss_ne=0.0157 - loss_div=0.00113 - threshold=0.595 - loss=6.696
/scratch/e0538389/DivClust/engine/trainer.py:41: FutureWarning: `torch.cuda.amp.autocast(args...)` is deprecated. Please use `torch.amp.autocast('cuda', args...)` instead.
  with autocast(self.mixed_precision):
/scratch/e0538389/DivClust/engine/trainer.py:41: FutureWarning: `torch.cuda.amp.autocast(args...)` is deprecated. Please use `torch.amp.autocast('cuda', args...)` instead.
  with autocast(self.mixed_precision):
[2026-03-30 12:36:21](logger.py 179): id=CC_FMNIST_C10CFG_K20_E100_DT_0_5 | Ep. 72/100 - Step 25/273 (2.22 it/s) |#                   | - loss_cc=4.52 - loss_ce=2.116 - loss_ne=0.0173 - loss_div=0.000424 - threshold=0.601 - loss=6.654
/scratch/e0538389/DivClust/engine/trainer.py:41: FutureWarning: `torch.cuda.amp.autocast(args...)` is deprecated. Please use `torch.amp.autocast('cuda', args...)` instead.
  with autocast(self.mixed_precision):
[2026-03-30 12:36:32](logger.py 179): id=CC_FMNIST_C10CFG_K20_E100_DT_0_5 | Ep. 72/100 - Step 50/273 (2.27 it/s) |###                 | - loss_cc=4.524 - loss_ce=2.117 - loss_ne=0.0157 - loss_div=0.000328 - threshold=0.605 - loss=6.657
/scratch/e0538389/DivClust/engine/trainer.py:41: FutureWarning: `torch.cuda.amp.autocast(args...)` is deprecated. Please use `torch.amp.autocast('cuda', args...)` instead.
  with autocast(self.mixed_precision):
[2026-03-30 12:36:42](logger.py 179): id=CC_FMNIST_C10CFG_K20_E100_DT_0_5 | Ep. 72/100 - Step 75/273 (2.28 it/s) |#####               | - loss_cc=4.526 - loss_ce=2.117 - loss_ne=0.0162 - loss_div=0.000334 - threshold=0.606 - loss=6.66
/scratch/e0538389/DivClust/engine/trainer.py:41: FutureWarning: `torch.cuda.amp.autocast(args...)` is deprecated. Please use `torch.amp.autocast('cuda', args...)` instead.
  with autocast(self.mixed_precision):
[2026-03-30 12:36:53](logger.py 179): id=CC_FMNIST_C10CFG_K20_E100_DT_0_5 | Ep. 72/100 - Step 100/273 (2.3 it/s) |#######             | - loss_cc=4.525 - loss_ce=2.117 - loss_ne=0.0163 - loss_div=0.000514 - threshold=0.606 - loss=6.66
/scratch/e0538389/DivClust/engine/trainer.py:41: FutureWarning: `torch.cuda.amp.autocast(args...)` is deprecated. Please use `torch.amp.autocast('cuda', args...)` instead.
  with autocast(self.mixed_precision):
/scratch/e0538389/DivClust/engine/trainer.py:41: FutureWarning: `torch.cuda.amp.autocast(args...)` is deprecated. Please use `torch.amp.autocast('cuda', args...)` instead.
  with autocast(self.mixed_precision):
[2026-03-30 12:37:04](logger.py 179): id=CC_FMNIST_C10CFG_K20_E100_DT_0_5 | Ep. 72/100 - Step 125/273 (2.28 it/s) |#########           | - loss_cc=4.525 - loss_ce=2.117 - loss_ne=0.0165 - loss_div=0.000637 - threshold=0.604 - loss=6.659
/scratch/e0538389/DivClust/engine/trainer.py:41: FutureWarning: `torch.cuda.amp.autocast(args...)` is deprecated. Please use `torch.amp.autocast('cuda', args...)` instead.
  with autocast(self.mixed_precision):
[2026-03-30 12:37:15](logger.py 179): id=CC_FMNIST_C10CFG_K20_E100_DT_0_5 | Ep. 72/100 - Step 150/273 (2.29 it/s) |##########          | - loss_cc=4.525 - loss_ce=2.117 - loss_ne=0.0166 - loss_div=0.000779 - threshold=0.603 - loss=6.66
/scratch/e0538389/DivClust/engine/trainer.py:41: FutureWarning: `torch.cuda.amp.autocast(args...)` is deprecated. Please use `torch.amp.autocast('cuda', args...)` instead.
  with autocast(self.mixed_precision):
[2026-03-30 12:37:26](logger.py 179): id=CC_FMNIST_C10CFG_K20_E100_DT_0_5 | Ep. 72/100 - Step 175/273 (2.29 it/s) |############        | - loss_cc=4.526 - loss_ce=2.118 - loss_ne=0.0167 - loss_div=0.000802 - threshold=0.602 - loss=6.661
/scratch/e0538389/DivClust/engine/trainer.py:41: FutureWarning: `torch.cuda.amp.autocast(args...)` is deprecated. Please use `torch.amp.autocast('cuda', args...)` instead.
  with autocast(self.mixed_precision):
[2026-03-30 12:37:37](logger.py 179): id=CC_FMNIST_C10CFG_K20_E100_DT_0_5 | Ep. 72/100 - Step 200/273 (2.29 it/s) |##############      | - loss_cc=4.526 - loss_ce=2.118 - loss_ne=0.0167 - loss_div=0.000745 - threshold=0.603 - loss=6.661
/scratch/e0538389/DivClust/engine/trainer.py:41: FutureWarning: `torch.cuda.amp.autocast(args...)` is deprecated. Please use `torch.amp.autocast('cuda', args...)` instead.
  with autocast(self.mixed_precision):
/scratch/e0538389/DivClust/engine/trainer.py:41: FutureWarning: `torch.cuda.amp.autocast(args...)` is deprecated. Please use `torch.amp.autocast('cuda', args...)` instead.
  with autocast(self.mixed_precision):
[2026-03-30 12:37:48](logger.py 179): id=CC_FMNIST_C10CFG_K20_E100_DT_0_5 | Ep. 72/100 - Step 225/273 (2.29 it/s) |################    | - loss_cc=4.525 - loss_ce=2.118 - loss_ne=0.0166 - loss_div=0.000726 - threshold=0.602 - loss=6.66
/scratch/e0538389/DivClust/engine/trainer.py:41: FutureWarning: `torch.cuda.amp.autocast(args...)` is deprecated. Please use `torch.amp.autocast('cuda', args...)` instead.
  with autocast(self.mixed_precision):
[2026-03-30 12:37:59](logger.py 179): id=CC_FMNIST_C10CFG_K20_E100_DT_0_5 | Ep. 72/100 - Step 250/273 (2.29 it/s) |##################  | - loss_cc=4.525 - loss_ce=2.118 - loss_ne=0.0166 - loss_div=0.000851 - threshold=0.601 - loss=6.66
/scratch/e0538389/DivClust/engine/trainer.py:41: FutureWarning: `torch.cuda.amp.autocast(args...)` is deprecated. Please use `torch.amp.autocast('cuda', args...)` instead.
  with autocast(self.mixed_precision):
[2026-03-30 12:38:08](logger.py 179): id=CC_FMNIST_C10CFG_K20_E100_DT_0_5 | Ep. 72/100 | Time: 00:01 | loss_cc=4.524 - loss_ce=2.118 - loss_ne=0.0166 - loss_div=0.000859 - threshold=0.601 - loss=6.66
[2026-03-30 12:38:11](logger.py 179): id=CC_FMNIST_C10CFG_K20_E100_DT_0_5 | Ep. 73/100 - Step 0/273 (0.0 it/s) |                    | - loss_cc=4.544 - loss_ce=2.119 - loss_ne=0.014 - loss_div=0.000275 - threshold=0.595 - loss=6.677
/scratch/e0538389/DivClust/engine/trainer.py:41: FutureWarning: `torch.cuda.amp.autocast(args...)` is deprecated. Please use `torch.amp.autocast('cuda', args...)` instead.
  with autocast(self.mixed_precision):
[2026-03-30 12:38:21](logger.py 179): id=CC_FMNIST_C10CFG_K20_E100_DT_0_5 | Ep. 73/100 - Step 25/273 (2.31 it/s) |#                   | - loss_cc=4.526 - loss_ce=2.118 - loss_ne=0.018 - loss_div=0.000724 - threshold=0.598 - loss=6.663
/scratch/e0538389/DivClust/engine/trainer.py:41: FutureWarning: `torch.cuda.amp.autocast(args...)` is deprecated. Please use `torch.amp.autocast('cuda', args...)` instead.
  with autocast(self.mixed_precision):
[2026-03-30 12:38:32](logger.py 179): id=CC_FMNIST_C10CFG_K20_E100_DT_0_5 | Ep. 73/100 - Step 50/273 (2.31 it/s) |###                 | - loss_cc=4.529 - loss_ce=2.119 - loss_ne=0.017 - loss_div=0.000584 - threshold=0.602 - loss=6.666
/scratch/e0538389/DivClust/engine/trainer.py:41: FutureWarning: `torch.cuda.amp.autocast(args...)` is deprecated. Please use `torch.amp.autocast('cuda', args...)` instead.
  with autocast(self.mixed_precision):
/scratch/e0538389/DivClust/engine/trainer.py:41: FutureWarning: `torch.cuda.amp.autocast(args...)` is deprecated. Please use `torch.amp.autocast('cuda', args...)` instead.
  with autocast(self.mixed_precision):
[2026-03-30 12:38:43](logger.py 179): id=CC_FMNIST_C10CFG_K20_E100_DT_0_5 | Ep. 73/100 - Step 75/273 (2.28 it/s) |#####               | - loss_cc=4.528 - loss_ce=2.119 - loss_ne=0.0163 - loss_div=0.000583 - threshold=0.601 - loss=6.664
/scratch/e0538389/DivClust/engine/trainer.py:41: FutureWarning: `torch.cuda.amp.autocast(args...)` is deprecated. Please use `torch.amp.autocast('cuda', args...)` instead.
  with autocast(self.mixed_precision):
[2026-03-30 12:38:54](logger.py 179): id=CC_FMNIST_C10CFG_K20_E100_DT_0_5 | Ep. 73/100 - Step 100/273 (2.29 it/s) |#######             | - loss_cc=4.528 - loss_ce=2.119 - loss_ne=0.0161 - loss_div=0.000881 - threshold=0.599 - loss=6.664
/scratch/e0538389/DivClust/engine/trainer.py:41: FutureWarning: `torch.cuda.amp.autocast(args...)` is deprecated. Please use `torch.amp.autocast('cuda', args...)` instead.
  with autocast(self.mixed_precision):
[2026-03-30 12:39:05](logger.py 179): id=CC_FMNIST_C10CFG_K20_E100_DT_0_5 | Ep. 73/100 - Step 125/273 (2.3 it/s) |#########           | - loss_cc=4.528 - loss_ce=2.119 - loss_ne=0.0161 - loss_div=0.00104 - threshold=0.597 - loss=6.664
/scratch/e0538389/DivClust/engine/trainer.py:41: FutureWarning: `torch.cuda.amp.autocast(args...)` is deprecated. Please use `torch.amp.autocast('cuda', args...)` instead.
  with autocast(self.mixed_precision):
[2026-03-30 12:39:16](logger.py 179): id=CC_FMNIST_C10CFG_K20_E100_DT_0_5 | Ep. 73/100 - Step 150/273 (2.3 it/s) |##########          | - loss_cc=4.528 - loss_ce=2.119 - loss_ne=0.0164 - loss_div=0.000942 - threshold=0.598 - loss=6.664
/scratch/e0538389/DivClust/engine/trainer.py:41: FutureWarning: `torch.cuda.amp.autocast(args...)` is deprecated. Please use `torch.amp.autocast('cuda', args...)` instead.
  with autocast(self.mixed_precision):
/scratch/e0538389/DivClust/engine/trainer.py:41: FutureWarning: `torch.cuda.amp.autocast(args...)` is deprecated. Please use `torch.amp.autocast('cuda', args...)` instead.
  with autocast(self.mixed_precision):
[2026-03-30 12:39:27](logger.py 179): id=CC_FMNIST_C10CFG_K20_E100_DT_0_5 | Ep. 73/100 - Step 175/273 (2.29 it/s) |############        | - loss_cc=4.528 - loss_ce=2.119 - loss_ne=0.0163 - loss_div=0.00086 - threshold=0.599 - loss=6.664
/scratch/e0538389/DivClust/engine/trainer.py:41: FutureWarning: `torch.cuda.amp.autocast(args...)` is deprecated. Please use `torch.amp.autocast('cuda', args...)` instead.
  with autocast(self.mixed_precision):
[2026-03-30 12:39:38](logger.py 179): id=CC_FMNIST_C10CFG_K20_E100_DT_0_5 | Ep. 73/100 - Step 200/273 (2.3 it/s) |##############      | - loss_cc=4.529 - loss_ce=2.119 - loss_ne=0.0164 - loss_div=0.000781 - threshold=0.6 - loss=6.665
/scratch/e0538389/DivClust/engine/trainer.py:41: FutureWarning: `torch.cuda.amp.autocast(args...)` is deprecated. Please use `torch.amp.autocast('cuda', args...)` instead.
  with autocast(self.mixed_precision):
[2026-03-30 12:39:48](logger.py 179): id=CC_FMNIST_C10CFG_K20_E100_DT_0_5 | Ep. 73/100 - Step 225/273 (2.3 it/s) |################    | - loss_cc=4.529 - loss_ce=2.119 - loss_ne=0.0164 - loss_div=0.000805 - threshold=0.601 - loss=6.665
/scratch/e0538389/DivClust/engine/trainer.py:41: FutureWarning: `torch.cuda.amp.autocast(args...)` is deprecated. Please use `torch.amp.autocast('cuda', args...)` instead.
  with autocast(self.mixed_precision):
[2026-03-30 12:39:59](logger.py 179): id=CC_FMNIST_C10CFG_K20_E100_DT_0_5 | Ep. 73/100 - Step 250/273 (2.3 it/s) |##################  | - loss_cc=4.529 - loss_ce=2.119 - loss_ne=0.0165 - loss_div=0.000855 - threshold=0.6 - loss=6.665
/scratch/e0538389/DivClust/engine/trainer.py:41: FutureWarning: `torch.cuda.amp.autocast(args...)` is deprecated. Please use `torch.amp.autocast('cuda', args...)` instead.
  with autocast(self.mixed_precision):
/scratch/e0538389/DivClust/engine/trainer.py:41: FutureWarning: `torch.cuda.amp.autocast(args...)` is deprecated. Please use `torch.amp.autocast('cuda', args...)` instead.
  with autocast(self.mixed_precision):
[2026-03-30 12:40:09](logger.py 179): id=CC_FMNIST_C10CFG_K20_E100_DT_0_5 | Ep. 73/100 | Time: 00:01 | loss_cc=4.529 - loss_ce=2.119 - loss_ne=0.0164 - loss_div=0.000813 - threshold=0.6 - loss=6.665
[2026-03-30 12:40:11](logger.py 179): id=CC_FMNIST_C10CFG_K20_E100_DT_0_5 | Ep. 74/100 - Step 0/273 (0.0 it/s) |                    | - loss_cc=4.538 - loss_ce=2.126 - loss_ne=0.0146 - loss_div=0.00649 - threshold=0.594 - loss=6.685
/scratch/e0538389/DivClust/engine/trainer.py:41: FutureWarning: `torch.cuda.amp.autocast(args...)` is deprecated. Please use `torch.amp.autocast('cuda', args...)` instead.
  with autocast(self.mixed_precision):
[2026-03-30 12:40:22](logger.py 179): id=CC_FMNIST_C10CFG_K20_E100_DT_0_5 | Ep. 74/100 - Step 25/273 (2.39 it/s) |#                   | - loss_cc=4.523 - loss_ce=2.117 - loss_ne=0.0169 - loss_div=0.00223 - threshold=0.592 - loss=6.659
/scratch/e0538389/DivClust/engine/trainer.py:41: FutureWarning: `torch.cuda.amp.autocast(args...)` is deprecated. Please use `torch.amp.autocast('cuda', args...)` instead.
  with autocast(self.mixed_precision):
[2026-03-30 12:40:32](logger.py 179): id=CC_FMNIST_C10CFG_K20_E100_DT_0_5 | Ep. 74/100 - Step 50/273 (2.35 it/s) |###                 | - loss_cc=4.526 - loss_ce=2.118 - loss_ne=0.0165 - loss_div=0.00189 - threshold=0.592 - loss=6.663
/scratch/e0538389/DivClust/engine/trainer.py:41: FutureWarning: `torch.cuda.amp.autocast(args...)` is deprecated. Please use `torch.amp.autocast('cuda', args...)` instead.
  with autocast(self.mixed_precision):
[2026-03-30 12:40:43](logger.py 179): id=CC_FMNIST_C10CFG_K20_E100_DT_0_5 | Ep. 74/100 - Step 75/273 (2.34 it/s) |#####               | - loss_cc=4.529 - loss_ce=2.12 - loss_ne=0.0166 - loss_div=0.00144 - threshold=0.594 - loss=6.667
/scratch/e0538389/DivClust/engine/trainer.py:41: FutureWarning: `torch.cuda.amp.autocast(args...)` is deprecated. Please use `torch.amp.autocast('cuda', args...)` instead.
  with autocast(self.mixed_precision):
/scratch/e0538389/DivClust/engine/trainer.py:41: FutureWarning: `torch.cuda.amp.autocast(args...)` is deprecated. Please use `torch.amp.autocast('cuda', args...)` instead.
  with autocast(self.mixed_precision):
[2026-03-30 12:40:54](logger.py 179): id=CC_FMNIST_C10CFG_K20_E100_DT_0_5 | Ep. 74/100 - Step 100/273 (2.31 it/s) |#######             | - loss_cc=4.528 - loss_ce=2.119 - loss_ne=0.0165 - loss_div=0.00112 - threshold=0.597 - loss=6.665
/scratch/e0538389/DivClust/engine/trainer.py:41: FutureWarning: `torch.cuda.amp.autocast(args...)` is deprecated. Please use `torch.amp.autocast('cuda', args...)` instead.
  with autocast(self.mixed_precision):
[2026-03-30 12:41:05](logger.py 179): id=CC_FMNIST_C10CFG_K20_E100_DT_0_5 | Ep. 74/100 - Step 125/273 (2.32 it/s) |#########           | - loss_cc=4.527 - loss_ce=2.119 - loss_ne=0.0166 - loss_div=0.000922 - threshold=0.6 - loss=6.663
/scratch/e0538389/DivClust/engine/trainer.py:41: FutureWarning: `torch.cuda.amp.autocast(args...)` is deprecated. Please use `torch.amp.autocast('cuda', args...)` instead.
  with autocast(self.mixed_precision):
[2026-03-30 12:41:16](logger.py 179): id=CC_FMNIST_C10CFG_K20_E100_DT_0_5 | Ep. 74/100 - Step 150/273 (2.32 it/s) |##########          | - loss_cc=4.527 - loss_ce=2.119 - loss_ne=0.0166 - loss_div=0.000784 - threshold=0.603 - loss=6.663
/scratch/e0538389/DivClust/engine/trainer.py:41: FutureWarning: `torch.cuda.amp.autocast(args...)` is deprecated. Please use `torch.amp.autocast('cuda', args...)` instead.
  with autocast(self.mixed_precision):
[2026-03-30 12:41:26](logger.py 179): id=CC_FMNIST_C10CFG_K20_E100_DT_0_5 | Ep. 74/100 - Step 175/273 (2.32 it/s) |############        | - loss_cc=4.526 - loss_ce=2.118 - loss_ne=0.0165 - loss_div=0.000844 - threshold=0.604 - loss=6.662
/scratch/e0538389/DivClust/engine/trainer.py:41: FutureWarning: `torch.cuda.amp.autocast(args...)` is deprecated. Please use `torch.amp.autocast('cuda', args...)` instead.
  with autocast(self.mixed_precision):
/scratch/e0538389/DivClust/engine/trainer.py:41: FutureWarning: `torch.cuda.amp.autocast(args...)` is deprecated. Please use `torch.amp.autocast('cuda', args...)` instead.
  with autocast(self.mixed_precision):
[2026-03-30 12:41:38](logger.py 179): id=CC_FMNIST_C10CFG_K20_E100_DT_0_5 | Ep. 74/100 - Step 200/273 (2.31 it/s) |##############      | - loss_cc=4.527 - loss_ce=2.118 - loss_ne=0.0164 - loss_div=0.000873 - threshold=0.603 - loss=6.662
/scratch/e0538389/DivClust/engine/trainer.py:41: FutureWarning: `torch.cuda.amp.autocast(args...)` is deprecated. Please use `torch.amp.autocast('cuda', args...)` instead.
  with autocast(self.mixed_precision):
[2026-03-30 12:41:48](logger.py 179): id=CC_FMNIST_C10CFG_K20_E100_DT_0_5 | Ep. 74/100 - Step 225/273 (2.31 it/s) |################    | - loss_cc=4.527 - loss_ce=2.118 - loss_ne=0.0163 - loss_div=0.00109 - threshold=0.602 - loss=6.662
/scratch/e0538389/DivClust/engine/trainer.py:41: FutureWarning: `torch.cuda.amp.autocast(args...)` is deprecated. Please use `torch.amp.autocast('cuda', args...)` instead.
  with autocast(self.mixed_precision):
[2026-03-30 12:41:59](logger.py 179): id=CC_FMNIST_C10CFG_K20_E100_DT_0_5 | Ep. 74/100 - Step 250/273 (2.31 it/s) |##################  | - loss_cc=4.527 - loss_ce=2.118 - loss_ne=0.0163 - loss_div=0.00109 - threshold=0.601 - loss=6.662
/scratch/e0538389/DivClust/engine/trainer.py:41: FutureWarning: `torch.cuda.amp.autocast(args...)` is deprecated. Please use `torch.amp.autocast('cuda', args...)` instead.
  with autocast(self.mixed_precision):
[2026-03-30 12:42:09](logger.py 179): id=CC_FMNIST_C10CFG_K20_E100_DT_0_5 | Ep. 74/100 | Time: 00:01 | loss_cc=4.527 - loss_ce=2.118 - loss_ne=0.0164 - loss_div=0.00103 - threshold=0.601 - loss=6.662
[2026-03-30 12:42:11](logger.py 179): id=CC_FMNIST_C10CFG_K20_E100_DT_0_5 | Ep. 75/100 - Step 0/273 (0.0 it/s) |                    | - loss_cc=4.498 - loss_ce=2.112 - loss_ne=0.0125 - loss_div=0.0 - threshold=0.6 - loss=6.623
/scratch/e0538389/DivClust/engine/trainer.py:41: FutureWarning: `torch.cuda.amp.autocast(args...)` is deprecated. Please use `torch.amp.autocast('cuda', args...)` instead.
  with autocast(self.mixed_precision):
[2026-03-30 12:42:22](logger.py 179): id=CC_FMNIST_C10CFG_K20_E100_DT_0_5 | Ep. 75/100 - Step 25/273 (2.27 it/s) |#                   | - loss_cc=4.522 - loss_ce=2.117 - loss_ne=0.0164 - loss_div=0.00015 - threshold=0.604 - loss=6.655
/scratch/e0538389/DivClust/engine/trainer.py:41: FutureWarning: `torch.cuda.amp.autocast(args...)` is deprecated. Please use `torch.amp.autocast('cuda', args...)` instead.
  with autocast(self.mixed_precision):
/scratch/e0538389/DivClust/engine/trainer.py:41: FutureWarning: `torch.cuda.amp.autocast(args...)` is deprecated. Please use `torch.amp.autocast('cuda', args...)` instead.
  with autocast(self.mixed_precision):
[2026-03-30 12:42:32](logger.py 179): id=CC_FMNIST_C10CFG_K20_E100_DT_0_5 | Ep. 75/100 - Step 50/273 (2.33 it/s) |###                 | - loss_cc=4.522 - loss_ce=2.117 - loss_ne=0.0161 - loss_div=0.000577 - threshold=0.601 - loss=6.656
/scratch/e0538389/DivClust/engine/trainer.py:41: FutureWarning: `torch.cuda.amp.autocast(args...)` is deprecated. Please use `torch.amp.autocast('cuda', args...)` instead.
  with autocast(self.mixed_precision):
[2026-03-30 12:42:43](logger.py 179): id=CC_FMNIST_C10CFG_K20_E100_DT_0_5 | Ep. 75/100 - Step 75/273 (2.35 it/s) |#####               | - loss_cc=4.522 - loss_ce=2.117 - loss_ne=0.0166 - loss_div=0.00124 - threshold=0.598 - loss=6.657
/scratch/e0538389/DivClust/engine/trainer.py:41: FutureWarning: `torch.cuda.amp.autocast(args...)` is deprecated. Please use `torch.amp.autocast('cuda', args...)` instead.
  with autocast(self.mixed_precision):
[2026-03-30 12:42:53](logger.py 179): id=CC_FMNIST_C10CFG_K20_E100_DT_0_5 | Ep. 75/100 - Step 100/273 (2.36 it/s) |#######             | - loss_cc=4.522 - loss_ce=2.117 - loss_ne=0.0168 - loss_div=0.0013 - threshold=0.596 - loss=6.658
/scratch/e0538389/DivClust/engine/trainer.py:41: FutureWarning: `torch.cuda.amp.autocast(args...)` is deprecated. Please use `torch.amp.autocast('cuda', args...)` instead.
  with autocast(self.mixed_precision):
[2026-03-30 12:43:04](logger.py 179): id=CC_FMNIST_C10CFG_K20_E100_DT_0_5 | Ep. 75/100 - Step 125/273 (2.35 it/s) |#########           | - loss_cc=4.523 - loss_ce=2.117 - loss_ne=0.0167 - loss_div=0.00108 - threshold=0.597 - loss=6.658
/scratch/e0538389/DivClust/engine/trainer.py:41: FutureWarning: `torch.cuda.amp.autocast(args...)` is deprecated. Please use `torch.amp.autocast('cuda', args...)` instead.
  with autocast(self.mixed_precision):
/scratch/e0538389/DivClust/engine/trainer.py:41: FutureWarning: `torch.cuda.amp.autocast(args...)` is deprecated. Please use `torch.amp.autocast('cuda', args...)` instead.
  with autocast(self.mixed_precision):
[2026-03-30 12:43:14](logger.py 179): id=CC_FMNIST_C10CFG_K20_E100_DT_0_5 | Ep. 75/100 - Step 150/273 (2.35 it/s) |##########          | - loss_cc=4.524 - loss_ce=2.118 - loss_ne=0.0164 - loss_div=0.000947 - threshold=0.598 - loss=6.659
/scratch/e0538389/DivClust/engine/trainer.py:41: FutureWarning: `torch.cuda.amp.autocast(args...)` is deprecated. Please use `torch.amp.autocast('cuda', args...)` instead.
  with autocast(self.mixed_precision):
[2026-03-30 12:43:25](logger.py 179): id=CC_FMNIST_C10CFG_K20_E100_DT_0_5 | Ep. 75/100 - Step 175/273 (2.36 it/s) |############        | - loss_cc=4.524 - loss_ce=2.117 - loss_ne=0.0165 - loss_div=0.00101 - threshold=0.598 - loss=6.658
/scratch/e0538389/DivClust/engine/trainer.py:41: FutureWarning: `torch.cuda.amp.autocast(args...)` is deprecated. Please use `torch.amp.autocast('cuda', args...)` instead.
  with autocast(self.mixed_precision):
[2026-03-30 12:43:35](logger.py 179): id=CC_FMNIST_C10CFG_K20_E100_DT_0_5 | Ep. 75/100 - Step 200/273 (2.36 it/s) |##############      | - loss_cc=4.524 - loss_ce=2.117 - loss_ne=0.0164 - loss_div=0.00123 - threshold=0.597 - loss=6.659
/scratch/e0538389/DivClust/engine/trainer.py:41: FutureWarning: `torch.cuda.amp.autocast(args...)` is deprecated. Please use `torch.amp.autocast('cuda', args...)` instead.
  with autocast(self.mixed_precision):
[2026-03-30 12:43:46](logger.py 179): id=CC_FMNIST_C10CFG_K20_E100_DT_0_5 | Ep. 75/100 - Step 225/273 (2.35 it/s) |################    | - loss_cc=4.524 - loss_ce=2.117 - loss_ne=0.0165 - loss_div=0.00119 - threshold=0.597 - loss=6.659
/scratch/e0538389/DivClust/engine/trainer.py:41: FutureWarning: `torch.cuda.amp.autocast(args...)` is deprecated. Please use `torch.amp.autocast('cuda', args...)` instead.
  with autocast(self.mixed_precision):
/scratch/e0538389/DivClust/engine/trainer.py:41: FutureWarning: `torch.cuda.amp.autocast(args...)` is deprecated. Please use `torch.amp.autocast('cuda', args...)` instead.
  with autocast(self.mixed_precision):
[2026-03-30 12:43:57](logger.py 179): id=CC_FMNIST_C10CFG_K20_E100_DT_0_5 | Ep. 75/100 - Step 250/273 (2.35 it/s) |##################  | - loss_cc=4.524 - loss_ce=2.118 - loss_ne=0.0167 - loss_div=0.0011 - threshold=0.597 - loss=6.66
/scratch/e0538389/DivClust/engine/trainer.py:41: FutureWarning: `torch.cuda.amp.autocast(args...)` is deprecated. Please use `torch.amp.autocast('cuda', args...)` instead.
  with autocast(self.mixed_precision):
[2026-03-30 12:44:07](logger.py 179): id=CC_FMNIST_C10CFG_K20_E100_DT_0_5 | Ep. 75/100 | Time: 00:01 | loss_cc=4.524 - loss_ce=2.118 - loss_ne=0.0167 - loss_div=0.00104 - threshold=0.598 - loss=6.66
[2026-03-30 12:44:09](logger.py 179): id=CC_FMNIST_C10CFG_K20_E100_DT_0_5 | Ep. 76/100 - Step 0/273 (0.0 it/s) |                    | - loss_cc=4.51 - loss_ce=2.111 - loss_ne=0.0171 - loss_div=0.0 - threshold=0.612 - loss=6.638
/scratch/e0538389/DivClust/engine/trainer.py:41: FutureWarning: `torch.cuda.amp.autocast(args...)` is deprecated. Please use `torch.amp.autocast('cuda', args...)` instead.
  with autocast(self.mixed_precision):
[2026-03-30 12:44:20](logger.py 179): id=CC_FMNIST_C10CFG_K20_E100_DT_0_5 | Ep. 76/100 - Step 25/273 (2.32 it/s) |#                   | - loss_cc=4.52 - loss_ce=2.116 - loss_ne=0.0153 - loss_div=0.000127 - threshold=0.615 - loss=6.651
/scratch/e0538389/DivClust/engine/trainer.py:41: FutureWarning: `torch.cuda.amp.autocast(args...)` is deprecated. Please use `torch.amp.autocast('cuda', args...)` instead.
  with autocast(self.mixed_precision):
[2026-03-30 12:44:31](logger.py 179): id=CC_FMNIST_C10CFG_K20_E100_DT_0_5 | Ep. 76/100 - Step 50/273 (2.32 it/s) |###                 | - loss_cc=4.524 - loss_ce=2.117 - loss_ne=0.0166 - loss_div=7.15e-05 - threshold=0.618 - loss=6.658
/scratch/e0538389/DivClust/engine/trainer.py:41: FutureWarning: `torch.cuda.amp.autocast(args...)` is deprecated. Please use `torch.amp.autocast('cuda', args...)` instead.
  with autocast(self.mixed_precision):
/scratch/e0538389/DivClust/engine/trainer.py:41: FutureWarning: `torch.cuda.amp.autocast(args...)` is deprecated. Please use `torch.amp.autocast('cuda', args...)` instead.
  with autocast(self.mixed_precision):
[2026-03-30 12:44:42](logger.py 179): id=CC_FMNIST_C10CFG_K20_E100_DT_0_5 | Ep. 76/100 - Step 75/273 (2.29 it/s) |#####               | - loss_cc=4.526 - loss_ce=2.117 - loss_ne=0.016 - loss_div=0.000156 - threshold=0.618 - loss=6.659
/scratch/e0538389/DivClust/engine/trainer.py:41: FutureWarning: `torch.cuda.amp.autocast(args...)` is deprecated. Please use `torch.amp.autocast('cuda', args...)` instead.
  with autocast(self.mixed_precision):
[2026-03-30 12:44:53](logger.py 179): id=CC_FMNIST_C10CFG_K20_E100_DT_0_5 | Ep. 76/100 - Step 100/273 (2.3 it/s) |#######             | - loss_cc=4.524 - loss_ce=2.116 - loss_ne=0.016 - loss_div=0.000314 - threshold=0.616 - loss=6.656
/scratch/e0538389/DivClust/engine/trainer.py:41: FutureWarning: `torch.cuda.amp.autocast(args...)` is deprecated. Please use `torch.amp.autocast('cuda', args...)` instead.
  with autocast(self.mixed_precision):
[2026-03-30 12:45:03](logger.py 179): id=CC_FMNIST_C10CFG_K20_E100_DT_0_5 | Ep. 76/100 - Step 125/273 (2.31 it/s) |#########           | - loss_cc=4.525 - loss_ce=2.117 - loss_ne=0.0158 - loss_div=0.00061 - threshold=0.613 - loss=6.659
/scratch/e0538389/DivClust/engine/trainer.py:41: FutureWarning: `torch.cuda.amp.autocast(args...)` is deprecated. Please use `torch.amp.autocast('cuda', args...)` instead.
  with autocast(self.mixed_precision):
[2026-03-30 12:45:14](logger.py 179): id=CC_FMNIST_C10CFG_K20_E100_DT_0_5 | Ep. 76/100 - Step 150/273 (2.31 it/s) |##########          | - loss_cc=4.524 - loss_ce=2.117 - loss_ne=0.0155 - loss_div=0.000762 - threshold=0.61 - loss=6.657
/scratch/e0538389/DivClust/engine/trainer.py:41: FutureWarning: `torch.cuda.amp.autocast(args...)` is deprecated. Please use `torch.amp.autocast('cuda', args...)` instead.
  with autocast(self.mixed_precision):
/scratch/e0538389/DivClust/engine/trainer.py:41: FutureWarning: `torch.cuda.amp.autocast(args...)` is deprecated. Please use `torch.amp.autocast('cuda', args...)` instead.
  with autocast(self.mixed_precision):
[2026-03-30 12:45:25](logger.py 179): id=CC_FMNIST_C10CFG_K20_E100_DT_0_5 | Ep. 76/100 - Step 175/273 (2.3 it/s) |############        | - loss_cc=4.524 - loss_ce=2.117 - loss_ne=0.0159 - loss_div=0.00107 - threshold=0.607 - loss=6.658
/scratch/e0538389/DivClust/engine/trainer.py:41: FutureWarning: `torch.cuda.amp.autocast(args...)` is deprecated. Please use `torch.amp.autocast('cuda', args...)` instead.
  with autocast(self.mixed_precision):
[2026-03-30 12:45:36](logger.py 179): id=CC_FMNIST_C10CFG_K20_E100_DT_0_5 | Ep. 76/100 - Step 200/273 (2.3 it/s) |##############      | - loss_cc=4.524 - loss_ce=2.117 - loss_ne=0.016 - loss_div=0.00101 - threshold=0.605 - loss=6.658
/scratch/e0538389/DivClust/engine/trainer.py:41: FutureWarning: `torch.cuda.amp.autocast(args...)` is deprecated. Please use `torch.amp.autocast('cuda', args...)` instead.
  with autocast(self.mixed_precision):
[2026-03-30 12:45:47](logger.py 179): id=CC_FMNIST_C10CFG_K20_E100_DT_0_5 | Ep. 76/100 - Step 225/273 (2.31 it/s) |################    | - loss_cc=4.524 - loss_ce=2.117 - loss_ne=0.0159 - loss_div=0.00102 - threshold=0.604 - loss=6.658
/scratch/e0538389/DivClust/engine/trainer.py:41: FutureWarning: `torch.cuda.amp.autocast(args...)` is deprecated. Please use `torch.amp.autocast('cuda', args...)` instead.
  with autocast(self.mixed_precision):
[2026-03-30 12:45:58](logger.py 179): id=CC_FMNIST_C10CFG_K20_E100_DT_0_5 | Ep. 76/100 - Step 250/273 (2.31 it/s) |##################  | - loss_cc=4.524 - loss_ce=2.117 - loss_ne=0.0161 - loss_div=0.000969 - threshold=0.604 - loss=6.658
/scratch/e0538389/DivClust/engine/trainer.py:41: FutureWarning: `torch.cuda.amp.autocast(args...)` is deprecated. Please use `torch.amp.autocast('cuda', args...)` instead.
  with autocast(self.mixed_precision):
[2026-03-30 12:46:08](logger.py 179): id=CC_FMNIST_C10CFG_K20_E100_DT_0_5 | Ep. 76/100 | Time: 00:01 | loss_cc=4.523 - loss_ce=2.117 - loss_ne=0.0161 - loss_div=0.000908 - threshold=0.604 - loss=6.657
/scratch/e0538389/DivClust/engine/trainer.py:41: FutureWarning: `torch.cuda.amp.autocast(args...)` is deprecated. Please use `torch.amp.autocast('cuda', args...)` instead.
  with autocast(self.mixed_precision):
[2026-03-30 12:46:10](logger.py 179): id=CC_FMNIST_C10CFG_K20_E100_DT_0_5 | Ep. 77/100 - Step 0/273 (0.0 it/s) |                    | - loss_cc=4.559 - loss_ce=2.131 - loss_ne=0.0162 - loss_div=0.00266 - threshold=0.599 - loss=6.709
/scratch/e0538389/DivClust/engine/trainer.py:41: FutureWarning: `torch.cuda.amp.autocast(args...)` is deprecated. Please use `torch.amp.autocast('cuda', args...)` instead.
  with autocast(self.mixed_precision):
[2026-03-30 12:46:21](logger.py 179): id=CC_FMNIST_C10CFG_K20_E100_DT_0_5 | Ep. 77/100 - Step 25/273 (2.39 it/s) |#                   | - loss_cc=4.526 - loss_ce=2.118 - loss_ne=0.0177 - loss_div=0.0012 - threshold=0.601 - loss=6.663
/scratch/e0538389/DivClust/engine/trainer.py:41: FutureWarning: `torch.cuda.amp.autocast(args...)` is deprecated. Please use `torch.amp.autocast('cuda', args...)` instead.
  with autocast(self.mixed_precision):
[2026-03-30 12:46:31](logger.py 179): id=CC_FMNIST_C10CFG_K20_E100_DT_0_5 | Ep. 77/100 - Step 50/273 (2.38 it/s) |###                 | - loss_cc=4.525 - loss_ce=2.119 - loss_ne=0.0166 - loss_div=0.000817 - threshold=0.601 - loss=6.661
/scratch/e0538389/DivClust/engine/trainer.py:41: FutureWarning: `torch.cuda.amp.autocast(args...)` is deprecated. Please use `torch.amp.autocast('cuda', args...)` instead.
  with autocast(self.mixed_precision):
[2026-03-30 12:46:42](logger.py 179): id=CC_FMNIST_C10CFG_K20_E100_DT_0_5 | Ep. 77/100 - Step 75/273 (2.36 it/s) |#####               | - loss_cc=4.524 - loss_ce=2.118 - loss_ne=0.0162 - loss_div=0.000723 - threshold=0.602 - loss=6.659
/scratch/e0538389/DivClust/engine/trainer.py:41: FutureWarning: `torch.cuda.amp.autocast(args...)` is deprecated. Please use `torch.amp.autocast('cuda', args...)` instead.
  with autocast(self.mixed_precision):
/scratch/e0538389/DivClust/engine/trainer.py:41: FutureWarning: `torch.cuda.amp.autocast(args...)` is deprecated. Please use `torch.amp.autocast('cuda', args...)` instead.
  with autocast(self.mixed_precision):
[2026-03-30 12:46:53](logger.py 179): id=CC_FMNIST_C10CFG_K20_E100_DT_0_5 | Ep. 77/100 - Step 100/273 (2.33 it/s) |#######             | - loss_cc=4.522 - loss_ce=2.117 - loss_ne=0.016 - loss_div=0.000705 - threshold=0.601 - loss=6.656
/scratch/e0538389/DivClust/engine/trainer.py:41: FutureWarning: `torch.cuda.amp.autocast(args...)` is deprecated. Please use `torch.amp.autocast('cuda', args...)` instead.
  with autocast(self.mixed_precision):
[2026-03-30 12:47:04](logger.py 179): id=CC_FMNIST_C10CFG_K20_E100_DT_0_5 | Ep. 77/100 - Step 125/273 (2.32 it/s) |#########           | - loss_cc=4.522 - loss_ce=2.117 - loss_ne=0.0161 - loss_div=0.000856 - threshold=0.6 - loss=6.657
/scratch/e0538389/DivClust/engine/trainer.py:41: FutureWarning: `torch.cuda.amp.autocast(args...)` is deprecated. Please use `torch.amp.autocast('cuda', args...)` instead.
  with autocast(self.mixed_precision):
[2026-03-30 12:47:14](logger.py 179): id=CC_FMNIST_C10CFG_K20_E100_DT_0_5 | Ep. 77/100 - Step 150/273 (2.34 it/s) |##########          | - loss_cc=4.522 - loss_ce=2.117 - loss_ne=0.016 - loss_div=0.000779 - threshold=0.6 - loss=6.655
/scratch/e0538389/DivClust/engine/trainer.py:41: FutureWarning: `torch.cuda.amp.autocast(args...)` is deprecated. Please use `torch.amp.autocast('cuda', args...)` instead.
  with autocast(self.mixed_precision):
[2026-03-30 12:47:25](logger.py 179): id=CC_FMNIST_C10CFG_K20_E100_DT_0_5 | Ep. 77/100 - Step 175/273 (2.34 it/s) |############        | - loss_cc=4.523 - loss_ce=2.117 - loss_ne=0.0159 - loss_div=0.000681 - threshold=0.601 - loss=6.657
/scratch/e0538389/DivClust/engine/trainer.py:41: FutureWarning: `torch.cuda.amp.autocast(args...)` is deprecated. Please use `torch.amp.autocast('cuda', args...)` instead.
  with autocast(self.mixed_precision):
/scratch/e0538389/DivClust/engine/trainer.py:41: FutureWarning: `torch.cuda.amp.autocast(args...)` is deprecated. Please use `torch.amp.autocast('cuda', args...)` instead.
  with autocast(self.mixed_precision):
[2026-03-30 12:47:36](logger.py 179): id=CC_FMNIST_C10CFG_K20_E100_DT_0_5 | Ep. 77/100 - Step 200/273 (2.33 it/s) |##############      | - loss_cc=4.522 - loss_ce=2.117 - loss_ne=0.0159 - loss_div=0.000638 - threshold=0.602 - loss=6.656
/scratch/e0538389/DivClust/engine/trainer.py:41: FutureWarning: `torch.cuda.amp.autocast(args...)` is deprecated. Please use `torch.amp.autocast('cuda', args...)` instead.
  with autocast(self.mixed_precision):
[2026-03-30 12:47:47](logger.py 179): id=CC_FMNIST_C10CFG_K20_E100_DT_0_5 | Ep. 77/100 - Step 225/273 (2.33 it/s) |################    | - loss_cc=4.523 - loss_ce=2.117 - loss_ne=0.0159 - loss_div=0.000822 - threshold=0.601 - loss=6.656
/scratch/e0538389/DivClust/engine/trainer.py:41: FutureWarning: `torch.cuda.amp.autocast(args...)` is deprecated. Please use `torch.amp.autocast('cuda', args...)` instead.
  with autocast(self.mixed_precision):
[2026-03-30 12:47:57](logger.py 179): id=CC_FMNIST_C10CFG_K20_E100_DT_0_5 | Ep. 77/100 - Step 250/273 (2.33 it/s) |##################  | - loss_cc=4.523 - loss_ce=2.117 - loss_ne=0.0159 - loss_div=0.00098 - threshold=0.6 - loss=6.657
/scratch/e0538389/DivClust/engine/trainer.py:41: FutureWarning: `torch.cuda.amp.autocast(args...)` is deprecated. Please use `torch.amp.autocast('cuda', args...)` instead.
  with autocast(self.mixed_precision):
[2026-03-30 12:48:07](logger.py 179): id=CC_FMNIST_C10CFG_K20_E100_DT_0_5 | Ep. 77/100 | Time: 00:01 | loss_cc=4.524 - loss_ce=2.117 - loss_ne=0.0161 - loss_div=0.00103 - threshold=0.599 - loss=6.659
[2026-03-30 12:48:10](logger.py 179): id=CC_FMNIST_C10CFG_K20_E100_DT_0_5 | Ep. 78/100 - Step 0/273 (0.0 it/s) |                    | - loss_cc=4.551 - loss_ce=2.131 - loss_ne=0.0146 - loss_div=0.000257 - threshold=0.593 - loss=6.697
/scratch/e0538389/DivClust/engine/trainer.py:41: FutureWarning: `torch.cuda.amp.autocast(args...)` is deprecated. Please use `torch.amp.autocast('cuda', args...)` instead.
  with autocast(self.mixed_precision):
[2026-03-30 12:48:21](logger.py 179): id=CC_FMNIST_C10CFG_K20_E100_DT_0_5 | Ep. 78/100 - Step 25/273 (2.31 it/s) |#                   | - loss_cc=4.526 - loss_ce=2.119 - loss_ne=0.0162 - loss_div=0.00031 - threshold=0.597 - loss=6.661
/scratch/e0538389/DivClust/engine/trainer.py:41: FutureWarning: `torch.cuda.amp.autocast(args...)` is deprecated. Please use `torch.amp.autocast('cuda', args...)` instead.
  with autocast(self.mixed_precision):
/scratch/e0538389/DivClust/engine/trainer.py:41: FutureWarning: `torch.cuda.amp.autocast(args...)` is deprecated. Please use `torch.amp.autocast('cuda', args...)` instead.
  with autocast(self.mixed_precision):
[2026-03-30 12:48:32](logger.py 179): id=CC_FMNIST_C10CFG_K20_E100_DT_0_5 | Ep. 78/100 - Step 50/273 (2.27 it/s) |###                 | - loss_cc=4.525 - loss_ce=2.118 - loss_ne=0.0163 - loss_div=0.000195 - threshold=0.601 - loss=6.66
/scratch/e0538389/DivClust/engine/trainer.py:41: FutureWarning: `torch.cuda.amp.autocast(args...)` is deprecated. Please use `torch.amp.autocast('cuda', args...)` instead.
  with autocast(self.mixed_precision):
[2026-03-30 12:48:43](logger.py 179): id=CC_FMNIST_C10CFG_K20_E100_DT_0_5 | Ep. 78/100 - Step 75/273 (2.28 it/s) |#####               | - loss_cc=4.524 - loss_ce=2.117 - loss_ne=0.0162 - loss_div=0.000252 - threshold=0.604 - loss=6.658
/scratch/e0538389/DivClust/engine/trainer.py:41: FutureWarning: `torch.cuda.amp.autocast(args...)` is deprecated. Please use `torch.amp.autocast('cuda', args...)` instead.
  with autocast(self.mixed_precision):
[2026-03-30 12:48:53](logger.py 179): id=CC_FMNIST_C10CFG_K20_E100_DT_0_5 | Ep. 78/100 - Step 100/273 (2.29 it/s) |#######             | - loss_cc=4.524 - loss_ce=2.117 - loss_ne=0.0165 - loss_div=0.000362 - threshold=0.603 - loss=6.658
/scratch/e0538389/DivClust/engine/trainer.py:41: FutureWarning: `torch.cuda.amp.autocast(args...)` is deprecated. Please use `torch.amp.autocast('cuda', args...)` instead.
  with autocast(self.mixed_precision):
[2026-03-30 12:49:04](logger.py 179): id=CC_FMNIST_C10CFG_K20_E100_DT_0_5 | Ep. 78/100 - Step 125/273 (2.3 it/s) |#########           | - loss_cc=4.523 - loss_ce=2.117 - loss_ne=0.0163 - loss_div=0.00045 - threshold=0.603 - loss=6.656
/scratch/e0538389/DivClust/engine/trainer.py:41: FutureWarning: `torch.cuda.amp.autocast(args...)` is deprecated. Please use `torch.amp.autocast('cuda', args...)` instead.
  with autocast(self.mixed_precision):
/scratch/e0538389/DivClust/engine/trainer.py:41: FutureWarning: `torch.cuda.amp.autocast(args...)` is deprecated. Please use `torch.amp.autocast('cuda', args...)` instead.
  with autocast(self.mixed_precision):
[2026-03-30 12:49:15](logger.py 179): id=CC_FMNIST_C10CFG_K20_E100_DT_0_5 | Ep. 78/100 - Step 150/273 (2.29 it/s) |##########          | - loss_cc=4.523 - loss_ce=2.117 - loss_ne=0.0162 - loss_div=0.000522 - threshold=0.602 - loss=6.656
/scratch/e0538389/DivClust/engine/trainer.py:41: FutureWarning: `torch.cuda.amp.autocast(args...)` is deprecated. Please use `torch.amp.autocast('cuda', args...)` instead.
  with autocast(self.mixed_precision):
[2026-03-30 12:49:26](logger.py 179): id=CC_FMNIST_C10CFG_K20_E100_DT_0_5 | Ep. 78/100 - Step 175/273 (2.29 it/s) |############        | - loss_cc=4.521 - loss_ce=2.116 - loss_ne=0.0162 - loss_div=0.000539 - threshold=0.602 - loss=6.655
/scratch/e0538389/DivClust/engine/trainer.py:41: FutureWarning: `torch.cuda.amp.autocast(args...)` is deprecated. Please use `torch.amp.autocast('cuda', args...)` instead.
  with autocast(self.mixed_precision):
[2026-03-30 12:49:37](logger.py 179): id=CC_FMNIST_C10CFG_K20_E100_DT_0_5 | Ep. 78/100 - Step 200/273 (2.3 it/s) |##############      | - loss_cc=4.523 - loss_ce=2.117 - loss_ne=0.0163 - loss_div=0.000753 - threshold=0.601 - loss=6.657
/scratch/e0538389/DivClust/engine/trainer.py:41: FutureWarning: `torch.cuda.amp.autocast(args...)` is deprecated. Please use `torch.amp.autocast('cuda', args...)` instead.
  with autocast(self.mixed_precision):
[2026-03-30 12:49:48](logger.py 179): id=CC_FMNIST_C10CFG_K20_E100_DT_0_5 | Ep. 78/100 - Step 225/273 (2.3 it/s) |################    | - loss_cc=4.523 - loss_ce=2.117 - loss_ne=0.0164 - loss_div=0.000944 - threshold=0.6 - loss=6.658
/scratch/e0538389/DivClust/engine/trainer.py:41: FutureWarning: `torch.cuda.amp.autocast(args...)` is deprecated. Please use `torch.amp.autocast('cuda', args...)` instead.
  with autocast(self.mixed_precision):
/scratch/e0538389/DivClust/engine/trainer.py:41: FutureWarning: `torch.cuda.amp.autocast(args...)` is deprecated. Please use `torch.amp.autocast('cuda', args...)` instead.
  with autocast(self.mixed_precision):
[2026-03-30 12:49:59](logger.py 179): id=CC_FMNIST_C10CFG_K20_E100_DT_0_5 | Ep. 78/100 - Step 250/273 (2.29 it/s) |##################  | - loss_cc=4.523 - loss_ce=2.117 - loss_ne=0.0163 - loss_div=0.000892 - threshold=0.599 - loss=6.658
/scratch/e0538389/DivClust/engine/trainer.py:41: FutureWarning: `torch.cuda.amp.autocast(args...)` is deprecated. Please use `torch.amp.autocast('cuda', args...)` instead.
  with autocast(self.mixed_precision):
[2026-03-30 12:50:08](logger.py 179): id=CC_FMNIST_C10CFG_K20_E100_DT_0_5 | Ep. 78/100 | Time: 00:01 | loss_cc=4.523 - loss_ce=2.117 - loss_ne=0.0162 - loss_div=0.000836 - threshold=0.599 - loss=6.658
[2026-03-30 12:50:10](logger.py 179): id=CC_FMNIST_C10CFG_K20_E100_DT_0_5 | Ep. 79/100 - Step 0/273 (0.0 it/s) |                    | - loss_cc=4.523 - loss_ce=2.115 - loss_ne=0.0197 - loss_div=0.0 - threshold=0.604 - loss=6.658
/scratch/e0538389/DivClust/engine/trainer.py:41: FutureWarning: `torch.cuda.amp.autocast(args...)` is deprecated. Please use `torch.amp.autocast('cuda', args...)` instead.
  with autocast(self.mixed_precision):
[2026-03-30 12:50:21](logger.py 179): id=CC_FMNIST_C10CFG_K20_E100_DT_0_5 | Ep. 79/100 - Step 25/273 (2.34 it/s) |#                   | - loss_cc=4.517 - loss_ce=2.115 - loss_ne=0.016 - loss_div=0.000115 - threshold=0.607 - loss=6.648
/scratch/e0538389/DivClust/engine/trainer.py:41: FutureWarning: `torch.cuda.amp.autocast(args...)` is deprecated. Please use `torch.amp.autocast('cuda', args...)` instead.
  with autocast(self.mixed_precision):
[2026-03-30 12:50:32](logger.py 179): id=CC_FMNIST_C10CFG_K20_E100_DT_0_5 | Ep. 79/100 - Step 50/273 (2.34 it/s) |###                 | - loss_cc=4.522 - loss_ce=2.116 - loss_ne=0.0158 - loss_div=0.000333 - threshold=0.607 - loss=6.655
/scratch/e0538389/DivClust/engine/trainer.py:41: FutureWarning: `torch.cuda.amp.autocast(args...)` is deprecated. Please use `torch.amp.autocast('cuda', args...)` instead.
  with autocast(self.mixed_precision):
/scratch/e0538389/DivClust/engine/trainer.py:41: FutureWarning: `torch.cuda.amp.autocast(args...)` is deprecated. Please use `torch.amp.autocast('cuda', args...)` instead.
  with autocast(self.mixed_precision):
[2026-03-30 12:50:43](logger.py 179): id=CC_FMNIST_C10CFG_K20_E100_DT_0_5 | Ep. 79/100 - Step 75/273 (2.3 it/s) |#####               | - loss_cc=4.521 - loss_ce=2.116 - loss_ne=0.0169 - loss_div=0.000659 - threshold=0.604 - loss=6.655
/scratch/e0538389/DivClust/engine/trainer.py:41: FutureWarning: `torch.cuda.amp.autocast(args...)` is deprecated. Please use `torch.amp.autocast('cuda', args...)` instead.
  with autocast(self.mixed_precision):
[2026-03-30 12:50:54](logger.py 179): id=CC_FMNIST_C10CFG_K20_E100_DT_0_5 | Ep. 79/100 - Step 100/273 (2.3 it/s) |#######             | - loss_cc=4.522 - loss_ce=2.117 - loss_ne=0.0173 - loss_div=0.000606 - threshold=0.604 - loss=6.657
/scratch/e0538389/DivClust/engine/trainer.py:41: FutureWarning: `torch.cuda.amp.autocast(args...)` is deprecated. Please use `torch.amp.autocast('cuda', args...)` instead.
  with autocast(self.mixed_precision):
[2026-03-30 12:51:04](logger.py 179): id=CC_FMNIST_C10CFG_K20_E100_DT_0_5 | Ep. 79/100 - Step 125/273 (2.31 it/s) |#########           | - loss_cc=4.521 - loss_ce=2.116 - loss_ne=0.0169 - loss_div=0.000623 - threshold=0.603 - loss=6.655
/scratch/e0538389/DivClust/engine/trainer.py:41: FutureWarning: `torch.cuda.amp.autocast(args...)` is deprecated. Please use `torch.amp.autocast('cuda', args...)` instead.
  with autocast(self.mixed_precision):
[2026-03-30 12:51:15](logger.py 179): id=CC_FMNIST_C10CFG_K20_E100_DT_0_5 | Ep. 79/100 - Step 150/273 (2.31 it/s) |##########          | - loss_cc=4.522 - loss_ce=2.117 - loss_ne=0.0169 - loss_div=0.000664 - threshold=0.603 - loss=6.656
/scratch/e0538389/DivClust/engine/trainer.py:41: FutureWarning: `torch.cuda.amp.autocast(args...)` is deprecated. Please use `torch.amp.autocast('cuda', args...)` instead.
  with autocast(self.mixed_precision):
/scratch/e0538389/DivClust/engine/trainer.py:41: FutureWarning: `torch.cuda.amp.autocast(args...)` is deprecated. Please use `torch.amp.autocast('cuda', args...)` instead.
  with autocast(self.mixed_precision):
[2026-03-30 12:51:26](logger.py 179): id=CC_FMNIST_C10CFG_K20_E100_DT_0_5 | Ep. 79/100 - Step 175/273 (2.3 it/s) |############        | - loss_cc=4.523 - loss_ce=2.117 - loss_ne=0.0168 - loss_div=0.000906 - threshold=0.601 - loss=6.657
/scratch/e0538389/DivClust/engine/trainer.py:41: FutureWarning: `torch.cuda.amp.autocast(args...)` is deprecated. Please use `torch.amp.autocast('cuda', args...)` instead.
  with autocast(self.mixed_precision):
[2026-03-30 12:51:37](logger.py 179): id=CC_FMNIST_C10CFG_K20_E100_DT_0_5 | Ep. 79/100 - Step 200/273 (2.31 it/s) |##############      | - loss_cc=4.521 - loss_ce=2.117 - loss_ne=0.0168 - loss_div=0.00101 - threshold=0.599 - loss=6.656
/scratch/e0538389/DivClust/engine/trainer.py:41: FutureWarning: `torch.cuda.amp.autocast(args...)` is deprecated. Please use `torch.amp.autocast('cuda', args...)` instead.
  with autocast(self.mixed_precision):
[2026-03-30 12:51:47](logger.py 179): id=CC_FMNIST_C10CFG_K20_E100_DT_0_5 | Ep. 79/100 - Step 225/273 (2.32 it/s) |################    | - loss_cc=4.522 - loss_ce=2.117 - loss_ne=0.0166 - loss_div=0.000932 - threshold=0.599 - loss=6.656
/scratch/e0538389/DivClust/engine/trainer.py:41: FutureWarning: `torch.cuda.amp.autocast(args...)` is deprecated. Please use `torch.amp.autocast('cuda', args...)` instead.
  with autocast(self.mixed_precision):
[2026-03-30 12:51:58](logger.py 179): id=CC_FMNIST_C10CFG_K20_E100_DT_0_5 | Ep. 79/100 - Step 250/273 (2.32 it/s) |##################  | - loss_cc=4.521 - loss_ce=2.117 - loss_ne=0.0164 - loss_div=0.000878 - threshold=0.599 - loss=6.656
/scratch/e0538389/DivClust/engine/trainer.py:41: FutureWarning: `torch.cuda.amp.autocast(args...)` is deprecated. Please use `torch.amp.autocast('cuda', args...)` instead.
  with autocast(self.mixed_precision):
[2026-03-30 12:52:07](logger.py 179): id=CC_FMNIST_C10CFG_K20_E100_DT_0_5 | Ep. 79/100 | Time: 00:01 | loss_cc=4.521 - loss_ce=2.117 - loss_ne=0.0164 - loss_div=0.000842 - threshold=0.6 - loss=6.655
[2026-03-30 12:52:11](logger.py 179): id=CC_FMNIST_C10CFG_K20_E100_DT_0_5 | Ep. 80/100 - Step 0/273 (0.0 it/s) |                    | - loss_cc=4.507 - loss_ce=2.106 - loss_ne=0.0248 - loss_div=0.0 - threshold=0.604 - loss=6.638
/scratch/e0538389/DivClust/engine/trainer.py:41: FutureWarning: `torch.cuda.amp.autocast(args...)` is deprecated. Please use `torch.amp.autocast('cuda', args...)` instead.
  with autocast(self.mixed_precision):
/scratch/e0538389/DivClust/engine/trainer.py:41: FutureWarning: `torch.cuda.amp.autocast(args...)` is deprecated. Please use `torch.amp.autocast('cuda', args...)` instead.
  with autocast(self.mixed_precision):
[2026-03-30 12:52:21](logger.py 179): id=CC_FMNIST_C10CFG_K20_E100_DT_0_5 | Ep. 80/100 - Step 25/273 (2.38 it/s) |#                   | - loss_cc=4.519 - loss_ce=2.115 - loss_ne=0.0149 - loss_div=0.00096 - threshold=0.602 - loss=6.649
/scratch/e0538389/DivClust/engine/trainer.py:41: FutureWarning: `torch.cuda.amp.autocast(args...)` is deprecated. Please use `torch.amp.autocast('cuda', args...)` instead.
  with autocast(self.mixed_precision):
[2026-03-30 12:52:32](logger.py 179): id=CC_FMNIST_C10CFG_K20_E100_DT_0_5 | Ep. 80/100 - Step 50/273 (2.38 it/s) |###                 | - loss_cc=4.522 - loss_ce=2.116 - loss_ne=0.0165 - loss_div=0.00141 - threshold=0.599 - loss=6.656
/scratch/e0538389/DivClust/engine/trainer.py:41: FutureWarning: `torch.cuda.amp.autocast(args...)` is deprecated. Please use `torch.amp.autocast('cuda', args...)` instead.
  with autocast(self.mixed_precision):
[2026-03-30 12:52:42](logger.py 179): id=CC_FMNIST_C10CFG_K20_E100_DT_0_5 | Ep. 80/100 - Step 75/273 (2.38 it/s) |#####               | - loss_cc=4.524 - loss_ce=2.117 - loss_ne=0.0162 - loss_div=0.00116 - threshold=0.598 - loss=6.658
/scratch/e0538389/DivClust/engine/trainer.py:41: FutureWarning: `torch.cuda.amp.autocast(args...)` is deprecated. Please use `torch.amp.autocast('cuda', args...)` instead.
  with autocast(self.mixed_precision):
[2026-03-30 12:52:53](logger.py 179): id=CC_FMNIST_C10CFG_K20_E100_DT_0_5 | Ep. 80/100 - Step 100/273 (2.34 it/s) |#######             | - loss_cc=4.524 - loss_ce=2.117 - loss_ne=0.0164 - loss_div=0.000987 - threshold=0.599 - loss=6.659
/scratch/e0538389/DivClust/engine/trainer.py:41: FutureWarning: `torch.cuda.amp.autocast(args...)` is deprecated. Please use `torch.amp.autocast('cuda', args...)` instead.
  with autocast(self.mixed_precision):
/scratch/e0538389/DivClust/engine/trainer.py:41: FutureWarning: `torch.cuda.amp.autocast(args...)` is deprecated. Please use `torch.amp.autocast('cuda', args...)` instead.
  with autocast(self.mixed_precision):
[2026-03-30 12:53:04](logger.py 179): id=CC_FMNIST_C10CFG_K20_E100_DT_0_5 | Ep. 80/100 - Step 125/273 (2.34 it/s) |#########           | - loss_cc=4.523 - loss_ce=2.117 - loss_ne=0.0162 - loss_div=0.000955 - threshold=0.599 - loss=6.657
/scratch/e0538389/DivClust/engine/trainer.py:41: FutureWarning: `torch.cuda.amp.autocast(args...)` is deprecated. Please use `torch.amp.autocast('cuda', args...)` instead.
  with autocast(self.mixed_precision):
[2026-03-30 12:53:15](logger.py 179): id=CC_FMNIST_C10CFG_K20_E100_DT_0_5 | Ep. 80/100 - Step 150/273 (2.34 it/s) |##########          | - loss_cc=4.523 - loss_ce=2.117 - loss_ne=0.0161 - loss_div=0.0009 - threshold=0.599 - loss=6.657
/scratch/e0538389/DivClust/engine/trainer.py:41: FutureWarning: `torch.cuda.amp.autocast(args...)` is deprecated. Please use `torch.amp.autocast('cuda', args...)` instead.
  with autocast(self.mixed_precision):
[2026-03-30 12:53:26](logger.py 179): id=CC_FMNIST_C10CFG_K20_E100_DT_0_5 | Ep. 80/100 - Step 175/273 (2.33 it/s) |############        | - loss_cc=4.523 - loss_ce=2.117 - loss_ne=0.0159 - loss_div=0.000963 - threshold=0.598 - loss=6.656
/scratch/e0538389/DivClust/engine/trainer.py:41: FutureWarning: `torch.cuda.amp.autocast(args...)` is deprecated. Please use `torch.amp.autocast('cuda', args...)` instead.
  with autocast(self.mixed_precision):
[2026-03-30 12:53:37](logger.py 179): id=CC_FMNIST_C10CFG_K20_E100_DT_0_5 | Ep. 80/100 - Step 200/273 (2.32 it/s) |##############      | - loss_cc=4.521 - loss_ce=2.116 - loss_ne=0.016 - loss_div=0.00101 - threshold=0.598 - loss=6.655
/scratch/e0538389/DivClust/engine/trainer.py:41: FutureWarning: `torch.cuda.amp.autocast(args...)` is deprecated. Please use `torch.amp.autocast('cuda', args...)` instead.
  with autocast(self.mixed_precision):
/scratch/e0538389/DivClust/engine/trainer.py:41: FutureWarning: `torch.cuda.amp.autocast(args...)` is deprecated. Please use `torch.amp.autocast('cuda', args...)` instead.
  with autocast(self.mixed_precision):
[2026-03-30 12:53:48](logger.py 179): id=CC_FMNIST_C10CFG_K20_E100_DT_0_5 | Ep. 80/100 - Step 225/273 (2.32 it/s) |################    | - loss_cc=4.521 - loss_ce=2.116 - loss_ne=0.0158 - loss_div=0.00101 - threshold=0.598 - loss=6.654
/scratch/e0538389/DivClust/engine/trainer.py:41: FutureWarning: `torch.cuda.amp.autocast(args...)` is deprecated. Please use `torch.amp.autocast('cuda', args...)` instead.
  with autocast(self.mixed_precision):
[2026-03-30 12:53:58](logger.py 179): id=CC_FMNIST_C10CFG_K20_E100_DT_0_5 | Ep. 80/100 - Step 250/273 (2.32 it/s) |##################  | - loss_cc=4.521 - loss_ce=2.116 - loss_ne=0.0158 - loss_div=0.00094 - threshold=0.598 - loss=6.654
/scratch/e0538389/DivClust/engine/trainer.py:41: FutureWarning: `torch.cuda.amp.autocast(args...)` is deprecated. Please use `torch.amp.autocast('cuda', args...)` instead.
  with autocast(self.mixed_precision):
[2026-03-30 12:54:08](logger.py 179): Evaluating
[2026-03-30 12:54:08](logger.py 179): Eval. step 0 of 274
[2026-03-30 12:54:11](logger.py 179): Eval. step 25 of 274
[2026-03-30 12:54:13](logger.py 179): Eval. step 50 of 274
[2026-03-30 12:54:15](logger.py 179): Eval. step 75 of 274
[2026-03-30 12:54:18](logger.py 179): Eval. step 100 of 274
[2026-03-30 12:54:20](logger.py 179): Eval. step 125 of 274
[2026-03-30 12:54:22](logger.py 179): Eval. step 150 of 274
[2026-03-30 12:54:25](logger.py 179): Eval. step 175 of 274
[2026-03-30 12:54:27](logger.py 179): Eval. step 200 of 274
[2026-03-30 12:54:29](logger.py 179): Eval. step 225 of 274
[2026-03-30 12:54:32](logger.py 179): Eval. step 250 of 274
[2026-03-30 12:54:36](logger.py 179): id=CC_FMNIST_C10CFG_K20_E100_DT_0_5 | Ep. 80/100 | Time: 00:02 | loss_cc=4.521 - loss_ce=2.117 - loss_ne=0.0158 - loss_div=0.000879 - threshold=0.599 - loss=6.654 - eval_confidence=0.887 - cluster_acc_0_eval=44.57 - cluster_nmi_0_eval=0.458 - cluster_ari_0_eval=0.303 - cluster_acc_1_eval=42.11 - cluster_nmi_1_eval=0.447 - cluster_ari_1_eval=0.276 - cluster_acc_2_eval=46.46 - cluster_nmi_2_eval=0.474 - cluster_ari_2_eval=0.323 - cluster_acc_3_eval=45.75 - cluster_nmi_3_eval=0.465 - cluster_ari_3_eval=0.296 - cluster_acc_4_eval=44.02 - cluster_nmi_4_eval=0.466 - cluster_ari_4_eval=0.29 - cluster_acc_5_eval=61.29 - cluster_nmi_5_eval=0.57 - cluster_ari_5_eval=0.473 - cluster_acc_6_eval=47.92 - cluster_nmi_6_eval=0.513 - cluster_ari_6_eval=0.357 - cluster_acc_7_eval=43.07 - cluster_nmi_7_eval=0.469 - cluster_ari_7_eval=0.292 - cluster_acc_8_eval=54.0 - cluster_nmi_8_eval=0.531 - cluster_ari_8_eval=0.386 - cluster_acc_9_eval=56.31 - cluster_nmi_9_eval=0.538 - cluster_ari_9_eval=0.415 - cluster_acc_10_eval=55.41 - cluster_nmi_10_eval=0.54 - cluster_ari_10_eval=0.386 - cluster_acc_11_eval=44.11 - cluster_nmi_11_eval=0.495 - cluster_ari_11_eval=0.325 - cluster_acc_12_eval=44.12 - cluster_nmi_12_eval=0.448 - cluster_ari_12_eval=0.282 - cluster_acc_13_eval=43.44 - cluster_nmi_13_eval=0.463 - cluster_ari_13_eval=0.299 - cluster_acc_14_eval=45.83 - cluster_nmi_14_eval=0.491 - cluster_ari_14_eval=0.323 - cluster_acc_15_eval=46.53 - cluster_nmi_15_eval=0.49 - cluster_ari_15_eval=0.325 - cluster_acc_16_eval=47.06 - cluster_nmi_16_eval=0.441 - cluster_ari_16_eval=0.282 - cluster_acc_17_eval=45.7 - cluster_nmi_17_eval=0.453 - cluster_ari_17_eval=0.302 - cluster_acc_18_eval=43.96 - cluster_nmi_18_eval=0.449 - cluster_ari_18_eval=0.285 - cluster_acc_19_eval=38.7 - cluster_nmi_19_eval=0.435 - cluster_ari_19_eval=0.259 - max_cluster_acc_eval=61.29 - mean_cluster_acc_eval=47.02 - min_cluster_acc_eval=38.7 - max_cluster_nmi_eval=0.57 - mean_cluster_nmi_eval=0.482 - min_cluster_nmi_eval=0.435 - max_cluster_ari_eval=0.473 - mean_cluster_ari_eval=0.324 - min_cluster_ari_eval=0.259 - interclustering_nmi_eval=0.494
/scratch/e0538389/DivClust/engine/trainer.py:41: FutureWarning: `torch.cuda.amp.autocast(args...)` is deprecated. Please use `torch.amp.autocast('cuda', args...)` instead.
  with autocast(self.mixed_precision):
[2026-03-30 12:54:38](logger.py 179): id=CC_FMNIST_C10CFG_K20_E100_DT_0_5 | Ep. 81/100 - Step 0/273 (0.0 it/s) |                    | - loss_cc=4.534 - loss_ce=2.128 - loss_ne=0.0131 - loss_div=0.0 - threshold=0.609 - loss=6.676
/scratch/e0538389/DivClust/engine/trainer.py:41: FutureWarning: `torch.cuda.amp.autocast(args...)` is deprecated. Please use `torch.amp.autocast('cuda', args...)` instead.
  with autocast(self.mixed_precision):
[2026-03-30 12:54:49](logger.py 179): id=CC_FMNIST_C10CFG_K20_E100_DT_0_5 | Ep. 81/100 - Step 25/273 (2.32 it/s) |#                   | - loss_cc=4.517 - loss_ce=2.116 - loss_ne=0.0159 - loss_div=6.87e-05 - threshold=0.614 - loss=6.649
/scratch/e0538389/DivClust/engine/trainer.py:41: FutureWarning: `torch.cuda.amp.autocast(args...)` is deprecated. Please use `torch.amp.autocast('cuda', args...)` instead.
  with autocast(self.mixed_precision):
/scratch/e0538389/DivClust/engine/trainer.py:41: FutureWarning: `torch.cuda.amp.autocast(args...)` is deprecated. Please use `torch.amp.autocast('cuda', args...)` instead.
  with autocast(self.mixed_precision):
[2026-03-30 12:55:00](logger.py 179): id=CC_FMNIST_C10CFG_K20_E100_DT_0_5 | Ep. 81/100 - Step 50/273 (2.27 it/s) |###                 | - loss_cc=4.521 - loss_ce=2.117 - loss_ne=0.0164 - loss_div=0.000231 - threshold=0.611 - loss=6.655
/scratch/e0538389/DivClust/engine/trainer.py:41: FutureWarning: `torch.cuda.amp.autocast(args...)` is deprecated. Please use `torch.amp.autocast('cuda', args...)` instead.
  with autocast(self.mixed_precision):
[2026-03-30 12:55:11](logger.py 179): id=CC_FMNIST_C10CFG_K20_E100_DT_0_5 | Ep. 81/100 - Step 75/273 (2.29 it/s) |#####               | - loss_cc=4.524 - loss_ce=2.118 - loss_ne=0.0161 - loss_div=0.000733 - threshold=0.608 - loss=6.659
/scratch/e0538389/DivClust/engine/trainer.py:41: FutureWarning: `torch.cuda.amp.autocast(args...)` is deprecated. Please use `torch.amp.autocast('cuda', args...)` instead.
  with autocast(self.mixed_precision):
[2026-03-30 12:55:21](logger.py 179): id=CC_FMNIST_C10CFG_K20_E100_DT_0_5 | Ep. 81/100 - Step 100/273 (2.29 it/s) |#######             | - loss_cc=4.523 - loss_ce=2.117 - loss_ne=0.0168 - loss_div=0.00107 - threshold=0.604 - loss=6.657
/scratch/e0538389/DivClust/engine/trainer.py:41: FutureWarning: `torch.cuda.amp.autocast(args...)` is deprecated. Please use `torch.amp.autocast('cuda', args...)` instead.
  with autocast(self.mixed_precision):
[2026-03-30 12:55:32](logger.py 179): id=CC_FMNIST_C10CFG_K20_E100_DT_0_5 | Ep. 81/100 - Step 125/273 (2.3 it/s) |#########           | - loss_cc=4.522 - loss_ce=2.117 - loss_ne=0.0164 - loss_div=0.00134 - threshold=0.601 - loss=6.657
/scratch/e0538389/DivClust/engine/trainer.py:41: FutureWarning: `torch.cuda.amp.autocast(args...)` is deprecated. Please use `torch.amp.autocast('cuda', args...)` instead.
  with autocast(self.mixed_precision):
/scratch/e0538389/DivClust/engine/trainer.py:41: FutureWarning: `torch.cuda.amp.autocast(args...)` is deprecated. Please use `torch.amp.autocast('cuda', args...)` instead.
  with autocast(self.mixed_precision):
[2026-03-30 12:55:43](logger.py 179): id=CC_FMNIST_C10CFG_K20_E100_DT_0_5 | Ep. 81/100 - Step 150/273 (2.29 it/s) |##########          | - loss_cc=4.521 - loss_ce=2.117 - loss_ne=0.0165 - loss_div=0.00125 - threshold=0.599 - loss=6.656
/scratch/e0538389/DivClust/engine/trainer.py:41: FutureWarning: `torch.cuda.amp.autocast(args...)` is deprecated. Please use `torch.amp.autocast('cuda', args...)` instead.
  with autocast(self.mixed_precision):
[2026-03-30 12:55:54](logger.py 179): id=CC_FMNIST_C10CFG_K20_E100_DT_0_5 | Ep. 81/100 - Step 175/273 (2.29 it/s) |############        | - loss_cc=4.521 - loss_ce=2.117 - loss_ne=0.0167 - loss_div=0.00111 - threshold=0.599 - loss=6.656
/scratch/e0538389/DivClust/engine/trainer.py:41: FutureWarning: `torch.cuda.amp.autocast(args...)` is deprecated. Please use `torch.amp.autocast('cuda', args...)` instead.
  with autocast(self.mixed_precision):
[2026-03-30 12:56:05](logger.py 179): id=CC_FMNIST_C10CFG_K20_E100_DT_0_5 | Ep. 81/100 - Step 200/273 (2.3 it/s) |##############      | - loss_cc=4.522 - loss_ce=2.117 - loss_ne=0.0166 - loss_div=0.00099 - threshold=0.6 - loss=6.657
/scratch/e0538389/DivClust/engine/trainer.py:41: FutureWarning: `torch.cuda.amp.autocast(args...)` is deprecated. Please use `torch.amp.autocast('cuda', args...)` instead.
  with autocast(self.mixed_precision):
[2026-03-30 12:56:16](logger.py 179): id=CC_FMNIST_C10CFG_K20_E100_DT_0_5 | Ep. 81/100 - Step 225/273 (2.3 it/s) |################    | - loss_cc=4.522 - loss_ce=2.117 - loss_ne=0.0166 - loss_div=0.000883 - threshold=0.602 - loss=6.657
/scratch/e0538389/DivClust/engine/trainer.py:41: FutureWarning: `torch.cuda.amp.autocast(args...)` is deprecated. Please use `torch.amp.autocast('cuda', args...)` instead.
  with autocast(self.mixed_precision):
/scratch/e0538389/DivClust/engine/trainer.py:41: FutureWarning: `torch.cuda.amp.autocast(args...)` is deprecated. Please use `torch.amp.autocast('cuda', args...)` instead.
  with autocast(self.mixed_precision):
[2026-03-30 12:56:27](logger.py 179): id=CC_FMNIST_C10CFG_K20_E100_DT_0_5 | Ep. 81/100 - Step 250/273 (2.29 it/s) |##################  | - loss_cc=4.522 - loss_ce=2.117 - loss_ne=0.0164 - loss_div=0.000886 - threshold=0.602 - loss=6.656
/scratch/e0538389/DivClust/engine/trainer.py:41: FutureWarning: `torch.cuda.amp.autocast(args...)` is deprecated. Please use `torch.amp.autocast('cuda', args...)` instead.
  with autocast(self.mixed_precision):
[2026-03-30 12:56:36](logger.py 179): id=CC_FMNIST_C10CFG_K20_E100_DT_0_5 | Ep. 81/100 | Time: 00:01 | loss_cc=4.522 - loss_ce=2.117 - loss_ne=0.0163 - loss_div=0.000888 - threshold=0.602 - loss=6.656
[2026-03-30 12:56:39](logger.py 179): id=CC_FMNIST_C10CFG_K20_E100_DT_0_5 | Ep. 82/100 - Step 0/273 (0.0 it/s) |                    | - loss_cc=4.582 - loss_ce=2.135 - loss_ne=0.015 - loss_div=0.000909 - threshold=0.597 - loss=6.733
/scratch/e0538389/DivClust/engine/trainer.py:41: FutureWarning: `torch.cuda.amp.autocast(args...)` is deprecated. Please use `torch.amp.autocast('cuda', args...)` instead.
  with autocast(self.mixed_precision):
[2026-03-30 12:56:50](logger.py 179): id=CC_FMNIST_C10CFG_K20_E100_DT_0_5 | Ep. 82/100 - Step 25/273 (2.32 it/s) |#                   | - loss_cc=4.523 - loss_ce=2.116 - loss_ne=0.015 - loss_div=0.00156 - threshold=0.594 - loss=6.656
/scratch/e0538389/DivClust/engine/trainer.py:41: FutureWarning: `torch.cuda.amp.autocast(args...)` is deprecated. Please use `torch.amp.autocast('cuda', args...)` instead.
  with autocast(self.mixed_precision):
[2026-03-30 12:57:00](logger.py 179): id=CC_FMNIST_C10CFG_K20_E100_DT_0_5 | Ep. 82/100 - Step 50/273 (2.34 it/s) |###                 | - loss_cc=4.523 - loss_ce=2.116 - loss_ne=0.0149 - loss_div=0.00104 - threshold=0.595 - loss=6.655
/scratch/e0538389/DivClust/engine/trainer.py:41: FutureWarning: `torch.cuda.amp.autocast(args...)` is deprecated. Please use `torch.amp.autocast('cuda', args...)` instead.
  with autocast(self.mixed_precision):
/scratch/e0538389/DivClust/engine/trainer.py:41: FutureWarning: `torch.cuda.amp.autocast(args...)` is deprecated. Please use `torch.amp.autocast('cuda', args...)` instead.
  with autocast(self.mixed_precision):
[2026-03-30 12:57:11](logger.py 179): id=CC_FMNIST_C10CFG_K20_E100_DT_0_5 | Ep. 82/100 - Step 75/273 (2.3 it/s) |#####               | - loss_cc=4.523 - loss_ce=2.117 - loss_ne=0.015 - loss_div=0.000776 - threshold=0.597 - loss=6.655
/scratch/e0538389/DivClust/engine/trainer.py:41: FutureWarning: `torch.cuda.amp.autocast(args...)` is deprecated. Please use `torch.amp.autocast('cuda', args...)` instead.
  with autocast(self.mixed_precision):
[2026-03-30 12:57:22](logger.py 179): id=CC_FMNIST_C10CFG_K20_E100_DT_0_5 | Ep. 82/100 - Step 100/273 (2.31 it/s) |#######             | - loss_cc=4.521 - loss_ce=2.116 - loss_ne=0.0147 - loss_div=0.000691 - threshold=0.6 - loss=6.653
/scratch/e0538389/DivClust/engine/trainer.py:41: FutureWarning: `torch.cuda.amp.autocast(args...)` is deprecated. Please use `torch.amp.autocast('cuda', args...)` instead.
  with autocast(self.mixed_precision):
[2026-03-30 12:57:33](logger.py 179): id=CC_FMNIST_C10CFG_K20_E100_DT_0_5 | Ep. 82/100 - Step 125/273 (2.31 it/s) |#########           | - loss_cc=4.521 - loss_ce=2.116 - loss_ne=0.0148 - loss_div=0.000772 - threshold=0.6 - loss=6.652
/scratch/e0538389/DivClust/engine/trainer.py:41: FutureWarning: `torch.cuda.amp.autocast(args...)` is deprecated. Please use `torch.amp.autocast('cuda', args...)` instead.
  with autocast(self.mixed_precision):
[2026-03-30 12:57:44](logger.py 179): id=CC_FMNIST_C10CFG_K20_E100_DT_0_5 | Ep. 82/100 - Step 150/273 (2.31 it/s) |##########          | - loss_cc=4.521 - loss_ce=2.116 - loss_ne=0.015 - loss_div=0.000875 - threshold=0.599 - loss=6.652
/scratch/e0538389/DivClust/engine/trainer.py:41: FutureWarning: `torch.cuda.amp.autocast(args...)` is deprecated. Please use `torch.amp.autocast('cuda', args...)` instead.
  with autocast(self.mixed_precision):
/scratch/e0538389/DivClust/engine/trainer.py:41: FutureWarning: `torch.cuda.amp.autocast(args...)` is deprecated. Please use `torch.amp.autocast('cuda', args...)` instead.
  with autocast(self.mixed_precision):
[2026-03-30 12:57:55](logger.py 179): id=CC_FMNIST_C10CFG_K20_E100_DT_0_5 | Ep. 82/100 - Step 175/273 (2.3 it/s) |############        | - loss_cc=4.521 - loss_ce=2.116 - loss_ne=0.015 - loss_div=0.00112 - threshold=0.597 - loss=6.653
/scratch/e0538389/DivClust/engine/trainer.py:41: FutureWarning: `torch.cuda.amp.autocast(args...)` is deprecated. Please use `torch.amp.autocast('cuda', args...)` instead.
  with autocast(self.mixed_precision):
[2026-03-30 12:58:06](logger.py 179): id=CC_FMNIST_C10CFG_K20_E100_DT_0_5 | Ep. 82/100 - Step 200/273 (2.3 it/s) |##############      | - loss_cc=4.519 - loss_ce=2.116 - loss_ne=0.0153 - loss_div=0.00104 - threshold=0.596 - loss=6.651
/scratch/e0538389/DivClust/engine/trainer.py:41: FutureWarning: `torch.cuda.amp.autocast(args...)` is deprecated. Please use `torch.amp.autocast('cuda', args...)` instead.
  with autocast(self.mixed_precision):
[2026-03-30 12:58:16](logger.py 179): id=CC_FMNIST_C10CFG_K20_E100_DT_0_5 | Ep. 82/100 - Step 225/273 (2.31 it/s) |################    | - loss_cc=4.52 - loss_ce=2.116 - loss_ne=0.0153 - loss_div=0.000973 - threshold=0.597 - loss=6.652
/scratch/e0538389/DivClust/engine/trainer.py:41: FutureWarning: `torch.cuda.amp.autocast(args...)` is deprecated. Please use `torch.amp.autocast('cuda', args...)` instead.
  with autocast(self.mixed_precision):
[2026-03-30 12:58:27](logger.py 179): id=CC_FMNIST_C10CFG_K20_E100_DT_0_5 | Ep. 82/100 - Step 250/273 (2.31 it/s) |##################  | - loss_cc=4.519 - loss_ce=2.116 - loss_ne=0.0154 - loss_div=0.000947 - threshold=0.597 - loss=6.652
/scratch/e0538389/DivClust/engine/trainer.py:41: FutureWarning: `torch.cuda.amp.autocast(args...)` is deprecated. Please use `torch.amp.autocast('cuda', args...)` instead.
  with autocast(self.mixed_precision):
[2026-03-30 12:58:37](logger.py 179): id=CC_FMNIST_C10CFG_K20_E100_DT_0_5 | Ep. 82/100 | Time: 00:01 | loss_cc=4.52 - loss_ce=2.116 - loss_ne=0.0154 - loss_div=0.000912 - threshold=0.597 - loss=6.652
[2026-03-30 12:58:39](logger.py 179): id=CC_FMNIST_C10CFG_K20_E100_DT_0_5 | Ep. 83/100 - Step 0/273 (0.0 it/s) |                    | - loss_cc=4.53 - loss_ce=2.116 - loss_ne=0.0148 - loss_div=0.0 - threshold=0.603 - loss=6.661
/scratch/e0538389/DivClust/engine/trainer.py:41: FutureWarning: `torch.cuda.amp.autocast(args...)` is deprecated. Please use `torch.amp.autocast('cuda', args...)` instead.
  with autocast(self.mixed_precision):
/scratch/e0538389/DivClust/engine/trainer.py:41: FutureWarning: `torch.cuda.amp.autocast(args...)` is deprecated. Please use `torch.amp.autocast('cuda', args...)` instead.
  with autocast(self.mixed_precision):
[2026-03-30 12:58:50](logger.py 179): id=CC_FMNIST_C10CFG_K20_E100_DT_0_5 | Ep. 83/100 - Step 25/273 (2.26 it/s) |#                   | - loss_cc=4.518 - loss_ce=2.115 - loss_ne=0.0146 - loss_div=0.000321 - threshold=0.607 - loss=6.648
/scratch/e0538389/DivClust/engine/trainer.py:41: FutureWarning: `torch.cuda.amp.autocast(args...)` is deprecated. Please use `torch.amp.autocast('cuda', args...)` instead.
  with autocast(self.mixed_precision):
[2026-03-30 12:59:01](logger.py 179): id=CC_FMNIST_C10CFG_K20_E100_DT_0_5 | Ep. 83/100 - Step 50/273 (2.29 it/s) |###                 | - loss_cc=4.518 - loss_ce=2.115 - loss_ne=0.0151 - loss_div=0.000599 - threshold=0.604 - loss=6.649
/scratch/e0538389/DivClust/engine/trainer.py:41: FutureWarning: `torch.cuda.amp.autocast(args...)` is deprecated. Please use `torch.amp.autocast('cuda', args...)` instead.
  with autocast(self.mixed_precision):
[2026-03-30 12:59:12](logger.py 179): id=CC_FMNIST_C10CFG_K20_E100_DT_0_5 | Ep. 83/100 - Step 75/273 (2.3 it/s) |#####               | - loss_cc=4.517 - loss_ce=2.114 - loss_ne=0.0153 - loss_div=0.00114 - threshold=0.6 - loss=6.648
/scratch/e0538389/DivClust/engine/trainer.py:41: FutureWarning: `torch.cuda.amp.autocast(args...)` is deprecated. Please use `torch.amp.autocast('cuda', args...)` instead.
  with autocast(self.mixed_precision):
[2026-03-30 12:59:22](logger.py 179): id=CC_FMNIST_C10CFG_K20_E100_DT_0_5 | Ep. 83/100 - Step 100/273 (2.3 it/s) |#######             | - loss_cc=4.519 - loss_ce=2.115 - loss_ne=0.0155 - loss_div=0.00146 - threshold=0.597 - loss=6.651
/scratch/e0538389/DivClust/engine/trainer.py:41: FutureWarning: `torch.cuda.amp.autocast(args...)` is deprecated. Please use `torch.amp.autocast('cuda', args...)` instead.
  with autocast(self.mixed_precision):
/scratch/e0538389/DivClust/engine/trainer.py:41: FutureWarning: `torch.cuda.amp.autocast(args...)` is deprecated. Please use `torch.amp.autocast('cuda', args...)` instead.
  with autocast(self.mixed_precision):
[2026-03-30 12:59:34](logger.py 179): id=CC_FMNIST_C10CFG_K20_E100_DT_0_5 | Ep. 83/100 - Step 125/273 (2.29 it/s) |#########           | - loss_cc=4.52 - loss_ce=2.116 - loss_ne=0.0157 - loss_div=0.00141 - threshold=0.596 - loss=6.653
/scratch/e0538389/DivClust/engine/trainer.py:41: FutureWarning: `torch.cuda.amp.autocast(args...)` is deprecated. Please use `torch.amp.autocast('cuda', args...)` instead.
  with autocast(self.mixed_precision):
[2026-03-30 12:59:44](logger.py 179): id=CC_FMNIST_C10CFG_K20_E100_DT_0_5 | Ep. 83/100 - Step 150/273 (2.29 it/s) |##########          | - loss_cc=4.52 - loss_ce=2.116 - loss_ne=0.0156 - loss_div=0.00121 - threshold=0.596 - loss=6.653
/scratch/e0538389/DivClust/engine/trainer.py:41: FutureWarning: `torch.cuda.amp.autocast(args...)` is deprecated. Please use `torch.amp.autocast('cuda', args...)` instead.
  with autocast(self.mixed_precision):
[2026-03-30 12:59:55](logger.py 179): id=CC_FMNIST_C10CFG_K20_E100_DT_0_5 | Ep. 83/100 - Step 175/273 (2.3 it/s) |############        | - loss_cc=4.52 - loss_ce=2.116 - loss_ne=0.0156 - loss_div=0.00105 - threshold=0.598 - loss=6.653
/scratch/e0538389/DivClust/engine/trainer.py:41: FutureWarning: `torch.cuda.amp.autocast(args...)` is deprecated. Please use `torch.amp.autocast('cuda', args...)` instead.
  with autocast(self.mixed_precision):
[2026-03-30 13:00:06](logger.py 179): id=CC_FMNIST_C10CFG_K20_E100_DT_0_5 | Ep. 83/100 - Step 200/273 (2.3 it/s) |##############      | - loss_cc=4.52 - loss_ce=2.116 - loss_ne=0.0156 - loss_div=0.000959 - threshold=0.598 - loss=6.653
/scratch/e0538389/DivClust/engine/trainer.py:41: FutureWarning: `torch.cuda.amp.autocast(args...)` is deprecated. Please use `torch.amp.autocast('cuda', args...)` instead.
  with autocast(self.mixed_precision):
/scratch/e0538389/DivClust/engine/trainer.py:41: FutureWarning: `torch.cuda.amp.autocast(args...)` is deprecated. Please use `torch.amp.autocast('cuda', args...)` instead.
  with autocast(self.mixed_precision):
[2026-03-30 13:00:17](logger.py 179): id=CC_FMNIST_C10CFG_K20_E100_DT_0_5 | Ep. 83/100 - Step 225/273 (2.29 it/s) |################    | - loss_cc=4.521 - loss_ce=2.116 - loss_ne=0.0155 - loss_div=0.001 - threshold=0.598 - loss=6.653
/scratch/e0538389/DivClust/engine/trainer.py:41: FutureWarning: `torch.cuda.amp.autocast(args...)` is deprecated. Please use `torch.amp.autocast('cuda', args...)` instead.
  with autocast(self.mixed_precision):
[2026-03-30 13:00:28](logger.py 179): id=CC_FMNIST_C10CFG_K20_E100_DT_0_5 | Ep. 83/100 - Step 250/273 (2.29 it/s) |##################  | - loss_cc=4.52 - loss_ce=2.116 - loss_ne=0.0156 - loss_div=0.00108 - threshold=0.597 - loss=6.652
/scratch/e0538389/DivClust/engine/trainer.py:41: FutureWarning: `torch.cuda.amp.autocast(args...)` is deprecated. Please use `torch.amp.autocast('cuda', args...)` instead.
  with autocast(self.mixed_precision):
[2026-03-30 13:00:37](logger.py 179): id=CC_FMNIST_C10CFG_K20_E100_DT_0_5 | Ep. 83/100 | Time: 00:01 | loss_cc=4.52 - loss_ce=2.116 - loss_ne=0.0155 - loss_div=0.00103 - threshold=0.598 - loss=6.653
[2026-03-30 13:00:40](logger.py 179): id=CC_FMNIST_C10CFG_K20_E100_DT_0_5 | Ep. 84/100 - Step 0/273 (0.0 it/s) |                    | - loss_cc=4.513 - loss_ce=2.121 - loss_ne=0.012 - loss_div=9.33e-05 - threshold=0.602 - loss=6.646
/scratch/e0538389/DivClust/engine/trainer.py:41: FutureWarning: `torch.cuda.amp.autocast(args...)` is deprecated. Please use `torch.amp.autocast('cuda', args...)` instead.
  with autocast(self.mixed_precision):
[2026-03-30 13:00:51](logger.py 179): id=CC_FMNIST_C10CFG_K20_E100_DT_0_5 | Ep. 84/100 - Step 25/273 (2.33 it/s) |#                   | - loss_cc=4.52 - loss_ce=2.116 - loss_ne=0.0151 - loss_div=0.000193 - threshold=0.606 - loss=6.652
/scratch/e0538389/DivClust/engine/trainer.py:41: FutureWarning: `torch.cuda.amp.autocast(args...)` is deprecated. Please use `torch.amp.autocast('cuda', args...)` instead.
  with autocast(self.mixed_precision):
/scratch/e0538389/DivClust/engine/trainer.py:41: FutureWarning: `torch.cuda.amp.autocast(args...)` is deprecated. Please use `torch.amp.autocast('cuda', args...)` instead.
  with autocast(self.mixed_precision):
[2026-03-30 13:01:02](logger.py 179): id=CC_FMNIST_C10CFG_K20_E100_DT_0_5 | Ep. 84/100 - Step 50/273 (2.33 it/s) |###                 | - loss_cc=4.52 - loss_ce=2.116 - loss_ne=0.0149 - loss_div=0.000273 - threshold=0.604 - loss=6.65
/scratch/e0538389/DivClust/engine/trainer.py:41: FutureWarning: `torch.cuda.amp.autocast(args...)` is deprecated. Please use `torch.amp.autocast('cuda', args...)` instead.
  with autocast(self.mixed_precision):
[2026-03-30 13:01:12](logger.py 179): id=CC_FMNIST_C10CFG_K20_E100_DT_0_5 | Ep. 84/100 - Step 75/273 (2.35 it/s) |#####               | - loss_cc=4.52 - loss_ce=2.116 - loss_ne=0.0153 - loss_div=0.000876 - threshold=0.601 - loss=6.652
/scratch/e0538389/DivClust/engine/trainer.py:41: FutureWarning: `torch.cuda.amp.autocast(args...)` is deprecated. Please use `torch.amp.autocast('cuda', args...)` instead.
  with autocast(self.mixed_precision):
[2026-03-30 13:01:22](logger.py 179): id=CC_FMNIST_C10CFG_K20_E100_DT_0_5 | Ep. 84/100 - Step 100/273 (2.35 it/s) |#######             | - loss_cc=4.521 - loss_ce=2.117 - loss_ne=0.0158 - loss_div=0.000868 - threshold=0.599 - loss=6.655
/scratch/e0538389/DivClust/engine/trainer.py:41: FutureWarning: `torch.cuda.amp.autocast(args...)` is deprecated. Please use `torch.amp.autocast('cuda', args...)` instead.
  with autocast(self.mixed_precision):
[2026-03-30 13:01:33](logger.py 179): id=CC_FMNIST_C10CFG_K20_E100_DT_0_5 | Ep. 84/100 - Step 125/273 (2.35 it/s) |#########           | - loss_cc=4.521 - loss_ce=2.116 - loss_ne=0.016 - loss_div=0.000748 - threshold=0.599 - loss=6.654
/scratch/e0538389/DivClust/engine/trainer.py:41: FutureWarning: `torch.cuda.amp.autocast(args...)` is deprecated. Please use `torch.amp.autocast('cuda', args...)` instead.
  with autocast(self.mixed_precision):
/scratch/e0538389/DivClust/engine/trainer.py:41: FutureWarning: `torch.cuda.amp.autocast(args...)` is deprecated. Please use `torch.amp.autocast('cuda', args...)` instead.
  with autocast(self.mixed_precision):
[2026-03-30 13:01:44](logger.py 179): id=CC_FMNIST_C10CFG_K20_E100_DT_0_5 | Ep. 84/100 - Step 150/273 (2.33 it/s) |##########          | - loss_cc=4.523 - loss_ce=2.117 - loss_ne=0.016 - loss_div=0.000752 - threshold=0.599 - loss=6.656
/scratch/e0538389/DivClust/engine/trainer.py:41: FutureWarning: `torch.cuda.amp.autocast(args...)` is deprecated. Please use `torch.amp.autocast('cuda', args...)` instead.
  with autocast(self.mixed_precision):
[2026-03-30 13:01:55](logger.py 179): id=CC_FMNIST_C10CFG_K20_E100_DT_0_5 | Ep. 84/100 - Step 175/273 (2.33 it/s) |############        | - loss_cc=4.523 - loss_ce=2.117 - loss_ne=0.0159 - loss_div=0.000816 - threshold=0.599 - loss=6.656
/scratch/e0538389/DivClust/engine/trainer.py:41: FutureWarning: `torch.cuda.amp.autocast(args...)` is deprecated. Please use `torch.amp.autocast('cuda', args...)` instead.
  with autocast(self.mixed_precision):
[2026-03-30 13:02:06](logger.py 179): id=CC_FMNIST_C10CFG_K20_E100_DT_0_5 | Ep. 84/100 - Step 200/273 (2.33 it/s) |##############      | - loss_cc=4.521 - loss_ce=2.116 - loss_ne=0.016 - loss_div=0.000903 - threshold=0.598 - loss=6.655
/scratch/e0538389/DivClust/engine/trainer.py:41: FutureWarning: `torch.cuda.amp.autocast(args...)` is deprecated. Please use `torch.amp.autocast('cuda', args...)` instead.
  with autocast(self.mixed_precision):
[2026-03-30 13:02:17](logger.py 179): id=CC_FMNIST_C10CFG_K20_E100_DT_0_5 | Ep. 84/100 - Step 225/273 (2.33 it/s) |################    | - loss_cc=4.522 - loss_ce=2.117 - loss_ne=0.0159 - loss_div=0.000895 - threshold=0.598 - loss=6.655
/scratch/e0538389/DivClust/engine/trainer.py:41: FutureWarning: `torch.cuda.amp.autocast(args...)` is deprecated. Please use `torch.amp.autocast('cuda', args...)` instead.
  with autocast(self.mixed_precision):
/scratch/e0538389/DivClust/engine/trainer.py:41: FutureWarning: `torch.cuda.amp.autocast(args...)` is deprecated. Please use `torch.amp.autocast('cuda', args...)` instead.
  with autocast(self.mixed_precision):
[2026-03-30 13:02:28](logger.py 179): id=CC_FMNIST_C10CFG_K20_E100_DT_0_5 | Ep. 84/100 - Step 250/273 (2.32 it/s) |##################  | - loss_cc=4.522 - loss_ce=2.117 - loss_ne=0.016 - loss_div=0.000837 - threshold=0.598 - loss=6.656
/scratch/e0538389/DivClust/engine/trainer.py:41: FutureWarning: `torch.cuda.amp.autocast(args...)` is deprecated. Please use `torch.amp.autocast('cuda', args...)` instead.
  with autocast(self.mixed_precision):
[2026-03-30 13:02:37](logger.py 179): id=CC_FMNIST_C10CFG_K20_E100_DT_0_5 | Ep. 84/100 | Time: 00:01 | loss_cc=4.523 - loss_ce=2.117 - loss_ne=0.016 - loss_div=0.000772 - threshold=0.599 - loss=6.656
[2026-03-30 13:02:39](logger.py 179): id=CC_FMNIST_C10CFG_K20_E100_DT_0_5 | Ep. 85/100 - Step 0/273 (0.0 it/s) |                    | - loss_cc=4.538 - loss_ce=2.129 - loss_ne=0.0187 - loss_div=0.0 - threshold=0.614 - loss=6.686
/scratch/e0538389/DivClust/engine/trainer.py:41: FutureWarning: `torch.cuda.amp.autocast(args...)` is deprecated. Please use `torch.amp.autocast('cuda', args...)` instead.
  with autocast(self.mixed_precision):
[2026-03-30 13:02:50](logger.py 179): id=CC_FMNIST_C10CFG_K20_E100_DT_0_5 | Ep. 85/100 - Step 25/273 (2.32 it/s) |#                   | - loss_cc=4.514 - loss_ce=2.113 - loss_ne=0.0131 - loss_div=0.000128 - threshold=0.611 - loss=6.64
/scratch/e0538389/DivClust/engine/trainer.py:41: FutureWarning: `torch.cuda.amp.autocast(args...)` is deprecated. Please use `torch.amp.autocast('cuda', args...)` instead.
  with autocast(self.mixed_precision):
[2026-03-30 13:03:01](logger.py 179): id=CC_FMNIST_C10CFG_K20_E100_DT_0_5 | Ep. 85/100 - Step 50/273 (2.32 it/s) |###                 | - loss_cc=4.519 - loss_ce=2.115 - loss_ne=0.0142 - loss_div=0.000404 - threshold=0.608 - loss=6.649
/scratch/e0538389/DivClust/engine/trainer.py:41: FutureWarning: `torch.cuda.amp.autocast(args...)` is deprecated. Please use `torch.amp.autocast('cuda', args...)` instead.
  with autocast(self.mixed_precision):
[2026-03-30 13:03:12](logger.py 179): id=CC_FMNIST_C10CFG_K20_E100_DT_0_5 | Ep. 85/100 - Step 75/273 (2.29 it/s) |#####               | - loss_cc=4.519 - loss_ce=2.115 - loss_ne=0.0147 - loss_div=0.000896 - threshold=0.604 - loss=6.65
/scratch/e0538389/DivClust/engine/trainer.py:41: FutureWarning: `torch.cuda.amp.autocast(args...)` is deprecated. Please use `torch.amp.autocast('cuda', args...)` instead.
  with autocast(self.mixed_precision):
/scratch/e0538389/DivClust/engine/trainer.py:41: FutureWarning: `torch.cuda.amp.autocast(args...)` is deprecated. Please use `torch.amp.autocast('cuda', args...)` instead.
  with autocast(self.mixed_precision):
[2026-03-30 13:03:23](logger.py 179): id=CC_FMNIST_C10CFG_K20_E100_DT_0_5 | Ep. 85/100 - Step 100/273 (2.3 it/s) |#######             | - loss_cc=4.52 - loss_ce=2.116 - loss_ne=0.0148 - loss_div=0.00103 - threshold=0.601 - loss=6.651
/scratch/e0538389/DivClust/engine/trainer.py:41: FutureWarning: `torch.cuda.amp.autocast(args...)` is deprecated. Please use `torch.amp.autocast('cuda', args...)` instead.
  with autocast(self.mixed_precision):
[2026-03-30 13:03:34](logger.py 179): id=CC_FMNIST_C10CFG_K20_E100_DT_0_5 | Ep. 85/100 - Step 125/273 (2.3 it/s) |#########           | - loss_cc=4.519 - loss_ce=2.115 - loss_ne=0.0149 - loss_div=0.000881 - threshold=0.6 - loss=6.65
/scratch/e0538389/DivClust/engine/trainer.py:41: FutureWarning: `torch.cuda.amp.autocast(args...)` is deprecated. Please use `torch.amp.autocast('cuda', args...)` instead.
  with autocast(self.mixed_precision):
[2026-03-30 13:03:44](logger.py 179): id=CC_FMNIST_C10CFG_K20_E100_DT_0_5 | Ep. 85/100 - Step 150/273 (2.31 it/s) |##########          | - loss_cc=4.519 - loss_ce=2.116 - loss_ne=0.015 - loss_div=0.000803 - threshold=0.601 - loss=6.65
/scratch/e0538389/DivClust/engine/trainer.py:41: FutureWarning: `torch.cuda.amp.autocast(args...)` is deprecated. Please use `torch.amp.autocast('cuda', args...)` instead.
  with autocast(self.mixed_precision):
[2026-03-30 13:03:56](logger.py 179): id=CC_FMNIST_C10CFG_K20_E100_DT_0_5 | Ep. 85/100 - Step 175/273 (2.3 it/s) |############        | - loss_cc=4.519 - loss_ce=2.115 - loss_ne=0.0152 - loss_div=0.000717 - threshold=0.603 - loss=6.65
/scratch/e0538389/DivClust/engine/trainer.py:41: FutureWarning: `torch.cuda.amp.autocast(args...)` is deprecated. Please use `torch.amp.autocast('cuda', args...)` instead.
  with autocast(self.mixed_precision):
/scratch/e0538389/DivClust/engine/trainer.py:41: FutureWarning: `torch.cuda.amp.autocast(args...)` is deprecated. Please use `torch.amp.autocast('cuda', args...)` instead.
  with autocast(self.mixed_precision):
[2026-03-30 13:04:06](logger.py 179): id=CC_FMNIST_C10CFG_K20_E100_DT_0_5 | Ep. 85/100 - Step 200/273 (2.3 it/s) |##############      | - loss_cc=4.518 - loss_ce=2.115 - loss_ne=0.0153 - loss_div=0.000695 - threshold=0.603 - loss=6.649
/scratch/e0538389/DivClust/engine/trainer.py:41: FutureWarning: `torch.cuda.amp.autocast(args...)` is deprecated. Please use `torch.amp.autocast('cuda', args...)` instead.
  with autocast(self.mixed_precision):
[2026-03-30 13:04:17](logger.py 179): id=CC_FMNIST_C10CFG_K20_E100_DT_0_5 | Ep. 85/100 - Step 225/273 (2.3 it/s) |################    | - loss_cc=4.519 - loss_ce=2.115 - loss_ne=0.0154 - loss_div=0.00079 - threshold=0.603 - loss=6.65
/scratch/e0538389/DivClust/engine/trainer.py:41: FutureWarning: `torch.cuda.amp.autocast(args...)` is deprecated. Please use `torch.amp.autocast('cuda', args...)` instead.
  with autocast(self.mixed_precision):
[2026-03-30 13:04:28](logger.py 179): id=CC_FMNIST_C10CFG_K20_E100_DT_0_5 | Ep. 85/100 - Step 250/273 (2.3 it/s) |##################  | - loss_cc=4.519 - loss_ce=2.115 - loss_ne=0.0155 - loss_div=0.000775 - threshold=0.602 - loss=6.651
/scratch/e0538389/DivClust/engine/trainer.py:41: FutureWarning: `torch.cuda.amp.autocast(args...)` is deprecated. Please use `torch.amp.autocast('cuda', args...)` instead.
  with autocast(self.mixed_precision):
[2026-03-30 13:04:37](logger.py 179): id=CC_FMNIST_C10CFG_K20_E100_DT_0_5 | Ep. 85/100 | Time: 00:01 | loss_cc=4.519 - loss_ce=2.115 - loss_ne=0.0155 - loss_div=0.000743 - threshold=0.603 - loss=6.651
[2026-03-30 13:04:39](logger.py 179): id=CC_FMNIST_C10CFG_K20_E100_DT_0_5 | Ep. 86/100 - Step 0/273 (0.0 it/s) |                    | - loss_cc=4.518 - loss_ce=2.113 - loss_ne=0.0129 - loss_div=7.59e-05 - threshold=0.607 - loss=6.644
/scratch/e0538389/DivClust/engine/trainer.py:41: FutureWarning: `torch.cuda.amp.autocast(args...)` is deprecated. Please use `torch.amp.autocast('cuda', args...)` instead.
  with autocast(self.mixed_precision):
/scratch/e0538389/DivClust/engine/trainer.py:41: FutureWarning: `torch.cuda.amp.autocast(args...)` is deprecated. Please use `torch.amp.autocast('cuda', args...)` instead.
  with autocast(self.mixed_precision):
[2026-03-30 13:04:50](logger.py 179): id=CC_FMNIST_C10CFG_K20_E100_DT_0_5 | Ep. 86/100 - Step 25/273 (2.28 it/s) |#                   | - loss_cc=4.523 - loss_ce=2.117 - loss_ne=0.0158 - loss_div=0.000384 - threshold=0.601 - loss=6.657
/scratch/e0538389/DivClust/engine/trainer.py:41: FutureWarning: `torch.cuda.amp.autocast(args...)` is deprecated. Please use `torch.amp.autocast('cuda', args...)` instead.
  with autocast(self.mixed_precision):
[2026-03-30 13:05:01](logger.py 179): id=CC_FMNIST_C10CFG_K20_E100_DT_0_5 | Ep. 86/100 - Step 50/273 (2.31 it/s) |###                 | - loss_cc=4.522 - loss_ce=2.117 - loss_ne=0.0161 - loss_div=0.00122 - threshold=0.597 - loss=6.656
/scratch/e0538389/DivClust/engine/trainer.py:41: FutureWarning: `torch.cuda.amp.autocast(args...)` is deprecated. Please use `torch.amp.autocast('cuda', args...)` instead.
  with autocast(self.mixed_precision):
[2026-03-30 13:05:12](logger.py 179): id=CC_FMNIST_C10CFG_K20_E100_DT_0_5 | Ep. 86/100 - Step 75/273 (2.31 it/s) |#####               | - loss_cc=4.52 - loss_ce=2.116 - loss_ne=0.0157 - loss_div=0.00113 - threshold=0.596 - loss=6.653
/scratch/e0538389/DivClust/engine/trainer.py:41: FutureWarning: `torch.cuda.amp.autocast(args...)` is deprecated. Please use `torch.amp.autocast('cuda', args...)` instead.
  with autocast(self.mixed_precision):
[2026-03-30 13:05:22](logger.py 179): id=CC_FMNIST_C10CFG_K20_E100_DT_0_5 | Ep. 86/100 - Step 100/273 (2.31 it/s) |#######             | - loss_cc=4.519 - loss_ce=2.116 - loss_ne=0.0158 - loss_div=0.0009 - threshold=0.597 - loss=6.651
/scratch/e0538389/DivClust/engine/trainer.py:41: FutureWarning: `torch.cuda.amp.autocast(args...)` is deprecated. Please use `torch.amp.autocast('cuda', args...)` instead.
  with autocast(self.mixed_precision):
/scratch/e0538389/DivClust/engine/trainer.py:41: FutureWarning: `torch.cuda.amp.autocast(args...)` is deprecated. Please use `torch.amp.autocast('cuda', args...)` instead.
  with autocast(self.mixed_precision):
[2026-03-30 13:05:34](logger.py 179): id=CC_FMNIST_C10CFG_K20_E100_DT_0_5 | Ep. 86/100 - Step 125/273 (2.3 it/s) |#########           | - loss_cc=4.517 - loss_ce=2.115 - loss_ne=0.0159 - loss_div=0.000889 - threshold=0.597 - loss=6.649
/scratch/e0538389/DivClust/engine/trainer.py:41: FutureWarning: `torch.cuda.amp.autocast(args...)` is deprecated. Please use `torch.amp.autocast('cuda', args...)` instead.
  with autocast(self.mixed_precision):
[2026-03-30 13:05:44](logger.py 179): id=CC_FMNIST_C10CFG_K20_E100_DT_0_5 | Ep. 86/100 - Step 150/273 (2.3 it/s) |##########          | - loss_cc=4.516 - loss_ce=2.115 - loss_ne=0.0161 - loss_div=0.000792 - threshold=0.598 - loss=6.647
/scratch/e0538389/DivClust/engine/trainer.py:41: FutureWarning: `torch.cuda.amp.autocast(args...)` is deprecated. Please use `torch.amp.autocast('cuda', args...)` instead.
  with autocast(self.mixed_precision):
[2026-03-30 13:05:55](logger.py 179): id=CC_FMNIST_C10CFG_K20_E100_DT_0_5 | Ep. 86/100 - Step 175/273 (2.3 it/s) |############        | - loss_cc=4.517 - loss_ce=2.115 - loss_ne=0.0161 - loss_div=0.000748 - threshold=0.599 - loss=6.649
/scratch/e0538389/DivClust/engine/trainer.py:41: FutureWarning: `torch.cuda.amp.autocast(args...)` is deprecated. Please use `torch.amp.autocast('cuda', args...)` instead.
  with autocast(self.mixed_precision):
[2026-03-30 13:06:06](logger.py 179): id=CC_FMNIST_C10CFG_K20_E100_DT_0_5 | Ep. 86/100 - Step 200/273 (2.31 it/s) |##############      | - loss_cc=4.517 - loss_ce=2.115 - loss_ne=0.0163 - loss_div=0.000777 - threshold=0.598 - loss=6.649
/scratch/e0538389/DivClust/engine/trainer.py:41: FutureWarning: `torch.cuda.amp.autocast(args...)` is deprecated. Please use `torch.amp.autocast('cuda', args...)` instead.
  with autocast(self.mixed_precision):
/scratch/e0538389/DivClust/engine/trainer.py:41: FutureWarning: `torch.cuda.amp.autocast(args...)` is deprecated. Please use `torch.amp.autocast('cuda', args...)` instead.
  with autocast(self.mixed_precision):
[2026-03-30 13:06:17](logger.py 179): id=CC_FMNIST_C10CFG_K20_E100_DT_0_5 | Ep. 86/100 - Step 225/273 (2.3 it/s) |################    | - loss_cc=4.518 - loss_ce=2.115 - loss_ne=0.0162 - loss_div=0.000773 - threshold=0.598 - loss=6.65
/scratch/e0538389/DivClust/engine/trainer.py:41: FutureWarning: `torch.cuda.amp.autocast(args...)` is deprecated. Please use `torch.amp.autocast('cuda', args...)` instead.
  with autocast(self.mixed_precision):
[2026-03-30 13:06:28](logger.py 179): id=CC_FMNIST_C10CFG_K20_E100_DT_0_5 | Ep. 86/100 - Step 250/273 (2.3 it/s) |##################  | - loss_cc=4.517 - loss_ce=2.115 - loss_ne=0.0161 - loss_div=0.000771 - threshold=0.598 - loss=6.649
/scratch/e0538389/DivClust/engine/trainer.py:41: FutureWarning: `torch.cuda.amp.autocast(args...)` is deprecated. Please use `torch.amp.autocast('cuda', args...)` instead.
  with autocast(self.mixed_precision):
[2026-03-30 13:06:37](logger.py 179): id=CC_FMNIST_C10CFG_K20_E100_DT_0_5 | Ep. 86/100 | Time: 00:01 | loss_cc=4.518 - loss_ce=2.115 - loss_ne=0.016 - loss_div=0.000806 - threshold=0.598 - loss=6.65
[2026-03-30 13:06:40](logger.py 179): id=CC_FMNIST_C10CFG_K20_E100_DT_0_5 | Ep. 87/100 - Step 0/273 (0.0 it/s) |                    | - loss_cc=4.538 - loss_ce=2.12 - loss_ne=0.0146 - loss_div=0.0 - threshold=0.595 - loss=6.672
/scratch/e0538389/DivClust/engine/trainer.py:41: FutureWarning: `torch.cuda.amp.autocast(args...)` is deprecated. Please use `torch.amp.autocast('cuda', args...)` instead.
  with autocast(self.mixed_precision):
[2026-03-30 13:06:51](logger.py 179): id=CC_FMNIST_C10CFG_K20_E100_DT_0_5 | Ep. 87/100 - Step 25/273 (2.33 it/s) |#                   | - loss_cc=4.523 - loss_ce=2.117 - loss_ne=0.015 - loss_div=0.00169 - threshold=0.591 - loss=6.657
/scratch/e0538389/DivClust/engine/trainer.py:41: FutureWarning: `torch.cuda.amp.autocast(args...)` is deprecated. Please use `torch.amp.autocast('cuda', args...)` instead.
  with autocast(self.mixed_precision):
/scratch/e0538389/DivClust/engine/trainer.py:41: FutureWarning: `torch.cuda.amp.autocast(args...)` is deprecated. Please use `torch.amp.autocast('cuda', args...)` instead.
  with autocast(self.mixed_precision):
[2026-03-30 13:07:02](logger.py 179): id=CC_FMNIST_C10CFG_K20_E100_DT_0_5 | Ep. 87/100 - Step 50/273 (2.28 it/s) |###                 | - loss_cc=4.521 - loss_ce=2.116 - loss_ne=0.015 - loss_div=0.00129 - threshold=0.593 - loss=6.653
/scratch/e0538389/DivClust/engine/trainer.py:41: FutureWarning: `torch.cuda.amp.autocast(args...)` is deprecated. Please use `torch.amp.autocast('cuda', args...)` instead.
  with autocast(self.mixed_precision):
[2026-03-30 13:07:13](logger.py 179): id=CC_FMNIST_C10CFG_K20_E100_DT_0_5 | Ep. 87/100 - Step 75/273 (2.29 it/s) |#####               | - loss_cc=4.522 - loss_ce=2.117 - loss_ne=0.0151 - loss_div=0.000899 - threshold=0.596 - loss=6.655
/scratch/e0538389/DivClust/engine/trainer.py:41: FutureWarning: `torch.cuda.amp.autocast(args...)` is deprecated. Please use `torch.amp.autocast('cuda', args...)` instead.
  with autocast(self.mixed_precision):
[2026-03-30 13:07:24](logger.py 179): id=CC_FMNIST_C10CFG_K20_E100_DT_0_5 | Ep. 87/100 - Step 100/273 (2.3 it/s) |#######             | - loss_cc=4.522 - loss_ce=2.117 - loss_ne=0.0149 - loss_div=0.000798 - threshold=0.598 - loss=6.654
/scratch/e0538389/DivClust/engine/trainer.py:41: FutureWarning: `torch.cuda.amp.autocast(args...)` is deprecated. Please use `torch.amp.autocast('cuda', args...)` instead.
  with autocast(self.mixed_precision):
[2026-03-30 13:07:34](logger.py 179): id=CC_FMNIST_C10CFG_K20_E100_DT_0_5 | Ep. 87/100 - Step 125/273 (2.3 it/s) |#########           | - loss_cc=4.52 - loss_ce=2.116 - loss_ne=0.015 - loss_div=0.00093 - threshold=0.598 - loss=6.652
/scratch/e0538389/DivClust/engine/trainer.py:41: FutureWarning: `torch.cuda.amp.autocast(args...)` is deprecated. Please use `torch.amp.autocast('cuda', args...)` instead.
  with autocast(self.mixed_precision):
/scratch/e0538389/DivClust/engine/trainer.py:41: FutureWarning: `torch.cuda.amp.autocast(args...)` is deprecated. Please use `torch.amp.autocast('cuda', args...)` instead.
  with autocast(self.mixed_precision):
[2026-03-30 13:07:45](logger.py 179): id=CC_FMNIST_C10CFG_K20_E100_DT_0_5 | Ep. 87/100 - Step 150/273 (2.3 it/s) |##########          | - loss_cc=4.519 - loss_ce=2.116 - loss_ne=0.0149 - loss_div=0.00094 - threshold=0.596 - loss=6.65
/scratch/e0538389/DivClust/engine/trainer.py:41: FutureWarning: `torch.cuda.amp.autocast(args...)` is deprecated. Please use `torch.amp.autocast('cuda', args...)` instead.
  with autocast(self.mixed_precision):
[2026-03-30 13:07:56](logger.py 179): id=CC_FMNIST_C10CFG_K20_E100_DT_0_5 | Ep. 87/100 - Step 175/273 (2.31 it/s) |############        | - loss_cc=4.518 - loss_ce=2.116 - loss_ne=0.0151 - loss_div=0.000909 - threshold=0.596 - loss=6.65
/scratch/e0538389/DivClust/engine/trainer.py:41: FutureWarning: `torch.cuda.amp.autocast(args...)` is deprecated. Please use `torch.amp.autocast('cuda', args...)` instead.
  with autocast(self.mixed_precision):
[2026-03-30 13:08:07](logger.py 179): id=CC_FMNIST_C10CFG_K20_E100_DT_0_5 | Ep. 87/100 - Step 200/273 (2.31 it/s) |##############      | - loss_cc=4.519 - loss_ce=2.116 - loss_ne=0.0151 - loss_div=0.000812 - threshold=0.597 - loss=6.65
/scratch/e0538389/DivClust/engine/trainer.py:41: FutureWarning: `torch.cuda.amp.autocast(args...)` is deprecated. Please use `torch.amp.autocast('cuda', args...)` instead.
  with autocast(self.mixed_precision):
[2026-03-30 13:08:18](logger.py 179): id=CC_FMNIST_C10CFG_K20_E100_DT_0_5 | Ep. 87/100 - Step 225/273 (2.31 it/s) |################    | - loss_cc=4.519 - loss_ce=2.116 - loss_ne=0.0151 - loss_div=0.000754 - threshold=0.598 - loss=6.65
/scratch/e0538389/DivClust/engine/trainer.py:41: FutureWarning: `torch.cuda.amp.autocast(args...)` is deprecated. Please use `torch.amp.autocast('cuda', args...)` instead.
  with autocast(self.mixed_precision):
/scratch/e0538389/DivClust/engine/trainer.py:41: FutureWarning: `torch.cuda.amp.autocast(args...)` is deprecated. Please use `torch.amp.autocast('cuda', args...)` instead.
  with autocast(self.mixed_precision):
[2026-03-30 13:08:29](logger.py 179): id=CC_FMNIST_C10CFG_K20_E100_DT_0_5 | Ep. 87/100 - Step 250/273 (2.3 it/s) |##################  | - loss_cc=4.518 - loss_ce=2.116 - loss_ne=0.015 - loss_div=0.000808 - threshold=0.598 - loss=6.65
/scratch/e0538389/DivClust/engine/trainer.py:41: FutureWarning: `torch.cuda.amp.autocast(args...)` is deprecated. Please use `torch.amp.autocast('cuda', args...)` instead.
  with autocast(self.mixed_precision):
[2026-03-30 13:08:38](logger.py 179): id=CC_FMNIST_C10CFG_K20_E100_DT_0_5 | Ep. 87/100 | Time: 00:01 | loss_cc=4.519 - loss_ce=2.116 - loss_ne=0.0149 - loss_div=0.00079 - threshold=0.598 - loss=6.65
[2026-03-30 13:08:41](logger.py 179): id=CC_FMNIST_C10CFG_K20_E100_DT_0_5 | Ep. 88/100 - Step 0/273 (0.0 it/s) |                    | - loss_cc=4.526 - loss_ce=2.122 - loss_ne=0.0185 - loss_div=0.000656 - threshold=0.595 - loss=6.667
/scratch/e0538389/DivClust/engine/trainer.py:41: FutureWarning: `torch.cuda.amp.autocast(args...)` is deprecated. Please use `torch.amp.autocast('cuda', args...)` instead.
  with autocast(self.mixed_precision):
[2026-03-30 13:08:51](logger.py 179): id=CC_FMNIST_C10CFG_K20_E100_DT_0_5 | Ep. 88/100 - Step 25/273 (2.38 it/s) |#                   | - loss_cc=4.524 - loss_ce=2.118 - loss_ne=0.0147 - loss_div=0.000781 - threshold=0.597 - loss=6.657
/scratch/e0538389/DivClust/engine/trainer.py:41: FutureWarning: `torch.cuda.amp.autocast(args...)` is deprecated. Please use `torch.amp.autocast('cuda', args...)` instead.
  with autocast(self.mixed_precision):
[2026-03-30 13:09:02](logger.py 179): id=CC_FMNIST_C10CFG_K20_E100_DT_0_5 | Ep. 88/100 - Step 50/273 (2.38 it/s) |###                 | - loss_cc=4.517 - loss_ce=2.115 - loss_ne=0.0143 - loss_div=0.000655 - threshold=0.597 - loss=6.647
/scratch/e0538389/DivClust/engine/trainer.py:41: FutureWarning: `torch.cuda.amp.autocast(args...)` is deprecated. Please use `torch.amp.autocast('cuda', args...)` instead.
  with autocast(self.mixed_precision):
[2026-03-30 13:09:12](logger.py 179): id=CC_FMNIST_C10CFG_K20_E100_DT_0_5 | Ep. 88/100 - Step 75/273 (2.38 it/s) |#####               | - loss_cc=4.515 - loss_ce=2.114 - loss_ne=0.0145 - loss_div=0.000611 - threshold=0.598 - loss=6.644
/scratch/e0538389/DivClust/engine/trainer.py:41: FutureWarning: `torch.cuda.amp.autocast(args...)` is deprecated. Please use `torch.amp.autocast('cuda', args...)` instead.
  with autocast(self.mixed_precision):
/scratch/e0538389/DivClust/engine/trainer.py:41: FutureWarning: `torch.cuda.amp.autocast(args...)` is deprecated. Please use `torch.amp.autocast('cuda', args...)` instead.
  with autocast(self.mixed_precision):
[2026-03-30 13:09:23](logger.py 179): id=CC_FMNIST_C10CFG_K20_E100_DT_0_5 | Ep. 88/100 - Step 100/273 (2.35 it/s) |#######             | - loss_cc=4.515 - loss_ce=2.114 - loss_ne=0.0148 - loss_div=0.00101 - threshold=0.597 - loss=6.645
/scratch/e0538389/DivClust/engine/trainer.py:41: FutureWarning: `torch.cuda.amp.autocast(args...)` is deprecated. Please use `torch.amp.autocast('cuda', args...)` instead.
  with autocast(self.mixed_precision):
[2026-03-30 13:09:34](logger.py 179): id=CC_FMNIST_C10CFG_K20_E100_DT_0_5 | Ep. 88/100 - Step 125/273 (2.35 it/s) |#########           | - loss_cc=4.516 - loss_ce=2.114 - loss_ne=0.015 - loss_div=0.00105 - threshold=0.595 - loss=6.646
/scratch/e0538389/DivClust/engine/trainer.py:41: FutureWarning: `torch.cuda.amp.autocast(args...)` is deprecated. Please use `torch.amp.autocast('cuda', args...)` instead.
  with autocast(self.mixed_precision):
[2026-03-30 13:09:45](logger.py 179): id=CC_FMNIST_C10CFG_K20_E100_DT_0_5 | Ep. 88/100 - Step 150/273 (2.34 it/s) |##########          | - loss_cc=4.516 - loss_ce=2.115 - loss_ne=0.015 - loss_div=0.000907 - threshold=0.596 - loss=6.646
/scratch/e0538389/DivClust/engine/trainer.py:41: FutureWarning: `torch.cuda.amp.autocast(args...)` is deprecated. Please use `torch.amp.autocast('cuda', args...)` instead.
  with autocast(self.mixed_precision):
[2026-03-30 13:09:55](logger.py 179): id=CC_FMNIST_C10CFG_K20_E100_DT_0_5 | Ep. 88/100 - Step 175/273 (2.34 it/s) |############        | - loss_cc=4.516 - loss_ce=2.115 - loss_ne=0.0151 - loss_div=0.000879 - threshold=0.596 - loss=6.647
/scratch/e0538389/DivClust/engine/trainer.py:41: FutureWarning: `torch.cuda.amp.autocast(args...)` is deprecated. Please use `torch.amp.autocast('cuda', args...)` instead.
  with autocast(self.mixed_precision):
/scratch/e0538389/DivClust/engine/trainer.py:41: FutureWarning: `torch.cuda.amp.autocast(args...)` is deprecated. Please use `torch.amp.autocast('cuda', args...)` instead.
  with autocast(self.mixed_precision):
[2026-03-30 13:10:06](logger.py 179): id=CC_FMNIST_C10CFG_K20_E100_DT_0_5 | Ep. 88/100 - Step 200/273 (2.33 it/s) |##############      | - loss_cc=4.516 - loss_ce=2.115 - loss_ne=0.0151 - loss_div=0.000835 - threshold=0.596 - loss=6.647
/scratch/e0538389/DivClust/engine/trainer.py:41: FutureWarning: `torch.cuda.amp.autocast(args...)` is deprecated. Please use `torch.amp.autocast('cuda', args...)` instead.
  with autocast(self.mixed_precision):
[2026-03-30 13:10:17](logger.py 179): id=CC_FMNIST_C10CFG_K20_E100_DT_0_5 | Ep. 88/100 - Step 225/273 (2.33 it/s) |################    | - loss_cc=4.516 - loss_ce=2.115 - loss_ne=0.0152 - loss_div=0.000777 - threshold=0.597 - loss=6.647
/scratch/e0538389/DivClust/engine/trainer.py:41: FutureWarning: `torch.cuda.amp.autocast(args...)` is deprecated. Please use `torch.amp.autocast('cuda', args...)` instead.
  with autocast(self.mixed_precision):
[2026-03-30 13:10:28](logger.py 179): id=CC_FMNIST_C10CFG_K20_E100_DT_0_5 | Ep. 88/100 - Step 250/273 (2.33 it/s) |##################  | - loss_cc=4.516 - loss_ce=2.115 - loss_ne=0.0151 - loss_div=0.000758 - threshold=0.598 - loss=6.647
/scratch/e0538389/DivClust/engine/trainer.py:41: FutureWarning: `torch.cuda.amp.autocast(args...)` is deprecated. Please use `torch.amp.autocast('cuda', args...)` instead.
  with autocast(self.mixed_precision):
[2026-03-30 13:10:38](logger.py 179): id=CC_FMNIST_C10CFG_K20_E100_DT_0_5 | Ep. 88/100 | Time: 00:01 | loss_cc=4.516 - loss_ce=2.115 - loss_ne=0.0154 - loss_div=0.000754 - threshold=0.598 - loss=6.647
[2026-03-30 13:10:40](logger.py 179): id=CC_FMNIST_C10CFG_K20_E100_DT_0_5 | Ep. 89/100 - Step 0/273 (0.0 it/s) |                    | - loss_cc=4.489 - loss_ce=2.106 - loss_ne=0.0205 - loss_div=0.0 - threshold=0.6 - loss=6.615
/scratch/e0538389/DivClust/engine/trainer.py:41: FutureWarning: `torch.cuda.amp.autocast(args...)` is deprecated. Please use `torch.amp.autocast('cuda', args...)` instead.
  with autocast(self.mixed_precision):
/scratch/e0538389/DivClust/engine/trainer.py:41: FutureWarning: `torch.cuda.amp.autocast(args...)` is deprecated. Please use `torch.amp.autocast('cuda', args...)` instead.
  with autocast(self.mixed_precision):
[2026-03-30 13:10:51](logger.py 179): id=CC_FMNIST_C10CFG_K20_E100_DT_0_5 | Ep. 89/100 - Step 25/273 (2.27 it/s) |#                   | - loss_cc=4.513 - loss_ce=2.113 - loss_ne=0.0149 - loss_div=0.000296 - threshold=0.605 - loss=6.642
/scratch/e0538389/DivClust/engine/trainer.py:41: FutureWarning: `torch.cuda.amp.autocast(args...)` is deprecated. Please use `torch.amp.autocast('cuda', args...)` instead.
  with autocast(self.mixed_precision):
[2026-03-30 13:11:01](logger.py 179): id=CC_FMNIST_C10CFG_K20_E100_DT_0_5 | Ep. 89/100 - Step 50/273 (2.33 it/s) |###                 | - loss_cc=4.513 - loss_ce=2.113 - loss_ne=0.0158 - loss_div=0.000735 - threshold=0.601 - loss=6.643
/scratch/e0538389/DivClust/engine/trainer.py:41: FutureWarning: `torch.cuda.amp.autocast(args...)` is deprecated. Please use `torch.amp.autocast('cuda', args...)` instead.
  with autocast(self.mixed_precision):
[2026-03-30 13:11:12](logger.py 179): id=CC_FMNIST_C10CFG_K20_E100_DT_0_5 | Ep. 89/100 - Step 75/273 (2.35 it/s) |#####               | - loss_cc=4.514 - loss_ce=2.114 - loss_ne=0.0158 - loss_div=0.000839 - threshold=0.6 - loss=6.645
/scratch/e0538389/DivClust/engine/trainer.py:41: FutureWarning: `torch.cuda.amp.autocast(args...)` is deprecated. Please use `torch.amp.autocast('cuda', args...)` instead.
  with autocast(self.mixed_precision):
[2026-03-30 13:11:22](logger.py 179): id=CC_FMNIST_C10CFG_K20_E100_DT_0_5 | Ep. 89/100 - Step 100/273 (2.36 it/s) |#######             | - loss_cc=4.514 - loss_ce=2.114 - loss_ne=0.0157 - loss_div=0.000687 - threshold=0.601 - loss=6.644
/scratch/e0538389/DivClust/engine/trainer.py:41: FutureWarning: `torch.cuda.amp.autocast(args...)` is deprecated. Please use `torch.amp.autocast('cuda', args...)` instead.
  with autocast(self.mixed_precision):
/scratch/e0538389/DivClust/engine/trainer.py:41: FutureWarning: `torch.cuda.amp.autocast(args...)` is deprecated. Please use `torch.amp.autocast('cuda', args...)` instead.
  with autocast(self.mixed_precision):
[2026-03-30 13:11:33](logger.py 179): id=CC_FMNIST_C10CFG_K20_E100_DT_0_5 | Ep. 89/100 - Step 125/273 (2.34 it/s) |#########           | - loss_cc=4.516 - loss_ce=2.115 - loss_ne=0.0154 - loss_div=0.000717 - threshold=0.601 - loss=6.646
/scratch/e0538389/DivClust/engine/trainer.py:41: FutureWarning: `torch.cuda.amp.autocast(args...)` is deprecated. Please use `torch.amp.autocast('cuda', args...)` instead.
  with autocast(self.mixed_precision):
[2026-03-30 13:11:44](logger.py 179): id=CC_FMNIST_C10CFG_K20_E100_DT_0_5 | Ep. 89/100 - Step 150/273 (2.34 it/s) |##########          | - loss_cc=4.516 - loss_ce=2.115 - loss_ne=0.0155 - loss_div=0.000798 - threshold=0.6 - loss=6.647
/scratch/e0538389/DivClust/engine/trainer.py:41: FutureWarning: `torch.cuda.amp.autocast(args...)` is deprecated. Please use `torch.amp.autocast('cuda', args...)` instead.
  with autocast(self.mixed_precision):
[2026-03-30 13:11:55](logger.py 179): id=CC_FMNIST_C10CFG_K20_E100_DT_0_5 | Ep. 89/100 - Step 175/273 (2.33 it/s) |############        | - loss_cc=4.516 - loss_ce=2.115 - loss_ne=0.0154 - loss_div=0.000826 - threshold=0.6 - loss=6.647
/scratch/e0538389/DivClust/engine/trainer.py:41: FutureWarning: `torch.cuda.amp.autocast(args...)` is deprecated. Please use `torch.amp.autocast('cuda', args...)` instead.
  with autocast(self.mixed_precision):
[2026-03-30 13:12:06](logger.py 179): id=CC_FMNIST_C10CFG_K20_E100_DT_0_5 | Ep. 89/100 - Step 200/273 (2.33 it/s) |##############      | - loss_cc=4.516 - loss_ce=2.114 - loss_ne=0.0152 - loss_div=0.00075 - threshold=0.599 - loss=6.646
/scratch/e0538389/DivClust/engine/trainer.py:41: FutureWarning: `torch.cuda.amp.autocast(args...)` is deprecated. Please use `torch.amp.autocast('cuda', args...)` instead.
  with autocast(self.mixed_precision):
/scratch/e0538389/DivClust/engine/trainer.py:41: FutureWarning: `torch.cuda.amp.autocast(args...)` is deprecated. Please use `torch.amp.autocast('cuda', args...)` instead.
  with autocast(self.mixed_precision):
[2026-03-30 13:12:17](logger.py 179): id=CC_FMNIST_C10CFG_K20_E100_DT_0_5 | Ep. 89/100 - Step 225/273 (2.32 it/s) |################    | - loss_cc=4.516 - loss_ce=2.115 - loss_ne=0.0152 - loss_div=0.000847 - threshold=0.599 - loss=6.647
/scratch/e0538389/DivClust/engine/trainer.py:41: FutureWarning: `torch.cuda.amp.autocast(args...)` is deprecated. Please use `torch.amp.autocast('cuda', args...)` instead.
  with autocast(self.mixed_precision):
[2026-03-30 13:12:28](logger.py 179): id=CC_FMNIST_C10CFG_K20_E100_DT_0_5 | Ep. 89/100 - Step 250/273 (2.32 it/s) |##################  | - loss_cc=4.516 - loss_ce=2.115 - loss_ne=0.0153 - loss_div=0.000935 - threshold=0.598 - loss=6.647
/scratch/e0538389/DivClust/engine/trainer.py:41: FutureWarning: `torch.cuda.amp.autocast(args...)` is deprecated. Please use `torch.amp.autocast('cuda', args...)` instead.
  with autocast(self.mixed_precision):
[2026-03-30 13:12:37](logger.py 179): id=CC_FMNIST_C10CFG_K20_E100_DT_0_5 | Ep. 89/100 | Time: 00:01 | loss_cc=4.516 - loss_ce=2.114 - loss_ne=0.0153 - loss_div=0.000923 - threshold=0.598 - loss=6.647
[2026-03-30 13:12:40](logger.py 179): id=CC_FMNIST_C10CFG_K20_E100_DT_0_5 | Ep. 90/100 - Step 0/273 (0.0 it/s) |                    | - loss_cc=4.488 - loss_ce=2.099 - loss_ne=0.0216 - loss_div=0.0 - threshold=0.6 - loss=6.608
/scratch/e0538389/DivClust/engine/trainer.py:41: FutureWarning: `torch.cuda.amp.autocast(args...)` is deprecated. Please use `torch.amp.autocast('cuda', args...)` instead.
  with autocast(self.mixed_precision):
[2026-03-30 13:12:50](logger.py 179): id=CC_FMNIST_C10CFG_K20_E100_DT_0_5 | Ep. 90/100 - Step 25/273 (2.39 it/s) |#                   | - loss_cc=4.514 - loss_ce=2.113 - loss_ne=0.0168 - loss_div=0.000585 - threshold=0.596 - loss=6.644
/scratch/e0538389/DivClust/engine/trainer.py:41: FutureWarning: `torch.cuda.amp.autocast(args...)` is deprecated. Please use `torch.amp.autocast('cuda', args...)` instead.
  with autocast(self.mixed_precision):
[2026-03-30 13:13:01](logger.py 179): id=CC_FMNIST_C10CFG_K20_E100_DT_0_5 | Ep. 90/100 - Step 50/273 (2.35 it/s) |###                 | - loss_cc=4.515 - loss_ce=2.114 - loss_ne=0.016 - loss_div=0.000929 - threshold=0.593 - loss=6.646
/scratch/e0538389/DivClust/engine/trainer.py:41: FutureWarning: `torch.cuda.amp.autocast(args...)` is deprecated. Please use `torch.amp.autocast('cuda', args...)` instead.
  with autocast(self.mixed_precision):
/scratch/e0538389/DivClust/engine/trainer.py:41: FutureWarning: `torch.cuda.amp.autocast(args...)` is deprecated. Please use `torch.amp.autocast('cuda', args...)` instead.
  with autocast(self.mixed_precision):
[2026-03-30 13:13:11](logger.py 179): id=CC_FMNIST_C10CFG_K20_E100_DT_0_5 | Ep. 90/100 - Step 75/273 (2.36 it/s) |#####               | - loss_cc=4.516 - loss_ce=2.114 - loss_ne=0.016 - loss_div=0.00082 - threshold=0.593 - loss=6.647
/scratch/e0538389/DivClust/engine/trainer.py:41: FutureWarning: `torch.cuda.amp.autocast(args...)` is deprecated. Please use `torch.amp.autocast('cuda', args...)` instead.
  with autocast(self.mixed_precision):
[2026-03-30 13:13:22](logger.py 179): id=CC_FMNIST_C10CFG_K20_E100_DT_0_5 | Ep. 90/100 - Step 100/273 (2.37 it/s) |#######             | - loss_cc=4.517 - loss_ce=2.114 - loss_ne=0.0161 - loss_div=0.000697 - threshold=0.596 - loss=6.648
/scratch/e0538389/DivClust/engine/trainer.py:41: FutureWarning: `torch.cuda.amp.autocast(args...)` is deprecated. Please use `torch.amp.autocast('cuda', args...)` instead.
  with autocast(self.mixed_precision):
[2026-03-30 13:13:32](logger.py 179): id=CC_FMNIST_C10CFG_K20_E100_DT_0_5 | Ep. 90/100 - Step 125/273 (2.37 it/s) |#########           | - loss_cc=4.516 - loss_ce=2.114 - loss_ne=0.0157 - loss_div=0.000664 - threshold=0.597 - loss=6.647
/scratch/e0538389/DivClust/engine/trainer.py:41: FutureWarning: `torch.cuda.amp.autocast(args...)` is deprecated. Please use `torch.amp.autocast('cuda', args...)` instead.
  with autocast(self.mixed_precision):
[2026-03-30 13:13:43](logger.py 179): id=CC_FMNIST_C10CFG_K20_E100_DT_0_5 | Ep. 90/100 - Step 150/273 (2.36 it/s) |##########          | - loss_cc=4.516 - loss_ce=2.114 - loss_ne=0.0156 - loss_div=0.000767 - threshold=0.596 - loss=6.647
/scratch/e0538389/DivClust/engine/trainer.py:41: FutureWarning: `torch.cuda.amp.autocast(args...)` is deprecated. Please use `torch.amp.autocast('cuda', args...)` instead.
  with autocast(self.mixed_precision):
/scratch/e0538389/DivClust/engine/trainer.py:41: FutureWarning: `torch.cuda.amp.autocast(args...)` is deprecated. Please use `torch.amp.autocast('cuda', args...)` instead.
  with autocast(self.mixed_precision):
[2026-03-30 13:13:54](logger.py 179): id=CC_FMNIST_C10CFG_K20_E100_DT_0_5 | Ep. 90/100 - Step 175/273 (2.37 it/s) |############        | - loss_cc=4.516 - loss_ce=2.114 - loss_ne=0.0157 - loss_div=0.00106 - threshold=0.595 - loss=6.647
/scratch/e0538389/DivClust/engine/trainer.py:41: FutureWarning: `torch.cuda.amp.autocast(args...)` is deprecated. Please use `torch.amp.autocast('cuda', args...)` instead.
  with autocast(self.mixed_precision):
[2026-03-30 13:14:04](logger.py 179): id=CC_FMNIST_C10CFG_K20_E100_DT_0_5 | Ep. 90/100 - Step 200/273 (2.36 it/s) |##############      | - loss_cc=4.516 - loss_ce=2.114 - loss_ne=0.0155 - loss_div=0.00097 - threshold=0.595 - loss=6.646
/scratch/e0538389/DivClust/engine/trainer.py:41: FutureWarning: `torch.cuda.amp.autocast(args...)` is deprecated. Please use `torch.amp.autocast('cuda', args...)` instead.
  with autocast(self.mixed_precision):
[2026-03-30 13:14:15](logger.py 179): id=CC_FMNIST_C10CFG_K20_E100_DT_0_5 | Ep. 90/100 - Step 225/273 (2.36 it/s) |################    | - loss_cc=4.515 - loss_ce=2.114 - loss_ne=0.0155 - loss_div=0.000901 - threshold=0.596 - loss=6.646
/scratch/e0538389/DivClust/engine/trainer.py:41: FutureWarning: `torch.cuda.amp.autocast(args...)` is deprecated. Please use `torch.amp.autocast('cuda', args...)` instead.
  with autocast(self.mixed_precision):
[2026-03-30 13:14:26](logger.py 179): id=CC_FMNIST_C10CFG_K20_E100_DT_0_5 | Ep. 90/100 - Step 250/273 (2.35 it/s) |##################  | - loss_cc=4.515 - loss_ce=2.114 - loss_ne=0.0155 - loss_div=0.000818 - threshold=0.598 - loss=6.645
/scratch/e0538389/DivClust/engine/trainer.py:41: FutureWarning: `torch.cuda.amp.autocast(args...)` is deprecated. Please use `torch.amp.autocast('cuda', args...)` instead.
  with autocast(self.mixed_precision):
/scratch/e0538389/DivClust/engine/trainer.py:41: FutureWarning: `torch.cuda.amp.autocast(args...)` is deprecated. Please use `torch.amp.autocast('cuda', args...)` instead.
  with autocast(self.mixed_precision):
[2026-03-30 13:14:35](logger.py 179): Evaluating
[2026-03-30 13:14:36](logger.py 179): Eval. step 0 of 274
[2026-03-30 13:14:38](logger.py 179): Eval. step 25 of 274
[2026-03-30 13:14:41](logger.py 179): Eval. step 50 of 274
[2026-03-30 13:14:43](logger.py 179): Eval. step 75 of 274
[2026-03-30 13:14:45](logger.py 179): Eval. step 100 of 274
[2026-03-30 13:14:48](logger.py 179): Eval. step 125 of 274
[2026-03-30 13:14:50](logger.py 179): Eval. step 150 of 274
[2026-03-30 13:14:52](logger.py 179): Eval. step 175 of 274
[2026-03-30 13:14:55](logger.py 179): Eval. step 200 of 274
[2026-03-30 13:14:57](logger.py 179): Eval. step 225 of 274
[2026-03-30 13:14:59](logger.py 179): Eval. step 250 of 274
[2026-03-30 13:15:03](logger.py 179): id=CC_FMNIST_C10CFG_K20_E100_DT_0_5 | Ep. 90/100 | Time: 00:02 | loss_cc=4.515 - loss_ce=2.114 - loss_ne=0.0154 - loss_div=0.000779 - threshold=0.598 - loss=6.645 - eval_confidence=0.904 - cluster_acc_0_eval=44.74 - cluster_nmi_0_eval=0.463 - cluster_ari_0_eval=0.308 - cluster_acc_1_eval=40.01 - cluster_nmi_1_eval=0.444 - cluster_ari_1_eval=0.263 - cluster_acc_2_eval=45.68 - cluster_nmi_2_eval=0.454 - cluster_ari_2_eval=0.309 - cluster_acc_3_eval=45.53 - cluster_nmi_3_eval=0.472 - cluster_ari_3_eval=0.299 - cluster_acc_4_eval=45.59 - cluster_nmi_4_eval=0.471 - cluster_ari_4_eval=0.295 - cluster_acc_5_eval=58.68 - cluster_nmi_5_eval=0.558 - cluster_ari_5_eval=0.45 - cluster_acc_6_eval=44.3 - cluster_nmi_6_eval=0.491 - cluster_ari_6_eval=0.325 - cluster_acc_7_eval=41.73 - cluster_nmi_7_eval=0.455 - cluster_ari_7_eval=0.277 - cluster_acc_8_eval=52.45 - cluster_nmi_8_eval=0.529 - cluster_ari_8_eval=0.385 - cluster_acc_9_eval=56.55 - cluster_nmi_9_eval=0.544 - cluster_ari_9_eval=0.427 - cluster_acc_10_eval=53.14 - cluster_nmi_10_eval=0.541 - cluster_ari_10_eval=0.377 - cluster_acc_11_eval=43.44 - cluster_nmi_11_eval=0.488 - cluster_ari_11_eval=0.316 - cluster_acc_12_eval=45.98 - cluster_nmi_12_eval=0.455 - cluster_ari_12_eval=0.295 - cluster_acc_13_eval=43.1 - cluster_nmi_13_eval=0.455 - cluster_ari_13_eval=0.295 - cluster_acc_14_eval=47.71 - cluster_nmi_14_eval=0.499 - cluster_ari_14_eval=0.33 - cluster_acc_15_eval=45.39 - cluster_nmi_15_eval=0.492 - cluster_ari_15_eval=0.319 - cluster_acc_16_eval=46.81 - cluster_nmi_16_eval=0.452 - cluster_ari_16_eval=0.294 - cluster_acc_17_eval=45.11 - cluster_nmi_17_eval=0.466 - cluster_ari_17_eval=0.312 - cluster_acc_18_eval=42.62 - cluster_nmi_18_eval=0.442 - cluster_ari_18_eval=0.283 - cluster_acc_19_eval=40.23 - cluster_nmi_19_eval=0.446 - cluster_ari_19_eval=0.27 - max_cluster_acc_eval=58.68 - mean_cluster_acc_eval=46.44 - min_cluster_acc_eval=40.01 - max_cluster_nmi_eval=0.558 - mean_cluster_nmi_eval=0.481 - min_cluster_nmi_eval=0.442 - max_cluster_ari_eval=0.45 - mean_cluster_ari_eval=0.322 - min_cluster_ari_eval=0.263 - interclustering_nmi_eval=0.504
/scratch/e0538389/DivClust/engine/trainer.py:41: FutureWarning: `torch.cuda.amp.autocast(args...)` is deprecated. Please use `torch.amp.autocast('cuda', args...)` instead.
  with autocast(self.mixed_precision):
[2026-03-30 13:15:05](logger.py 179): id=CC_FMNIST_C10CFG_K20_E100_DT_0_5 | Ep. 91/100 - Step 0/273 (0.0 it/s) |                    | - loss_cc=4.511 - loss_ce=2.115 - loss_ne=0.0136 - loss_div=0.000426 - threshold=0.599 - loss=6.64
/scratch/e0538389/DivClust/engine/trainer.py:41: FutureWarning: `torch.cuda.amp.autocast(args...)` is deprecated. Please use `torch.amp.autocast('cuda', args...)` instead.
  with autocast(self.mixed_precision):
[2026-03-30 13:15:16](logger.py 179): id=CC_FMNIST_C10CFG_K20_E100_DT_0_5 | Ep. 91/100 - Step 25/273 (2.32 it/s) |#                   | - loss_cc=4.514 - loss_ce=2.114 - loss_ne=0.0151 - loss_div=0.00112 - threshold=0.597 - loss=6.644
/scratch/e0538389/DivClust/engine/trainer.py:41: FutureWarning: `torch.cuda.amp.autocast(args...)` is deprecated. Please use `torch.amp.autocast('cuda', args...)` instead.
  with autocast(self.mixed_precision):
[2026-03-30 13:15:27](logger.py 179): id=CC_FMNIST_C10CFG_K20_E100_DT_0_5 | Ep. 91/100 - Step 50/273 (2.32 it/s) |###                 | - loss_cc=4.516 - loss_ce=2.114 - loss_ne=0.0149 - loss_div=0.00111 - threshold=0.597 - loss=6.647
/scratch/e0538389/DivClust/engine/trainer.py:41: FutureWarning: `torch.cuda.amp.autocast(args...)` is deprecated. Please use `torch.amp.autocast('cuda', args...)` instead.
  with autocast(self.mixed_precision):
[2026-03-30 13:15:38](logger.py 179): id=CC_FMNIST_C10CFG_K20_E100_DT_0_5 | Ep. 91/100 - Step 75/273 (2.32 it/s) |#####               | - loss_cc=4.518 - loss_ce=2.115 - loss_ne=0.015 - loss_div=0.000805 - threshold=0.599 - loss=6.649
/scratch/e0538389/DivClust/engine/trainer.py:41: FutureWarning: `torch.cuda.amp.autocast(args...)` is deprecated. Please use `torch.amp.autocast('cuda', args...)` instead.
  with autocast(self.mixed_precision):
/scratch/e0538389/DivClust/engine/trainer.py:41: FutureWarning: `torch.cuda.amp.autocast(args...)` is deprecated. Please use `torch.amp.autocast('cuda', args...)` instead.
  with autocast(self.mixed_precision):
[2026-03-30 13:15:49](logger.py 179): id=CC_FMNIST_C10CFG_K20_E100_DT_0_5 | Ep. 91/100 - Step 100/273 (2.29 it/s) |#######             | - loss_cc=4.516 - loss_ce=2.114 - loss_ne=0.0151 - loss_div=0.000943 - threshold=0.599 - loss=6.646
/scratch/e0538389/DivClust/engine/trainer.py:41: FutureWarning: `torch.cuda.amp.autocast(args...)` is deprecated. Please use `torch.amp.autocast('cuda', args...)` instead.
  with autocast(self.mixed_precision):
[2026-03-30 13:15:59](logger.py 179): id=CC_FMNIST_C10CFG_K20_E100_DT_0_5 | Ep. 91/100 - Step 125/273 (2.31 it/s) |#########           | - loss_cc=4.517 - loss_ce=2.114 - loss_ne=0.015 - loss_div=0.00124 - threshold=0.597 - loss=6.647
/scratch/e0538389/DivClust/engine/trainer.py:41: FutureWarning: `torch.cuda.amp.autocast(args...)` is deprecated. Please use `torch.amp.autocast('cuda', args...)` instead.
  with autocast(self.mixed_precision):
[2026-03-30 13:16:10](logger.py 179): id=CC_FMNIST_C10CFG_K20_E100_DT_0_5 | Ep. 91/100 - Step 150/273 (2.31 it/s) |##########          | - loss_cc=4.517 - loss_ce=2.115 - loss_ne=0.0151 - loss_div=0.00115 - threshold=0.596 - loss=6.648
/scratch/e0538389/DivClust/engine/trainer.py:41: FutureWarning: `torch.cuda.amp.autocast(args...)` is deprecated. Please use `torch.amp.autocast('cuda', args...)` instead.
  with autocast(self.mixed_precision):
[2026-03-30 13:16:21](logger.py 179): id=CC_FMNIST_C10CFG_K20_E100_DT_0_5 | Ep. 91/100 - Step 175/273 (2.31 it/s) |############        | - loss_cc=4.515 - loss_ce=2.114 - loss_ne=0.0152 - loss_div=0.00105 - threshold=0.596 - loss=6.646
/scratch/e0538389/DivClust/engine/trainer.py:41: FutureWarning: `torch.cuda.amp.autocast(args...)` is deprecated. Please use `torch.amp.autocast('cuda', args...)` instead.
  with autocast(self.mixed_precision):
/scratch/e0538389/DivClust/engine/trainer.py:41: FutureWarning: `torch.cuda.amp.autocast(args...)` is deprecated. Please use `torch.amp.autocast('cuda', args...)` instead.
  with autocast(self.mixed_precision):
[2026-03-30 13:16:32](logger.py 179): id=CC_FMNIST_C10CFG_K20_E100_DT_0_5 | Ep. 91/100 - Step 200/273 (2.3 it/s) |##############      | - loss_cc=4.515 - loss_ce=2.114 - loss_ne=0.0149 - loss_div=0.000942 - threshold=0.597 - loss=6.645
/scratch/e0538389/DivClust/engine/trainer.py:41: FutureWarning: `torch.cuda.amp.autocast(args...)` is deprecated. Please use `torch.amp.autocast('cuda', args...)` instead.
  with autocast(self.mixed_precision):
[2026-03-30 13:16:43](logger.py 179): id=CC_FMNIST_C10CFG_K20_E100_DT_0_5 | Ep. 91/100 - Step 225/273 (2.31 it/s) |################    | - loss_cc=4.515 - loss_ce=2.114 - loss_ne=0.0151 - loss_div=0.00091 - threshold=0.597 - loss=6.645
/scratch/e0538389/DivClust/engine/trainer.py:41: FutureWarning: `torch.cuda.amp.autocast(args...)` is deprecated. Please use `torch.amp.autocast('cuda', args...)` instead.
  with autocast(self.mixed_precision):
[2026-03-30 13:16:54](logger.py 179): id=CC_FMNIST_C10CFG_K20_E100_DT_0_5 | Ep. 91/100 - Step 250/273 (2.31 it/s) |##################  | - loss_cc=4.515 - loss_ce=2.114 - loss_ne=0.0152 - loss_div=0.000914 - threshold=0.597 - loss=6.646
/scratch/e0538389/DivClust/engine/trainer.py:41: FutureWarning: `torch.cuda.amp.autocast(args...)` is deprecated. Please use `torch.amp.autocast('cuda', args...)` instead.
  with autocast(self.mixed_precision):
[2026-03-30 13:17:03](logger.py 179): id=CC_FMNIST_C10CFG_K20_E100_DT_0_5 | Ep. 91/100 | Time: 00:01 | loss_cc=4.515 - loss_ce=2.115 - loss_ne=0.0152 - loss_div=0.00092 - threshold=0.596 - loss=6.646
[2026-03-30 13:17:06](logger.py 179): id=CC_FMNIST_C10CFG_K20_E100_DT_0_5 | Ep. 92/100 - Step 0/273 (0.0 it/s) |                    | - loss_cc=4.512 - loss_ce=2.113 - loss_ne=0.00939 - loss_div=0.0 - threshold=0.593 - loss=6.634
/scratch/e0538389/DivClust/engine/trainer.py:41: FutureWarning: `torch.cuda.amp.autocast(args...)` is deprecated. Please use `torch.amp.autocast('cuda', args...)` instead.
  with autocast(self.mixed_precision):
/scratch/e0538389/DivClust/engine/trainer.py:41: FutureWarning: `torch.cuda.amp.autocast(args...)` is deprecated. Please use `torch.amp.autocast('cuda', args...)` instead.
  with autocast(self.mixed_precision):
[2026-03-30 13:17:17](logger.py 179): id=CC_FMNIST_C10CFG_K20_E100_DT_0_5 | Ep. 92/100 - Step 25/273 (2.21 it/s) |#                   | - loss_cc=4.511 - loss_ce=2.113 - loss_ne=0.0163 - loss_div=0.000467 - threshold=0.598 - loss=6.641
/scratch/e0538389/DivClust/engine/trainer.py:41: FutureWarning: `torch.cuda.amp.autocast(args...)` is deprecated. Please use `torch.amp.autocast('cuda', args...)` instead.
  with autocast(self.mixed_precision):
[2026-03-30 13:17:28](logger.py 179): id=CC_FMNIST_C10CFG_K20_E100_DT_0_5 | Ep. 92/100 - Step 50/273 (2.26 it/s) |###                 | - loss_cc=4.517 - loss_ce=2.115 - loss_ne=0.0153 - loss_div=0.000319 - threshold=0.602 - loss=6.648
/scratch/e0538389/DivClust/engine/trainer.py:41: FutureWarning: `torch.cuda.amp.autocast(args...)` is deprecated. Please use `torch.amp.autocast('cuda', args...)` instead.
  with autocast(self.mixed_precision):
[2026-03-30 13:17:39](logger.py 179): id=CC_FMNIST_C10CFG_K20_E100_DT_0_5 | Ep. 92/100 - Step 75/273 (2.28 it/s) |#####               | - loss_cc=4.515 - loss_ce=2.114 - loss_ne=0.0147 - loss_div=0.000282 - threshold=0.604 - loss=6.644
/scratch/e0538389/DivClust/engine/trainer.py:41: FutureWarning: `torch.cuda.amp.autocast(args...)` is deprecated. Please use `torch.amp.autocast('cuda', args...)` instead.
  with autocast(self.mixed_precision):
[2026-03-30 13:17:50](logger.py 179): id=CC_FMNIST_C10CFG_K20_E100_DT_0_5 | Ep. 92/100 - Step 100/273 (2.29 it/s) |#######             | - loss_cc=4.516 - loss_ce=2.114 - loss_ne=0.0147 - loss_div=0.000404 - threshold=0.603 - loss=6.645
/scratch/e0538389/DivClust/engine/trainer.py:41: FutureWarning: `torch.cuda.amp.autocast(args...)` is deprecated. Please use `torch.amp.autocast('cuda', args...)` instead.
  with autocast(self.mixed_precision):
/scratch/e0538389/DivClust/engine/trainer.py:41: FutureWarning: `torch.cuda.amp.autocast(args...)` is deprecated. Please use `torch.amp.autocast('cuda', args...)` instead.
  with autocast(self.mixed_precision):
[2026-03-30 13:18:01](logger.py 179): id=CC_FMNIST_C10CFG_K20_E100_DT_0_5 | Ep. 92/100 - Step 125/273 (2.27 it/s) |#########           | - loss_cc=4.514 - loss_ce=2.114 - loss_ne=0.0148 - loss_div=0.00065 - threshold=0.601 - loss=6.643
/scratch/e0538389/DivClust/engine/trainer.py:41: FutureWarning: `torch.cuda.amp.autocast(args...)` is deprecated. Please use `torch.amp.autocast('cuda', args...)` instead.
  with autocast(self.mixed_precision):
[2026-03-30 13:18:12](logger.py 179): id=CC_FMNIST_C10CFG_K20_E100_DT_0_5 | Ep. 92/100 - Step 150/273 (2.28 it/s) |##########          | - loss_cc=4.515 - loss_ce=2.114 - loss_ne=0.015 - loss_div=0.000924 - threshold=0.599 - loss=6.645
/scratch/e0538389/DivClust/engine/trainer.py:41: FutureWarning: `torch.cuda.amp.autocast(args...)` is deprecated. Please use `torch.amp.autocast('cuda', args...)` instead.
  with autocast(self.mixed_precision):
[2026-03-30 13:18:23](logger.py 179): id=CC_FMNIST_C10CFG_K20_E100_DT_0_5 | Ep. 92/100 - Step 175/273 (2.28 it/s) |############        | - loss_cc=4.514 - loss_ce=2.114 - loss_ne=0.015 - loss_div=0.000868 - threshold=0.599 - loss=6.644
/scratch/e0538389/DivClust/engine/trainer.py:41: FutureWarning: `torch.cuda.amp.autocast(args...)` is deprecated. Please use `torch.amp.autocast('cuda', args...)` instead.
  with autocast(self.mixed_precision):
[2026-03-30 13:18:33](logger.py 179): id=CC_FMNIST_C10CFG_K20_E100_DT_0_5 | Ep. 92/100 - Step 200/273 (2.28 it/s) |##############      | - loss_cc=4.513 - loss_ce=2.114 - loss_ne=0.015 - loss_div=0.000779 - threshold=0.599 - loss=6.643
/scratch/e0538389/DivClust/engine/trainer.py:41: FutureWarning: `torch.cuda.amp.autocast(args...)` is deprecated. Please use `torch.amp.autocast('cuda', args...)` instead.
  with autocast(self.mixed_precision):
/scratch/e0538389/DivClust/engine/trainer.py:41: FutureWarning: `torch.cuda.amp.autocast(args...)` is deprecated. Please use `torch.amp.autocast('cuda', args...)` instead.
  with autocast(self.mixed_precision):
[2026-03-30 13:18:45](logger.py 179): id=CC_FMNIST_C10CFG_K20_E100_DT_0_5 | Ep. 92/100 - Step 225/273 (2.28 it/s) |################    | - loss_cc=4.514 - loss_ce=2.114 - loss_ne=0.0151 - loss_div=0.000702 - threshold=0.6 - loss=6.644
/scratch/e0538389/DivClust/engine/trainer.py:41: FutureWarning: `torch.cuda.amp.autocast(args...)` is deprecated. Please use `torch.amp.autocast('cuda', args...)` instead.
  with autocast(self.mixed_precision):
[2026-03-30 13:18:55](logger.py 179): id=CC_FMNIST_C10CFG_K20_E100_DT_0_5 | Ep. 92/100 - Step 250/273 (2.28 it/s) |##################  | - loss_cc=4.514 - loss_ce=2.114 - loss_ne=0.015 - loss_div=0.000652 - threshold=0.602 - loss=6.643
/scratch/e0538389/DivClust/engine/trainer.py:41: FutureWarning: `torch.cuda.amp.autocast(args...)` is deprecated. Please use `torch.amp.autocast('cuda', args...)` instead.
  with autocast(self.mixed_precision):
[2026-03-30 13:19:05](logger.py 179): id=CC_FMNIST_C10CFG_K20_E100_DT_0_5 | Ep. 92/100 | Time: 00:01 | loss_cc=4.514 - loss_ce=2.114 - loss_ne=0.0151 - loss_div=0.000617 - threshold=0.602 - loss=6.643
[2026-03-30 13:19:07](logger.py 179): id=CC_FMNIST_C10CFG_K20_E100_DT_0_5 | Ep. 93/100 - Step 0/273 (0.0 it/s) |                    | - loss_cc=4.521 - loss_ce=2.116 - loss_ne=0.0172 - loss_div=3.1e-06 - threshold=0.604 - loss=6.654
/scratch/e0538389/DivClust/engine/trainer.py:41: FutureWarning: `torch.cuda.amp.autocast(args...)` is deprecated. Please use `torch.amp.autocast('cuda', args...)` instead.
  with autocast(self.mixed_precision):
[2026-03-30 13:19:18](logger.py 179): id=CC_FMNIST_C10CFG_K20_E100_DT_0_5 | Ep. 93/100 - Step 25/273 (2.33 it/s) |#                   | - loss_cc=4.517 - loss_ce=2.115 - loss_ne=0.0142 - loss_div=0.000978 - threshold=0.601 - loss=6.647
/scratch/e0538389/DivClust/engine/trainer.py:41: FutureWarning: `torch.cuda.amp.autocast(args...)` is deprecated. Please use `torch.amp.autocast('cuda', args...)` instead.
  with autocast(self.mixed_precision):
[2026-03-30 13:19:28](logger.py 179): id=CC_FMNIST_C10CFG_K20_E100_DT_0_5 | Ep. 93/100 - Step 50/273 (2.33 it/s) |###                 | - loss_cc=4.519 - loss_ce=2.116 - loss_ne=0.015 - loss_div=0.00133 - threshold=0.597 - loss=6.651
/scratch/e0538389/DivClust/engine/trainer.py:41: FutureWarning: `torch.cuda.amp.autocast(args...)` is deprecated. Please use `torch.amp.autocast('cuda', args...)` instead.
  with autocast(self.mixed_precision):
/scratch/e0538389/DivClust/engine/trainer.py:41: FutureWarning: `torch.cuda.amp.autocast(args...)` is deprecated. Please use `torch.amp.autocast('cuda', args...)` instead.
  with autocast(self.mixed_precision):
[2026-03-30 13:19:40](logger.py 179): id=CC_FMNIST_C10CFG_K20_E100_DT_0_5 | Ep. 93/100 - Step 75/273 (2.29 it/s) |#####               | - loss_cc=4.517 - loss_ce=2.115 - loss_ne=0.0161 - loss_div=0.0011 - threshold=0.598 - loss=6.649
/scratch/e0538389/DivClust/engine/trainer.py:41: FutureWarning: `torch.cuda.amp.autocast(args...)` is deprecated. Please use `torch.amp.autocast('cuda', args...)` instead.
  with autocast(self.mixed_precision):
[2026-03-30 13:19:50](logger.py 179): id=CC_FMNIST_C10CFG_K20_E100_DT_0_5 | Ep. 93/100 - Step 100/273 (2.3 it/s) |#######             | - loss_cc=4.517 - loss_ce=2.115 - loss_ne=0.0159 - loss_div=0.000831 - threshold=0.6 - loss=6.649
/scratch/e0538389/DivClust/engine/trainer.py:41: FutureWarning: `torch.cuda.amp.autocast(args...)` is deprecated. Please use `torch.amp.autocast('cuda', args...)` instead.
  with autocast(self.mixed_precision):
[2026-03-30 13:20:01](logger.py 179): id=CC_FMNIST_C10CFG_K20_E100_DT_0_5 | Ep. 93/100 - Step 125/273 (2.31 it/s) |#########           | - loss_cc=4.518 - loss_ce=2.115 - loss_ne=0.0157 - loss_div=0.000741 - threshold=0.602 - loss=6.65
/scratch/e0538389/DivClust/engine/trainer.py:41: FutureWarning: `torch.cuda.amp.autocast(args...)` is deprecated. Please use `torch.amp.autocast('cuda', args...)` instead.
  with autocast(self.mixed_precision):
[2026-03-30 13:20:12](logger.py 179): id=CC_FMNIST_C10CFG_K20_E100_DT_0_5 | Ep. 93/100 - Step 150/273 (2.31 it/s) |##########          | - loss_cc=4.518 - loss_ce=2.115 - loss_ne=0.0155 - loss_div=0.000757 - threshold=0.601 - loss=6.65
/scratch/e0538389/DivClust/engine/trainer.py:41: FutureWarning: `torch.cuda.amp.autocast(args...)` is deprecated. Please use `torch.amp.autocast('cuda', args...)` instead.
  with autocast(self.mixed_precision):
/scratch/e0538389/DivClust/engine/trainer.py:41: FutureWarning: `torch.cuda.amp.autocast(args...)` is deprecated. Please use `torch.amp.autocast('cuda', args...)` instead.
  with autocast(self.mixed_precision):
[2026-03-30 13:20:23](logger.py 179): id=CC_FMNIST_C10CFG_K20_E100_DT_0_5 | Ep. 93/100 - Step 175/273 (2.3 it/s) |############        | - loss_cc=4.518 - loss_ce=2.115 - loss_ne=0.0154 - loss_div=0.000901 - threshold=0.6 - loss=6.65
/scratch/e0538389/DivClust/engine/trainer.py:41: FutureWarning: `torch.cuda.amp.autocast(args...)` is deprecated. Please use `torch.amp.autocast('cuda', args...)` instead.
  with autocast(self.mixed_precision):
[2026-03-30 13:20:34](logger.py 179): id=CC_FMNIST_C10CFG_K20_E100_DT_0_5 | Ep. 93/100 - Step 200/273 (2.3 it/s) |##############      | - loss_cc=4.518 - loss_ce=2.115 - loss_ne=0.0154 - loss_div=0.00125 - threshold=0.598 - loss=6.65
/scratch/e0538389/DivClust/engine/trainer.py:41: FutureWarning: `torch.cuda.amp.autocast(args...)` is deprecated. Please use `torch.amp.autocast('cuda', args...)` instead.
  with autocast(self.mixed_precision):
[2026-03-30 13:20:45](logger.py 179): id=CC_FMNIST_C10CFG_K20_E100_DT_0_5 | Ep. 93/100 - Step 225/273 (2.3 it/s) |################    | - loss_cc=4.517 - loss_ce=2.115 - loss_ne=0.0155 - loss_div=0.00127 - threshold=0.596 - loss=6.649
/scratch/e0538389/DivClust/engine/trainer.py:41: FutureWarning: `torch.cuda.amp.autocast(args...)` is deprecated. Please use `torch.amp.autocast('cuda', args...)` instead.
  with autocast(self.mixed_precision):
[2026-03-30 13:20:55](logger.py 179): id=CC_FMNIST_C10CFG_K20_E100_DT_0_5 | Ep. 93/100 - Step 250/273 (2.3 it/s) |##################  | - loss_cc=4.517 - loss_ce=2.116 - loss_ne=0.0154 - loss_div=0.00117 - threshold=0.596 - loss=6.649
/scratch/e0538389/DivClust/engine/trainer.py:41: FutureWarning: `torch.cuda.amp.autocast(args...)` is deprecated. Please use `torch.amp.autocast('cuda', args...)` instead.
  with autocast(self.mixed_precision):
/scratch/e0538389/DivClust/engine/trainer.py:41: FutureWarning: `torch.cuda.amp.autocast(args...)` is deprecated. Please use `torch.amp.autocast('cuda', args...)` instead.
  with autocast(self.mixed_precision):
[2026-03-30 13:21:05](logger.py 179): id=CC_FMNIST_C10CFG_K20_E100_DT_0_5 | Ep. 93/100 | Time: 00:01 | loss_cc=4.517 - loss_ce=2.116 - loss_ne=0.0155 - loss_div=0.00109 - threshold=0.596 - loss=6.65
[2026-03-30 13:21:07](logger.py 179): id=CC_FMNIST_C10CFG_K20_E100_DT_0_5 | Ep. 94/100 - Step 0/273 (0.0 it/s) |                    | - loss_cc=4.519 - loss_ce=2.112 - loss_ne=0.0135 - loss_div=2.27e-05 - threshold=0.604 - loss=6.645
/scratch/e0538389/DivClust/engine/trainer.py:41: FutureWarning: `torch.cuda.amp.autocast(args...)` is deprecated. Please use `torch.amp.autocast('cuda', args...)` instead.
  with autocast(self.mixed_precision):
[2026-03-30 13:21:18](logger.py 179): id=CC_FMNIST_C10CFG_K20_E100_DT_0_5 | Ep. 94/100 - Step 25/273 (2.31 it/s) |#                   | - loss_cc=4.512 - loss_ce=2.113 - loss_ne=0.0165 - loss_div=0.000176 - threshold=0.606 - loss=6.642
/scratch/e0538389/DivClust/engine/trainer.py:41: FutureWarning: `torch.cuda.amp.autocast(args...)` is deprecated. Please use `torch.amp.autocast('cuda', args...)` instead.
  with autocast(self.mixed_precision):
[2026-03-30 13:21:29](logger.py 179): id=CC_FMNIST_C10CFG_K20_E100_DT_0_5 | Ep. 94/100 - Step 50/273 (2.31 it/s) |###                 | - loss_cc=4.514 - loss_ce=2.114 - loss_ne=0.0161 - loss_div=0.000156 - threshold=0.606 - loss=6.645
/scratch/e0538389/DivClust/engine/trainer.py:41: FutureWarning: `torch.cuda.amp.autocast(args...)` is deprecated. Please use `torch.amp.autocast('cuda', args...)` instead.
  with autocast(self.mixed_precision):
[2026-03-30 13:21:40](logger.py 179): id=CC_FMNIST_C10CFG_K20_E100_DT_0_5 | Ep. 94/100 - Step 75/273 (2.32 it/s) |#####               | - loss_cc=4.514 - loss_ce=2.114 - loss_ne=0.0159 - loss_div=0.000323 - threshold=0.604 - loss=6.645
/scratch/e0538389/DivClust/engine/trainer.py:41: FutureWarning: `torch.cuda.amp.autocast(args...)` is deprecated. Please use `torch.amp.autocast('cuda', args...)` instead.
  with autocast(self.mixed_precision):
/scratch/e0538389/DivClust/engine/trainer.py:41: FutureWarning: `torch.cuda.amp.autocast(args...)` is deprecated. Please use `torch.amp.autocast('cuda', args...)` instead.
  with autocast(self.mixed_precision):
[2026-03-30 13:21:51](logger.py 179): id=CC_FMNIST_C10CFG_K20_E100_DT_0_5 | Ep. 94/100 - Step 100/273 (2.3 it/s) |#######             | - loss_cc=4.514 - loss_ce=2.114 - loss_ne=0.016 - loss_div=0.000648 - threshold=0.601 - loss=6.644
/scratch/e0538389/DivClust/engine/trainer.py:41: FutureWarning: `torch.cuda.amp.autocast(args...)` is deprecated. Please use `torch.amp.autocast('cuda', args...)` instead.
  with autocast(self.mixed_precision):
[2026-03-30 13:22:02](logger.py 179): id=CC_FMNIST_C10CFG_K20_E100_DT_0_5 | Ep. 94/100 - Step 125/273 (2.3 it/s) |#########           | - loss_cc=4.513 - loss_ce=2.113 - loss_ne=0.0155 - loss_div=0.000545 - threshold=0.601 - loss=6.642
/scratch/e0538389/DivClust/engine/trainer.py:41: FutureWarning: `torch.cuda.amp.autocast(args...)` is deprecated. Please use `torch.amp.autocast('cuda', args...)` instead.
  with autocast(self.mixed_precision):
[2026-03-30 13:22:12](logger.py 179): id=CC_FMNIST_C10CFG_K20_E100_DT_0_5 | Ep. 94/100 - Step 150/273 (2.3 it/s) |##########          | - loss_cc=4.514 - loss_ce=2.114 - loss_ne=0.0152 - loss_div=0.000476 - threshold=0.602 - loss=6.644
/scratch/e0538389/DivClust/engine/trainer.py:41: FutureWarning: `torch.cuda.amp.autocast(args...)` is deprecated. Please use `torch.amp.autocast('cuda', args...)` instead.
  with autocast(self.mixed_precision):
[2026-03-30 13:22:23](logger.py 179): id=CC_FMNIST_C10CFG_K20_E100_DT_0_5 | Ep. 94/100 - Step 175/273 (2.31 it/s) |############        | - loss_cc=4.515 - loss_ce=2.114 - loss_ne=0.0151 - loss_div=0.000433 - threshold=0.603 - loss=6.645
/scratch/e0538389/DivClust/engine/trainer.py:41: FutureWarning: `torch.cuda.amp.autocast(args...)` is deprecated. Please use `torch.amp.autocast('cuda', args...)` instead.
  with autocast(self.mixed_precision):
/scratch/e0538389/DivClust/engine/trainer.py:41: FutureWarning: `torch.cuda.amp.autocast(args...)` is deprecated. Please use `torch.amp.autocast('cuda', args...)` instead.
  with autocast(self.mixed_precision):
[2026-03-30 13:22:34](logger.py 179): id=CC_FMNIST_C10CFG_K20_E100_DT_0_5 | Ep. 94/100 - Step 200/273 (2.3 it/s) |##############      | - loss_cc=4.514 - loss_ce=2.114 - loss_ne=0.0152 - loss_div=0.000542 - threshold=0.602 - loss=6.644
/scratch/e0538389/DivClust/engine/trainer.py:41: FutureWarning: `torch.cuda.amp.autocast(args...)` is deprecated. Please use `torch.amp.autocast('cuda', args...)` instead.
  with autocast(self.mixed_precision):
[2026-03-30 13:22:45](logger.py 179): id=CC_FMNIST_C10CFG_K20_E100_DT_0_5 | Ep. 94/100 - Step 225/273 (2.3 it/s) |################    | - loss_cc=4.514 - loss_ce=2.114 - loss_ne=0.0153 - loss_div=0.000711 - threshold=0.601 - loss=6.645
/scratch/e0538389/DivClust/engine/trainer.py:41: FutureWarning: `torch.cuda.amp.autocast(args...)` is deprecated. Please use `torch.amp.autocast('cuda', args...)` instead.
  with autocast(self.mixed_precision):
[2026-03-30 13:22:56](logger.py 179): id=CC_FMNIST_C10CFG_K20_E100_DT_0_5 | Ep. 94/100 - Step 250/273 (2.3 it/s) |##################  | - loss_cc=4.515 - loss_ce=2.114 - loss_ne=0.0153 - loss_div=0.000665 - threshold=0.601 - loss=6.645
/scratch/e0538389/DivClust/engine/trainer.py:41: FutureWarning: `torch.cuda.amp.autocast(args...)` is deprecated. Please use `torch.amp.autocast('cuda', args...)` instead.
  with autocast(self.mixed_precision):
[2026-03-30 13:23:05](logger.py 179): id=CC_FMNIST_C10CFG_K20_E100_DT_0_5 | Ep. 94/100 | Time: 00:01 | loss_cc=4.515 - loss_ce=2.114 - loss_ne=0.0152 - loss_div=0.000646 - threshold=0.601 - loss=6.645
[2026-03-30 13:23:08](logger.py 179): id=CC_FMNIST_C10CFG_K20_E100_DT_0_5 | Ep. 95/100 - Step 0/273 (0.0 it/s) |                    | - loss_cc=4.497 - loss_ce=2.106 - loss_ne=0.011 - loss_div=0.000783 - threshold=0.598 - loss=6.615
/scratch/e0538389/DivClust/engine/trainer.py:41: FutureWarning: `torch.cuda.amp.autocast(args...)` is deprecated. Please use `torch.amp.autocast('cuda', args...)` instead.
  with autocast(self.mixed_precision):
[2026-03-30 13:23:19](logger.py 179): id=CC_FMNIST_C10CFG_K20_E100_DT_0_5 | Ep. 95/100 - Step 25/273 (2.26 it/s) |#                   | - loss_cc=4.52 - loss_ce=2.116 - loss_ne=0.0147 - loss_div=0.00135 - threshold=0.593 - loss=6.652
/scratch/e0538389/DivClust/engine/trainer.py:41: FutureWarning: `torch.cuda.amp.autocast(args...)` is deprecated. Please use `torch.amp.autocast('cuda', args...)` instead.
  with autocast(self.mixed_precision):
/scratch/e0538389/DivClust/engine/trainer.py:41: FutureWarning: `torch.cuda.amp.autocast(args...)` is deprecated. Please use `torch.amp.autocast('cuda', args...)` instead.
  with autocast(self.mixed_precision):
[2026-03-30 13:23:29](logger.py 179): id=CC_FMNIST_C10CFG_K20_E100_DT_0_5 | Ep. 95/100 - Step 50/273 (2.32 it/s) |###                 | - loss_cc=4.517 - loss_ce=2.115 - loss_ne=0.0154 - loss_div=0.00146 - threshold=0.59 - loss=6.649
/scratch/e0538389/DivClust/engine/trainer.py:41: FutureWarning: `torch.cuda.amp.autocast(args...)` is deprecated. Please use `torch.amp.autocast('cuda', args...)` instead.
  with autocast(self.mixed_precision):
[2026-03-30 13:23:40](logger.py 179): id=CC_FMNIST_C10CFG_K20_E100_DT_0_5 | Ep. 95/100 - Step 75/273 (2.34 it/s) |#####               | - loss_cc=4.517 - loss_ce=2.115 - loss_ne=0.0154 - loss_div=0.0011 - threshold=0.591 - loss=6.649
/scratch/e0538389/DivClust/engine/trainer.py:41: FutureWarning: `torch.cuda.amp.autocast(args...)` is deprecated. Please use `torch.amp.autocast('cuda', args...)` instead.
  with autocast(self.mixed_precision):
[2026-03-30 13:23:50](logger.py 179): id=CC_FMNIST_C10CFG_K20_E100_DT_0_5 | Ep. 95/100 - Step 100/273 (2.35 it/s) |#######             | - loss_cc=4.516 - loss_ce=2.115 - loss_ne=0.0155 - loss_div=0.000868 - threshold=0.594 - loss=6.648
/scratch/e0538389/DivClust/engine/trainer.py:41: FutureWarning: `torch.cuda.amp.autocast(args...)` is deprecated. Please use `torch.amp.autocast('cuda', args...)` instead.
  with autocast(self.mixed_precision):
[2026-03-30 13:24:01](logger.py 179): id=CC_FMNIST_C10CFG_K20_E100_DT_0_5 | Ep. 95/100 - Step 125/273 (2.34 it/s) |#########           | - loss_cc=4.515 - loss_ce=2.115 - loss_ne=0.0151 - loss_div=0.000794 - threshold=0.595 - loss=6.646
/scratch/e0538389/DivClust/engine/trainer.py:41: FutureWarning: `torch.cuda.amp.autocast(args...)` is deprecated. Please use `torch.amp.autocast('cuda', args...)` instead.
  with autocast(self.mixed_precision):
/scratch/e0538389/DivClust/engine/trainer.py:41: FutureWarning: `torch.cuda.amp.autocast(args...)` is deprecated. Please use `torch.amp.autocast('cuda', args...)` instead.
  with autocast(self.mixed_precision):
[2026-03-30 13:24:12](logger.py 179): id=CC_FMNIST_C10CFG_K20_E100_DT_0_5 | Ep. 95/100 - Step 150/273 (2.33 it/s) |##########          | - loss_cc=4.515 - loss_ce=2.114 - loss_ne=0.015 - loss_div=0.000974 - threshold=0.594 - loss=6.645
/scratch/e0538389/DivClust/engine/trainer.py:41: FutureWarning: `torch.cuda.amp.autocast(args...)` is deprecated. Please use `torch.amp.autocast('cuda', args...)` instead.
  with autocast(self.mixed_precision):
[2026-03-30 13:24:23](logger.py 179): id=CC_FMNIST_C10CFG_K20_E100_DT_0_5 | Ep. 95/100 - Step 175/273 (2.33 it/s) |############        | - loss_cc=4.515 - loss_ce=2.114 - loss_ne=0.0151 - loss_div=0.00116 - threshold=0.593 - loss=6.646
/scratch/e0538389/DivClust/engine/trainer.py:41: FutureWarning: `torch.cuda.amp.autocast(args...)` is deprecated. Please use `torch.amp.autocast('cuda', args...)` instead.
  with autocast(self.mixed_precision):
[2026-03-30 13:24:34](logger.py 179): id=CC_FMNIST_C10CFG_K20_E100_DT_0_5 | Ep. 95/100 - Step 200/273 (2.33 it/s) |##############      | - loss_cc=4.514 - loss_ce=2.114 - loss_ne=0.0149 - loss_div=0.00104 - threshold=0.593 - loss=6.645
/scratch/e0538389/DivClust/engine/trainer.py:41: FutureWarning: `torch.cuda.amp.autocast(args...)` is deprecated. Please use `torch.amp.autocast('cuda', args...)` instead.
  with autocast(self.mixed_precision):
[2026-03-30 13:24:45](logger.py 179): id=CC_FMNIST_C10CFG_K20_E100_DT_0_5 | Ep. 95/100 - Step 225/273 (2.32 it/s) |################    | - loss_cc=4.514 - loss_ce=2.114 - loss_ne=0.015 - loss_div=0.000948 - threshold=0.594 - loss=6.644
/scratch/e0538389/DivClust/engine/trainer.py:41: FutureWarning: `torch.cuda.amp.autocast(args...)` is deprecated. Please use `torch.amp.autocast('cuda', args...)` instead.
  with autocast(self.mixed_precision):
/scratch/e0538389/DivClust/engine/trainer.py:41: FutureWarning: `torch.cuda.amp.autocast(args...)` is deprecated. Please use `torch.amp.autocast('cuda', args...)` instead.
  with autocast(self.mixed_precision):
[2026-03-30 13:24:56](logger.py 179): id=CC_FMNIST_C10CFG_K20_E100_DT_0_5 | Ep. 95/100 - Step 250/273 (2.32 it/s) |##################  | - loss_cc=4.514 - loss_ce=2.114 - loss_ne=0.015 - loss_div=0.000865 - threshold=0.596 - loss=6.644
/scratch/e0538389/DivClust/engine/trainer.py:41: FutureWarning: `torch.cuda.amp.autocast(args...)` is deprecated. Please use `torch.amp.autocast('cuda', args...)` instead.
  with autocast(self.mixed_precision):
[2026-03-30 13:25:05](logger.py 179): id=CC_FMNIST_C10CFG_K20_E100_DT_0_5 | Ep. 95/100 | Time: 00:01 | loss_cc=4.514 - loss_ce=2.114 - loss_ne=0.015 - loss_div=0.000842 - threshold=0.596 - loss=6.644
[2026-03-30 13:25:08](logger.py 179): id=CC_FMNIST_C10CFG_K20_E100_DT_0_5 | Ep. 96/100 - Step 0/273 (0.0 it/s) |                    | - loss_cc=4.518 - loss_ce=2.11 - loss_ne=0.014 - loss_div=0.000532 - threshold=0.597 - loss=6.643
/scratch/e0538389/DivClust/engine/trainer.py:41: FutureWarning: `torch.cuda.amp.autocast(args...)` is deprecated. Please use `torch.amp.autocast('cuda', args...)` instead.
  with autocast(self.mixed_precision):
[2026-03-30 13:25:18](logger.py 179): id=CC_FMNIST_C10CFG_K20_E100_DT_0_5 | Ep. 96/100 - Step 25/273 (2.39 it/s) |#                   | - loss_cc=4.519 - loss_ce=2.116 - loss_ne=0.0173 - loss_div=0.00186 - threshold=0.594 - loss=6.654
/scratch/e0538389/DivClust/engine/trainer.py:41: FutureWarning: `torch.cuda.amp.autocast(args...)` is deprecated. Please use `torch.amp.autocast('cuda', args...)` instead.
  with autocast(self.mixed_precision):
[2026-03-30 13:25:29](logger.py 179): id=CC_FMNIST_C10CFG_K20_E100_DT_0_5 | Ep. 96/100 - Step 50/273 (2.38 it/s) |###                 | - loss_cc=4.516 - loss_ce=2.115 - loss_ne=0.0158 - loss_div=0.00118 - threshold=0.595 - loss=6.648
/scratch/e0538389/DivClust/engine/trainer.py:41: FutureWarning: `torch.cuda.amp.autocast(args...)` is deprecated. Please use `torch.amp.autocast('cuda', args...)` instead.
  with autocast(self.mixed_precision):
/scratch/e0538389/DivClust/engine/trainer.py:41: FutureWarning: `torch.cuda.amp.autocast(args...)` is deprecated. Please use `torch.amp.autocast('cuda', args...)` instead.
  with autocast(self.mixed_precision):
[2026-03-30 13:25:40](logger.py 179): id=CC_FMNIST_C10CFG_K20_E100_DT_0_5 | Ep. 96/100 - Step 75/273 (2.33 it/s) |#####               | - loss_cc=4.515 - loss_ce=2.115 - loss_ne=0.0158 - loss_div=0.000928 - threshold=0.597 - loss=6.647
/scratch/e0538389/DivClust/engine/trainer.py:41: FutureWarning: `torch.cuda.amp.autocast(args...)` is deprecated. Please use `torch.amp.autocast('cuda', args...)` instead.
  with autocast(self.mixed_precision):
[2026-03-30 13:25:51](logger.py 179): id=CC_FMNIST_C10CFG_K20_E100_DT_0_5 | Ep. 96/100 - Step 100/273 (2.33 it/s) |#######             | - loss_cc=4.516 - loss_ce=2.115 - loss_ne=0.0154 - loss_div=0.000932 - threshold=0.597 - loss=6.647
/scratch/e0538389/DivClust/engine/trainer.py:41: FutureWarning: `torch.cuda.amp.autocast(args...)` is deprecated. Please use `torch.amp.autocast('cuda', args...)` instead.
  with autocast(self.mixed_precision):
[2026-03-30 13:26:02](logger.py 179): id=CC_FMNIST_C10CFG_K20_E100_DT_0_5 | Ep. 96/100 - Step 125/273 (2.33 it/s) |#########           | - loss_cc=4.516 - loss_ce=2.115 - loss_ne=0.0152 - loss_div=0.00105 - threshold=0.595 - loss=6.647
/scratch/e0538389/DivClust/engine/trainer.py:41: FutureWarning: `torch.cuda.amp.autocast(args...)` is deprecated. Please use `torch.amp.autocast('cuda', args...)` instead.
  with autocast(self.mixed_precision):
[2026-03-30 13:26:12](logger.py 179): id=CC_FMNIST_C10CFG_K20_E100_DT_0_5 | Ep. 96/100 - Step 150/273 (2.34 it/s) |##########          | - loss_cc=4.515 - loss_ce=2.114 - loss_ne=0.0152 - loss_div=0.00109 - threshold=0.594 - loss=6.646
/scratch/e0538389/DivClust/engine/trainer.py:41: FutureWarning: `torch.cuda.amp.autocast(args...)` is deprecated. Please use `torch.amp.autocast('cuda', args...)` instead.
  with autocast(self.mixed_precision):
/scratch/e0538389/DivClust/engine/trainer.py:41: FutureWarning: `torch.cuda.amp.autocast(args...)` is deprecated. Please use `torch.amp.autocast('cuda', args...)` instead.
  with autocast(self.mixed_precision):
[2026-03-30 13:26:23](logger.py 179): id=CC_FMNIST_C10CFG_K20_E100_DT_0_5 | Ep. 96/100 - Step 175/273 (2.33 it/s) |############        | - loss_cc=4.514 - loss_ce=2.114 - loss_ne=0.0151 - loss_div=0.000965 - threshold=0.595 - loss=6.644
/scratch/e0538389/DivClust/engine/trainer.py:41: FutureWarning: `torch.cuda.amp.autocast(args...)` is deprecated. Please use `torch.amp.autocast('cuda', args...)` instead.
  with autocast(self.mixed_precision):
[2026-03-30 13:26:34](logger.py 179): id=CC_FMNIST_C10CFG_K20_E100_DT_0_5 | Ep. 96/100 - Step 200/273 (2.33 it/s) |##############      | - loss_cc=4.514 - loss_ce=2.114 - loss_ne=0.015 - loss_div=0.000864 - threshold=0.596 - loss=6.643
/scratch/e0538389/DivClust/engine/trainer.py:41: FutureWarning: `torch.cuda.amp.autocast(args...)` is deprecated. Please use `torch.amp.autocast('cuda', args...)` instead.
  with autocast(self.mixed_precision):
[2026-03-30 13:26:44](logger.py 179): id=CC_FMNIST_C10CFG_K20_E100_DT_0_5 | Ep. 96/100 - Step 225/273 (2.34 it/s) |################    | - loss_cc=4.513 - loss_ce=2.113 - loss_ne=0.015 - loss_div=0.000791 - threshold=0.597 - loss=6.642
/scratch/e0538389/DivClust/engine/trainer.py:41: FutureWarning: `torch.cuda.amp.autocast(args...)` is deprecated. Please use `torch.amp.autocast('cuda', args...)` instead.
  with autocast(self.mixed_precision):
[2026-03-30 13:26:55](logger.py 179): id=CC_FMNIST_C10CFG_K20_E100_DT_0_5 | Ep. 96/100 - Step 250/273 (2.34 it/s) |##################  | - loss_cc=4.513 - loss_ce=2.113 - loss_ne=0.0151 - loss_div=0.0008 - threshold=0.597 - loss=6.642
/scratch/e0538389/DivClust/engine/trainer.py:41: FutureWarning: `torch.cuda.amp.autocast(args...)` is deprecated. Please use `torch.amp.autocast('cuda', args...)` instead.
  with autocast(self.mixed_precision):
[2026-03-30 13:27:04](logger.py 179): id=CC_FMNIST_C10CFG_K20_E100_DT_0_5 | Ep. 96/100 | Time: 00:01 | loss_cc=4.512 - loss_ce=2.113 - loss_ne=0.0151 - loss_div=0.000861 - threshold=0.597 - loss=6.642
/scratch/e0538389/DivClust/engine/trainer.py:41: FutureWarning: `torch.cuda.amp.autocast(args...)` is deprecated. Please use `torch.amp.autocast('cuda', args...)` instead.
  with autocast(self.mixed_precision):
[2026-03-30 13:27:06](logger.py 179): id=CC_FMNIST_C10CFG_K20_E100_DT_0_5 | Ep. 97/100 - Step 0/273 (0.0 it/s) |                    | - loss_cc=4.511 - loss_ce=2.11 - loss_ne=0.0124 - loss_div=0.0 - threshold=0.585 - loss=6.634
/scratch/e0538389/DivClust/engine/trainer.py:41: FutureWarning: `torch.cuda.amp.autocast(args...)` is deprecated. Please use `torch.amp.autocast('cuda', args...)` instead.
  with autocast(self.mixed_precision):
[2026-03-30 13:27:17](logger.py 179): id=CC_FMNIST_C10CFG_K20_E100_DT_0_5 | Ep. 97/100 - Step 25/273 (2.38 it/s) |#                   | - loss_cc=4.51 - loss_ce=2.113 - loss_ne=0.0157 - loss_div=0.0019 - threshold=0.587 - loss=6.64
/scratch/e0538389/DivClust/engine/trainer.py:41: FutureWarning: `torch.cuda.amp.autocast(args...)` is deprecated. Please use `torch.amp.autocast('cuda', args...)` instead.
  with autocast(self.mixed_precision):
[2026-03-30 13:27:27](logger.py 179): id=CC_FMNIST_C10CFG_K20_E100_DT_0_5 | Ep. 97/100 - Step 50/273 (2.38 it/s) |###                 | - loss_cc=4.508 - loss_ce=2.113 - loss_ne=0.0154 - loss_div=0.0012 - threshold=0.59 - loss=6.637
/scratch/e0538389/DivClust/engine/trainer.py:41: FutureWarning: `torch.cuda.amp.autocast(args...)` is deprecated. Please use `torch.amp.autocast('cuda', args...)` instead.
  with autocast(self.mixed_precision):
[2026-03-30 13:27:38](logger.py 179): id=CC_FMNIST_C10CFG_K20_E100_DT_0_5 | Ep. 97/100 - Step 75/273 (2.38 it/s) |#####               | - loss_cc=4.51 - loss_ce=2.113 - loss_ne=0.0149 - loss_div=0.000915 - threshold=0.594 - loss=6.639
/scratch/e0538389/DivClust/engine/trainer.py:41: FutureWarning: `torch.cuda.amp.autocast(args...)` is deprecated. Please use `torch.amp.autocast('cuda', args...)` instead.
  with autocast(self.mixed_precision):
/scratch/e0538389/DivClust/engine/trainer.py:41: FutureWarning: `torch.cuda.amp.autocast(args...)` is deprecated. Please use `torch.amp.autocast('cuda', args...)` instead.
  with autocast(self.mixed_precision):
[2026-03-30 13:27:48](logger.py 179): id=CC_FMNIST_C10CFG_K20_E100_DT_0_5 | Ep. 97/100 - Step 100/273 (2.37 it/s) |#######             | - loss_cc=4.51 - loss_ce=2.113 - loss_ne=0.0152 - loss_div=0.000711 - threshold=0.597 - loss=6.638
/scratch/e0538389/DivClust/engine/trainer.py:41: FutureWarning: `torch.cuda.amp.autocast(args...)` is deprecated. Please use `torch.amp.autocast('cuda', args...)` instead.
  with autocast(self.mixed_precision):
[2026-03-30 13:27:59](logger.py 179): id=CC_FMNIST_C10CFG_K20_E100_DT_0_5 | Ep. 97/100 - Step 125/273 (2.36 it/s) |#########           | - loss_cc=4.511 - loss_ce=2.113 - loss_ne=0.0151 - loss_div=0.000693 - threshold=0.598 - loss=6.64
/scratch/e0538389/DivClust/engine/trainer.py:41: FutureWarning: `torch.cuda.amp.autocast(args...)` is deprecated. Please use `torch.amp.autocast('cuda', args...)` instead.
  with autocast(self.mixed_precision):
[2026-03-30 13:28:10](logger.py 179): id=CC_FMNIST_C10CFG_K20_E100_DT_0_5 | Ep. 97/100 - Step 150/273 (2.35 it/s) |##########          | - loss_cc=4.511 - loss_ce=2.113 - loss_ne=0.0151 - loss_div=0.000862 - threshold=0.597 - loss=6.64
/scratch/e0538389/DivClust/engine/trainer.py:41: FutureWarning: `torch.cuda.amp.autocast(args...)` is deprecated. Please use `torch.amp.autocast('cuda', args...)` instead.
  with autocast(self.mixed_precision):
[2026-03-30 13:28:21](logger.py 179): id=CC_FMNIST_C10CFG_K20_E100_DT_0_5 | Ep. 97/100 - Step 175/273 (2.35 it/s) |############        | - loss_cc=4.511 - loss_ce=2.113 - loss_ne=0.0151 - loss_div=0.00101 - threshold=0.596 - loss=6.641
/scratch/e0538389/DivClust/engine/trainer.py:41: FutureWarning: `torch.cuda.amp.autocast(args...)` is deprecated. Please use `torch.amp.autocast('cuda', args...)` instead.
  with autocast(self.mixed_precision):
/scratch/e0538389/DivClust/engine/trainer.py:41: FutureWarning: `torch.cuda.amp.autocast(args...)` is deprecated. Please use `torch.amp.autocast('cuda', args...)` instead.
  with autocast(self.mixed_precision):
[2026-03-30 13:28:32](logger.py 179): id=CC_FMNIST_C10CFG_K20_E100_DT_0_5 | Ep. 97/100 - Step 200/273 (2.33 it/s) |##############      | - loss_cc=4.511 - loss_ce=2.113 - loss_ne=0.0151 - loss_div=0.000986 - threshold=0.595 - loss=6.64
/scratch/e0538389/DivClust/engine/trainer.py:41: FutureWarning: `torch.cuda.amp.autocast(args...)` is deprecated. Please use `torch.amp.autocast('cuda', args...)` instead.
  with autocast(self.mixed_precision):
[2026-03-30 13:28:43](logger.py 179): id=CC_FMNIST_C10CFG_K20_E100_DT_0_5 | Ep. 97/100 - Step 225/273 (2.33 it/s) |################    | - loss_cc=4.511 - loss_ce=2.113 - loss_ne=0.0151 - loss_div=0.000919 - threshold=0.595 - loss=6.64
/scratch/e0538389/DivClust/engine/trainer.py:41: FutureWarning: `torch.cuda.amp.autocast(args...)` is deprecated. Please use `torch.amp.autocast('cuda', args...)` instead.
  with autocast(self.mixed_precision):
[2026-03-30 13:28:53](logger.py 179): id=CC_FMNIST_C10CFG_K20_E100_DT_0_5 | Ep. 97/100 - Step 250/273 (2.33 it/s) |##################  | - loss_cc=4.51 - loss_ce=2.113 - loss_ne=0.015 - loss_div=0.000908 - threshold=0.596 - loss=6.639
/scratch/e0538389/DivClust/engine/trainer.py:41: FutureWarning: `torch.cuda.amp.autocast(args...)` is deprecated. Please use `torch.amp.autocast('cuda', args...)` instead.
  with autocast(self.mixed_precision):
[2026-03-30 13:29:03](logger.py 179): id=CC_FMNIST_C10CFG_K20_E100_DT_0_5 | Ep. 97/100 | Time: 00:01 | loss_cc=4.511 - loss_ce=2.113 - loss_ne=0.015 - loss_div=0.000856 - threshold=0.596 - loss=6.64
[2026-03-30 13:29:06](logger.py 179): id=CC_FMNIST_C10CFG_K20_E100_DT_0_5 | Ep. 98/100 - Step 0/273 (0.0 it/s) |                    | - loss_cc=4.513 - loss_ce=2.106 - loss_ne=0.0133 - loss_div=0.0 - threshold=0.602 - loss=6.632
/scratch/e0538389/DivClust/engine/trainer.py:41: FutureWarning: `torch.cuda.amp.autocast(args...)` is deprecated. Please use `torch.amp.autocast('cuda', args...)` instead.
  with autocast(self.mixed_precision):
[2026-03-30 13:29:16](logger.py 179): id=CC_FMNIST_C10CFG_K20_E100_DT_0_5 | Ep. 98/100 - Step 25/273 (2.37 it/s) |#                   | - loss_cc=4.512 - loss_ce=2.112 - loss_ne=0.0147 - loss_div=9.76e-05 - threshold=0.607 - loss=6.638
/scratch/e0538389/DivClust/engine/trainer.py:41: FutureWarning: `torch.cuda.amp.autocast(args...)` is deprecated. Please use `torch.amp.autocast('cuda', args...)` instead.
  with autocast(self.mixed_precision):
/scratch/e0538389/DivClust/engine/trainer.py:41: FutureWarning: `torch.cuda.amp.autocast(args...)` is deprecated. Please use `torch.amp.autocast('cuda', args...)` instead.
  with autocast(self.mixed_precision):
[2026-03-30 13:29:28](logger.py 179): id=CC_FMNIST_C10CFG_K20_E100_DT_0_5 | Ep. 98/100 - Step 50/273 (2.29 it/s) |###                 | - loss_cc=4.509 - loss_ce=2.111 - loss_ne=0.0157 - loss_div=0.000616 - threshold=0.604 - loss=6.637
/scratch/e0538389/DivClust/engine/trainer.py:41: FutureWarning: `torch.cuda.amp.autocast(args...)` is deprecated. Please use `torch.amp.autocast('cuda', args...)` instead.
  with autocast(self.mixed_precision):
[2026-03-30 13:29:38](logger.py 179): id=CC_FMNIST_C10CFG_K20_E100_DT_0_5 | Ep. 98/100 - Step 75/273 (2.3 it/s) |#####               | - loss_cc=4.508 - loss_ce=2.111 - loss_ne=0.0155 - loss_div=0.000913 - threshold=0.601 - loss=6.636
/scratch/e0538389/DivClust/engine/trainer.py:41: FutureWarning: `torch.cuda.amp.autocast(args...)` is deprecated. Please use `torch.amp.autocast('cuda', args...)` instead.
  with autocast(self.mixed_precision):
[2026-03-30 13:29:49](logger.py 179): id=CC_FMNIST_C10CFG_K20_E100_DT_0_5 | Ep. 98/100 - Step 100/273 (2.32 it/s) |#######             | - loss_cc=4.508 - loss_ce=2.112 - loss_ne=0.0152 - loss_div=0.000809 - threshold=0.599 - loss=6.636
/scratch/e0538389/DivClust/engine/trainer.py:41: FutureWarning: `torch.cuda.amp.autocast(args...)` is deprecated. Please use `torch.amp.autocast('cuda', args...)` instead.
  with autocast(self.mixed_precision):
[2026-03-30 13:29:59](logger.py 179): id=CC_FMNIST_C10CFG_K20_E100_DT_0_5 | Ep. 98/100 - Step 125/273 (2.33 it/s) |#########           | - loss_cc=4.509 - loss_ce=2.112 - loss_ne=0.0151 - loss_div=0.000685 - threshold=0.599 - loss=6.637
/scratch/e0538389/DivClust/engine/trainer.py:41: FutureWarning: `torch.cuda.amp.autocast(args...)` is deprecated. Please use `torch.amp.autocast('cuda', args...)` instead.
  with autocast(self.mixed_precision):
/scratch/e0538389/DivClust/engine/trainer.py:41: FutureWarning: `torch.cuda.amp.autocast(args...)` is deprecated. Please use `torch.amp.autocast('cuda', args...)` instead.
  with autocast(self.mixed_precision):
[2026-03-30 13:30:10](logger.py 179): id=CC_FMNIST_C10CFG_K20_E100_DT_0_5 | Ep. 98/100 - Step 150/273 (2.31 it/s) |##########          | - loss_cc=4.51 - loss_ce=2.112 - loss_ne=0.0151 - loss_div=0.000756 - threshold=0.599 - loss=6.638
/scratch/e0538389/DivClust/engine/trainer.py:41: FutureWarning: `torch.cuda.amp.autocast(args...)` is deprecated. Please use `torch.amp.autocast('cuda', args...)` instead.
  with autocast(self.mixed_precision):
[2026-03-30 13:30:21](logger.py 179): id=CC_FMNIST_C10CFG_K20_E100_DT_0_5 | Ep. 98/100 - Step 175/273 (2.32 it/s) |############        | - loss_cc=4.509 - loss_ce=2.112 - loss_ne=0.0152 - loss_div=0.000756 - threshold=0.598 - loss=6.636
/scratch/e0538389/DivClust/engine/trainer.py:41: FutureWarning: `torch.cuda.amp.autocast(args...)` is deprecated. Please use `torch.amp.autocast('cuda', args...)` instead.
  with autocast(self.mixed_precision):
[2026-03-30 13:30:32](logger.py 179): id=CC_FMNIST_C10CFG_K20_E100_DT_0_5 | Ep. 98/100 - Step 200/273 (2.32 it/s) |##############      | - loss_cc=4.508 - loss_ce=2.112 - loss_ne=0.0153 - loss_div=0.000786 - threshold=0.597 - loss=6.636
/scratch/e0538389/DivClust/engine/trainer.py:41: FutureWarning: `torch.cuda.amp.autocast(args...)` is deprecated. Please use `torch.amp.autocast('cuda', args...)` instead.
  with autocast(self.mixed_precision):
[2026-03-30 13:30:43](logger.py 179): id=CC_FMNIST_C10CFG_K20_E100_DT_0_5 | Ep. 98/100 - Step 225/273 (2.32 it/s) |################    | - loss_cc=4.508 - loss_ce=2.112 - loss_ne=0.0152 - loss_div=0.000751 - threshold=0.597 - loss=6.636
/scratch/e0538389/DivClust/engine/trainer.py:41: FutureWarning: `torch.cuda.amp.autocast(args...)` is deprecated. Please use `torch.amp.autocast('cuda', args...)` instead.
  with autocast(self.mixed_precision):
/scratch/e0538389/DivClust/engine/trainer.py:41: FutureWarning: `torch.cuda.amp.autocast(args...)` is deprecated. Please use `torch.amp.autocast('cuda', args...)` instead.
  with autocast(self.mixed_precision):
[2026-03-30 13:30:54](logger.py 179): id=CC_FMNIST_C10CFG_K20_E100_DT_0_5 | Ep. 98/100 - Step 250/273 (2.31 it/s) |##################  | - loss_cc=4.508 - loss_ce=2.112 - loss_ne=0.0153 - loss_div=0.00081 - threshold=0.596 - loss=6.636
/scratch/e0538389/DivClust/engine/trainer.py:41: FutureWarning: `torch.cuda.amp.autocast(args...)` is deprecated. Please use `torch.amp.autocast('cuda', args...)` instead.
  with autocast(self.mixed_precision):
[2026-03-30 13:31:03](logger.py 179): id=CC_FMNIST_C10CFG_K20_E100_DT_0_5 | Ep. 98/100 | Time: 00:01 | loss_cc=4.509 - loss_ce=2.112 - loss_ne=0.0154 - loss_div=0.000778 - threshold=0.597 - loss=6.637
[2026-03-30 13:31:06](logger.py 179): id=CC_FMNIST_C10CFG_K20_E100_DT_0_5 | Ep. 99/100 - Step 0/273 (0.0 it/s) |                    | - loss_cc=4.47 - loss_ce=2.099 - loss_ne=0.0224 - loss_div=0.0 - threshold=0.602 - loss=6.591
/scratch/e0538389/DivClust/engine/trainer.py:41: FutureWarning: `torch.cuda.amp.autocast(args...)` is deprecated. Please use `torch.amp.autocast('cuda', args...)` instead.
  with autocast(self.mixed_precision):
[2026-03-30 13:31:17](logger.py 179): id=CC_FMNIST_C10CFG_K20_E100_DT_0_5 | Ep. 99/100 - Step 25/273 (2.33 it/s) |#                   | - loss_cc=4.515 - loss_ce=2.115 - loss_ne=0.0153 - loss_div=0.000186 - threshold=0.605 - loss=6.645
/scratch/e0538389/DivClust/engine/trainer.py:41: FutureWarning: `torch.cuda.amp.autocast(args...)` is deprecated. Please use `torch.amp.autocast('cuda', args...)` instead.
  with autocast(self.mixed_precision):
[2026-03-30 13:31:27](logger.py 179): id=CC_FMNIST_C10CFG_K20_E100_DT_0_5 | Ep. 99/100 - Step 50/273 (2.33 it/s) |###                 | - loss_cc=4.514 - loss_ce=2.114 - loss_ne=0.015 - loss_div=0.000221 - threshold=0.604 - loss=6.643
/scratch/e0538389/DivClust/engine/trainer.py:41: FutureWarning: `torch.cuda.amp.autocast(args...)` is deprecated. Please use `torch.amp.autocast('cuda', args...)` instead.
  with autocast(self.mixed_precision):
/scratch/e0538389/DivClust/engine/trainer.py:41: FutureWarning: `torch.cuda.amp.autocast(args...)` is deprecated. Please use `torch.amp.autocast('cuda', args...)` instead.
  with autocast(self.mixed_precision):
[2026-03-30 13:31:39](logger.py 179): id=CC_FMNIST_C10CFG_K20_E100_DT_0_5 | Ep. 99/100 - Step 75/273 (2.3 it/s) |#####               | - loss_cc=4.512 - loss_ce=2.113 - loss_ne=0.0148 - loss_div=0.00059 - threshold=0.601 - loss=6.641
/scratch/e0538389/DivClust/engine/trainer.py:41: FutureWarning: `torch.cuda.amp.autocast(args...)` is deprecated. Please use `torch.amp.autocast('cuda', args...)` instead.
  with autocast(self.mixed_precision):
[2026-03-30 13:31:49](logger.py 179): id=CC_FMNIST_C10CFG_K20_E100_DT_0_5 | Ep. 99/100 - Step 100/273 (2.3 it/s) |#######             | - loss_cc=4.512 - loss_ce=2.113 - loss_ne=0.0152 - loss_div=0.000941 - threshold=0.598 - loss=6.642
/scratch/e0538389/DivClust/engine/trainer.py:41: FutureWarning: `torch.cuda.amp.autocast(args...)` is deprecated. Please use `torch.amp.autocast('cuda', args...)` instead.
  with autocast(self.mixed_precision):
[2026-03-30 13:32:00](logger.py 179): id=CC_FMNIST_C10CFG_K20_E100_DT_0_5 | Ep. 99/100 - Step 125/273 (2.31 it/s) |#########           | - loss_cc=4.513 - loss_ce=2.114 - loss_ne=0.0152 - loss_div=0.00107 - threshold=0.596 - loss=6.643
/scratch/e0538389/DivClust/engine/trainer.py:41: FutureWarning: `torch.cuda.amp.autocast(args...)` is deprecated. Please use `torch.amp.autocast('cuda', args...)` instead.
  with autocast(self.mixed_precision):
[2026-03-30 13:32:11](logger.py 179): id=CC_FMNIST_C10CFG_K20_E100_DT_0_5 | Ep. 99/100 - Step 150/273 (2.31 it/s) |##########          | - loss_cc=4.513 - loss_ce=2.114 - loss_ne=0.0153 - loss_div=0.000932 - threshold=0.596 - loss=6.643
/scratch/e0538389/DivClust/engine/trainer.py:41: FutureWarning: `torch.cuda.amp.autocast(args...)` is deprecated. Please use `torch.amp.autocast('cuda', args...)` instead.
  with autocast(self.mixed_precision):
/scratch/e0538389/DivClust/engine/trainer.py:41: FutureWarning: `torch.cuda.amp.autocast(args...)` is deprecated. Please use `torch.amp.autocast('cuda', args...)` instead.
  with autocast(self.mixed_precision):
[2026-03-30 13:32:22](logger.py 179): id=CC_FMNIST_C10CFG_K20_E100_DT_0_5 | Ep. 99/100 - Step 175/273 (2.3 it/s) |############        | - loss_cc=4.513 - loss_ce=2.114 - loss_ne=0.0153 - loss_div=0.000865 - threshold=0.596 - loss=6.642
/scratch/e0538389/DivClust/engine/trainer.py:41: FutureWarning: `torch.cuda.amp.autocast(args...)` is deprecated. Please use `torch.amp.autocast('cuda', args...)` instead.
  with autocast(self.mixed_precision):
[2026-03-30 13:32:33](logger.py 179): id=CC_FMNIST_C10CFG_K20_E100_DT_0_5 | Ep. 99/100 - Step 200/273 (2.31 it/s) |##############      | - loss_cc=4.513 - loss_ce=2.114 - loss_ne=0.0153 - loss_div=0.000825 - threshold=0.597 - loss=6.642
/scratch/e0538389/DivClust/engine/trainer.py:41: FutureWarning: `torch.cuda.amp.autocast(args...)` is deprecated. Please use `torch.amp.autocast('cuda', args...)` instead.
  with autocast(self.mixed_precision):
[2026-03-30 13:32:43](logger.py 179): id=CC_FMNIST_C10CFG_K20_E100_DT_0_5 | Ep. 99/100 - Step 225/273 (2.31 it/s) |################    | - loss_cc=4.513 - loss_ce=2.114 - loss_ne=0.0153 - loss_div=0.000758 - threshold=0.597 - loss=6.643
/scratch/e0538389/DivClust/engine/trainer.py:41: FutureWarning: `torch.cuda.amp.autocast(args...)` is deprecated. Please use `torch.amp.autocast('cuda', args...)` instead.
  with autocast(self.mixed_precision):
[2026-03-30 13:32:54](logger.py 179): id=CC_FMNIST_C10CFG_K20_E100_DT_0_5 | Ep. 99/100 - Step 250/273 (2.31 it/s) |##################  | - loss_cc=4.513 - loss_ce=2.114 - loss_ne=0.0151 - loss_div=0.000716 - threshold=0.598 - loss=6.643
/scratch/e0538389/DivClust/engine/trainer.py:41: FutureWarning: `torch.cuda.amp.autocast(args...)` is deprecated. Please use `torch.amp.autocast('cuda', args...)` instead.
  with autocast(self.mixed_precision):
[2026-03-30 13:33:03](logger.py 179): Evaluating
[2026-03-30 13:33:04](logger.py 179): Eval. step 0 of 274
[2026-03-30 13:33:06](logger.py 179): Eval. step 25 of 274
[2026-03-30 13:33:09](logger.py 179): Eval. step 50 of 274
[2026-03-30 13:33:11](logger.py 179): Eval. step 75 of 274
[2026-03-30 13:33:13](logger.py 179): Eval. step 100 of 274
[2026-03-30 13:33:16](logger.py 179): Eval. step 125 of 274
[2026-03-30 13:33:18](logger.py 179): Eval. step 150 of 274
[2026-03-30 13:33:20](logger.py 179): Eval. step 175 of 274
[2026-03-30 13:33:23](logger.py 179): Eval. step 200 of 274
[2026-03-30 13:33:25](logger.py 179): Eval. step 225 of 274
[2026-03-30 13:33:27](logger.py 179): Eval. step 250 of 274
[2026-03-30 13:33:31](logger.py 179): id=CC_FMNIST_C10CFG_K20_E100_DT_0_5 | Ep. 99/100 | Time: 00:02 | loss_cc=4.512 - loss_ce=2.113 - loss_ne=0.015 - loss_div=0.000724 - threshold=0.598 - loss=6.641 - eval_confidence=0.883 - cluster_acc_0_eval=46.48 - cluster_nmi_0_eval=0.464 - cluster_ari_0_eval=0.308 - cluster_acc_1_eval=41.57 - cluster_nmi_1_eval=0.446 - cluster_ari_1_eval=0.274 - cluster_acc_2_eval=46.94 - cluster_nmi_2_eval=0.475 - cluster_ari_2_eval=0.329 - cluster_acc_3_eval=44.19 - cluster_nmi_3_eval=0.463 - cluster_ari_3_eval=0.285 - cluster_acc_4_eval=48.05 - cluster_nmi_4_eval=0.486 - cluster_ari_4_eval=0.317 - cluster_acc_5_eval=60.42 - cluster_nmi_5_eval=0.567 - cluster_ari_5_eval=0.469 - cluster_acc_6_eval=46.13 - cluster_nmi_6_eval=0.505 - cluster_ari_6_eval=0.342 - cluster_acc_7_eval=42.85 - cluster_nmi_7_eval=0.469 - cluster_ari_7_eval=0.291 - cluster_acc_8_eval=53.62 - cluster_nmi_8_eval=0.528 - cluster_ari_8_eval=0.386 - cluster_acc_9_eval=57.88 - cluster_nmi_9_eval=0.544 - cluster_ari_9_eval=0.428 - cluster_acc_10_eval=54.58 - cluster_nmi_10_eval=0.54 - cluster_ari_10_eval=0.382 - cluster_acc_11_eval=44.21 - cluster_nmi_11_eval=0.492 - cluster_ari_11_eval=0.325 - cluster_acc_12_eval=43.51 - cluster_nmi_12_eval=0.452 - cluster_ari_12_eval=0.281 - cluster_acc_13_eval=43.4 - cluster_nmi_13_eval=0.462 - cluster_ari_13_eval=0.304 - cluster_acc_14_eval=46.99 - cluster_nmi_14_eval=0.495 - cluster_ari_14_eval=0.327 - cluster_acc_15_eval=47.53 - cluster_nmi_15_eval=0.497 - cluster_ari_15_eval=0.329 - cluster_acc_16_eval=47.26 - cluster_nmi_16_eval=0.45 - cluster_ari_16_eval=0.298 - cluster_acc_17_eval=45.79 - cluster_nmi_17_eval=0.457 - cluster_ari_17_eval=0.302 - cluster_acc_18_eval=43.99 - cluster_nmi_18_eval=0.447 - cluster_ari_18_eval=0.288 - cluster_acc_19_eval=39.55 - cluster_nmi_19_eval=0.441 - cluster_ari_19_eval=0.268 - max_cluster_acc_eval=60.42 - mean_cluster_acc_eval=47.25 - min_cluster_acc_eval=39.55 - max_cluster_nmi_eval=0.567 - mean_cluster_nmi_eval=0.484 - min_cluster_nmi_eval=0.441 - max_cluster_ari_eval=0.469 - mean_cluster_ari_eval=0.327 - min_cluster_ari_eval=0.268 - interclustering_nmi_eval=0.493
END Mon Mar 30 01:33:35 PM +08 2026 DT=0.5 RUN_NAME=CC_FMNIST_C10CFG_K20_E100_DT_0_5
