START Mon Mar 30 10:11:18 AM +08 2026 DT=0.95 RUN_NAME=CC_FMNIST_C10CFG_K20_E100_DT_0_95
[2026-03-30 10:11:35](logger.py 179): Initializing experiment CC_FMNIST_C10CFG_K20_E100_DT_0_95

[2026-03-30 10:11:35](logger.py 179): NMI_interval = 20
[2026-03-30 10:11:35](logger.py 179): NMI_target = 0.95
[2026-03-30 10:11:35](logger.py 179): backbone = resnet34
[2026-03-30 10:11:35](logger.py 179): bash_command = None
[2026-03-30 10:11:35](logger.py 179): batch_size = 256
[2026-03-30 10:11:35](logger.py 179): checkpoint_path = None
[2026-03-30 10:11:35](logger.py 179): classes_no = 10
[2026-03-30 10:11:35](logger.py 179): clustering_framework = cc
[2026-03-30 10:11:35](logger.py 179): clusterings = 20
[2026-03-30 10:11:35](logger.py 179): clusters = 10
[2026-03-30 10:11:35](logger.py 179): complex_arg = None
[2026-03-30 10:11:35](logger.py 179): crop_size = 224
[2026-03-30 10:11:35](logger.py 179): dataset = fashion_mnist
[2026-03-30 10:11:35](logger.py 179): dataset_path = ./data_folder/FashionMNIST
[2026-03-30 10:11:35](logger.py 179): divclust_mbank_size = 10000
[2026-03-30 10:11:35](logger.py 179): entity = default
[2026-03-30 10:11:35](logger.py 179): epochs = 100
[2026-03-30 10:11:35](logger.py 179): eval_interval = 10
[2026-03-30 10:11:35](logger.py 179): f = None
[2026-03-30 10:11:35](logger.py 179): fff = None
[2026-03-30 10:11:35](logger.py 179): gpu = 0
[2026-03-30 10:11:35](logger.py 179): gpus = None
[2026-03-30 10:11:35](logger.py 179): group = fashion_mnist_cifar10cfg_k20
[2026-03-30 10:11:35](logger.py 179): lr = 0.0003
[2026-03-30 10:11:35](logger.py 179): lr_schedule = cosine
[2026-03-30 10:11:35](logger.py 179): mixed_precision = True
[2026-03-30 10:11:35](logger.py 179): notes = None
[2026-03-30 10:11:35](logger.py 179): num_workers = 4
[2026-03-30 10:11:35](logger.py 179): optimizer = adam
[2026-03-30 10:11:35](logger.py 179): output_dir = ./experiments/deep_clustering/CC_FMNIST_C10CFG_K20_E100_DT_0_95
[2026-03-30 10:11:35](logger.py 179): preset = cc_cifar10
[2026-03-30 10:11:35](logger.py 179): proj_dim = 128
[2026-03-30 10:11:35](logger.py 179): project_name = deep_clustering
[2026-03-30 10:11:35](logger.py 179): resume = None
[2026-03-30 10:11:35](logger.py 179): run_id = None
[2026-03-30 10:11:35](logger.py 179): run_name = CC_FMNIST_C10CFG_K20_E100_DT_0_95
[2026-03-30 10:11:35](logger.py 179): seed = 0
[2026-03-30 10:11:35](logger.py 179): tags = None
[2026-03-30 10:11:35](logger.py 179): threshold_rate = 0.99
[2026-03-30 10:11:35](logger.py 179): wandb_mode = off
[2026-03-30 10:11:35](logger.py 179): weight_decay = 0.0
[2026-03-30 10:11:35](logger.py 179): 
[2026-03-30 10:11:35](logger.py 179): Loading data
[2026-03-30 10:11:36](logger.py 179): Loading model
/scratch/e0538389/DivClust/engine/trainer.py:19: FutureWarning: `torch.cuda.amp.GradScaler(args...)` is deprecated. Please use `torch.amp.GradScaler('cuda', args...)` instead.
  self.scaler = GradScaler()
[2026-03-30 10:11:36](logger.py 179): Mixed precision: ON
/scratch/e0538389/DivClust/engine/trainer.py:41: FutureWarning: `torch.cuda.amp.autocast(args...)` is deprecated. Please use `torch.amp.autocast('cuda', args...)` instead.
  with autocast(self.mixed_precision):
[2026-03-30 10:11:41](logger.py 179): id=CC_FMNIST_C10CFG_K20_E100_DT_0_95 | Ep. 0/100 - Step 0/273 (0.0 it/s) |                    | - loss_cc=6.102 - loss_ce=2.943 - loss_ne=0.00699 - loss_div=0.0 - threshold=1.0 - loss=9.052
/scratch/e0538389/DivClust/engine/trainer.py:41: FutureWarning: `torch.cuda.amp.autocast(args...)` is deprecated. Please use `torch.amp.autocast('cuda', args...)` instead.
  with autocast(self.mixed_precision):
/scratch/e0538389/DivClust/engine/trainer.py:41: FutureWarning: `torch.cuda.amp.autocast(args...)` is deprecated. Please use `torch.amp.autocast('cuda', args...)` instead.
  with autocast(self.mixed_precision):
[2026-03-30 10:11:51](logger.py 179): id=CC_FMNIST_C10CFG_K20_E100_DT_0_95 | Ep. 0/100 - Step 25/273 (2.46 it/s) |#                   | - loss_cc=5.649 - loss_ce=2.884 - loss_ne=0.00119 - loss_div=0.0 - threshold=1.0 - loss=8.534
/scratch/e0538389/DivClust/engine/trainer.py:41: FutureWarning: `torch.cuda.amp.autocast(args...)` is deprecated. Please use `torch.amp.autocast('cuda', args...)` instead.
  with autocast(self.mixed_precision):
[2026-03-30 10:12:01](logger.py 179): id=CC_FMNIST_C10CFG_K20_E100_DT_0_95 | Ep. 0/100 - Step 50/273 (2.47 it/s) |###                 | - loss_cc=5.503 - loss_ce=2.767 - loss_ne=0.00228 - loss_div=0.0 - threshold=1.0 - loss=8.272
/scratch/e0538389/DivClust/engine/trainer.py:41: FutureWarning: `torch.cuda.amp.autocast(args...)` is deprecated. Please use `torch.amp.autocast('cuda', args...)` instead.
  with autocast(self.mixed_precision):
[2026-03-30 10:12:11](logger.py 179): id=CC_FMNIST_C10CFG_K20_E100_DT_0_95 | Ep. 0/100 - Step 75/273 (2.48 it/s) |#####               | - loss_cc=5.415 - loss_ce=2.688 - loss_ne=0.00418 - loss_div=0.0 - threshold=1.0 - loss=8.107
/scratch/e0538389/DivClust/engine/trainer.py:41: FutureWarning: `torch.cuda.amp.autocast(args...)` is deprecated. Please use `torch.amp.autocast('cuda', args...)` instead.
  with autocast(self.mixed_precision):
[2026-03-30 10:12:22](logger.py 179): id=CC_FMNIST_C10CFG_K20_E100_DT_0_95 | Ep. 0/100 - Step 100/273 (2.46 it/s) |#######             | - loss_cc=5.354 - loss_ce=2.629 - loss_ne=0.00548 - loss_div=0.0 - threshold=1.0 - loss=7.989
/scratch/e0538389/DivClust/engine/trainer.py:41: FutureWarning: `torch.cuda.amp.autocast(args...)` is deprecated. Please use `torch.amp.autocast('cuda', args...)` instead.
  with autocast(self.mixed_precision):
/scratch/e0538389/DivClust/engine/trainer.py:41: FutureWarning: `torch.cuda.amp.autocast(args...)` is deprecated. Please use `torch.amp.autocast('cuda', args...)` instead.
  with autocast(self.mixed_precision):
[2026-03-30 10:12:32](logger.py 179): id=CC_FMNIST_C10CFG_K20_E100_DT_0_95 | Ep. 0/100 - Step 125/273 (2.46 it/s) |#########           | - loss_cc=5.309 - loss_ce=2.583 - loss_ne=0.00729 - loss_div=0.0 - threshold=1.0 - loss=7.9
/scratch/e0538389/DivClust/engine/trainer.py:41: FutureWarning: `torch.cuda.amp.autocast(args...)` is deprecated. Please use `torch.amp.autocast('cuda', args...)` instead.
  with autocast(self.mixed_precision):
[2026-03-30 10:12:42](logger.py 179): id=CC_FMNIST_C10CFG_K20_E100_DT_0_95 | Ep. 0/100 - Step 150/273 (2.47 it/s) |##########          | - loss_cc=5.273 - loss_ce=2.548 - loss_ne=0.00896 - loss_div=0.0 - threshold=1.0 - loss=7.83
/scratch/e0538389/DivClust/engine/trainer.py:41: FutureWarning: `torch.cuda.amp.autocast(args...)` is deprecated. Please use `torch.amp.autocast('cuda', args...)` instead.
  with autocast(self.mixed_precision):
[2026-03-30 10:12:52](logger.py 179): id=CC_FMNIST_C10CFG_K20_E100_DT_0_95 | Ep. 0/100 - Step 175/273 (2.47 it/s) |############        | - loss_cc=5.243 - loss_ce=2.518 - loss_ne=0.0102 - loss_div=0.0 - threshold=1.0 - loss=7.771
/scratch/e0538389/DivClust/engine/trainer.py:41: FutureWarning: `torch.cuda.amp.autocast(args...)` is deprecated. Please use `torch.amp.autocast('cuda', args...)` instead.
  with autocast(self.mixed_precision):
[2026-03-30 10:13:02](logger.py 179): id=CC_FMNIST_C10CFG_K20_E100_DT_0_95 | Ep. 0/100 - Step 200/273 (2.46 it/s) |##############      | - loss_cc=5.217 - loss_ce=2.495 - loss_ne=0.0112 - loss_div=0.0 - threshold=1.0 - loss=7.724
/scratch/e0538389/DivClust/engine/trainer.py:41: FutureWarning: `torch.cuda.amp.autocast(args...)` is deprecated. Please use `torch.amp.autocast('cuda', args...)` instead.
  with autocast(self.mixed_precision):
/scratch/e0538389/DivClust/engine/trainer.py:41: FutureWarning: `torch.cuda.amp.autocast(args...)` is deprecated. Please use `torch.amp.autocast('cuda', args...)` instead.
  with autocast(self.mixed_precision):
[2026-03-30 10:13:12](logger.py 179): id=CC_FMNIST_C10CFG_K20_E100_DT_0_95 | Ep. 0/100 - Step 225/273 (2.46 it/s) |################    | - loss_cc=5.195 - loss_ce=2.475 - loss_ne=0.0121 - loss_div=0.0 - threshold=1.0 - loss=7.682
/scratch/e0538389/DivClust/engine/trainer.py:41: FutureWarning: `torch.cuda.amp.autocast(args...)` is deprecated. Please use `torch.amp.autocast('cuda', args...)` instead.
  with autocast(self.mixed_precision):
[2026-03-30 10:13:22](logger.py 179): id=CC_FMNIST_C10CFG_K20_E100_DT_0_95 | Ep. 0/100 - Step 250/273 (2.47 it/s) |##################  | - loss_cc=5.175 - loss_ce=2.458 - loss_ne=0.0127 - loss_div=0.0 - threshold=1.0 - loss=7.646
/scratch/e0538389/DivClust/engine/trainer.py:41: FutureWarning: `torch.cuda.amp.autocast(args...)` is deprecated. Please use `torch.amp.autocast('cuda', args...)` instead.
  with autocast(self.mixed_precision):
[2026-03-30 10:13:31](logger.py 179): Evaluating
[2026-03-30 10:13:32](logger.py 179): Eval. step 0 of 274
[2026-03-30 10:13:34](logger.py 179): Eval. step 25 of 274
[2026-03-30 10:13:37](logger.py 179): Eval. step 50 of 274
[2026-03-30 10:13:39](logger.py 179): Eval. step 75 of 274
[2026-03-30 10:13:41](logger.py 179): Eval. step 100 of 274
[2026-03-30 10:13:44](logger.py 179): Eval. step 125 of 274
[2026-03-30 10:13:46](logger.py 179): Eval. step 150 of 274
[2026-03-30 10:13:48](logger.py 179): Eval. step 175 of 274
[2026-03-30 10:13:51](logger.py 179): Eval. step 200 of 274
[2026-03-30 10:13:53](logger.py 179): Eval. step 225 of 274
[2026-03-30 10:13:55](logger.py 179): Eval. step 250 of 274
[2026-03-30 10:14:00](logger.py 179): id=CC_FMNIST_C10CFG_K20_E100_DT_0_95 | Ep. 0/100 | Time: 00:02 | loss_cc=5.159 - loss_ce=2.445 - loss_ne=0.0134 - loss_div=0.0 - threshold=1.0 - loss=7.617 - eval_confidence=0.632 - cluster_acc_0_eval=41.34 - cluster_nmi_0_eval=0.384 - cluster_ari_0_eval=0.255 - cluster_acc_1_eval=39.43 - cluster_nmi_1_eval=0.357 - cluster_ari_1_eval=0.218 - cluster_acc_2_eval=40.68 - cluster_nmi_2_eval=0.367 - cluster_ari_2_eval=0.226 - cluster_acc_3_eval=38.63 - cluster_nmi_3_eval=0.343 - cluster_ari_3_eval=0.203 - cluster_acc_4_eval=42.93 - cluster_nmi_4_eval=0.374 - cluster_ari_4_eval=0.249 - cluster_acc_5_eval=37.27 - cluster_nmi_5_eval=0.348 - cluster_ari_5_eval=0.203 - cluster_acc_6_eval=35.52 - cluster_nmi_6_eval=0.358 - cluster_ari_6_eval=0.224 - cluster_acc_7_eval=39.41 - cluster_nmi_7_eval=0.359 - cluster_ari_7_eval=0.228 - cluster_acc_8_eval=43.04 - cluster_nmi_8_eval=0.381 - cluster_ari_8_eval=0.247 - cluster_acc_9_eval=41.87 - cluster_nmi_9_eval=0.37 - cluster_ari_9_eval=0.243 - cluster_acc_10_eval=42.49 - cluster_nmi_10_eval=0.372 - cluster_ari_10_eval=0.235 - cluster_acc_11_eval=39.47 - cluster_nmi_11_eval=0.367 - cluster_ari_11_eval=0.216 - cluster_acc_12_eval=39.58 - cluster_nmi_12_eval=0.357 - cluster_ari_12_eval=0.218 - cluster_acc_13_eval=39.73 - cluster_nmi_13_eval=0.378 - cluster_ari_13_eval=0.229 - cluster_acc_14_eval=36.86 - cluster_nmi_14_eval=0.353 - cluster_ari_14_eval=0.207 - cluster_acc_15_eval=40.74 - cluster_nmi_15_eval=0.37 - cluster_ari_15_eval=0.236 - cluster_acc_16_eval=37.9 - cluster_nmi_16_eval=0.351 - cluster_ari_16_eval=0.207 - cluster_acc_17_eval=39.8 - cluster_nmi_17_eval=0.364 - cluster_ari_17_eval=0.23 - cluster_acc_18_eval=39.82 - cluster_nmi_18_eval=0.377 - cluster_ari_18_eval=0.234 - cluster_acc_19_eval=34.82 - cluster_nmi_19_eval=0.344 - cluster_ari_19_eval=0.199 - max_cluster_acc_eval=43.04 - mean_cluster_acc_eval=39.57 - min_cluster_acc_eval=34.82 - max_cluster_nmi_eval=0.384 - mean_cluster_nmi_eval=0.364 - min_cluster_nmi_eval=0.343 - max_cluster_ari_eval=0.255 - mean_cluster_ari_eval=0.225 - min_cluster_ari_eval=0.199 - interclustering_nmi_eval=0.679
/scratch/e0538389/DivClust/engine/trainer.py:41: FutureWarning: `torch.cuda.amp.autocast(args...)` is deprecated. Please use `torch.amp.autocast('cuda', args...)` instead.
  with autocast(self.mixed_precision):
[2026-03-30 10:14:02](logger.py 179): id=CC_FMNIST_C10CFG_K20_E100_DT_0_95 | Ep. 1/100 - Step 0/273 (0.0 it/s) |                    | - loss_cc=4.974 - loss_ce=2.293 - loss_ne=0.0159 - loss_div=0.0 - threshold=1.0 - loss=7.283
/scratch/e0538389/DivClust/engine/trainer.py:41: FutureWarning: `torch.cuda.amp.autocast(args...)` is deprecated. Please use `torch.amp.autocast('cuda', args...)` instead.
  with autocast(self.mixed_precision):
[2026-03-30 10:14:12](logger.py 179): id=CC_FMNIST_C10CFG_K20_E100_DT_0_95 | Ep. 1/100 - Step 25/273 (2.48 it/s) |#                   | - loss_cc=4.964 - loss_ce=2.291 - loss_ne=0.0194 - loss_div=0.0 - threshold=1.0 - loss=7.275
/scratch/e0538389/DivClust/engine/trainer.py:41: FutureWarning: `torch.cuda.amp.autocast(args...)` is deprecated. Please use `torch.amp.autocast('cuda', args...)` instead.
  with autocast(self.mixed_precision):
/scratch/e0538389/DivClust/engine/trainer.py:41: FutureWarning: `torch.cuda.amp.autocast(args...)` is deprecated. Please use `torch.amp.autocast('cuda', args...)` instead.
  with autocast(self.mixed_precision):
[2026-03-30 10:14:22](logger.py 179): id=CC_FMNIST_C10CFG_K20_E100_DT_0_95 | Ep. 1/100 - Step 50/273 (2.45 it/s) |###                 | - loss_cc=4.957 - loss_ce=2.288 - loss_ne=0.0203 - loss_div=0.0 - threshold=1.0 - loss=7.265
/scratch/e0538389/DivClust/engine/trainer.py:41: FutureWarning: `torch.cuda.amp.autocast(args...)` is deprecated. Please use `torch.amp.autocast('cuda', args...)` instead.
  with autocast(self.mixed_precision):
[2026-03-30 10:14:32](logger.py 179): id=CC_FMNIST_C10CFG_K20_E100_DT_0_95 | Ep. 1/100 - Step 75/273 (2.46 it/s) |#####               | - loss_cc=4.948 - loss_ce=2.283 - loss_ne=0.0204 - loss_div=0.0 - threshold=1.0 - loss=7.251
/scratch/e0538389/DivClust/engine/trainer.py:41: FutureWarning: `torch.cuda.amp.autocast(args...)` is deprecated. Please use `torch.amp.autocast('cuda', args...)` instead.
  with autocast(self.mixed_precision):
[2026-03-30 10:14:42](logger.py 179): id=CC_FMNIST_C10CFG_K20_E100_DT_0_95 | Ep. 1/100 - Step 100/273 (2.47 it/s) |#######             | - loss_cc=4.944 - loss_ce=2.281 - loss_ne=0.0206 - loss_div=0.0 - threshold=1.0 - loss=7.246
/scratch/e0538389/DivClust/engine/trainer.py:41: FutureWarning: `torch.cuda.amp.autocast(args...)` is deprecated. Please use `torch.amp.autocast('cuda', args...)` instead.
  with autocast(self.mixed_precision):
[2026-03-30 10:14:52](logger.py 179): id=CC_FMNIST_C10CFG_K20_E100_DT_0_95 | Ep. 1/100 - Step 125/273 (2.47 it/s) |#########           | - loss_cc=4.938 - loss_ce=2.277 - loss_ne=0.0211 - loss_div=0.0 - threshold=1.0 - loss=7.236
/scratch/e0538389/DivClust/engine/trainer.py:41: FutureWarning: `torch.cuda.amp.autocast(args...)` is deprecated. Please use `torch.amp.autocast('cuda', args...)` instead.
  with autocast(self.mixed_precision):
/scratch/e0538389/DivClust/engine/trainer.py:41: FutureWarning: `torch.cuda.amp.autocast(args...)` is deprecated. Please use `torch.amp.autocast('cuda', args...)` instead.
  with autocast(self.mixed_precision):
[2026-03-30 10:15:03](logger.py 179): id=CC_FMNIST_C10CFG_K20_E100_DT_0_95 | Ep. 1/100 - Step 150/273 (2.46 it/s) |##########          | - loss_cc=4.934 - loss_ce=2.275 - loss_ne=0.0207 - loss_div=0.0 - threshold=1.0 - loss=7.229
/scratch/e0538389/DivClust/engine/trainer.py:41: FutureWarning: `torch.cuda.amp.autocast(args...)` is deprecated. Please use `torch.amp.autocast('cuda', args...)` instead.
  with autocast(self.mixed_precision):
[2026-03-30 10:15:13](logger.py 179): id=CC_FMNIST_C10CFG_K20_E100_DT_0_95 | Ep. 1/100 - Step 175/273 (2.46 it/s) |############        | - loss_cc=4.928 - loss_ce=2.272 - loss_ne=0.0205 - loss_div=0.0 - threshold=1.0 - loss=7.221
/scratch/e0538389/DivClust/engine/trainer.py:41: FutureWarning: `torch.cuda.amp.autocast(args...)` is deprecated. Please use `torch.amp.autocast('cuda', args...)` instead.
  with autocast(self.mixed_precision):
[2026-03-30 10:15:23](logger.py 179): id=CC_FMNIST_C10CFG_K20_E100_DT_0_95 | Ep. 1/100 - Step 200/273 (2.46 it/s) |##############      | - loss_cc=4.923 - loss_ce=2.269 - loss_ne=0.021 - loss_div=0.0 - threshold=1.0 - loss=7.213
/scratch/e0538389/DivClust/engine/trainer.py:41: FutureWarning: `torch.cuda.amp.autocast(args...)` is deprecated. Please use `torch.amp.autocast('cuda', args...)` instead.
  with autocast(self.mixed_precision):
[2026-03-30 10:15:33](logger.py 179): id=CC_FMNIST_C10CFG_K20_E100_DT_0_95 | Ep. 1/100 - Step 225/273 (2.46 it/s) |################    | - loss_cc=4.919 - loss_ce=2.266 - loss_ne=0.0213 - loss_div=0.0 - threshold=1.0 - loss=7.207
/scratch/e0538389/DivClust/engine/trainer.py:41: FutureWarning: `torch.cuda.amp.autocast(args...)` is deprecated. Please use `torch.amp.autocast('cuda', args...)` instead.
  with autocast(self.mixed_precision):
/scratch/e0538389/DivClust/engine/trainer.py:41: FutureWarning: `torch.cuda.amp.autocast(args...)` is deprecated. Please use `torch.amp.autocast('cuda', args...)` instead.
  with autocast(self.mixed_precision):
[2026-03-30 10:15:43](logger.py 179): id=CC_FMNIST_C10CFG_K20_E100_DT_0_95 | Ep. 1/100 - Step 250/273 (2.46 it/s) |##################  | - loss_cc=4.915 - loss_ce=2.264 - loss_ne=0.0215 - loss_div=0.0 - threshold=1.0 - loss=7.2
/scratch/e0538389/DivClust/engine/trainer.py:41: FutureWarning: `torch.cuda.amp.autocast(args...)` is deprecated. Please use `torch.amp.autocast('cuda', args...)` instead.
  with autocast(self.mixed_precision):
[2026-03-30 10:15:52](logger.py 179): id=CC_FMNIST_C10CFG_K20_E100_DT_0_95 | Ep. 1/100 | Time: 00:01 | loss_cc=4.911 - loss_ce=2.261 - loss_ne=0.0215 - loss_div=0.0 - threshold=1.0 - loss=7.194
[2026-03-30 10:15:54](logger.py 179): id=CC_FMNIST_C10CFG_K20_E100_DT_0_95 | Ep. 2/100 - Step 0/273 (0.0 it/s) |                    | - loss_cc=4.817 - loss_ce=2.211 - loss_ne=0.0352 - loss_div=0.0 - threshold=1.0 - loss=7.064
/scratch/e0538389/DivClust/engine/trainer.py:41: FutureWarning: `torch.cuda.amp.autocast(args...)` is deprecated. Please use `torch.amp.autocast('cuda', args...)` instead.
  with autocast(self.mixed_precision):
[2026-03-30 10:16:04](logger.py 179): id=CC_FMNIST_C10CFG_K20_E100_DT_0_95 | Ep. 2/100 - Step 25/273 (2.48 it/s) |#                   | - loss_cc=4.84 - loss_ce=2.227 - loss_ne=0.0181 - loss_div=0.0 - threshold=1.0 - loss=7.086
/scratch/e0538389/DivClust/engine/trainer.py:41: FutureWarning: `torch.cuda.amp.autocast(args...)` is deprecated. Please use `torch.amp.autocast('cuda', args...)` instead.
  with autocast(self.mixed_precision):
[2026-03-30 10:16:14](logger.py 179): id=CC_FMNIST_C10CFG_K20_E100_DT_0_95 | Ep. 2/100 - Step 50/273 (2.49 it/s) |###                 | - loss_cc=4.841 - loss_ce=2.228 - loss_ne=0.0188 - loss_div=0.0 - threshold=1.0 - loss=7.088
/scratch/e0538389/DivClust/engine/trainer.py:41: FutureWarning: `torch.cuda.amp.autocast(args...)` is deprecated. Please use `torch.amp.autocast('cuda', args...)` instead.
  with autocast(self.mixed_precision):
/scratch/e0538389/DivClust/engine/trainer.py:41: FutureWarning: `torch.cuda.amp.autocast(args...)` is deprecated. Please use `torch.amp.autocast('cuda', args...)` instead.
  with autocast(self.mixed_precision):
[2026-03-30 10:16:25](logger.py 179): id=CC_FMNIST_C10CFG_K20_E100_DT_0_95 | Ep. 2/100 - Step 75/273 (2.46 it/s) |#####               | - loss_cc=4.844 - loss_ce=2.227 - loss_ne=0.0193 - loss_div=0.0 - threshold=1.0 - loss=7.091
/scratch/e0538389/DivClust/engine/trainer.py:41: FutureWarning: `torch.cuda.amp.autocast(args...)` is deprecated. Please use `torch.amp.autocast('cuda', args...)` instead.
  with autocast(self.mixed_precision):
[2026-03-30 10:16:35](logger.py 179): id=CC_FMNIST_C10CFG_K20_E100_DT_0_95 | Ep. 2/100 - Step 100/273 (2.47 it/s) |#######             | - loss_cc=4.841 - loss_ce=2.225 - loss_ne=0.0196 - loss_div=0.0 - threshold=1.0 - loss=7.085
/scratch/e0538389/DivClust/engine/trainer.py:41: FutureWarning: `torch.cuda.amp.autocast(args...)` is deprecated. Please use `torch.amp.autocast('cuda', args...)` instead.
  with autocast(self.mixed_precision):
[2026-03-30 10:16:45](logger.py 179): id=CC_FMNIST_C10CFG_K20_E100_DT_0_95 | Ep. 2/100 - Step 125/273 (2.47 it/s) |#########           | - loss_cc=4.84 - loss_ce=2.224 - loss_ne=0.0208 - loss_div=0.0 - threshold=1.0 - loss=7.084
/scratch/e0538389/DivClust/engine/trainer.py:41: FutureWarning: `torch.cuda.amp.autocast(args...)` is deprecated. Please use `torch.amp.autocast('cuda', args...)` instead.
  with autocast(self.mixed_precision):
[2026-03-30 10:16:55](logger.py 179): id=CC_FMNIST_C10CFG_K20_E100_DT_0_95 | Ep. 2/100 - Step 150/273 (2.48 it/s) |##########          | - loss_cc=4.836 - loss_ce=2.222 - loss_ne=0.0208 - loss_div=0.0 - threshold=1.0 - loss=7.079
/scratch/e0538389/DivClust/engine/trainer.py:41: FutureWarning: `torch.cuda.amp.autocast(args...)` is deprecated. Please use `torch.amp.autocast('cuda', args...)` instead.
  with autocast(self.mixed_precision):
/scratch/e0538389/DivClust/engine/trainer.py:41: FutureWarning: `torch.cuda.amp.autocast(args...)` is deprecated. Please use `torch.amp.autocast('cuda', args...)` instead.
  with autocast(self.mixed_precision):
[2026-03-30 10:17:05](logger.py 179): id=CC_FMNIST_C10CFG_K20_E100_DT_0_95 | Ep. 2/100 - Step 175/273 (2.47 it/s) |############        | - loss_cc=4.833 - loss_ce=2.221 - loss_ne=0.0207 - loss_div=0.0 - threshold=1.0 - loss=7.074
/scratch/e0538389/DivClust/engine/trainer.py:41: FutureWarning: `torch.cuda.amp.autocast(args...)` is deprecated. Please use `torch.amp.autocast('cuda', args...)` instead.
  with autocast(self.mixed_precision):
[2026-03-30 10:17:15](logger.py 179): id=CC_FMNIST_C10CFG_K20_E100_DT_0_95 | Ep. 2/100 - Step 200/273 (2.47 it/s) |##############      | - loss_cc=4.832 - loss_ce=2.22 - loss_ne=0.0208 - loss_div=0.0 - threshold=1.0 - loss=7.073
/scratch/e0538389/DivClust/engine/trainer.py:41: FutureWarning: `torch.cuda.amp.autocast(args...)` is deprecated. Please use `torch.amp.autocast('cuda', args...)` instead.
  with autocast(self.mixed_precision):
[2026-03-30 10:17:25](logger.py 179): id=CC_FMNIST_C10CFG_K20_E100_DT_0_95 | Ep. 2/100 - Step 225/273 (2.47 it/s) |################    | - loss_cc=4.83 - loss_ce=2.218 - loss_ne=0.0214 - loss_div=0.0 - threshold=1.0 - loss=7.07
/scratch/e0538389/DivClust/engine/trainer.py:41: FutureWarning: `torch.cuda.amp.autocast(args...)` is deprecated. Please use `torch.amp.autocast('cuda', args...)` instead.
  with autocast(self.mixed_precision):
[2026-03-30 10:17:35](logger.py 179): id=CC_FMNIST_C10CFG_K20_E100_DT_0_95 | Ep. 2/100 - Step 250/273 (2.47 it/s) |##################  | - loss_cc=4.827 - loss_ce=2.217 - loss_ne=0.0211 - loss_div=0.0 - threshold=1.0 - loss=7.066
/scratch/e0538389/DivClust/engine/trainer.py:41: FutureWarning: `torch.cuda.amp.autocast(args...)` is deprecated. Please use `torch.amp.autocast('cuda', args...)` instead.
  with autocast(self.mixed_precision):
[2026-03-30 10:17:44](logger.py 179): id=CC_FMNIST_C10CFG_K20_E100_DT_0_95 | Ep. 2/100 | Time: 00:01 | loss_cc=4.827 - loss_ce=2.216 - loss_ne=0.0212 - loss_div=0.0 - threshold=1.0 - loss=7.064
[2026-03-30 10:17:46](logger.py 179): id=CC_FMNIST_C10CFG_K20_E100_DT_0_95 | Ep. 3/100 - Step 0/273 (0.0 it/s) |                    | - loss_cc=4.803 - loss_ce=2.2 - loss_ne=0.0195 - loss_div=0.0 - threshold=1.0 - loss=7.022
/scratch/e0538389/DivClust/engine/trainer.py:41: FutureWarning: `torch.cuda.amp.autocast(args...)` is deprecated. Please use `torch.amp.autocast('cuda', args...)` instead.
  with autocast(self.mixed_precision):
/scratch/e0538389/DivClust/engine/trainer.py:41: FutureWarning: `torch.cuda.amp.autocast(args...)` is deprecated. Please use `torch.amp.autocast('cuda', args...)` instead.
  with autocast(self.mixed_precision):
[2026-03-30 10:17:56](logger.py 179): id=CC_FMNIST_C10CFG_K20_E100_DT_0_95 | Ep. 3/100 - Step 25/273 (2.43 it/s) |#                   | - loss_cc=4.81 - loss_ce=2.205 - loss_ne=0.0242 - loss_div=0.0 - threshold=1.0 - loss=7.039
/scratch/e0538389/DivClust/engine/trainer.py:41: FutureWarning: `torch.cuda.amp.autocast(args...)` is deprecated. Please use `torch.amp.autocast('cuda', args...)` instead.
  with autocast(self.mixed_precision):
[2026-03-30 10:18:06](logger.py 179): id=CC_FMNIST_C10CFG_K20_E100_DT_0_95 | Ep. 3/100 - Step 50/273 (2.46 it/s) |###                 | - loss_cc=4.81 - loss_ce=2.205 - loss_ne=0.0218 - loss_div=0.0 - threshold=1.0 - loss=7.037
/scratch/e0538389/DivClust/engine/trainer.py:41: FutureWarning: `torch.cuda.amp.autocast(args...)` is deprecated. Please use `torch.amp.autocast('cuda', args...)` instead.
  with autocast(self.mixed_precision):
[2026-03-30 10:18:17](logger.py 179): id=CC_FMNIST_C10CFG_K20_E100_DT_0_95 | Ep. 3/100 - Step 75/273 (2.47 it/s) |#####               | - loss_cc=4.806 - loss_ce=2.203 - loss_ne=0.0208 - loss_div=0.0 - threshold=1.0 - loss=7.03
/scratch/e0538389/DivClust/engine/trainer.py:41: FutureWarning: `torch.cuda.amp.autocast(args...)` is deprecated. Please use `torch.amp.autocast('cuda', args...)` instead.
  with autocast(self.mixed_precision):
[2026-03-30 10:18:27](logger.py 179): id=CC_FMNIST_C10CFG_K20_E100_DT_0_95 | Ep. 3/100 - Step 100/273 (2.48 it/s) |#######             | - loss_cc=4.802 - loss_ce=2.201 - loss_ne=0.021 - loss_div=0.0 - threshold=1.0 - loss=7.024
/scratch/e0538389/DivClust/engine/trainer.py:41: FutureWarning: `torch.cuda.amp.autocast(args...)` is deprecated. Please use `torch.amp.autocast('cuda', args...)` instead.
  with autocast(self.mixed_precision):
/scratch/e0538389/DivClust/engine/trainer.py:41: FutureWarning: `torch.cuda.amp.autocast(args...)` is deprecated. Please use `torch.amp.autocast('cuda', args...)` instead.
  with autocast(self.mixed_precision):
[2026-03-30 10:18:37](logger.py 179): id=CC_FMNIST_C10CFG_K20_E100_DT_0_95 | Ep. 3/100 - Step 125/273 (2.46 it/s) |#########           | - loss_cc=4.799 - loss_ce=2.2 - loss_ne=0.0207 - loss_div=0.0 - threshold=1.0 - loss=7.02
/scratch/e0538389/DivClust/engine/trainer.py:41: FutureWarning: `torch.cuda.amp.autocast(args...)` is deprecated. Please use `torch.amp.autocast('cuda', args...)` instead.
  with autocast(self.mixed_precision):
[2026-03-30 10:18:47](logger.py 179): id=CC_FMNIST_C10CFG_K20_E100_DT_0_95 | Ep. 3/100 - Step 150/273 (2.47 it/s) |##########          | - loss_cc=4.798 - loss_ce=2.199 - loss_ne=0.0209 - loss_div=0.0 - threshold=1.0 - loss=7.018
/scratch/e0538389/DivClust/engine/trainer.py:41: FutureWarning: `torch.cuda.amp.autocast(args...)` is deprecated. Please use `torch.amp.autocast('cuda', args...)` instead.
  with autocast(self.mixed_precision):
[2026-03-30 10:18:57](logger.py 179): id=CC_FMNIST_C10CFG_K20_E100_DT_0_95 | Ep. 3/100 - Step 175/273 (2.47 it/s) |############        | - loss_cc=4.794 - loss_ce=2.197 - loss_ne=0.0208 - loss_div=0.0 - threshold=1.0 - loss=7.013
/scratch/e0538389/DivClust/engine/trainer.py:41: FutureWarning: `torch.cuda.amp.autocast(args...)` is deprecated. Please use `torch.amp.autocast('cuda', args...)` instead.
  with autocast(self.mixed_precision):
[2026-03-30 10:19:07](logger.py 179): id=CC_FMNIST_C10CFG_K20_E100_DT_0_95 | Ep. 3/100 - Step 200/273 (2.47 it/s) |##############      | - loss_cc=4.792 - loss_ce=2.196 - loss_ne=0.0207 - loss_div=0.0 - threshold=1.0 - loss=7.009
/scratch/e0538389/DivClust/engine/trainer.py:41: FutureWarning: `torch.cuda.amp.autocast(args...)` is deprecated. Please use `torch.amp.autocast('cuda', args...)` instead.
  with autocast(self.mixed_precision):
/scratch/e0538389/DivClust/engine/trainer.py:41: FutureWarning: `torch.cuda.amp.autocast(args...)` is deprecated. Please use `torch.amp.autocast('cuda', args...)` instead.
  with autocast(self.mixed_precision):
[2026-03-30 10:19:17](logger.py 179): id=CC_FMNIST_C10CFG_K20_E100_DT_0_95 | Ep. 3/100 - Step 225/273 (2.46 it/s) |################    | - loss_cc=4.791 - loss_ce=2.196 - loss_ne=0.0206 - loss_div=0.0 - threshold=1.0 - loss=7.007
/scratch/e0538389/DivClust/engine/trainer.py:41: FutureWarning: `torch.cuda.amp.autocast(args...)` is deprecated. Please use `torch.amp.autocast('cuda', args...)` instead.
  with autocast(self.mixed_precision):
[2026-03-30 10:19:28](logger.py 179): id=CC_FMNIST_C10CFG_K20_E100_DT_0_95 | Ep. 3/100 - Step 250/273 (2.47 it/s) |##################  | - loss_cc=4.789 - loss_ce=2.195 - loss_ne=0.0207 - loss_div=0.0 - threshold=1.0 - loss=7.005
/scratch/e0538389/DivClust/engine/trainer.py:41: FutureWarning: `torch.cuda.amp.autocast(args...)` is deprecated. Please use `torch.amp.autocast('cuda', args...)` instead.
  with autocast(self.mixed_precision):
[2026-03-30 10:19:36](logger.py 179): id=CC_FMNIST_C10CFG_K20_E100_DT_0_95 | Ep. 3/100 | Time: 00:01 | loss_cc=4.789 - loss_ce=2.195 - loss_ne=0.0208 - loss_div=0.0 - threshold=1.0 - loss=7.004
[2026-03-30 10:19:38](logger.py 179): id=CC_FMNIST_C10CFG_K20_E100_DT_0_95 | Ep. 4/100 - Step 0/273 (0.0 it/s) |                    | - loss_cc=4.813 - loss_ce=2.208 - loss_ne=0.0211 - loss_div=0.0 - threshold=1.0 - loss=7.042
/scratch/e0538389/DivClust/engine/trainer.py:41: FutureWarning: `torch.cuda.amp.autocast(args...)` is deprecated. Please use `torch.amp.autocast('cuda', args...)` instead.
  with autocast(self.mixed_precision):
[2026-03-30 10:19:48](logger.py 179): id=CC_FMNIST_C10CFG_K20_E100_DT_0_95 | Ep. 4/100 - Step 25/273 (2.49 it/s) |#                   | - loss_cc=4.772 - loss_ce=2.185 - loss_ne=0.0228 - loss_div=0.0 - threshold=1.0 - loss=6.98
/scratch/e0538389/DivClust/engine/trainer.py:41: FutureWarning: `torch.cuda.amp.autocast(args...)` is deprecated. Please use `torch.amp.autocast('cuda', args...)` instead.
  with autocast(self.mixed_precision):
/scratch/e0538389/DivClust/engine/trainer.py:41: FutureWarning: `torch.cuda.amp.autocast(args...)` is deprecated. Please use `torch.amp.autocast('cuda', args...)` instead.
  with autocast(self.mixed_precision):
[2026-03-30 10:19:59](logger.py 179): id=CC_FMNIST_C10CFG_K20_E100_DT_0_95 | Ep. 4/100 - Step 50/273 (2.45 it/s) |###                 | - loss_cc=4.77 - loss_ce=2.187 - loss_ne=0.0213 - loss_div=0.0 - threshold=1.0 - loss=6.978
/scratch/e0538389/DivClust/engine/trainer.py:41: FutureWarning: `torch.cuda.amp.autocast(args...)` is deprecated. Please use `torch.amp.autocast('cuda', args...)` instead.
  with autocast(self.mixed_precision):
[2026-03-30 10:20:09](logger.py 179): id=CC_FMNIST_C10CFG_K20_E100_DT_0_95 | Ep. 4/100 - Step 75/273 (2.47 it/s) |#####               | - loss_cc=4.767 - loss_ce=2.184 - loss_ne=0.0216 - loss_div=0.0 - threshold=1.0 - loss=6.972
/scratch/e0538389/DivClust/engine/trainer.py:41: FutureWarning: `torch.cuda.amp.autocast(args...)` is deprecated. Please use `torch.amp.autocast('cuda', args...)` instead.
  with autocast(self.mixed_precision):
[2026-03-30 10:20:19](logger.py 179): id=CC_FMNIST_C10CFG_K20_E100_DT_0_95 | Ep. 4/100 - Step 100/273 (2.47 it/s) |#######             | - loss_cc=4.766 - loss_ce=2.184 - loss_ne=0.0208 - loss_div=0.0 - threshold=1.0 - loss=6.971
/scratch/e0538389/DivClust/engine/trainer.py:41: FutureWarning: `torch.cuda.amp.autocast(args...)` is deprecated. Please use `torch.amp.autocast('cuda', args...)` instead.
  with autocast(self.mixed_precision):
[2026-03-30 10:20:29](logger.py 179): id=CC_FMNIST_C10CFG_K20_E100_DT_0_95 | Ep. 4/100 - Step 125/273 (2.48 it/s) |#########           | - loss_cc=4.766 - loss_ce=2.184 - loss_ne=0.0212 - loss_div=0.0 - threshold=1.0 - loss=6.971
/scratch/e0538389/DivClust/engine/trainer.py:41: FutureWarning: `torch.cuda.amp.autocast(args...)` is deprecated. Please use `torch.amp.autocast('cuda', args...)` instead.
  with autocast(self.mixed_precision):
/scratch/e0538389/DivClust/engine/trainer.py:41: FutureWarning: `torch.cuda.amp.autocast(args...)` is deprecated. Please use `torch.amp.autocast('cuda', args...)` instead.
  with autocast(self.mixed_precision):
[2026-03-30 10:20:39](logger.py 179): id=CC_FMNIST_C10CFG_K20_E100_DT_0_95 | Ep. 4/100 - Step 150/273 (2.47 it/s) |##########          | - loss_cc=4.765 - loss_ce=2.183 - loss_ne=0.0219 - loss_div=0.0 - threshold=1.0 - loss=6.969
/scratch/e0538389/DivClust/engine/trainer.py:41: FutureWarning: `torch.cuda.amp.autocast(args...)` is deprecated. Please use `torch.amp.autocast('cuda', args...)` instead.
  with autocast(self.mixed_precision):
[2026-03-30 10:20:49](logger.py 179): id=CC_FMNIST_C10CFG_K20_E100_DT_0_95 | Ep. 4/100 - Step 175/273 (2.47 it/s) |############        | - loss_cc=4.761 - loss_ce=2.181 - loss_ne=0.0217 - loss_div=0.0 - threshold=1.0 - loss=6.964
/scratch/e0538389/DivClust/engine/trainer.py:41: FutureWarning: `torch.cuda.amp.autocast(args...)` is deprecated. Please use `torch.amp.autocast('cuda', args...)` instead.
  with autocast(self.mixed_precision):
[2026-03-30 10:20:59](logger.py 179): id=CC_FMNIST_C10CFG_K20_E100_DT_0_95 | Ep. 4/100 - Step 200/273 (2.47 it/s) |##############      | - loss_cc=4.759 - loss_ce=2.181 - loss_ne=0.0217 - loss_div=0.0 - threshold=1.0 - loss=6.962
/scratch/e0538389/DivClust/engine/trainer.py:41: FutureWarning: `torch.cuda.amp.autocast(args...)` is deprecated. Please use `torch.amp.autocast('cuda', args...)` instead.
  with autocast(self.mixed_precision):
[2026-03-30 10:21:09](logger.py 179): id=CC_FMNIST_C10CFG_K20_E100_DT_0_95 | Ep. 4/100 - Step 225/273 (2.47 it/s) |################    | - loss_cc=4.758 - loss_ce=2.18 - loss_ne=0.0217 - loss_div=0.0 - threshold=1.0 - loss=6.96
/scratch/e0538389/DivClust/engine/trainer.py:41: FutureWarning: `torch.cuda.amp.autocast(args...)` is deprecated. Please use `torch.amp.autocast('cuda', args...)` instead.
  with autocast(self.mixed_precision):
/scratch/e0538389/DivClust/engine/trainer.py:41: FutureWarning: `torch.cuda.amp.autocast(args...)` is deprecated. Please use `torch.amp.autocast('cuda', args...)` instead.
  with autocast(self.mixed_precision):
[2026-03-30 10:21:20](logger.py 179): id=CC_FMNIST_C10CFG_K20_E100_DT_0_95 | Ep. 4/100 - Step 250/273 (2.47 it/s) |##################  | - loss_cc=4.757 - loss_ce=2.18 - loss_ne=0.0215 - loss_div=0.0 - threshold=1.0 - loss=6.958
/scratch/e0538389/DivClust/engine/trainer.py:41: FutureWarning: `torch.cuda.amp.autocast(args...)` is deprecated. Please use `torch.amp.autocast('cuda', args...)` instead.
  with autocast(self.mixed_precision):
[2026-03-30 10:21:28](logger.py 179): id=CC_FMNIST_C10CFG_K20_E100_DT_0_95 | Ep. 4/100 | Time: 00:01 | loss_cc=4.755 - loss_ce=2.179 - loss_ne=0.0213 - loss_div=0.0 - threshold=1.0 - loss=6.956
[2026-03-30 10:21:30](logger.py 179): id=CC_FMNIST_C10CFG_K20_E100_DT_0_95 | Ep. 5/100 - Step 0/273 (0.0 it/s) |                    | - loss_cc=4.726 - loss_ce=2.176 - loss_ne=0.016 - loss_div=0.0 - threshold=1.0 - loss=6.918
/scratch/e0538389/DivClust/engine/trainer.py:41: FutureWarning: `torch.cuda.amp.autocast(args...)` is deprecated. Please use `torch.amp.autocast('cuda', args...)` instead.
  with autocast(self.mixed_precision):
[2026-03-30 10:21:40](logger.py 179): id=CC_FMNIST_C10CFG_K20_E100_DT_0_95 | Ep. 5/100 - Step 25/273 (2.48 it/s) |#                   | - loss_cc=4.748 - loss_ce=2.175 - loss_ne=0.0242 - loss_div=0.0 - threshold=1.0 - loss=6.947
/scratch/e0538389/DivClust/engine/trainer.py:41: FutureWarning: `torch.cuda.amp.autocast(args...)` is deprecated. Please use `torch.amp.autocast('cuda', args...)` instead.
  with autocast(self.mixed_precision):
[2026-03-30 10:21:50](logger.py 179): id=CC_FMNIST_C10CFG_K20_E100_DT_0_95 | Ep. 5/100 - Step 50/273 (2.48 it/s) |###                 | - loss_cc=4.746 - loss_ce=2.173 - loss_ne=0.0244 - loss_div=0.0 - threshold=1.0 - loss=6.943
/scratch/e0538389/DivClust/engine/trainer.py:41: FutureWarning: `torch.cuda.amp.autocast(args...)` is deprecated. Please use `torch.amp.autocast('cuda', args...)` instead.
  with autocast(self.mixed_precision):
[2026-03-30 10:22:01](logger.py 179): id=CC_FMNIST_C10CFG_K20_E100_DT_0_95 | Ep. 5/100 - Step 75/273 (2.46 it/s) |#####               | - loss_cc=4.741 - loss_ce=2.172 - loss_ne=0.0234 - loss_div=0.0 - threshold=1.0 - loss=6.936
/scratch/e0538389/DivClust/engine/trainer.py:41: FutureWarning: `torch.cuda.amp.autocast(args...)` is deprecated. Please use `torch.amp.autocast('cuda', args...)` instead.
  with autocast(self.mixed_precision):
/scratch/e0538389/DivClust/engine/trainer.py:41: FutureWarning: `torch.cuda.amp.autocast(args...)` is deprecated. Please use `torch.amp.autocast('cuda', args...)` instead.
  with autocast(self.mixed_precision):
[2026-03-30 10:22:11](logger.py 179): id=CC_FMNIST_C10CFG_K20_E100_DT_0_95 | Ep. 5/100 - Step 100/273 (2.47 it/s) |#######             | - loss_cc=4.739 - loss_ce=2.171 - loss_ne=0.0223 - loss_div=0.0 - threshold=1.0 - loss=6.932
/scratch/e0538389/DivClust/engine/trainer.py:41: FutureWarning: `torch.cuda.amp.autocast(args...)` is deprecated. Please use `torch.amp.autocast('cuda', args...)` instead.
  with autocast(self.mixed_precision):
[2026-03-30 10:22:21](logger.py 179): id=CC_FMNIST_C10CFG_K20_E100_DT_0_95 | Ep. 5/100 - Step 125/273 (2.47 it/s) |#########           | - loss_cc=4.739 - loss_ce=2.171 - loss_ne=0.0217 - loss_div=0.0 - threshold=1.0 - loss=6.931
/scratch/e0538389/DivClust/engine/trainer.py:41: FutureWarning: `torch.cuda.amp.autocast(args...)` is deprecated. Please use `torch.amp.autocast('cuda', args...)` instead.
  with autocast(self.mixed_precision):
[2026-03-30 10:22:31](logger.py 179): id=CC_FMNIST_C10CFG_K20_E100_DT_0_95 | Ep. 5/100 - Step 150/273 (2.48 it/s) |##########          | - loss_cc=4.737 - loss_ce=2.17 - loss_ne=0.0212 - loss_div=0.0 - threshold=1.0 - loss=6.928
/scratch/e0538389/DivClust/engine/trainer.py:41: FutureWarning: `torch.cuda.amp.autocast(args...)` is deprecated. Please use `torch.amp.autocast('cuda', args...)` instead.
  with autocast(self.mixed_precision):
[2026-03-30 10:22:41](logger.py 179): id=CC_FMNIST_C10CFG_K20_E100_DT_0_95 | Ep. 5/100 - Step 175/273 (2.47 it/s) |############        | - loss_cc=4.737 - loss_ce=2.17 - loss_ne=0.0214 - loss_div=0.0 - threshold=1.0 - loss=6.928
/scratch/e0538389/DivClust/engine/trainer.py:41: FutureWarning: `torch.cuda.amp.autocast(args...)` is deprecated. Please use `torch.amp.autocast('cuda', args...)` instead.
  with autocast(self.mixed_precision):
/scratch/e0538389/DivClust/engine/trainer.py:41: FutureWarning: `torch.cuda.amp.autocast(args...)` is deprecated. Please use `torch.amp.autocast('cuda', args...)` instead.
  with autocast(self.mixed_precision):
[2026-03-30 10:22:51](logger.py 179): id=CC_FMNIST_C10CFG_K20_E100_DT_0_95 | Ep. 5/100 - Step 200/273 (2.47 it/s) |##############      | - loss_cc=4.737 - loss_ce=2.17 - loss_ne=0.0213 - loss_div=0.0 - threshold=1.0 - loss=6.928
/scratch/e0538389/DivClust/engine/trainer.py:41: FutureWarning: `torch.cuda.amp.autocast(args...)` is deprecated. Please use `torch.amp.autocast('cuda', args...)` instead.
  with autocast(self.mixed_precision):
[2026-03-30 10:23:01](logger.py 179): id=CC_FMNIST_C10CFG_K20_E100_DT_0_95 | Ep. 5/100 - Step 225/273 (2.47 it/s) |################    | - loss_cc=4.735 - loss_ce=2.169 - loss_ne=0.0215 - loss_div=0.0 - threshold=1.0 - loss=6.925
/scratch/e0538389/DivClust/engine/trainer.py:41: FutureWarning: `torch.cuda.amp.autocast(args...)` is deprecated. Please use `torch.amp.autocast('cuda', args...)` instead.
  with autocast(self.mixed_precision):
[2026-03-30 10:23:11](logger.py 179): id=CC_FMNIST_C10CFG_K20_E100_DT_0_95 | Ep. 5/100 - Step 250/273 (2.47 it/s) |##################  | - loss_cc=4.735 - loss_ce=2.169 - loss_ne=0.0213 - loss_div=0.0 - threshold=1.0 - loss=6.926
/scratch/e0538389/DivClust/engine/trainer.py:41: FutureWarning: `torch.cuda.amp.autocast(args...)` is deprecated. Please use `torch.amp.autocast('cuda', args...)` instead.
  with autocast(self.mixed_precision):
[2026-03-30 10:23:20](logger.py 179): id=CC_FMNIST_C10CFG_K20_E100_DT_0_95 | Ep. 5/100 | Time: 00:01 | loss_cc=4.734 - loss_ce=2.169 - loss_ne=0.0209 - loss_div=0.0 - threshold=1.0 - loss=6.924
[2026-03-30 10:23:22](logger.py 179): id=CC_FMNIST_C10CFG_K20_E100_DT_0_95 | Ep. 6/100 - Step 0/273 (0.0 it/s) |                    | - loss_cc=4.728 - loss_ce=2.164 - loss_ne=0.0344 - loss_div=0.0 - threshold=1.0 - loss=6.926
/scratch/e0538389/DivClust/engine/trainer.py:41: FutureWarning: `torch.cuda.amp.autocast(args...)` is deprecated. Please use `torch.amp.autocast('cuda', args...)` instead.
  with autocast(self.mixed_precision):
/scratch/e0538389/DivClust/engine/trainer.py:41: FutureWarning: `torch.cuda.amp.autocast(args...)` is deprecated. Please use `torch.amp.autocast('cuda', args...)` instead.
  with autocast(self.mixed_precision):
[2026-03-30 10:23:33](logger.py 179): id=CC_FMNIST_C10CFG_K20_E100_DT_0_95 | Ep. 6/100 - Step 25/273 (2.42 it/s) |#                   | - loss_cc=4.724 - loss_ce=2.165 - loss_ne=0.0208 - loss_div=0.0 - threshold=1.0 - loss=6.91
/scratch/e0538389/DivClust/engine/trainer.py:41: FutureWarning: `torch.cuda.amp.autocast(args...)` is deprecated. Please use `torch.amp.autocast('cuda', args...)` instead.
  with autocast(self.mixed_precision):
[2026-03-30 10:23:43](logger.py 179): id=CC_FMNIST_C10CFG_K20_E100_DT_0_95 | Ep. 6/100 - Step 50/273 (2.45 it/s) |###                 | - loss_cc=4.718 - loss_ce=2.162 - loss_ne=0.021 - loss_div=0.0 - threshold=1.0 - loss=6.9
/scratch/e0538389/DivClust/engine/trainer.py:41: FutureWarning: `torch.cuda.amp.autocast(args...)` is deprecated. Please use `torch.amp.autocast('cuda', args...)` instead.
  with autocast(self.mixed_precision):
[2026-03-30 10:23:53](logger.py 179): id=CC_FMNIST_C10CFG_K20_E100_DT_0_95 | Ep. 6/100 - Step 75/273 (2.46 it/s) |#####               | - loss_cc=4.723 - loss_ce=2.164 - loss_ne=0.0209 - loss_div=0.0 - threshold=1.0 - loss=6.907
/scratch/e0538389/DivClust/engine/trainer.py:41: FutureWarning: `torch.cuda.amp.autocast(args...)` is deprecated. Please use `torch.amp.autocast('cuda', args...)` instead.
  with autocast(self.mixed_precision):
[2026-03-30 10:24:03](logger.py 179): id=CC_FMNIST_C10CFG_K20_E100_DT_0_95 | Ep. 6/100 - Step 100/273 (2.47 it/s) |#######             | - loss_cc=4.721 - loss_ce=2.163 - loss_ne=0.021 - loss_div=0.0 - threshold=1.0 - loss=6.906
/scratch/e0538389/DivClust/engine/trainer.py:41: FutureWarning: `torch.cuda.amp.autocast(args...)` is deprecated. Please use `torch.amp.autocast('cuda', args...)` instead.
  with autocast(self.mixed_precision):
/scratch/e0538389/DivClust/engine/trainer.py:41: FutureWarning: `torch.cuda.amp.autocast(args...)` is deprecated. Please use `torch.amp.autocast('cuda', args...)` instead.
  with autocast(self.mixed_precision):
[2026-03-30 10:24:13](logger.py 179): id=CC_FMNIST_C10CFG_K20_E100_DT_0_95 | Ep. 6/100 - Step 125/273 (2.46 it/s) |#########           | - loss_cc=4.72 - loss_ce=2.162 - loss_ne=0.0204 - loss_div=0.0 - threshold=1.0 - loss=6.903
/scratch/e0538389/DivClust/engine/trainer.py:41: FutureWarning: `torch.cuda.amp.autocast(args...)` is deprecated. Please use `torch.amp.autocast('cuda', args...)` instead.
  with autocast(self.mixed_precision):
[2026-03-30 10:24:23](logger.py 179): id=CC_FMNIST_C10CFG_K20_E100_DT_0_95 | Ep. 6/100 - Step 150/273 (2.47 it/s) |##########          | - loss_cc=4.72 - loss_ce=2.162 - loss_ne=0.0205 - loss_div=0.0 - threshold=1.0 - loss=6.903
/scratch/e0538389/DivClust/engine/trainer.py:41: FutureWarning: `torch.cuda.amp.autocast(args...)` is deprecated. Please use `torch.amp.autocast('cuda', args...)` instead.
  with autocast(self.mixed_precision):
[2026-03-30 10:24:33](logger.py 179): id=CC_FMNIST_C10CFG_K20_E100_DT_0_95 | Ep. 6/100 - Step 175/273 (2.47 it/s) |############        | - loss_cc=4.719 - loss_ce=2.162 - loss_ne=0.0204 - loss_div=0.0 - threshold=1.0 - loss=6.902
/scratch/e0538389/DivClust/engine/trainer.py:41: FutureWarning: `torch.cuda.amp.autocast(args...)` is deprecated. Please use `torch.amp.autocast('cuda', args...)` instead.
  with autocast(self.mixed_precision):
[2026-03-30 10:24:43](logger.py 179): id=CC_FMNIST_C10CFG_K20_E100_DT_0_95 | Ep. 6/100 - Step 200/273 (2.47 it/s) |##############      | - loss_cc=4.719 - loss_ce=2.162 - loss_ne=0.0203 - loss_div=0.0 - threshold=1.0 - loss=6.901
/scratch/e0538389/DivClust/engine/trainer.py:41: FutureWarning: `torch.cuda.amp.autocast(args...)` is deprecated. Please use `torch.amp.autocast('cuda', args...)` instead.
  with autocast(self.mixed_precision):
/scratch/e0538389/DivClust/engine/trainer.py:41: FutureWarning: `torch.cuda.amp.autocast(args...)` is deprecated. Please use `torch.amp.autocast('cuda', args...)` instead.
  with autocast(self.mixed_precision):
[2026-03-30 10:24:54](logger.py 179): id=CC_FMNIST_C10CFG_K20_E100_DT_0_95 | Ep. 6/100 - Step 225/273 (2.47 it/s) |################    | - loss_cc=4.718 - loss_ce=2.161 - loss_ne=0.0201 - loss_div=0.0 - threshold=1.0 - loss=6.899
/scratch/e0538389/DivClust/engine/trainer.py:41: FutureWarning: `torch.cuda.amp.autocast(args...)` is deprecated. Please use `torch.amp.autocast('cuda', args...)` instead.
  with autocast(self.mixed_precision):
[2026-03-30 10:25:04](logger.py 179): id=CC_FMNIST_C10CFG_K20_E100_DT_0_95 | Ep. 6/100 - Step 250/273 (2.47 it/s) |##################  | - loss_cc=4.716 - loss_ce=2.161 - loss_ne=0.0203 - loss_div=0.0 - threshold=1.0 - loss=6.897
/scratch/e0538389/DivClust/engine/trainer.py:41: FutureWarning: `torch.cuda.amp.autocast(args...)` is deprecated. Please use `torch.amp.autocast('cuda', args...)` instead.
  with autocast(self.mixed_precision):
[2026-03-30 10:25:12](logger.py 179): id=CC_FMNIST_C10CFG_K20_E100_DT_0_95 | Ep. 6/100 | Time: 00:01 | loss_cc=4.715 - loss_ce=2.16 - loss_ne=0.0204 - loss_div=0.0 - threshold=1.0 - loss=6.896
[2026-03-30 10:25:14](logger.py 179): id=CC_FMNIST_C10CFG_K20_E100_DT_0_95 | Ep. 7/100 - Step 0/273 (0.0 it/s) |                    | - loss_cc=4.702 - loss_ce=2.151 - loss_ne=0.0208 - loss_div=0.0 - threshold=1.0 - loss=6.873
/scratch/e0538389/DivClust/engine/trainer.py:41: FutureWarning: `torch.cuda.amp.autocast(args...)` is deprecated. Please use `torch.amp.autocast('cuda', args...)` instead.
  with autocast(self.mixed_precision):
[2026-03-30 10:25:24](logger.py 179): id=CC_FMNIST_C10CFG_K20_E100_DT_0_95 | Ep. 7/100 - Step 25/273 (2.48 it/s) |#                   | - loss_cc=4.706 - loss_ce=2.157 - loss_ne=0.0211 - loss_div=0.0 - threshold=1.0 - loss=6.884
/scratch/e0538389/DivClust/engine/trainer.py:41: FutureWarning: `torch.cuda.amp.autocast(args...)` is deprecated. Please use `torch.amp.autocast('cuda', args...)` instead.
  with autocast(self.mixed_precision):
/scratch/e0538389/DivClust/engine/trainer.py:41: FutureWarning: `torch.cuda.amp.autocast(args...)` is deprecated. Please use `torch.amp.autocast('cuda', args...)` instead.
  with autocast(self.mixed_precision):
[2026-03-30 10:25:35](logger.py 179): id=CC_FMNIST_C10CFG_K20_E100_DT_0_95 | Ep. 7/100 - Step 50/273 (2.45 it/s) |###                 | - loss_cc=4.705 - loss_ce=2.157 - loss_ne=0.0211 - loss_div=0.0 - threshold=1.0 - loss=6.883
/scratch/e0538389/DivClust/engine/trainer.py:41: FutureWarning: `torch.cuda.amp.autocast(args...)` is deprecated. Please use `torch.amp.autocast('cuda', args...)` instead.
  with autocast(self.mixed_precision):
[2026-03-30 10:25:45](logger.py 179): id=CC_FMNIST_C10CFG_K20_E100_DT_0_95 | Ep. 7/100 - Step 75/273 (2.46 it/s) |#####               | - loss_cc=4.704 - loss_ce=2.156 - loss_ne=0.021 - loss_div=0.0 - threshold=1.0 - loss=6.881
/scratch/e0538389/DivClust/engine/trainer.py:41: FutureWarning: `torch.cuda.amp.autocast(args...)` is deprecated. Please use `torch.amp.autocast('cuda', args...)` instead.
  with autocast(self.mixed_precision):
[2026-03-30 10:25:55](logger.py 179): id=CC_FMNIST_C10CFG_K20_E100_DT_0_95 | Ep. 7/100 - Step 100/273 (2.47 it/s) |#######             | - loss_cc=4.704 - loss_ce=2.156 - loss_ne=0.0215 - loss_div=0.0 - threshold=1.0 - loss=6.881
/scratch/e0538389/DivClust/engine/trainer.py:41: FutureWarning: `torch.cuda.amp.autocast(args...)` is deprecated. Please use `torch.amp.autocast('cuda', args...)` instead.
  with autocast(self.mixed_precision):
[2026-03-30 10:26:05](logger.py 179): id=CC_FMNIST_C10CFG_K20_E100_DT_0_95 | Ep. 7/100 - Step 125/273 (2.47 it/s) |#########           | - loss_cc=4.703 - loss_ce=2.155 - loss_ne=0.0208 - loss_div=0.0 - threshold=1.0 - loss=6.879
/scratch/e0538389/DivClust/engine/trainer.py:41: FutureWarning: `torch.cuda.amp.autocast(args...)` is deprecated. Please use `torch.amp.autocast('cuda', args...)` instead.
  with autocast(self.mixed_precision):
/scratch/e0538389/DivClust/engine/trainer.py:41: FutureWarning: `torch.cuda.amp.autocast(args...)` is deprecated. Please use `torch.amp.autocast('cuda', args...)` instead.
  with autocast(self.mixed_precision):
[2026-03-30 10:26:15](logger.py 179): id=CC_FMNIST_C10CFG_K20_E100_DT_0_95 | Ep. 7/100 - Step 150/273 (2.46 it/s) |##########          | - loss_cc=4.702 - loss_ce=2.155 - loss_ne=0.0203 - loss_div=0.0 - threshold=1.0 - loss=6.877
/scratch/e0538389/DivClust/engine/trainer.py:41: FutureWarning: `torch.cuda.amp.autocast(args...)` is deprecated. Please use `torch.amp.autocast('cuda', args...)` instead.
  with autocast(self.mixed_precision):
[2026-03-30 10:26:25](logger.py 179): id=CC_FMNIST_C10CFG_K20_E100_DT_0_95 | Ep. 7/100 - Step 175/273 (2.46 it/s) |############        | - loss_cc=4.704 - loss_ce=2.155 - loss_ne=0.0203 - loss_div=0.0 - threshold=1.0 - loss=6.879
/scratch/e0538389/DivClust/engine/trainer.py:41: FutureWarning: `torch.cuda.amp.autocast(args...)` is deprecated. Please use `torch.amp.autocast('cuda', args...)` instead.
  with autocast(self.mixed_precision):
[2026-03-30 10:26:35](logger.py 179): id=CC_FMNIST_C10CFG_K20_E100_DT_0_95 | Ep. 7/100 - Step 200/273 (2.47 it/s) |##############      | - loss_cc=4.703 - loss_ce=2.155 - loss_ne=0.0204 - loss_div=0.0 - threshold=1.0 - loss=6.878
/scratch/e0538389/DivClust/engine/trainer.py:41: FutureWarning: `torch.cuda.amp.autocast(args...)` is deprecated. Please use `torch.amp.autocast('cuda', args...)` instead.
  with autocast(self.mixed_precision):
[2026-03-30 10:26:45](logger.py 179): id=CC_FMNIST_C10CFG_K20_E100_DT_0_95 | Ep. 7/100 - Step 225/273 (2.47 it/s) |################    | - loss_cc=4.702 - loss_ce=2.155 - loss_ne=0.0202 - loss_div=0.0 - threshold=1.0 - loss=6.877
/scratch/e0538389/DivClust/engine/trainer.py:41: FutureWarning: `torch.cuda.amp.autocast(args...)` is deprecated. Please use `torch.amp.autocast('cuda', args...)` instead.
  with autocast(self.mixed_precision):
/scratch/e0538389/DivClust/engine/trainer.py:41: FutureWarning: `torch.cuda.amp.autocast(args...)` is deprecated. Please use `torch.amp.autocast('cuda', args...)` instead.
  with autocast(self.mixed_precision):
[2026-03-30 10:26:56](logger.py 179): id=CC_FMNIST_C10CFG_K20_E100_DT_0_95 | Ep. 7/100 - Step 250/273 (2.47 it/s) |##################  | - loss_cc=4.702 - loss_ce=2.154 - loss_ne=0.0201 - loss_div=0.0 - threshold=1.0 - loss=6.876
/scratch/e0538389/DivClust/engine/trainer.py:41: FutureWarning: `torch.cuda.amp.autocast(args...)` is deprecated. Please use `torch.amp.autocast('cuda', args...)` instead.
  with autocast(self.mixed_precision):
[2026-03-30 10:27:05](logger.py 179): id=CC_FMNIST_C10CFG_K20_E100_DT_0_95 | Ep. 7/100 | Time: 00:01 | loss_cc=4.702 - loss_ce=2.154 - loss_ne=0.0203 - loss_div=0.0 - threshold=1.0 - loss=6.876
[2026-03-30 10:27:07](logger.py 179): id=CC_FMNIST_C10CFG_K20_E100_DT_0_95 | Ep. 8/100 - Step 0/273 (0.0 it/s) |                    | - loss_cc=4.695 - loss_ce=2.14 - loss_ne=0.0209 - loss_div=0.0 - threshold=1.0 - loss=6.856
/scratch/e0538389/DivClust/engine/trainer.py:41: FutureWarning: `torch.cuda.amp.autocast(args...)` is deprecated. Please use `torch.amp.autocast('cuda', args...)` instead.
  with autocast(self.mixed_precision):
[2026-03-30 10:27:17](logger.py 179): id=CC_FMNIST_C10CFG_K20_E100_DT_0_95 | Ep. 8/100 - Step 25/273 (2.49 it/s) |#                   | - loss_cc=4.689 - loss_ce=2.148 - loss_ne=0.0174 - loss_div=0.0 - threshold=1.0 - loss=6.855
/scratch/e0538389/DivClust/engine/trainer.py:41: FutureWarning: `torch.cuda.amp.autocast(args...)` is deprecated. Please use `torch.amp.autocast('cuda', args...)` instead.
  with autocast(self.mixed_precision):
[2026-03-30 10:27:27](logger.py 179): id=CC_FMNIST_C10CFG_K20_E100_DT_0_95 | Ep. 8/100 - Step 50/273 (2.49 it/s) |###                 | - loss_cc=4.69 - loss_ce=2.147 - loss_ne=0.0176 - loss_div=0.0 - threshold=1.0 - loss=6.854
/scratch/e0538389/DivClust/engine/trainer.py:41: FutureWarning: `torch.cuda.amp.autocast(args...)` is deprecated. Please use `torch.amp.autocast('cuda', args...)` instead.
  with autocast(self.mixed_precision):
[2026-03-30 10:27:37](logger.py 179): id=CC_FMNIST_C10CFG_K20_E100_DT_0_95 | Ep. 8/100 - Step 75/273 (2.49 it/s) |#####               | - loss_cc=4.687 - loss_ce=2.147 - loss_ne=0.0187 - loss_div=0.0 - threshold=1.0 - loss=6.853
/scratch/e0538389/DivClust/engine/trainer.py:41: FutureWarning: `torch.cuda.amp.autocast(args...)` is deprecated. Please use `torch.amp.autocast('cuda', args...)` instead.
  with autocast(self.mixed_precision):
/scratch/e0538389/DivClust/engine/trainer.py:41: FutureWarning: `torch.cuda.amp.autocast(args...)` is deprecated. Please use `torch.amp.autocast('cuda', args...)` instead.
  with autocast(self.mixed_precision):
[2026-03-30 10:27:47](logger.py 179): id=CC_FMNIST_C10CFG_K20_E100_DT_0_95 | Ep. 8/100 - Step 100/273 (2.47 it/s) |#######             | - loss_cc=4.688 - loss_ce=2.147 - loss_ne=0.0187 - loss_div=0.0 - threshold=1.0 - loss=6.854
/scratch/e0538389/DivClust/engine/trainer.py:41: FutureWarning: `torch.cuda.amp.autocast(args...)` is deprecated. Please use `torch.amp.autocast('cuda', args...)` instead.
  with autocast(self.mixed_precision):
[2026-03-30 10:27:57](logger.py 179): id=CC_FMNIST_C10CFG_K20_E100_DT_0_95 | Ep. 8/100 - Step 125/273 (2.48 it/s) |#########           | - loss_cc=4.688 - loss_ce=2.148 - loss_ne=0.0198 - loss_div=0.0 - threshold=1.0 - loss=6.856
/scratch/e0538389/DivClust/engine/trainer.py:41: FutureWarning: `torch.cuda.amp.autocast(args...)` is deprecated. Please use `torch.amp.autocast('cuda', args...)` instead.
  with autocast(self.mixed_precision):
[2026-03-30 10:28:07](logger.py 179): id=CC_FMNIST_C10CFG_K20_E100_DT_0_95 | Ep. 8/100 - Step 150/273 (2.48 it/s) |##########          | - loss_cc=4.687 - loss_ce=2.148 - loss_ne=0.0201 - loss_div=0.0 - threshold=1.0 - loss=6.855
/scratch/e0538389/DivClust/engine/trainer.py:41: FutureWarning: `torch.cuda.amp.autocast(args...)` is deprecated. Please use `torch.amp.autocast('cuda', args...)` instead.
  with autocast(self.mixed_precision):
[2026-03-30 10:28:17](logger.py 179): id=CC_FMNIST_C10CFG_K20_E100_DT_0_95 | Ep. 8/100 - Step 175/273 (2.48 it/s) |############        | - loss_cc=4.688 - loss_ce=2.148 - loss_ne=0.0201 - loss_div=0.0 - threshold=1.0 - loss=6.856
/scratch/e0538389/DivClust/engine/trainer.py:41: FutureWarning: `torch.cuda.amp.autocast(args...)` is deprecated. Please use `torch.amp.autocast('cuda', args...)` instead.
  with autocast(self.mixed_precision):
/scratch/e0538389/DivClust/engine/trainer.py:41: FutureWarning: `torch.cuda.amp.autocast(args...)` is deprecated. Please use `torch.amp.autocast('cuda', args...)` instead.
  with autocast(self.mixed_precision):
[2026-03-30 10:28:27](logger.py 179): id=CC_FMNIST_C10CFG_K20_E100_DT_0_95 | Ep. 8/100 - Step 200/273 (2.47 it/s) |##############      | - loss_cc=4.688 - loss_ce=2.148 - loss_ne=0.02 - loss_div=0.0 - threshold=1.0 - loss=6.856
/scratch/e0538389/DivClust/engine/trainer.py:41: FutureWarning: `torch.cuda.amp.autocast(args...)` is deprecated. Please use `torch.amp.autocast('cuda', args...)` instead.
  with autocast(self.mixed_precision):
[2026-03-30 10:28:37](logger.py 179): id=CC_FMNIST_C10CFG_K20_E100_DT_0_95 | Ep. 8/100 - Step 225/273 (2.48 it/s) |################    | - loss_cc=4.688 - loss_ce=2.148 - loss_ne=0.0205 - loss_div=0.0 - threshold=1.0 - loss=6.857
/scratch/e0538389/DivClust/engine/trainer.py:41: FutureWarning: `torch.cuda.amp.autocast(args...)` is deprecated. Please use `torch.amp.autocast('cuda', args...)` instead.
  with autocast(self.mixed_precision):
[2026-03-30 10:28:47](logger.py 179): id=CC_FMNIST_C10CFG_K20_E100_DT_0_95 | Ep. 8/100 - Step 250/273 (2.48 it/s) |##################  | - loss_cc=4.687 - loss_ce=2.148 - loss_ne=0.0206 - loss_div=0.0 - threshold=1.0 - loss=6.856
/scratch/e0538389/DivClust/engine/trainer.py:41: FutureWarning: `torch.cuda.amp.autocast(args...)` is deprecated. Please use `torch.amp.autocast('cuda', args...)` instead.
  with autocast(self.mixed_precision):
[2026-03-30 10:28:56](logger.py 179): id=CC_FMNIST_C10CFG_K20_E100_DT_0_95 | Ep. 8/100 | Time: 00:01 | loss_cc=4.687 - loss_ce=2.148 - loss_ne=0.0209 - loss_div=0.0 - threshold=1.0 - loss=6.856
[2026-03-30 10:28:58](logger.py 179): id=CC_FMNIST_C10CFG_K20_E100_DT_0_95 | Ep. 9/100 - Step 0/273 (0.0 it/s) |                    | - loss_cc=4.663 - loss_ce=2.125 - loss_ne=0.0104 - loss_div=0.0 - threshold=1.0 - loss=6.799
/scratch/e0538389/DivClust/engine/trainer.py:41: FutureWarning: `torch.cuda.amp.autocast(args...)` is deprecated. Please use `torch.amp.autocast('cuda', args...)` instead.
  with autocast(self.mixed_precision):
/scratch/e0538389/DivClust/engine/trainer.py:41: FutureWarning: `torch.cuda.amp.autocast(args...)` is deprecated. Please use `torch.amp.autocast('cuda', args...)` instead.
  with autocast(self.mixed_precision):
[2026-03-30 10:29:09](logger.py 179): id=CC_FMNIST_C10CFG_K20_E100_DT_0_95 | Ep. 9/100 - Step 25/273 (2.42 it/s) |#                   | - loss_cc=4.68 - loss_ce=2.144 - loss_ne=0.0176 - loss_div=0.0 - threshold=1.0 - loss=6.841
/scratch/e0538389/DivClust/engine/trainer.py:41: FutureWarning: `torch.cuda.amp.autocast(args...)` is deprecated. Please use `torch.amp.autocast('cuda', args...)` instead.
  with autocast(self.mixed_precision):
[2026-03-30 10:29:19](logger.py 179): id=CC_FMNIST_C10CFG_K20_E100_DT_0_95 | Ep. 9/100 - Step 50/273 (2.45 it/s) |###                 | - loss_cc=4.68 - loss_ce=2.144 - loss_ne=0.0184 - loss_div=0.0 - threshold=1.0 - loss=6.843
/scratch/e0538389/DivClust/engine/trainer.py:41: FutureWarning: `torch.cuda.amp.autocast(args...)` is deprecated. Please use `torch.amp.autocast('cuda', args...)` instead.
  with autocast(self.mixed_precision):
[2026-03-30 10:29:29](logger.py 179): id=CC_FMNIST_C10CFG_K20_E100_DT_0_95 | Ep. 9/100 - Step 75/273 (2.47 it/s) |#####               | - loss_cc=4.679 - loss_ce=2.145 - loss_ne=0.0186 - loss_div=0.0 - threshold=1.0 - loss=6.842
/scratch/e0538389/DivClust/engine/trainer.py:41: FutureWarning: `torch.cuda.amp.autocast(args...)` is deprecated. Please use `torch.amp.autocast('cuda', args...)` instead.
  with autocast(self.mixed_precision):
[2026-03-30 10:29:39](logger.py 179): id=CC_FMNIST_C10CFG_K20_E100_DT_0_95 | Ep. 9/100 - Step 100/273 (2.47 it/s) |#######             | - loss_cc=4.681 - loss_ce=2.145 - loss_ne=0.0194 - loss_div=0.0 - threshold=1.0 - loss=6.845
/scratch/e0538389/DivClust/engine/trainer.py:41: FutureWarning: `torch.cuda.amp.autocast(args...)` is deprecated. Please use `torch.amp.autocast('cuda', args...)` instead.
  with autocast(self.mixed_precision):
/scratch/e0538389/DivClust/engine/trainer.py:41: FutureWarning: `torch.cuda.amp.autocast(args...)` is deprecated. Please use `torch.amp.autocast('cuda', args...)` instead.
  with autocast(self.mixed_precision):
[2026-03-30 10:29:49](logger.py 179): id=CC_FMNIST_C10CFG_K20_E100_DT_0_95 | Ep. 9/100 - Step 125/273 (2.46 it/s) |#########           | - loss_cc=4.682 - loss_ce=2.145 - loss_ne=0.0204 - loss_div=0.0 - threshold=1.0 - loss=6.847
/scratch/e0538389/DivClust/engine/trainer.py:41: FutureWarning: `torch.cuda.amp.autocast(args...)` is deprecated. Please use `torch.amp.autocast('cuda', args...)` instead.
  with autocast(self.mixed_precision):
[2026-03-30 10:29:59](logger.py 179): id=CC_FMNIST_C10CFG_K20_E100_DT_0_95 | Ep. 9/100 - Step 150/273 (2.46 it/s) |##########          | - loss_cc=4.683 - loss_ce=2.146 - loss_ne=0.0209 - loss_div=0.0 - threshold=1.0 - loss=6.849
/scratch/e0538389/DivClust/engine/trainer.py:41: FutureWarning: `torch.cuda.amp.autocast(args...)` is deprecated. Please use `torch.amp.autocast('cuda', args...)` instead.
  with autocast(self.mixed_precision):
[2026-03-30 10:30:09](logger.py 179): id=CC_FMNIST_C10CFG_K20_E100_DT_0_95 | Ep. 9/100 - Step 175/273 (2.47 it/s) |############        | - loss_cc=4.682 - loss_ce=2.145 - loss_ne=0.0209 - loss_div=0.0 - threshold=1.0 - loss=6.848
/scratch/e0538389/DivClust/engine/trainer.py:41: FutureWarning: `torch.cuda.amp.autocast(args...)` is deprecated. Please use `torch.amp.autocast('cuda', args...)` instead.
  with autocast(self.mixed_precision):
[2026-03-30 10:30:19](logger.py 179): id=CC_FMNIST_C10CFG_K20_E100_DT_0_95 | Ep. 9/100 - Step 200/273 (2.47 it/s) |##############      | - loss_cc=4.681 - loss_ce=2.145 - loss_ne=0.0207 - loss_div=0.0 - threshold=1.0 - loss=6.847
/scratch/e0538389/DivClust/engine/trainer.py:41: FutureWarning: `torch.cuda.amp.autocast(args...)` is deprecated. Please use `torch.amp.autocast('cuda', args...)` instead.
  with autocast(self.mixed_precision):
/scratch/e0538389/DivClust/engine/trainer.py:41: FutureWarning: `torch.cuda.amp.autocast(args...)` is deprecated. Please use `torch.amp.autocast('cuda', args...)` instead.
  with autocast(self.mixed_precision):
[2026-03-30 10:30:30](logger.py 179): id=CC_FMNIST_C10CFG_K20_E100_DT_0_95 | Ep. 9/100 - Step 225/273 (2.46 it/s) |################    | - loss_cc=4.68 - loss_ce=2.145 - loss_ne=0.0205 - loss_div=0.0 - threshold=1.0 - loss=6.846
/scratch/e0538389/DivClust/engine/trainer.py:41: FutureWarning: `torch.cuda.amp.autocast(args...)` is deprecated. Please use `torch.amp.autocast('cuda', args...)` instead.
  with autocast(self.mixed_precision):
[2026-03-30 10:30:40](logger.py 179): id=CC_FMNIST_C10CFG_K20_E100_DT_0_95 | Ep. 9/100 - Step 250/273 (2.47 it/s) |##################  | - loss_cc=4.68 - loss_ce=2.145 - loss_ne=0.0207 - loss_div=0.0 - threshold=1.0 - loss=6.845
/scratch/e0538389/DivClust/engine/trainer.py:41: FutureWarning: `torch.cuda.amp.autocast(args...)` is deprecated. Please use `torch.amp.autocast('cuda', args...)` instead.
  with autocast(self.mixed_precision):
[2026-03-30 10:30:49](logger.py 179): id=CC_FMNIST_C10CFG_K20_E100_DT_0_95 | Ep. 9/100 | Time: 00:01 | loss_cc=4.679 - loss_ce=2.144 - loss_ne=0.0204 - loss_div=0.0 - threshold=1.0 - loss=6.843
[2026-03-30 10:30:51](logger.py 179): id=CC_FMNIST_C10CFG_K20_E100_DT_0_95 | Ep. 10/100 - Step 0/273 (0.0 it/s) |                    | - loss_cc=4.685 - loss_ce=2.146 - loss_ne=0.0228 - loss_div=0.0 - threshold=1.0 - loss=6.853
/scratch/e0538389/DivClust/engine/trainer.py:41: FutureWarning: `torch.cuda.amp.autocast(args...)` is deprecated. Please use `torch.amp.autocast('cuda', args...)` instead.
  with autocast(self.mixed_precision):
[2026-03-30 10:31:01](logger.py 179): id=CC_FMNIST_C10CFG_K20_E100_DT_0_95 | Ep. 10/100 - Step 25/273 (2.49 it/s) |#                   | - loss_cc=4.663 - loss_ce=2.135 - loss_ne=0.0183 - loss_div=0.0 - threshold=1.0 - loss=6.817
/scratch/e0538389/DivClust/engine/trainer.py:41: FutureWarning: `torch.cuda.amp.autocast(args...)` is deprecated. Please use `torch.amp.autocast('cuda', args...)` instead.
  with autocast(self.mixed_precision):
[2026-03-30 10:31:11](logger.py 179): id=CC_FMNIST_C10CFG_K20_E100_DT_0_95 | Ep. 10/100 - Step 50/273 (2.46 it/s) |###                 | - loss_cc=4.667 - loss_ce=2.139 - loss_ne=0.0191 - loss_div=0.0 - threshold=1.0 - loss=6.824
/scratch/e0538389/DivClust/engine/trainer.py:41: FutureWarning: `torch.cuda.amp.autocast(args...)` is deprecated. Please use `torch.amp.autocast('cuda', args...)` instead.
  with autocast(self.mixed_precision):
/scratch/e0538389/DivClust/engine/trainer.py:41: FutureWarning: `torch.cuda.amp.autocast(args...)` is deprecated. Please use `torch.amp.autocast('cuda', args...)` instead.
  with autocast(self.mixed_precision):
[2026-03-30 10:31:21](logger.py 179): id=CC_FMNIST_C10CFG_K20_E100_DT_0_95 | Ep. 10/100 - Step 75/273 (2.47 it/s) |#####               | - loss_cc=4.666 - loss_ce=2.139 - loss_ne=0.0197 - loss_div=0.0 - threshold=1.0 - loss=6.825
/scratch/e0538389/DivClust/engine/trainer.py:41: FutureWarning: `torch.cuda.amp.autocast(args...)` is deprecated. Please use `torch.amp.autocast('cuda', args...)` instead.
  with autocast(self.mixed_precision):
[2026-03-30 10:31:31](logger.py 179): id=CC_FMNIST_C10CFG_K20_E100_DT_0_95 | Ep. 10/100 - Step 100/273 (2.47 it/s) |#######             | - loss_cc=4.666 - loss_ce=2.139 - loss_ne=0.0196 - loss_div=0.0 - threshold=1.0 - loss=6.824
/scratch/e0538389/DivClust/engine/trainer.py:41: FutureWarning: `torch.cuda.amp.autocast(args...)` is deprecated. Please use `torch.amp.autocast('cuda', args...)` instead.
  with autocast(self.mixed_precision):
[2026-03-30 10:31:41](logger.py 179): id=CC_FMNIST_C10CFG_K20_E100_DT_0_95 | Ep. 10/100 - Step 125/273 (2.48 it/s) |#########           | - loss_cc=4.669 - loss_ce=2.14 - loss_ne=0.0201 - loss_div=0.0 - threshold=1.0 - loss=6.829
/scratch/e0538389/DivClust/engine/trainer.py:41: FutureWarning: `torch.cuda.amp.autocast(args...)` is deprecated. Please use `torch.amp.autocast('cuda', args...)` instead.
  with autocast(self.mixed_precision):
[2026-03-30 10:31:51](logger.py 179): id=CC_FMNIST_C10CFG_K20_E100_DT_0_95 | Ep. 10/100 - Step 150/273 (2.47 it/s) |##########          | - loss_cc=4.67 - loss_ce=2.14 - loss_ne=0.0201 - loss_div=0.0 - threshold=1.0 - loss=6.83
/scratch/e0538389/DivClust/engine/trainer.py:41: FutureWarning: `torch.cuda.amp.autocast(args...)` is deprecated. Please use `torch.amp.autocast('cuda', args...)` instead.
  with autocast(self.mixed_precision):
/scratch/e0538389/DivClust/engine/trainer.py:41: FutureWarning: `torch.cuda.amp.autocast(args...)` is deprecated. Please use `torch.amp.autocast('cuda', args...)` instead.
  with autocast(self.mixed_precision):
[2026-03-30 10:32:01](logger.py 179): id=CC_FMNIST_C10CFG_K20_E100_DT_0_95 | Ep. 10/100 - Step 175/273 (2.47 it/s) |############        | - loss_cc=4.668 - loss_ce=2.14 - loss_ne=0.0205 - loss_div=0.0 - threshold=1.0 - loss=6.828
/scratch/e0538389/DivClust/engine/trainer.py:41: FutureWarning: `torch.cuda.amp.autocast(args...)` is deprecated. Please use `torch.amp.autocast('cuda', args...)` instead.
  with autocast(self.mixed_precision):
[2026-03-30 10:32:11](logger.py 179): id=CC_FMNIST_C10CFG_K20_E100_DT_0_95 | Ep. 10/100 - Step 200/273 (2.47 it/s) |##############      | - loss_cc=4.668 - loss_ce=2.139 - loss_ne=0.0203 - loss_div=0.0 - threshold=1.0 - loss=6.828
/scratch/e0538389/DivClust/engine/trainer.py:41: FutureWarning: `torch.cuda.amp.autocast(args...)` is deprecated. Please use `torch.amp.autocast('cuda', args...)` instead.
  with autocast(self.mixed_precision):
[2026-03-30 10:32:21](logger.py 179): id=CC_FMNIST_C10CFG_K20_E100_DT_0_95 | Ep. 10/100 - Step 225/273 (2.47 it/s) |################    | - loss_cc=4.668 - loss_ce=2.139 - loss_ne=0.0205 - loss_div=0.0 - threshold=1.0 - loss=6.828
/scratch/e0538389/DivClust/engine/trainer.py:41: FutureWarning: `torch.cuda.amp.autocast(args...)` is deprecated. Please use `torch.amp.autocast('cuda', args...)` instead.
  with autocast(self.mixed_precision):
[2026-03-30 10:32:32](logger.py 179): id=CC_FMNIST_C10CFG_K20_E100_DT_0_95 | Ep. 10/100 - Step 250/273 (2.47 it/s) |##################  | - loss_cc=4.668 - loss_ce=2.139 - loss_ne=0.0205 - loss_div=0.0 - threshold=1.0 - loss=6.828
/scratch/e0538389/DivClust/engine/trainer.py:41: FutureWarning: `torch.cuda.amp.autocast(args...)` is deprecated. Please use `torch.amp.autocast('cuda', args...)` instead.
  with autocast(self.mixed_precision):
/scratch/e0538389/DivClust/engine/trainer.py:41: FutureWarning: `torch.cuda.amp.autocast(args...)` is deprecated. Please use `torch.amp.autocast('cuda', args...)` instead.
  with autocast(self.mixed_precision):
[2026-03-30 10:32:41](logger.py 179): Evaluating
[2026-03-30 10:32:41](logger.py 179): Eval. step 0 of 274
[2026-03-30 10:32:43](logger.py 179): Eval. step 25 of 274
[2026-03-30 10:32:46](logger.py 179): Eval. step 50 of 274
[2026-03-30 10:32:48](logger.py 179): Eval. step 75 of 274
[2026-03-30 10:32:50](logger.py 179): Eval. step 100 of 274
[2026-03-30 10:32:53](logger.py 179): Eval. step 125 of 274
[2026-03-30 10:32:55](logger.py 179): Eval. step 150 of 274
[2026-03-30 10:32:57](logger.py 179): Eval. step 175 of 274
[2026-03-30 10:33:00](logger.py 179): Eval. step 200 of 274
[2026-03-30 10:33:02](logger.py 179): Eval. step 225 of 274
[2026-03-30 10:33:04](logger.py 179): Eval. step 250 of 274
[2026-03-30 10:33:08](logger.py 179): id=CC_FMNIST_C10CFG_K20_E100_DT_0_95 | Ep. 10/100 | Time: 00:02 | loss_cc=4.667 - loss_ce=2.14 - loss_ne=0.0205 - loss_div=0.0 - threshold=1.0 - loss=6.827 - eval_confidence=0.87 - cluster_acc_0_eval=63.15 - cluster_nmi_0_eval=0.591 - cluster_ari_0_eval=0.486 - cluster_acc_1_eval=54.56 - cluster_nmi_1_eval=0.509 - cluster_ari_1_eval=0.38 - cluster_acc_2_eval=62.84 - cluster_nmi_2_eval=0.588 - cluster_ari_2_eval=0.482 - cluster_acc_3_eval=50.54 - cluster_nmi_3_eval=0.488 - cluster_ari_3_eval=0.363 - cluster_acc_4_eval=63.17 - cluster_nmi_4_eval=0.592 - cluster_ari_4_eval=0.487 - cluster_acc_5_eval=63.19 - cluster_nmi_5_eval=0.592 - cluster_ari_5_eval=0.486 - cluster_acc_6_eval=63.14 - cluster_nmi_6_eval=0.591 - cluster_ari_6_eval=0.486 - cluster_acc_7_eval=63.16 - cluster_nmi_7_eval=0.59 - cluster_ari_7_eval=0.484 - cluster_acc_8_eval=63.17 - cluster_nmi_8_eval=0.592 - cluster_ari_8_eval=0.487 - cluster_acc_9_eval=63.2 - cluster_nmi_9_eval=0.591 - cluster_ari_9_eval=0.485 - cluster_acc_10_eval=63.1 - cluster_nmi_10_eval=0.591 - cluster_ari_10_eval=0.486 - cluster_acc_11_eval=52.97 - cluster_nmi_11_eval=0.493 - cluster_ari_11_eval=0.369 - cluster_acc_12_eval=48.99 - cluster_nmi_12_eval=0.486 - cluster_ari_12_eval=0.354 - cluster_acc_13_eval=63.17 - cluster_nmi_13_eval=0.591 - cluster_ari_13_eval=0.485 - cluster_acc_14_eval=63.11 - cluster_nmi_14_eval=0.588 - cluster_ari_14_eval=0.482 - cluster_acc_15_eval=63.24 - cluster_nmi_15_eval=0.59 - cluster_ari_15_eval=0.486 - cluster_acc_16_eval=63.22 - cluster_nmi_16_eval=0.591 - cluster_ari_16_eval=0.486 - cluster_acc_17_eval=63.26 - cluster_nmi_17_eval=0.592 - cluster_ari_17_eval=0.486 - cluster_acc_18_eval=63.12 - cluster_nmi_18_eval=0.59 - cluster_ari_18_eval=0.485 - cluster_acc_19_eval=62.57 - cluster_nmi_19_eval=0.581 - cluster_ari_19_eval=0.472 - max_cluster_acc_eval=63.26 - mean_cluster_acc_eval=60.84 - min_cluster_acc_eval=48.99 - max_cluster_nmi_eval=0.592 - mean_cluster_nmi_eval=0.571 - min_cluster_nmi_eval=0.486 - max_cluster_ari_eval=0.487 - mean_cluster_ari_eval=0.461 - min_cluster_ari_eval=0.354 - interclustering_nmi_eval=0.882
/scratch/e0538389/DivClust/engine/trainer.py:41: FutureWarning: `torch.cuda.amp.autocast(args...)` is deprecated. Please use `torch.amp.autocast('cuda', args...)` instead.
  with autocast(self.mixed_precision):
[2026-03-30 10:33:10](logger.py 179): id=CC_FMNIST_C10CFG_K20_E100_DT_0_95 | Ep. 11/100 - Step 0/273 (0.0 it/s) |                    | - loss_cc=4.679 - loss_ce=2.134 - loss_ne=0.0308 - loss_div=0.0 - threshold=1.0 - loss=6.845
/scratch/e0538389/DivClust/engine/trainer.py:41: FutureWarning: `torch.cuda.amp.autocast(args...)` is deprecated. Please use `torch.amp.autocast('cuda', args...)` instead.
  with autocast(self.mixed_precision):
[2026-03-30 10:33:20](logger.py 179): id=CC_FMNIST_C10CFG_K20_E100_DT_0_95 | Ep. 11/100 - Step 25/273 (2.48 it/s) |#                   | - loss_cc=4.667 - loss_ce=2.141 - loss_ne=0.0214 - loss_div=0.0 - threshold=1.0 - loss=6.829
/scratch/e0538389/DivClust/engine/trainer.py:41: FutureWarning: `torch.cuda.amp.autocast(args...)` is deprecated. Please use `torch.amp.autocast('cuda', args...)` instead.
  with autocast(self.mixed_precision):
[2026-03-30 10:33:30](logger.py 179): id=CC_FMNIST_C10CFG_K20_E100_DT_0_95 | Ep. 11/100 - Step 50/273 (2.49 it/s) |###                 | - loss_cc=4.662 - loss_ce=2.138 - loss_ne=0.0215 - loss_div=0.0 - threshold=1.0 - loss=6.821
/scratch/e0538389/DivClust/engine/trainer.py:41: FutureWarning: `torch.cuda.amp.autocast(args...)` is deprecated. Please use `torch.amp.autocast('cuda', args...)` instead.
  with autocast(self.mixed_precision):
[2026-03-30 10:33:40](logger.py 179): id=CC_FMNIST_C10CFG_K20_E100_DT_0_95 | Ep. 11/100 - Step 75/273 (2.49 it/s) |#####               | - loss_cc=4.664 - loss_ce=2.138 - loss_ne=0.0216 - loss_div=0.0 - threshold=1.0 - loss=6.824
/scratch/e0538389/DivClust/engine/trainer.py:41: FutureWarning: `torch.cuda.amp.autocast(args...)` is deprecated. Please use `torch.amp.autocast('cuda', args...)` instead.
  with autocast(self.mixed_precision):
/scratch/e0538389/DivClust/engine/trainer.py:41: FutureWarning: `torch.cuda.amp.autocast(args...)` is deprecated. Please use `torch.amp.autocast('cuda', args...)` instead.
  with autocast(self.mixed_precision):
[2026-03-30 10:33:51](logger.py 179): id=CC_FMNIST_C10CFG_K20_E100_DT_0_95 | Ep. 11/100 - Step 100/273 (2.47 it/s) |#######             | - loss_cc=4.665 - loss_ce=2.139 - loss_ne=0.0215 - loss_div=0.0 - threshold=1.0 - loss=6.825
/scratch/e0538389/DivClust/engine/trainer.py:41: FutureWarning: `torch.cuda.amp.autocast(args...)` is deprecated. Please use `torch.amp.autocast('cuda', args...)` instead.
  with autocast(self.mixed_precision):
[2026-03-30 10:34:01](logger.py 179): id=CC_FMNIST_C10CFG_K20_E100_DT_0_95 | Ep. 11/100 - Step 125/273 (2.48 it/s) |#########           | - loss_cc=4.664 - loss_ce=2.139 - loss_ne=0.021 - loss_div=0.0 - threshold=1.0 - loss=6.824
/scratch/e0538389/DivClust/engine/trainer.py:41: FutureWarning: `torch.cuda.amp.autocast(args...)` is deprecated. Please use `torch.amp.autocast('cuda', args...)` instead.
  with autocast(self.mixed_precision):
[2026-03-30 10:34:11](logger.py 179): id=CC_FMNIST_C10CFG_K20_E100_DT_0_95 | Ep. 11/100 - Step 150/273 (2.48 it/s) |##########          | - loss_cc=4.663 - loss_ce=2.139 - loss_ne=0.0209 - loss_div=0.0 - threshold=1.0 - loss=6.823
/scratch/e0538389/DivClust/engine/trainer.py:41: FutureWarning: `torch.cuda.amp.autocast(args...)` is deprecated. Please use `torch.amp.autocast('cuda', args...)` instead.
  with autocast(self.mixed_precision):
[2026-03-30 10:34:21](logger.py 179): id=CC_FMNIST_C10CFG_K20_E100_DT_0_95 | Ep. 11/100 - Step 175/273 (2.48 it/s) |############        | - loss_cc=4.663 - loss_ce=2.139 - loss_ne=0.0211 - loss_div=0.0 - threshold=1.0 - loss=6.823
/scratch/e0538389/DivClust/engine/trainer.py:41: FutureWarning: `torch.cuda.amp.autocast(args...)` is deprecated. Please use `torch.amp.autocast('cuda', args...)` instead.
  with autocast(self.mixed_precision):
/scratch/e0538389/DivClust/engine/trainer.py:41: FutureWarning: `torch.cuda.amp.autocast(args...)` is deprecated. Please use `torch.amp.autocast('cuda', args...)` instead.
  with autocast(self.mixed_precision):
[2026-03-30 10:34:31](logger.py 179): id=CC_FMNIST_C10CFG_K20_E100_DT_0_95 | Ep. 11/100 - Step 200/273 (2.47 it/s) |##############      | - loss_cc=4.664 - loss_ce=2.139 - loss_ne=0.0207 - loss_div=0.0 - threshold=1.0 - loss=6.823
/scratch/e0538389/DivClust/engine/trainer.py:41: FutureWarning: `torch.cuda.amp.autocast(args...)` is deprecated. Please use `torch.amp.autocast('cuda', args...)` instead.
  with autocast(self.mixed_precision):
[2026-03-30 10:34:41](logger.py 179): id=CC_FMNIST_C10CFG_K20_E100_DT_0_95 | Ep. 11/100 - Step 225/273 (2.48 it/s) |################    | - loss_cc=4.663 - loss_ce=2.139 - loss_ne=0.0207 - loss_div=0.0 - threshold=1.0 - loss=6.823
/scratch/e0538389/DivClust/engine/trainer.py:41: FutureWarning: `torch.cuda.amp.autocast(args...)` is deprecated. Please use `torch.amp.autocast('cuda', args...)` instead.
  with autocast(self.mixed_precision):
[2026-03-30 10:34:51](logger.py 179): id=CC_FMNIST_C10CFG_K20_E100_DT_0_95 | Ep. 11/100 - Step 250/273 (2.48 it/s) |##################  | - loss_cc=4.663 - loss_ce=2.139 - loss_ne=0.021 - loss_div=0.0 - threshold=1.0 - loss=6.823
/scratch/e0538389/DivClust/engine/trainer.py:41: FutureWarning: `torch.cuda.amp.autocast(args...)` is deprecated. Please use `torch.amp.autocast('cuda', args...)` instead.
  with autocast(self.mixed_precision):
[2026-03-30 10:35:00](logger.py 179): id=CC_FMNIST_C10CFG_K20_E100_DT_0_95 | Ep. 11/100 | Time: 00:01 | loss_cc=4.662 - loss_ce=2.138 - loss_ne=0.0209 - loss_div=0.0 - threshold=1.0 - loss=6.822
[2026-03-30 10:35:02](logger.py 179): id=CC_FMNIST_C10CFG_K20_E100_DT_0_95 | Ep. 12/100 - Step 0/273 (0.0 it/s) |                    | - loss_cc=4.674 - loss_ce=2.14 - loss_ne=0.0104 - loss_div=0.0 - threshold=1.0 - loss=6.824
/scratch/e0538389/DivClust/engine/trainer.py:41: FutureWarning: `torch.cuda.amp.autocast(args...)` is deprecated. Please use `torch.amp.autocast('cuda', args...)` instead.
  with autocast(self.mixed_precision):
/scratch/e0538389/DivClust/engine/trainer.py:41: FutureWarning: `torch.cuda.amp.autocast(args...)` is deprecated. Please use `torch.amp.autocast('cuda', args...)` instead.
  with autocast(self.mixed_precision):
[2026-03-30 10:35:12](logger.py 179): id=CC_FMNIST_C10CFG_K20_E100_DT_0_95 | Ep. 12/100 - Step 25/273 (2.42 it/s) |#                   | - loss_cc=4.661 - loss_ce=2.136 - loss_ne=0.0195 - loss_div=0.0 - threshold=1.0 - loss=6.817
/scratch/e0538389/DivClust/engine/trainer.py:41: FutureWarning: `torch.cuda.amp.autocast(args...)` is deprecated. Please use `torch.amp.autocast('cuda', args...)` instead.
  with autocast(self.mixed_precision):
[2026-03-30 10:35:22](logger.py 179): id=CC_FMNIST_C10CFG_K20_E100_DT_0_95 | Ep. 12/100 - Step 50/273 (2.45 it/s) |###                 | - loss_cc=4.659 - loss_ce=2.137 - loss_ne=0.0182 - loss_div=0.0 - threshold=1.0 - loss=6.814
/scratch/e0538389/DivClust/engine/trainer.py:41: FutureWarning: `torch.cuda.amp.autocast(args...)` is deprecated. Please use `torch.amp.autocast('cuda', args...)` instead.
  with autocast(self.mixed_precision):
[2026-03-30 10:35:32](logger.py 179): id=CC_FMNIST_C10CFG_K20_E100_DT_0_95 | Ep. 12/100 - Step 75/273 (2.46 it/s) |#####               | - loss_cc=4.661 - loss_ce=2.137 - loss_ne=0.0196 - loss_div=0.0 - threshold=1.0 - loss=6.818
/scratch/e0538389/DivClust/engine/trainer.py:41: FutureWarning: `torch.cuda.amp.autocast(args...)` is deprecated. Please use `torch.amp.autocast('cuda', args...)` instead.
  with autocast(self.mixed_precision):
[2026-03-30 10:35:42](logger.py 179): id=CC_FMNIST_C10CFG_K20_E100_DT_0_95 | Ep. 12/100 - Step 100/273 (2.47 it/s) |#######             | - loss_cc=4.661 - loss_ce=2.137 - loss_ne=0.0191 - loss_div=0.0 - threshold=1.0 - loss=6.817
/scratch/e0538389/DivClust/engine/trainer.py:41: FutureWarning: `torch.cuda.amp.autocast(args...)` is deprecated. Please use `torch.amp.autocast('cuda', args...)` instead.
  with autocast(self.mixed_precision):
/scratch/e0538389/DivClust/engine/trainer.py:41: FutureWarning: `torch.cuda.amp.autocast(args...)` is deprecated. Please use `torch.amp.autocast('cuda', args...)` instead.
  with autocast(self.mixed_precision):
[2026-03-30 10:35:53](logger.py 179): id=CC_FMNIST_C10CFG_K20_E100_DT_0_95 | Ep. 12/100 - Step 125/273 (2.46 it/s) |#########           | - loss_cc=4.659 - loss_ce=2.136 - loss_ne=0.019 - loss_div=0.0 - threshold=1.0 - loss=6.814
/scratch/e0538389/DivClust/engine/trainer.py:41: FutureWarning: `torch.cuda.amp.autocast(args...)` is deprecated. Please use `torch.amp.autocast('cuda', args...)` instead.
  with autocast(self.mixed_precision):
[2026-03-30 10:36:03](logger.py 179): id=CC_FMNIST_C10CFG_K20_E100_DT_0_95 | Ep. 12/100 - Step 150/273 (2.46 it/s) |##########          | - loss_cc=4.658 - loss_ce=2.136 - loss_ne=0.0188 - loss_div=0.0 - threshold=1.0 - loss=6.813
/scratch/e0538389/DivClust/engine/trainer.py:41: FutureWarning: `torch.cuda.amp.autocast(args...)` is deprecated. Please use `torch.amp.autocast('cuda', args...)` instead.
  with autocast(self.mixed_precision):
[2026-03-30 10:36:13](logger.py 179): id=CC_FMNIST_C10CFG_K20_E100_DT_0_95 | Ep. 12/100 - Step 175/273 (2.47 it/s) |############        | - loss_cc=4.657 - loss_ce=2.136 - loss_ne=0.0183 - loss_div=0.0 - threshold=1.0 - loss=6.811
/scratch/e0538389/DivClust/engine/trainer.py:41: FutureWarning: `torch.cuda.amp.autocast(args...)` is deprecated. Please use `torch.amp.autocast('cuda', args...)` instead.
  with autocast(self.mixed_precision):
[2026-03-30 10:36:23](logger.py 179): id=CC_FMNIST_C10CFG_K20_E100_DT_0_95 | Ep. 12/100 - Step 200/273 (2.47 it/s) |##############      | - loss_cc=4.656 - loss_ce=2.135 - loss_ne=0.0183 - loss_div=0.0 - threshold=1.0 - loss=6.809
/scratch/e0538389/DivClust/engine/trainer.py:41: FutureWarning: `torch.cuda.amp.autocast(args...)` is deprecated. Please use `torch.amp.autocast('cuda', args...)` instead.
  with autocast(self.mixed_precision):
/scratch/e0538389/DivClust/engine/trainer.py:41: FutureWarning: `torch.cuda.amp.autocast(args...)` is deprecated. Please use `torch.amp.autocast('cuda', args...)` instead.
  with autocast(self.mixed_precision):
[2026-03-30 10:36:33](logger.py 179): id=CC_FMNIST_C10CFG_K20_E100_DT_0_95 | Ep. 12/100 - Step 225/273 (2.46 it/s) |################    | - loss_cc=4.656 - loss_ce=2.135 - loss_ne=0.0185 - loss_div=0.0 - threshold=1.0 - loss=6.809
/scratch/e0538389/DivClust/engine/trainer.py:41: FutureWarning: `torch.cuda.amp.autocast(args...)` is deprecated. Please use `torch.amp.autocast('cuda', args...)` instead.
  with autocast(self.mixed_precision):
[2026-03-30 10:36:43](logger.py 179): id=CC_FMNIST_C10CFG_K20_E100_DT_0_95 | Ep. 12/100 - Step 250/273 (2.47 it/s) |##################  | - loss_cc=4.656 - loss_ce=2.135 - loss_ne=0.0183 - loss_div=0.0 - threshold=1.0 - loss=6.81
/scratch/e0538389/DivClust/engine/trainer.py:41: FutureWarning: `torch.cuda.amp.autocast(args...)` is deprecated. Please use `torch.amp.autocast('cuda', args...)` instead.
  with autocast(self.mixed_precision):
[2026-03-30 10:36:52](logger.py 179): id=CC_FMNIST_C10CFG_K20_E100_DT_0_95 | Ep. 12/100 | Time: 00:01 | loss_cc=4.655 - loss_ce=2.135 - loss_ne=0.0184 - loss_div=0.0 - threshold=1.0 - loss=6.808
[2026-03-30 10:36:54](logger.py 179): id=CC_FMNIST_C10CFG_K20_E100_DT_0_95 | Ep. 13/100 - Step 0/273 (0.0 it/s) |                    | - loss_cc=4.668 - loss_ce=2.143 - loss_ne=0.0299 - loss_div=0.0 - threshold=1.0 - loss=6.841
/scratch/e0538389/DivClust/engine/trainer.py:41: FutureWarning: `torch.cuda.amp.autocast(args...)` is deprecated. Please use `torch.amp.autocast('cuda', args...)` instead.
  with autocast(self.mixed_precision):
[2026-03-30 10:37:04](logger.py 179): id=CC_FMNIST_C10CFG_K20_E100_DT_0_95 | Ep. 13/100 - Step 25/273 (2.49 it/s) |#                   | - loss_cc=4.646 - loss_ce=2.131 - loss_ne=0.0224 - loss_div=0.0 - threshold=1.0 - loss=6.799
/scratch/e0538389/DivClust/engine/trainer.py:41: FutureWarning: `torch.cuda.amp.autocast(args...)` is deprecated. Please use `torch.amp.autocast('cuda', args...)` instead.
  with autocast(self.mixed_precision):
[2026-03-30 10:37:14](logger.py 179): id=CC_FMNIST_C10CFG_K20_E100_DT_0_95 | Ep. 13/100 - Step 50/273 (2.49 it/s) |###                 | - loss_cc=4.649 - loss_ce=2.132 - loss_ne=0.0212 - loss_div=0.0 - threshold=1.0 - loss=6.802
/scratch/e0538389/DivClust/engine/trainer.py:41: FutureWarning: `torch.cuda.amp.autocast(args...)` is deprecated. Please use `torch.amp.autocast('cuda', args...)` instead.
  with autocast(self.mixed_precision):
/scratch/e0538389/DivClust/engine/trainer.py:41: FutureWarning: `torch.cuda.amp.autocast(args...)` is deprecated. Please use `torch.amp.autocast('cuda', args...)` instead.
  with autocast(self.mixed_precision):
[2026-03-30 10:37:25](logger.py 179): id=CC_FMNIST_C10CFG_K20_E100_DT_0_95 | Ep. 13/100 - Step 75/273 (2.47 it/s) |#####               | - loss_cc=4.648 - loss_ce=2.133 - loss_ne=0.0215 - loss_div=0.0 - threshold=1.0 - loss=6.803
/scratch/e0538389/DivClust/engine/trainer.py:41: FutureWarning: `torch.cuda.amp.autocast(args...)` is deprecated. Please use `torch.amp.autocast('cuda', args...)` instead.
  with autocast(self.mixed_precision):
[2026-03-30 10:37:35](logger.py 179): id=CC_FMNIST_C10CFG_K20_E100_DT_0_95 | Ep. 13/100 - Step 100/273 (2.47 it/s) |#######             | - loss_cc=4.647 - loss_ce=2.132 - loss_ne=0.0212 - loss_div=0.0 - threshold=1.0 - loss=6.8
/scratch/e0538389/DivClust/engine/trainer.py:41: FutureWarning: `torch.cuda.amp.autocast(args...)` is deprecated. Please use `torch.amp.autocast('cuda', args...)` instead.
  with autocast(self.mixed_precision):
[2026-03-30 10:37:45](logger.py 179): id=CC_FMNIST_C10CFG_K20_E100_DT_0_95 | Ep. 13/100 - Step 125/273 (2.47 it/s) |#########           | - loss_cc=4.648 - loss_ce=2.133 - loss_ne=0.0205 - loss_div=0.0 - threshold=1.0 - loss=6.801
/scratch/e0538389/DivClust/engine/trainer.py:41: FutureWarning: `torch.cuda.amp.autocast(args...)` is deprecated. Please use `torch.amp.autocast('cuda', args...)` instead.
  with autocast(self.mixed_precision):
[2026-03-30 10:37:55](logger.py 179): id=CC_FMNIST_C10CFG_K20_E100_DT_0_95 | Ep. 13/100 - Step 150/273 (2.48 it/s) |##########          | - loss_cc=4.649 - loss_ce=2.133 - loss_ne=0.0206 - loss_div=0.0 - threshold=1.0 - loss=6.802
/scratch/e0538389/DivClust/engine/trainer.py:41: FutureWarning: `torch.cuda.amp.autocast(args...)` is deprecated. Please use `torch.amp.autocast('cuda', args...)` instead.
  with autocast(self.mixed_precision):
/scratch/e0538389/DivClust/engine/trainer.py:41: FutureWarning: `torch.cuda.amp.autocast(args...)` is deprecated. Please use `torch.amp.autocast('cuda', args...)` instead.
  with autocast(self.mixed_precision):
[2026-03-30 10:38:05](logger.py 179): id=CC_FMNIST_C10CFG_K20_E100_DT_0_95 | Ep. 13/100 - Step 175/273 (2.47 it/s) |############        | - loss_cc=4.649 - loss_ce=2.133 - loss_ne=0.0204 - loss_div=0.0 - threshold=1.0 - loss=6.803
/scratch/e0538389/DivClust/engine/trainer.py:41: FutureWarning: `torch.cuda.amp.autocast(args...)` is deprecated. Please use `torch.amp.autocast('cuda', args...)` instead.
  with autocast(self.mixed_precision):
[2026-03-30 10:38:15](logger.py 179): id=CC_FMNIST_C10CFG_K20_E100_DT_0_95 | Ep. 13/100 - Step 200/273 (2.47 it/s) |##############      | - loss_cc=4.649 - loss_ce=2.133 - loss_ne=0.0203 - loss_div=0.0 - threshold=1.0 - loss=6.802
/scratch/e0538389/DivClust/engine/trainer.py:41: FutureWarning: `torch.cuda.amp.autocast(args...)` is deprecated. Please use `torch.amp.autocast('cuda', args...)` instead.
  with autocast(self.mixed_precision):
[2026-03-30 10:38:25](logger.py 179): id=CC_FMNIST_C10CFG_K20_E100_DT_0_95 | Ep. 13/100 - Step 225/273 (2.47 it/s) |################    | - loss_cc=4.648 - loss_ce=2.133 - loss_ne=0.0203 - loss_div=0.0 - threshold=1.0 - loss=6.801
/scratch/e0538389/DivClust/engine/trainer.py:41: FutureWarning: `torch.cuda.amp.autocast(args...)` is deprecated. Please use `torch.amp.autocast('cuda', args...)` instead.
  with autocast(self.mixed_precision):
[2026-03-30 10:38:35](logger.py 179): id=CC_FMNIST_C10CFG_K20_E100_DT_0_95 | Ep. 13/100 - Step 250/273 (2.47 it/s) |##################  | - loss_cc=4.647 - loss_ce=2.132 - loss_ne=0.02 - loss_div=0.0 - threshold=1.0 - loss=6.799
/scratch/e0538389/DivClust/engine/trainer.py:41: FutureWarning: `torch.cuda.amp.autocast(args...)` is deprecated. Please use `torch.amp.autocast('cuda', args...)` instead.
  with autocast(self.mixed_precision):
/scratch/e0538389/DivClust/engine/trainer.py:41: FutureWarning: `torch.cuda.amp.autocast(args...)` is deprecated. Please use `torch.amp.autocast('cuda', args...)` instead.
  with autocast(self.mixed_precision):
[2026-03-30 10:38:45](logger.py 179): id=CC_FMNIST_C10CFG_K20_E100_DT_0_95 | Ep. 13/100 | Time: 00:01 | loss_cc=4.647 - loss_ce=2.132 - loss_ne=0.0202 - loss_div=0.0 - threshold=1.0 - loss=6.799
[2026-03-30 10:38:47](logger.py 179): id=CC_FMNIST_C10CFG_K20_E100_DT_0_95 | Ep. 14/100 - Step 0/273 (0.0 it/s) |                    | - loss_cc=4.642 - loss_ce=2.148 - loss_ne=0.0191 - loss_div=0.0 - threshold=1.0 - loss=6.809
/scratch/e0538389/DivClust/engine/trainer.py:41: FutureWarning: `torch.cuda.amp.autocast(args...)` is deprecated. Please use `torch.amp.autocast('cuda', args...)` instead.
  with autocast(self.mixed_precision):
[2026-03-30 10:38:57](logger.py 179): id=CC_FMNIST_C10CFG_K20_E100_DT_0_95 | Ep. 14/100 - Step 25/273 (2.49 it/s) |#                   | - loss_cc=4.652 - loss_ce=2.132 - loss_ne=0.0195 - loss_div=0.0 - threshold=1.0 - loss=6.804
/scratch/e0538389/DivClust/engine/trainer.py:41: FutureWarning: `torch.cuda.amp.autocast(args...)` is deprecated. Please use `torch.amp.autocast('cuda', args...)` instead.
  with autocast(self.mixed_precision):
[2026-03-30 10:39:07](logger.py 179): id=CC_FMNIST_C10CFG_K20_E100_DT_0_95 | Ep. 14/100 - Step 50/273 (2.49 it/s) |###                 | - loss_cc=4.651 - loss_ce=2.133 - loss_ne=0.0173 - loss_div=0.0 - threshold=1.0 - loss=6.801
/scratch/e0538389/DivClust/engine/trainer.py:41: FutureWarning: `torch.cuda.amp.autocast(args...)` is deprecated. Please use `torch.amp.autocast('cuda', args...)` instead.
  with autocast(self.mixed_precision):
[2026-03-30 10:39:17](logger.py 179): id=CC_FMNIST_C10CFG_K20_E100_DT_0_95 | Ep. 14/100 - Step 75/273 (2.49 it/s) |#####               | - loss_cc=4.646 - loss_ce=2.131 - loss_ne=0.0195 - loss_div=0.0 - threshold=1.0 - loss=6.797
/scratch/e0538389/DivClust/engine/trainer.py:41: FutureWarning: `torch.cuda.amp.autocast(args...)` is deprecated. Please use `torch.amp.autocast('cuda', args...)` instead.
  with autocast(self.mixed_precision):
/scratch/e0538389/DivClust/engine/trainer.py:41: FutureWarning: `torch.cuda.amp.autocast(args...)` is deprecated. Please use `torch.amp.autocast('cuda', args...)` instead.
  with autocast(self.mixed_precision):
[2026-03-30 10:39:27](logger.py 179): id=CC_FMNIST_C10CFG_K20_E100_DT_0_95 | Ep. 14/100 - Step 100/273 (2.47 it/s) |#######             | - loss_cc=4.644 - loss_ce=2.13 - loss_ne=0.0191 - loss_div=0.0 - threshold=1.0 - loss=6.794
/scratch/e0538389/DivClust/engine/trainer.py:41: FutureWarning: `torch.cuda.amp.autocast(args...)` is deprecated. Please use `torch.amp.autocast('cuda', args...)` instead.
  with autocast(self.mixed_precision):
[2026-03-30 10:39:37](logger.py 179): id=CC_FMNIST_C10CFG_K20_E100_DT_0_95 | Ep. 14/100 - Step 125/273 (2.48 it/s) |#########           | - loss_cc=4.644 - loss_ce=2.13 - loss_ne=0.019 - loss_div=0.0 - threshold=1.0 - loss=6.793
/scratch/e0538389/DivClust/engine/trainer.py:41: FutureWarning: `torch.cuda.amp.autocast(args...)` is deprecated. Please use `torch.amp.autocast('cuda', args...)` instead.
  with autocast(self.mixed_precision):
[2026-03-30 10:39:47](logger.py 179): id=CC_FMNIST_C10CFG_K20_E100_DT_0_95 | Ep. 14/100 - Step 150/273 (2.48 it/s) |##########          | - loss_cc=4.642 - loss_ce=2.13 - loss_ne=0.0194 - loss_div=0.0 - threshold=1.0 - loss=6.792
/scratch/e0538389/DivClust/engine/trainer.py:41: FutureWarning: `torch.cuda.amp.autocast(args...)` is deprecated. Please use `torch.amp.autocast('cuda', args...)` instead.
  with autocast(self.mixed_precision):
[2026-03-30 10:39:57](logger.py 179): id=CC_FMNIST_C10CFG_K20_E100_DT_0_95 | Ep. 14/100 - Step 175/273 (2.48 it/s) |############        | - loss_cc=4.642 - loss_ce=2.13 - loss_ne=0.019 - loss_div=0.0 - threshold=1.0 - loss=6.791
/scratch/e0538389/DivClust/engine/trainer.py:41: FutureWarning: `torch.cuda.amp.autocast(args...)` is deprecated. Please use `torch.amp.autocast('cuda', args...)` instead.
  with autocast(self.mixed_precision):
/scratch/e0538389/DivClust/engine/trainer.py:41: FutureWarning: `torch.cuda.amp.autocast(args...)` is deprecated. Please use `torch.amp.autocast('cuda', args...)` instead.
  with autocast(self.mixed_precision):
[2026-03-30 10:40:07](logger.py 179): id=CC_FMNIST_C10CFG_K20_E100_DT_0_95 | Ep. 14/100 - Step 200/273 (2.47 it/s) |##############      | - loss_cc=4.642 - loss_ce=2.13 - loss_ne=0.0187 - loss_div=0.0 - threshold=1.0 - loss=6.79
/scratch/e0538389/DivClust/engine/trainer.py:41: FutureWarning: `torch.cuda.amp.autocast(args...)` is deprecated. Please use `torch.amp.autocast('cuda', args...)` instead.
  with autocast(self.mixed_precision):
[2026-03-30 10:40:17](logger.py 179): id=CC_FMNIST_C10CFG_K20_E100_DT_0_95 | Ep. 14/100 - Step 225/273 (2.48 it/s) |################    | - loss_cc=4.642 - loss_ce=2.13 - loss_ne=0.0187 - loss_div=0.0 - threshold=1.0 - loss=6.79
/scratch/e0538389/DivClust/engine/trainer.py:41: FutureWarning: `torch.cuda.amp.autocast(args...)` is deprecated. Please use `torch.amp.autocast('cuda', args...)` instead.
  with autocast(self.mixed_precision):
[2026-03-30 10:40:27](logger.py 179): id=CC_FMNIST_C10CFG_K20_E100_DT_0_95 | Ep. 14/100 - Step 250/273 (2.48 it/s) |##################  | - loss_cc=4.641 - loss_ce=2.129 - loss_ne=0.0188 - loss_div=0.0 - threshold=1.0 - loss=6.79
/scratch/e0538389/DivClust/engine/trainer.py:41: FutureWarning: `torch.cuda.amp.autocast(args...)` is deprecated. Please use `torch.amp.autocast('cuda', args...)` instead.
  with autocast(self.mixed_precision):
[2026-03-30 10:40:36](logger.py 179): id=CC_FMNIST_C10CFG_K20_E100_DT_0_95 | Ep. 14/100 | Time: 00:01 | loss_cc=4.642 - loss_ce=2.129 - loss_ne=0.019 - loss_div=0.0 - threshold=1.0 - loss=6.79
[2026-03-30 10:40:38](logger.py 179): id=CC_FMNIST_C10CFG_K20_E100_DT_0_95 | Ep. 15/100 - Step 0/273 (0.0 it/s) |                    | - loss_cc=4.708 - loss_ce=2.154 - loss_ne=0.0196 - loss_div=0.0 - threshold=1.0 - loss=6.882
/scratch/e0538389/DivClust/engine/trainer.py:41: FutureWarning: `torch.cuda.amp.autocast(args...)` is deprecated. Please use `torch.amp.autocast('cuda', args...)` instead.
  with autocast(self.mixed_precision):
[2026-03-30 10:40:49](logger.py 179): id=CC_FMNIST_C10CFG_K20_E100_DT_0_95 | Ep. 15/100 - Step 25/273 (2.43 it/s) |#                   | - loss_cc=4.64 - loss_ce=2.132 - loss_ne=0.0201 - loss_div=0.0 - threshold=1.0 - loss=6.792
/scratch/e0538389/DivClust/engine/trainer.py:41: FutureWarning: `torch.cuda.amp.autocast(args...)` is deprecated. Please use `torch.amp.autocast('cuda', args...)` instead.
  with autocast(self.mixed_precision):
/scratch/e0538389/DivClust/engine/trainer.py:41: FutureWarning: `torch.cuda.amp.autocast(args...)` is deprecated. Please use `torch.amp.autocast('cuda', args...)` instead.
  with autocast(self.mixed_precision):
[2026-03-30 10:40:59](logger.py 179): id=CC_FMNIST_C10CFG_K20_E100_DT_0_95 | Ep. 15/100 - Step 50/273 (2.46 it/s) |###                 | - loss_cc=4.636 - loss_ce=2.13 - loss_ne=0.0188 - loss_div=0.0 - threshold=1.0 - loss=6.785
/scratch/e0538389/DivClust/engine/trainer.py:41: FutureWarning: `torch.cuda.amp.autocast(args...)` is deprecated. Please use `torch.amp.autocast('cuda', args...)` instead.
  with autocast(self.mixed_precision):
[2026-03-30 10:41:09](logger.py 179): id=CC_FMNIST_C10CFG_K20_E100_DT_0_95 | Ep. 15/100 - Step 75/273 (2.47 it/s) |#####               | - loss_cc=4.638 - loss_ce=2.131 - loss_ne=0.0197 - loss_div=0.0 - threshold=1.0 - loss=6.788
/scratch/e0538389/DivClust/engine/trainer.py:41: FutureWarning: `torch.cuda.amp.autocast(args...)` is deprecated. Please use `torch.amp.autocast('cuda', args...)` instead.
  with autocast(self.mixed_precision):
[2026-03-30 10:41:19](logger.py 179): id=CC_FMNIST_C10CFG_K20_E100_DT_0_95 | Ep. 15/100 - Step 100/273 (2.47 it/s) |#######             | - loss_cc=4.636 - loss_ce=2.129 - loss_ne=0.0205 - loss_div=0.0 - threshold=1.0 - loss=6.786
/scratch/e0538389/DivClust/engine/trainer.py:41: FutureWarning: `torch.cuda.amp.autocast(args...)` is deprecated. Please use `torch.amp.autocast('cuda', args...)` instead.
  with autocast(self.mixed_precision):
[2026-03-30 10:41:29](logger.py 179): id=CC_FMNIST_C10CFG_K20_E100_DT_0_95 | Ep. 15/100 - Step 125/273 (2.47 it/s) |#########           | - loss_cc=4.636 - loss_ce=2.129 - loss_ne=0.0204 - loss_div=0.0 - threshold=1.0 - loss=6.785
/scratch/e0538389/DivClust/engine/trainer.py:41: FutureWarning: `torch.cuda.amp.autocast(args...)` is deprecated. Please use `torch.amp.autocast('cuda', args...)` instead.
  with autocast(self.mixed_precision):
/scratch/e0538389/DivClust/engine/trainer.py:41: FutureWarning: `torch.cuda.amp.autocast(args...)` is deprecated. Please use `torch.amp.autocast('cuda', args...)` instead.
  with autocast(self.mixed_precision):
[2026-03-30 10:41:39](logger.py 179): id=CC_FMNIST_C10CFG_K20_E100_DT_0_95 | Ep. 15/100 - Step 150/273 (2.47 it/s) |##########          | - loss_cc=4.637 - loss_ce=2.129 - loss_ne=0.0209 - loss_div=0.0 - threshold=1.0 - loss=6.786
/scratch/e0538389/DivClust/engine/trainer.py:41: FutureWarning: `torch.cuda.amp.autocast(args...)` is deprecated. Please use `torch.amp.autocast('cuda', args...)` instead.
  with autocast(self.mixed_precision):
[2026-03-30 10:41:49](logger.py 179): id=CC_FMNIST_C10CFG_K20_E100_DT_0_95 | Ep. 15/100 - Step 175/273 (2.47 it/s) |############        | - loss_cc=4.638 - loss_ce=2.129 - loss_ne=0.0207 - loss_div=0.0 - threshold=1.0 - loss=6.787
/scratch/e0538389/DivClust/engine/trainer.py:41: FutureWarning: `torch.cuda.amp.autocast(args...)` is deprecated. Please use `torch.amp.autocast('cuda', args...)` instead.
  with autocast(self.mixed_precision):
[2026-03-30 10:41:59](logger.py 179): id=CC_FMNIST_C10CFG_K20_E100_DT_0_95 | Ep. 15/100 - Step 200/273 (2.47 it/s) |##############      | - loss_cc=4.637 - loss_ce=2.128 - loss_ne=0.0205 - loss_div=0.0 - threshold=1.0 - loss=6.786
/scratch/e0538389/DivClust/engine/trainer.py:41: FutureWarning: `torch.cuda.amp.autocast(args...)` is deprecated. Please use `torch.amp.autocast('cuda', args...)` instead.
  with autocast(self.mixed_precision):
[2026-03-30 10:42:10](logger.py 179): id=CC_FMNIST_C10CFG_K20_E100_DT_0_95 | Ep. 15/100 - Step 225/273 (2.47 it/s) |################    | - loss_cc=4.637 - loss_ce=2.128 - loss_ne=0.0227 - loss_div=0.00224 - threshold=0.999 - loss=6.79
/scratch/e0538389/DivClust/engine/trainer.py:41: FutureWarning: `torch.cuda.amp.autocast(args...)` is deprecated. Please use `torch.amp.autocast('cuda', args...)` instead.
  with autocast(self.mixed_precision):
/scratch/e0538389/DivClust/engine/trainer.py:41: FutureWarning: `torch.cuda.amp.autocast(args...)` is deprecated. Please use `torch.amp.autocast('cuda', args...)` instead.
  with autocast(self.mixed_precision):
[2026-03-30 10:42:20](logger.py 179): id=CC_FMNIST_C10CFG_K20_E100_DT_0_95 | Ep. 15/100 - Step 250/273 (2.47 it/s) |##################  | - loss_cc=4.636 - loss_ce=2.128 - loss_ne=0.0226 - loss_div=0.00202 - threshold=0.999 - loss=6.789
/scratch/e0538389/DivClust/engine/trainer.py:41: FutureWarning: `torch.cuda.amp.autocast(args...)` is deprecated. Please use `torch.amp.autocast('cuda', args...)` instead.
  with autocast(self.mixed_precision):
[2026-03-30 10:42:29](logger.py 179): id=CC_FMNIST_C10CFG_K20_E100_DT_0_95 | Ep. 15/100 | Time: 00:01 | loss_cc=4.636 - loss_ce=2.128 - loss_ne=0.0229 - loss_div=0.00186 - threshold=0.999 - loss=6.788
[2026-03-30 10:42:30](logger.py 179): id=CC_FMNIST_C10CFG_K20_E100_DT_0_95 | Ep. 16/100 - Step 0/273 (0.0 it/s) |                    | - loss_cc=4.718 - loss_ce=2.142 - loss_ne=0.0342 - loss_div=0.0 - threshold=1.0 - loss=6.894
/scratch/e0538389/DivClust/engine/trainer.py:41: FutureWarning: `torch.cuda.amp.autocast(args...)` is deprecated. Please use `torch.amp.autocast('cuda', args...)` instead.
  with autocast(self.mixed_precision):
[2026-03-30 10:42:41](logger.py 179): id=CC_FMNIST_C10CFG_K20_E100_DT_0_95 | Ep. 16/100 - Step 25/273 (2.49 it/s) |#                   | - loss_cc=4.645 - loss_ce=2.129 - loss_ne=0.0195 - loss_div=0.0 - threshold=1.0 - loss=6.794
/scratch/e0538389/DivClust/engine/trainer.py:41: FutureWarning: `torch.cuda.amp.autocast(args...)` is deprecated. Please use `torch.amp.autocast('cuda', args...)` instead.
  with autocast(self.mixed_precision):
[2026-03-30 10:42:51](logger.py 179): id=CC_FMNIST_C10CFG_K20_E100_DT_0_95 | Ep. 16/100 - Step 50/273 (2.48 it/s) |###                 | - loss_cc=4.64 - loss_ce=2.129 - loss_ne=0.0199 - loss_div=0.0 - threshold=1.0 - loss=6.788
/scratch/e0538389/DivClust/engine/trainer.py:41: FutureWarning: `torch.cuda.amp.autocast(args...)` is deprecated. Please use `torch.amp.autocast('cuda', args...)` instead.
  with autocast(self.mixed_precision):
/scratch/e0538389/DivClust/engine/trainer.py:41: FutureWarning: `torch.cuda.amp.autocast(args...)` is deprecated. Please use `torch.amp.autocast('cuda', args...)` instead.
  with autocast(self.mixed_precision):
[2026-03-30 10:43:01](logger.py 179): id=CC_FMNIST_C10CFG_K20_E100_DT_0_95 | Ep. 16/100 - Step 75/273 (2.46 it/s) |#####               | - loss_cc=4.638 - loss_ce=2.127 - loss_ne=0.0192 - loss_div=0.0 - threshold=1.0 - loss=6.784
/scratch/e0538389/DivClust/engine/trainer.py:41: FutureWarning: `torch.cuda.amp.autocast(args...)` is deprecated. Please use `torch.amp.autocast('cuda', args...)` instead.
  with autocast(self.mixed_precision):
[2026-03-30 10:43:11](logger.py 179): id=CC_FMNIST_C10CFG_K20_E100_DT_0_95 | Ep. 16/100 - Step 100/273 (2.47 it/s) |#######             | - loss_cc=4.636 - loss_ce=2.126 - loss_ne=0.02 - loss_div=0.0 - threshold=1.0 - loss=6.782
/scratch/e0538389/DivClust/engine/trainer.py:41: FutureWarning: `torch.cuda.amp.autocast(args...)` is deprecated. Please use `torch.amp.autocast('cuda', args...)` instead.
  with autocast(self.mixed_precision):
[2026-03-30 10:43:21](logger.py 179): id=CC_FMNIST_C10CFG_K20_E100_DT_0_95 | Ep. 16/100 - Step 125/273 (2.47 it/s) |#########           | - loss_cc=4.636 - loss_ce=2.126 - loss_ne=0.02 - loss_div=0.0 - threshold=1.0 - loss=6.782
/scratch/e0538389/DivClust/engine/trainer.py:41: FutureWarning: `torch.cuda.amp.autocast(args...)` is deprecated. Please use `torch.amp.autocast('cuda', args...)` instead.
  with autocast(self.mixed_precision):
[2026-03-30 10:43:31](logger.py 179): id=CC_FMNIST_C10CFG_K20_E100_DT_0_95 | Ep. 16/100 - Step 150/273 (2.47 it/s) |##########          | - loss_cc=4.636 - loss_ce=2.126 - loss_ne=0.0198 - loss_div=0.0 - threshold=1.0 - loss=6.781
/scratch/e0538389/DivClust/engine/trainer.py:41: FutureWarning: `torch.cuda.amp.autocast(args...)` is deprecated. Please use `torch.amp.autocast('cuda', args...)` instead.
  with autocast(self.mixed_precision):
/scratch/e0538389/DivClust/engine/trainer.py:41: FutureWarning: `torch.cuda.amp.autocast(args...)` is deprecated. Please use `torch.amp.autocast('cuda', args...)` instead.
  with autocast(self.mixed_precision):
[2026-03-30 10:43:41](logger.py 179): id=CC_FMNIST_C10CFG_K20_E100_DT_0_95 | Ep. 16/100 - Step 175/273 (2.46 it/s) |############        | - loss_cc=4.634 - loss_ce=2.126 - loss_ne=0.0198 - loss_div=0.0 - threshold=1.0 - loss=6.78
/scratch/e0538389/DivClust/engine/trainer.py:41: FutureWarning: `torch.cuda.amp.autocast(args...)` is deprecated. Please use `torch.amp.autocast('cuda', args...)` instead.
  with autocast(self.mixed_precision):
[2026-03-30 10:43:52](logger.py 179): id=CC_FMNIST_C10CFG_K20_E100_DT_0_95 | Ep. 16/100 - Step 200/273 (2.47 it/s) |##############      | - loss_cc=4.635 - loss_ce=2.126 - loss_ne=0.0196 - loss_div=0.0 - threshold=1.0 - loss=6.78
/scratch/e0538389/DivClust/engine/trainer.py:41: FutureWarning: `torch.cuda.amp.autocast(args...)` is deprecated. Please use `torch.amp.autocast('cuda', args...)` instead.
  with autocast(self.mixed_precision):
[2026-03-30 10:44:02](logger.py 179): id=CC_FMNIST_C10CFG_K20_E100_DT_0_95 | Ep. 16/100 - Step 225/273 (2.47 it/s) |################    | - loss_cc=4.634 - loss_ce=2.125 - loss_ne=0.0196 - loss_div=0.0 - threshold=1.0 - loss=6.779
/scratch/e0538389/DivClust/engine/trainer.py:41: FutureWarning: `torch.cuda.amp.autocast(args...)` is deprecated. Please use `torch.amp.autocast('cuda', args...)` instead.
  with autocast(self.mixed_precision):
[2026-03-30 10:44:12](logger.py 179): id=CC_FMNIST_C10CFG_K20_E100_DT_0_95 | Ep. 16/100 - Step 250/273 (2.47 it/s) |##################  | - loss_cc=4.634 - loss_ce=2.125 - loss_ne=0.0194 - loss_div=0.0 - threshold=1.0 - loss=6.778
/scratch/e0538389/DivClust/engine/trainer.py:41: FutureWarning: `torch.cuda.amp.autocast(args...)` is deprecated. Please use `torch.amp.autocast('cuda', args...)` instead.
  with autocast(self.mixed_precision):
[2026-03-30 10:44:21](logger.py 179): id=CC_FMNIST_C10CFG_K20_E100_DT_0_95 | Ep. 16/100 | Time: 00:01 | loss_cc=4.633 - loss_ce=2.125 - loss_ne=0.0192 - loss_div=0.0 - threshold=1.0 - loss=6.778
/scratch/e0538389/DivClust/engine/trainer.py:41: FutureWarning: `torch.cuda.amp.autocast(args...)` is deprecated. Please use `torch.amp.autocast('cuda', args...)` instead.
  with autocast(self.mixed_precision):
[2026-03-30 10:44:23](logger.py 179): id=CC_FMNIST_C10CFG_K20_E100_DT_0_95 | Ep. 17/100 - Step 0/273 (0.0 it/s) |                    | - loss_cc=4.61 - loss_ce=2.126 - loss_ne=0.021 - loss_div=0.0 - threshold=1.0 - loss=6.757
/scratch/e0538389/DivClust/engine/trainer.py:41: FutureWarning: `torch.cuda.amp.autocast(args...)` is deprecated. Please use `torch.amp.autocast('cuda', args...)` instead.
  with autocast(self.mixed_precision):
[2026-03-30 10:44:33](logger.py 179): id=CC_FMNIST_C10CFG_K20_E100_DT_0_95 | Ep. 17/100 - Step 25/273 (2.49 it/s) |#                   | - loss_cc=4.628 - loss_ce=2.121 - loss_ne=0.0186 - loss_div=0.0 - threshold=1.0 - loss=6.768
/scratch/e0538389/DivClust/engine/trainer.py:41: FutureWarning: `torch.cuda.amp.autocast(args...)` is deprecated. Please use `torch.amp.autocast('cuda', args...)` instead.
  with autocast(self.mixed_precision):
[2026-03-30 10:44:43](logger.py 179): id=CC_FMNIST_C10CFG_K20_E100_DT_0_95 | Ep. 17/100 - Step 50/273 (2.49 it/s) |###                 | - loss_cc=4.628 - loss_ce=2.122 - loss_ne=0.0178 - loss_div=0.0 - threshold=1.0 - loss=6.768
/scratch/e0538389/DivClust/engine/trainer.py:41: FutureWarning: `torch.cuda.amp.autocast(args...)` is deprecated. Please use `torch.amp.autocast('cuda', args...)` instead.
  with autocast(self.mixed_precision):
[2026-03-30 10:44:53](logger.py 179): id=CC_FMNIST_C10CFG_K20_E100_DT_0_95 | Ep. 17/100 - Step 75/273 (2.49 it/s) |#####               | - loss_cc=4.629 - loss_ce=2.124 - loss_ne=0.0244 - loss_div=0.00581 - threshold=0.998 - loss=6.784
/scratch/e0538389/DivClust/engine/trainer.py:41: FutureWarning: `torch.cuda.amp.autocast(args...)` is deprecated. Please use `torch.amp.autocast('cuda', args...)` instead.
  with autocast(self.mixed_precision):
/scratch/e0538389/DivClust/engine/trainer.py:41: FutureWarning: `torch.cuda.amp.autocast(args...)` is deprecated. Please use `torch.amp.autocast('cuda', args...)` instead.
  with autocast(self.mixed_precision):
[2026-03-30 10:45:03](logger.py 179): id=CC_FMNIST_C10CFG_K20_E100_DT_0_95 | Ep. 17/100 - Step 100/273 (2.47 it/s) |#######             | - loss_cc=4.631 - loss_ce=2.125 - loss_ne=0.0239 - loss_div=0.00441 - threshold=0.998 - loss=6.785
/scratch/e0538389/DivClust/engine/trainer.py:41: FutureWarning: `torch.cuda.amp.autocast(args...)` is deprecated. Please use `torch.amp.autocast('cuda', args...)` instead.
  with autocast(self.mixed_precision):
[2026-03-30 10:45:14](logger.py 179): id=CC_FMNIST_C10CFG_K20_E100_DT_0_95 | Ep. 17/100 - Step 125/273 (2.47 it/s) |#########           | - loss_cc=4.63 - loss_ce=2.125 - loss_ne=0.023 - loss_div=0.00354 - threshold=0.998 - loss=6.782
/scratch/e0538389/DivClust/engine/trainer.py:41: FutureWarning: `torch.cuda.amp.autocast(args...)` is deprecated. Please use `torch.amp.autocast('cuda', args...)` instead.
  with autocast(self.mixed_precision):
[2026-03-30 10:45:24](logger.py 179): id=CC_FMNIST_C10CFG_K20_E100_DT_0_95 | Ep. 17/100 - Step 150/273 (2.48 it/s) |##########          | - loss_cc=4.629 - loss_ce=2.125 - loss_ne=0.0227 - loss_div=0.00295 - threshold=0.999 - loss=6.781
/scratch/e0538389/DivClust/engine/trainer.py:41: FutureWarning: `torch.cuda.amp.autocast(args...)` is deprecated. Please use `torch.amp.autocast('cuda', args...)` instead.
  with autocast(self.mixed_precision):
[2026-03-30 10:45:34](logger.py 179): id=CC_FMNIST_C10CFG_K20_E100_DT_0_95 | Ep. 17/100 - Step 175/273 (2.48 it/s) |############        | - loss_cc=4.63 - loss_ce=2.126 - loss_ne=0.0223 - loss_div=0.00253 - threshold=0.999 - loss=6.781
/scratch/e0538389/DivClust/engine/trainer.py:41: FutureWarning: `torch.cuda.amp.autocast(args...)` is deprecated. Please use `torch.amp.autocast('cuda', args...)` instead.
  with autocast(self.mixed_precision):
/scratch/e0538389/DivClust/engine/trainer.py:41: FutureWarning: `torch.cuda.amp.autocast(args...)` is deprecated. Please use `torch.amp.autocast('cuda', args...)` instead.
  with autocast(self.mixed_precision):
[2026-03-30 10:45:44](logger.py 179): id=CC_FMNIST_C10CFG_K20_E100_DT_0_95 | Ep. 17/100 - Step 200/273 (2.47 it/s) |##############      | - loss_cc=4.629 - loss_ce=2.125 - loss_ne=0.0221 - loss_div=0.00222 - threshold=0.999 - loss=6.779
/scratch/e0538389/DivClust/engine/trainer.py:41: FutureWarning: `torch.cuda.amp.autocast(args...)` is deprecated. Please use `torch.amp.autocast('cuda', args...)` instead.
  with autocast(self.mixed_precision):
[2026-03-30 10:45:54](logger.py 179): id=CC_FMNIST_C10CFG_K20_E100_DT_0_95 | Ep. 17/100 - Step 225/273 (2.48 it/s) |################    | - loss_cc=4.63 - loss_ce=2.125 - loss_ne=0.0219 - loss_div=0.00197 - threshold=0.999 - loss=6.778
/scratch/e0538389/DivClust/engine/trainer.py:41: FutureWarning: `torch.cuda.amp.autocast(args...)` is deprecated. Please use `torch.amp.autocast('cuda', args...)` instead.
  with autocast(self.mixed_precision):
[2026-03-30 10:46:04](logger.py 179): id=CC_FMNIST_C10CFG_K20_E100_DT_0_95 | Ep. 17/100 - Step 250/273 (2.48 it/s) |##################  | - loss_cc=4.629 - loss_ce=2.125 - loss_ne=0.0214 - loss_div=0.00177 - threshold=0.999 - loss=6.776
/scratch/e0538389/DivClust/engine/trainer.py:41: FutureWarning: `torch.cuda.amp.autocast(args...)` is deprecated. Please use `torch.amp.autocast('cuda', args...)` instead.
  with autocast(self.mixed_precision):
[2026-03-30 10:46:13](logger.py 179): id=CC_FMNIST_C10CFG_K20_E100_DT_0_95 | Ep. 17/100 | Time: 00:01 | loss_cc=4.628 - loss_ce=2.125 - loss_ne=0.0214 - loss_div=0.00163 - threshold=0.999 - loss=6.775
[2026-03-30 10:46:15](logger.py 179): id=CC_FMNIST_C10CFG_K20_E100_DT_0_95 | Ep. 18/100 - Step 0/273 (0.0 it/s) |                    | - loss_cc=4.668 - loss_ce=2.147 - loss_ne=0.0287 - loss_div=0.0 - threshold=1.0 - loss=6.843
/scratch/e0538389/DivClust/engine/trainer.py:41: FutureWarning: `torch.cuda.amp.autocast(args...)` is deprecated. Please use `torch.amp.autocast('cuda', args...)` instead.
  with autocast(self.mixed_precision):
[2026-03-30 10:46:25](logger.py 179): id=CC_FMNIST_C10CFG_K20_E100_DT_0_95 | Ep. 18/100 - Step 25/273 (2.48 it/s) |#                   | - loss_cc=4.627 - loss_ce=2.125 - loss_ne=0.0186 - loss_div=0.0 - threshold=1.0 - loss=6.771
/scratch/e0538389/DivClust/engine/trainer.py:41: FutureWarning: `torch.cuda.amp.autocast(args...)` is deprecated. Please use `torch.amp.autocast('cuda', args...)` instead.
  with autocast(self.mixed_precision):
/scratch/e0538389/DivClust/engine/trainer.py:41: FutureWarning: `torch.cuda.amp.autocast(args...)` is deprecated. Please use `torch.amp.autocast('cuda', args...)` instead.
  with autocast(self.mixed_precision):
[2026-03-30 10:46:35](logger.py 179): id=CC_FMNIST_C10CFG_K20_E100_DT_0_95 | Ep. 18/100 - Step 50/273 (2.44 it/s) |###                 | - loss_cc=4.624 - loss_ce=2.124 - loss_ne=0.0188 - loss_div=0.0 - threshold=1.0 - loss=6.766
/scratch/e0538389/DivClust/engine/trainer.py:41: FutureWarning: `torch.cuda.amp.autocast(args...)` is deprecated. Please use `torch.amp.autocast('cuda', args...)` instead.
  with autocast(self.mixed_precision):
[2026-03-30 10:46:45](logger.py 179): id=CC_FMNIST_C10CFG_K20_E100_DT_0_95 | Ep. 18/100 - Step 75/273 (2.45 it/s) |#####               | - loss_cc=4.622 - loss_ce=2.122 - loss_ne=0.0193 - loss_div=0.0 - threshold=1.0 - loss=6.764
/scratch/e0538389/DivClust/engine/trainer.py:41: FutureWarning: `torch.cuda.amp.autocast(args...)` is deprecated. Please use `torch.amp.autocast('cuda', args...)` instead.
  with autocast(self.mixed_precision):
[2026-03-30 10:46:55](logger.py 179): id=CC_FMNIST_C10CFG_K20_E100_DT_0_95 | Ep. 18/100 - Step 100/273 (2.46 it/s) |#######             | - loss_cc=4.622 - loss_ce=2.122 - loss_ne=0.0191 - loss_div=0.0 - threshold=1.0 - loss=6.763
/scratch/e0538389/DivClust/engine/trainer.py:41: FutureWarning: `torch.cuda.amp.autocast(args...)` is deprecated. Please use `torch.amp.autocast('cuda', args...)` instead.
  with autocast(self.mixed_precision):
[2026-03-30 10:47:05](logger.py 179): id=CC_FMNIST_C10CFG_K20_E100_DT_0_95 | Ep. 18/100 - Step 125/273 (2.46 it/s) |#########           | - loss_cc=4.622 - loss_ce=2.122 - loss_ne=0.0193 - loss_div=0.0 - threshold=1.0 - loss=6.763
/scratch/e0538389/DivClust/engine/trainer.py:41: FutureWarning: `torch.cuda.amp.autocast(args...)` is deprecated. Please use `torch.amp.autocast('cuda', args...)` instead.
  with autocast(self.mixed_precision):
/scratch/e0538389/DivClust/engine/trainer.py:41: FutureWarning: `torch.cuda.amp.autocast(args...)` is deprecated. Please use `torch.amp.autocast('cuda', args...)` instead.
  with autocast(self.mixed_precision):
[2026-03-30 10:47:16](logger.py 179): id=CC_FMNIST_C10CFG_K20_E100_DT_0_95 | Ep. 18/100 - Step 150/273 (2.46 it/s) |##########          | - loss_cc=4.622 - loss_ce=2.122 - loss_ne=0.0194 - loss_div=0.0 - threshold=1.0 - loss=6.763
/scratch/e0538389/DivClust/engine/trainer.py:41: FutureWarning: `torch.cuda.amp.autocast(args...)` is deprecated. Please use `torch.amp.autocast('cuda', args...)` instead.
  with autocast(self.mixed_precision):
[2026-03-30 10:47:26](logger.py 179): id=CC_FMNIST_C10CFG_K20_E100_DT_0_95 | Ep. 18/100 - Step 175/273 (2.46 it/s) |############        | - loss_cc=4.622 - loss_ce=2.122 - loss_ne=0.0193 - loss_div=0.0 - threshold=1.0 - loss=6.764
/scratch/e0538389/DivClust/engine/trainer.py:41: FutureWarning: `torch.cuda.amp.autocast(args...)` is deprecated. Please use `torch.amp.autocast('cuda', args...)` instead.
  with autocast(self.mixed_precision):
[2026-03-30 10:47:36](logger.py 179): id=CC_FMNIST_C10CFG_K20_E100_DT_0_95 | Ep. 18/100 - Step 200/273 (2.46 it/s) |##############      | - loss_cc=4.622 - loss_ce=2.122 - loss_ne=0.0193 - loss_div=0.0 - threshold=1.0 - loss=6.764
/scratch/e0538389/DivClust/engine/trainer.py:41: FutureWarning: `torch.cuda.amp.autocast(args...)` is deprecated. Please use `torch.amp.autocast('cuda', args...)` instead.
  with autocast(self.mixed_precision):
[2026-03-30 10:47:46](logger.py 179): id=CC_FMNIST_C10CFG_K20_E100_DT_0_95 | Ep. 18/100 - Step 225/273 (2.46 it/s) |################    | - loss_cc=4.623 - loss_ce=2.122 - loss_ne=0.0192 - loss_div=0.0 - threshold=1.0 - loss=6.764
/scratch/e0538389/DivClust/engine/trainer.py:41: FutureWarning: `torch.cuda.amp.autocast(args...)` is deprecated. Please use `torch.amp.autocast('cuda', args...)` instead.
  with autocast(self.mixed_precision):
/scratch/e0538389/DivClust/engine/trainer.py:41: FutureWarning: `torch.cuda.amp.autocast(args...)` is deprecated. Please use `torch.amp.autocast('cuda', args...)` instead.
  with autocast(self.mixed_precision):
[2026-03-30 10:47:56](logger.py 179): id=CC_FMNIST_C10CFG_K20_E100_DT_0_95 | Ep. 18/100 - Step 250/273 (2.46 it/s) |##################  | - loss_cc=4.622 - loss_ce=2.122 - loss_ne=0.0189 - loss_div=0.0 - threshold=1.0 - loss=6.763
/scratch/e0538389/DivClust/engine/trainer.py:41: FutureWarning: `torch.cuda.amp.autocast(args...)` is deprecated. Please use `torch.amp.autocast('cuda', args...)` instead.
  with autocast(self.mixed_precision):
[2026-03-30 10:48:05](logger.py 179): id=CC_FMNIST_C10CFG_K20_E100_DT_0_95 | Ep. 18/100 | Time: 00:01 | loss_cc=4.622 - loss_ce=2.122 - loss_ne=0.0189 - loss_div=0.0 - threshold=1.0 - loss=6.763
[2026-03-30 10:48:07](logger.py 179): id=CC_FMNIST_C10CFG_K20_E100_DT_0_95 | Ep. 19/100 - Step 0/273 (0.0 it/s) |                    | - loss_cc=4.644 - loss_ce=2.133 - loss_ne=0.0227 - loss_div=0.0 - threshold=1.0 - loss=6.799
/scratch/e0538389/DivClust/engine/trainer.py:41: FutureWarning: `torch.cuda.amp.autocast(args...)` is deprecated. Please use `torch.amp.autocast('cuda', args...)` instead.
  with autocast(self.mixed_precision):
[2026-03-30 10:48:17](logger.py 179): id=CC_FMNIST_C10CFG_K20_E100_DT_0_95 | Ep. 19/100 - Step 25/273 (2.48 it/s) |#                   | - loss_cc=4.616 - loss_ce=2.121 - loss_ne=0.0215 - loss_div=0.0 - threshold=1.0 - loss=6.759
/scratch/e0538389/DivClust/engine/trainer.py:41: FutureWarning: `torch.cuda.amp.autocast(args...)` is deprecated. Please use `torch.amp.autocast('cuda', args...)` instead.
  with autocast(self.mixed_precision):
[2026-03-30 10:48:27](logger.py 179): id=CC_FMNIST_C10CFG_K20_E100_DT_0_95 | Ep. 19/100 - Step 50/273 (2.48 it/s) |###                 | - loss_cc=4.616 - loss_ce=2.12 - loss_ne=0.0206 - loss_div=0.0 - threshold=1.0 - loss=6.757
/scratch/e0538389/DivClust/engine/trainer.py:41: FutureWarning: `torch.cuda.amp.autocast(args...)` is deprecated. Please use `torch.amp.autocast('cuda', args...)` instead.
  with autocast(self.mixed_precision):
/scratch/e0538389/DivClust/engine/trainer.py:41: FutureWarning: `torch.cuda.amp.autocast(args...)` is deprecated. Please use `torch.amp.autocast('cuda', args...)` instead.
  with autocast(self.mixed_precision):
[2026-03-30 10:48:38](logger.py 179): id=CC_FMNIST_C10CFG_K20_E100_DT_0_95 | Ep. 19/100 - Step 75/273 (2.45 it/s) |#####               | - loss_cc=4.615 - loss_ce=2.12 - loss_ne=0.0196 - loss_div=0.0 - threshold=1.0 - loss=6.755
/scratch/e0538389/DivClust/engine/trainer.py:41: FutureWarning: `torch.cuda.amp.autocast(args...)` is deprecated. Please use `torch.amp.autocast('cuda', args...)` instead.
  with autocast(self.mixed_precision):
[2026-03-30 10:48:48](logger.py 179): id=CC_FMNIST_C10CFG_K20_E100_DT_0_95 | Ep. 19/100 - Step 100/273 (2.46 it/s) |#######             | - loss_cc=4.618 - loss_ce=2.12 - loss_ne=0.0201 - loss_div=0.0 - threshold=1.0 - loss=6.758
/scratch/e0538389/DivClust/engine/trainer.py:41: FutureWarning: `torch.cuda.amp.autocast(args...)` is deprecated. Please use `torch.amp.autocast('cuda', args...)` instead.
  with autocast(self.mixed_precision):
[2026-03-30 10:48:58](logger.py 179): id=CC_FMNIST_C10CFG_K20_E100_DT_0_95 | Ep. 19/100 - Step 125/273 (2.47 it/s) |#########           | - loss_cc=4.617 - loss_ce=2.12 - loss_ne=0.0198 - loss_div=0.0 - threshold=1.0 - loss=6.757
/scratch/e0538389/DivClust/engine/trainer.py:41: FutureWarning: `torch.cuda.amp.autocast(args...)` is deprecated. Please use `torch.amp.autocast('cuda', args...)` instead.
  with autocast(self.mixed_precision):
[2026-03-30 10:49:08](logger.py 179): id=CC_FMNIST_C10CFG_K20_E100_DT_0_95 | Ep. 19/100 - Step 150/273 (2.47 it/s) |##########          | - loss_cc=4.617 - loss_ce=2.119 - loss_ne=0.0198 - loss_div=0.0 - threshold=1.0 - loss=6.756
/scratch/e0538389/DivClust/engine/trainer.py:41: FutureWarning: `torch.cuda.amp.autocast(args...)` is deprecated. Please use `torch.amp.autocast('cuda', args...)` instead.
  with autocast(self.mixed_precision):
/scratch/e0538389/DivClust/engine/trainer.py:41: FutureWarning: `torch.cuda.amp.autocast(args...)` is deprecated. Please use `torch.amp.autocast('cuda', args...)` instead.
  with autocast(self.mixed_precision):
[2026-03-30 10:49:18](logger.py 179): id=CC_FMNIST_C10CFG_K20_E100_DT_0_95 | Ep. 19/100 - Step 175/273 (2.46 it/s) |############        | - loss_cc=4.617 - loss_ce=2.12 - loss_ne=0.0201 - loss_div=0.0 - threshold=1.0 - loss=6.757
/scratch/e0538389/DivClust/engine/trainer.py:41: FutureWarning: `torch.cuda.amp.autocast(args...)` is deprecated. Please use `torch.amp.autocast('cuda', args...)` instead.
  with autocast(self.mixed_precision):
[2026-03-30 10:49:28](logger.py 179): id=CC_FMNIST_C10CFG_K20_E100_DT_0_95 | Ep. 19/100 - Step 200/273 (2.46 it/s) |##############      | - loss_cc=4.616 - loss_ce=2.12 - loss_ne=0.0209 - loss_div=0.00241 - threshold=1.0 - loss=6.76
/scratch/e0538389/DivClust/engine/trainer.py:41: FutureWarning: `torch.cuda.amp.autocast(args...)` is deprecated. Please use `torch.amp.autocast('cuda', args...)` instead.
  with autocast(self.mixed_precision):
[2026-03-30 10:49:39](logger.py 179): id=CC_FMNIST_C10CFG_K20_E100_DT_0_95 | Ep. 19/100 - Step 225/273 (2.46 it/s) |################    | - loss_cc=4.616 - loss_ce=2.121 - loss_ne=0.0224 - loss_div=0.00217 - threshold=0.999 - loss=6.761
/scratch/e0538389/DivClust/engine/trainer.py:41: FutureWarning: `torch.cuda.amp.autocast(args...)` is deprecated. Please use `torch.amp.autocast('cuda', args...)` instead.
  with autocast(self.mixed_precision):
[2026-03-30 10:49:49](logger.py 179): id=CC_FMNIST_C10CFG_K20_E100_DT_0_95 | Ep. 19/100 - Step 250/273 (2.46 it/s) |##################  | - loss_cc=4.616 - loss_ce=2.12 - loss_ne=0.0222 - loss_div=0.00195 - threshold=0.999 - loss=6.76
/scratch/e0538389/DivClust/engine/trainer.py:41: FutureWarning: `torch.cuda.amp.autocast(args...)` is deprecated. Please use `torch.amp.autocast('cuda', args...)` instead.
  with autocast(self.mixed_precision):
[2026-03-30 10:49:58](logger.py 179): id=CC_FMNIST_C10CFG_K20_E100_DT_0_95 | Ep. 19/100 | Time: 00:01 | loss_cc=4.616 - loss_ce=2.12 - loss_ne=0.0222 - loss_div=0.0018 - threshold=0.999 - loss=6.761
[2026-03-30 10:50:00](logger.py 179): id=CC_FMNIST_C10CFG_K20_E100_DT_0_95 | Ep. 20/100 - Step 0/273 (0.0 it/s) |                    | - loss_cc=4.634 - loss_ce=2.128 - loss_ne=0.0169 - loss_div=0.0 - threshold=1.0 - loss=6.779
/scratch/e0538389/DivClust/engine/trainer.py:41: FutureWarning: `torch.cuda.amp.autocast(args...)` is deprecated. Please use `torch.amp.autocast('cuda', args...)` instead.
  with autocast(self.mixed_precision):
/scratch/e0538389/DivClust/engine/trainer.py:41: FutureWarning: `torch.cuda.amp.autocast(args...)` is deprecated. Please use `torch.amp.autocast('cuda', args...)` instead.
  with autocast(self.mixed_precision):
[2026-03-30 10:50:10](logger.py 179): id=CC_FMNIST_C10CFG_K20_E100_DT_0_95 | Ep. 20/100 - Step 25/273 (2.48 it/s) |#                   | - loss_cc=4.616 - loss_ce=2.119 - loss_ne=0.0178 - loss_div=0.0 - threshold=1.0 - loss=6.753
/scratch/e0538389/DivClust/engine/trainer.py:41: FutureWarning: `torch.cuda.amp.autocast(args...)` is deprecated. Please use `torch.amp.autocast('cuda', args...)` instead.
  with autocast(self.mixed_precision):
[2026-03-30 10:50:20](logger.py 179): id=CC_FMNIST_C10CFG_K20_E100_DT_0_95 | Ep. 20/100 - Step 50/273 (2.48 it/s) |###                 | - loss_cc=4.616 - loss_ce=2.119 - loss_ne=0.0165 - loss_div=0.0 - threshold=1.0 - loss=6.752
/scratch/e0538389/DivClust/engine/trainer.py:41: FutureWarning: `torch.cuda.amp.autocast(args...)` is deprecated. Please use `torch.amp.autocast('cuda', args...)` instead.
  with autocast(self.mixed_precision):
[2026-03-30 10:50:30](logger.py 179): id=CC_FMNIST_C10CFG_K20_E100_DT_0_95 | Ep. 20/100 - Step 75/273 (2.48 it/s) |#####               | - loss_cc=4.617 - loss_ce=2.12 - loss_ne=0.0176 - loss_div=0.0 - threshold=1.0 - loss=6.754
/scratch/e0538389/DivClust/engine/trainer.py:41: FutureWarning: `torch.cuda.amp.autocast(args...)` is deprecated. Please use `torch.amp.autocast('cuda', args...)` instead.
  with autocast(self.mixed_precision):
[2026-03-30 10:50:40](logger.py 179): id=CC_FMNIST_C10CFG_K20_E100_DT_0_95 | Ep. 20/100 - Step 100/273 (2.46 it/s) |#######             | - loss_cc=4.616 - loss_ce=2.119 - loss_ne=0.0184 - loss_div=0.0 - threshold=1.0 - loss=6.753
/scratch/e0538389/DivClust/engine/trainer.py:41: FutureWarning: `torch.cuda.amp.autocast(args...)` is deprecated. Please use `torch.amp.autocast('cuda', args...)` instead.
  with autocast(self.mixed_precision):
/scratch/e0538389/DivClust/engine/trainer.py:41: FutureWarning: `torch.cuda.amp.autocast(args...)` is deprecated. Please use `torch.amp.autocast('cuda', args...)` instead.
  with autocast(self.mixed_precision):
[2026-03-30 10:50:51](logger.py 179): id=CC_FMNIST_C10CFG_K20_E100_DT_0_95 | Ep. 20/100 - Step 125/273 (2.46 it/s) |#########           | - loss_cc=4.614 - loss_ce=2.119 - loss_ne=0.0188 - loss_div=0.0 - threshold=1.0 - loss=6.752
/scratch/e0538389/DivClust/engine/trainer.py:41: FutureWarning: `torch.cuda.amp.autocast(args...)` is deprecated. Please use `torch.amp.autocast('cuda', args...)` instead.
  with autocast(self.mixed_precision):
[2026-03-30 10:51:01](logger.py 179): id=CC_FMNIST_C10CFG_K20_E100_DT_0_95 | Ep. 20/100 - Step 150/273 (2.47 it/s) |##########          | - loss_cc=4.614 - loss_ce=2.119 - loss_ne=0.0187 - loss_div=0.0 - threshold=1.0 - loss=6.751
/scratch/e0538389/DivClust/engine/trainer.py:41: FutureWarning: `torch.cuda.amp.autocast(args...)` is deprecated. Please use `torch.amp.autocast('cuda', args...)` instead.
  with autocast(self.mixed_precision):
[2026-03-30 10:51:11](logger.py 179): id=CC_FMNIST_C10CFG_K20_E100_DT_0_95 | Ep. 20/100 - Step 175/273 (2.47 it/s) |############        | - loss_cc=4.615 - loss_ce=2.119 - loss_ne=0.0188 - loss_div=0.0 - threshold=1.0 - loss=6.753
/scratch/e0538389/DivClust/engine/trainer.py:41: FutureWarning: `torch.cuda.amp.autocast(args...)` is deprecated. Please use `torch.amp.autocast('cuda', args...)` instead.
  with autocast(self.mixed_precision):
[2026-03-30 10:51:21](logger.py 179): id=CC_FMNIST_C10CFG_K20_E100_DT_0_95 | Ep. 20/100 - Step 200/273 (2.46 it/s) |##############      | - loss_cc=4.615 - loss_ce=2.119 - loss_ne=0.0189 - loss_div=0.0 - threshold=1.0 - loss=6.753
/scratch/e0538389/DivClust/engine/trainer.py:41: FutureWarning: `torch.cuda.amp.autocast(args...)` is deprecated. Please use `torch.amp.autocast('cuda', args...)` instead.
  with autocast(self.mixed_precision):
/scratch/e0538389/DivClust/engine/trainer.py:41: FutureWarning: `torch.cuda.amp.autocast(args...)` is deprecated. Please use `torch.amp.autocast('cuda', args...)` instead.
  with autocast(self.mixed_precision):
[2026-03-30 10:51:31](logger.py 179): id=CC_FMNIST_C10CFG_K20_E100_DT_0_95 | Ep. 20/100 - Step 225/273 (2.46 it/s) |################    | - loss_cc=4.614 - loss_ce=2.119 - loss_ne=0.019 - loss_div=0.0 - threshold=1.0 - loss=6.753
/scratch/e0538389/DivClust/engine/trainer.py:41: FutureWarning: `torch.cuda.amp.autocast(args...)` is deprecated. Please use `torch.amp.autocast('cuda', args...)` instead.
  with autocast(self.mixed_precision):
[2026-03-30 10:51:41](logger.py 179): id=CC_FMNIST_C10CFG_K20_E100_DT_0_95 | Ep. 20/100 - Step 250/273 (2.47 it/s) |##################  | - loss_cc=4.614 - loss_ce=2.119 - loss_ne=0.0192 - loss_div=0.0 - threshold=1.0 - loss=6.752
/scratch/e0538389/DivClust/engine/trainer.py:41: FutureWarning: `torch.cuda.amp.autocast(args...)` is deprecated. Please use `torch.amp.autocast('cuda', args...)` instead.
  with autocast(self.mixed_precision):
[2026-03-30 10:51:50](logger.py 179): Evaluating
[2026-03-30 10:51:50](logger.py 179): Eval. step 0 of 274
[2026-03-30 10:51:53](logger.py 179): Eval. step 25 of 274
[2026-03-30 10:51:55](logger.py 179): Eval. step 50 of 274
[2026-03-30 10:51:57](logger.py 179): Eval. step 75 of 274
[2026-03-30 10:52:00](logger.py 179): Eval. step 100 of 274
[2026-03-30 10:52:02](logger.py 179): Eval. step 125 of 274
[2026-03-30 10:52:04](logger.py 179): Eval. step 150 of 274
[2026-03-30 10:52:07](logger.py 179): Eval. step 175 of 274
[2026-03-30 10:52:09](logger.py 179): Eval. step 200 of 274
[2026-03-30 10:52:11](logger.py 179): Eval. step 225 of 274
[2026-03-30 10:52:14](logger.py 179): Eval. step 250 of 274
[2026-03-30 10:52:18](logger.py 179): id=CC_FMNIST_C10CFG_K20_E100_DT_0_95 | Ep. 20/100 | Time: 00:02 | loss_cc=4.614 - loss_ce=2.119 - loss_ne=0.0193 - loss_div=0.0 - threshold=1.0 - loss=6.752 - eval_confidence=0.9 - cluster_acc_0_eval=63.8 - cluster_nmi_0_eval=0.614 - cluster_ari_0_eval=0.512 - cluster_acc_1_eval=64.4 - cluster_nmi_1_eval=0.618 - cluster_ari_1_eval=0.515 - cluster_acc_2_eval=64.1 - cluster_nmi_2_eval=0.613 - cluster_ari_2_eval=0.51 - cluster_acc_3_eval=64.98 - cluster_nmi_3_eval=0.613 - cluster_ari_3_eval=0.509 - cluster_acc_4_eval=64.4 - cluster_nmi_4_eval=0.615 - cluster_ari_4_eval=0.511 - cluster_acc_5_eval=64.09 - cluster_nmi_5_eval=0.615 - cluster_ari_5_eval=0.512 - cluster_acc_6_eval=63.9 - cluster_nmi_6_eval=0.615 - cluster_ari_6_eval=0.512 - cluster_acc_7_eval=64.14 - cluster_nmi_7_eval=0.613 - cluster_ari_7_eval=0.51 - cluster_acc_8_eval=65.14 - cluster_nmi_8_eval=0.615 - cluster_ari_8_eval=0.511 - cluster_acc_9_eval=64.13 - cluster_nmi_9_eval=0.615 - cluster_ari_9_eval=0.513 - cluster_acc_10_eval=64.61 - cluster_nmi_10_eval=0.615 - cluster_ari_10_eval=0.512 - cluster_acc_11_eval=65.44 - cluster_nmi_11_eval=0.617 - cluster_ari_11_eval=0.515 - cluster_acc_12_eval=64.05 - cluster_nmi_12_eval=0.609 - cluster_ari_12_eval=0.506 - cluster_acc_13_eval=64.99 - cluster_nmi_13_eval=0.618 - cluster_ari_13_eval=0.515 - cluster_acc_14_eval=65.05 - cluster_nmi_14_eval=0.619 - cluster_ari_14_eval=0.517 - cluster_acc_15_eval=64.02 - cluster_nmi_15_eval=0.614 - cluster_ari_15_eval=0.51 - cluster_acc_16_eval=64.67 - cluster_nmi_16_eval=0.617 - cluster_ari_16_eval=0.515 - cluster_acc_17_eval=64.32 - cluster_nmi_17_eval=0.613 - cluster_ari_17_eval=0.51 - cluster_acc_18_eval=64.06 - cluster_nmi_18_eval=0.612 - cluster_ari_18_eval=0.509 - cluster_acc_19_eval=63.7 - cluster_nmi_19_eval=0.613 - cluster_ari_19_eval=0.512 - max_cluster_acc_eval=65.44 - mean_cluster_acc_eval=64.4 - min_cluster_acc_eval=63.7 - max_cluster_nmi_eval=0.619 - mean_cluster_nmi_eval=0.615 - min_cluster_nmi_eval=0.609 - max_cluster_ari_eval=0.517 - mean_cluster_ari_eval=0.512 - min_cluster_ari_eval=0.506 - interclustering_nmi_eval=0.934
/scratch/e0538389/DivClust/engine/trainer.py:41: FutureWarning: `torch.cuda.amp.autocast(args...)` is deprecated. Please use `torch.amp.autocast('cuda', args...)` instead.
  with autocast(self.mixed_precision):
[2026-03-30 10:52:20](logger.py 179): id=CC_FMNIST_C10CFG_K20_E100_DT_0_95 | Ep. 21/100 - Step 0/273 (0.0 it/s) |                    | - loss_cc=4.597 - loss_ce=2.108 - loss_ne=0.0104 - loss_div=0.0 - threshold=1.0 - loss=6.715
/scratch/e0538389/DivClust/engine/trainer.py:41: FutureWarning: `torch.cuda.amp.autocast(args...)` is deprecated. Please use `torch.amp.autocast('cuda', args...)` instead.
  with autocast(self.mixed_precision):
[2026-03-30 10:52:30](logger.py 179): id=CC_FMNIST_C10CFG_K20_E100_DT_0_95 | Ep. 21/100 - Step 25/273 (2.48 it/s) |#                   | - loss_cc=4.608 - loss_ce=2.116 - loss_ne=0.0207 - loss_div=0.0 - threshold=1.0 - loss=6.744
/scratch/e0538389/DivClust/engine/trainer.py:41: FutureWarning: `torch.cuda.amp.autocast(args...)` is deprecated. Please use `torch.amp.autocast('cuda', args...)` instead.
  with autocast(self.mixed_precision):
/scratch/e0538389/DivClust/engine/trainer.py:41: FutureWarning: `torch.cuda.amp.autocast(args...)` is deprecated. Please use `torch.amp.autocast('cuda', args...)` instead.
  with autocast(self.mixed_precision):
[2026-03-30 10:52:40](logger.py 179): id=CC_FMNIST_C10CFG_K20_E100_DT_0_95 | Ep. 21/100 - Step 50/273 (2.45 it/s) |###                 | - loss_cc=4.609 - loss_ce=2.117 - loss_ne=0.0214 - loss_div=0.0 - threshold=1.0 - loss=6.748
/scratch/e0538389/DivClust/engine/trainer.py:41: FutureWarning: `torch.cuda.amp.autocast(args...)` is deprecated. Please use `torch.amp.autocast('cuda', args...)` instead.
  with autocast(self.mixed_precision):
[2026-03-30 10:52:50](logger.py 179): id=CC_FMNIST_C10CFG_K20_E100_DT_0_95 | Ep. 21/100 - Step 75/273 (2.46 it/s) |#####               | - loss_cc=4.609 - loss_ce=2.118 - loss_ne=0.0198 - loss_div=0.0 - threshold=1.0 - loss=6.747
/scratch/e0538389/DivClust/engine/trainer.py:41: FutureWarning: `torch.cuda.amp.autocast(args...)` is deprecated. Please use `torch.amp.autocast('cuda', args...)` instead.
  with autocast(self.mixed_precision):
[2026-03-30 10:53:00](logger.py 179): id=CC_FMNIST_C10CFG_K20_E100_DT_0_95 | Ep. 21/100 - Step 100/273 (2.46 it/s) |#######             | - loss_cc=4.61 - loss_ce=2.118 - loss_ne=0.0196 - loss_div=0.0 - threshold=1.0 - loss=6.747
/scratch/e0538389/DivClust/engine/trainer.py:41: FutureWarning: `torch.cuda.amp.autocast(args...)` is deprecated. Please use `torch.amp.autocast('cuda', args...)` instead.
  with autocast(self.mixed_precision):
[2026-03-30 10:53:10](logger.py 179): id=CC_FMNIST_C10CFG_K20_E100_DT_0_95 | Ep. 21/100 - Step 125/273 (2.47 it/s) |#########           | - loss_cc=4.611 - loss_ce=2.118 - loss_ne=0.0198 - loss_div=0.0 - threshold=1.0 - loss=6.749
/scratch/e0538389/DivClust/engine/trainer.py:41: FutureWarning: `torch.cuda.amp.autocast(args...)` is deprecated. Please use `torch.amp.autocast('cuda', args...)` instead.
  with autocast(self.mixed_precision):
/scratch/e0538389/DivClust/engine/trainer.py:41: FutureWarning: `torch.cuda.amp.autocast(args...)` is deprecated. Please use `torch.amp.autocast('cuda', args...)` instead.
  with autocast(self.mixed_precision):
[2026-03-30 10:53:21](logger.py 179): id=CC_FMNIST_C10CFG_K20_E100_DT_0_95 | Ep. 21/100 - Step 150/273 (2.46 it/s) |##########          | - loss_cc=4.613 - loss_ce=2.118 - loss_ne=0.0202 - loss_div=0.0 - threshold=1.0 - loss=6.752
/scratch/e0538389/DivClust/engine/trainer.py:41: FutureWarning: `torch.cuda.amp.autocast(args...)` is deprecated. Please use `torch.amp.autocast('cuda', args...)` instead.
  with autocast(self.mixed_precision):
[2026-03-30 10:53:31](logger.py 179): id=CC_FMNIST_C10CFG_K20_E100_DT_0_95 | Ep. 21/100 - Step 175/273 (2.46 it/s) |############        | - loss_cc=4.613 - loss_ce=2.119 - loss_ne=0.0202 - loss_div=0.0 - threshold=1.0 - loss=6.752
/scratch/e0538389/DivClust/engine/trainer.py:41: FutureWarning: `torch.cuda.amp.autocast(args...)` is deprecated. Please use `torch.amp.autocast('cuda', args...)` instead.
  with autocast(self.mixed_precision):
[2026-03-30 10:53:41](logger.py 179): id=CC_FMNIST_C10CFG_K20_E100_DT_0_95 | Ep. 21/100 - Step 200/273 (2.46 it/s) |##############      | - loss_cc=4.613 - loss_ce=2.119 - loss_ne=0.0205 - loss_div=0.0 - threshold=1.0 - loss=6.753
/scratch/e0538389/DivClust/engine/trainer.py:41: FutureWarning: `torch.cuda.amp.autocast(args...)` is deprecated. Please use `torch.amp.autocast('cuda', args...)` instead.
  with autocast(self.mixed_precision):
[2026-03-30 10:53:51](logger.py 179): id=CC_FMNIST_C10CFG_K20_E100_DT_0_95 | Ep. 21/100 - Step 225/273 (2.46 it/s) |################    | - loss_cc=4.613 - loss_ce=2.119 - loss_ne=0.0204 - loss_div=0.0 - threshold=1.0 - loss=6.752
/scratch/e0538389/DivClust/engine/trainer.py:41: FutureWarning: `torch.cuda.amp.autocast(args...)` is deprecated. Please use `torch.amp.autocast('cuda', args...)` instead.
  with autocast(self.mixed_precision):
/scratch/e0538389/DivClust/engine/trainer.py:41: FutureWarning: `torch.cuda.amp.autocast(args...)` is deprecated. Please use `torch.amp.autocast('cuda', args...)` instead.
  with autocast(self.mixed_precision):
[2026-03-30 10:54:01](logger.py 179): id=CC_FMNIST_C10CFG_K20_E100_DT_0_95 | Ep. 21/100 - Step 250/273 (2.46 it/s) |##################  | - loss_cc=4.613 - loss_ce=2.119 - loss_ne=0.0208 - loss_div=0.0 - threshold=1.0 - loss=6.753
/scratch/e0538389/DivClust/engine/trainer.py:41: FutureWarning: `torch.cuda.amp.autocast(args...)` is deprecated. Please use `torch.amp.autocast('cuda', args...)` instead.
  with autocast(self.mixed_precision):
[2026-03-30 10:54:10](logger.py 179): id=CC_FMNIST_C10CFG_K20_E100_DT_0_95 | Ep. 21/100 | Time: 00:01 | loss_cc=4.613 - loss_ce=2.119 - loss_ne=0.0205 - loss_div=0.0 - threshold=1.0 - loss=6.752
[2026-03-30 10:54:12](logger.py 179): id=CC_FMNIST_C10CFG_K20_E100_DT_0_95 | Ep. 22/100 - Step 0/273 (0.0 it/s) |                    | - loss_cc=4.619 - loss_ce=2.112 - loss_ne=0.0192 - loss_div=0.0 - threshold=1.0 - loss=6.75
/scratch/e0538389/DivClust/engine/trainer.py:41: FutureWarning: `torch.cuda.amp.autocast(args...)` is deprecated. Please use `torch.amp.autocast('cuda', args...)` instead.
  with autocast(self.mixed_precision):
[2026-03-30 10:54:22](logger.py 179): id=CC_FMNIST_C10CFG_K20_E100_DT_0_95 | Ep. 22/100 - Step 25/273 (2.48 it/s) |#                   | - loss_cc=4.61 - loss_ce=2.117 - loss_ne=0.022 - loss_div=0.0 - threshold=1.0 - loss=6.749
/scratch/e0538389/DivClust/engine/trainer.py:41: FutureWarning: `torch.cuda.amp.autocast(args...)` is deprecated. Please use `torch.amp.autocast('cuda', args...)` instead.
  with autocast(self.mixed_precision):
[2026-03-30 10:54:32](logger.py 179): id=CC_FMNIST_C10CFG_K20_E100_DT_0_95 | Ep. 22/100 - Step 50/273 (2.48 it/s) |###                 | - loss_cc=4.614 - loss_ce=2.12 - loss_ne=0.0198 - loss_div=0.0 - threshold=1.0 - loss=6.753
/scratch/e0538389/DivClust/engine/trainer.py:41: FutureWarning: `torch.cuda.amp.autocast(args...)` is deprecated. Please use `torch.amp.autocast('cuda', args...)` instead.
  with autocast(self.mixed_precision):
/scratch/e0538389/DivClust/engine/trainer.py:41: FutureWarning: `torch.cuda.amp.autocast(args...)` is deprecated. Please use `torch.amp.autocast('cuda', args...)` instead.
  with autocast(self.mixed_precision):
[2026-03-30 10:54:42](logger.py 179): id=CC_FMNIST_C10CFG_K20_E100_DT_0_95 | Ep. 22/100 - Step 75/273 (2.46 it/s) |#####               | - loss_cc=4.611 - loss_ce=2.118 - loss_ne=0.0202 - loss_div=0.0 - threshold=1.0 - loss=6.749
/scratch/e0538389/DivClust/engine/trainer.py:41: FutureWarning: `torch.cuda.amp.autocast(args...)` is deprecated. Please use `torch.amp.autocast('cuda', args...)` instead.
  with autocast(self.mixed_precision):
[2026-03-30 10:54:53](logger.py 179): id=CC_FMNIST_C10CFG_K20_E100_DT_0_95 | Ep. 22/100 - Step 100/273 (2.46 it/s) |#######             | - loss_cc=4.612 - loss_ce=2.119 - loss_ne=0.0194 - loss_div=0.0 - threshold=1.0 - loss=6.75
/scratch/e0538389/DivClust/engine/trainer.py:41: FutureWarning: `torch.cuda.amp.autocast(args...)` is deprecated. Please use `torch.amp.autocast('cuda', args...)` instead.
  with autocast(self.mixed_precision):
[2026-03-30 10:55:03](logger.py 179): id=CC_FMNIST_C10CFG_K20_E100_DT_0_95 | Ep. 22/100 - Step 125/273 (2.47 it/s) |#########           | - loss_cc=4.612 - loss_ce=2.119 - loss_ne=0.019 - loss_div=0.0 - threshold=1.0 - loss=6.749
/scratch/e0538389/DivClust/engine/trainer.py:41: FutureWarning: `torch.cuda.amp.autocast(args...)` is deprecated. Please use `torch.amp.autocast('cuda', args...)` instead.
  with autocast(self.mixed_precision):
[2026-03-30 10:55:13](logger.py 179): id=CC_FMNIST_C10CFG_K20_E100_DT_0_95 | Ep. 22/100 - Step 150/273 (2.47 it/s) |##########          | - loss_cc=4.611 - loss_ce=2.119 - loss_ne=0.0215 - loss_div=0.00305 - threshold=0.999 - loss=6.754
/scratch/e0538389/DivClust/engine/trainer.py:41: FutureWarning: `torch.cuda.amp.autocast(args...)` is deprecated. Please use `torch.amp.autocast('cuda', args...)` instead.
  with autocast(self.mixed_precision):
/scratch/e0538389/DivClust/engine/trainer.py:41: FutureWarning: `torch.cuda.amp.autocast(args...)` is deprecated. Please use `torch.amp.autocast('cuda', args...)` instead.
  with autocast(self.mixed_precision):
[2026-03-30 10:55:23](logger.py 179): id=CC_FMNIST_C10CFG_K20_E100_DT_0_95 | Ep. 22/100 - Step 175/273 (2.46 it/s) |############        | - loss_cc=4.61 - loss_ce=2.119 - loss_ne=0.0215 - loss_div=0.00263 - threshold=0.999 - loss=6.753
/scratch/e0538389/DivClust/engine/trainer.py:41: FutureWarning: `torch.cuda.amp.autocast(args...)` is deprecated. Please use `torch.amp.autocast('cuda', args...)` instead.
  with autocast(self.mixed_precision):
[2026-03-30 10:55:33](logger.py 179): id=CC_FMNIST_C10CFG_K20_E100_DT_0_95 | Ep. 22/100 - Step 200/273 (2.46 it/s) |##############      | - loss_cc=4.61 - loss_ce=2.119 - loss_ne=0.0211 - loss_div=0.00231 - threshold=0.999 - loss=6.753
/scratch/e0538389/DivClust/engine/trainer.py:41: FutureWarning: `torch.cuda.amp.autocast(args...)` is deprecated. Please use `torch.amp.autocast('cuda', args...)` instead.
  with autocast(self.mixed_precision):
[2026-03-30 10:55:43](logger.py 179): id=CC_FMNIST_C10CFG_K20_E100_DT_0_95 | Ep. 22/100 - Step 225/273 (2.47 it/s) |################    | - loss_cc=4.609 - loss_ce=2.119 - loss_ne=0.0208 - loss_div=0.00205 - threshold=0.999 - loss=6.751
/scratch/e0538389/DivClust/engine/trainer.py:41: FutureWarning: `torch.cuda.amp.autocast(args...)` is deprecated. Please use `torch.amp.autocast('cuda', args...)` instead.
  with autocast(self.mixed_precision):
[2026-03-30 10:55:53](logger.py 179): id=CC_FMNIST_C10CFG_K20_E100_DT_0_95 | Ep. 22/100 - Step 250/273 (2.47 it/s) |##################  | - loss_cc=4.609 - loss_ce=2.118 - loss_ne=0.0204 - loss_div=0.00185 - threshold=0.999 - loss=6.75
/scratch/e0538389/DivClust/engine/trainer.py:41: FutureWarning: `torch.cuda.amp.autocast(args...)` is deprecated. Please use `torch.amp.autocast('cuda', args...)` instead.
  with autocast(self.mixed_precision):
[2026-03-30 10:56:02](logger.py 179): id=CC_FMNIST_C10CFG_K20_E100_DT_0_95 | Ep. 22/100 | Time: 00:01 | loss_cc=4.608 - loss_ce=2.118 - loss_ne=0.0202 - loss_div=0.0017 - threshold=0.999 - loss=6.749
[2026-03-30 10:56:04](logger.py 179): id=CC_FMNIST_C10CFG_K20_E100_DT_0_95 | Ep. 23/100 - Step 0/273 (0.0 it/s) |                    | - loss_cc=4.632 - loss_ce=2.112 - loss_ne=0.0125 - loss_div=0.0 - threshold=1.0 - loss=6.757
/scratch/e0538389/DivClust/engine/trainer.py:41: FutureWarning: `torch.cuda.amp.autocast(args...)` is deprecated. Please use `torch.amp.autocast('cuda', args...)` instead.
  with autocast(self.mixed_precision):
/scratch/e0538389/DivClust/engine/trainer.py:41: FutureWarning: `torch.cuda.amp.autocast(args...)` is deprecated. Please use `torch.amp.autocast('cuda', args...)` instead.
  with autocast(self.mixed_precision):
[2026-03-30 10:56:14](logger.py 179): id=CC_FMNIST_C10CFG_K20_E100_DT_0_95 | Ep. 23/100 - Step 25/273 (2.42 it/s) |#                   | - loss_cc=4.607 - loss_ce=2.117 - loss_ne=0.0184 - loss_div=0.0 - threshold=1.0 - loss=6.742
/scratch/e0538389/DivClust/engine/trainer.py:41: FutureWarning: `torch.cuda.amp.autocast(args...)` is deprecated. Please use `torch.amp.autocast('cuda', args...)` instead.
  with autocast(self.mixed_precision):
[2026-03-30 10:56:24](logger.py 179): id=CC_FMNIST_C10CFG_K20_E100_DT_0_95 | Ep. 23/100 - Step 50/273 (2.45 it/s) |###                 | - loss_cc=4.606 - loss_ce=2.116 - loss_ne=0.0193 - loss_div=0.0 - threshold=1.0 - loss=6.742
/scratch/e0538389/DivClust/engine/trainer.py:41: FutureWarning: `torch.cuda.amp.autocast(args...)` is deprecated. Please use `torch.amp.autocast('cuda', args...)` instead.
  with autocast(self.mixed_precision):
[2026-03-30 10:56:35](logger.py 179): id=CC_FMNIST_C10CFG_K20_E100_DT_0_95 | Ep. 23/100 - Step 75/273 (2.46 it/s) |#####               | - loss_cc=4.606 - loss_ce=2.117 - loss_ne=0.0197 - loss_div=0.0 - threshold=1.0 - loss=6.742
/scratch/e0538389/DivClust/engine/trainer.py:41: FutureWarning: `torch.cuda.amp.autocast(args...)` is deprecated. Please use `torch.amp.autocast('cuda', args...)` instead.
  with autocast(self.mixed_precision):
[2026-03-30 10:56:45](logger.py 179): id=CC_FMNIST_C10CFG_K20_E100_DT_0_95 | Ep. 23/100 - Step 100/273 (2.47 it/s) |#######             | - loss_cc=4.603 - loss_ce=2.116 - loss_ne=0.0197 - loss_div=0.0 - threshold=1.0 - loss=6.739
/scratch/e0538389/DivClust/engine/trainer.py:41: FutureWarning: `torch.cuda.amp.autocast(args...)` is deprecated. Please use `torch.amp.autocast('cuda', args...)` instead.
  with autocast(self.mixed_precision):
/scratch/e0538389/DivClust/engine/trainer.py:41: FutureWarning: `torch.cuda.amp.autocast(args...)` is deprecated. Please use `torch.amp.autocast('cuda', args...)` instead.
  with autocast(self.mixed_precision):
[2026-03-30 10:56:55](logger.py 179): id=CC_FMNIST_C10CFG_K20_E100_DT_0_95 | Ep. 23/100 - Step 125/273 (2.45 it/s) |#########           | - loss_cc=4.603 - loss_ce=2.116 - loss_ne=0.0193 - loss_div=0.0 - threshold=1.0 - loss=6.738
/scratch/e0538389/DivClust/engine/trainer.py:41: FutureWarning: `torch.cuda.amp.autocast(args...)` is deprecated. Please use `torch.amp.autocast('cuda', args...)` instead.
  with autocast(self.mixed_precision):
[2026-03-30 10:57:05](logger.py 179): id=CC_FMNIST_C10CFG_K20_E100_DT_0_95 | Ep. 23/100 - Step 150/273 (2.46 it/s) |##########          | - loss_cc=4.603 - loss_ce=2.116 - loss_ne=0.0192 - loss_div=0.0 - threshold=1.0 - loss=6.739
/scratch/e0538389/DivClust/engine/trainer.py:41: FutureWarning: `torch.cuda.amp.autocast(args...)` is deprecated. Please use `torch.amp.autocast('cuda', args...)` instead.
  with autocast(self.mixed_precision):
[2026-03-30 10:57:15](logger.py 179): id=CC_FMNIST_C10CFG_K20_E100_DT_0_95 | Ep. 23/100 - Step 175/273 (2.46 it/s) |############        | - loss_cc=4.603 - loss_ce=2.116 - loss_ne=0.0184 - loss_div=0.0 - threshold=1.0 - loss=6.737
/scratch/e0538389/DivClust/engine/trainer.py:41: FutureWarning: `torch.cuda.amp.autocast(args...)` is deprecated. Please use `torch.amp.autocast('cuda', args...)` instead.
  with autocast(self.mixed_precision):
[2026-03-30 10:57:25](logger.py 179): id=CC_FMNIST_C10CFG_K20_E100_DT_0_95 | Ep. 23/100 - Step 200/273 (2.46 it/s) |##############      | - loss_cc=4.603 - loss_ce=2.116 - loss_ne=0.0189 - loss_div=0.0 - threshold=1.0 - loss=6.738
/scratch/e0538389/DivClust/engine/trainer.py:41: FutureWarning: `torch.cuda.amp.autocast(args...)` is deprecated. Please use `torch.amp.autocast('cuda', args...)` instead.
  with autocast(self.mixed_precision):
/scratch/e0538389/DivClust/engine/trainer.py:41: FutureWarning: `torch.cuda.amp.autocast(args...)` is deprecated. Please use `torch.amp.autocast('cuda', args...)` instead.
  with autocast(self.mixed_precision):
[2026-03-30 10:57:36](logger.py 179): id=CC_FMNIST_C10CFG_K20_E100_DT_0_95 | Ep. 23/100 - Step 225/273 (2.46 it/s) |################    | - loss_cc=4.603 - loss_ce=2.116 - loss_ne=0.0192 - loss_div=0.0 - threshold=1.0 - loss=6.738
/scratch/e0538389/DivClust/engine/trainer.py:41: FutureWarning: `torch.cuda.amp.autocast(args...)` is deprecated. Please use `torch.amp.autocast('cuda', args...)` instead.
  with autocast(self.mixed_precision):
[2026-03-30 10:57:46](logger.py 179): id=CC_FMNIST_C10CFG_K20_E100_DT_0_95 | Ep. 23/100 - Step 250/273 (2.46 it/s) |##################  | - loss_cc=4.603 - loss_ce=2.116 - loss_ne=0.019 - loss_div=0.0 - threshold=1.0 - loss=6.738
/scratch/e0538389/DivClust/engine/trainer.py:41: FutureWarning: `torch.cuda.amp.autocast(args...)` is deprecated. Please use `torch.amp.autocast('cuda', args...)` instead.
  with autocast(self.mixed_precision):
[2026-03-30 10:57:55](logger.py 179): id=CC_FMNIST_C10CFG_K20_E100_DT_0_95 | Ep. 23/100 | Time: 00:01 | loss_cc=4.603 - loss_ce=2.116 - loss_ne=0.0191 - loss_div=0.0 - threshold=1.0 - loss=6.738
[2026-03-30 10:57:57](logger.py 179): id=CC_FMNIST_C10CFG_K20_E100_DT_0_95 | Ep. 24/100 - Step 0/273 (0.0 it/s) |                    | - loss_cc=4.583 - loss_ce=2.111 - loss_ne=0.00939 - loss_div=0.0 - threshold=1.0 - loss=6.704
/scratch/e0538389/DivClust/engine/trainer.py:41: FutureWarning: `torch.cuda.amp.autocast(args...)` is deprecated. Please use `torch.amp.autocast('cuda', args...)` instead.
  with autocast(self.mixed_precision):
[2026-03-30 10:58:07](logger.py 179): id=CC_FMNIST_C10CFG_K20_E100_DT_0_95 | Ep. 24/100 - Step 25/273 (2.48 it/s) |#                   | - loss_cc=4.598 - loss_ce=2.114 - loss_ne=0.0166 - loss_div=0.0 - threshold=1.0 - loss=6.728
/scratch/e0538389/DivClust/engine/trainer.py:41: FutureWarning: `torch.cuda.amp.autocast(args...)` is deprecated. Please use `torch.amp.autocast('cuda', args...)` instead.
  with autocast(self.mixed_precision):
/scratch/e0538389/DivClust/engine/trainer.py:41: FutureWarning: `torch.cuda.amp.autocast(args...)` is deprecated. Please use `torch.amp.autocast('cuda', args...)` instead.
  with autocast(self.mixed_precision):
[2026-03-30 10:58:17](logger.py 179): id=CC_FMNIST_C10CFG_K20_E100_DT_0_95 | Ep. 24/100 - Step 50/273 (2.45 it/s) |###                 | - loss_cc=4.604 - loss_ce=2.115 - loss_ne=0.0188 - loss_div=0.0 - threshold=1.0 - loss=6.738
/scratch/e0538389/DivClust/engine/trainer.py:41: FutureWarning: `torch.cuda.amp.autocast(args...)` is deprecated. Please use `torch.amp.autocast('cuda', args...)` instead.
  with autocast(self.mixed_precision):
[2026-03-30 10:58:27](logger.py 179): id=CC_FMNIST_C10CFG_K20_E100_DT_0_95 | Ep. 24/100 - Step 75/273 (2.46 it/s) |#####               | - loss_cc=4.602 - loss_ce=2.115 - loss_ne=0.0179 - loss_div=0.0 - threshold=1.0 - loss=6.735
/scratch/e0538389/DivClust/engine/trainer.py:41: FutureWarning: `torch.cuda.amp.autocast(args...)` is deprecated. Please use `torch.amp.autocast('cuda', args...)` instead.
  with autocast(self.mixed_precision):
[2026-03-30 10:58:37](logger.py 179): id=CC_FMNIST_C10CFG_K20_E100_DT_0_95 | Ep. 24/100 - Step 100/273 (2.47 it/s) |#######             | - loss_cc=4.601 - loss_ce=2.114 - loss_ne=0.0187 - loss_div=0.0 - threshold=1.0 - loss=6.734
/scratch/e0538389/DivClust/engine/trainer.py:41: FutureWarning: `torch.cuda.amp.autocast(args...)` is deprecated. Please use `torch.amp.autocast('cuda', args...)` instead.
  with autocast(self.mixed_precision):
[2026-03-30 10:58:47](logger.py 179): id=CC_FMNIST_C10CFG_K20_E100_DT_0_95 | Ep. 24/100 - Step 125/273 (2.47 it/s) |#########           | - loss_cc=4.602 - loss_ce=2.115 - loss_ne=0.0185 - loss_div=0.0 - threshold=1.0 - loss=6.736
/scratch/e0538389/DivClust/engine/trainer.py:41: FutureWarning: `torch.cuda.amp.autocast(args...)` is deprecated. Please use `torch.amp.autocast('cuda', args...)` instead.
  with autocast(self.mixed_precision):
/scratch/e0538389/DivClust/engine/trainer.py:41: FutureWarning: `torch.cuda.amp.autocast(args...)` is deprecated. Please use `torch.amp.autocast('cuda', args...)` instead.
  with autocast(self.mixed_precision):
[2026-03-30 10:58:58](logger.py 179): id=CC_FMNIST_C10CFG_K20_E100_DT_0_95 | Ep. 24/100 - Step 150/273 (2.46 it/s) |##########          | - loss_cc=4.601 - loss_ce=2.115 - loss_ne=0.0183 - loss_div=0.0 - threshold=1.0 - loss=6.733
/scratch/e0538389/DivClust/engine/trainer.py:41: FutureWarning: `torch.cuda.amp.autocast(args...)` is deprecated. Please use `torch.amp.autocast('cuda', args...)` instead.
  with autocast(self.mixed_precision):
[2026-03-30 10:59:08](logger.py 179): id=CC_FMNIST_C10CFG_K20_E100_DT_0_95 | Ep. 24/100 - Step 175/273 (2.47 it/s) |############        | - loss_cc=4.601 - loss_ce=2.115 - loss_ne=0.0181 - loss_div=0.0 - threshold=1.0 - loss=6.733
/scratch/e0538389/DivClust/engine/trainer.py:41: FutureWarning: `torch.cuda.amp.autocast(args...)` is deprecated. Please use `torch.amp.autocast('cuda', args...)` instead.
  with autocast(self.mixed_precision):
[2026-03-30 10:59:18](logger.py 179): id=CC_FMNIST_C10CFG_K20_E100_DT_0_95 | Ep. 24/100 - Step 200/273 (2.47 it/s) |##############      | - loss_cc=4.6 - loss_ce=2.115 - loss_ne=0.0183 - loss_div=0.0 - threshold=1.0 - loss=6.733
/scratch/e0538389/DivClust/engine/trainer.py:41: FutureWarning: `torch.cuda.amp.autocast(args...)` is deprecated. Please use `torch.amp.autocast('cuda', args...)` instead.
  with autocast(self.mixed_precision):
[2026-03-30 10:59:28](logger.py 179): id=CC_FMNIST_C10CFG_K20_E100_DT_0_95 | Ep. 24/100 - Step 225/273 (2.47 it/s) |################    | - loss_cc=4.601 - loss_ce=2.114 - loss_ne=0.0179 - loss_div=0.0 - threshold=1.0 - loss=6.733
/scratch/e0538389/DivClust/engine/trainer.py:41: FutureWarning: `torch.cuda.amp.autocast(args...)` is deprecated. Please use `torch.amp.autocast('cuda', args...)` instead.
  with autocast(self.mixed_precision):
/scratch/e0538389/DivClust/engine/trainer.py:41: FutureWarning: `torch.cuda.amp.autocast(args...)` is deprecated. Please use `torch.amp.autocast('cuda', args...)` instead.
  with autocast(self.mixed_precision):
[2026-03-30 10:59:38](logger.py 179): id=CC_FMNIST_C10CFG_K20_E100_DT_0_95 | Ep. 24/100 - Step 250/273 (2.46 it/s) |##################  | - loss_cc=4.6 - loss_ce=2.114 - loss_ne=0.0178 - loss_div=0.0 - threshold=1.0 - loss=6.732
/scratch/e0538389/DivClust/engine/trainer.py:41: FutureWarning: `torch.cuda.amp.autocast(args...)` is deprecated. Please use `torch.amp.autocast('cuda', args...)` instead.
  with autocast(self.mixed_precision):
[2026-03-30 10:59:47](logger.py 179): id=CC_FMNIST_C10CFG_K20_E100_DT_0_95 | Ep. 24/100 | Time: 00:01 | loss_cc=4.6 - loss_ce=2.114 - loss_ne=0.0178 - loss_div=0.00158 - threshold=1.0 - loss=6.734
[2026-03-30 10:59:49](logger.py 179): id=CC_FMNIST_C10CFG_K20_E100_DT_0_95 | Ep. 25/100 - Step 0/273 (0.0 it/s) |                    | - loss_cc=4.629 - loss_ce=2.135 - loss_ne=0.0593 - loss_div=0.00148 - threshold=0.99 - loss=6.825
/scratch/e0538389/DivClust/engine/trainer.py:41: FutureWarning: `torch.cuda.amp.autocast(args...)` is deprecated. Please use `torch.amp.autocast('cuda', args...)` instead.
  with autocast(self.mixed_precision):
[2026-03-30 10:59:59](logger.py 179): id=CC_FMNIST_C10CFG_K20_E100_DT_0_95 | Ep. 25/100 - Step 25/273 (2.47 it/s) |#                   | - loss_cc=4.601 - loss_ce=2.119 - loss_ne=0.0391 - loss_div=0.000144 - threshold=0.994 - loss=6.76
/scratch/e0538389/DivClust/engine/trainer.py:41: FutureWarning: `torch.cuda.amp.autocast(args...)` is deprecated. Please use `torch.amp.autocast('cuda', args...)` instead.
  with autocast(self.mixed_precision):
[2026-03-30 11:00:09](logger.py 179): id=CC_FMNIST_C10CFG_K20_E100_DT_0_95 | Ep. 25/100 - Step 50/273 (2.47 it/s) |###                 | - loss_cc=4.597 - loss_ce=2.116 - loss_ne=0.0297 - loss_div=7.32e-05 - threshold=0.997 - loss=6.743
/scratch/e0538389/DivClust/engine/trainer.py:41: FutureWarning: `torch.cuda.amp.autocast(args...)` is deprecated. Please use `torch.amp.autocast('cuda', args...)` instead.
  with autocast(self.mixed_precision):
[2026-03-30 11:00:20](logger.py 179): id=CC_FMNIST_C10CFG_K20_E100_DT_0_95 | Ep. 25/100 - Step 75/273 (2.45 it/s) |#####               | - loss_cc=4.599 - loss_ce=2.117 - loss_ne=0.026 - loss_div=4.91e-05 - threshold=0.998 - loss=6.742
/scratch/e0538389/DivClust/engine/trainer.py:41: FutureWarning: `torch.cuda.amp.autocast(args...)` is deprecated. Please use `torch.amp.autocast('cuda', args...)` instead.
  with autocast(self.mixed_precision):
/scratch/e0538389/DivClust/engine/trainer.py:41: FutureWarning: `torch.cuda.amp.autocast(args...)` is deprecated. Please use `torch.amp.autocast('cuda', args...)` instead.
  with autocast(self.mixed_precision):
[2026-03-30 11:00:30](logger.py 179): id=CC_FMNIST_C10CFG_K20_E100_DT_0_95 | Ep. 25/100 - Step 100/273 (2.45 it/s) |#######             | - loss_cc=4.597 - loss_ce=2.116 - loss_ne=0.0241 - loss_div=3.7e-05 - threshold=0.998 - loss=6.737
/scratch/e0538389/DivClust/engine/trainer.py:41: FutureWarning: `torch.cuda.amp.autocast(args...)` is deprecated. Please use `torch.amp.autocast('cuda', args...)` instead.
  with autocast(self.mixed_precision):
[2026-03-30 11:00:40](logger.py 179): id=CC_FMNIST_C10CFG_K20_E100_DT_0_95 | Ep. 25/100 - Step 125/273 (2.46 it/s) |#########           | - loss_cc=4.597 - loss_ce=2.116 - loss_ne=0.0227 - loss_div=2.96e-05 - threshold=0.999 - loss=6.736
/scratch/e0538389/DivClust/engine/trainer.py:41: FutureWarning: `torch.cuda.amp.autocast(args...)` is deprecated. Please use `torch.amp.autocast('cuda', args...)` instead.
  with autocast(self.mixed_precision):
[2026-03-30 11:00:50](logger.py 179): id=CC_FMNIST_C10CFG_K20_E100_DT_0_95 | Ep. 25/100 - Step 150/273 (2.46 it/s) |##########          | - loss_cc=4.598 - loss_ce=2.115 - loss_ne=0.0221 - loss_div=2.47e-05 - threshold=0.999 - loss=6.735
/scratch/e0538389/DivClust/engine/trainer.py:41: FutureWarning: `torch.cuda.amp.autocast(args...)` is deprecated. Please use `torch.amp.autocast('cuda', args...)` instead.
  with autocast(self.mixed_precision):
[2026-03-30 11:01:00](logger.py 179): id=CC_FMNIST_C10CFG_K20_E100_DT_0_95 | Ep. 25/100 - Step 175/273 (2.46 it/s) |############        | - loss_cc=4.599 - loss_ce=2.116 - loss_ne=0.0218 - loss_div=2.12e-05 - threshold=0.999 - loss=6.737
/scratch/e0538389/DivClust/engine/trainer.py:41: FutureWarning: `torch.cuda.amp.autocast(args...)` is deprecated. Please use `torch.amp.autocast('cuda', args...)` instead.
  with autocast(self.mixed_precision):
/scratch/e0538389/DivClust/engine/trainer.py:41: FutureWarning: `torch.cuda.amp.autocast(args...)` is deprecated. Please use `torch.amp.autocast('cuda', args...)` instead.
  with autocast(self.mixed_precision):
[2026-03-30 11:01:10](logger.py 179): id=CC_FMNIST_C10CFG_K20_E100_DT_0_95 | Ep. 25/100 - Step 200/273 (2.46 it/s) |##############      | - loss_cc=4.598 - loss_ce=2.116 - loss_ne=0.0211 - loss_div=1.86e-05 - threshold=0.999 - loss=6.735
/scratch/e0538389/DivClust/engine/trainer.py:41: FutureWarning: `torch.cuda.amp.autocast(args...)` is deprecated. Please use `torch.amp.autocast('cuda', args...)` instead.
  with autocast(self.mixed_precision):
[2026-03-30 11:01:20](logger.py 179): id=CC_FMNIST_C10CFG_K20_E100_DT_0_95 | Ep. 25/100 - Step 225/273 (2.46 it/s) |################    | - loss_cc=4.598 - loss_ce=2.115 - loss_ne=0.0207 - loss_div=1.65e-05 - threshold=0.999 - loss=6.734
/scratch/e0538389/DivClust/engine/trainer.py:41: FutureWarning: `torch.cuda.amp.autocast(args...)` is deprecated. Please use `torch.amp.autocast('cuda', args...)` instead.
  with autocast(self.mixed_precision):
[2026-03-30 11:01:31](logger.py 179): id=CC_FMNIST_C10CFG_K20_E100_DT_0_95 | Ep. 25/100 - Step 250/273 (2.46 it/s) |##################  | - loss_cc=4.598 - loss_ce=2.115 - loss_ne=0.0206 - loss_div=1.49e-05 - threshold=0.999 - loss=6.734
/scratch/e0538389/DivClust/engine/trainer.py:41: FutureWarning: `torch.cuda.amp.autocast(args...)` is deprecated. Please use `torch.amp.autocast('cuda', args...)` instead.
  with autocast(self.mixed_precision):
[2026-03-30 11:01:39](logger.py 179): id=CC_FMNIST_C10CFG_K20_E100_DT_0_95 | Ep. 25/100 | Time: 00:01 | loss_cc=4.598 - loss_ce=2.115 - loss_ne=0.0204 - loss_div=1.37e-05 - threshold=0.999 - loss=6.733
[2026-03-30 11:01:42](logger.py 179): id=CC_FMNIST_C10CFG_K20_E100_DT_0_95 | Ep. 26/100 - Step 0/273 (0.0 it/s) |                    | - loss_cc=4.562 - loss_ce=2.096 - loss_ne=0.0112 - loss_div=0.0 - threshold=1.0 - loss=6.669
/scratch/e0538389/DivClust/engine/trainer.py:41: FutureWarning: `torch.cuda.amp.autocast(args...)` is deprecated. Please use `torch.amp.autocast('cuda', args...)` instead.
  with autocast(self.mixed_precision):
/scratch/e0538389/DivClust/engine/trainer.py:41: FutureWarning: `torch.cuda.amp.autocast(args...)` is deprecated. Please use `torch.amp.autocast('cuda', args...)` instead.
  with autocast(self.mixed_precision):
[2026-03-30 11:01:52](logger.py 179): id=CC_FMNIST_C10CFG_K20_E100_DT_0_95 | Ep. 26/100 - Step 25/273 (2.41 it/s) |#                   | - loss_cc=4.593 - loss_ce=2.112 - loss_ne=0.0209 - loss_div=0.0 - threshold=1.0 - loss=6.726
/scratch/e0538389/DivClust/engine/trainer.py:41: FutureWarning: `torch.cuda.amp.autocast(args...)` is deprecated. Please use `torch.amp.autocast('cuda', args...)` instead.
  with autocast(self.mixed_precision):
[2026-03-30 11:02:02](logger.py 179): id=CC_FMNIST_C10CFG_K20_E100_DT_0_95 | Ep. 26/100 - Step 50/273 (2.44 it/s) |###                 | - loss_cc=4.59 - loss_ce=2.112 - loss_ne=0.0183 - loss_div=0.0 - threshold=1.0 - loss=6.721
/scratch/e0538389/DivClust/engine/trainer.py:41: FutureWarning: `torch.cuda.amp.autocast(args...)` is deprecated. Please use `torch.amp.autocast('cuda', args...)` instead.
  with autocast(self.mixed_precision):
[2026-03-30 11:02:12](logger.py 179): id=CC_FMNIST_C10CFG_K20_E100_DT_0_95 | Ep. 26/100 - Step 75/273 (2.46 it/s) |#####               | - loss_cc=4.592 - loss_ce=2.112 - loss_ne=0.0189 - loss_div=0.0 - threshold=1.0 - loss=6.723
/scratch/e0538389/DivClust/engine/trainer.py:41: FutureWarning: `torch.cuda.amp.autocast(args...)` is deprecated. Please use `torch.amp.autocast('cuda', args...)` instead.
  with autocast(self.mixed_precision):
[2026-03-30 11:02:22](logger.py 179): id=CC_FMNIST_C10CFG_K20_E100_DT_0_95 | Ep. 26/100 - Step 100/273 (2.46 it/s) |#######             | - loss_cc=4.594 - loss_ce=2.112 - loss_ne=0.0184 - loss_div=0.0 - threshold=1.0 - loss=6.725
/scratch/e0538389/DivClust/engine/trainer.py:41: FutureWarning: `torch.cuda.amp.autocast(args...)` is deprecated. Please use `torch.amp.autocast('cuda', args...)` instead.
  with autocast(self.mixed_precision):
/scratch/e0538389/DivClust/engine/trainer.py:41: FutureWarning: `torch.cuda.amp.autocast(args...)` is deprecated. Please use `torch.amp.autocast('cuda', args...)` instead.
  with autocast(self.mixed_precision):
[2026-03-30 11:02:32](logger.py 179): id=CC_FMNIST_C10CFG_K20_E100_DT_0_95 | Ep. 26/100 - Step 125/273 (2.46 it/s) |#########           | - loss_cc=4.594 - loss_ce=2.113 - loss_ne=0.0186 - loss_div=0.0 - threshold=1.0 - loss=6.725
/scratch/e0538389/DivClust/engine/trainer.py:41: FutureWarning: `torch.cuda.amp.autocast(args...)` is deprecated. Please use `torch.amp.autocast('cuda', args...)` instead.
  with autocast(self.mixed_precision):
[2026-03-30 11:02:43](logger.py 179): id=CC_FMNIST_C10CFG_K20_E100_DT_0_95 | Ep. 26/100 - Step 150/273 (2.46 it/s) |##########          | - loss_cc=4.593 - loss_ce=2.113 - loss_ne=0.0187 - loss_div=0.0 - threshold=1.0 - loss=6.725
/scratch/e0538389/DivClust/engine/trainer.py:41: FutureWarning: `torch.cuda.amp.autocast(args...)` is deprecated. Please use `torch.amp.autocast('cuda', args...)` instead.
  with autocast(self.mixed_precision):
[2026-03-30 11:02:53](logger.py 179): id=CC_FMNIST_C10CFG_K20_E100_DT_0_95 | Ep. 26/100 - Step 175/273 (2.46 it/s) |############        | - loss_cc=4.594 - loss_ce=2.113 - loss_ne=0.0189 - loss_div=0.0 - threshold=1.0 - loss=6.727
/scratch/e0538389/DivClust/engine/trainer.py:41: FutureWarning: `torch.cuda.amp.autocast(args...)` is deprecated. Please use `torch.amp.autocast('cuda', args...)` instead.
  with autocast(self.mixed_precision):
[2026-03-30 11:03:03](logger.py 179): id=CC_FMNIST_C10CFG_K20_E100_DT_0_95 | Ep. 26/100 - Step 200/273 (2.47 it/s) |##############      | - loss_cc=4.595 - loss_ce=2.113 - loss_ne=0.0188 - loss_div=0.0 - threshold=1.0 - loss=6.727
/scratch/e0538389/DivClust/engine/trainer.py:41: FutureWarning: `torch.cuda.amp.autocast(args...)` is deprecated. Please use `torch.amp.autocast('cuda', args...)` instead.
  with autocast(self.mixed_precision):
/scratch/e0538389/DivClust/engine/trainer.py:41: FutureWarning: `torch.cuda.amp.autocast(args...)` is deprecated. Please use `torch.amp.autocast('cuda', args...)` instead.
  with autocast(self.mixed_precision):
[2026-03-30 11:03:13](logger.py 179): id=CC_FMNIST_C10CFG_K20_E100_DT_0_95 | Ep. 26/100 - Step 225/273 (2.46 it/s) |################    | - loss_cc=4.595 - loss_ce=2.113 - loss_ne=0.0186 - loss_div=0.0 - threshold=1.0 - loss=6.727
/scratch/e0538389/DivClust/engine/trainer.py:41: FutureWarning: `torch.cuda.amp.autocast(args...)` is deprecated. Please use `torch.amp.autocast('cuda', args...)` instead.
  with autocast(self.mixed_precision):
[2026-03-30 11:03:23](logger.py 179): id=CC_FMNIST_C10CFG_K20_E100_DT_0_95 | Ep. 26/100 - Step 250/273 (2.46 it/s) |##################  | - loss_cc=4.595 - loss_ce=2.113 - loss_ne=0.0185 - loss_div=0.0 - threshold=1.0 - loss=6.727
/scratch/e0538389/DivClust/engine/trainer.py:41: FutureWarning: `torch.cuda.amp.autocast(args...)` is deprecated. Please use `torch.amp.autocast('cuda', args...)` instead.
  with autocast(self.mixed_precision):
[2026-03-30 11:03:32](logger.py 179): id=CC_FMNIST_C10CFG_K20_E100_DT_0_95 | Ep. 26/100 | Time: 00:01 | loss_cc=4.595 - loss_ce=2.113 - loss_ne=0.0184 - loss_div=0.0 - threshold=1.0 - loss=6.726
[2026-03-30 11:03:34](logger.py 179): id=CC_FMNIST_C10CFG_K20_E100_DT_0_95 | Ep. 27/100 - Step 0/273 (0.0 it/s) |                    | - loss_cc=4.57 - loss_ce=2.101 - loss_ne=0.0237 - loss_div=0.0 - threshold=1.0 - loss=6.695
/scratch/e0538389/DivClust/engine/trainer.py:41: FutureWarning: `torch.cuda.amp.autocast(args...)` is deprecated. Please use `torch.amp.autocast('cuda', args...)` instead.
  with autocast(self.mixed_precision):
[2026-03-30 11:03:44](logger.py 179): id=CC_FMNIST_C10CFG_K20_E100_DT_0_95 | Ep. 27/100 - Step 25/273 (2.48 it/s) |#                   | - loss_cc=4.6 - loss_ce=2.115 - loss_ne=0.0193 - loss_div=0.0 - threshold=1.0 - loss=6.735
/scratch/e0538389/DivClust/engine/trainer.py:41: FutureWarning: `torch.cuda.amp.autocast(args...)` is deprecated. Please use `torch.amp.autocast('cuda', args...)` instead.
  with autocast(self.mixed_precision):
/scratch/e0538389/DivClust/engine/trainer.py:41: FutureWarning: `torch.cuda.amp.autocast(args...)` is deprecated. Please use `torch.amp.autocast('cuda', args...)` instead.
  with autocast(self.mixed_precision):
[2026-03-30 11:03:54](logger.py 179): id=CC_FMNIST_C10CFG_K20_E100_DT_0_95 | Ep. 27/100 - Step 50/273 (2.45 it/s) |###                 | - loss_cc=4.602 - loss_ce=2.116 - loss_ne=0.0179 - loss_div=0.0 - threshold=1.0 - loss=6.735
/scratch/e0538389/DivClust/engine/trainer.py:41: FutureWarning: `torch.cuda.amp.autocast(args...)` is deprecated. Please use `torch.amp.autocast('cuda', args...)` instead.
  with autocast(self.mixed_precision):
[2026-03-30 11:04:04](logger.py 179): id=CC_FMNIST_C10CFG_K20_E100_DT_0_95 | Ep. 27/100 - Step 75/273 (2.46 it/s) |#####               | - loss_cc=4.6 - loss_ce=2.115 - loss_ne=0.0186 - loss_div=0.0 - threshold=1.0 - loss=6.734
/scratch/e0538389/DivClust/engine/trainer.py:41: FutureWarning: `torch.cuda.amp.autocast(args...)` is deprecated. Please use `torch.amp.autocast('cuda', args...)` instead.
  with autocast(self.mixed_precision):
[2026-03-30 11:04:14](logger.py 179): id=CC_FMNIST_C10CFG_K20_E100_DT_0_95 | Ep. 27/100 - Step 100/273 (2.47 it/s) |#######             | - loss_cc=4.601 - loss_ce=2.115 - loss_ne=0.0186 - loss_div=0.0 - threshold=1.0 - loss=6.735
/scratch/e0538389/DivClust/engine/trainer.py:41: FutureWarning: `torch.cuda.amp.autocast(args...)` is deprecated. Please use `torch.amp.autocast('cuda', args...)` instead.
  with autocast(self.mixed_precision):
[2026-03-30 11:04:24](logger.py 179): id=CC_FMNIST_C10CFG_K20_E100_DT_0_95 | Ep. 27/100 - Step 125/273 (2.47 it/s) |#########           | - loss_cc=4.601 - loss_ce=2.115 - loss_ne=0.0188 - loss_div=0.0 - threshold=1.0 - loss=6.734
/scratch/e0538389/DivClust/engine/trainer.py:41: FutureWarning: `torch.cuda.amp.autocast(args...)` is deprecated. Please use `torch.amp.autocast('cuda', args...)` instead.
  with autocast(self.mixed_precision):
/scratch/e0538389/DivClust/engine/trainer.py:41: FutureWarning: `torch.cuda.amp.autocast(args...)` is deprecated. Please use `torch.amp.autocast('cuda', args...)` instead.
  with autocast(self.mixed_precision):
[2026-03-30 11:04:35](logger.py 179): id=CC_FMNIST_C10CFG_K20_E100_DT_0_95 | Ep. 27/100 - Step 150/273 (2.46 it/s) |##########          | - loss_cc=4.6 - loss_ce=2.115 - loss_ne=0.0188 - loss_div=0.0 - threshold=1.0 - loss=6.734
/scratch/e0538389/DivClust/engine/trainer.py:41: FutureWarning: `torch.cuda.amp.autocast(args...)` is deprecated. Please use `torch.amp.autocast('cuda', args...)` instead.
  with autocast(self.mixed_precision):
[2026-03-30 11:04:45](logger.py 179): id=CC_FMNIST_C10CFG_K20_E100_DT_0_95 | Ep. 27/100 - Step 175/273 (2.46 it/s) |############        | - loss_cc=4.599 - loss_ce=2.114 - loss_ne=0.0188 - loss_div=0.0 - threshold=1.0 - loss=6.732
/scratch/e0538389/DivClust/engine/trainer.py:41: FutureWarning: `torch.cuda.amp.autocast(args...)` is deprecated. Please use `torch.amp.autocast('cuda', args...)` instead.
  with autocast(self.mixed_precision):
[2026-03-30 11:04:55](logger.py 179): id=CC_FMNIST_C10CFG_K20_E100_DT_0_95 | Ep. 27/100 - Step 200/273 (2.46 it/s) |##############      | - loss_cc=4.598 - loss_ce=2.114 - loss_ne=0.019 - loss_div=0.0 - threshold=1.0 - loss=6.73
/scratch/e0538389/DivClust/engine/trainer.py:41: FutureWarning: `torch.cuda.amp.autocast(args...)` is deprecated. Please use `torch.amp.autocast('cuda', args...)` instead.
  with autocast(self.mixed_precision):
[2026-03-30 11:05:05](logger.py 179): id=CC_FMNIST_C10CFG_K20_E100_DT_0_95 | Ep. 27/100 - Step 225/273 (2.47 it/s) |################    | - loss_cc=4.598 - loss_ce=2.114 - loss_ne=0.0192 - loss_div=0.0 - threshold=1.0 - loss=6.731
/scratch/e0538389/DivClust/engine/trainer.py:41: FutureWarning: `torch.cuda.amp.autocast(args...)` is deprecated. Please use `torch.amp.autocast('cuda', args...)` instead.
  with autocast(self.mixed_precision):
/scratch/e0538389/DivClust/engine/trainer.py:41: FutureWarning: `torch.cuda.amp.autocast(args...)` is deprecated. Please use `torch.amp.autocast('cuda', args...)` instead.
  with autocast(self.mixed_precision):
[2026-03-30 11:05:15](logger.py 179): id=CC_FMNIST_C10CFG_K20_E100_DT_0_95 | Ep. 27/100 - Step 250/273 (2.46 it/s) |##################  | - loss_cc=4.597 - loss_ce=2.114 - loss_ne=0.0191 - loss_div=0.0 - threshold=1.0 - loss=6.73
/scratch/e0538389/DivClust/engine/trainer.py:41: FutureWarning: `torch.cuda.amp.autocast(args...)` is deprecated. Please use `torch.amp.autocast('cuda', args...)` instead.
  with autocast(self.mixed_precision):
[2026-03-30 11:05:24](logger.py 179): id=CC_FMNIST_C10CFG_K20_E100_DT_0_95 | Ep. 27/100 | Time: 00:01 | loss_cc=4.597 - loss_ce=2.114 - loss_ne=0.0192 - loss_div=0.0 - threshold=1.0 - loss=6.729
[2026-03-30 11:05:26](logger.py 179): id=CC_FMNIST_C10CFG_K20_E100_DT_0_95 | Ep. 28/100 - Step 0/273 (0.0 it/s) |                    | - loss_cc=4.582 - loss_ce=2.125 - loss_ne=0.0147 - loss_div=0.0 - threshold=1.0 - loss=6.722
/scratch/e0538389/DivClust/engine/trainer.py:41: FutureWarning: `torch.cuda.amp.autocast(args...)` is deprecated. Please use `torch.amp.autocast('cuda', args...)` instead.
  with autocast(self.mixed_precision):
[2026-03-30 11:05:36](logger.py 179): id=CC_FMNIST_C10CFG_K20_E100_DT_0_95 | Ep. 28/100 - Step 25/273 (2.48 it/s) |#                   | - loss_cc=4.59 - loss_ce=2.112 - loss_ne=0.0168 - loss_div=0.0 - threshold=1.0 - loss=6.719
/scratch/e0538389/DivClust/engine/trainer.py:41: FutureWarning: `torch.cuda.amp.autocast(args...)` is deprecated. Please use `torch.amp.autocast('cuda', args...)` instead.
  with autocast(self.mixed_precision):
[2026-03-30 11:05:46](logger.py 179): id=CC_FMNIST_C10CFG_K20_E100_DT_0_95 | Ep. 28/100 - Step 50/273 (2.48 it/s) |###                 | - loss_cc=4.594 - loss_ce=2.113 - loss_ne=0.0173 - loss_div=0.0 - threshold=1.0 - loss=6.725
/scratch/e0538389/DivClust/engine/trainer.py:41: FutureWarning: `torch.cuda.amp.autocast(args...)` is deprecated. Please use `torch.amp.autocast('cuda', args...)` instead.
  with autocast(self.mixed_precision):
[2026-03-30 11:05:56](logger.py 179): id=CC_FMNIST_C10CFG_K20_E100_DT_0_95 | Ep. 28/100 - Step 75/273 (2.48 it/s) |#####               | - loss_cc=4.593 - loss_ce=2.113 - loss_ne=0.0176 - loss_div=0.0 - threshold=1.0 - loss=6.723
/scratch/e0538389/DivClust/engine/trainer.py:41: FutureWarning: `torch.cuda.amp.autocast(args...)` is deprecated. Please use `torch.amp.autocast('cuda', args...)` instead.
  with autocast(self.mixed_precision):
/scratch/e0538389/DivClust/engine/trainer.py:41: FutureWarning: `torch.cuda.amp.autocast(args...)` is deprecated. Please use `torch.amp.autocast('cuda', args...)` instead.
  with autocast(self.mixed_precision):
[2026-03-30 11:06:07](logger.py 179): id=CC_FMNIST_C10CFG_K20_E100_DT_0_95 | Ep. 28/100 - Step 100/273 (2.46 it/s) |#######             | - loss_cc=4.593 - loss_ce=2.114 - loss_ne=0.0206 - loss_div=0.00439 - threshold=0.998 - loss=6.732
/scratch/e0538389/DivClust/engine/trainer.py:41: FutureWarning: `torch.cuda.amp.autocast(args...)` is deprecated. Please use `torch.amp.autocast('cuda', args...)` instead.
  with autocast(self.mixed_precision):
[2026-03-30 11:06:17](logger.py 179): id=CC_FMNIST_C10CFG_K20_E100_DT_0_95 | Ep. 28/100 - Step 125/273 (2.47 it/s) |#########           | - loss_cc=4.592 - loss_ce=2.113 - loss_ne=0.0199 - loss_div=0.00352 - threshold=0.998 - loss=6.728
/scratch/e0538389/DivClust/engine/trainer.py:41: FutureWarning: `torch.cuda.amp.autocast(args...)` is deprecated. Please use `torch.amp.autocast('cuda', args...)` instead.
  with autocast(self.mixed_precision):
[2026-03-30 11:06:27](logger.py 179): id=CC_FMNIST_C10CFG_K20_E100_DT_0_95 | Ep. 28/100 - Step 150/273 (2.47 it/s) |##########          | - loss_cc=4.592 - loss_ce=2.114 - loss_ne=0.0196 - loss_div=0.00294 - threshold=0.999 - loss=6.729
/scratch/e0538389/DivClust/engine/trainer.py:41: FutureWarning: `torch.cuda.amp.autocast(args...)` is deprecated. Please use `torch.amp.autocast('cuda', args...)` instead.
  with autocast(self.mixed_precision):
[2026-03-30 11:06:37](logger.py 179): id=CC_FMNIST_C10CFG_K20_E100_DT_0_95 | Ep. 28/100 - Step 175/273 (2.47 it/s) |############        | - loss_cc=4.592 - loss_ce=2.114 - loss_ne=0.0194 - loss_div=0.00252 - threshold=0.999 - loss=6.728
/scratch/e0538389/DivClust/engine/trainer.py:41: FutureWarning: `torch.cuda.amp.autocast(args...)` is deprecated. Please use `torch.amp.autocast('cuda', args...)` instead.
  with autocast(self.mixed_precision):
/scratch/e0538389/DivClust/engine/trainer.py:41: FutureWarning: `torch.cuda.amp.autocast(args...)` is deprecated. Please use `torch.amp.autocast('cuda', args...)` instead.
  with autocast(self.mixed_precision):
[2026-03-30 11:06:47](logger.py 179): id=CC_FMNIST_C10CFG_K20_E100_DT_0_95 | Ep. 28/100 - Step 200/273 (2.46 it/s) |##############      | - loss_cc=4.591 - loss_ce=2.113 - loss_ne=0.0188 - loss_div=0.00221 - threshold=0.999 - loss=6.726
/scratch/e0538389/DivClust/engine/trainer.py:41: FutureWarning: `torch.cuda.amp.autocast(args...)` is deprecated. Please use `torch.amp.autocast('cuda', args...)` instead.
  with autocast(self.mixed_precision):
[2026-03-30 11:06:58](logger.py 179): id=CC_FMNIST_C10CFG_K20_E100_DT_0_95 | Ep. 28/100 - Step 225/273 (2.47 it/s) |################    | - loss_cc=4.591 - loss_ce=2.113 - loss_ne=0.019 - loss_div=0.00196 - threshold=0.999 - loss=6.725
/scratch/e0538389/DivClust/engine/trainer.py:41: FutureWarning: `torch.cuda.amp.autocast(args...)` is deprecated. Please use `torch.amp.autocast('cuda', args...)` instead.
  with autocast(self.mixed_precision):
[2026-03-30 11:07:08](logger.py 179): id=CC_FMNIST_C10CFG_K20_E100_DT_0_95 | Ep. 28/100 - Step 250/273 (2.47 it/s) |##################  | - loss_cc=4.59 - loss_ce=2.113 - loss_ne=0.0188 - loss_div=0.00177 - threshold=0.999 - loss=6.723
/scratch/e0538389/DivClust/engine/trainer.py:41: FutureWarning: `torch.cuda.amp.autocast(args...)` is deprecated. Please use `torch.amp.autocast('cuda', args...)` instead.
  with autocast(self.mixed_precision):
[2026-03-30 11:07:16](logger.py 179): id=CC_FMNIST_C10CFG_K20_E100_DT_0_95 | Ep. 28/100 | Time: 00:01 | loss_cc=4.589 - loss_ce=2.113 - loss_ne=0.0187 - loss_div=0.00162 - threshold=0.999 - loss=6.723
[2026-03-30 11:07:18](logger.py 179): id=CC_FMNIST_C10CFG_K20_E100_DT_0_95 | Ep. 29/100 - Step 0/273 (0.0 it/s) |                    | - loss_cc=4.575 - loss_ce=2.107 - loss_ne=0.0228 - loss_div=0.0 - threshold=1.0 - loss=6.705
/scratch/e0538389/DivClust/engine/trainer.py:41: FutureWarning: `torch.cuda.amp.autocast(args...)` is deprecated. Please use `torch.amp.autocast('cuda', args...)` instead.
  with autocast(self.mixed_precision):
/scratch/e0538389/DivClust/engine/trainer.py:41: FutureWarning: `torch.cuda.amp.autocast(args...)` is deprecated. Please use `torch.amp.autocast('cuda', args...)` instead.
  with autocast(self.mixed_precision):
[2026-03-30 11:07:29](logger.py 179): id=CC_FMNIST_C10CFG_K20_E100_DT_0_95 | Ep. 29/100 - Step 25/273 (2.41 it/s) |#                   | - loss_cc=4.582 - loss_ce=2.109 - loss_ne=0.019 - loss_div=0.0 - threshold=1.0 - loss=6.711
/scratch/e0538389/DivClust/engine/trainer.py:41: FutureWarning: `torch.cuda.amp.autocast(args...)` is deprecated. Please use `torch.amp.autocast('cuda', args...)` instead.
  with autocast(self.mixed_precision):
[2026-03-30 11:07:39](logger.py 179): id=CC_FMNIST_C10CFG_K20_E100_DT_0_95 | Ep. 29/100 - Step 50/273 (2.45 it/s) |###                 | - loss_cc=4.585 - loss_ce=2.109 - loss_ne=0.0183 - loss_div=0.0 - threshold=1.0 - loss=6.712
/scratch/e0538389/DivClust/engine/trainer.py:41: FutureWarning: `torch.cuda.amp.autocast(args...)` is deprecated. Please use `torch.amp.autocast('cuda', args...)` instead.
  with autocast(self.mixed_precision):
[2026-03-30 11:07:49](logger.py 179): id=CC_FMNIST_C10CFG_K20_E100_DT_0_95 | Ep. 29/100 - Step 75/273 (2.46 it/s) |#####               | - loss_cc=4.588 - loss_ce=2.111 - loss_ne=0.0189 - loss_div=0.0 - threshold=1.0 - loss=6.718
/scratch/e0538389/DivClust/engine/trainer.py:41: FutureWarning: `torch.cuda.amp.autocast(args...)` is deprecated. Please use `torch.amp.autocast('cuda', args...)` instead.
  with autocast(self.mixed_precision):
[2026-03-30 11:07:59](logger.py 179): id=CC_FMNIST_C10CFG_K20_E100_DT_0_95 | Ep. 29/100 - Step 100/273 (2.46 it/s) |#######             | - loss_cc=4.59 - loss_ce=2.112 - loss_ne=0.0185 - loss_div=0.0 - threshold=1.0 - loss=6.721
/scratch/e0538389/DivClust/engine/trainer.py:41: FutureWarning: `torch.cuda.amp.autocast(args...)` is deprecated. Please use `torch.amp.autocast('cuda', args...)` instead.
  with autocast(self.mixed_precision):
/scratch/e0538389/DivClust/engine/trainer.py:41: FutureWarning: `torch.cuda.amp.autocast(args...)` is deprecated. Please use `torch.amp.autocast('cuda', args...)` instead.
  with autocast(self.mixed_precision):
[2026-03-30 11:08:09](logger.py 179): id=CC_FMNIST_C10CFG_K20_E100_DT_0_95 | Ep. 29/100 - Step 125/273 (2.45 it/s) |#########           | - loss_cc=4.588 - loss_ce=2.112 - loss_ne=0.0183 - loss_div=0.0 - threshold=1.0 - loss=6.718
/scratch/e0538389/DivClust/engine/trainer.py:41: FutureWarning: `torch.cuda.amp.autocast(args...)` is deprecated. Please use `torch.amp.autocast('cuda', args...)` instead.
  with autocast(self.mixed_precision):
[2026-03-30 11:08:19](logger.py 179): id=CC_FMNIST_C10CFG_K20_E100_DT_0_95 | Ep. 29/100 - Step 150/273 (2.46 it/s) |##########          | - loss_cc=4.588 - loss_ce=2.111 - loss_ne=0.0182 - loss_div=0.0 - threshold=1.0 - loss=6.717
/scratch/e0538389/DivClust/engine/trainer.py:41: FutureWarning: `torch.cuda.amp.autocast(args...)` is deprecated. Please use `torch.amp.autocast('cuda', args...)` instead.
  with autocast(self.mixed_precision):
[2026-03-30 11:08:30](logger.py 179): id=CC_FMNIST_C10CFG_K20_E100_DT_0_95 | Ep. 29/100 - Step 175/273 (2.46 it/s) |############        | - loss_cc=4.588 - loss_ce=2.111 - loss_ne=0.0183 - loss_div=0.0 - threshold=1.0 - loss=6.717
/scratch/e0538389/DivClust/engine/trainer.py:41: FutureWarning: `torch.cuda.amp.autocast(args...)` is deprecated. Please use `torch.amp.autocast('cuda', args...)` instead.
  with autocast(self.mixed_precision):
[2026-03-30 11:08:40](logger.py 179): id=CC_FMNIST_C10CFG_K20_E100_DT_0_95 | Ep. 29/100 - Step 200/273 (2.46 it/s) |##############      | - loss_cc=4.587 - loss_ce=2.111 - loss_ne=0.0183 - loss_div=0.0 - threshold=1.0 - loss=6.716
/scratch/e0538389/DivClust/engine/trainer.py:41: FutureWarning: `torch.cuda.amp.autocast(args...)` is deprecated. Please use `torch.amp.autocast('cuda', args...)` instead.
  with autocast(self.mixed_precision):
/scratch/e0538389/DivClust/engine/trainer.py:41: FutureWarning: `torch.cuda.amp.autocast(args...)` is deprecated. Please use `torch.amp.autocast('cuda', args...)` instead.
  with autocast(self.mixed_precision):
[2026-03-30 11:08:50](logger.py 179): id=CC_FMNIST_C10CFG_K20_E100_DT_0_95 | Ep. 29/100 - Step 225/273 (2.46 it/s) |################    | - loss_cc=4.589 - loss_ce=2.111 - loss_ne=0.0183 - loss_div=0.0 - threshold=1.0 - loss=6.718
/scratch/e0538389/DivClust/engine/trainer.py:41: FutureWarning: `torch.cuda.amp.autocast(args...)` is deprecated. Please use `torch.amp.autocast('cuda', args...)` instead.
  with autocast(self.mixed_precision):
[2026-03-30 11:09:00](logger.py 179): id=CC_FMNIST_C10CFG_K20_E100_DT_0_95 | Ep. 29/100 - Step 250/273 (2.46 it/s) |##################  | - loss_cc=4.589 - loss_ce=2.111 - loss_ne=0.0185 - loss_div=0.0 - threshold=1.0 - loss=6.719
/scratch/e0538389/DivClust/engine/trainer.py:41: FutureWarning: `torch.cuda.amp.autocast(args...)` is deprecated. Please use `torch.amp.autocast('cuda', args...)` instead.
  with autocast(self.mixed_precision):
[2026-03-30 11:09:09](logger.py 179): id=CC_FMNIST_C10CFG_K20_E100_DT_0_95 | Ep. 29/100 | Time: 00:01 | loss_cc=4.589 - loss_ce=2.111 - loss_ne=0.0187 - loss_div=0.0 - threshold=1.0 - loss=6.719
[2026-03-30 11:09:11](logger.py 179): id=CC_FMNIST_C10CFG_K20_E100_DT_0_95 | Ep. 30/100 - Step 0/273 (0.0 it/s) |                    | - loss_cc=4.582 - loss_ce=2.113 - loss_ne=0.0108 - loss_div=0.0 - threshold=1.0 - loss=6.705
/scratch/e0538389/DivClust/engine/trainer.py:41: FutureWarning: `torch.cuda.amp.autocast(args...)` is deprecated. Please use `torch.amp.autocast('cuda', args...)` instead.
  with autocast(self.mixed_precision):
[2026-03-30 11:09:21](logger.py 179): id=CC_FMNIST_C10CFG_K20_E100_DT_0_95 | Ep. 30/100 - Step 25/273 (2.49 it/s) |#                   | - loss_cc=4.585 - loss_ce=2.109 - loss_ne=0.017 - loss_div=0.0 - threshold=1.0 - loss=6.711
/scratch/e0538389/DivClust/engine/trainer.py:41: FutureWarning: `torch.cuda.amp.autocast(args...)` is deprecated. Please use `torch.amp.autocast('cuda', args...)` instead.
  with autocast(self.mixed_precision):
[2026-03-30 11:09:31](logger.py 179): id=CC_FMNIST_C10CFG_K20_E100_DT_0_95 | Ep. 30/100 - Step 50/273 (2.45 it/s) |###                 | - loss_cc=4.586 - loss_ce=2.11 - loss_ne=0.0176 - loss_div=0.0 - threshold=1.0 - loss=6.714
/scratch/e0538389/DivClust/engine/trainer.py:41: FutureWarning: `torch.cuda.amp.autocast(args...)` is deprecated. Please use `torch.amp.autocast('cuda', args...)` instead.
  with autocast(self.mixed_precision):
/scratch/e0538389/DivClust/engine/trainer.py:41: FutureWarning: `torch.cuda.amp.autocast(args...)` is deprecated. Please use `torch.amp.autocast('cuda', args...)` instead.
  with autocast(self.mixed_precision):
[2026-03-30 11:09:42](logger.py 179): id=CC_FMNIST_C10CFG_K20_E100_DT_0_95 | Ep. 30/100 - Step 75/273 (2.46 it/s) |#####               | - loss_cc=4.586 - loss_ce=2.11 - loss_ne=0.0177 - loss_div=0.0 - threshold=1.0 - loss=6.714
/scratch/e0538389/DivClust/engine/trainer.py:41: FutureWarning: `torch.cuda.amp.autocast(args...)` is deprecated. Please use `torch.amp.autocast('cuda', args...)` instead.
  with autocast(self.mixed_precision):
[2026-03-30 11:09:52](logger.py 179): id=CC_FMNIST_C10CFG_K20_E100_DT_0_95 | Ep. 30/100 - Step 100/273 (2.47 it/s) |#######             | - loss_cc=4.586 - loss_ce=2.111 - loss_ne=0.0186 - loss_div=0.0 - threshold=1.0 - loss=6.715
/scratch/e0538389/DivClust/engine/trainer.py:41: FutureWarning: `torch.cuda.amp.autocast(args...)` is deprecated. Please use `torch.amp.autocast('cuda', args...)` instead.
  with autocast(self.mixed_precision):
[2026-03-30 11:10:02](logger.py 179): id=CC_FMNIST_C10CFG_K20_E100_DT_0_95 | Ep. 30/100 - Step 125/273 (2.47 it/s) |#########           | - loss_cc=4.586 - loss_ce=2.11 - loss_ne=0.0181 - loss_div=0.0 - threshold=1.0 - loss=6.714
/scratch/e0538389/DivClust/engine/trainer.py:41: FutureWarning: `torch.cuda.amp.autocast(args...)` is deprecated. Please use `torch.amp.autocast('cuda', args...)` instead.
  with autocast(self.mixed_precision):
[2026-03-30 11:10:12](logger.py 179): id=CC_FMNIST_C10CFG_K20_E100_DT_0_95 | Ep. 30/100 - Step 150/273 (2.46 it/s) |##########          | - loss_cc=4.586 - loss_ce=2.11 - loss_ne=0.0185 - loss_div=0.0 - threshold=1.0 - loss=6.715
/scratch/e0538389/DivClust/engine/trainer.py:41: FutureWarning: `torch.cuda.amp.autocast(args...)` is deprecated. Please use `torch.amp.autocast('cuda', args...)` instead.
  with autocast(self.mixed_precision):
/scratch/e0538389/DivClust/engine/trainer.py:41: FutureWarning: `torch.cuda.amp.autocast(args...)` is deprecated. Please use `torch.amp.autocast('cuda', args...)` instead.
  with autocast(self.mixed_precision):
[2026-03-30 11:10:22](logger.py 179): id=CC_FMNIST_C10CFG_K20_E100_DT_0_95 | Ep. 30/100 - Step 175/273 (2.47 it/s) |############        | - loss_cc=4.586 - loss_ce=2.11 - loss_ne=0.0184 - loss_div=0.0 - threshold=1.0 - loss=6.715
/scratch/e0538389/DivClust/engine/trainer.py:41: FutureWarning: `torch.cuda.amp.autocast(args...)` is deprecated. Please use `torch.amp.autocast('cuda', args...)` instead.
  with autocast(self.mixed_precision):
[2026-03-30 11:10:32](logger.py 179): id=CC_FMNIST_C10CFG_K20_E100_DT_0_95 | Ep. 30/100 - Step 200/273 (2.47 it/s) |##############      | - loss_cc=4.586 - loss_ce=2.11 - loss_ne=0.0188 - loss_div=0.0 - threshold=1.0 - loss=6.716
/scratch/e0538389/DivClust/engine/trainer.py:41: FutureWarning: `torch.cuda.amp.autocast(args...)` is deprecated. Please use `torch.amp.autocast('cuda', args...)` instead.
  with autocast(self.mixed_precision):
[2026-03-30 11:10:42](logger.py 179): id=CC_FMNIST_C10CFG_K20_E100_DT_0_95 | Ep. 30/100 - Step 225/273 (2.47 it/s) |################    | - loss_cc=4.586 - loss_ce=2.11 - loss_ne=0.0186 - loss_div=0.0 - threshold=1.0 - loss=6.715
/scratch/e0538389/DivClust/engine/trainer.py:41: FutureWarning: `torch.cuda.amp.autocast(args...)` is deprecated. Please use `torch.amp.autocast('cuda', args...)` instead.
  with autocast(self.mixed_precision):
[2026-03-30 11:10:53](logger.py 179): id=CC_FMNIST_C10CFG_K20_E100_DT_0_95 | Ep. 30/100 - Step 250/273 (2.46 it/s) |##################  | - loss_cc=4.587 - loss_ce=2.111 - loss_ne=0.0184 - loss_div=0.0 - threshold=1.0 - loss=6.716
/scratch/e0538389/DivClust/engine/trainer.py:41: FutureWarning: `torch.cuda.amp.autocast(args...)` is deprecated. Please use `torch.amp.autocast('cuda', args...)` instead.
  with autocast(self.mixed_precision):
/scratch/e0538389/DivClust/engine/trainer.py:41: FutureWarning: `torch.cuda.amp.autocast(args...)` is deprecated. Please use `torch.amp.autocast('cuda', args...)` instead.
  with autocast(self.mixed_precision):
[2026-03-30 11:11:01](logger.py 179): Evaluating
[2026-03-30 11:11:02](logger.py 179): Eval. step 0 of 274
[2026-03-30 11:11:04](logger.py 179): Eval. step 25 of 274
[2026-03-30 11:11:07](logger.py 179): Eval. step 50 of 274
[2026-03-30 11:11:09](logger.py 179): Eval. step 75 of 274
[2026-03-30 11:11:11](logger.py 179): Eval. step 100 of 274
[2026-03-30 11:11:14](logger.py 179): Eval. step 125 of 274
[2026-03-30 11:11:16](logger.py 179): Eval. step 150 of 274
[2026-03-30 11:11:18](logger.py 179): Eval. step 175 of 274
[2026-03-30 11:11:21](logger.py 179): Eval. step 200 of 274
[2026-03-30 11:11:23](logger.py 179): Eval. step 225 of 274
[2026-03-30 11:11:25](logger.py 179): Eval. step 250 of 274
[2026-03-30 11:11:29](logger.py 179): id=CC_FMNIST_C10CFG_K20_E100_DT_0_95 | Ep. 30/100 | Time: 00:02 | loss_cc=4.588 - loss_ce=2.111 - loss_ne=0.0185 - loss_div=0.0 - threshold=1.0 - loss=6.717 - eval_confidence=0.879 - cluster_acc_0_eval=63.65 - cluster_nmi_0_eval=0.628 - cluster_ari_0_eval=0.515 - cluster_acc_1_eval=64.06 - cluster_nmi_1_eval=0.632 - cluster_ari_1_eval=0.521 - cluster_acc_2_eval=63.8 - cluster_nmi_2_eval=0.627 - cluster_ari_2_eval=0.515 - cluster_acc_3_eval=64.38 - cluster_nmi_3_eval=0.628 - cluster_ari_3_eval=0.517 - cluster_acc_4_eval=64.19 - cluster_nmi_4_eval=0.629 - cluster_ari_4_eval=0.517 - cluster_acc_5_eval=64.04 - cluster_nmi_5_eval=0.629 - cluster_ari_5_eval=0.516 - cluster_acc_6_eval=63.81 - cluster_nmi_6_eval=0.629 - cluster_ari_6_eval=0.516 - cluster_acc_7_eval=63.96 - cluster_nmi_7_eval=0.628 - cluster_ari_7_eval=0.516 - cluster_acc_8_eval=64.71 - cluster_nmi_8_eval=0.63 - cluster_ari_8_eval=0.519 - cluster_acc_9_eval=63.62 - cluster_nmi_9_eval=0.628 - cluster_ari_9_eval=0.514 - cluster_acc_10_eval=64.14 - cluster_nmi_10_eval=0.629 - cluster_ari_10_eval=0.518 - cluster_acc_11_eval=64.82 - cluster_nmi_11_eval=0.63 - cluster_ari_11_eval=0.523 - cluster_acc_12_eval=63.85 - cluster_nmi_12_eval=0.628 - cluster_ari_12_eval=0.515 - cluster_acc_13_eval=64.44 - cluster_nmi_13_eval=0.633 - cluster_ari_13_eval=0.521 - cluster_acc_14_eval=64.41 - cluster_nmi_14_eval=0.634 - cluster_ari_14_eval=0.522 - cluster_acc_15_eval=63.69 - cluster_nmi_15_eval=0.628 - cluster_ari_15_eval=0.513 - cluster_acc_16_eval=64.2 - cluster_nmi_16_eval=0.632 - cluster_ari_16_eval=0.519 - cluster_acc_17_eval=64.06 - cluster_nmi_17_eval=0.627 - cluster_ari_17_eval=0.513 - cluster_acc_18_eval=63.8 - cluster_nmi_18_eval=0.627 - cluster_ari_18_eval=0.513 - cluster_acc_19_eval=63.77 - cluster_nmi_19_eval=0.628 - cluster_ari_19_eval=0.515 - max_cluster_acc_eval=64.82 - mean_cluster_acc_eval=64.07 - min_cluster_acc_eval=63.62 - max_cluster_nmi_eval=0.634 - mean_cluster_nmi_eval=0.629 - min_cluster_nmi_eval=0.627 - max_cluster_ari_eval=0.523 - mean_cluster_ari_eval=0.517 - min_cluster_ari_eval=0.513 - interclustering_nmi_eval=0.941
/scratch/e0538389/DivClust/engine/trainer.py:41: FutureWarning: `torch.cuda.amp.autocast(args...)` is deprecated. Please use `torch.amp.autocast('cuda', args...)` instead.
  with autocast(self.mixed_precision):
[2026-03-30 11:11:31](logger.py 179): id=CC_FMNIST_C10CFG_K20_E100_DT_0_95 | Ep. 31/100 - Step 0/273 (0.0 it/s) |                    | - loss_cc=4.54 - loss_ce=2.1 - loss_ne=0.029 - loss_div=0.0 - threshold=1.0 - loss=6.669
/scratch/e0538389/DivClust/engine/trainer.py:41: FutureWarning: `torch.cuda.amp.autocast(args...)` is deprecated. Please use `torch.amp.autocast('cuda', args...)` instead.
  with autocast(self.mixed_precision):
[2026-03-30 11:11:41](logger.py 179): id=CC_FMNIST_C10CFG_K20_E100_DT_0_95 | Ep. 31/100 - Step 25/273 (2.48 it/s) |#                   | - loss_cc=4.582 - loss_ce=2.108 - loss_ne=0.021 - loss_div=0.0 - threshold=1.0 - loss=6.711
/scratch/e0538389/DivClust/engine/trainer.py:41: FutureWarning: `torch.cuda.amp.autocast(args...)` is deprecated. Please use `torch.amp.autocast('cuda', args...)` instead.
  with autocast(self.mixed_precision):
[2026-03-30 11:11:51](logger.py 179): id=CC_FMNIST_C10CFG_K20_E100_DT_0_95 | Ep. 31/100 - Step 50/273 (2.48 it/s) |###                 | - loss_cc=4.582 - loss_ce=2.109 - loss_ne=0.0201 - loss_div=0.0 - threshold=1.0 - loss=6.711
/scratch/e0538389/DivClust/engine/trainer.py:41: FutureWarning: `torch.cuda.amp.autocast(args...)` is deprecated. Please use `torch.amp.autocast('cuda', args...)` instead.
  with autocast(self.mixed_precision):
[2026-03-30 11:12:01](logger.py 179): id=CC_FMNIST_C10CFG_K20_E100_DT_0_95 | Ep. 31/100 - Step 75/273 (2.48 it/s) |#####               | - loss_cc=4.583 - loss_ce=2.109 - loss_ne=0.0187 - loss_div=0.0 - threshold=1.0 - loss=6.711
/scratch/e0538389/DivClust/engine/trainer.py:41: FutureWarning: `torch.cuda.amp.autocast(args...)` is deprecated. Please use `torch.amp.autocast('cuda', args...)` instead.
  with autocast(self.mixed_precision):
/scratch/e0538389/DivClust/engine/trainer.py:41: FutureWarning: `torch.cuda.amp.autocast(args...)` is deprecated. Please use `torch.amp.autocast('cuda', args...)` instead.
  with autocast(self.mixed_precision):
[2026-03-30 11:12:12](logger.py 179): id=CC_FMNIST_C10CFG_K20_E100_DT_0_95 | Ep. 31/100 - Step 100/273 (2.46 it/s) |#######             | - loss_cc=4.583 - loss_ce=2.109 - loss_ne=0.0192 - loss_div=0.0 - threshold=1.0 - loss=6.712
/scratch/e0538389/DivClust/engine/trainer.py:41: FutureWarning: `torch.cuda.amp.autocast(args...)` is deprecated. Please use `torch.amp.autocast('cuda', args...)` instead.
  with autocast(self.mixed_precision):
[2026-03-30 11:12:22](logger.py 179): id=CC_FMNIST_C10CFG_K20_E100_DT_0_95 | Ep. 31/100 - Step 125/273 (2.47 it/s) |#########           | - loss_cc=4.585 - loss_ce=2.109 - loss_ne=0.0188 - loss_div=0.0 - threshold=1.0 - loss=6.713
/scratch/e0538389/DivClust/engine/trainer.py:41: FutureWarning: `torch.cuda.amp.autocast(args...)` is deprecated. Please use `torch.amp.autocast('cuda', args...)` instead.
  with autocast(self.mixed_precision):
[2026-03-30 11:12:32](logger.py 179): id=CC_FMNIST_C10CFG_K20_E100_DT_0_95 | Ep. 31/100 - Step 150/273 (2.47 it/s) |##########          | - loss_cc=4.587 - loss_ce=2.11 - loss_ne=0.0191 - loss_div=0.0 - threshold=1.0 - loss=6.716
/scratch/e0538389/DivClust/engine/trainer.py:41: FutureWarning: `torch.cuda.amp.autocast(args...)` is deprecated. Please use `torch.amp.autocast('cuda', args...)` instead.
  with autocast(self.mixed_precision):
[2026-03-30 11:12:42](logger.py 179): id=CC_FMNIST_C10CFG_K20_E100_DT_0_95 | Ep. 31/100 - Step 175/273 (2.47 it/s) |############        | - loss_cc=4.587 - loss_ce=2.11 - loss_ne=0.0184 - loss_div=0.0 - threshold=1.0 - loss=6.715
/scratch/e0538389/DivClust/engine/trainer.py:41: FutureWarning: `torch.cuda.amp.autocast(args...)` is deprecated. Please use `torch.amp.autocast('cuda', args...)` instead.
  with autocast(self.mixed_precision):
/scratch/e0538389/DivClust/engine/trainer.py:41: FutureWarning: `torch.cuda.amp.autocast(args...)` is deprecated. Please use `torch.amp.autocast('cuda', args...)` instead.
  with autocast(self.mixed_precision):
[2026-03-30 11:12:52](logger.py 179): id=CC_FMNIST_C10CFG_K20_E100_DT_0_95 | Ep. 31/100 - Step 200/273 (2.46 it/s) |##############      | - loss_cc=4.586 - loss_ce=2.11 - loss_ne=0.0182 - loss_div=0.0 - threshold=1.0 - loss=6.715
/scratch/e0538389/DivClust/engine/trainer.py:41: FutureWarning: `torch.cuda.amp.autocast(args...)` is deprecated. Please use `torch.amp.autocast('cuda', args...)` instead.
  with autocast(self.mixed_precision):
[2026-03-30 11:13:02](logger.py 179): id=CC_FMNIST_C10CFG_K20_E100_DT_0_95 | Ep. 31/100 - Step 225/273 (2.47 it/s) |################    | - loss_cc=4.586 - loss_ce=2.11 - loss_ne=0.0187 - loss_div=0.00204 - threshold=1.0 - loss=6.716
/scratch/e0538389/DivClust/engine/trainer.py:41: FutureWarning: `torch.cuda.amp.autocast(args...)` is deprecated. Please use `torch.amp.autocast('cuda', args...)` instead.
  with autocast(self.mixed_precision):
[2026-03-30 11:13:13](logger.py 179): id=CC_FMNIST_C10CFG_K20_E100_DT_0_95 | Ep. 31/100 - Step 250/273 (2.47 it/s) |##################  | - loss_cc=4.585 - loss_ce=2.11 - loss_ne=0.0196 - loss_div=0.00184 - threshold=0.999 - loss=6.717
/scratch/e0538389/DivClust/engine/trainer.py:41: FutureWarning: `torch.cuda.amp.autocast(args...)` is deprecated. Please use `torch.amp.autocast('cuda', args...)` instead.
  with autocast(self.mixed_precision):
[2026-03-30 11:13:21](logger.py 179): id=CC_FMNIST_C10CFG_K20_E100_DT_0_95 | Ep. 31/100 | Time: 00:01 | loss_cc=4.585 - loss_ce=2.11 - loss_ne=0.0196 - loss_div=0.00169 - threshold=0.999 - loss=6.717
[2026-03-30 11:13:23](logger.py 179): id=CC_FMNIST_C10CFG_K20_E100_DT_0_95 | Ep. 32/100 - Step 0/273 (0.0 it/s) |                    | - loss_cc=4.615 - loss_ce=2.135 - loss_ne=0.0266 - loss_div=0.0 - threshold=1.0 - loss=6.776
/scratch/e0538389/DivClust/engine/trainer.py:41: FutureWarning: `torch.cuda.amp.autocast(args...)` is deprecated. Please use `torch.amp.autocast('cuda', args...)` instead.
  with autocast(self.mixed_precision):
/scratch/e0538389/DivClust/engine/trainer.py:41: FutureWarning: `torch.cuda.amp.autocast(args...)` is deprecated. Please use `torch.amp.autocast('cuda', args...)` instead.
  with autocast(self.mixed_precision):
[2026-03-30 11:13:34](logger.py 179): id=CC_FMNIST_C10CFG_K20_E100_DT_0_95 | Ep. 32/100 - Step 25/273 (2.42 it/s) |#                   | - loss_cc=4.58 - loss_ce=2.11 - loss_ne=0.0163 - loss_div=0.0 - threshold=1.0 - loss=6.706
/scratch/e0538389/DivClust/engine/trainer.py:41: FutureWarning: `torch.cuda.amp.autocast(args...)` is deprecated. Please use `torch.amp.autocast('cuda', args...)` instead.
  with autocast(self.mixed_precision):
[2026-03-30 11:13:44](logger.py 179): id=CC_FMNIST_C10CFG_K20_E100_DT_0_95 | Ep. 32/100 - Step 50/273 (2.45 it/s) |###                 | - loss_cc=4.581 - loss_ce=2.109 - loss_ne=0.0171 - loss_div=0.0 - threshold=1.0 - loss=6.707
/scratch/e0538389/DivClust/engine/trainer.py:41: FutureWarning: `torch.cuda.amp.autocast(args...)` is deprecated. Please use `torch.amp.autocast('cuda', args...)` instead.
  with autocast(self.mixed_precision):
[2026-03-30 11:13:54](logger.py 179): id=CC_FMNIST_C10CFG_K20_E100_DT_0_95 | Ep. 32/100 - Step 75/273 (2.46 it/s) |#####               | - loss_cc=4.58 - loss_ce=2.109 - loss_ne=0.0183 - loss_div=0.0 - threshold=1.0 - loss=6.708
/scratch/e0538389/DivClust/engine/trainer.py:41: FutureWarning: `torch.cuda.amp.autocast(args...)` is deprecated. Please use `torch.amp.autocast('cuda', args...)` instead.
  with autocast(self.mixed_precision):
[2026-03-30 11:14:04](logger.py 179): id=CC_FMNIST_C10CFG_K20_E100_DT_0_95 | Ep. 32/100 - Step 100/273 (2.46 it/s) |#######             | - loss_cc=4.58 - loss_ce=2.109 - loss_ne=0.0178 - loss_div=0.0 - threshold=1.0 - loss=6.707
/scratch/e0538389/DivClust/engine/trainer.py:41: FutureWarning: `torch.cuda.amp.autocast(args...)` is deprecated. Please use `torch.amp.autocast('cuda', args...)` instead.
  with autocast(self.mixed_precision):
/scratch/e0538389/DivClust/engine/trainer.py:41: FutureWarning: `torch.cuda.amp.autocast(args...)` is deprecated. Please use `torch.amp.autocast('cuda', args...)` instead.
  with autocast(self.mixed_precision):
[2026-03-30 11:14:14](logger.py 179): id=CC_FMNIST_C10CFG_K20_E100_DT_0_95 | Ep. 32/100 - Step 125/273 (2.45 it/s) |#########           | - loss_cc=4.58 - loss_ce=2.109 - loss_ne=0.018 - loss_div=0.0 - threshold=1.0 - loss=6.707
/scratch/e0538389/DivClust/engine/trainer.py:41: FutureWarning: `torch.cuda.amp.autocast(args...)` is deprecated. Please use `torch.amp.autocast('cuda', args...)` instead.
  with autocast(self.mixed_precision):
[2026-03-30 11:14:24](logger.py 179): id=CC_FMNIST_C10CFG_K20_E100_DT_0_95 | Ep. 32/100 - Step 150/273 (2.46 it/s) |##########          | - loss_cc=4.579 - loss_ce=2.109 - loss_ne=0.0182 - loss_div=0.0 - threshold=1.0 - loss=6.706
/scratch/e0538389/DivClust/engine/trainer.py:41: FutureWarning: `torch.cuda.amp.autocast(args...)` is deprecated. Please use `torch.amp.autocast('cuda', args...)` instead.
  with autocast(self.mixed_precision):
[2026-03-30 11:14:34](logger.py 179): id=CC_FMNIST_C10CFG_K20_E100_DT_0_95 | Ep. 32/100 - Step 175/273 (2.46 it/s) |############        | - loss_cc=4.579 - loss_ce=2.108 - loss_ne=0.0183 - loss_div=0.0 - threshold=1.0 - loss=6.705
/scratch/e0538389/DivClust/engine/trainer.py:41: FutureWarning: `torch.cuda.amp.autocast(args...)` is deprecated. Please use `torch.amp.autocast('cuda', args...)` instead.
  with autocast(self.mixed_precision):
[2026-03-30 11:14:45](logger.py 179): id=CC_FMNIST_C10CFG_K20_E100_DT_0_95 | Ep. 32/100 - Step 200/273 (2.46 it/s) |##############      | - loss_cc=4.579 - loss_ce=2.108 - loss_ne=0.0183 - loss_div=0.0 - threshold=1.0 - loss=6.705
/scratch/e0538389/DivClust/engine/trainer.py:41: FutureWarning: `torch.cuda.amp.autocast(args...)` is deprecated. Please use `torch.amp.autocast('cuda', args...)` instead.
  with autocast(self.mixed_precision):
/scratch/e0538389/DivClust/engine/trainer.py:41: FutureWarning: `torch.cuda.amp.autocast(args...)` is deprecated. Please use `torch.amp.autocast('cuda', args...)` instead.
  with autocast(self.mixed_precision):
[2026-03-30 11:14:55](logger.py 179): id=CC_FMNIST_C10CFG_K20_E100_DT_0_95 | Ep. 32/100 - Step 225/273 (2.46 it/s) |################    | - loss_cc=4.579 - loss_ce=2.108 - loss_ne=0.0179 - loss_div=0.0 - threshold=1.0 - loss=6.706
/scratch/e0538389/DivClust/engine/trainer.py:41: FutureWarning: `torch.cuda.amp.autocast(args...)` is deprecated. Please use `torch.amp.autocast('cuda', args...)` instead.
  with autocast(self.mixed_precision):
[2026-03-30 11:15:05](logger.py 179): id=CC_FMNIST_C10CFG_K20_E100_DT_0_95 | Ep. 32/100 - Step 250/273 (2.46 it/s) |##################  | - loss_cc=4.58 - loss_ce=2.109 - loss_ne=0.0179 - loss_div=0.0 - threshold=1.0 - loss=6.706
/scratch/e0538389/DivClust/engine/trainer.py:41: FutureWarning: `torch.cuda.amp.autocast(args...)` is deprecated. Please use `torch.amp.autocast('cuda', args...)` instead.
  with autocast(self.mixed_precision):
[2026-03-30 11:15:14](logger.py 179): id=CC_FMNIST_C10CFG_K20_E100_DT_0_95 | Ep. 32/100 | Time: 00:01 | loss_cc=4.58 - loss_ce=2.109 - loss_ne=0.0179 - loss_div=0.0 - threshold=1.0 - loss=6.707
[2026-03-30 11:15:16](logger.py 179): id=CC_FMNIST_C10CFG_K20_E100_DT_0_95 | Ep. 33/100 - Step 0/273 (0.0 it/s) |                    | - loss_cc=4.608 - loss_ce=2.117 - loss_ne=0.0119 - loss_div=0.0 - threshold=1.0 - loss=6.737
/scratch/e0538389/DivClust/engine/trainer.py:41: FutureWarning: `torch.cuda.amp.autocast(args...)` is deprecated. Please use `torch.amp.autocast('cuda', args...)` instead.
  with autocast(self.mixed_precision):
[2026-03-30 11:15:26](logger.py 179): id=CC_FMNIST_C10CFG_K20_E100_DT_0_95 | Ep. 33/100 - Step 25/273 (2.48 it/s) |#                   | - loss_cc=4.582 - loss_ce=2.109 - loss_ne=0.015 - loss_div=0.0 - threshold=1.0 - loss=6.706
/scratch/e0538389/DivClust/engine/trainer.py:41: FutureWarning: `torch.cuda.amp.autocast(args...)` is deprecated. Please use `torch.amp.autocast('cuda', args...)` instead.
  with autocast(self.mixed_precision):
[2026-03-30 11:15:36](logger.py 179): id=CC_FMNIST_C10CFG_K20_E100_DT_0_95 | Ep. 33/100 - Step 50/273 (2.48 it/s) |###                 | - loss_cc=4.579 - loss_ce=2.108 - loss_ne=0.0173 - loss_div=0.0 - threshold=1.0 - loss=6.704
/scratch/e0538389/DivClust/engine/trainer.py:41: FutureWarning: `torch.cuda.amp.autocast(args...)` is deprecated. Please use `torch.amp.autocast('cuda', args...)` instead.
  with autocast(self.mixed_precision):
/scratch/e0538389/DivClust/engine/trainer.py:41: FutureWarning: `torch.cuda.amp.autocast(args...)` is deprecated. Please use `torch.amp.autocast('cuda', args...)` instead.
  with autocast(self.mixed_precision):
[2026-03-30 11:15:46](logger.py 179): id=CC_FMNIST_C10CFG_K20_E100_DT_0_95 | Ep. 33/100 - Step 75/273 (2.46 it/s) |#####               | - loss_cc=4.579 - loss_ce=2.108 - loss_ne=0.0179 - loss_div=0.0 - threshold=1.0 - loss=6.705
/scratch/e0538389/DivClust/engine/trainer.py:41: FutureWarning: `torch.cuda.amp.autocast(args...)` is deprecated. Please use `torch.amp.autocast('cuda', args...)` instead.
  with autocast(self.mixed_precision):
[2026-03-30 11:15:56](logger.py 179): id=CC_FMNIST_C10CFG_K20_E100_DT_0_95 | Ep. 33/100 - Step 100/273 (2.46 it/s) |#######             | - loss_cc=4.58 - loss_ce=2.109 - loss_ne=0.0173 - loss_div=0.0 - threshold=1.0 - loss=6.706
/scratch/e0538389/DivClust/engine/trainer.py:41: FutureWarning: `torch.cuda.amp.autocast(args...)` is deprecated. Please use `torch.amp.autocast('cuda', args...)` instead.
  with autocast(self.mixed_precision):
[2026-03-30 11:16:06](logger.py 179): id=CC_FMNIST_C10CFG_K20_E100_DT_0_95 | Ep. 33/100 - Step 125/273 (2.47 it/s) |#########           | - loss_cc=4.58 - loss_ce=2.109 - loss_ne=0.0173 - loss_div=0.0 - threshold=1.0 - loss=6.706
/scratch/e0538389/DivClust/engine/trainer.py:41: FutureWarning: `torch.cuda.amp.autocast(args...)` is deprecated. Please use `torch.amp.autocast('cuda', args...)` instead.
  with autocast(self.mixed_precision):
[2026-03-30 11:16:17](logger.py 179): id=CC_FMNIST_C10CFG_K20_E100_DT_0_95 | Ep. 33/100 - Step 150/273 (2.47 it/s) |##########          | - loss_cc=4.579 - loss_ce=2.108 - loss_ne=0.0168 - loss_div=0.0 - threshold=1.0 - loss=6.704
/scratch/e0538389/DivClust/engine/trainer.py:41: FutureWarning: `torch.cuda.amp.autocast(args...)` is deprecated. Please use `torch.amp.autocast('cuda', args...)` instead.
  with autocast(self.mixed_precision):
/scratch/e0538389/DivClust/engine/trainer.py:41: FutureWarning: `torch.cuda.amp.autocast(args...)` is deprecated. Please use `torch.amp.autocast('cuda', args...)` instead.
  with autocast(self.mixed_precision):
[2026-03-30 11:16:27](logger.py 179): id=CC_FMNIST_C10CFG_K20_E100_DT_0_95 | Ep. 33/100 - Step 175/273 (2.46 it/s) |############        | - loss_cc=4.579 - loss_ce=2.108 - loss_ne=0.017 - loss_div=0.0 - threshold=1.0 - loss=6.705
/scratch/e0538389/DivClust/engine/trainer.py:41: FutureWarning: `torch.cuda.amp.autocast(args...)` is deprecated. Please use `torch.amp.autocast('cuda', args...)` instead.
  with autocast(self.mixed_precision):
[2026-03-30 11:16:37](logger.py 179): id=CC_FMNIST_C10CFG_K20_E100_DT_0_95 | Ep. 33/100 - Step 200/273 (2.46 it/s) |##############      | - loss_cc=4.58 - loss_ce=2.108 - loss_ne=0.0175 - loss_div=0.0 - threshold=1.0 - loss=6.706
/scratch/e0538389/DivClust/engine/trainer.py:41: FutureWarning: `torch.cuda.amp.autocast(args...)` is deprecated. Please use `torch.amp.autocast('cuda', args...)` instead.
  with autocast(self.mixed_precision):
[2026-03-30 11:16:47](logger.py 179): id=CC_FMNIST_C10CFG_K20_E100_DT_0_95 | Ep. 33/100 - Step 225/273 (2.47 it/s) |################    | - loss_cc=4.581 - loss_ce=2.109 - loss_ne=0.0175 - loss_div=0.0 - threshold=1.0 - loss=6.708
/scratch/e0538389/DivClust/engine/trainer.py:41: FutureWarning: `torch.cuda.amp.autocast(args...)` is deprecated. Please use `torch.amp.autocast('cuda', args...)` instead.
  with autocast(self.mixed_precision):
[2026-03-30 11:16:57](logger.py 179): id=CC_FMNIST_C10CFG_K20_E100_DT_0_95 | Ep. 33/100 - Step 250/273 (2.47 it/s) |##################  | - loss_cc=4.582 - loss_ce=2.109 - loss_ne=0.0176 - loss_div=0.0 - threshold=1.0 - loss=6.708
/scratch/e0538389/DivClust/engine/trainer.py:41: FutureWarning: `torch.cuda.amp.autocast(args...)` is deprecated. Please use `torch.amp.autocast('cuda', args...)` instead.
  with autocast(self.mixed_precision):
/scratch/e0538389/DivClust/engine/trainer.py:41: FutureWarning: `torch.cuda.amp.autocast(args...)` is deprecated. Please use `torch.amp.autocast('cuda', args...)` instead.
  with autocast(self.mixed_precision):
[2026-03-30 11:17:06](logger.py 179): id=CC_FMNIST_C10CFG_K20_E100_DT_0_95 | Ep. 33/100 | Time: 00:01 | loss_cc=4.581 - loss_ce=2.109 - loss_ne=0.0175 - loss_div=0.0 - threshold=1.0 - loss=6.708
[2026-03-30 11:17:08](logger.py 179): id=CC_FMNIST_C10CFG_K20_E100_DT_0_95 | Ep. 34/100 - Step 0/273 (0.0 it/s) |                    | - loss_cc=4.53 - loss_ce=2.09 - loss_ne=0.0121 - loss_div=0.0 - threshold=1.0 - loss=6.633
/scratch/e0538389/DivClust/engine/trainer.py:41: FutureWarning: `torch.cuda.amp.autocast(args...)` is deprecated. Please use `torch.amp.autocast('cuda', args...)` instead.
  with autocast(self.mixed_precision):
[2026-03-30 11:17:18](logger.py 179): id=CC_FMNIST_C10CFG_K20_E100_DT_0_95 | Ep. 34/100 - Step 25/273 (2.48 it/s) |#                   | - loss_cc=4.569 - loss_ce=2.105 - loss_ne=0.0166 - loss_div=0.0 - threshold=1.0 - loss=6.69
/scratch/e0538389/DivClust/engine/trainer.py:41: FutureWarning: `torch.cuda.amp.autocast(args...)` is deprecated. Please use `torch.amp.autocast('cuda', args...)` instead.
  with autocast(self.mixed_precision):
[2026-03-30 11:17:29](logger.py 179): id=CC_FMNIST_C10CFG_K20_E100_DT_0_95 | Ep. 34/100 - Step 50/273 (2.48 it/s) |###                 | - loss_cc=4.573 - loss_ce=2.106 - loss_ne=0.0188 - loss_div=0.0 - threshold=1.0 - loss=6.698
/scratch/e0538389/DivClust/engine/trainer.py:41: FutureWarning: `torch.cuda.amp.autocast(args...)` is deprecated. Please use `torch.amp.autocast('cuda', args...)` instead.
  with autocast(self.mixed_precision):
[2026-03-30 11:17:39](logger.py 179): id=CC_FMNIST_C10CFG_K20_E100_DT_0_95 | Ep. 34/100 - Step 75/273 (2.48 it/s) |#####               | - loss_cc=4.572 - loss_ce=2.106 - loss_ne=0.0184 - loss_div=0.0 - threshold=1.0 - loss=6.696
/scratch/e0538389/DivClust/engine/trainer.py:41: FutureWarning: `torch.cuda.amp.autocast(args...)` is deprecated. Please use `torch.amp.autocast('cuda', args...)` instead.
  with autocast(self.mixed_precision):
/scratch/e0538389/DivClust/engine/trainer.py:41: FutureWarning: `torch.cuda.amp.autocast(args...)` is deprecated. Please use `torch.amp.autocast('cuda', args...)` instead.
  with autocast(self.mixed_precision):
[2026-03-30 11:17:49](logger.py 179): id=CC_FMNIST_C10CFG_K20_E100_DT_0_95 | Ep. 34/100 - Step 100/273 (2.47 it/s) |#######             | - loss_cc=4.573 - loss_ce=2.107 - loss_ne=0.0183 - loss_div=0.0 - threshold=1.0 - loss=6.698
/scratch/e0538389/DivClust/engine/trainer.py:41: FutureWarning: `torch.cuda.amp.autocast(args...)` is deprecated. Please use `torch.amp.autocast('cuda', args...)` instead.
  with autocast(self.mixed_precision):
[2026-03-30 11:17:59](logger.py 179): id=CC_FMNIST_C10CFG_K20_E100_DT_0_95 | Ep. 34/100 - Step 125/273 (2.47 it/s) |#########           | - loss_cc=4.576 - loss_ce=2.108 - loss_ne=0.018 - loss_div=0.0 - threshold=1.0 - loss=6.702
/scratch/e0538389/DivClust/engine/trainer.py:41: FutureWarning: `torch.cuda.amp.autocast(args...)` is deprecated. Please use `torch.amp.autocast('cuda', args...)` instead.
  with autocast(self.mixed_precision):
[2026-03-30 11:18:09](logger.py 179): id=CC_FMNIST_C10CFG_K20_E100_DT_0_95 | Ep. 34/100 - Step 150/273 (2.47 it/s) |##########          | - loss_cc=4.576 - loss_ce=2.107 - loss_ne=0.0182 - loss_div=0.0 - threshold=1.0 - loss=6.701
/scratch/e0538389/DivClust/engine/trainer.py:41: FutureWarning: `torch.cuda.amp.autocast(args...)` is deprecated. Please use `torch.amp.autocast('cuda', args...)` instead.
  with autocast(self.mixed_precision):
[2026-03-30 11:18:19](logger.py 179): id=CC_FMNIST_C10CFG_K20_E100_DT_0_95 | Ep. 34/100 - Step 175/273 (2.47 it/s) |############        | - loss_cc=4.576 - loss_ce=2.107 - loss_ne=0.0186 - loss_div=0.0 - threshold=1.0 - loss=6.702
/scratch/e0538389/DivClust/engine/trainer.py:41: FutureWarning: `torch.cuda.amp.autocast(args...)` is deprecated. Please use `torch.amp.autocast('cuda', args...)` instead.
  with autocast(self.mixed_precision):
/scratch/e0538389/DivClust/engine/trainer.py:41: FutureWarning: `torch.cuda.amp.autocast(args...)` is deprecated. Please use `torch.amp.autocast('cuda', args...)` instead.
  with autocast(self.mixed_precision):
[2026-03-30 11:18:30](logger.py 179): id=CC_FMNIST_C10CFG_K20_E100_DT_0_95 | Ep. 34/100 - Step 200/273 (2.46 it/s) |##############      | - loss_cc=4.577 - loss_ce=2.107 - loss_ne=0.0189 - loss_div=0.0 - threshold=1.0 - loss=6.704
/scratch/e0538389/DivClust/engine/trainer.py:41: FutureWarning: `torch.cuda.amp.autocast(args...)` is deprecated. Please use `torch.amp.autocast('cuda', args...)` instead.
  with autocast(self.mixed_precision):
[2026-03-30 11:18:40](logger.py 179): id=CC_FMNIST_C10CFG_K20_E100_DT_0_95 | Ep. 34/100 - Step 225/273 (2.46 it/s) |################    | - loss_cc=4.577 - loss_ce=2.108 - loss_ne=0.0188 - loss_div=0.0 - threshold=1.0 - loss=6.703
/scratch/e0538389/DivClust/engine/trainer.py:41: FutureWarning: `torch.cuda.amp.autocast(args...)` is deprecated. Please use `torch.amp.autocast('cuda', args...)` instead.
  with autocast(self.mixed_precision):
[2026-03-30 11:18:50](logger.py 179): id=CC_FMNIST_C10CFG_K20_E100_DT_0_95 | Ep. 34/100 - Step 250/273 (2.47 it/s) |##################  | - loss_cc=4.577 - loss_ce=2.108 - loss_ne=0.0187 - loss_div=0.0 - threshold=1.0 - loss=6.704
/scratch/e0538389/DivClust/engine/trainer.py:41: FutureWarning: `torch.cuda.amp.autocast(args...)` is deprecated. Please use `torch.amp.autocast('cuda', args...)` instead.
  with autocast(self.mixed_precision):
[2026-03-30 11:18:59](logger.py 179): id=CC_FMNIST_C10CFG_K20_E100_DT_0_95 | Ep. 34/100 | Time: 00:01 | loss_cc=4.578 - loss_ce=2.108 - loss_ne=0.0187 - loss_div=0.0 - threshold=1.0 - loss=6.704
[2026-03-30 11:19:01](logger.py 179): id=CC_FMNIST_C10CFG_K20_E100_DT_0_95 | Ep. 35/100 - Step 0/273 (0.0 it/s) |                    | - loss_cc=4.571 - loss_ce=2.106 - loss_ne=0.0095 - loss_div=0.0 - threshold=1.0 - loss=6.687
/scratch/e0538389/DivClust/engine/trainer.py:41: FutureWarning: `torch.cuda.amp.autocast(args...)` is deprecated. Please use `torch.amp.autocast('cuda', args...)` instead.
  with autocast(self.mixed_precision):
[2026-03-30 11:19:11](logger.py 179): id=CC_FMNIST_C10CFG_K20_E100_DT_0_95 | Ep. 35/100 - Step 25/273 (2.42 it/s) |#                   | - loss_cc=4.566 - loss_ce=2.103 - loss_ne=0.0144 - loss_div=0.0 - threshold=1.0 - loss=6.683
/scratch/e0538389/DivClust/engine/trainer.py:41: FutureWarning: `torch.cuda.amp.autocast(args...)` is deprecated. Please use `torch.amp.autocast('cuda', args...)` instead.
  with autocast(self.mixed_precision):
/scratch/e0538389/DivClust/engine/trainer.py:41: FutureWarning: `torch.cuda.amp.autocast(args...)` is deprecated. Please use `torch.amp.autocast('cuda', args...)` instead.
  with autocast(self.mixed_precision):
[2026-03-30 11:19:21](logger.py 179): id=CC_FMNIST_C10CFG_K20_E100_DT_0_95 | Ep. 35/100 - Step 50/273 (2.45 it/s) |###                 | - loss_cc=4.568 - loss_ce=2.104 - loss_ne=0.0168 - loss_div=0.0 - threshold=1.0 - loss=6.688
/scratch/e0538389/DivClust/engine/trainer.py:41: FutureWarning: `torch.cuda.amp.autocast(args...)` is deprecated. Please use `torch.amp.autocast('cuda', args...)` instead.
  with autocast(self.mixed_precision):
[2026-03-30 11:19:31](logger.py 179): id=CC_FMNIST_C10CFG_K20_E100_DT_0_95 | Ep. 35/100 - Step 75/273 (2.46 it/s) |#####               | - loss_cc=4.569 - loss_ce=2.104 - loss_ne=0.0162 - loss_div=0.0 - threshold=1.0 - loss=6.689
/scratch/e0538389/DivClust/engine/trainer.py:41: FutureWarning: `torch.cuda.amp.autocast(args...)` is deprecated. Please use `torch.amp.autocast('cuda', args...)` instead.
  with autocast(self.mixed_precision):
[2026-03-30 11:19:41](logger.py 179): id=CC_FMNIST_C10CFG_K20_E100_DT_0_95 | Ep. 35/100 - Step 100/273 (2.47 it/s) |#######             | - loss_cc=4.571 - loss_ce=2.106 - loss_ne=0.0193 - loss_div=0.00333 - threshold=0.998 - loss=6.7
/scratch/e0538389/DivClust/engine/trainer.py:41: FutureWarning: `torch.cuda.amp.autocast(args...)` is deprecated. Please use `torch.amp.autocast('cuda', args...)` instead.
  with autocast(self.mixed_precision):
[2026-03-30 11:19:52](logger.py 179): id=CC_FMNIST_C10CFG_K20_E100_DT_0_95 | Ep. 35/100 - Step 125/273 (2.45 it/s) |#########           | - loss_cc=4.572 - loss_ce=2.107 - loss_ne=0.0197 - loss_div=0.00268 - threshold=0.998 - loss=6.702
/scratch/e0538389/DivClust/engine/trainer.py:41: FutureWarning: `torch.cuda.amp.autocast(args...)` is deprecated. Please use `torch.amp.autocast('cuda', args...)` instead.
  with autocast(self.mixed_precision):
/scratch/e0538389/DivClust/engine/trainer.py:41: FutureWarning: `torch.cuda.amp.autocast(args...)` is deprecated. Please use `torch.amp.autocast('cuda', args...)` instead.
  with autocast(self.mixed_precision):
[2026-03-30 11:20:02](logger.py 179): id=CC_FMNIST_C10CFG_K20_E100_DT_0_95 | Ep. 35/100 - Step 150/273 (2.46 it/s) |##########          | - loss_cc=4.574 - loss_ce=2.108 - loss_ne=0.0191 - loss_div=0.00224 - threshold=0.999 - loss=6.703
/scratch/e0538389/DivClust/engine/trainer.py:41: FutureWarning: `torch.cuda.amp.autocast(args...)` is deprecated. Please use `torch.amp.autocast('cuda', args...)` instead.
  with autocast(self.mixed_precision):
[2026-03-30 11:20:12](logger.py 179): id=CC_FMNIST_C10CFG_K20_E100_DT_0_95 | Ep. 35/100 - Step 175/273 (2.46 it/s) |############        | - loss_cc=4.575 - loss_ce=2.109 - loss_ne=0.0188 - loss_div=0.00192 - threshold=0.999 - loss=6.705
/scratch/e0538389/DivClust/engine/trainer.py:41: FutureWarning: `torch.cuda.amp.autocast(args...)` is deprecated. Please use `torch.amp.autocast('cuda', args...)` instead.
  with autocast(self.mixed_precision):
[2026-03-30 11:20:22](logger.py 179): id=CC_FMNIST_C10CFG_K20_E100_DT_0_95 | Ep. 35/100 - Step 200/273 (2.46 it/s) |##############      | - loss_cc=4.576 - loss_ce=2.109 - loss_ne=0.0185 - loss_div=0.00168 - threshold=0.999 - loss=6.705
/scratch/e0538389/DivClust/engine/trainer.py:41: FutureWarning: `torch.cuda.amp.autocast(args...)` is deprecated. Please use `torch.amp.autocast('cuda', args...)` instead.
  with autocast(self.mixed_precision):
[2026-03-30 11:20:32](logger.py 179): id=CC_FMNIST_C10CFG_K20_E100_DT_0_95 | Ep. 35/100 - Step 225/273 (2.46 it/s) |################    | - loss_cc=4.575 - loss_ce=2.109 - loss_ne=0.0184 - loss_div=0.00149 - threshold=0.999 - loss=6.704
/scratch/e0538389/DivClust/engine/trainer.py:41: FutureWarning: `torch.cuda.amp.autocast(args...)` is deprecated. Please use `torch.amp.autocast('cuda', args...)` instead.
  with autocast(self.mixed_precision):
/scratch/e0538389/DivClust/engine/trainer.py:41: FutureWarning: `torch.cuda.amp.autocast(args...)` is deprecated. Please use `torch.amp.autocast('cuda', args...)` instead.
  with autocast(self.mixed_precision):
[2026-03-30 11:20:42](logger.py 179): id=CC_FMNIST_C10CFG_K20_E100_DT_0_95 | Ep. 35/100 - Step 250/273 (2.46 it/s) |##################  | - loss_cc=4.575 - loss_ce=2.108 - loss_ne=0.0184 - loss_div=0.00135 - threshold=0.999 - loss=6.703
/scratch/e0538389/DivClust/engine/trainer.py:41: FutureWarning: `torch.cuda.amp.autocast(args...)` is deprecated. Please use `torch.amp.autocast('cuda', args...)` instead.
  with autocast(self.mixed_precision):
[2026-03-30 11:20:51](logger.py 179): id=CC_FMNIST_C10CFG_K20_E100_DT_0_95 | Ep. 35/100 | Time: 00:01 | loss_cc=4.575 - loss_ce=2.108 - loss_ne=0.0183 - loss_div=0.00124 - threshold=0.999 - loss=6.703
[2026-03-30 11:20:53](logger.py 179): id=CC_FMNIST_C10CFG_K20_E100_DT_0_95 | Ep. 36/100 - Step 0/273 (0.0 it/s) |                    | - loss_cc=4.545 - loss_ce=2.096 - loss_ne=0.00677 - loss_div=0.0 - threshold=1.0 - loss=6.649
/scratch/e0538389/DivClust/engine/trainer.py:41: FutureWarning: `torch.cuda.amp.autocast(args...)` is deprecated. Please use `torch.amp.autocast('cuda', args...)` instead.
  with autocast(self.mixed_precision):
[2026-03-30 11:21:03](logger.py 179): id=CC_FMNIST_C10CFG_K20_E100_DT_0_95 | Ep. 36/100 - Step 25/273 (2.48 it/s) |#                   | - loss_cc=4.572 - loss_ce=2.106 - loss_ne=0.0172 - loss_div=0.0 - threshold=1.0 - loss=6.695
/scratch/e0538389/DivClust/engine/trainer.py:41: FutureWarning: `torch.cuda.amp.autocast(args...)` is deprecated. Please use `torch.amp.autocast('cuda', args...)` instead.
  with autocast(self.mixed_precision):
[2026-03-30 11:21:13](logger.py 179): id=CC_FMNIST_C10CFG_K20_E100_DT_0_95 | Ep. 36/100 - Step 50/273 (2.48 it/s) |###                 | - loss_cc=4.576 - loss_ce=2.108 - loss_ne=0.016 - loss_div=0.0 - threshold=1.0 - loss=6.7
/scratch/e0538389/DivClust/engine/trainer.py:41: FutureWarning: `torch.cuda.amp.autocast(args...)` is deprecated. Please use `torch.amp.autocast('cuda', args...)` instead.
  with autocast(self.mixed_precision):
/scratch/e0538389/DivClust/engine/trainer.py:41: FutureWarning: `torch.cuda.amp.autocast(args...)` is deprecated. Please use `torch.amp.autocast('cuda', args...)` instead.
  with autocast(self.mixed_precision):
[2026-03-30 11:21:24](logger.py 179): id=CC_FMNIST_C10CFG_K20_E100_DT_0_95 | Ep. 36/100 - Step 75/273 (2.46 it/s) |#####               | - loss_cc=4.577 - loss_ce=2.108 - loss_ne=0.0169 - loss_div=0.0 - threshold=1.0 - loss=6.701
/scratch/e0538389/DivClust/engine/trainer.py:41: FutureWarning: `torch.cuda.amp.autocast(args...)` is deprecated. Please use `torch.amp.autocast('cuda', args...)` instead.
  with autocast(self.mixed_precision):
[2026-03-30 11:21:34](logger.py 179): id=CC_FMNIST_C10CFG_K20_E100_DT_0_95 | Ep. 36/100 - Step 100/273 (2.46 it/s) |#######             | - loss_cc=4.575 - loss_ce=2.108 - loss_ne=0.0183 - loss_div=0.0 - threshold=1.0 - loss=6.701
/scratch/e0538389/DivClust/engine/trainer.py:41: FutureWarning: `torch.cuda.amp.autocast(args...)` is deprecated. Please use `torch.amp.autocast('cuda', args...)` instead.
  with autocast(self.mixed_precision):
[2026-03-30 11:21:44](logger.py 179): id=CC_FMNIST_C10CFG_K20_E100_DT_0_95 | Ep. 36/100 - Step 125/273 (2.46 it/s) |#########           | - loss_cc=4.577 - loss_ce=2.108 - loss_ne=0.0187 - loss_div=0.0 - threshold=1.0 - loss=6.704
/scratch/e0538389/DivClust/engine/trainer.py:41: FutureWarning: `torch.cuda.amp.autocast(args...)` is deprecated. Please use `torch.amp.autocast('cuda', args...)` instead.
  with autocast(self.mixed_precision):
[2026-03-30 11:21:54](logger.py 179): id=CC_FMNIST_C10CFG_K20_E100_DT_0_95 | Ep. 36/100 - Step 150/273 (2.47 it/s) |##########          | - loss_cc=4.577 - loss_ce=2.108 - loss_ne=0.0184 - loss_div=0.0 - threshold=1.0 - loss=6.703
/scratch/e0538389/DivClust/engine/trainer.py:41: FutureWarning: `torch.cuda.amp.autocast(args...)` is deprecated. Please use `torch.amp.autocast('cuda', args...)` instead.
  with autocast(self.mixed_precision):
/scratch/e0538389/DivClust/engine/trainer.py:41: FutureWarning: `torch.cuda.amp.autocast(args...)` is deprecated. Please use `torch.amp.autocast('cuda', args...)` instead.
  with autocast(self.mixed_precision):
[2026-03-30 11:22:04](logger.py 179): id=CC_FMNIST_C10CFG_K20_E100_DT_0_95 | Ep. 36/100 - Step 175/273 (2.46 it/s) |############        | - loss_cc=4.576 - loss_ce=2.108 - loss_ne=0.0186 - loss_div=0.0 - threshold=1.0 - loss=6.702
/scratch/e0538389/DivClust/engine/trainer.py:41: FutureWarning: `torch.cuda.amp.autocast(args...)` is deprecated. Please use `torch.amp.autocast('cuda', args...)` instead.
  with autocast(self.mixed_precision):
[2026-03-30 11:22:14](logger.py 179): id=CC_FMNIST_C10CFG_K20_E100_DT_0_95 | Ep. 36/100 - Step 200/273 (2.46 it/s) |##############      | - loss_cc=4.576 - loss_ce=2.108 - loss_ne=0.0182 - loss_div=0.0 - threshold=1.0 - loss=6.702
/scratch/e0538389/DivClust/engine/trainer.py:41: FutureWarning: `torch.cuda.amp.autocast(args...)` is deprecated. Please use `torch.amp.autocast('cuda', args...)` instead.
  with autocast(self.mixed_precision):
[2026-03-30 11:22:24](logger.py 179): id=CC_FMNIST_C10CFG_K20_E100_DT_0_95 | Ep. 36/100 - Step 225/273 (2.46 it/s) |################    | - loss_cc=4.575 - loss_ce=2.108 - loss_ne=0.0181 - loss_div=0.0 - threshold=1.0 - loss=6.701
/scratch/e0538389/DivClust/engine/trainer.py:41: FutureWarning: `torch.cuda.amp.autocast(args...)` is deprecated. Please use `torch.amp.autocast('cuda', args...)` instead.
  with autocast(self.mixed_precision):
[2026-03-30 11:22:34](logger.py 179): id=CC_FMNIST_C10CFG_K20_E100_DT_0_95 | Ep. 36/100 - Step 250/273 (2.46 it/s) |##################  | - loss_cc=4.575 - loss_ce=2.107 - loss_ne=0.018 - loss_div=0.0 - threshold=1.0 - loss=6.7
/scratch/e0538389/DivClust/engine/trainer.py:41: FutureWarning: `torch.cuda.amp.autocast(args...)` is deprecated. Please use `torch.amp.autocast('cuda', args...)` instead.
  with autocast(self.mixed_precision):
[2026-03-30 11:22:44](logger.py 179): id=CC_FMNIST_C10CFG_K20_E100_DT_0_95 | Ep. 36/100 | Time: 00:01 | loss_cc=4.574 - loss_ce=2.107 - loss_ne=0.0181 - loss_div=0.0 - threshold=1.0 - loss=6.7
/scratch/e0538389/DivClust/engine/trainer.py:41: FutureWarning: `torch.cuda.amp.autocast(args...)` is deprecated. Please use `torch.amp.autocast('cuda', args...)` instead.
  with autocast(self.mixed_precision):
[2026-03-30 11:22:46](logger.py 179): id=CC_FMNIST_C10CFG_K20_E100_DT_0_95 | Ep. 37/100 - Step 0/273 (0.0 it/s) |                    | - loss_cc=4.58 - loss_ce=2.117 - loss_ne=0.00802 - loss_div=0.0 - threshold=1.0 - loss=6.705
/scratch/e0538389/DivClust/engine/trainer.py:41: FutureWarning: `torch.cuda.amp.autocast(args...)` is deprecated. Please use `torch.amp.autocast('cuda', args...)` instead.
  with autocast(self.mixed_precision):
[2026-03-30 11:22:56](logger.py 179): id=CC_FMNIST_C10CFG_K20_E100_DT_0_95 | Ep. 37/100 - Step 25/273 (2.48 it/s) |#                   | - loss_cc=4.57 - loss_ce=2.106 - loss_ne=0.0169 - loss_div=0.0 - threshold=1.0 - loss=6.693
/scratch/e0538389/DivClust/engine/trainer.py:41: FutureWarning: `torch.cuda.amp.autocast(args...)` is deprecated. Please use `torch.amp.autocast('cuda', args...)` instead.
  with autocast(self.mixed_precision):
[2026-03-30 11:23:06](logger.py 179): id=CC_FMNIST_C10CFG_K20_E100_DT_0_95 | Ep. 37/100 - Step 50/273 (2.48 it/s) |###                 | - loss_cc=4.567 - loss_ce=2.105 - loss_ne=0.0172 - loss_div=0.0 - threshold=1.0 - loss=6.689
/scratch/e0538389/DivClust/engine/trainer.py:41: FutureWarning: `torch.cuda.amp.autocast(args...)` is deprecated. Please use `torch.amp.autocast('cuda', args...)` instead.
  with autocast(self.mixed_precision):
[2026-03-30 11:23:16](logger.py 179): id=CC_FMNIST_C10CFG_K20_E100_DT_0_95 | Ep. 37/100 - Step 75/273 (2.48 it/s) |#####               | - loss_cc=4.568 - loss_ce=2.105 - loss_ne=0.0169 - loss_div=0.0 - threshold=1.0 - loss=6.69
/scratch/e0538389/DivClust/engine/trainer.py:41: FutureWarning: `torch.cuda.amp.autocast(args...)` is deprecated. Please use `torch.amp.autocast('cuda', args...)` instead.
  with autocast(self.mixed_precision):
/scratch/e0538389/DivClust/engine/trainer.py:41: FutureWarning: `torch.cuda.amp.autocast(args...)` is deprecated. Please use `torch.amp.autocast('cuda', args...)` instead.
  with autocast(self.mixed_precision):
[2026-03-30 11:23:26](logger.py 179): id=CC_FMNIST_C10CFG_K20_E100_DT_0_95 | Ep. 37/100 - Step 100/273 (2.47 it/s) |#######             | - loss_cc=4.57 - loss_ce=2.106 - loss_ne=0.0169 - loss_div=0.0 - threshold=1.0 - loss=6.693
/scratch/e0538389/DivClust/engine/trainer.py:41: FutureWarning: `torch.cuda.amp.autocast(args...)` is deprecated. Please use `torch.amp.autocast('cuda', args...)` instead.
  with autocast(self.mixed_precision):
[2026-03-30 11:23:36](logger.py 179): id=CC_FMNIST_C10CFG_K20_E100_DT_0_95 | Ep. 37/100 - Step 125/273 (2.47 it/s) |#########           | - loss_cc=4.57 - loss_ce=2.106 - loss_ne=0.0168 - loss_div=0.0 - threshold=1.0 - loss=6.692
/scratch/e0538389/DivClust/engine/trainer.py:41: FutureWarning: `torch.cuda.amp.autocast(args...)` is deprecated. Please use `torch.amp.autocast('cuda', args...)` instead.
  with autocast(self.mixed_precision):
[2026-03-30 11:23:46](logger.py 179): id=CC_FMNIST_C10CFG_K20_E100_DT_0_95 | Ep. 37/100 - Step 150/273 (2.47 it/s) |##########          | - loss_cc=4.571 - loss_ce=2.106 - loss_ne=0.0171 - loss_div=0.0 - threshold=1.0 - loss=6.694
/scratch/e0538389/DivClust/engine/trainer.py:41: FutureWarning: `torch.cuda.amp.autocast(args...)` is deprecated. Please use `torch.amp.autocast('cuda', args...)` instead.
  with autocast(self.mixed_precision):
[2026-03-30 11:23:57](logger.py 179): id=CC_FMNIST_C10CFG_K20_E100_DT_0_95 | Ep. 37/100 - Step 175/273 (2.47 it/s) |############        | - loss_cc=4.57 - loss_ce=2.106 - loss_ne=0.0172 - loss_div=0.0 - threshold=1.0 - loss=6.693
/scratch/e0538389/DivClust/engine/trainer.py:41: FutureWarning: `torch.cuda.amp.autocast(args...)` is deprecated. Please use `torch.amp.autocast('cuda', args...)` instead.
  with autocast(self.mixed_precision):
/scratch/e0538389/DivClust/engine/trainer.py:41: FutureWarning: `torch.cuda.amp.autocast(args...)` is deprecated. Please use `torch.amp.autocast('cuda', args...)` instead.
  with autocast(self.mixed_precision):
[2026-03-30 11:24:07](logger.py 179): id=CC_FMNIST_C10CFG_K20_E100_DT_0_95 | Ep. 37/100 - Step 200/273 (2.46 it/s) |##############      | - loss_cc=4.571 - loss_ce=2.106 - loss_ne=0.0173 - loss_div=0.0 - threshold=1.0 - loss=6.694
/scratch/e0538389/DivClust/engine/trainer.py:41: FutureWarning: `torch.cuda.amp.autocast(args...)` is deprecated. Please use `torch.amp.autocast('cuda', args...)` instead.
  with autocast(self.mixed_precision):
[2026-03-30 11:24:17](logger.py 179): id=CC_FMNIST_C10CFG_K20_E100_DT_0_95 | Ep. 37/100 - Step 225/273 (2.47 it/s) |################    | - loss_cc=4.571 - loss_ce=2.106 - loss_ne=0.0175 - loss_div=0.0 - threshold=1.0 - loss=6.695
/scratch/e0538389/DivClust/engine/trainer.py:41: FutureWarning: `torch.cuda.amp.autocast(args...)` is deprecated. Please use `torch.amp.autocast('cuda', args...)` instead.
  with autocast(self.mixed_precision):
[2026-03-30 11:24:27](logger.py 179): id=CC_FMNIST_C10CFG_K20_E100_DT_0_95 | Ep. 37/100 - Step 250/273 (2.47 it/s) |##################  | - loss_cc=4.572 - loss_ce=2.106 - loss_ne=0.0174 - loss_div=0.0 - threshold=1.0 - loss=6.695
/scratch/e0538389/DivClust/engine/trainer.py:41: FutureWarning: `torch.cuda.amp.autocast(args...)` is deprecated. Please use `torch.amp.autocast('cuda', args...)` instead.
  with autocast(self.mixed_precision):
[2026-03-30 11:24:36](logger.py 179): id=CC_FMNIST_C10CFG_K20_E100_DT_0_95 | Ep. 37/100 | Time: 00:01 | loss_cc=4.571 - loss_ce=2.106 - loss_ne=0.0175 - loss_div=0.0 - threshold=1.0 - loss=6.695
[2026-03-30 11:24:38](logger.py 179): id=CC_FMNIST_C10CFG_K20_E100_DT_0_95 | Ep. 38/100 - Step 0/273 (0.0 it/s) |                    | - loss_cc=4.582 - loss_ce=2.11 - loss_ne=0.0234 - loss_div=0.0 - threshold=1.0 - loss=6.715
/scratch/e0538389/DivClust/engine/trainer.py:41: FutureWarning: `torch.cuda.amp.autocast(args...)` is deprecated. Please use `torch.amp.autocast('cuda', args...)` instead.
  with autocast(self.mixed_precision):
[2026-03-30 11:24:48](logger.py 179): id=CC_FMNIST_C10CFG_K20_E100_DT_0_95 | Ep. 38/100 - Step 25/273 (2.48 it/s) |#                   | - loss_cc=4.573 - loss_ce=2.106 - loss_ne=0.0201 - loss_div=0.0 - threshold=1.0 - loss=6.699
/scratch/e0538389/DivClust/engine/trainer.py:41: FutureWarning: `torch.cuda.amp.autocast(args...)` is deprecated. Please use `torch.amp.autocast('cuda', args...)` instead.
  with autocast(self.mixed_precision):
/scratch/e0538389/DivClust/engine/trainer.py:41: FutureWarning: `torch.cuda.amp.autocast(args...)` is deprecated. Please use `torch.amp.autocast('cuda', args...)` instead.
  with autocast(self.mixed_precision):
[2026-03-30 11:24:58](logger.py 179): id=CC_FMNIST_C10CFG_K20_E100_DT_0_95 | Ep. 38/100 - Step 50/273 (2.44 it/s) |###                 | - loss_cc=4.569 - loss_ce=2.106 - loss_ne=0.0198 - loss_div=0.0 - threshold=1.0 - loss=6.694
/scratch/e0538389/DivClust/engine/trainer.py:41: FutureWarning: `torch.cuda.amp.autocast(args...)` is deprecated. Please use `torch.amp.autocast('cuda', args...)` instead.
  with autocast(self.mixed_precision):
[2026-03-30 11:25:08](logger.py 179): id=CC_FMNIST_C10CFG_K20_E100_DT_0_95 | Ep. 38/100 - Step 75/273 (2.46 it/s) |#####               | - loss_cc=4.567 - loss_ce=2.105 - loss_ne=0.0181 - loss_div=0.0 - threshold=1.0 - loss=6.69
/scratch/e0538389/DivClust/engine/trainer.py:41: FutureWarning: `torch.cuda.amp.autocast(args...)` is deprecated. Please use `torch.amp.autocast('cuda', args...)` instead.
  with autocast(self.mixed_precision):
[2026-03-30 11:25:18](logger.py 179): id=CC_FMNIST_C10CFG_K20_E100_DT_0_95 | Ep. 38/100 - Step 100/273 (2.46 it/s) |#######             | - loss_cc=4.57 - loss_ce=2.106 - loss_ne=0.0176 - loss_div=0.0 - threshold=1.0 - loss=6.694
/scratch/e0538389/DivClust/engine/trainer.py:41: FutureWarning: `torch.cuda.amp.autocast(args...)` is deprecated. Please use `torch.amp.autocast('cuda', args...)` instead.
  with autocast(self.mixed_precision):
[2026-03-30 11:25:29](logger.py 179): id=CC_FMNIST_C10CFG_K20_E100_DT_0_95 | Ep. 38/100 - Step 125/273 (2.47 it/s) |#########           | - loss_cc=4.571 - loss_ce=2.106 - loss_ne=0.018 - loss_div=0.0 - threshold=1.0 - loss=6.695
/scratch/e0538389/DivClust/engine/trainer.py:41: FutureWarning: `torch.cuda.amp.autocast(args...)` is deprecated. Please use `torch.amp.autocast('cuda', args...)` instead.
  with autocast(self.mixed_precision):
/scratch/e0538389/DivClust/engine/trainer.py:41: FutureWarning: `torch.cuda.amp.autocast(args...)` is deprecated. Please use `torch.amp.autocast('cuda', args...)` instead.
  with autocast(self.mixed_precision):
[2026-03-30 11:25:39](logger.py 179): id=CC_FMNIST_C10CFG_K20_E100_DT_0_95 | Ep. 38/100 - Step 150/273 (2.46 it/s) |##########          | - loss_cc=4.571 - loss_ce=2.106 - loss_ne=0.0178 - loss_div=0.0 - threshold=1.0 - loss=6.695
/scratch/e0538389/DivClust/engine/trainer.py:41: FutureWarning: `torch.cuda.amp.autocast(args...)` is deprecated. Please use `torch.amp.autocast('cuda', args...)` instead.
  with autocast(self.mixed_precision):
[2026-03-30 11:25:49](logger.py 179): id=CC_FMNIST_C10CFG_K20_E100_DT_0_95 | Ep. 38/100 - Step 175/273 (2.46 it/s) |############        | - loss_cc=4.571 - loss_ce=2.106 - loss_ne=0.0178 - loss_div=0.0 - threshold=1.0 - loss=6.695
/scratch/e0538389/DivClust/engine/trainer.py:41: FutureWarning: `torch.cuda.amp.autocast(args...)` is deprecated. Please use `torch.amp.autocast('cuda', args...)` instead.
  with autocast(self.mixed_precision):
[2026-03-30 11:25:59](logger.py 179): id=CC_FMNIST_C10CFG_K20_E100_DT_0_95 | Ep. 38/100 - Step 200/273 (2.46 it/s) |##############      | - loss_cc=4.571 - loss_ce=2.106 - loss_ne=0.018 - loss_div=0.0 - threshold=1.0 - loss=6.695
/scratch/e0538389/DivClust/engine/trainer.py:41: FutureWarning: `torch.cuda.amp.autocast(args...)` is deprecated. Please use `torch.amp.autocast('cuda', args...)` instead.
  with autocast(self.mixed_precision):
[2026-03-30 11:26:09](logger.py 179): id=CC_FMNIST_C10CFG_K20_E100_DT_0_95 | Ep. 38/100 - Step 225/273 (2.47 it/s) |################    | - loss_cc=4.572 - loss_ce=2.106 - loss_ne=0.0184 - loss_div=0.0 - threshold=1.0 - loss=6.696
/scratch/e0538389/DivClust/engine/trainer.py:41: FutureWarning: `torch.cuda.amp.autocast(args...)` is deprecated. Please use `torch.amp.autocast('cuda', args...)` instead.
  with autocast(self.mixed_precision):
/scratch/e0538389/DivClust/engine/trainer.py:41: FutureWarning: `torch.cuda.amp.autocast(args...)` is deprecated. Please use `torch.amp.autocast('cuda', args...)` instead.
  with autocast(self.mixed_precision):
[2026-03-30 11:26:19](logger.py 179): id=CC_FMNIST_C10CFG_K20_E100_DT_0_95 | Ep. 38/100 - Step 250/273 (2.46 it/s) |##################  | - loss_cc=4.571 - loss_ce=2.106 - loss_ne=0.0181 - loss_div=0.0 - threshold=1.0 - loss=6.695
/scratch/e0538389/DivClust/engine/trainer.py:41: FutureWarning: `torch.cuda.amp.autocast(args...)` is deprecated. Please use `torch.amp.autocast('cuda', args...)` instead.
  with autocast(self.mixed_precision):
[2026-03-30 11:26:28](logger.py 179): id=CC_FMNIST_C10CFG_K20_E100_DT_0_95 | Ep. 38/100 | Time: 00:01 | loss_cc=4.57 - loss_ce=2.105 - loss_ne=0.0181 - loss_div=0.0 - threshold=1.0 - loss=6.694
[2026-03-30 11:26:30](logger.py 179): id=CC_FMNIST_C10CFG_K20_E100_DT_0_95 | Ep. 39/100 - Step 0/273 (0.0 it/s) |                    | - loss_cc=4.619 - loss_ce=2.109 - loss_ne=0.0233 - loss_div=0.0 - threshold=1.0 - loss=6.751
/scratch/e0538389/DivClust/engine/trainer.py:41: FutureWarning: `torch.cuda.amp.autocast(args...)` is deprecated. Please use `torch.amp.autocast('cuda', args...)` instead.
  with autocast(self.mixed_precision):
[2026-03-30 11:26:40](logger.py 179): id=CC_FMNIST_C10CFG_K20_E100_DT_0_95 | Ep. 39/100 - Step 25/273 (2.49 it/s) |#                   | - loss_cc=4.57 - loss_ce=2.103 - loss_ne=0.0178 - loss_div=0.0 - threshold=1.0 - loss=6.692
/scratch/e0538389/DivClust/engine/trainer.py:41: FutureWarning: `torch.cuda.amp.autocast(args...)` is deprecated. Please use `torch.amp.autocast('cuda', args...)` instead.
  with autocast(self.mixed_precision):
[2026-03-30 11:26:50](logger.py 179): id=CC_FMNIST_C10CFG_K20_E100_DT_0_95 | Ep. 39/100 - Step 50/273 (2.49 it/s) |###                 | - loss_cc=4.573 - loss_ce=2.106 - loss_ne=0.0183 - loss_div=0.0 - threshold=1.0 - loss=6.697
/scratch/e0538389/DivClust/engine/trainer.py:41: FutureWarning: `torch.cuda.amp.autocast(args...)` is deprecated. Please use `torch.amp.autocast('cuda', args...)` instead.
  with autocast(self.mixed_precision):
/scratch/e0538389/DivClust/engine/trainer.py:41: FutureWarning: `torch.cuda.amp.autocast(args...)` is deprecated. Please use `torch.amp.autocast('cuda', args...)` instead.
  with autocast(self.mixed_precision):
[2026-03-30 11:27:01](logger.py 179): id=CC_FMNIST_C10CFG_K20_E100_DT_0_95 | Ep. 39/100 - Step 75/273 (2.47 it/s) |#####               | - loss_cc=4.573 - loss_ce=2.106 - loss_ne=0.018 - loss_div=0.0 - threshold=1.0 - loss=6.697
/scratch/e0538389/DivClust/engine/trainer.py:41: FutureWarning: `torch.cuda.amp.autocast(args...)` is deprecated. Please use `torch.amp.autocast('cuda', args...)` instead.
  with autocast(self.mixed_precision):
[2026-03-30 11:27:11](logger.py 179): id=CC_FMNIST_C10CFG_K20_E100_DT_0_95 | Ep. 39/100 - Step 100/273 (2.47 it/s) |#######             | - loss_cc=4.573 - loss_ce=2.106 - loss_ne=0.0177 - loss_div=0.0 - threshold=1.0 - loss=6.696
/scratch/e0538389/DivClust/engine/trainer.py:41: FutureWarning: `torch.cuda.amp.autocast(args...)` is deprecated. Please use `torch.amp.autocast('cuda', args...)` instead.
  with autocast(self.mixed_precision):
[2026-03-30 11:27:21](logger.py 179): id=CC_FMNIST_C10CFG_K20_E100_DT_0_95 | Ep. 39/100 - Step 125/273 (2.47 it/s) |#########           | - loss_cc=4.573 - loss_ce=2.106 - loss_ne=0.0185 - loss_div=0.0 - threshold=1.0 - loss=6.698
/scratch/e0538389/DivClust/engine/trainer.py:41: FutureWarning: `torch.cuda.amp.autocast(args...)` is deprecated. Please use `torch.amp.autocast('cuda', args...)` instead.
  with autocast(self.mixed_precision):
[2026-03-30 11:27:31](logger.py 179): id=CC_FMNIST_C10CFG_K20_E100_DT_0_95 | Ep. 39/100 - Step 150/273 (2.47 it/s) |##########          | - loss_cc=4.572 - loss_ce=2.106 - loss_ne=0.018 - loss_div=0.0 - threshold=1.0 - loss=6.696
/scratch/e0538389/DivClust/engine/trainer.py:41: FutureWarning: `torch.cuda.amp.autocast(args...)` is deprecated. Please use `torch.amp.autocast('cuda', args...)` instead.
  with autocast(self.mixed_precision):
/scratch/e0538389/DivClust/engine/trainer.py:41: FutureWarning: `torch.cuda.amp.autocast(args...)` is deprecated. Please use `torch.amp.autocast('cuda', args...)` instead.
  with autocast(self.mixed_precision):
[2026-03-30 11:27:41](logger.py 179): id=CC_FMNIST_C10CFG_K20_E100_DT_0_95 | Ep. 39/100 - Step 175/273 (2.47 it/s) |############        | - loss_cc=4.571 - loss_ce=2.105 - loss_ne=0.0177 - loss_div=0.00184 - threshold=1.0 - loss=6.696
/scratch/e0538389/DivClust/engine/trainer.py:41: FutureWarning: `torch.cuda.amp.autocast(args...)` is deprecated. Please use `torch.amp.autocast('cuda', args...)` instead.
  with autocast(self.mixed_precision):
[2026-03-30 11:27:51](logger.py 179): id=CC_FMNIST_C10CFG_K20_E100_DT_0_95 | Ep. 39/100 - Step 200/273 (2.47 it/s) |##############      | - loss_cc=4.571 - loss_ce=2.106 - loss_ne=0.0193 - loss_div=0.00207 - threshold=0.999 - loss=6.698
/scratch/e0538389/DivClust/engine/trainer.py:41: FutureWarning: `torch.cuda.amp.autocast(args...)` is deprecated. Please use `torch.amp.autocast('cuda', args...)` instead.
  with autocast(self.mixed_precision):
[2026-03-30 11:28:01](logger.py 179): id=CC_FMNIST_C10CFG_K20_E100_DT_0_95 | Ep. 39/100 - Step 225/273 (2.47 it/s) |################    | - loss_cc=4.571 - loss_ce=2.106 - loss_ne=0.019 - loss_div=0.00184 - threshold=0.999 - loss=6.698
/scratch/e0538389/DivClust/engine/trainer.py:41: FutureWarning: `torch.cuda.amp.autocast(args...)` is deprecated. Please use `torch.amp.autocast('cuda', args...)` instead.
  with autocast(self.mixed_precision):
[2026-03-30 11:28:11](logger.py 179): id=CC_FMNIST_C10CFG_K20_E100_DT_0_95 | Ep. 39/100 - Step 250/273 (2.47 it/s) |##################  | - loss_cc=4.57 - loss_ce=2.106 - loss_ne=0.019 - loss_div=0.00166 - threshold=0.999 - loss=6.697
/scratch/e0538389/DivClust/engine/trainer.py:41: FutureWarning: `torch.cuda.amp.autocast(args...)` is deprecated. Please use `torch.amp.autocast('cuda', args...)` instead.
  with autocast(self.mixed_precision):
[2026-03-30 11:28:20](logger.py 179): id=CC_FMNIST_C10CFG_K20_E100_DT_0_95 | Ep. 39/100 | Time: 00:01 | loss_cc=4.57 - loss_ce=2.106 - loss_ne=0.0188 - loss_div=0.00153 - threshold=0.999 - loss=6.697
[2026-03-30 11:28:22](logger.py 179): id=CC_FMNIST_C10CFG_K20_E100_DT_0_95 | Ep. 40/100 - Step 0/273 (0.0 it/s) |                    | - loss_cc=4.574 - loss_ce=2.109 - loss_ne=0.0138 - loss_div=0.0 - threshold=1.0 - loss=6.696
/scratch/e0538389/DivClust/engine/trainer.py:41: FutureWarning: `torch.cuda.amp.autocast(args...)` is deprecated. Please use `torch.amp.autocast('cuda', args...)` instead.
  with autocast(self.mixed_precision):
/scratch/e0538389/DivClust/engine/trainer.py:41: FutureWarning: `torch.cuda.amp.autocast(args...)` is deprecated. Please use `torch.amp.autocast('cuda', args...)` instead.
  with autocast(self.mixed_precision):
[2026-03-30 11:28:33](logger.py 179): id=CC_FMNIST_C10CFG_K20_E100_DT_0_95 | Ep. 40/100 - Step 25/273 (2.48 it/s) |#                   | - loss_cc=4.564 - loss_ce=2.103 - loss_ne=0.0145 - loss_div=0.0 - threshold=1.0 - loss=6.681
/scratch/e0538389/DivClust/engine/trainer.py:41: FutureWarning: `torch.cuda.amp.autocast(args...)` is deprecated. Please use `torch.amp.autocast('cuda', args...)` instead.
  with autocast(self.mixed_precision):
[2026-03-30 11:28:43](logger.py 179): id=CC_FMNIST_C10CFG_K20_E100_DT_0_95 | Ep. 40/100 - Step 50/273 (2.48 it/s) |###                 | - loss_cc=4.566 - loss_ce=2.105 - loss_ne=0.015 - loss_div=0.0 - threshold=1.0 - loss=6.686
/scratch/e0538389/DivClust/engine/trainer.py:41: FutureWarning: `torch.cuda.amp.autocast(args...)` is deprecated. Please use `torch.amp.autocast('cuda', args...)` instead.
  with autocast(self.mixed_precision):
[2026-03-30 11:28:53](logger.py 179): id=CC_FMNIST_C10CFG_K20_E100_DT_0_95 | Ep. 40/100 - Step 75/273 (2.48 it/s) |#####               | - loss_cc=4.565 - loss_ce=2.104 - loss_ne=0.0157 - loss_div=0.0 - threshold=1.0 - loss=6.685
/scratch/e0538389/DivClust/engine/trainer.py:41: FutureWarning: `torch.cuda.amp.autocast(args...)` is deprecated. Please use `torch.amp.autocast('cuda', args...)` instead.
  with autocast(self.mixed_precision):
[2026-03-30 11:29:03](logger.py 179): id=CC_FMNIST_C10CFG_K20_E100_DT_0_95 | Ep. 40/100 - Step 100/273 (2.46 it/s) |#######             | - loss_cc=4.566 - loss_ce=2.105 - loss_ne=0.0165 - loss_div=0.0 - threshold=1.0 - loss=6.687
/scratch/e0538389/DivClust/engine/trainer.py:41: FutureWarning: `torch.cuda.amp.autocast(args...)` is deprecated. Please use `torch.amp.autocast('cuda', args...)` instead.
  with autocast(self.mixed_precision):
/scratch/e0538389/DivClust/engine/trainer.py:41: FutureWarning: `torch.cuda.amp.autocast(args...)` is deprecated. Please use `torch.amp.autocast('cuda', args...)` instead.
  with autocast(self.mixed_precision):
[2026-03-30 11:29:13](logger.py 179): id=CC_FMNIST_C10CFG_K20_E100_DT_0_95 | Ep. 40/100 - Step 125/273 (2.47 it/s) |#########           | - loss_cc=4.566 - loss_ce=2.105 - loss_ne=0.0164 - loss_div=0.0 - threshold=1.0 - loss=6.687
/scratch/e0538389/DivClust/engine/trainer.py:41: FutureWarning: `torch.cuda.amp.autocast(args...)` is deprecated. Please use `torch.amp.autocast('cuda', args...)` instead.
  with autocast(self.mixed_precision):
[2026-03-30 11:29:23](logger.py 179): id=CC_FMNIST_C10CFG_K20_E100_DT_0_95 | Ep. 40/100 - Step 150/273 (2.47 it/s) |##########          | - loss_cc=4.566 - loss_ce=2.105 - loss_ne=0.0164 - loss_div=0.0 - threshold=1.0 - loss=6.687
/scratch/e0538389/DivClust/engine/trainer.py:41: FutureWarning: `torch.cuda.amp.autocast(args...)` is deprecated. Please use `torch.amp.autocast('cuda', args...)` instead.
  with autocast(self.mixed_precision):
[2026-03-30 11:29:33](logger.py 179): id=CC_FMNIST_C10CFG_K20_E100_DT_0_95 | Ep. 40/100 - Step 175/273 (2.47 it/s) |############        | - loss_cc=4.567 - loss_ce=2.105 - loss_ne=0.0167 - loss_div=0.0 - threshold=1.0 - loss=6.689
/scratch/e0538389/DivClust/engine/trainer.py:41: FutureWarning: `torch.cuda.amp.autocast(args...)` is deprecated. Please use `torch.amp.autocast('cuda', args...)` instead.
  with autocast(self.mixed_precision):
[2026-03-30 11:29:44](logger.py 179): id=CC_FMNIST_C10CFG_K20_E100_DT_0_95 | Ep. 40/100 - Step 200/273 (2.46 it/s) |##############      | - loss_cc=4.567 - loss_ce=2.105 - loss_ne=0.017 - loss_div=0.0 - threshold=1.0 - loss=6.689
/scratch/e0538389/DivClust/engine/trainer.py:41: FutureWarning: `torch.cuda.amp.autocast(args...)` is deprecated. Please use `torch.amp.autocast('cuda', args...)` instead.
  with autocast(self.mixed_precision):
/scratch/e0538389/DivClust/engine/trainer.py:41: FutureWarning: `torch.cuda.amp.autocast(args...)` is deprecated. Please use `torch.amp.autocast('cuda', args...)` instead.
  with autocast(self.mixed_precision):
[2026-03-30 11:29:54](logger.py 179): id=CC_FMNIST_C10CFG_K20_E100_DT_0_95 | Ep. 40/100 - Step 225/273 (2.47 it/s) |################    | - loss_cc=4.569 - loss_ce=2.105 - loss_ne=0.0171 - loss_div=0.0 - threshold=1.0 - loss=6.691
/scratch/e0538389/DivClust/engine/trainer.py:41: FutureWarning: `torch.cuda.amp.autocast(args...)` is deprecated. Please use `torch.amp.autocast('cuda', args...)` instead.
  with autocast(self.mixed_precision):
[2026-03-30 11:30:04](logger.py 179): id=CC_FMNIST_C10CFG_K20_E100_DT_0_95 | Ep. 40/100 - Step 250/273 (2.47 it/s) |##################  | - loss_cc=4.569 - loss_ce=2.105 - loss_ne=0.0172 - loss_div=0.0 - threshold=1.0 - loss=6.691
/scratch/e0538389/DivClust/engine/trainer.py:41: FutureWarning: `torch.cuda.amp.autocast(args...)` is deprecated. Please use `torch.amp.autocast('cuda', args...)` instead.
  with autocast(self.mixed_precision):
[2026-03-30 11:30:13](logger.py 179): Evaluating
[2026-03-30 11:30:13](logger.py 179): Eval. step 0 of 274
[2026-03-30 11:30:15](logger.py 179): Eval. step 25 of 274
[2026-03-30 11:30:18](logger.py 179): Eval. step 50 of 274
[2026-03-30 11:30:20](logger.py 179): Eval. step 75 of 274
[2026-03-30 11:30:22](logger.py 179): Eval. step 100 of 274
[2026-03-30 11:30:25](logger.py 179): Eval. step 125 of 274
[2026-03-30 11:30:27](logger.py 179): Eval. step 150 of 274
[2026-03-30 11:30:29](logger.py 179): Eval. step 175 of 274
[2026-03-30 11:30:32](logger.py 179): Eval. step 200 of 274
[2026-03-30 11:30:34](logger.py 179): Eval. step 225 of 274
[2026-03-30 11:30:36](logger.py 179): Eval. step 250 of 274
[2026-03-30 11:30:40](logger.py 179): id=CC_FMNIST_C10CFG_K20_E100_DT_0_95 | Ep. 40/100 | Time: 00:02 | loss_cc=4.569 - loss_ce=2.105 - loss_ne=0.0172 - loss_div=0.0 - threshold=1.0 - loss=6.692 - eval_confidence=0.9 - cluster_acc_0_eval=63.75 - cluster_nmi_0_eval=0.624 - cluster_ari_0_eval=0.52 - cluster_acc_1_eval=64.42 - cluster_nmi_1_eval=0.626 - cluster_ari_1_eval=0.523 - cluster_acc_2_eval=64.31 - cluster_nmi_2_eval=0.624 - cluster_ari_2_eval=0.521 - cluster_acc_3_eval=65.79 - cluster_nmi_3_eval=0.628 - cluster_ari_3_eval=0.526 - cluster_acc_4_eval=65.25 - cluster_nmi_4_eval=0.627 - cluster_ari_4_eval=0.524 - cluster_acc_5_eval=64.55 - cluster_nmi_5_eval=0.626 - cluster_ari_5_eval=0.522 - cluster_acc_6_eval=63.98 - cluster_nmi_6_eval=0.624 - cluster_ari_6_eval=0.521 - cluster_acc_7_eval=64.67 - cluster_nmi_7_eval=0.625 - cluster_ari_7_eval=0.521 - cluster_acc_8_eval=66.37 - cluster_nmi_8_eval=0.629 - cluster_ari_8_eval=0.528 - cluster_acc_9_eval=64.53 - cluster_nmi_9_eval=0.626 - cluster_ari_9_eval=0.523 - cluster_acc_10_eval=65.21 - cluster_nmi_10_eval=0.628 - cluster_ari_10_eval=0.525 - cluster_acc_11_eval=66.35 - cluster_nmi_11_eval=0.631 - cluster_ari_11_eval=0.531 - cluster_acc_12_eval=64.21 - cluster_nmi_12_eval=0.626 - cluster_ari_12_eval=0.523 - cluster_acc_13_eval=66.0 - cluster_nmi_13_eval=0.63 - cluster_ari_13_eval=0.528 - cluster_acc_14_eval=65.58 - cluster_nmi_14_eval=0.63 - cluster_ari_14_eval=0.528 - cluster_acc_15_eval=64.11 - cluster_nmi_15_eval=0.623 - cluster_ari_15_eval=0.518 - cluster_acc_16_eval=65.26 - cluster_nmi_16_eval=0.627 - cluster_ari_16_eval=0.524 - cluster_acc_17_eval=65.38 - cluster_nmi_17_eval=0.625 - cluster_ari_17_eval=0.522 - cluster_acc_18_eval=64.22 - cluster_nmi_18_eval=0.623 - cluster_ari_18_eval=0.519 - cluster_acc_19_eval=63.65 - cluster_nmi_19_eval=0.624 - cluster_ari_19_eval=0.522 - max_cluster_acc_eval=66.37 - mean_cluster_acc_eval=64.88 - min_cluster_acc_eval=63.65 - max_cluster_nmi_eval=0.631 - mean_cluster_nmi_eval=0.626 - min_cluster_nmi_eval=0.623 - max_cluster_ari_eval=0.531 - mean_cluster_ari_eval=0.524 - min_cluster_ari_eval=0.518 - interclustering_nmi_eval=0.92
/scratch/e0538389/DivClust/engine/trainer.py:41: FutureWarning: `torch.cuda.amp.autocast(args...)` is deprecated. Please use `torch.amp.autocast('cuda', args...)` instead.
  with autocast(self.mixed_precision):
[2026-03-30 11:30:42](logger.py 179): id=CC_FMNIST_C10CFG_K20_E100_DT_0_95 | Ep. 41/100 - Step 0/273 (0.0 it/s) |                    | - loss_cc=4.561 - loss_ce=2.1 - loss_ne=0.0239 - loss_div=0.0 - threshold=1.0 - loss=6.684
/scratch/e0538389/DivClust/engine/trainer.py:41: FutureWarning: `torch.cuda.amp.autocast(args...)` is deprecated. Please use `torch.amp.autocast('cuda', args...)` instead.
  with autocast(self.mixed_precision):
[2026-03-30 11:30:52](logger.py 179): id=CC_FMNIST_C10CFG_K20_E100_DT_0_95 | Ep. 41/100 - Step 25/273 (2.48 it/s) |#                   | - loss_cc=4.57 - loss_ce=2.105 - loss_ne=0.0165 - loss_div=0.0 - threshold=1.0 - loss=6.691
/scratch/e0538389/DivClust/engine/trainer.py:41: FutureWarning: `torch.cuda.amp.autocast(args...)` is deprecated. Please use `torch.amp.autocast('cuda', args...)` instead.
  with autocast(self.mixed_precision):
/scratch/e0538389/DivClust/engine/trainer.py:41: FutureWarning: `torch.cuda.amp.autocast(args...)` is deprecated. Please use `torch.amp.autocast('cuda', args...)` instead.
  with autocast(self.mixed_precision):
[2026-03-30 11:31:03](logger.py 179): id=CC_FMNIST_C10CFG_K20_E100_DT_0_95 | Ep. 41/100 - Step 50/273 (2.45 it/s) |###                 | - loss_cc=4.567 - loss_ce=2.106 - loss_ne=0.0165 - loss_div=0.0 - threshold=1.0 - loss=6.689
/scratch/e0538389/DivClust/engine/trainer.py:41: FutureWarning: `torch.cuda.amp.autocast(args...)` is deprecated. Please use `torch.amp.autocast('cuda', args...)` instead.
  with autocast(self.mixed_precision):
[2026-03-30 11:31:13](logger.py 179): id=CC_FMNIST_C10CFG_K20_E100_DT_0_95 | Ep. 41/100 - Step 75/273 (2.46 it/s) |#####               | - loss_cc=4.567 - loss_ce=2.105 - loss_ne=0.017 - loss_div=0.0 - threshold=1.0 - loss=6.689
/scratch/e0538389/DivClust/engine/trainer.py:41: FutureWarning: `torch.cuda.amp.autocast(args...)` is deprecated. Please use `torch.amp.autocast('cuda', args...)` instead.
  with autocast(self.mixed_precision):
[2026-03-30 11:31:23](logger.py 179): id=CC_FMNIST_C10CFG_K20_E100_DT_0_95 | Ep. 41/100 - Step 100/273 (2.47 it/s) |#######             | - loss_cc=4.567 - loss_ce=2.105 - loss_ne=0.0175 - loss_div=0.0 - threshold=1.0 - loss=6.69
/scratch/e0538389/DivClust/engine/trainer.py:41: FutureWarning: `torch.cuda.amp.autocast(args...)` is deprecated. Please use `torch.amp.autocast('cuda', args...)` instead.
  with autocast(self.mixed_precision):
[2026-03-30 11:31:33](logger.py 179): id=CC_FMNIST_C10CFG_K20_E100_DT_0_95 | Ep. 41/100 - Step 125/273 (2.47 it/s) |#########           | - loss_cc=4.567 - loss_ce=2.105 - loss_ne=0.0173 - loss_div=0.0 - threshold=1.0 - loss=6.69
/scratch/e0538389/DivClust/engine/trainer.py:41: FutureWarning: `torch.cuda.amp.autocast(args...)` is deprecated. Please use `torch.amp.autocast('cuda', args...)` instead.
  with autocast(self.mixed_precision):
/scratch/e0538389/DivClust/engine/trainer.py:41: FutureWarning: `torch.cuda.amp.autocast(args...)` is deprecated. Please use `torch.amp.autocast('cuda', args...)` instead.
  with autocast(self.mixed_precision):
[2026-03-30 11:31:43](logger.py 179): id=CC_FMNIST_C10CFG_K20_E100_DT_0_95 | Ep. 41/100 - Step 150/273 (2.46 it/s) |##########          | - loss_cc=4.568 - loss_ce=2.105 - loss_ne=0.0172 - loss_div=0.0 - threshold=1.0 - loss=6.69
/scratch/e0538389/DivClust/engine/trainer.py:41: FutureWarning: `torch.cuda.amp.autocast(args...)` is deprecated. Please use `torch.amp.autocast('cuda', args...)` instead.
  with autocast(self.mixed_precision):
[2026-03-30 11:31:53](logger.py 179): id=CC_FMNIST_C10CFG_K20_E100_DT_0_95 | Ep. 41/100 - Step 175/273 (2.46 it/s) |############        | - loss_cc=4.568 - loss_ce=2.105 - loss_ne=0.0172 - loss_div=0.0 - threshold=1.0 - loss=6.69
/scratch/e0538389/DivClust/engine/trainer.py:41: FutureWarning: `torch.cuda.amp.autocast(args...)` is deprecated. Please use `torch.amp.autocast('cuda', args...)` instead.
  with autocast(self.mixed_precision):
[2026-03-30 11:32:03](logger.py 179): id=CC_FMNIST_C10CFG_K20_E100_DT_0_95 | Ep. 41/100 - Step 200/273 (2.47 it/s) |##############      | - loss_cc=4.568 - loss_ce=2.105 - loss_ne=0.0172 - loss_div=0.0 - threshold=1.0 - loss=6.691
/scratch/e0538389/DivClust/engine/trainer.py:41: FutureWarning: `torch.cuda.amp.autocast(args...)` is deprecated. Please use `torch.amp.autocast('cuda', args...)` instead.
  with autocast(self.mixed_precision):
[2026-03-30 11:32:14](logger.py 179): id=CC_FMNIST_C10CFG_K20_E100_DT_0_95 | Ep. 41/100 - Step 225/273 (2.47 it/s) |################    | - loss_cc=4.569 - loss_ce=2.105 - loss_ne=0.0172 - loss_div=0.0 - threshold=1.0 - loss=6.691
/scratch/e0538389/DivClust/engine/trainer.py:41: FutureWarning: `torch.cuda.amp.autocast(args...)` is deprecated. Please use `torch.amp.autocast('cuda', args...)` instead.
  with autocast(self.mixed_precision):
/scratch/e0538389/DivClust/engine/trainer.py:41: FutureWarning: `torch.cuda.amp.autocast(args...)` is deprecated. Please use `torch.amp.autocast('cuda', args...)` instead.
  with autocast(self.mixed_precision):
[2026-03-30 11:32:24](logger.py 179): id=CC_FMNIST_C10CFG_K20_E100_DT_0_95 | Ep. 41/100 - Step 250/273 (2.46 it/s) |##################  | - loss_cc=4.568 - loss_ce=2.105 - loss_ne=0.0171 - loss_div=0.0 - threshold=1.0 - loss=6.69
/scratch/e0538389/DivClust/engine/trainer.py:41: FutureWarning: `torch.cuda.amp.autocast(args...)` is deprecated. Please use `torch.amp.autocast('cuda', args...)` instead.
  with autocast(self.mixed_precision):
[2026-03-30 11:32:33](logger.py 179): id=CC_FMNIST_C10CFG_K20_E100_DT_0_95 | Ep. 41/100 | Time: 00:01 | loss_cc=4.568 - loss_ce=2.105 - loss_ne=0.0171 - loss_div=0.0 - threshold=1.0 - loss=6.69
[2026-03-30 11:32:35](logger.py 179): id=CC_FMNIST_C10CFG_K20_E100_DT_0_95 | Ep. 42/100 - Step 0/273 (0.0 it/s) |                    | - loss_cc=4.553 - loss_ce=2.104 - loss_ne=0.00715 - loss_div=0.0 - threshold=1.0 - loss=6.664
/scratch/e0538389/DivClust/engine/trainer.py:41: FutureWarning: `torch.cuda.amp.autocast(args...)` is deprecated. Please use `torch.amp.autocast('cuda', args...)` instead.
  with autocast(self.mixed_precision):
[2026-03-30 11:32:45](logger.py 179): id=CC_FMNIST_C10CFG_K20_E100_DT_0_95 | Ep. 42/100 - Step 25/273 (2.48 it/s) |#                   | - loss_cc=4.565 - loss_ce=2.104 - loss_ne=0.0178 - loss_div=0.0 - threshold=1.0 - loss=6.686
/scratch/e0538389/DivClust/engine/trainer.py:41: FutureWarning: `torch.cuda.amp.autocast(args...)` is deprecated. Please use `torch.amp.autocast('cuda', args...)` instead.
  with autocast(self.mixed_precision):
[2026-03-30 11:32:55](logger.py 179): id=CC_FMNIST_C10CFG_K20_E100_DT_0_95 | Ep. 42/100 - Step 50/273 (2.48 it/s) |###                 | - loss_cc=4.565 - loss_ce=2.102 - loss_ne=0.0178 - loss_div=0.0 - threshold=1.0 - loss=6.684
/scratch/e0538389/DivClust/engine/trainer.py:41: FutureWarning: `torch.cuda.amp.autocast(args...)` is deprecated. Please use `torch.amp.autocast('cuda', args...)` instead.
  with autocast(self.mixed_precision):
/scratch/e0538389/DivClust/engine/trainer.py:41: FutureWarning: `torch.cuda.amp.autocast(args...)` is deprecated. Please use `torch.amp.autocast('cuda', args...)` instead.
  with autocast(self.mixed_precision):
[2026-03-30 11:33:05](logger.py 179): id=CC_FMNIST_C10CFG_K20_E100_DT_0_95 | Ep. 42/100 - Step 75/273 (2.46 it/s) |#####               | - loss_cc=4.567 - loss_ce=2.103 - loss_ne=0.0179 - loss_div=0.0 - threshold=1.0 - loss=6.688
/scratch/e0538389/DivClust/engine/trainer.py:41: FutureWarning: `torch.cuda.amp.autocast(args...)` is deprecated. Please use `torch.amp.autocast('cuda', args...)` instead.
  with autocast(self.mixed_precision):
[2026-03-30 11:33:15](logger.py 179): id=CC_FMNIST_C10CFG_K20_E100_DT_0_95 | Ep. 42/100 - Step 100/273 (2.46 it/s) |#######             | - loss_cc=4.565 - loss_ce=2.103 - loss_ne=0.018 - loss_div=0.0 - threshold=1.0 - loss=6.686
/scratch/e0538389/DivClust/engine/trainer.py:41: FutureWarning: `torch.cuda.amp.autocast(args...)` is deprecated. Please use `torch.amp.autocast('cuda', args...)` instead.
  with autocast(self.mixed_precision):
[2026-03-30 11:33:25](logger.py 179): id=CC_FMNIST_C10CFG_K20_E100_DT_0_95 | Ep. 42/100 - Step 125/273 (2.47 it/s) |#########           | - loss_cc=4.565 - loss_ce=2.104 - loss_ne=0.0178 - loss_div=0.0 - threshold=1.0 - loss=6.687
/scratch/e0538389/DivClust/engine/trainer.py:41: FutureWarning: `torch.cuda.amp.autocast(args...)` is deprecated. Please use `torch.amp.autocast('cuda', args...)` instead.
  with autocast(self.mixed_precision):
[2026-03-30 11:33:35](logger.py 179): id=CC_FMNIST_C10CFG_K20_E100_DT_0_95 | Ep. 42/100 - Step 150/273 (2.47 it/s) |##########          | - loss_cc=4.565 - loss_ce=2.104 - loss_ne=0.0182 - loss_div=0.0 - threshold=1.0 - loss=6.688
/scratch/e0538389/DivClust/engine/trainer.py:41: FutureWarning: `torch.cuda.amp.autocast(args...)` is deprecated. Please use `torch.amp.autocast('cuda', args...)` instead.
  with autocast(self.mixed_precision):
/scratch/e0538389/DivClust/engine/trainer.py:41: FutureWarning: `torch.cuda.amp.autocast(args...)` is deprecated. Please use `torch.amp.autocast('cuda', args...)` instead.
  with autocast(self.mixed_precision):
[2026-03-30 11:33:46](logger.py 179): id=CC_FMNIST_C10CFG_K20_E100_DT_0_95 | Ep. 42/100 - Step 175/273 (2.46 it/s) |############        | - loss_cc=4.566 - loss_ce=2.104 - loss_ne=0.0179 - loss_div=0.0 - threshold=1.0 - loss=6.688
/scratch/e0538389/DivClust/engine/trainer.py:41: FutureWarning: `torch.cuda.amp.autocast(args...)` is deprecated. Please use `torch.amp.autocast('cuda', args...)` instead.
  with autocast(self.mixed_precision):
[2026-03-30 11:33:56](logger.py 179): id=CC_FMNIST_C10CFG_K20_E100_DT_0_95 | Ep. 42/100 - Step 200/273 (2.47 it/s) |##############      | - loss_cc=4.566 - loss_ce=2.105 - loss_ne=0.018 - loss_div=0.0 - threshold=1.0 - loss=6.689
/scratch/e0538389/DivClust/engine/trainer.py:41: FutureWarning: `torch.cuda.amp.autocast(args...)` is deprecated. Please use `torch.amp.autocast('cuda', args...)` instead.
  with autocast(self.mixed_precision):
[2026-03-30 11:34:06](logger.py 179): id=CC_FMNIST_C10CFG_K20_E100_DT_0_95 | Ep. 42/100 - Step 225/273 (2.47 it/s) |################    | - loss_cc=4.566 - loss_ce=2.105 - loss_ne=0.0179 - loss_div=0.0 - threshold=1.0 - loss=6.689
/scratch/e0538389/DivClust/engine/trainer.py:41: FutureWarning: `torch.cuda.amp.autocast(args...)` is deprecated. Please use `torch.amp.autocast('cuda', args...)` instead.
  with autocast(self.mixed_precision):
[2026-03-30 11:34:16](logger.py 179): id=CC_FMNIST_C10CFG_K20_E100_DT_0_95 | Ep. 42/100 - Step 250/273 (2.47 it/s) |##################  | - loss_cc=4.566 - loss_ce=2.105 - loss_ne=0.018 - loss_div=0.0 - threshold=1.0 - loss=6.689
/scratch/e0538389/DivClust/engine/trainer.py:41: FutureWarning: `torch.cuda.amp.autocast(args...)` is deprecated. Please use `torch.amp.autocast('cuda', args...)` instead.
  with autocast(self.mixed_precision):
[2026-03-30 11:34:25](logger.py 179): id=CC_FMNIST_C10CFG_K20_E100_DT_0_95 | Ep. 42/100 | Time: 00:01 | loss_cc=4.566 - loss_ce=2.105 - loss_ne=0.018 - loss_div=0.0 - threshold=1.0 - loss=6.689
[2026-03-30 11:34:27](logger.py 179): id=CC_FMNIST_C10CFG_K20_E100_DT_0_95 | Ep. 43/100 - Step 0/273 (0.0 it/s) |                    | - loss_cc=4.565 - loss_ce=2.105 - loss_ne=0.0196 - loss_div=0.0 - threshold=1.0 - loss=6.69
/scratch/e0538389/DivClust/engine/trainer.py:41: FutureWarning: `torch.cuda.amp.autocast(args...)` is deprecated. Please use `torch.amp.autocast('cuda', args...)` instead.
  with autocast(self.mixed_precision):
/scratch/e0538389/DivClust/engine/trainer.py:41: FutureWarning: `torch.cuda.amp.autocast(args...)` is deprecated. Please use `torch.amp.autocast('cuda', args...)` instead.
  with autocast(self.mixed_precision):
[2026-03-30 11:34:37](logger.py 179): id=CC_FMNIST_C10CFG_K20_E100_DT_0_95 | Ep. 43/100 - Step 25/273 (2.42 it/s) |#                   | - loss_cc=4.559 - loss_ce=2.102 - loss_ne=0.0157 - loss_div=0.0 - threshold=1.0 - loss=6.677
/scratch/e0538389/DivClust/engine/trainer.py:41: FutureWarning: `torch.cuda.amp.autocast(args...)` is deprecated. Please use `torch.amp.autocast('cuda', args...)` instead.
  with autocast(self.mixed_precision):
[2026-03-30 11:34:47](logger.py 179): id=CC_FMNIST_C10CFG_K20_E100_DT_0_95 | Ep. 43/100 - Step 50/273 (2.46 it/s) |###                 | - loss_cc=4.562 - loss_ce=2.103 - loss_ne=0.0158 - loss_div=0.0 - threshold=1.0 - loss=6.681
/scratch/e0538389/DivClust/engine/trainer.py:41: FutureWarning: `torch.cuda.amp.autocast(args...)` is deprecated. Please use `torch.amp.autocast('cuda', args...)` instead.
  with autocast(self.mixed_precision):
[2026-03-30 11:34:57](logger.py 179): id=CC_FMNIST_C10CFG_K20_E100_DT_0_95 | Ep. 43/100 - Step 75/273 (2.47 it/s) |#####               | - loss_cc=4.561 - loss_ce=2.103 - loss_ne=0.0166 - loss_div=0.0 - threshold=1.0 - loss=6.681
/scratch/e0538389/DivClust/engine/trainer.py:41: FutureWarning: `torch.cuda.amp.autocast(args...)` is deprecated. Please use `torch.amp.autocast('cuda', args...)` instead.
  with autocast(self.mixed_precision):
[2026-03-30 11:35:07](logger.py 179): id=CC_FMNIST_C10CFG_K20_E100_DT_0_95 | Ep. 43/100 - Step 100/273 (2.47 it/s) |#######             | - loss_cc=4.562 - loss_ce=2.103 - loss_ne=0.0167 - loss_div=0.0 - threshold=1.0 - loss=6.682
/scratch/e0538389/DivClust/engine/trainer.py:41: FutureWarning: `torch.cuda.amp.autocast(args...)` is deprecated. Please use `torch.amp.autocast('cuda', args...)` instead.
  with autocast(self.mixed_precision):
/scratch/e0538389/DivClust/engine/trainer.py:41: FutureWarning: `torch.cuda.amp.autocast(args...)` is deprecated. Please use `torch.amp.autocast('cuda', args...)` instead.
  with autocast(self.mixed_precision):
[2026-03-30 11:35:18](logger.py 179): id=CC_FMNIST_C10CFG_K20_E100_DT_0_95 | Ep. 43/100 - Step 125/273 (2.46 it/s) |#########           | - loss_cc=4.563 - loss_ce=2.104 - loss_ne=0.0168 - loss_div=0.0 - threshold=1.0 - loss=6.684
/scratch/e0538389/DivClust/engine/trainer.py:41: FutureWarning: `torch.cuda.amp.autocast(args...)` is deprecated. Please use `torch.amp.autocast('cuda', args...)` instead.
  with autocast(self.mixed_precision):
[2026-03-30 11:35:28](logger.py 179): id=CC_FMNIST_C10CFG_K20_E100_DT_0_95 | Ep. 43/100 - Step 150/273 (2.46 it/s) |##########          | - loss_cc=4.563 - loss_ce=2.104 - loss_ne=0.0173 - loss_div=0.00281 - threshold=0.999 - loss=6.688
/scratch/e0538389/DivClust/engine/trainer.py:41: FutureWarning: `torch.cuda.amp.autocast(args...)` is deprecated. Please use `torch.amp.autocast('cuda', args...)` instead.
  with autocast(self.mixed_precision):
[2026-03-30 11:35:38](logger.py 179): id=CC_FMNIST_C10CFG_K20_E100_DT_0_95 | Ep. 43/100 - Step 175/273 (2.46 it/s) |############        | - loss_cc=4.563 - loss_ce=2.104 - loss_ne=0.0182 - loss_div=0.00241 - threshold=0.999 - loss=6.687
/scratch/e0538389/DivClust/engine/trainer.py:41: FutureWarning: `torch.cuda.amp.autocast(args...)` is deprecated. Please use `torch.amp.autocast('cuda', args...)` instead.
  with autocast(self.mixed_precision):
[2026-03-30 11:35:48](logger.py 179): id=CC_FMNIST_C10CFG_K20_E100_DT_0_95 | Ep. 43/100 - Step 200/273 (2.47 it/s) |##############      | - loss_cc=4.563 - loss_ce=2.104 - loss_ne=0.0181 - loss_div=0.00211 - threshold=0.999 - loss=6.687
/scratch/e0538389/DivClust/engine/trainer.py:41: FutureWarning: `torch.cuda.amp.autocast(args...)` is deprecated. Please use `torch.amp.autocast('cuda', args...)` instead.
  with autocast(self.mixed_precision):
/scratch/e0538389/DivClust/engine/trainer.py:41: FutureWarning: `torch.cuda.amp.autocast(args...)` is deprecated. Please use `torch.amp.autocast('cuda', args...)` instead.
  with autocast(self.mixed_precision):
[2026-03-30 11:35:58](logger.py 179): id=CC_FMNIST_C10CFG_K20_E100_DT_0_95 | Ep. 43/100 - Step 225/273 (2.46 it/s) |################    | - loss_cc=4.563 - loss_ce=2.104 - loss_ne=0.0179 - loss_div=0.00188 - threshold=0.999 - loss=6.687
/scratch/e0538389/DivClust/engine/trainer.py:41: FutureWarning: `torch.cuda.amp.autocast(args...)` is deprecated. Please use `torch.amp.autocast('cuda', args...)` instead.
  with autocast(self.mixed_precision):
[2026-03-30 11:36:08](logger.py 179): id=CC_FMNIST_C10CFG_K20_E100_DT_0_95 | Ep. 43/100 - Step 250/273 (2.46 it/s) |##################  | - loss_cc=4.563 - loss_ce=2.104 - loss_ne=0.0179 - loss_div=0.00169 - threshold=0.999 - loss=6.686
/scratch/e0538389/DivClust/engine/trainer.py:41: FutureWarning: `torch.cuda.amp.autocast(args...)` is deprecated. Please use `torch.amp.autocast('cuda', args...)` instead.
  with autocast(self.mixed_precision):
[2026-03-30 11:36:17](logger.py 179): id=CC_FMNIST_C10CFG_K20_E100_DT_0_95 | Ep. 43/100 | Time: 00:01 | loss_cc=4.563 - loss_ce=2.104 - loss_ne=0.018 - loss_div=0.00155 - threshold=0.999 - loss=6.686
[2026-03-30 11:36:19](logger.py 179): id=CC_FMNIST_C10CFG_K20_E100_DT_0_95 | Ep. 44/100 - Step 0/273 (0.0 it/s) |                    | - loss_cc=4.535 - loss_ce=2.102 - loss_ne=0.0207 - loss_div=0.0 - threshold=1.0 - loss=6.658
/scratch/e0538389/DivClust/engine/trainer.py:41: FutureWarning: `torch.cuda.amp.autocast(args...)` is deprecated. Please use `torch.amp.autocast('cuda', args...)` instead.
  with autocast(self.mixed_precision):
[2026-03-30 11:36:29](logger.py 179): id=CC_FMNIST_C10CFG_K20_E100_DT_0_95 | Ep. 44/100 - Step 25/273 (2.48 it/s) |#                   | - loss_cc=4.563 - loss_ce=2.105 - loss_ne=0.0218 - loss_div=0.0 - threshold=1.0 - loss=6.69
/scratch/e0538389/DivClust/engine/trainer.py:41: FutureWarning: `torch.cuda.amp.autocast(args...)` is deprecated. Please use `torch.amp.autocast('cuda', args...)` instead.
  with autocast(self.mixed_precision):
/scratch/e0538389/DivClust/engine/trainer.py:41: FutureWarning: `torch.cuda.amp.autocast(args...)` is deprecated. Please use `torch.amp.autocast('cuda', args...)` instead.
  with autocast(self.mixed_precision):
[2026-03-30 11:36:40](logger.py 179): id=CC_FMNIST_C10CFG_K20_E100_DT_0_95 | Ep. 44/100 - Step 50/273 (2.45 it/s) |###                 | - loss_cc=4.566 - loss_ce=2.106 - loss_ne=0.0202 - loss_div=0.0 - threshold=1.0 - loss=6.693
/scratch/e0538389/DivClust/engine/trainer.py:41: FutureWarning: `torch.cuda.amp.autocast(args...)` is deprecated. Please use `torch.amp.autocast('cuda', args...)` instead.
  with autocast(self.mixed_precision):
[2026-03-30 11:36:50](logger.py 179): id=CC_FMNIST_C10CFG_K20_E100_DT_0_95 | Ep. 44/100 - Step 75/273 (2.46 it/s) |#####               | - loss_cc=4.563 - loss_ce=2.105 - loss_ne=0.0191 - loss_div=0.0 - threshold=1.0 - loss=6.688
/scratch/e0538389/DivClust/engine/trainer.py:41: FutureWarning: `torch.cuda.amp.autocast(args...)` is deprecated. Please use `torch.amp.autocast('cuda', args...)` instead.
  with autocast(self.mixed_precision):
[2026-03-30 11:37:00](logger.py 179): id=CC_FMNIST_C10CFG_K20_E100_DT_0_95 | Ep. 44/100 - Step 100/273 (2.47 it/s) |#######             | - loss_cc=4.562 - loss_ce=2.105 - loss_ne=0.0193 - loss_div=0.0 - threshold=1.0 - loss=6.686
/scratch/e0538389/DivClust/engine/trainer.py:41: FutureWarning: `torch.cuda.amp.autocast(args...)` is deprecated. Please use `torch.amp.autocast('cuda', args...)` instead.
  with autocast(self.mixed_precision):
[2026-03-30 11:37:10](logger.py 179): id=CC_FMNIST_C10CFG_K20_E100_DT_0_95 | Ep. 44/100 - Step 125/273 (2.47 it/s) |#########           | - loss_cc=4.563 - loss_ce=2.105 - loss_ne=0.0191 - loss_div=0.0 - threshold=1.0 - loss=6.687
/scratch/e0538389/DivClust/engine/trainer.py:41: FutureWarning: `torch.cuda.amp.autocast(args...)` is deprecated. Please use `torch.amp.autocast('cuda', args...)` instead.
  with autocast(self.mixed_precision):
/scratch/e0538389/DivClust/engine/trainer.py:41: FutureWarning: `torch.cuda.amp.autocast(args...)` is deprecated. Please use `torch.amp.autocast('cuda', args...)` instead.
  with autocast(self.mixed_precision):
[2026-03-30 11:37:20](logger.py 179): id=CC_FMNIST_C10CFG_K20_E100_DT_0_95 | Ep. 44/100 - Step 150/273 (2.46 it/s) |##########          | - loss_cc=4.563 - loss_ce=2.104 - loss_ne=0.0194 - loss_div=0.0 - threshold=1.0 - loss=6.686
/scratch/e0538389/DivClust/engine/trainer.py:41: FutureWarning: `torch.cuda.amp.autocast(args...)` is deprecated. Please use `torch.amp.autocast('cuda', args...)` instead.
  with autocast(self.mixed_precision):
[2026-03-30 11:37:30](logger.py 179): id=CC_FMNIST_C10CFG_K20_E100_DT_0_95 | Ep. 44/100 - Step 175/273 (2.46 it/s) |############        | - loss_cc=4.564 - loss_ce=2.104 - loss_ne=0.019 - loss_div=0.0 - threshold=1.0 - loss=6.687
/scratch/e0538389/DivClust/engine/trainer.py:41: FutureWarning: `torch.cuda.amp.autocast(args...)` is deprecated. Please use `torch.amp.autocast('cuda', args...)` instead.
  with autocast(self.mixed_precision):
[2026-03-30 11:37:40](logger.py 179): id=CC_FMNIST_C10CFG_K20_E100_DT_0_95 | Ep. 44/100 - Step 200/273 (2.47 it/s) |##############      | - loss_cc=4.563 - loss_ce=2.104 - loss_ne=0.0186 - loss_div=0.0 - threshold=1.0 - loss=6.686
/scratch/e0538389/DivClust/engine/trainer.py:41: FutureWarning: `torch.cuda.amp.autocast(args...)` is deprecated. Please use `torch.amp.autocast('cuda', args...)` instead.
  with autocast(self.mixed_precision):
[2026-03-30 11:37:50](logger.py 179): id=CC_FMNIST_C10CFG_K20_E100_DT_0_95 | Ep. 44/100 - Step 225/273 (2.47 it/s) |################    | - loss_cc=4.564 - loss_ce=2.104 - loss_ne=0.0181 - loss_div=0.0 - threshold=1.0 - loss=6.686
/scratch/e0538389/DivClust/engine/trainer.py:41: FutureWarning: `torch.cuda.amp.autocast(args...)` is deprecated. Please use `torch.amp.autocast('cuda', args...)` instead.
  with autocast(self.mixed_precision):
/scratch/e0538389/DivClust/engine/trainer.py:41: FutureWarning: `torch.cuda.amp.autocast(args...)` is deprecated. Please use `torch.amp.autocast('cuda', args...)` instead.
  with autocast(self.mixed_precision):
[2026-03-30 11:38:01](logger.py 179): id=CC_FMNIST_C10CFG_K20_E100_DT_0_95 | Ep. 44/100 - Step 250/273 (2.46 it/s) |##################  | - loss_cc=4.564 - loss_ce=2.104 - loss_ne=0.0179 - loss_div=0.0 - threshold=1.0 - loss=6.686
/scratch/e0538389/DivClust/engine/trainer.py:41: FutureWarning: `torch.cuda.amp.autocast(args...)` is deprecated. Please use `torch.amp.autocast('cuda', args...)` instead.
  with autocast(self.mixed_precision):
[2026-03-30 11:38:09](logger.py 179): id=CC_FMNIST_C10CFG_K20_E100_DT_0_95 | Ep. 44/100 | Time: 00:01 | loss_cc=4.564 - loss_ce=2.104 - loss_ne=0.0177 - loss_div=0.0 - threshold=1.0 - loss=6.686
[2026-03-30 11:38:11](logger.py 179): id=CC_FMNIST_C10CFG_K20_E100_DT_0_95 | Ep. 45/100 - Step 0/273 (0.0 it/s) |                    | - loss_cc=4.581 - loss_ce=2.099 - loss_ne=0.0134 - loss_div=0.0 - threshold=1.0 - loss=6.694
/scratch/e0538389/DivClust/engine/trainer.py:41: FutureWarning: `torch.cuda.amp.autocast(args...)` is deprecated. Please use `torch.amp.autocast('cuda', args...)` instead.
  with autocast(self.mixed_precision):
[2026-03-30 11:38:21](logger.py 179): id=CC_FMNIST_C10CFG_K20_E100_DT_0_95 | Ep. 45/100 - Step 25/273 (2.48 it/s) |#                   | - loss_cc=4.559 - loss_ce=2.101 - loss_ne=0.0181 - loss_div=0.0 - threshold=1.0 - loss=6.678
/scratch/e0538389/DivClust/engine/trainer.py:41: FutureWarning: `torch.cuda.amp.autocast(args...)` is deprecated. Please use `torch.amp.autocast('cuda', args...)` instead.
  with autocast(self.mixed_precision):
[2026-03-30 11:38:32](logger.py 179): id=CC_FMNIST_C10CFG_K20_E100_DT_0_95 | Ep. 45/100 - Step 50/273 (2.48 it/s) |###                 | - loss_cc=4.56 - loss_ce=2.102 - loss_ne=0.0183 - loss_div=0.0 - threshold=1.0 - loss=6.68
/scratch/e0538389/DivClust/engine/trainer.py:41: FutureWarning: `torch.cuda.amp.autocast(args...)` is deprecated. Please use `torch.amp.autocast('cuda', args...)` instead.
  with autocast(self.mixed_precision):
[2026-03-30 11:38:42](logger.py 179): id=CC_FMNIST_C10CFG_K20_E100_DT_0_95 | Ep. 45/100 - Step 75/273 (2.46 it/s) |#####               | - loss_cc=4.56 - loss_ce=2.102 - loss_ne=0.0177 - loss_div=0.0 - threshold=1.0 - loss=6.679
/scratch/e0538389/DivClust/engine/trainer.py:41: FutureWarning: `torch.cuda.amp.autocast(args...)` is deprecated. Please use `torch.amp.autocast('cuda', args...)` instead.
  with autocast(self.mixed_precision):
/scratch/e0538389/DivClust/engine/trainer.py:41: FutureWarning: `torch.cuda.amp.autocast(args...)` is deprecated. Please use `torch.amp.autocast('cuda', args...)` instead.
  with autocast(self.mixed_precision):
[2026-03-30 11:38:52](logger.py 179): id=CC_FMNIST_C10CFG_K20_E100_DT_0_95 | Ep. 45/100 - Step 100/273 (2.47 it/s) |#######             | - loss_cc=4.561 - loss_ce=2.102 - loss_ne=0.0176 - loss_div=0.0 - threshold=1.0 - loss=6.68
/scratch/e0538389/DivClust/engine/trainer.py:41: FutureWarning: `torch.cuda.amp.autocast(args...)` is deprecated. Please use `torch.amp.autocast('cuda', args...)` instead.
  with autocast(self.mixed_precision):
[2026-03-30 11:39:02](logger.py 179): id=CC_FMNIST_C10CFG_K20_E100_DT_0_95 | Ep. 45/100 - Step 125/273 (2.47 it/s) |#########           | - loss_cc=4.561 - loss_ce=2.102 - loss_ne=0.0182 - loss_div=0.0 - threshold=1.0 - loss=6.681
/scratch/e0538389/DivClust/engine/trainer.py:41: FutureWarning: `torch.cuda.amp.autocast(args...)` is deprecated. Please use `torch.amp.autocast('cuda', args...)` instead.
  with autocast(self.mixed_precision):
[2026-03-30 11:39:12](logger.py 179): id=CC_FMNIST_C10CFG_K20_E100_DT_0_95 | Ep. 45/100 - Step 150/273 (2.47 it/s) |##########          | - loss_cc=4.56 - loss_ce=2.102 - loss_ne=0.018 - loss_div=0.0 - threshold=1.0 - loss=6.681
/scratch/e0538389/DivClust/engine/trainer.py:41: FutureWarning: `torch.cuda.amp.autocast(args...)` is deprecated. Please use `torch.amp.autocast('cuda', args...)` instead.
  with autocast(self.mixed_precision):
[2026-03-30 11:39:22](logger.py 179): id=CC_FMNIST_C10CFG_K20_E100_DT_0_95 | Ep. 45/100 - Step 175/273 (2.47 it/s) |############        | - loss_cc=4.561 - loss_ce=2.103 - loss_ne=0.0178 - loss_div=0.0 - threshold=1.0 - loss=6.682
/scratch/e0538389/DivClust/engine/trainer.py:41: FutureWarning: `torch.cuda.amp.autocast(args...)` is deprecated. Please use `torch.amp.autocast('cuda', args...)` instead.
  with autocast(self.mixed_precision):
/scratch/e0538389/DivClust/engine/trainer.py:41: FutureWarning: `torch.cuda.amp.autocast(args...)` is deprecated. Please use `torch.amp.autocast('cuda', args...)` instead.
  with autocast(self.mixed_precision):
[2026-03-30 11:39:32](logger.py 179): id=CC_FMNIST_C10CFG_K20_E100_DT_0_95 | Ep. 45/100 - Step 200/273 (2.47 it/s) |##############      | - loss_cc=4.562 - loss_ce=2.103 - loss_ne=0.0179 - loss_div=0.0 - threshold=1.0 - loss=6.683
/scratch/e0538389/DivClust/engine/trainer.py:41: FutureWarning: `torch.cuda.amp.autocast(args...)` is deprecated. Please use `torch.amp.autocast('cuda', args...)` instead.
  with autocast(self.mixed_precision):
[2026-03-30 11:39:43](logger.py 179): id=CC_FMNIST_C10CFG_K20_E100_DT_0_95 | Ep. 45/100 - Step 225/273 (2.47 it/s) |################    | - loss_cc=4.562 - loss_ce=2.103 - loss_ne=0.0178 - loss_div=0.0 - threshold=1.0 - loss=6.683
/scratch/e0538389/DivClust/engine/trainer.py:41: FutureWarning: `torch.cuda.amp.autocast(args...)` is deprecated. Please use `torch.amp.autocast('cuda', args...)` instead.
  with autocast(self.mixed_precision):
[2026-03-30 11:39:53](logger.py 179): id=CC_FMNIST_C10CFG_K20_E100_DT_0_95 | Ep. 45/100 - Step 250/273 (2.47 it/s) |##################  | - loss_cc=4.561 - loss_ce=2.103 - loss_ne=0.0176 - loss_div=0.0 - threshold=1.0 - loss=6.682
/scratch/e0538389/DivClust/engine/trainer.py:41: FutureWarning: `torch.cuda.amp.autocast(args...)` is deprecated. Please use `torch.amp.autocast('cuda', args...)` instead.
  with autocast(self.mixed_precision):
[2026-03-30 11:40:02](logger.py 179): id=CC_FMNIST_C10CFG_K20_E100_DT_0_95 | Ep. 45/100 | Time: 00:01 | loss_cc=4.561 - loss_ce=2.103 - loss_ne=0.0176 - loss_div=0.0 - threshold=1.0 - loss=6.681
[2026-03-30 11:40:03](logger.py 179): id=CC_FMNIST_C10CFG_K20_E100_DT_0_95 | Ep. 46/100 - Step 0/273 (0.0 it/s) |                    | - loss_cc=4.561 - loss_ce=2.093 - loss_ne=0.0123 - loss_div=0.0 - threshold=1.0 - loss=6.667
/scratch/e0538389/DivClust/engine/trainer.py:41: FutureWarning: `torch.cuda.amp.autocast(args...)` is deprecated. Please use `torch.amp.autocast('cuda', args...)` instead.
  with autocast(self.mixed_precision):
/scratch/e0538389/DivClust/engine/trainer.py:41: FutureWarning: `torch.cuda.amp.autocast(args...)` is deprecated. Please use `torch.amp.autocast('cuda', args...)` instead.
  with autocast(self.mixed_precision):
[2026-03-30 11:40:14](logger.py 179): id=CC_FMNIST_C10CFG_K20_E100_DT_0_95 | Ep. 46/100 - Step 25/273 (2.42 it/s) |#                   | - loss_cc=4.56 - loss_ce=2.101 - loss_ne=0.0165 - loss_div=0.0 - threshold=1.0 - loss=6.677
/scratch/e0538389/DivClust/engine/trainer.py:41: FutureWarning: `torch.cuda.amp.autocast(args...)` is deprecated. Please use `torch.amp.autocast('cuda', args...)` instead.
  with autocast(self.mixed_precision):
[2026-03-30 11:40:24](logger.py 179): id=CC_FMNIST_C10CFG_K20_E100_DT_0_95 | Ep. 46/100 - Step 50/273 (2.44 it/s) |###                 | - loss_cc=4.561 - loss_ce=2.104 - loss_ne=0.0169 - loss_div=0.0 - threshold=1.0 - loss=6.682
/scratch/e0538389/DivClust/engine/trainer.py:41: FutureWarning: `torch.cuda.amp.autocast(args...)` is deprecated. Please use `torch.amp.autocast('cuda', args...)` instead.
  with autocast(self.mixed_precision):
[2026-03-30 11:40:34](logger.py 179): id=CC_FMNIST_C10CFG_K20_E100_DT_0_95 | Ep. 46/100 - Step 75/273 (2.45 it/s) |#####               | - loss_cc=4.562 - loss_ce=2.104 - loss_ne=0.0174 - loss_div=0.0 - threshold=1.0 - loss=6.683
/scratch/e0538389/DivClust/engine/trainer.py:41: FutureWarning: `torch.cuda.amp.autocast(args...)` is deprecated. Please use `torch.amp.autocast('cuda', args...)` instead.
  with autocast(self.mixed_precision):
[2026-03-30 11:40:44](logger.py 179): id=CC_FMNIST_C10CFG_K20_E100_DT_0_95 | Ep. 46/100 - Step 100/273 (2.46 it/s) |#######             | - loss_cc=4.563 - loss_ce=2.104 - loss_ne=0.0178 - loss_div=0.0 - threshold=1.0 - loss=6.684
/scratch/e0538389/DivClust/engine/trainer.py:41: FutureWarning: `torch.cuda.amp.autocast(args...)` is deprecated. Please use `torch.amp.autocast('cuda', args...)` instead.
  with autocast(self.mixed_precision):
/scratch/e0538389/DivClust/engine/trainer.py:41: FutureWarning: `torch.cuda.amp.autocast(args...)` is deprecated. Please use `torch.amp.autocast('cuda', args...)` instead.
  with autocast(self.mixed_precision):
[2026-03-30 11:40:54](logger.py 179): id=CC_FMNIST_C10CFG_K20_E100_DT_0_95 | Ep. 46/100 - Step 125/273 (2.45 it/s) |#########           | - loss_cc=4.563 - loss_ce=2.104 - loss_ne=0.0176 - loss_div=0.0 - threshold=1.0 - loss=6.684
/scratch/e0538389/DivClust/engine/trainer.py:41: FutureWarning: `torch.cuda.amp.autocast(args...)` is deprecated. Please use `torch.amp.autocast('cuda', args...)` instead.
  with autocast(self.mixed_precision):
[2026-03-30 11:41:05](logger.py 179): id=CC_FMNIST_C10CFG_K20_E100_DT_0_95 | Ep. 46/100 - Step 150/273 (2.45 it/s) |##########          | - loss_cc=4.563 - loss_ce=2.103 - loss_ne=0.0175 - loss_div=0.0 - threshold=1.0 - loss=6.683
/scratch/e0538389/DivClust/engine/trainer.py:41: FutureWarning: `torch.cuda.amp.autocast(args...)` is deprecated. Please use `torch.amp.autocast('cuda', args...)` instead.
  with autocast(self.mixed_precision):
[2026-03-30 11:41:15](logger.py 179): id=CC_FMNIST_C10CFG_K20_E100_DT_0_95 | Ep. 46/100 - Step 175/273 (2.46 it/s) |############        | - loss_cc=4.563 - loss_ce=2.103 - loss_ne=0.0172 - loss_div=0.0 - threshold=1.0 - loss=6.683
/scratch/e0538389/DivClust/engine/trainer.py:41: FutureWarning: `torch.cuda.amp.autocast(args...)` is deprecated. Please use `torch.amp.autocast('cuda', args...)` instead.
  with autocast(self.mixed_precision):
[2026-03-30 11:41:25](logger.py 179): id=CC_FMNIST_C10CFG_K20_E100_DT_0_95 | Ep. 46/100 - Step 200/273 (2.46 it/s) |##############      | - loss_cc=4.563 - loss_ce=2.103 - loss_ne=0.0175 - loss_div=0.0 - threshold=1.0 - loss=6.683
/scratch/e0538389/DivClust/engine/trainer.py:41: FutureWarning: `torch.cuda.amp.autocast(args...)` is deprecated. Please use `torch.amp.autocast('cuda', args...)` instead.
  with autocast(self.mixed_precision):
/scratch/e0538389/DivClust/engine/trainer.py:41: FutureWarning: `torch.cuda.amp.autocast(args...)` is deprecated. Please use `torch.amp.autocast('cuda', args...)` instead.
  with autocast(self.mixed_precision):
[2026-03-30 11:41:35](logger.py 179): id=CC_FMNIST_C10CFG_K20_E100_DT_0_95 | Ep. 46/100 - Step 225/273 (2.46 it/s) |################    | - loss_cc=4.563 - loss_ce=2.103 - loss_ne=0.0173 - loss_div=0.0 - threshold=1.0 - loss=6.683
/scratch/e0538389/DivClust/engine/trainer.py:41: FutureWarning: `torch.cuda.amp.autocast(args...)` is deprecated. Please use `torch.amp.autocast('cuda', args...)` instead.
  with autocast(self.mixed_precision):
[2026-03-30 11:41:45](logger.py 179): id=CC_FMNIST_C10CFG_K20_E100_DT_0_95 | Ep. 46/100 - Step 250/273 (2.46 it/s) |##################  | - loss_cc=4.562 - loss_ce=2.103 - loss_ne=0.0172 - loss_div=0.0 - threshold=1.0 - loss=6.683
/scratch/e0538389/DivClust/engine/trainer.py:41: FutureWarning: `torch.cuda.amp.autocast(args...)` is deprecated. Please use `torch.amp.autocast('cuda', args...)` instead.
  with autocast(self.mixed_precision):
[2026-03-30 11:41:54](logger.py 179): id=CC_FMNIST_C10CFG_K20_E100_DT_0_95 | Ep. 46/100 | Time: 00:01 | loss_cc=4.562 - loss_ce=2.103 - loss_ne=0.017 - loss_div=0.0 - threshold=1.0 - loss=6.683
[2026-03-30 11:41:56](logger.py 179): id=CC_FMNIST_C10CFG_K20_E100_DT_0_95 | Ep. 47/100 - Step 0/273 (0.0 it/s) |                    | - loss_cc=4.535 - loss_ce=2.096 - loss_ne=0.0255 - loss_div=0.0 - threshold=1.0 - loss=6.656
/scratch/e0538389/DivClust/engine/trainer.py:41: FutureWarning: `torch.cuda.amp.autocast(args...)` is deprecated. Please use `torch.amp.autocast('cuda', args...)` instead.
  with autocast(self.mixed_precision):
[2026-03-30 11:42:06](logger.py 179): id=CC_FMNIST_C10CFG_K20_E100_DT_0_95 | Ep. 47/100 - Step 25/273 (2.49 it/s) |#                   | - loss_cc=4.552 - loss_ce=2.098 - loss_ne=0.0168 - loss_div=0.0 - threshold=1.0 - loss=6.667
/scratch/e0538389/DivClust/engine/trainer.py:41: FutureWarning: `torch.cuda.amp.autocast(args...)` is deprecated. Please use `torch.amp.autocast('cuda', args...)` instead.
  with autocast(self.mixed_precision):
/scratch/e0538389/DivClust/engine/trainer.py:41: FutureWarning: `torch.cuda.amp.autocast(args...)` is deprecated. Please use `torch.amp.autocast('cuda', args...)` instead.
  with autocast(self.mixed_precision):
[2026-03-30 11:42:16](logger.py 179): id=CC_FMNIST_C10CFG_K20_E100_DT_0_95 | Ep. 47/100 - Step 50/273 (2.45 it/s) |###                 | - loss_cc=4.555 - loss_ce=2.099 - loss_ne=0.0162 - loss_div=0.0 - threshold=1.0 - loss=6.671
/scratch/e0538389/DivClust/engine/trainer.py:41: FutureWarning: `torch.cuda.amp.autocast(args...)` is deprecated. Please use `torch.amp.autocast('cuda', args...)` instead.
  with autocast(self.mixed_precision):
[2026-03-30 11:42:26](logger.py 179): id=CC_FMNIST_C10CFG_K20_E100_DT_0_95 | Ep. 47/100 - Step 75/273 (2.47 it/s) |#####               | - loss_cc=4.557 - loss_ce=2.101 - loss_ne=0.0161 - loss_div=0.0 - threshold=1.0 - loss=6.674
/scratch/e0538389/DivClust/engine/trainer.py:41: FutureWarning: `torch.cuda.amp.autocast(args...)` is deprecated. Please use `torch.amp.autocast('cuda', args...)` instead.
  with autocast(self.mixed_precision):
[2026-03-30 11:42:36](logger.py 179): id=CC_FMNIST_C10CFG_K20_E100_DT_0_95 | Ep. 47/100 - Step 100/273 (2.47 it/s) |#######             | - loss_cc=4.558 - loss_ce=2.102 - loss_ne=0.016 - loss_div=0.0 - threshold=1.0 - loss=6.676
/scratch/e0538389/DivClust/engine/trainer.py:41: FutureWarning: `torch.cuda.amp.autocast(args...)` is deprecated. Please use `torch.amp.autocast('cuda', args...)` instead.
  with autocast(self.mixed_precision):
[2026-03-30 11:42:46](logger.py 179): id=CC_FMNIST_C10CFG_K20_E100_DT_0_95 | Ep. 47/100 - Step 125/273 (2.47 it/s) |#########           | - loss_cc=4.559 - loss_ce=2.102 - loss_ne=0.018 - loss_div=0.00387 - threshold=0.999 - loss=6.684
/scratch/e0538389/DivClust/engine/trainer.py:41: FutureWarning: `torch.cuda.amp.autocast(args...)` is deprecated. Please use `torch.amp.autocast('cuda', args...)` instead.
  with autocast(self.mixed_precision):
/scratch/e0538389/DivClust/engine/trainer.py:41: FutureWarning: `torch.cuda.amp.autocast(args...)` is deprecated. Please use `torch.amp.autocast('cuda', args...)` instead.
  with autocast(self.mixed_precision):
[2026-03-30 11:42:57](logger.py 179): id=CC_FMNIST_C10CFG_K20_E100_DT_0_95 | Ep. 47/100 - Step 150/273 (2.47 it/s) |##########          | - loss_cc=4.56 - loss_ce=2.103 - loss_ne=0.0182 - loss_div=0.00323 - threshold=0.999 - loss=6.685
/scratch/e0538389/DivClust/engine/trainer.py:41: FutureWarning: `torch.cuda.amp.autocast(args...)` is deprecated. Please use `torch.amp.autocast('cuda', args...)` instead.
  with autocast(self.mixed_precision):
[2026-03-30 11:43:07](logger.py 179): id=CC_FMNIST_C10CFG_K20_E100_DT_0_95 | Ep. 47/100 - Step 175/273 (2.47 it/s) |############        | - loss_cc=4.56 - loss_ce=2.103 - loss_ne=0.0181 - loss_div=0.00277 - threshold=0.999 - loss=6.683
/scratch/e0538389/DivClust/engine/trainer.py:41: FutureWarning: `torch.cuda.amp.autocast(args...)` is deprecated. Please use `torch.amp.autocast('cuda', args...)` instead.
  with autocast(self.mixed_precision):
[2026-03-30 11:43:17](logger.py 179): id=CC_FMNIST_C10CFG_K20_E100_DT_0_95 | Ep. 47/100 - Step 200/273 (2.47 it/s) |##############      | - loss_cc=4.56 - loss_ce=2.103 - loss_ne=0.0181 - loss_div=0.00243 - threshold=0.999 - loss=6.684
/scratch/e0538389/DivClust/engine/trainer.py:41: FutureWarning: `torch.cuda.amp.autocast(args...)` is deprecated. Please use `torch.amp.autocast('cuda', args...)` instead.
  with autocast(self.mixed_precision):
[2026-03-30 11:43:27](logger.py 179): id=CC_FMNIST_C10CFG_K20_E100_DT_0_95 | Ep. 47/100 - Step 225/273 (2.47 it/s) |################    | - loss_cc=4.56 - loss_ce=2.103 - loss_ne=0.0181 - loss_div=0.00216 - threshold=0.999 - loss=6.683
/scratch/e0538389/DivClust/engine/trainer.py:41: FutureWarning: `torch.cuda.amp.autocast(args...)` is deprecated. Please use `torch.amp.autocast('cuda', args...)` instead.
  with autocast(self.mixed_precision):
/scratch/e0538389/DivClust/engine/trainer.py:41: FutureWarning: `torch.cuda.amp.autocast(args...)` is deprecated. Please use `torch.amp.autocast('cuda', args...)` instead.
  with autocast(self.mixed_precision):
[2026-03-30 11:43:37](logger.py 179): id=CC_FMNIST_C10CFG_K20_E100_DT_0_95 | Ep. 47/100 - Step 250/273 (2.46 it/s) |##################  | - loss_cc=4.56 - loss_ce=2.104 - loss_ne=0.018 - loss_div=0.00194 - threshold=0.999 - loss=6.683
/scratch/e0538389/DivClust/engine/trainer.py:41: FutureWarning: `torch.cuda.amp.autocast(args...)` is deprecated. Please use `torch.amp.autocast('cuda', args...)` instead.
  with autocast(self.mixed_precision):
[2026-03-30 11:43:46](logger.py 179): id=CC_FMNIST_C10CFG_K20_E100_DT_0_95 | Ep. 47/100 | Time: 00:01 | loss_cc=4.56 - loss_ce=2.104 - loss_ne=0.0183 - loss_div=0.00179 - threshold=0.999 - loss=6.684
[2026-03-30 11:43:48](logger.py 179): id=CC_FMNIST_C10CFG_K20_E100_DT_0_95 | Ep. 48/100 - Step 0/273 (0.0 it/s) |                    | - loss_cc=4.554 - loss_ce=2.108 - loss_ne=0.0115 - loss_div=0.0 - threshold=1.0 - loss=6.673
/scratch/e0538389/DivClust/engine/trainer.py:41: FutureWarning: `torch.cuda.amp.autocast(args...)` is deprecated. Please use `torch.amp.autocast('cuda', args...)` instead.
  with autocast(self.mixed_precision):
[2026-03-30 11:43:58](logger.py 179): id=CC_FMNIST_C10CFG_K20_E100_DT_0_95 | Ep. 48/100 - Step 25/273 (2.48 it/s) |#                   | - loss_cc=4.559 - loss_ce=2.104 - loss_ne=0.0138 - loss_div=0.0 - threshold=1.0 - loss=6.677
/scratch/e0538389/DivClust/engine/trainer.py:41: FutureWarning: `torch.cuda.amp.autocast(args...)` is deprecated. Please use `torch.amp.autocast('cuda', args...)` instead.
  with autocast(self.mixed_precision):
[2026-03-30 11:44:08](logger.py 179): id=CC_FMNIST_C10CFG_K20_E100_DT_0_95 | Ep. 48/100 - Step 50/273 (2.47 it/s) |###                 | - loss_cc=4.561 - loss_ce=2.105 - loss_ne=0.0172 - loss_div=0.0 - threshold=1.0 - loss=6.682
/scratch/e0538389/DivClust/engine/trainer.py:41: FutureWarning: `torch.cuda.amp.autocast(args...)` is deprecated. Please use `torch.amp.autocast('cuda', args...)` instead.
  with autocast(self.mixed_precision):
[2026-03-30 11:44:19](logger.py 179): id=CC_FMNIST_C10CFG_K20_E100_DT_0_95 | Ep. 48/100 - Step 75/273 (2.47 it/s) |#####               | - loss_cc=4.561 - loss_ce=2.104 - loss_ne=0.0171 - loss_div=0.0 - threshold=1.0 - loss=6.682
/scratch/e0538389/DivClust/engine/trainer.py:41: FutureWarning: `torch.cuda.amp.autocast(args...)` is deprecated. Please use `torch.amp.autocast('cuda', args...)` instead.
  with autocast(self.mixed_precision):
/scratch/e0538389/DivClust/engine/trainer.py:41: FutureWarning: `torch.cuda.amp.autocast(args...)` is deprecated. Please use `torch.amp.autocast('cuda', args...)` instead.
  with autocast(self.mixed_precision):
[2026-03-30 11:44:29](logger.py 179): id=CC_FMNIST_C10CFG_K20_E100_DT_0_95 | Ep. 48/100 - Step 100/273 (2.46 it/s) |#######             | - loss_cc=4.56 - loss_ce=2.103 - loss_ne=0.0169 - loss_div=0.0 - threshold=1.0 - loss=6.68
/scratch/e0538389/DivClust/engine/trainer.py:41: FutureWarning: `torch.cuda.amp.autocast(args...)` is deprecated. Please use `torch.amp.autocast('cuda', args...)` instead.
  with autocast(self.mixed_precision):
[2026-03-30 11:44:39](logger.py 179): id=CC_FMNIST_C10CFG_K20_E100_DT_0_95 | Ep. 48/100 - Step 125/273 (2.46 it/s) |#########           | - loss_cc=4.559 - loss_ce=2.102 - loss_ne=0.0166 - loss_div=0.0 - threshold=1.0 - loss=6.678
/scratch/e0538389/DivClust/engine/trainer.py:41: FutureWarning: `torch.cuda.amp.autocast(args...)` is deprecated. Please use `torch.amp.autocast('cuda', args...)` instead.
  with autocast(self.mixed_precision):
[2026-03-30 11:44:49](logger.py 179): id=CC_FMNIST_C10CFG_K20_E100_DT_0_95 | Ep. 48/100 - Step 150/273 (2.46 it/s) |##########          | - loss_cc=4.558 - loss_ce=2.102 - loss_ne=0.017 - loss_div=0.0 - threshold=1.0 - loss=6.677
/scratch/e0538389/DivClust/engine/trainer.py:41: FutureWarning: `torch.cuda.amp.autocast(args...)` is deprecated. Please use `torch.amp.autocast('cuda', args...)` instead.
  with autocast(self.mixed_precision):
[2026-03-30 11:44:59](logger.py 179): id=CC_FMNIST_C10CFG_K20_E100_DT_0_95 | Ep. 48/100 - Step 175/273 (2.47 it/s) |############        | - loss_cc=4.559 - loss_ce=2.102 - loss_ne=0.0168 - loss_div=0.0 - threshold=1.0 - loss=6.678
/scratch/e0538389/DivClust/engine/trainer.py:41: FutureWarning: `torch.cuda.amp.autocast(args...)` is deprecated. Please use `torch.amp.autocast('cuda', args...)` instead.
  with autocast(self.mixed_precision):
/scratch/e0538389/DivClust/engine/trainer.py:41: FutureWarning: `torch.cuda.amp.autocast(args...)` is deprecated. Please use `torch.amp.autocast('cuda', args...)` instead.
  with autocast(self.mixed_precision):
[2026-03-30 11:45:10](logger.py 179): id=CC_FMNIST_C10CFG_K20_E100_DT_0_95 | Ep. 48/100 - Step 200/273 (2.46 it/s) |##############      | - loss_cc=4.558 - loss_ce=2.102 - loss_ne=0.0169 - loss_div=0.0 - threshold=1.0 - loss=6.677
/scratch/e0538389/DivClust/engine/trainer.py:41: FutureWarning: `torch.cuda.amp.autocast(args...)` is deprecated. Please use `torch.amp.autocast('cuda', args...)` instead.
  with autocast(self.mixed_precision):
[2026-03-30 11:45:20](logger.py 179): id=CC_FMNIST_C10CFG_K20_E100_DT_0_95 | Ep. 48/100 - Step 225/273 (2.46 it/s) |################    | - loss_cc=4.558 - loss_ce=2.102 - loss_ne=0.0168 - loss_div=0.0 - threshold=1.0 - loss=6.677
/scratch/e0538389/DivClust/engine/trainer.py:41: FutureWarning: `torch.cuda.amp.autocast(args...)` is deprecated. Please use `torch.amp.autocast('cuda', args...)` instead.
  with autocast(self.mixed_precision):
[2026-03-30 11:45:30](logger.py 179): id=CC_FMNIST_C10CFG_K20_E100_DT_0_95 | Ep. 48/100 - Step 250/273 (2.46 it/s) |##################  | - loss_cc=4.557 - loss_ce=2.102 - loss_ne=0.0167 - loss_div=0.0 - threshold=1.0 - loss=6.676
/scratch/e0538389/DivClust/engine/trainer.py:41: FutureWarning: `torch.cuda.amp.autocast(args...)` is deprecated. Please use `torch.amp.autocast('cuda', args...)` instead.
  with autocast(self.mixed_precision):
[2026-03-30 11:45:39](logger.py 179): id=CC_FMNIST_C10CFG_K20_E100_DT_0_95 | Ep. 48/100 | Time: 00:01 | loss_cc=4.557 - loss_ce=2.102 - loss_ne=0.0167 - loss_div=0.0 - threshold=1.0 - loss=6.676
[2026-03-30 11:45:41](logger.py 179): id=CC_FMNIST_C10CFG_K20_E100_DT_0_95 | Ep. 49/100 - Step 0/273 (0.0 it/s) |                    | - loss_cc=4.551 - loss_ce=2.096 - loss_ne=0.00486 - loss_div=0.0 - threshold=1.0 - loss=6.652
/scratch/e0538389/DivClust/engine/trainer.py:41: FutureWarning: `torch.cuda.amp.autocast(args...)` is deprecated. Please use `torch.amp.autocast('cuda', args...)` instead.
  with autocast(self.mixed_precision):
/scratch/e0538389/DivClust/engine/trainer.py:41: FutureWarning: `torch.cuda.amp.autocast(args...)` is deprecated. Please use `torch.amp.autocast('cuda', args...)` instead.
  with autocast(self.mixed_precision):
[2026-03-30 11:45:51](logger.py 179): id=CC_FMNIST_C10CFG_K20_E100_DT_0_95 | Ep. 49/100 - Step 25/273 (2.41 it/s) |#                   | - loss_cc=4.56 - loss_ce=2.105 - loss_ne=0.0182 - loss_div=0.0 - threshold=1.0 - loss=6.683
/scratch/e0538389/DivClust/engine/trainer.py:41: FutureWarning: `torch.cuda.amp.autocast(args...)` is deprecated. Please use `torch.amp.autocast('cuda', args...)` instead.
  with autocast(self.mixed_precision):
[2026-03-30 11:46:01](logger.py 179): id=CC_FMNIST_C10CFG_K20_E100_DT_0_95 | Ep. 49/100 - Step 50/273 (2.45 it/s) |###                 | - loss_cc=4.555 - loss_ce=2.103 - loss_ne=0.0172 - loss_div=0.0 - threshold=1.0 - loss=6.675
/scratch/e0538389/DivClust/engine/trainer.py:41: FutureWarning: `torch.cuda.amp.autocast(args...)` is deprecated. Please use `torch.amp.autocast('cuda', args...)` instead.
  with autocast(self.mixed_precision):
[2026-03-30 11:46:11](logger.py 179): id=CC_FMNIST_C10CFG_K20_E100_DT_0_95 | Ep. 49/100 - Step 75/273 (2.46 it/s) |#####               | - loss_cc=4.555 - loss_ce=2.102 - loss_ne=0.0165 - loss_div=0.0 - threshold=1.0 - loss=6.673
/scratch/e0538389/DivClust/engine/trainer.py:41: FutureWarning: `torch.cuda.amp.autocast(args...)` is deprecated. Please use `torch.amp.autocast('cuda', args...)` instead.
  with autocast(self.mixed_precision):
[2026-03-30 11:46:21](logger.py 179): id=CC_FMNIST_C10CFG_K20_E100_DT_0_95 | Ep. 49/100 - Step 100/273 (2.46 it/s) |#######             | - loss_cc=4.554 - loss_ce=2.101 - loss_ne=0.0163 - loss_div=0.0 - threshold=1.0 - loss=6.672
/scratch/e0538389/DivClust/engine/trainer.py:41: FutureWarning: `torch.cuda.amp.autocast(args...)` is deprecated. Please use `torch.amp.autocast('cuda', args...)` instead.
  with autocast(self.mixed_precision):
/scratch/e0538389/DivClust/engine/trainer.py:41: FutureWarning: `torch.cuda.amp.autocast(args...)` is deprecated. Please use `torch.amp.autocast('cuda', args...)` instead.
  with autocast(self.mixed_precision):
[2026-03-30 11:46:32](logger.py 179): id=CC_FMNIST_C10CFG_K20_E100_DT_0_95 | Ep. 49/100 - Step 125/273 (2.45 it/s) |#########           | - loss_cc=4.552 - loss_ce=2.101 - loss_ne=0.0167 - loss_div=0.0 - threshold=1.0 - loss=6.67
/scratch/e0538389/DivClust/engine/trainer.py:41: FutureWarning: `torch.cuda.amp.autocast(args...)` is deprecated. Please use `torch.amp.autocast('cuda', args...)` instead.
  with autocast(self.mixed_precision):
[2026-03-30 11:46:42](logger.py 179): id=CC_FMNIST_C10CFG_K20_E100_DT_0_95 | Ep. 49/100 - Step 150/273 (2.46 it/s) |##########          | - loss_cc=4.554 - loss_ce=2.102 - loss_ne=0.0164 - loss_div=0.0 - threshold=1.0 - loss=6.672
/scratch/e0538389/DivClust/engine/trainer.py:41: FutureWarning: `torch.cuda.amp.autocast(args...)` is deprecated. Please use `torch.amp.autocast('cuda', args...)` instead.
  with autocast(self.mixed_precision):
[2026-03-30 11:46:52](logger.py 179): id=CC_FMNIST_C10CFG_K20_E100_DT_0_95 | Ep. 49/100 - Step 175/273 (2.46 it/s) |############        | - loss_cc=4.555 - loss_ce=2.102 - loss_ne=0.0162 - loss_div=0.0 - threshold=1.0 - loss=6.673
/scratch/e0538389/DivClust/engine/trainer.py:41: FutureWarning: `torch.cuda.amp.autocast(args...)` is deprecated. Please use `torch.amp.autocast('cuda', args...)` instead.
  with autocast(self.mixed_precision):
[2026-03-30 11:47:02](logger.py 179): id=CC_FMNIST_C10CFG_K20_E100_DT_0_95 | Ep. 49/100 - Step 200/273 (2.46 it/s) |##############      | - loss_cc=4.555 - loss_ce=2.102 - loss_ne=0.0158 - loss_div=0.0 - threshold=1.0 - loss=6.672
/scratch/e0538389/DivClust/engine/trainer.py:41: FutureWarning: `torch.cuda.amp.autocast(args...)` is deprecated. Please use `torch.amp.autocast('cuda', args...)` instead.
  with autocast(self.mixed_precision):
/scratch/e0538389/DivClust/engine/trainer.py:41: FutureWarning: `torch.cuda.amp.autocast(args...)` is deprecated. Please use `torch.amp.autocast('cuda', args...)` instead.
  with autocast(self.mixed_precision):
[2026-03-30 11:47:12](logger.py 179): id=CC_FMNIST_C10CFG_K20_E100_DT_0_95 | Ep. 49/100 - Step 225/273 (2.46 it/s) |################    | - loss_cc=4.555 - loss_ce=2.102 - loss_ne=0.016 - loss_div=0.0 - threshold=1.0 - loss=6.673
/scratch/e0538389/DivClust/engine/trainer.py:41: FutureWarning: `torch.cuda.amp.autocast(args...)` is deprecated. Please use `torch.amp.autocast('cuda', args...)` instead.
  with autocast(self.mixed_precision):
[2026-03-30 11:47:22](logger.py 179): id=CC_FMNIST_C10CFG_K20_E100_DT_0_95 | Ep. 49/100 - Step 250/273 (2.46 it/s) |##################  | - loss_cc=4.556 - loss_ce=2.102 - loss_ne=0.0162 - loss_div=0.0 - threshold=1.0 - loss=6.674
/scratch/e0538389/DivClust/engine/trainer.py:41: FutureWarning: `torch.cuda.amp.autocast(args...)` is deprecated. Please use `torch.amp.autocast('cuda', args...)` instead.
  with autocast(self.mixed_precision):
[2026-03-30 11:47:31](logger.py 179): id=CC_FMNIST_C10CFG_K20_E100_DT_0_95 | Ep. 49/100 | Time: 00:01 | loss_cc=4.555 - loss_ce=2.102 - loss_ne=0.0163 - loss_div=0.0 - threshold=1.0 - loss=6.674
[2026-03-30 11:47:33](logger.py 179): id=CC_FMNIST_C10CFG_K20_E100_DT_0_95 | Ep. 50/100 - Step 0/273 (0.0 it/s) |                    | - loss_cc=4.552 - loss_ce=2.089 - loss_ne=0.0108 - loss_div=0.0 - threshold=1.0 - loss=6.652
/scratch/e0538389/DivClust/engine/trainer.py:41: FutureWarning: `torch.cuda.amp.autocast(args...)` is deprecated. Please use `torch.amp.autocast('cuda', args...)` instead.
  with autocast(self.mixed_precision):
[2026-03-30 11:47:43](logger.py 179): id=CC_FMNIST_C10CFG_K20_E100_DT_0_95 | Ep. 50/100 - Step 25/273 (2.47 it/s) |#                   | - loss_cc=4.552 - loss_ce=2.104 - loss_ne=0.0163 - loss_div=0.0 - threshold=1.0 - loss=6.672
/scratch/e0538389/DivClust/engine/trainer.py:41: FutureWarning: `torch.cuda.amp.autocast(args...)` is deprecated. Please use `torch.amp.autocast('cuda', args...)` instead.
  with autocast(self.mixed_precision):
[2026-03-30 11:47:54](logger.py 179): id=CC_FMNIST_C10CFG_K20_E100_DT_0_95 | Ep. 50/100 - Step 50/273 (2.44 it/s) |###                 | - loss_cc=4.553 - loss_ce=2.102 - loss_ne=0.0165 - loss_div=0.0 - threshold=1.0 - loss=6.672
/scratch/e0538389/DivClust/engine/trainer.py:41: FutureWarning: `torch.cuda.amp.autocast(args...)` is deprecated. Please use `torch.amp.autocast('cuda', args...)` instead.
  with autocast(self.mixed_precision):
/scratch/e0538389/DivClust/engine/trainer.py:41: FutureWarning: `torch.cuda.amp.autocast(args...)` is deprecated. Please use `torch.amp.autocast('cuda', args...)` instead.
  with autocast(self.mixed_precision):
[2026-03-30 11:48:04](logger.py 179): id=CC_FMNIST_C10CFG_K20_E100_DT_0_95 | Ep. 50/100 - Step 75/273 (2.46 it/s) |#####               | - loss_cc=4.554 - loss_ce=2.102 - loss_ne=0.0164 - loss_div=0.0 - threshold=1.0 - loss=6.672
/scratch/e0538389/DivClust/engine/trainer.py:41: FutureWarning: `torch.cuda.amp.autocast(args...)` is deprecated. Please use `torch.amp.autocast('cuda', args...)` instead.
  with autocast(self.mixed_precision):
[2026-03-30 11:48:14](logger.py 179): id=CC_FMNIST_C10CFG_K20_E100_DT_0_95 | Ep. 50/100 - Step 100/273 (2.46 it/s) |#######             | - loss_cc=4.552 - loss_ce=2.101 - loss_ne=0.0167 - loss_div=0.0 - threshold=1.0 - loss=6.669
/scratch/e0538389/DivClust/engine/trainer.py:41: FutureWarning: `torch.cuda.amp.autocast(args...)` is deprecated. Please use `torch.amp.autocast('cuda', args...)` instead.
  with autocast(self.mixed_precision):
[2026-03-30 11:48:24](logger.py 179): id=CC_FMNIST_C10CFG_K20_E100_DT_0_95 | Ep. 50/100 - Step 125/273 (2.47 it/s) |#########           | - loss_cc=4.553 - loss_ce=2.101 - loss_ne=0.0165 - loss_div=0.0 - threshold=1.0 - loss=6.671
/scratch/e0538389/DivClust/engine/trainer.py:41: FutureWarning: `torch.cuda.amp.autocast(args...)` is deprecated. Please use `torch.amp.autocast('cuda', args...)` instead.
  with autocast(self.mixed_precision):
[2026-03-30 11:48:34](logger.py 179): id=CC_FMNIST_C10CFG_K20_E100_DT_0_95 | Ep. 50/100 - Step 150/273 (2.46 it/s) |##########          | - loss_cc=4.552 - loss_ce=2.101 - loss_ne=0.0166 - loss_div=0.0 - threshold=1.0 - loss=6.67
/scratch/e0538389/DivClust/engine/trainer.py:41: FutureWarning: `torch.cuda.amp.autocast(args...)` is deprecated. Please use `torch.amp.autocast('cuda', args...)` instead.
  with autocast(self.mixed_precision):
/scratch/e0538389/DivClust/engine/trainer.py:41: FutureWarning: `torch.cuda.amp.autocast(args...)` is deprecated. Please use `torch.amp.autocast('cuda', args...)` instead.
  with autocast(self.mixed_precision):
[2026-03-30 11:48:44](logger.py 179): id=CC_FMNIST_C10CFG_K20_E100_DT_0_95 | Ep. 50/100 - Step 175/273 (2.46 it/s) |############        | - loss_cc=4.554 - loss_ce=2.102 - loss_ne=0.0164 - loss_div=0.0 - threshold=1.0 - loss=6.672
/scratch/e0538389/DivClust/engine/trainer.py:41: FutureWarning: `torch.cuda.amp.autocast(args...)` is deprecated. Please use `torch.amp.autocast('cuda', args...)` instead.
  with autocast(self.mixed_precision):
[2026-03-30 11:48:54](logger.py 179): id=CC_FMNIST_C10CFG_K20_E100_DT_0_95 | Ep. 50/100 - Step 200/273 (2.47 it/s) |##############      | - loss_cc=4.554 - loss_ce=2.102 - loss_ne=0.0163 - loss_div=0.0 - threshold=1.0 - loss=6.672
/scratch/e0538389/DivClust/engine/trainer.py:41: FutureWarning: `torch.cuda.amp.autocast(args...)` is deprecated. Please use `torch.amp.autocast('cuda', args...)` instead.
  with autocast(self.mixed_precision):
[2026-03-30 11:49:04](logger.py 179): id=CC_FMNIST_C10CFG_K20_E100_DT_0_95 | Ep. 50/100 - Step 225/273 (2.47 it/s) |################    | - loss_cc=4.554 - loss_ce=2.102 - loss_ne=0.0164 - loss_div=0.0 - threshold=1.0 - loss=6.672
/scratch/e0538389/DivClust/engine/trainer.py:41: FutureWarning: `torch.cuda.amp.autocast(args...)` is deprecated. Please use `torch.amp.autocast('cuda', args...)` instead.
  with autocast(self.mixed_precision):
[2026-03-30 11:49:15](logger.py 179): id=CC_FMNIST_C10CFG_K20_E100_DT_0_95 | Ep. 50/100 - Step 250/273 (2.46 it/s) |##################  | - loss_cc=4.554 - loss_ce=2.102 - loss_ne=0.0165 - loss_div=0.0 - threshold=1.0 - loss=6.672
/scratch/e0538389/DivClust/engine/trainer.py:41: FutureWarning: `torch.cuda.amp.autocast(args...)` is deprecated. Please use `torch.amp.autocast('cuda', args...)` instead.
  with autocast(self.mixed_precision):
/scratch/e0538389/DivClust/engine/trainer.py:41: FutureWarning: `torch.cuda.amp.autocast(args...)` is deprecated. Please use `torch.amp.autocast('cuda', args...)` instead.
  with autocast(self.mixed_precision):
[2026-03-30 11:49:23](logger.py 179): Evaluating
[2026-03-30 11:49:24](logger.py 179): Eval. step 0 of 274
[2026-03-30 11:49:26](logger.py 179): Eval. step 25 of 274
[2026-03-30 11:49:28](logger.py 179): Eval. step 50 of 274
[2026-03-30 11:49:31](logger.py 179): Eval. step 75 of 274
[2026-03-30 11:49:33](logger.py 179): Eval. step 100 of 274
[2026-03-30 11:49:35](logger.py 179): Eval. step 125 of 274
[2026-03-30 11:49:38](logger.py 179): Eval. step 150 of 274
[2026-03-30 11:49:40](logger.py 179): Eval. step 175 of 274
[2026-03-30 11:49:42](logger.py 179): Eval. step 200 of 274
[2026-03-30 11:49:45](logger.py 179): Eval. step 225 of 274
[2026-03-30 11:49:47](logger.py 179): Eval. step 250 of 274
[2026-03-30 11:49:51](logger.py 179): id=CC_FMNIST_C10CFG_K20_E100_DT_0_95 | Ep. 50/100 | Time: 00:02 | loss_cc=4.554 - loss_ce=2.102 - loss_ne=0.0164 - loss_div=0.0 - threshold=1.0 - loss=6.672 - eval_confidence=0.909 - cluster_acc_0_eval=63.87 - cluster_nmi_0_eval=0.622 - cluster_ari_0_eval=0.518 - cluster_acc_1_eval=64.22 - cluster_nmi_1_eval=0.626 - cluster_ari_1_eval=0.523 - cluster_acc_2_eval=64.03 - cluster_nmi_2_eval=0.622 - cluster_ari_2_eval=0.518 - cluster_acc_3_eval=64.77 - cluster_nmi_3_eval=0.624 - cluster_ari_3_eval=0.52 - cluster_acc_4_eval=64.61 - cluster_nmi_4_eval=0.624 - cluster_ari_4_eval=0.52 - cluster_acc_5_eval=64.3 - cluster_nmi_5_eval=0.624 - cluster_ari_5_eval=0.52 - cluster_acc_6_eval=64.04 - cluster_nmi_6_eval=0.624 - cluster_ari_6_eval=0.52 - cluster_acc_7_eval=64.37 - cluster_nmi_7_eval=0.624 - cluster_ari_7_eval=0.52 - cluster_acc_8_eval=65.32 - cluster_nmi_8_eval=0.625 - cluster_ari_8_eval=0.522 - cluster_acc_9_eval=64.13 - cluster_nmi_9_eval=0.623 - cluster_ari_9_eval=0.52 - cluster_acc_10_eval=64.36 - cluster_nmi_10_eval=0.624 - cluster_ari_10_eval=0.52 - cluster_acc_11_eval=65.18 - cluster_nmi_11_eval=0.627 - cluster_ari_11_eval=0.525 - cluster_acc_12_eval=64.01 - cluster_nmi_12_eval=0.623 - cluster_ari_12_eval=0.521 - cluster_acc_13_eval=64.75 - cluster_nmi_13_eval=0.625 - cluster_ari_13_eval=0.523 - cluster_acc_14_eval=64.69 - cluster_nmi_14_eval=0.626 - cluster_ari_14_eval=0.525 - cluster_acc_15_eval=63.85 - cluster_nmi_15_eval=0.621 - cluster_ari_15_eval=0.516 - cluster_acc_16_eval=64.5 - cluster_nmi_16_eval=0.625 - cluster_ari_16_eval=0.523 - cluster_acc_17_eval=64.68 - cluster_nmi_17_eval=0.623 - cluster_ari_17_eval=0.519 - cluster_acc_18_eval=64.02 - cluster_nmi_18_eval=0.622 - cluster_ari_18_eval=0.517 - cluster_acc_19_eval=64.01 - cluster_nmi_19_eval=0.625 - cluster_ari_19_eval=0.522 - max_cluster_acc_eval=65.32 - mean_cluster_acc_eval=64.38 - min_cluster_acc_eval=63.85 - max_cluster_nmi_eval=0.627 - mean_cluster_nmi_eval=0.624 - min_cluster_nmi_eval=0.621 - max_cluster_ari_eval=0.525 - mean_cluster_ari_eval=0.521 - min_cluster_ari_eval=0.516 - interclustering_nmi_eval=0.95
/scratch/e0538389/DivClust/engine/trainer.py:41: FutureWarning: `torch.cuda.amp.autocast(args...)` is deprecated. Please use `torch.amp.autocast('cuda', args...)` instead.
  with autocast(self.mixed_precision):
[2026-03-30 11:49:53](logger.py 179): id=CC_FMNIST_C10CFG_K20_E100_DT_0_95 | Ep. 51/100 - Step 0/273 (0.0 it/s) |                    | - loss_cc=4.545 - loss_ce=2.086 - loss_ne=0.00873 - loss_div=0.0 - threshold=1.0 - loss=6.639
/scratch/e0538389/DivClust/engine/trainer.py:41: FutureWarning: `torch.cuda.amp.autocast(args...)` is deprecated. Please use `torch.amp.autocast('cuda', args...)` instead.
  with autocast(self.mixed_precision):
[2026-03-30 11:50:03](logger.py 179): id=CC_FMNIST_C10CFG_K20_E100_DT_0_95 | Ep. 51/100 - Step 25/273 (2.49 it/s) |#                   | - loss_cc=4.563 - loss_ce=2.103 - loss_ne=0.0165 - loss_div=0.0 - threshold=1.0 - loss=6.682
/scratch/e0538389/DivClust/engine/trainer.py:41: FutureWarning: `torch.cuda.amp.autocast(args...)` is deprecated. Please use `torch.amp.autocast('cuda', args...)` instead.
  with autocast(self.mixed_precision):
[2026-03-30 11:50:13](logger.py 179): id=CC_FMNIST_C10CFG_K20_E100_DT_0_95 | Ep. 51/100 - Step 50/273 (2.49 it/s) |###                 | - loss_cc=4.56 - loss_ce=2.104 - loss_ne=0.017 - loss_div=0.0 - threshold=1.0 - loss=6.681
/scratch/e0538389/DivClust/engine/trainer.py:41: FutureWarning: `torch.cuda.amp.autocast(args...)` is deprecated. Please use `torch.amp.autocast('cuda', args...)` instead.
  with autocast(self.mixed_precision):
[2026-03-30 11:50:23](logger.py 179): id=CC_FMNIST_C10CFG_K20_E100_DT_0_95 | Ep. 51/100 - Step 75/273 (2.49 it/s) |#####               | - loss_cc=4.558 - loss_ce=2.103 - loss_ne=0.0173 - loss_div=0.0 - threshold=1.0 - loss=6.678
/scratch/e0538389/DivClust/engine/trainer.py:41: FutureWarning: `torch.cuda.amp.autocast(args...)` is deprecated. Please use `torch.amp.autocast('cuda', args...)` instead.
  with autocast(self.mixed_precision):
/scratch/e0538389/DivClust/engine/trainer.py:41: FutureWarning: `torch.cuda.amp.autocast(args...)` is deprecated. Please use `torch.amp.autocast('cuda', args...)` instead.
  with autocast(self.mixed_precision):
[2026-03-30 11:50:33](logger.py 179): id=CC_FMNIST_C10CFG_K20_E100_DT_0_95 | Ep. 51/100 - Step 100/273 (2.47 it/s) |#######             | - loss_cc=4.557 - loss_ce=2.102 - loss_ne=0.0175 - loss_div=0.0 - threshold=1.0 - loss=6.676
/scratch/e0538389/DivClust/engine/trainer.py:41: FutureWarning: `torch.cuda.amp.autocast(args...)` is deprecated. Please use `torch.amp.autocast('cuda', args...)` instead.
  with autocast(self.mixed_precision):
[2026-03-30 11:50:43](logger.py 179): id=CC_FMNIST_C10CFG_K20_E100_DT_0_95 | Ep. 51/100 - Step 125/273 (2.47 it/s) |#########           | - loss_cc=4.556 - loss_ce=2.101 - loss_ne=0.0172 - loss_div=0.0 - threshold=1.0 - loss=6.674
/scratch/e0538389/DivClust/engine/trainer.py:41: FutureWarning: `torch.cuda.amp.autocast(args...)` is deprecated. Please use `torch.amp.autocast('cuda', args...)` instead.
  with autocast(self.mixed_precision):
[2026-03-30 11:50:54](logger.py 179): id=CC_FMNIST_C10CFG_K20_E100_DT_0_95 | Ep. 51/100 - Step 150/273 (2.48 it/s) |##########          | - loss_cc=4.554 - loss_ce=2.101 - loss_ne=0.0172 - loss_div=0.0 - threshold=1.0 - loss=6.673
/scratch/e0538389/DivClust/engine/trainer.py:41: FutureWarning: `torch.cuda.amp.autocast(args...)` is deprecated. Please use `torch.amp.autocast('cuda', args...)` instead.
  with autocast(self.mixed_precision):
[2026-03-30 11:51:04](logger.py 179): id=CC_FMNIST_C10CFG_K20_E100_DT_0_95 | Ep. 51/100 - Step 175/273 (2.48 it/s) |############        | - loss_cc=4.554 - loss_ce=2.101 - loss_ne=0.0169 - loss_div=0.0 - threshold=1.0 - loss=6.672
/scratch/e0538389/DivClust/engine/trainer.py:41: FutureWarning: `torch.cuda.amp.autocast(args...)` is deprecated. Please use `torch.amp.autocast('cuda', args...)` instead.
  with autocast(self.mixed_precision):
/scratch/e0538389/DivClust/engine/trainer.py:41: FutureWarning: `torch.cuda.amp.autocast(args...)` is deprecated. Please use `torch.amp.autocast('cuda', args...)` instead.
  with autocast(self.mixed_precision):
[2026-03-30 11:51:14](logger.py 179): id=CC_FMNIST_C10CFG_K20_E100_DT_0_95 | Ep. 51/100 - Step 200/273 (2.47 it/s) |##############      | - loss_cc=4.554 - loss_ce=2.101 - loss_ne=0.017 - loss_div=0.0 - threshold=1.0 - loss=6.672
/scratch/e0538389/DivClust/engine/trainer.py:41: FutureWarning: `torch.cuda.amp.autocast(args...)` is deprecated. Please use `torch.amp.autocast('cuda', args...)` instead.
  with autocast(self.mixed_precision):
[2026-03-30 11:51:24](logger.py 179): id=CC_FMNIST_C10CFG_K20_E100_DT_0_95 | Ep. 51/100 - Step 225/273 (2.47 it/s) |################    | - loss_cc=4.554 - loss_ce=2.101 - loss_ne=0.0169 - loss_div=0.0 - threshold=1.0 - loss=6.672
/scratch/e0538389/DivClust/engine/trainer.py:41: FutureWarning: `torch.cuda.amp.autocast(args...)` is deprecated. Please use `torch.amp.autocast('cuda', args...)` instead.
  with autocast(self.mixed_precision):
[2026-03-30 11:51:34](logger.py 179): id=CC_FMNIST_C10CFG_K20_E100_DT_0_95 | Ep. 51/100 - Step 250/273 (2.47 it/s) |##################  | - loss_cc=4.554 - loss_ce=2.101 - loss_ne=0.0177 - loss_div=0.00181 - threshold=0.999 - loss=6.674
/scratch/e0538389/DivClust/engine/trainer.py:41: FutureWarning: `torch.cuda.amp.autocast(args...)` is deprecated. Please use `torch.amp.autocast('cuda', args...)` instead.
  with autocast(self.mixed_precision):
[2026-03-30 11:51:43](logger.py 179): id=CC_FMNIST_C10CFG_K20_E100_DT_0_95 | Ep. 51/100 | Time: 00:01 | loss_cc=4.553 - loss_ce=2.101 - loss_ne=0.0181 - loss_div=0.00166 - threshold=0.999 - loss=6.674
[2026-03-30 11:51:45](logger.py 179): id=CC_FMNIST_C10CFG_K20_E100_DT_0_95 | Ep. 52/100 - Step 0/273 (0.0 it/s) |                    | - loss_cc=4.587 - loss_ce=2.128 - loss_ne=0.0138 - loss_div=0.0 - threshold=1.0 - loss=6.728
/scratch/e0538389/DivClust/engine/trainer.py:41: FutureWarning: `torch.cuda.amp.autocast(args...)` is deprecated. Please use `torch.amp.autocast('cuda', args...)` instead.
  with autocast(self.mixed_precision):
/scratch/e0538389/DivClust/engine/trainer.py:41: FutureWarning: `torch.cuda.amp.autocast(args...)` is deprecated. Please use `torch.amp.autocast('cuda', args...)` instead.
  with autocast(self.mixed_precision):
[2026-03-30 11:51:55](logger.py 179): id=CC_FMNIST_C10CFG_K20_E100_DT_0_95 | Ep. 52/100 - Step 25/273 (2.41 it/s) |#                   | - loss_cc=4.553 - loss_ce=2.104 - loss_ne=0.0175 - loss_div=0.0 - threshold=1.0 - loss=6.674
/scratch/e0538389/DivClust/engine/trainer.py:41: FutureWarning: `torch.cuda.amp.autocast(args...)` is deprecated. Please use `torch.amp.autocast('cuda', args...)` instead.
  with autocast(self.mixed_precision):
[2026-03-30 11:52:05](logger.py 179): id=CC_FMNIST_C10CFG_K20_E100_DT_0_95 | Ep. 52/100 - Step 50/273 (2.45 it/s) |###                 | - loss_cc=4.553 - loss_ce=2.102 - loss_ne=0.0168 - loss_div=0.0 - threshold=1.0 - loss=6.672
/scratch/e0538389/DivClust/engine/trainer.py:41: FutureWarning: `torch.cuda.amp.autocast(args...)` is deprecated. Please use `torch.amp.autocast('cuda', args...)` instead.
  with autocast(self.mixed_precision):
[2026-03-30 11:52:16](logger.py 179): id=CC_FMNIST_C10CFG_K20_E100_DT_0_95 | Ep. 52/100 - Step 75/273 (2.46 it/s) |#####               | - loss_cc=4.553 - loss_ce=2.102 - loss_ne=0.0166 - loss_div=0.0 - threshold=1.0 - loss=6.672
/scratch/e0538389/DivClust/engine/trainer.py:41: FutureWarning: `torch.cuda.amp.autocast(args...)` is deprecated. Please use `torch.amp.autocast('cuda', args...)` instead.
  with autocast(self.mixed_precision):
[2026-03-30 11:52:26](logger.py 179): id=CC_FMNIST_C10CFG_K20_E100_DT_0_95 | Ep. 52/100 - Step 100/273 (2.46 it/s) |#######             | - loss_cc=4.554 - loss_ce=2.102 - loss_ne=0.0178 - loss_div=0.0 - threshold=1.0 - loss=6.674
/scratch/e0538389/DivClust/engine/trainer.py:41: FutureWarning: `torch.cuda.amp.autocast(args...)` is deprecated. Please use `torch.amp.autocast('cuda', args...)` instead.
  with autocast(self.mixed_precision):
/scratch/e0538389/DivClust/engine/trainer.py:41: FutureWarning: `torch.cuda.amp.autocast(args...)` is deprecated. Please use `torch.amp.autocast('cuda', args...)` instead.
  with autocast(self.mixed_precision):
[2026-03-30 11:52:36](logger.py 179): id=CC_FMNIST_C10CFG_K20_E100_DT_0_95 | Ep. 52/100 - Step 125/273 (2.45 it/s) |#########           | - loss_cc=4.554 - loss_ce=2.102 - loss_ne=0.0174 - loss_div=0.0 - threshold=1.0 - loss=6.674
/scratch/e0538389/DivClust/engine/trainer.py:41: FutureWarning: `torch.cuda.amp.autocast(args...)` is deprecated. Please use `torch.amp.autocast('cuda', args...)` instead.
  with autocast(self.mixed_precision):
[2026-03-30 11:52:46](logger.py 179): id=CC_FMNIST_C10CFG_K20_E100_DT_0_95 | Ep. 52/100 - Step 150/273 (2.46 it/s) |##########          | - loss_cc=4.552 - loss_ce=2.102 - loss_ne=0.0168 - loss_div=0.0 - threshold=1.0 - loss=6.671
/scratch/e0538389/DivClust/engine/trainer.py:41: FutureWarning: `torch.cuda.amp.autocast(args...)` is deprecated. Please use `torch.amp.autocast('cuda', args...)` instead.
  with autocast(self.mixed_precision):
[2026-03-30 11:52:56](logger.py 179): id=CC_FMNIST_C10CFG_K20_E100_DT_0_95 | Ep. 52/100 - Step 175/273 (2.46 it/s) |############        | - loss_cc=4.552 - loss_ce=2.102 - loss_ne=0.0168 - loss_div=0.0 - threshold=1.0 - loss=6.671
/scratch/e0538389/DivClust/engine/trainer.py:41: FutureWarning: `torch.cuda.amp.autocast(args...)` is deprecated. Please use `torch.amp.autocast('cuda', args...)` instead.
  with autocast(self.mixed_precision):
[2026-03-30 11:53:06](logger.py 179): id=CC_FMNIST_C10CFG_K20_E100_DT_0_95 | Ep. 52/100 - Step 200/273 (2.46 it/s) |##############      | - loss_cc=4.552 - loss_ce=2.102 - loss_ne=0.0164 - loss_div=0.0 - threshold=1.0 - loss=6.67
/scratch/e0538389/DivClust/engine/trainer.py:41: FutureWarning: `torch.cuda.amp.autocast(args...)` is deprecated. Please use `torch.amp.autocast('cuda', args...)` instead.
  with autocast(self.mixed_precision):
/scratch/e0538389/DivClust/engine/trainer.py:41: FutureWarning: `torch.cuda.amp.autocast(args...)` is deprecated. Please use `torch.amp.autocast('cuda', args...)` instead.
  with autocast(self.mixed_precision):
[2026-03-30 11:53:16](logger.py 179): id=CC_FMNIST_C10CFG_K20_E100_DT_0_95 | Ep. 52/100 - Step 225/273 (2.46 it/s) |################    | - loss_cc=4.552 - loss_ce=2.101 - loss_ne=0.0164 - loss_div=0.0 - threshold=1.0 - loss=6.67
/scratch/e0538389/DivClust/engine/trainer.py:41: FutureWarning: `torch.cuda.amp.autocast(args...)` is deprecated. Please use `torch.amp.autocast('cuda', args...)` instead.
  with autocast(self.mixed_precision):
[2026-03-30 11:53:27](logger.py 179): id=CC_FMNIST_C10CFG_K20_E100_DT_0_95 | Ep. 52/100 - Step 250/273 (2.46 it/s) |##################  | - loss_cc=4.551 - loss_ce=2.101 - loss_ne=0.0164 - loss_div=0.0 - threshold=1.0 - loss=6.668
/scratch/e0538389/DivClust/engine/trainer.py:41: FutureWarning: `torch.cuda.amp.autocast(args...)` is deprecated. Please use `torch.amp.autocast('cuda', args...)` instead.
  with autocast(self.mixed_precision):
[2026-03-30 11:53:35](logger.py 179): id=CC_FMNIST_C10CFG_K20_E100_DT_0_95 | Ep. 52/100 | Time: 00:01 | loss_cc=4.551 - loss_ce=2.101 - loss_ne=0.0167 - loss_div=0.0 - threshold=1.0 - loss=6.668
[2026-03-30 11:53:37](logger.py 179): id=CC_FMNIST_C10CFG_K20_E100_DT_0_95 | Ep. 53/100 - Step 0/273 (0.0 it/s) |                    | - loss_cc=4.558 - loss_ce=2.102 - loss_ne=0.00275 - loss_div=0.0 - threshold=1.0 - loss=6.663
/scratch/e0538389/DivClust/engine/trainer.py:41: FutureWarning: `torch.cuda.amp.autocast(args...)` is deprecated. Please use `torch.amp.autocast('cuda', args...)` instead.
  with autocast(self.mixed_precision):
[2026-03-30 11:53:48](logger.py 179): id=CC_FMNIST_C10CFG_K20_E100_DT_0_95 | Ep. 53/100 - Step 25/273 (2.49 it/s) |#                   | - loss_cc=4.555 - loss_ce=2.103 - loss_ne=0.0177 - loss_div=0.0 - threshold=1.0 - loss=6.676
/scratch/e0538389/DivClust/engine/trainer.py:41: FutureWarning: `torch.cuda.amp.autocast(args...)` is deprecated. Please use `torch.amp.autocast('cuda', args...)` instead.
  with autocast(self.mixed_precision):
[2026-03-30 11:53:58](logger.py 179): id=CC_FMNIST_C10CFG_K20_E100_DT_0_95 | Ep. 53/100 - Step 50/273 (2.48 it/s) |###                 | - loss_cc=4.553 - loss_ce=2.102 - loss_ne=0.0188 - loss_div=0.0 - threshold=1.0 - loss=6.674
/scratch/e0538389/DivClust/engine/trainer.py:41: FutureWarning: `torch.cuda.amp.autocast(args...)` is deprecated. Please use `torch.amp.autocast('cuda', args...)` instead.
  with autocast(self.mixed_precision):
/scratch/e0538389/DivClust/engine/trainer.py:41: FutureWarning: `torch.cuda.amp.autocast(args...)` is deprecated. Please use `torch.amp.autocast('cuda', args...)` instead.
  with autocast(self.mixed_precision):
[2026-03-30 11:54:08](logger.py 179): id=CC_FMNIST_C10CFG_K20_E100_DT_0_95 | Ep. 53/100 - Step 75/273 (2.46 it/s) |#####               | - loss_cc=4.553 - loss_ce=2.102 - loss_ne=0.0173 - loss_div=0.0 - threshold=1.0 - loss=6.672
/scratch/e0538389/DivClust/engine/trainer.py:41: FutureWarning: `torch.cuda.amp.autocast(args...)` is deprecated. Please use `torch.amp.autocast('cuda', args...)` instead.
  with autocast(self.mixed_precision):
[2026-03-30 11:54:18](logger.py 179): id=CC_FMNIST_C10CFG_K20_E100_DT_0_95 | Ep. 53/100 - Step 100/273 (2.47 it/s) |#######             | - loss_cc=4.551 - loss_ce=2.101 - loss_ne=0.0166 - loss_div=0.0 - threshold=1.0 - loss=6.669
/scratch/e0538389/DivClust/engine/trainer.py:41: FutureWarning: `torch.cuda.amp.autocast(args...)` is deprecated. Please use `torch.amp.autocast('cuda', args...)` instead.
  with autocast(self.mixed_precision):
[2026-03-30 11:54:28](logger.py 179): id=CC_FMNIST_C10CFG_K20_E100_DT_0_95 | Ep. 53/100 - Step 125/273 (2.47 it/s) |#########           | - loss_cc=4.551 - loss_ce=2.101 - loss_ne=0.0162 - loss_div=0.0 - threshold=1.0 - loss=6.668
/scratch/e0538389/DivClust/engine/trainer.py:41: FutureWarning: `torch.cuda.amp.autocast(args...)` is deprecated. Please use `torch.amp.autocast('cuda', args...)` instead.
  with autocast(self.mixed_precision):
[2026-03-30 11:54:38](logger.py 179): id=CC_FMNIST_C10CFG_K20_E100_DT_0_95 | Ep. 53/100 - Step 150/273 (2.47 it/s) |##########          | - loss_cc=4.552 - loss_ce=2.102 - loss_ne=0.0168 - loss_div=0.0 - threshold=1.0 - loss=6.67
/scratch/e0538389/DivClust/engine/trainer.py:41: FutureWarning: `torch.cuda.amp.autocast(args...)` is deprecated. Please use `torch.amp.autocast('cuda', args...)` instead.
  with autocast(self.mixed_precision):
/scratch/e0538389/DivClust/engine/trainer.py:41: FutureWarning: `torch.cuda.amp.autocast(args...)` is deprecated. Please use `torch.amp.autocast('cuda', args...)` instead.
  with autocast(self.mixed_precision):
[2026-03-30 11:54:49](logger.py 179): id=CC_FMNIST_C10CFG_K20_E100_DT_0_95 | Ep. 53/100 - Step 175/273 (2.46 it/s) |############        | - loss_cc=4.551 - loss_ce=2.101 - loss_ne=0.0166 - loss_div=0.0 - threshold=1.0 - loss=6.669
/scratch/e0538389/DivClust/engine/trainer.py:41: FutureWarning: `torch.cuda.amp.autocast(args...)` is deprecated. Please use `torch.amp.autocast('cuda', args...)` instead.
  with autocast(self.mixed_precision):
[2026-03-30 11:54:59](logger.py 179): id=CC_FMNIST_C10CFG_K20_E100_DT_0_95 | Ep. 53/100 - Step 200/273 (2.47 it/s) |##############      | - loss_cc=4.551 - loss_ce=2.101 - loss_ne=0.0167 - loss_div=0.0 - threshold=1.0 - loss=6.669
/scratch/e0538389/DivClust/engine/trainer.py:41: FutureWarning: `torch.cuda.amp.autocast(args...)` is deprecated. Please use `torch.amp.autocast('cuda', args...)` instead.
  with autocast(self.mixed_precision):
[2026-03-30 11:55:09](logger.py 179): id=CC_FMNIST_C10CFG_K20_E100_DT_0_95 | Ep. 53/100 - Step 225/273 (2.47 it/s) |################    | - loss_cc=4.55 - loss_ce=2.101 - loss_ne=0.0168 - loss_div=0.0 - threshold=1.0 - loss=6.668
/scratch/e0538389/DivClust/engine/trainer.py:41: FutureWarning: `torch.cuda.amp.autocast(args...)` is deprecated. Please use `torch.amp.autocast('cuda', args...)` instead.
  with autocast(self.mixed_precision):
[2026-03-30 11:55:19](logger.py 179): id=CC_FMNIST_C10CFG_K20_E100_DT_0_95 | Ep. 53/100 - Step 250/273 (2.47 it/s) |##################  | - loss_cc=4.55 - loss_ce=2.101 - loss_ne=0.017 - loss_div=0.0 - threshold=1.0 - loss=6.668
/scratch/e0538389/DivClust/engine/trainer.py:41: FutureWarning: `torch.cuda.amp.autocast(args...)` is deprecated. Please use `torch.amp.autocast('cuda', args...)` instead.
  with autocast(self.mixed_precision):
/scratch/e0538389/DivClust/engine/trainer.py:41: FutureWarning: `torch.cuda.amp.autocast(args...)` is deprecated. Please use `torch.amp.autocast('cuda', args...)` instead.
  with autocast(self.mixed_precision):
[2026-03-30 11:55:28](logger.py 179): id=CC_FMNIST_C10CFG_K20_E100_DT_0_95 | Ep. 53/100 | Time: 00:01 | loss_cc=4.551 - loss_ce=2.101 - loss_ne=0.017 - loss_div=0.0 - threshold=1.0 - loss=6.669
[2026-03-30 11:55:30](logger.py 179): id=CC_FMNIST_C10CFG_K20_E100_DT_0_95 | Ep. 54/100 - Step 0/273 (0.0 it/s) |                    | - loss_cc=4.528 - loss_ce=2.089 - loss_ne=0.0205 - loss_div=0.0 - threshold=1.0 - loss=6.637
/scratch/e0538389/DivClust/engine/trainer.py:41: FutureWarning: `torch.cuda.amp.autocast(args...)` is deprecated. Please use `torch.amp.autocast('cuda', args...)` instead.
  with autocast(self.mixed_precision):
[2026-03-30 11:55:40](logger.py 179): id=CC_FMNIST_C10CFG_K20_E100_DT_0_95 | Ep. 54/100 - Step 25/273 (2.48 it/s) |#                   | - loss_cc=4.552 - loss_ce=2.101 - loss_ne=0.0161 - loss_div=0.0 - threshold=1.0 - loss=6.67
/scratch/e0538389/DivClust/engine/trainer.py:41: FutureWarning: `torch.cuda.amp.autocast(args...)` is deprecated. Please use `torch.amp.autocast('cuda', args...)` instead.
  with autocast(self.mixed_precision):
[2026-03-30 11:55:50](logger.py 179): id=CC_FMNIST_C10CFG_K20_E100_DT_0_95 | Ep. 54/100 - Step 50/273 (2.48 it/s) |###                 | - loss_cc=4.547 - loss_ce=2.1 - loss_ne=0.0152 - loss_div=0.0 - threshold=1.0 - loss=6.662
/scratch/e0538389/DivClust/engine/trainer.py:41: FutureWarning: `torch.cuda.amp.autocast(args...)` is deprecated. Please use `torch.amp.autocast('cuda', args...)` instead.
  with autocast(self.mixed_precision):
[2026-03-30 11:56:00](logger.py 179): id=CC_FMNIST_C10CFG_K20_E100_DT_0_95 | Ep. 54/100 - Step 75/273 (2.48 it/s) |#####               | - loss_cc=4.548 - loss_ce=2.1 - loss_ne=0.016 - loss_div=0.0 - threshold=1.0 - loss=6.664
/scratch/e0538389/DivClust/engine/trainer.py:41: FutureWarning: `torch.cuda.amp.autocast(args...)` is deprecated. Please use `torch.amp.autocast('cuda', args...)` instead.
  with autocast(self.mixed_precision):
/scratch/e0538389/DivClust/engine/trainer.py:41: FutureWarning: `torch.cuda.amp.autocast(args...)` is deprecated. Please use `torch.amp.autocast('cuda', args...)` instead.
  with autocast(self.mixed_precision):
[2026-03-30 11:56:10](logger.py 179): id=CC_FMNIST_C10CFG_K20_E100_DT_0_95 | Ep. 54/100 - Step 100/273 (2.47 it/s) |#######             | - loss_cc=4.549 - loss_ce=2.1 - loss_ne=0.0167 - loss_div=0.0 - threshold=1.0 - loss=6.665
/scratch/e0538389/DivClust/engine/trainer.py:41: FutureWarning: `torch.cuda.amp.autocast(args...)` is deprecated. Please use `torch.amp.autocast('cuda', args...)` instead.
  with autocast(self.mixed_precision):
[2026-03-30 11:56:20](logger.py 179): id=CC_FMNIST_C10CFG_K20_E100_DT_0_95 | Ep. 54/100 - Step 125/273 (2.47 it/s) |#########           | - loss_cc=4.549 - loss_ce=2.1 - loss_ne=0.0162 - loss_div=0.0 - threshold=1.0 - loss=6.665
/scratch/e0538389/DivClust/engine/trainer.py:41: FutureWarning: `torch.cuda.amp.autocast(args...)` is deprecated. Please use `torch.amp.autocast('cuda', args...)` instead.
  with autocast(self.mixed_precision):
[2026-03-30 11:56:30](logger.py 179): id=CC_FMNIST_C10CFG_K20_E100_DT_0_95 | Ep. 54/100 - Step 150/273 (2.47 it/s) |##########          | - loss_cc=4.55 - loss_ce=2.1 - loss_ne=0.0164 - loss_div=0.0 - threshold=1.0 - loss=6.667
/scratch/e0538389/DivClust/engine/trainer.py:41: FutureWarning: `torch.cuda.amp.autocast(args...)` is deprecated. Please use `torch.amp.autocast('cuda', args...)` instead.
  with autocast(self.mixed_precision):
[2026-03-30 11:56:41](logger.py 179): id=CC_FMNIST_C10CFG_K20_E100_DT_0_95 | Ep. 54/100 - Step 175/273 (2.47 it/s) |############        | - loss_cc=4.549 - loss_ce=2.1 - loss_ne=0.0162 - loss_div=0.0 - threshold=1.0 - loss=6.666
/scratch/e0538389/DivClust/engine/trainer.py:41: FutureWarning: `torch.cuda.amp.autocast(args...)` is deprecated. Please use `torch.amp.autocast('cuda', args...)` instead.
  with autocast(self.mixed_precision):
/scratch/e0538389/DivClust/engine/trainer.py:41: FutureWarning: `torch.cuda.amp.autocast(args...)` is deprecated. Please use `torch.amp.autocast('cuda', args...)` instead.
  with autocast(self.mixed_precision):
[2026-03-30 11:56:51](logger.py 179): id=CC_FMNIST_C10CFG_K20_E100_DT_0_95 | Ep. 54/100 - Step 200/273 (2.47 it/s) |##############      | - loss_cc=4.549 - loss_ce=2.1 - loss_ne=0.016 - loss_div=0.0 - threshold=1.0 - loss=6.666
/scratch/e0538389/DivClust/engine/trainer.py:41: FutureWarning: `torch.cuda.amp.autocast(args...)` is deprecated. Please use `torch.amp.autocast('cuda', args...)` instead.
  with autocast(self.mixed_precision):
[2026-03-30 11:57:01](logger.py 179): id=CC_FMNIST_C10CFG_K20_E100_DT_0_95 | Ep. 54/100 - Step 225/273 (2.47 it/s) |################    | - loss_cc=4.55 - loss_ce=2.101 - loss_ne=0.0158 - loss_div=0.0 - threshold=1.0 - loss=6.667
/scratch/e0538389/DivClust/engine/trainer.py:41: FutureWarning: `torch.cuda.amp.autocast(args...)` is deprecated. Please use `torch.amp.autocast('cuda', args...)` instead.
  with autocast(self.mixed_precision):
[2026-03-30 11:57:11](logger.py 179): id=CC_FMNIST_C10CFG_K20_E100_DT_0_95 | Ep. 54/100 - Step 250/273 (2.47 it/s) |##################  | - loss_cc=4.551 - loss_ce=2.1 - loss_ne=0.0156 - loss_div=0.0 - threshold=1.0 - loss=6.667
/scratch/e0538389/DivClust/engine/trainer.py:41: FutureWarning: `torch.cuda.amp.autocast(args...)` is deprecated. Please use `torch.amp.autocast('cuda', args...)` instead.
  with autocast(self.mixed_precision):
[2026-03-30 11:57:20](logger.py 179): id=CC_FMNIST_C10CFG_K20_E100_DT_0_95 | Ep. 54/100 | Time: 00:01 | loss_cc=4.551 - loss_ce=2.1 - loss_ne=0.0156 - loss_div=0.0 - threshold=1.0 - loss=6.667
[2026-03-30 11:57:22](logger.py 179): id=CC_FMNIST_C10CFG_K20_E100_DT_0_95 | Ep. 55/100 - Step 0/273 (0.0 it/s) |                    | - loss_cc=4.543 - loss_ce=2.092 - loss_ne=0.0194 - loss_div=0.0 - threshold=1.0 - loss=6.655
/scratch/e0538389/DivClust/engine/trainer.py:41: FutureWarning: `torch.cuda.amp.autocast(args...)` is deprecated. Please use `torch.amp.autocast('cuda', args...)` instead.
  with autocast(self.mixed_precision):
[2026-03-30 11:57:32](logger.py 179): id=CC_FMNIST_C10CFG_K20_E100_DT_0_95 | Ep. 55/100 - Step 25/273 (2.42 it/s) |#                   | - loss_cc=4.55 - loss_ce=2.098 - loss_ne=0.0168 - loss_div=0.0 - threshold=1.0 - loss=6.665
/scratch/e0538389/DivClust/engine/trainer.py:41: FutureWarning: `torch.cuda.amp.autocast(args...)` is deprecated. Please use `torch.amp.autocast('cuda', args...)` instead.
  with autocast(self.mixed_precision):
/scratch/e0538389/DivClust/engine/trainer.py:41: FutureWarning: `torch.cuda.amp.autocast(args...)` is deprecated. Please use `torch.amp.autocast('cuda', args...)` instead.
  with autocast(self.mixed_precision):
[2026-03-30 11:57:43](logger.py 179): id=CC_FMNIST_C10CFG_K20_E100_DT_0_95 | Ep. 55/100 - Step 50/273 (2.45 it/s) |###                 | - loss_cc=4.549 - loss_ce=2.1 - loss_ne=0.0164 - loss_div=0.0 - threshold=1.0 - loss=6.665
/scratch/e0538389/DivClust/engine/trainer.py:41: FutureWarning: `torch.cuda.amp.autocast(args...)` is deprecated. Please use `torch.amp.autocast('cuda', args...)` instead.
  with autocast(self.mixed_precision):
[2026-03-30 11:57:53](logger.py 179): id=CC_FMNIST_C10CFG_K20_E100_DT_0_95 | Ep. 55/100 - Step 75/273 (2.46 it/s) |#####               | - loss_cc=4.55 - loss_ce=2.1 - loss_ne=0.0166 - loss_div=0.0 - threshold=1.0 - loss=6.666
/scratch/e0538389/DivClust/engine/trainer.py:41: FutureWarning: `torch.cuda.amp.autocast(args...)` is deprecated. Please use `torch.amp.autocast('cuda', args...)` instead.
  with autocast(self.mixed_precision):
[2026-03-30 11:58:03](logger.py 179): id=CC_FMNIST_C10CFG_K20_E100_DT_0_95 | Ep. 55/100 - Step 100/273 (2.46 it/s) |#######             | - loss_cc=4.55 - loss_ce=2.099 - loss_ne=0.0165 - loss_div=0.0 - threshold=1.0 - loss=6.665
/scratch/e0538389/DivClust/engine/trainer.py:41: FutureWarning: `torch.cuda.amp.autocast(args...)` is deprecated. Please use `torch.amp.autocast('cuda', args...)` instead.
  with autocast(self.mixed_precision):
[2026-03-30 11:58:13](logger.py 179): id=CC_FMNIST_C10CFG_K20_E100_DT_0_95 | Ep. 55/100 - Step 125/273 (2.45 it/s) |#########           | - loss_cc=4.55 - loss_ce=2.1 - loss_ne=0.0166 - loss_div=0.0 - threshold=1.0 - loss=6.667
/scratch/e0538389/DivClust/engine/trainer.py:41: FutureWarning: `torch.cuda.amp.autocast(args...)` is deprecated. Please use `torch.amp.autocast('cuda', args...)` instead.
  with autocast(self.mixed_precision):
/scratch/e0538389/DivClust/engine/trainer.py:41: FutureWarning: `torch.cuda.amp.autocast(args...)` is deprecated. Please use `torch.amp.autocast('cuda', args...)` instead.
  with autocast(self.mixed_precision):
[2026-03-30 11:58:23](logger.py 179): id=CC_FMNIST_C10CFG_K20_E100_DT_0_95 | Ep. 55/100 - Step 150/273 (2.46 it/s) |##########          | - loss_cc=4.549 - loss_ce=2.099 - loss_ne=0.0163 - loss_div=0.0 - threshold=1.0 - loss=6.664
/scratch/e0538389/DivClust/engine/trainer.py:41: FutureWarning: `torch.cuda.amp.autocast(args...)` is deprecated. Please use `torch.amp.autocast('cuda', args...)` instead.
  with autocast(self.mixed_precision):
[2026-03-30 11:58:33](logger.py 179): id=CC_FMNIST_C10CFG_K20_E100_DT_0_95 | Ep. 55/100 - Step 175/273 (2.46 it/s) |############        | - loss_cc=4.548 - loss_ce=2.099 - loss_ne=0.0161 - loss_div=0.0 - threshold=1.0 - loss=6.663
/scratch/e0538389/DivClust/engine/trainer.py:41: FutureWarning: `torch.cuda.amp.autocast(args...)` is deprecated. Please use `torch.amp.autocast('cuda', args...)` instead.
  with autocast(self.mixed_precision):
[2026-03-30 11:58:43](logger.py 179): id=CC_FMNIST_C10CFG_K20_E100_DT_0_95 | Ep. 55/100 - Step 200/273 (2.46 it/s) |##############      | - loss_cc=4.548 - loss_ce=2.099 - loss_ne=0.0164 - loss_div=0.0 - threshold=1.0 - loss=6.663
/scratch/e0538389/DivClust/engine/trainer.py:41: FutureWarning: `torch.cuda.amp.autocast(args...)` is deprecated. Please use `torch.amp.autocast('cuda', args...)` instead.
  with autocast(self.mixed_precision):
[2026-03-30 11:58:54](logger.py 179): id=CC_FMNIST_C10CFG_K20_E100_DT_0_95 | Ep. 55/100 - Step 225/273 (2.46 it/s) |################    | - loss_cc=4.548 - loss_ce=2.099 - loss_ne=0.0164 - loss_div=0.0 - threshold=1.0 - loss=6.664
/scratch/e0538389/DivClust/engine/trainer.py:41: FutureWarning: `torch.cuda.amp.autocast(args...)` is deprecated. Please use `torch.amp.autocast('cuda', args...)` instead.
  with autocast(self.mixed_precision):
/scratch/e0538389/DivClust/engine/trainer.py:41: FutureWarning: `torch.cuda.amp.autocast(args...)` is deprecated. Please use `torch.amp.autocast('cuda', args...)` instead.
  with autocast(self.mixed_precision):
[2026-03-30 11:59:04](logger.py 179): id=CC_FMNIST_C10CFG_K20_E100_DT_0_95 | Ep. 55/100 - Step 250/273 (2.46 it/s) |##################  | - loss_cc=4.548 - loss_ce=2.099 - loss_ne=0.0161 - loss_div=0.0 - threshold=1.0 - loss=6.663
/scratch/e0538389/DivClust/engine/trainer.py:41: FutureWarning: `torch.cuda.amp.autocast(args...)` is deprecated. Please use `torch.amp.autocast('cuda', args...)` instead.
  with autocast(self.mixed_precision):
[2026-03-30 11:59:13](logger.py 179): id=CC_FMNIST_C10CFG_K20_E100_DT_0_95 | Ep. 55/100 | Time: 00:01 | loss_cc=4.547 - loss_ce=2.099 - loss_ne=0.0161 - loss_div=0.0 - threshold=1.0 - loss=6.662
[2026-03-30 11:59:15](logger.py 179): id=CC_FMNIST_C10CFG_K20_E100_DT_0_95 | Ep. 56/100 - Step 0/273 (0.0 it/s) |                    | - loss_cc=4.593 - loss_ce=2.112 - loss_ne=0.0164 - loss_div=0.0 - threshold=1.0 - loss=6.721
/scratch/e0538389/DivClust/engine/trainer.py:41: FutureWarning: `torch.cuda.amp.autocast(args...)` is deprecated. Please use `torch.amp.autocast('cuda', args...)` instead.
  with autocast(self.mixed_precision):
[2026-03-30 11:59:25](logger.py 179): id=CC_FMNIST_C10CFG_K20_E100_DT_0_95 | Ep. 56/100 - Step 25/273 (2.48 it/s) |#                   | - loss_cc=4.555 - loss_ce=2.1 - loss_ne=0.0157 - loss_div=0.0 - threshold=1.0 - loss=6.671
/scratch/e0538389/DivClust/engine/trainer.py:41: FutureWarning: `torch.cuda.amp.autocast(args...)` is deprecated. Please use `torch.amp.autocast('cuda', args...)` instead.
  with autocast(self.mixed_precision):
[2026-03-30 11:59:35](logger.py 179): id=CC_FMNIST_C10CFG_K20_E100_DT_0_95 | Ep. 56/100 - Step 50/273 (2.48 it/s) |###                 | - loss_cc=4.551 - loss_ce=2.1 - loss_ne=0.0162 - loss_div=0.0 - threshold=1.0 - loss=6.667
/scratch/e0538389/DivClust/engine/trainer.py:41: FutureWarning: `torch.cuda.amp.autocast(args...)` is deprecated. Please use `torch.amp.autocast('cuda', args...)` instead.
  with autocast(self.mixed_precision):
/scratch/e0538389/DivClust/engine/trainer.py:41: FutureWarning: `torch.cuda.amp.autocast(args...)` is deprecated. Please use `torch.amp.autocast('cuda', args...)` instead.
  with autocast(self.mixed_precision):
[2026-03-30 11:59:45](logger.py 179): id=CC_FMNIST_C10CFG_K20_E100_DT_0_95 | Ep. 56/100 - Step 75/273 (2.46 it/s) |#####               | - loss_cc=4.551 - loss_ce=2.1 - loss_ne=0.0165 - loss_div=0.0 - threshold=1.0 - loss=6.668
/scratch/e0538389/DivClust/engine/trainer.py:41: FutureWarning: `torch.cuda.amp.autocast(args...)` is deprecated. Please use `torch.amp.autocast('cuda', args...)` instead.
  with autocast(self.mixed_precision):
[2026-03-30 11:59:55](logger.py 179): id=CC_FMNIST_C10CFG_K20_E100_DT_0_95 | Ep. 56/100 - Step 100/273 (2.47 it/s) |#######             | - loss_cc=4.551 - loss_ce=2.101 - loss_ne=0.0155 - loss_div=0.0 - threshold=1.0 - loss=6.667
/scratch/e0538389/DivClust/engine/trainer.py:41: FutureWarning: `torch.cuda.amp.autocast(args...)` is deprecated. Please use `torch.amp.autocast('cuda', args...)` instead.
  with autocast(self.mixed_precision):
[2026-03-30 12:00:05](logger.py 179): id=CC_FMNIST_C10CFG_K20_E100_DT_0_95 | Ep. 56/100 - Step 125/273 (2.47 it/s) |#########           | - loss_cc=4.549 - loss_ce=2.1 - loss_ne=0.0157 - loss_div=0.0 - threshold=1.0 - loss=6.665
/scratch/e0538389/DivClust/engine/trainer.py:41: FutureWarning: `torch.cuda.amp.autocast(args...)` is deprecated. Please use `torch.amp.autocast('cuda', args...)` instead.
  with autocast(self.mixed_precision):
[2026-03-30 12:00:15](logger.py 179): id=CC_FMNIST_C10CFG_K20_E100_DT_0_95 | Ep. 56/100 - Step 150/273 (2.47 it/s) |##########          | - loss_cc=4.548 - loss_ce=2.099 - loss_ne=0.0158 - loss_div=0.0 - threshold=1.0 - loss=6.663
/scratch/e0538389/DivClust/engine/trainer.py:41: FutureWarning: `torch.cuda.amp.autocast(args...)` is deprecated. Please use `torch.amp.autocast('cuda', args...)` instead.
  with autocast(self.mixed_precision):
/scratch/e0538389/DivClust/engine/trainer.py:41: FutureWarning: `torch.cuda.amp.autocast(args...)` is deprecated. Please use `torch.amp.autocast('cuda', args...)` instead.
  with autocast(self.mixed_precision):
[2026-03-30 12:00:26](logger.py 179): id=CC_FMNIST_C10CFG_K20_E100_DT_0_95 | Ep. 56/100 - Step 175/273 (2.46 it/s) |############        | - loss_cc=4.547 - loss_ce=2.099 - loss_ne=0.0154 - loss_div=0.0 - threshold=1.0 - loss=6.662
/scratch/e0538389/DivClust/engine/trainer.py:41: FutureWarning: `torch.cuda.amp.autocast(args...)` is deprecated. Please use `torch.amp.autocast('cuda', args...)` instead.
  with autocast(self.mixed_precision):
[2026-03-30 12:00:36](logger.py 179): id=CC_FMNIST_C10CFG_K20_E100_DT_0_95 | Ep. 56/100 - Step 200/273 (2.47 it/s) |##############      | - loss_cc=4.547 - loss_ce=2.099 - loss_ne=0.0156 - loss_div=0.0 - threshold=1.0 - loss=6.661
/scratch/e0538389/DivClust/engine/trainer.py:41: FutureWarning: `torch.cuda.amp.autocast(args...)` is deprecated. Please use `torch.amp.autocast('cuda', args...)` instead.
  with autocast(self.mixed_precision):
[2026-03-30 12:00:46](logger.py 179): id=CC_FMNIST_C10CFG_K20_E100_DT_0_95 | Ep. 56/100 - Step 225/273 (2.47 it/s) |################    | - loss_cc=4.547 - loss_ce=2.099 - loss_ne=0.0165 - loss_div=0.00173 - threshold=0.999 - loss=6.664
/scratch/e0538389/DivClust/engine/trainer.py:41: FutureWarning: `torch.cuda.amp.autocast(args...)` is deprecated. Please use `torch.amp.autocast('cuda', args...)` instead.
  with autocast(self.mixed_precision):
[2026-03-30 12:00:56](logger.py 179): id=CC_FMNIST_C10CFG_K20_E100_DT_0_95 | Ep. 56/100 - Step 250/273 (2.47 it/s) |##################  | - loss_cc=4.546 - loss_ce=2.099 - loss_ne=0.0168 - loss_div=0.00156 - threshold=0.999 - loss=6.664
/scratch/e0538389/DivClust/engine/trainer.py:41: FutureWarning: `torch.cuda.amp.autocast(args...)` is deprecated. Please use `torch.amp.autocast('cuda', args...)` instead.
  with autocast(self.mixed_precision):
[2026-03-30 12:01:05](logger.py 179): id=CC_FMNIST_C10CFG_K20_E100_DT_0_95 | Ep. 56/100 | Time: 00:01 | loss_cc=4.547 - loss_ce=2.099 - loss_ne=0.0168 - loss_div=0.00143 - threshold=0.999 - loss=6.665
/scratch/e0538389/DivClust/engine/trainer.py:41: FutureWarning: `torch.cuda.amp.autocast(args...)` is deprecated. Please use `torch.amp.autocast('cuda', args...)` instead.
  with autocast(self.mixed_precision):
[2026-03-30 12:01:07](logger.py 179): id=CC_FMNIST_C10CFG_K20_E100_DT_0_95 | Ep. 57/100 - Step 0/273 (0.0 it/s) |                    | - loss_cc=4.551 - loss_ce=2.102 - loss_ne=0.00618 - loss_div=0.0 - threshold=1.0 - loss=6.659
/scratch/e0538389/DivClust/engine/trainer.py:41: FutureWarning: `torch.cuda.amp.autocast(args...)` is deprecated. Please use `torch.amp.autocast('cuda', args...)` instead.
  with autocast(self.mixed_precision):
[2026-03-30 12:01:17](logger.py 179): id=CC_FMNIST_C10CFG_K20_E100_DT_0_95 | Ep. 57/100 - Step 25/273 (2.49 it/s) |#                   | - loss_cc=4.546 - loss_ce=2.1 - loss_ne=0.0141 - loss_div=0.0 - threshold=1.0 - loss=6.659
/scratch/e0538389/DivClust/engine/trainer.py:41: FutureWarning: `torch.cuda.amp.autocast(args...)` is deprecated. Please use `torch.amp.autocast('cuda', args...)` instead.
  with autocast(self.mixed_precision):
[2026-03-30 12:01:27](logger.py 179): id=CC_FMNIST_C10CFG_K20_E100_DT_0_95 | Ep. 57/100 - Step 50/273 (2.48 it/s) |###                 | - loss_cc=4.552 - loss_ce=2.102 - loss_ne=0.0158 - loss_div=0.0 - threshold=1.0 - loss=6.67
/scratch/e0538389/DivClust/engine/trainer.py:41: FutureWarning: `torch.cuda.amp.autocast(args...)` is deprecated. Please use `torch.amp.autocast('cuda', args...)` instead.
  with autocast(self.mixed_precision):
[2026-03-30 12:01:37](logger.py 179): id=CC_FMNIST_C10CFG_K20_E100_DT_0_95 | Ep. 57/100 - Step 75/273 (2.48 it/s) |#####               | - loss_cc=4.551 - loss_ce=2.101 - loss_ne=0.0164 - loss_div=0.0 - threshold=1.0 - loss=6.668
/scratch/e0538389/DivClust/engine/trainer.py:41: FutureWarning: `torch.cuda.amp.autocast(args...)` is deprecated. Please use `torch.amp.autocast('cuda', args...)` instead.
  with autocast(self.mixed_precision):
/scratch/e0538389/DivClust/engine/trainer.py:41: FutureWarning: `torch.cuda.amp.autocast(args...)` is deprecated. Please use `torch.amp.autocast('cuda', args...)` instead.
  with autocast(self.mixed_precision):
[2026-03-30 12:01:48](logger.py 179): id=CC_FMNIST_C10CFG_K20_E100_DT_0_95 | Ep. 57/100 - Step 100/273 (2.46 it/s) |#######             | - loss_cc=4.55 - loss_ce=2.1 - loss_ne=0.0166 - loss_div=0.0 - threshold=1.0 - loss=6.666
/scratch/e0538389/DivClust/engine/trainer.py:41: FutureWarning: `torch.cuda.amp.autocast(args...)` is deprecated. Please use `torch.amp.autocast('cuda', args...)` instead.
  with autocast(self.mixed_precision):
[2026-03-30 12:01:58](logger.py 179): id=CC_FMNIST_C10CFG_K20_E100_DT_0_95 | Ep. 57/100 - Step 125/273 (2.47 it/s) |#########           | - loss_cc=4.549 - loss_ce=2.1 - loss_ne=0.0165 - loss_div=0.0 - threshold=1.0 - loss=6.665
/scratch/e0538389/DivClust/engine/trainer.py:41: FutureWarning: `torch.cuda.amp.autocast(args...)` is deprecated. Please use `torch.amp.autocast('cuda', args...)` instead.
  with autocast(self.mixed_precision):
[2026-03-30 12:02:08](logger.py 179): id=CC_FMNIST_C10CFG_K20_E100_DT_0_95 | Ep. 57/100 - Step 150/273 (2.47 it/s) |##########          | - loss_cc=4.548 - loss_ce=2.099 - loss_ne=0.0165 - loss_div=0.0 - threshold=1.0 - loss=6.663
/scratch/e0538389/DivClust/engine/trainer.py:41: FutureWarning: `torch.cuda.amp.autocast(args...)` is deprecated. Please use `torch.amp.autocast('cuda', args...)` instead.
  with autocast(self.mixed_precision):
[2026-03-30 12:02:18](logger.py 179): id=CC_FMNIST_C10CFG_K20_E100_DT_0_95 | Ep. 57/100 - Step 175/273 (2.47 it/s) |############        | - loss_cc=4.547 - loss_ce=2.099 - loss_ne=0.0166 - loss_div=0.0 - threshold=1.0 - loss=6.663
/scratch/e0538389/DivClust/engine/trainer.py:41: FutureWarning: `torch.cuda.amp.autocast(args...)` is deprecated. Please use `torch.amp.autocast('cuda', args...)` instead.
  with autocast(self.mixed_precision):
/scratch/e0538389/DivClust/engine/trainer.py:41: FutureWarning: `torch.cuda.amp.autocast(args...)` is deprecated. Please use `torch.amp.autocast('cuda', args...)` instead.
  with autocast(self.mixed_precision):
[2026-03-30 12:02:28](logger.py 179): id=CC_FMNIST_C10CFG_K20_E100_DT_0_95 | Ep. 57/100 - Step 200/273 (2.47 it/s) |##############      | - loss_cc=4.546 - loss_ce=2.099 - loss_ne=0.0167 - loss_div=0.0 - threshold=1.0 - loss=6.662
/scratch/e0538389/DivClust/engine/trainer.py:41: FutureWarning: `torch.cuda.amp.autocast(args...)` is deprecated. Please use `torch.amp.autocast('cuda', args...)` instead.
  with autocast(self.mixed_precision):
[2026-03-30 12:02:38](logger.py 179): id=CC_FMNIST_C10CFG_K20_E100_DT_0_95 | Ep. 57/100 - Step 225/273 (2.47 it/s) |################    | - loss_cc=4.546 - loss_ce=2.099 - loss_ne=0.017 - loss_div=0.0 - threshold=1.0 - loss=6.662
/scratch/e0538389/DivClust/engine/trainer.py:41: FutureWarning: `torch.cuda.amp.autocast(args...)` is deprecated. Please use `torch.amp.autocast('cuda', args...)` instead.
  with autocast(self.mixed_precision):
[2026-03-30 12:02:48](logger.py 179): id=CC_FMNIST_C10CFG_K20_E100_DT_0_95 | Ep. 57/100 - Step 250/273 (2.47 it/s) |##################  | - loss_cc=4.546 - loss_ce=2.099 - loss_ne=0.0171 - loss_div=0.0 - threshold=1.0 - loss=6.662
/scratch/e0538389/DivClust/engine/trainer.py:41: FutureWarning: `torch.cuda.amp.autocast(args...)` is deprecated. Please use `torch.amp.autocast('cuda', args...)` instead.
  with autocast(self.mixed_precision):
[2026-03-30 12:02:57](logger.py 179): id=CC_FMNIST_C10CFG_K20_E100_DT_0_95 | Ep. 57/100 | Time: 00:01 | loss_cc=4.546 - loss_ce=2.099 - loss_ne=0.017 - loss_div=0.0 - threshold=1.0 - loss=6.662
[2026-03-30 12:02:59](logger.py 179): id=CC_FMNIST_C10CFG_K20_E100_DT_0_95 | Ep. 58/100 - Step 0/273 (0.0 it/s) |                    | - loss_cc=4.561 - loss_ce=2.107 - loss_ne=0.0221 - loss_div=0.0 - threshold=1.0 - loss=6.69
/scratch/e0538389/DivClust/engine/trainer.py:41: FutureWarning: `torch.cuda.amp.autocast(args...)` is deprecated. Please use `torch.amp.autocast('cuda', args...)` instead.
  with autocast(self.mixed_precision):
[2026-03-30 12:03:09](logger.py 179): id=CC_FMNIST_C10CFG_K20_E100_DT_0_95 | Ep. 58/100 - Step 25/273 (2.49 it/s) |#                   | - loss_cc=4.539 - loss_ce=2.095 - loss_ne=0.0159 - loss_div=0.0 - threshold=1.0 - loss=6.65
/scratch/e0538389/DivClust/engine/trainer.py:41: FutureWarning: `torch.cuda.amp.autocast(args...)` is deprecated. Please use `torch.amp.autocast('cuda', args...)` instead.
  with autocast(self.mixed_precision):
/scratch/e0538389/DivClust/engine/trainer.py:41: FutureWarning: `torch.cuda.amp.autocast(args...)` is deprecated. Please use `torch.amp.autocast('cuda', args...)` instead.
  with autocast(self.mixed_precision):
[2026-03-30 12:03:20](logger.py 179): id=CC_FMNIST_C10CFG_K20_E100_DT_0_95 | Ep. 58/100 - Step 50/273 (2.45 it/s) |###                 | - loss_cc=4.542 - loss_ce=2.097 - loss_ne=0.0168 - loss_div=0.0 - threshold=1.0 - loss=6.656
/scratch/e0538389/DivClust/engine/trainer.py:41: FutureWarning: `torch.cuda.amp.autocast(args...)` is deprecated. Please use `torch.amp.autocast('cuda', args...)` instead.
  with autocast(self.mixed_precision):
[2026-03-30 12:03:30](logger.py 179): id=CC_FMNIST_C10CFG_K20_E100_DT_0_95 | Ep. 58/100 - Step 75/273 (2.46 it/s) |#####               | - loss_cc=4.543 - loss_ce=2.098 - loss_ne=0.0167 - loss_div=0.0 - threshold=1.0 - loss=6.657
/scratch/e0538389/DivClust/engine/trainer.py:41: FutureWarning: `torch.cuda.amp.autocast(args...)` is deprecated. Please use `torch.amp.autocast('cuda', args...)` instead.
  with autocast(self.mixed_precision):
[2026-03-30 12:03:40](logger.py 179): id=CC_FMNIST_C10CFG_K20_E100_DT_0_95 | Ep. 58/100 - Step 100/273 (2.47 it/s) |#######             | - loss_cc=4.543 - loss_ce=2.097 - loss_ne=0.0161 - loss_div=0.0 - threshold=1.0 - loss=6.657
/scratch/e0538389/DivClust/engine/trainer.py:41: FutureWarning: `torch.cuda.amp.autocast(args...)` is deprecated. Please use `torch.amp.autocast('cuda', args...)` instead.
  with autocast(self.mixed_precision):
[2026-03-30 12:03:50](logger.py 179): id=CC_FMNIST_C10CFG_K20_E100_DT_0_95 | Ep. 58/100 - Step 125/273 (2.47 it/s) |#########           | - loss_cc=4.543 - loss_ce=2.097 - loss_ne=0.0167 - loss_div=0.0 - threshold=1.0 - loss=6.657
/scratch/e0538389/DivClust/engine/trainer.py:41: FutureWarning: `torch.cuda.amp.autocast(args...)` is deprecated. Please use `torch.amp.autocast('cuda', args...)` instead.
  with autocast(self.mixed_precision):
/scratch/e0538389/DivClust/engine/trainer.py:41: FutureWarning: `torch.cuda.amp.autocast(args...)` is deprecated. Please use `torch.amp.autocast('cuda', args...)` instead.
  with autocast(self.mixed_precision):
[2026-03-30 12:04:00](logger.py 179): id=CC_FMNIST_C10CFG_K20_E100_DT_0_95 | Ep. 58/100 - Step 150/273 (2.46 it/s) |##########          | - loss_cc=4.543 - loss_ce=2.097 - loss_ne=0.0167 - loss_div=0.0 - threshold=1.0 - loss=6.657
/scratch/e0538389/DivClust/engine/trainer.py:41: FutureWarning: `torch.cuda.amp.autocast(args...)` is deprecated. Please use `torch.amp.autocast('cuda', args...)` instead.
  with autocast(self.mixed_precision):
[2026-03-30 12:04:10](logger.py 179): id=CC_FMNIST_C10CFG_K20_E100_DT_0_95 | Ep. 58/100 - Step 175/273 (2.47 it/s) |############        | - loss_cc=4.543 - loss_ce=2.097 - loss_ne=0.0165 - loss_div=0.0 - threshold=1.0 - loss=6.657
/scratch/e0538389/DivClust/engine/trainer.py:41: FutureWarning: `torch.cuda.amp.autocast(args...)` is deprecated. Please use `torch.amp.autocast('cuda', args...)` instead.
  with autocast(self.mixed_precision):
[2026-03-30 12:04:20](logger.py 179): id=CC_FMNIST_C10CFG_K20_E100_DT_0_95 | Ep. 58/100 - Step 200/273 (2.47 it/s) |##############      | - loss_cc=4.543 - loss_ce=2.098 - loss_ne=0.0163 - loss_div=0.0 - threshold=1.0 - loss=6.657
/scratch/e0538389/DivClust/engine/trainer.py:41: FutureWarning: `torch.cuda.amp.autocast(args...)` is deprecated. Please use `torch.amp.autocast('cuda', args...)` instead.
  with autocast(self.mixed_precision):
[2026-03-30 12:04:30](logger.py 179): id=CC_FMNIST_C10CFG_K20_E100_DT_0_95 | Ep. 58/100 - Step 225/273 (2.47 it/s) |################    | - loss_cc=4.544 - loss_ce=2.098 - loss_ne=0.0165 - loss_div=0.0 - threshold=1.0 - loss=6.659
/scratch/e0538389/DivClust/engine/trainer.py:41: FutureWarning: `torch.cuda.amp.autocast(args...)` is deprecated. Please use `torch.amp.autocast('cuda', args...)` instead.
  with autocast(self.mixed_precision):
/scratch/e0538389/DivClust/engine/trainer.py:41: FutureWarning: `torch.cuda.amp.autocast(args...)` is deprecated. Please use `torch.amp.autocast('cuda', args...)` instead.
  with autocast(self.mixed_precision):
[2026-03-30 12:04:41](logger.py 179): id=CC_FMNIST_C10CFG_K20_E100_DT_0_95 | Ep. 58/100 - Step 250/273 (2.46 it/s) |##################  | - loss_cc=4.545 - loss_ce=2.098 - loss_ne=0.0165 - loss_div=0.0 - threshold=1.0 - loss=6.659
/scratch/e0538389/DivClust/engine/trainer.py:41: FutureWarning: `torch.cuda.amp.autocast(args...)` is deprecated. Please use `torch.amp.autocast('cuda', args...)` instead.
  with autocast(self.mixed_precision):
[2026-03-30 12:04:49](logger.py 179): id=CC_FMNIST_C10CFG_K20_E100_DT_0_95 | Ep. 58/100 | Time: 00:01 | loss_cc=4.545 - loss_ce=2.099 - loss_ne=0.0165 - loss_div=0.0 - threshold=1.0 - loss=6.66
[2026-03-30 12:04:51](logger.py 179): id=CC_FMNIST_C10CFG_K20_E100_DT_0_95 | Ep. 59/100 - Step 0/273 (0.0 it/s) |                    | - loss_cc=4.525 - loss_ce=2.091 - loss_ne=0.02 - loss_div=0.0 - threshold=1.0 - loss=6.637
/scratch/e0538389/DivClust/engine/trainer.py:41: FutureWarning: `torch.cuda.amp.autocast(args...)` is deprecated. Please use `torch.amp.autocast('cuda', args...)` instead.
  with autocast(self.mixed_precision):
[2026-03-30 12:05:02](logger.py 179): id=CC_FMNIST_C10CFG_K20_E100_DT_0_95 | Ep. 59/100 - Step 25/273 (2.49 it/s) |#                   | - loss_cc=4.542 - loss_ce=2.096 - loss_ne=0.0146 - loss_div=0.0 - threshold=1.0 - loss=6.653
/scratch/e0538389/DivClust/engine/trainer.py:41: FutureWarning: `torch.cuda.amp.autocast(args...)` is deprecated. Please use `torch.amp.autocast('cuda', args...)` instead.
  with autocast(self.mixed_precision):
[2026-03-30 12:05:12](logger.py 179): id=CC_FMNIST_C10CFG_K20_E100_DT_0_95 | Ep. 59/100 - Step 50/273 (2.48 it/s) |###                 | - loss_cc=4.543 - loss_ce=2.098 - loss_ne=0.0153 - loss_div=0.0 - threshold=1.0 - loss=6.656
/scratch/e0538389/DivClust/engine/trainer.py:41: FutureWarning: `torch.cuda.amp.autocast(args...)` is deprecated. Please use `torch.amp.autocast('cuda', args...)` instead.
  with autocast(self.mixed_precision):
/scratch/e0538389/DivClust/engine/trainer.py:41: FutureWarning: `torch.cuda.amp.autocast(args...)` is deprecated. Please use `torch.amp.autocast('cuda', args...)` instead.
  with autocast(self.mixed_precision):
[2026-03-30 12:05:22](logger.py 179): id=CC_FMNIST_C10CFG_K20_E100_DT_0_95 | Ep. 59/100 - Step 75/273 (2.46 it/s) |#####               | - loss_cc=4.544 - loss_ce=2.098 - loss_ne=0.0152 - loss_div=0.0 - threshold=1.0 - loss=6.658
/scratch/e0538389/DivClust/engine/trainer.py:41: FutureWarning: `torch.cuda.amp.autocast(args...)` is deprecated. Please use `torch.amp.autocast('cuda', args...)` instead.
  with autocast(self.mixed_precision):
[2026-03-30 12:05:32](logger.py 179): id=CC_FMNIST_C10CFG_K20_E100_DT_0_95 | Ep. 59/100 - Step 100/273 (2.47 it/s) |#######             | - loss_cc=4.542 - loss_ce=2.097 - loss_ne=0.0151 - loss_div=0.0 - threshold=1.0 - loss=6.654
/scratch/e0538389/DivClust/engine/trainer.py:41: FutureWarning: `torch.cuda.amp.autocast(args...)` is deprecated. Please use `torch.amp.autocast('cuda', args...)` instead.
  with autocast(self.mixed_precision):
[2026-03-30 12:05:42](logger.py 179): id=CC_FMNIST_C10CFG_K20_E100_DT_0_95 | Ep. 59/100 - Step 125/273 (2.47 it/s) |#########           | - loss_cc=4.542 - loss_ce=2.097 - loss_ne=0.0153 - loss_div=0.0 - threshold=1.0 - loss=6.654
/scratch/e0538389/DivClust/engine/trainer.py:41: FutureWarning: `torch.cuda.amp.autocast(args...)` is deprecated. Please use `torch.amp.autocast('cuda', args...)` instead.
  with autocast(self.mixed_precision):
[2026-03-30 12:05:52](logger.py 179): id=CC_FMNIST_C10CFG_K20_E100_DT_0_95 | Ep. 59/100 - Step 150/273 (2.47 it/s) |##########          | - loss_cc=4.542 - loss_ce=2.097 - loss_ne=0.0154 - loss_div=0.0 - threshold=1.0 - loss=6.655
/scratch/e0538389/DivClust/engine/trainer.py:41: FutureWarning: `torch.cuda.amp.autocast(args...)` is deprecated. Please use `torch.amp.autocast('cuda', args...)` instead.
  with autocast(self.mixed_precision):
/scratch/e0538389/DivClust/engine/trainer.py:41: FutureWarning: `torch.cuda.amp.autocast(args...)` is deprecated. Please use `torch.amp.autocast('cuda', args...)` instead.
  with autocast(self.mixed_precision):
[2026-03-30 12:06:02](logger.py 179): id=CC_FMNIST_C10CFG_K20_E100_DT_0_95 | Ep. 59/100 - Step 175/273 (2.47 it/s) |############        | - loss_cc=4.544 - loss_ce=2.098 - loss_ne=0.0152 - loss_div=0.0 - threshold=1.0 - loss=6.658
/scratch/e0538389/DivClust/engine/trainer.py:41: FutureWarning: `torch.cuda.amp.autocast(args...)` is deprecated. Please use `torch.amp.autocast('cuda', args...)` instead.
  with autocast(self.mixed_precision):
[2026-03-30 12:06:13](logger.py 179): id=CC_FMNIST_C10CFG_K20_E100_DT_0_95 | Ep. 59/100 - Step 200/273 (2.47 it/s) |##############      | - loss_cc=4.543 - loss_ce=2.098 - loss_ne=0.0153 - loss_div=0.0 - threshold=1.0 - loss=6.656
/scratch/e0538389/DivClust/engine/trainer.py:41: FutureWarning: `torch.cuda.amp.autocast(args...)` is deprecated. Please use `torch.amp.autocast('cuda', args...)` instead.
  with autocast(self.mixed_precision):
[2026-03-30 12:06:23](logger.py 179): id=CC_FMNIST_C10CFG_K20_E100_DT_0_95 | Ep. 59/100 - Step 225/273 (2.47 it/s) |################    | - loss_cc=4.543 - loss_ce=2.098 - loss_ne=0.0152 - loss_div=0.0 - threshold=1.0 - loss=6.656
/scratch/e0538389/DivClust/engine/trainer.py:41: FutureWarning: `torch.cuda.amp.autocast(args...)` is deprecated. Please use `torch.amp.autocast('cuda', args...)` instead.
  with autocast(self.mixed_precision):
[2026-03-30 12:06:33](logger.py 179): id=CC_FMNIST_C10CFG_K20_E100_DT_0_95 | Ep. 59/100 - Step 250/273 (2.47 it/s) |##################  | - loss_cc=4.544 - loss_ce=2.098 - loss_ne=0.0154 - loss_div=0.0 - threshold=1.0 - loss=6.657
/scratch/e0538389/DivClust/engine/trainer.py:41: FutureWarning: `torch.cuda.amp.autocast(args...)` is deprecated. Please use `torch.amp.autocast('cuda', args...)` instead.
  with autocast(self.mixed_precision):
[2026-03-30 12:06:41](logger.py 179): id=CC_FMNIST_C10CFG_K20_E100_DT_0_95 | Ep. 59/100 | Time: 00:01 | loss_cc=4.544 - loss_ce=2.098 - loss_ne=0.0153 - loss_div=0.0 - threshold=1.0 - loss=6.658
[2026-03-30 12:06:44](logger.py 179): id=CC_FMNIST_C10CFG_K20_E100_DT_0_95 | Ep. 60/100 - Step 0/273 (0.0 it/s) |                    | - loss_cc=4.536 - loss_ce=2.096 - loss_ne=0.023 - loss_div=0.0 - threshold=1.0 - loss=6.655
/scratch/e0538389/DivClust/engine/trainer.py:41: FutureWarning: `torch.cuda.amp.autocast(args...)` is deprecated. Please use `torch.amp.autocast('cuda', args...)` instead.
  with autocast(self.mixed_precision):
/scratch/e0538389/DivClust/engine/trainer.py:41: FutureWarning: `torch.cuda.amp.autocast(args...)` is deprecated. Please use `torch.amp.autocast('cuda', args...)` instead.
  with autocast(self.mixed_precision):
[2026-03-30 12:06:54](logger.py 179): id=CC_FMNIST_C10CFG_K20_E100_DT_0_95 | Ep. 60/100 - Step 25/273 (2.48 it/s) |#                   | - loss_cc=4.542 - loss_ce=2.098 - loss_ne=0.0141 - loss_div=0.0 - threshold=1.0 - loss=6.654
/scratch/e0538389/DivClust/engine/trainer.py:41: FutureWarning: `torch.cuda.amp.autocast(args...)` is deprecated. Please use `torch.amp.autocast('cuda', args...)` instead.
  with autocast(self.mixed_precision):
[2026-03-30 12:07:04](logger.py 179): id=CC_FMNIST_C10CFG_K20_E100_DT_0_95 | Ep. 60/100 - Step 50/273 (2.48 it/s) |###                 | - loss_cc=4.541 - loss_ce=2.097 - loss_ne=0.0148 - loss_div=0.0 - threshold=1.0 - loss=6.654
/scratch/e0538389/DivClust/engine/trainer.py:41: FutureWarning: `torch.cuda.amp.autocast(args...)` is deprecated. Please use `torch.amp.autocast('cuda', args...)` instead.
  with autocast(self.mixed_precision):
[2026-03-30 12:07:14](logger.py 179): id=CC_FMNIST_C10CFG_K20_E100_DT_0_95 | Ep. 60/100 - Step 75/273 (2.48 it/s) |#####               | - loss_cc=4.544 - loss_ce=2.098 - loss_ne=0.015 - loss_div=0.0 - threshold=1.0 - loss=6.657
/scratch/e0538389/DivClust/engine/trainer.py:41: FutureWarning: `torch.cuda.amp.autocast(args...)` is deprecated. Please use `torch.amp.autocast('cuda', args...)` instead.
  with autocast(self.mixed_precision):
[2026-03-30 12:07:24](logger.py 179): id=CC_FMNIST_C10CFG_K20_E100_DT_0_95 | Ep. 60/100 - Step 100/273 (2.47 it/s) |#######             | - loss_cc=4.543 - loss_ce=2.098 - loss_ne=0.0156 - loss_div=0.0 - threshold=1.0 - loss=6.656
/scratch/e0538389/DivClust/engine/trainer.py:41: FutureWarning: `torch.cuda.amp.autocast(args...)` is deprecated. Please use `torch.amp.autocast('cuda', args...)` instead.
  with autocast(self.mixed_precision):
/scratch/e0538389/DivClust/engine/trainer.py:41: FutureWarning: `torch.cuda.amp.autocast(args...)` is deprecated. Please use `torch.amp.autocast('cuda', args...)` instead.
  with autocast(self.mixed_precision):
[2026-03-30 12:07:34](logger.py 179): id=CC_FMNIST_C10CFG_K20_E100_DT_0_95 | Ep. 60/100 - Step 125/273 (2.47 it/s) |#########           | - loss_cc=4.543 - loss_ce=2.098 - loss_ne=0.0154 - loss_div=0.0 - threshold=1.0 - loss=6.657
/scratch/e0538389/DivClust/engine/trainer.py:41: FutureWarning: `torch.cuda.amp.autocast(args...)` is deprecated. Please use `torch.amp.autocast('cuda', args...)` instead.
  with autocast(self.mixed_precision):
[2026-03-30 12:07:44](logger.py 179): id=CC_FMNIST_C10CFG_K20_E100_DT_0_95 | Ep. 60/100 - Step 150/273 (2.47 it/s) |##########          | - loss_cc=4.544 - loss_ce=2.098 - loss_ne=0.0153 - loss_div=0.0 - threshold=1.0 - loss=6.657
/scratch/e0538389/DivClust/engine/trainer.py:41: FutureWarning: `torch.cuda.amp.autocast(args...)` is deprecated. Please use `torch.amp.autocast('cuda', args...)` instead.
  with autocast(self.mixed_precision):
[2026-03-30 12:07:54](logger.py 179): id=CC_FMNIST_C10CFG_K20_E100_DT_0_95 | Ep. 60/100 - Step 175/273 (2.47 it/s) |############        | - loss_cc=4.543 - loss_ce=2.098 - loss_ne=0.0155 - loss_div=0.0 - threshold=1.0 - loss=6.656
/scratch/e0538389/DivClust/engine/trainer.py:41: FutureWarning: `torch.cuda.amp.autocast(args...)` is deprecated. Please use `torch.amp.autocast('cuda', args...)` instead.
  with autocast(self.mixed_precision):
[2026-03-30 12:08:05](logger.py 179): id=CC_FMNIST_C10CFG_K20_E100_DT_0_95 | Ep. 60/100 - Step 200/273 (2.47 it/s) |##############      | - loss_cc=4.543 - loss_ce=2.098 - loss_ne=0.0155 - loss_div=0.0 - threshold=1.0 - loss=6.657
/scratch/e0538389/DivClust/engine/trainer.py:41: FutureWarning: `torch.cuda.amp.autocast(args...)` is deprecated. Please use `torch.amp.autocast('cuda', args...)` instead.
  with autocast(self.mixed_precision):
/scratch/e0538389/DivClust/engine/trainer.py:41: FutureWarning: `torch.cuda.amp.autocast(args...)` is deprecated. Please use `torch.amp.autocast('cuda', args...)` instead.
  with autocast(self.mixed_precision):
[2026-03-30 12:08:15](logger.py 179): id=CC_FMNIST_C10CFG_K20_E100_DT_0_95 | Ep. 60/100 - Step 225/273 (2.47 it/s) |################    | - loss_cc=4.543 - loss_ce=2.098 - loss_ne=0.0157 - loss_div=0.0 - threshold=1.0 - loss=6.657
/scratch/e0538389/DivClust/engine/trainer.py:41: FutureWarning: `torch.cuda.amp.autocast(args...)` is deprecated. Please use `torch.amp.autocast('cuda', args...)` instead.
  with autocast(self.mixed_precision):
[2026-03-30 12:08:25](logger.py 179): id=CC_FMNIST_C10CFG_K20_E100_DT_0_95 | Ep. 60/100 - Step 250/273 (2.47 it/s) |##################  | - loss_cc=4.543 - loss_ce=2.098 - loss_ne=0.0159 - loss_div=0.0 - threshold=1.0 - loss=6.657
/scratch/e0538389/DivClust/engine/trainer.py:41: FutureWarning: `torch.cuda.amp.autocast(args...)` is deprecated. Please use `torch.amp.autocast('cuda', args...)` instead.
  with autocast(self.mixed_precision):
[2026-03-30 12:08:34](logger.py 179): Evaluating
[2026-03-30 12:08:34](logger.py 179): Eval. step 0 of 274
[2026-03-30 12:08:36](logger.py 179): Eval. step 25 of 274
[2026-03-30 12:08:39](logger.py 179): Eval. step 50 of 274
[2026-03-30 12:08:41](logger.py 179): Eval. step 75 of 274
[2026-03-30 12:08:43](logger.py 179): Eval. step 100 of 274
[2026-03-30 12:08:46](logger.py 179): Eval. step 125 of 274
[2026-03-30 12:08:48](logger.py 179): Eval. step 150 of 274
[2026-03-30 12:08:50](logger.py 179): Eval. step 175 of 274
[2026-03-30 12:08:53](logger.py 179): Eval. step 200 of 274
[2026-03-30 12:08:55](logger.py 179): Eval. step 225 of 274
[2026-03-30 12:08:57](logger.py 179): Eval. step 250 of 274
[2026-03-30 12:09:01](logger.py 179): id=CC_FMNIST_C10CFG_K20_E100_DT_0_95 | Ep. 60/100 | Time: 00:02 | loss_cc=4.543 - loss_ce=2.098 - loss_ne=0.0158 - loss_div=0.0 - threshold=1.0 - loss=6.656 - eval_confidence=0.853 - cluster_acc_0_eval=64.65 - cluster_nmi_0_eval=0.61 - cluster_ari_0_eval=0.515 - cluster_acc_1_eval=65.01 - cluster_nmi_1_eval=0.614 - cluster_ari_1_eval=0.521 - cluster_acc_2_eval=64.63 - cluster_nmi_2_eval=0.609 - cluster_ari_2_eval=0.514 - cluster_acc_3_eval=65.06 - cluster_nmi_3_eval=0.611 - cluster_ari_3_eval=0.516 - cluster_acc_4_eval=65.05 - cluster_nmi_4_eval=0.612 - cluster_ari_4_eval=0.516 - cluster_acc_5_eval=64.97 - cluster_nmi_5_eval=0.612 - cluster_ari_5_eval=0.516 - cluster_acc_6_eval=64.65 - cluster_nmi_6_eval=0.613 - cluster_ari_6_eval=0.516 - cluster_acc_7_eval=64.88 - cluster_nmi_7_eval=0.612 - cluster_ari_7_eval=0.516 - cluster_acc_8_eval=65.48 - cluster_nmi_8_eval=0.612 - cluster_ari_8_eval=0.517 - cluster_acc_9_eval=64.95 - cluster_nmi_9_eval=0.611 - cluster_ari_9_eval=0.517 - cluster_acc_10_eval=64.84 - cluster_nmi_10_eval=0.611 - cluster_ari_10_eval=0.516 - cluster_acc_11_eval=65.26 - cluster_nmi_11_eval=0.612 - cluster_ari_11_eval=0.519 - cluster_acc_12_eval=64.82 - cluster_nmi_12_eval=0.611 - cluster_ari_12_eval=0.517 - cluster_acc_13_eval=65.34 - cluster_nmi_13_eval=0.615 - cluster_ari_13_eval=0.521 - cluster_acc_14_eval=65.15 - cluster_nmi_14_eval=0.614 - cluster_ari_14_eval=0.52 - cluster_acc_15_eval=64.6 - cluster_nmi_15_eval=0.61 - cluster_ari_15_eval=0.513 - cluster_acc_16_eval=65.17 - cluster_nmi_16_eval=0.613 - cluster_ari_16_eval=0.519 - cluster_acc_17_eval=65.06 - cluster_nmi_17_eval=0.61 - cluster_ari_17_eval=0.514 - cluster_acc_18_eval=64.65 - cluster_nmi_18_eval=0.609 - cluster_ari_18_eval=0.513 - cluster_acc_19_eval=64.62 - cluster_nmi_19_eval=0.612 - cluster_ari_19_eval=0.517 - max_cluster_acc_eval=65.48 - mean_cluster_acc_eval=64.94 - min_cluster_acc_eval=64.6 - max_cluster_nmi_eval=0.615 - mean_cluster_nmi_eval=0.612 - min_cluster_nmi_eval=0.609 - max_cluster_ari_eval=0.521 - mean_cluster_ari_eval=0.517 - min_cluster_ari_eval=0.513 - interclustering_nmi_eval=0.935
/scratch/e0538389/DivClust/engine/trainer.py:41: FutureWarning: `torch.cuda.amp.autocast(args...)` is deprecated. Please use `torch.amp.autocast('cuda', args...)` instead.
  with autocast(self.mixed_precision):
[2026-03-30 12:09:03](logger.py 179): id=CC_FMNIST_C10CFG_K20_E100_DT_0_95 | Ep. 61/100 - Step 0/273 (0.0 it/s) |                    | - loss_cc=4.553 - loss_ce=2.112 - loss_ne=0.0128 - loss_div=0.0 - threshold=1.0 - loss=6.678
/scratch/e0538389/DivClust/engine/trainer.py:41: FutureWarning: `torch.cuda.amp.autocast(args...)` is deprecated. Please use `torch.amp.autocast('cuda', args...)` instead.
  with autocast(self.mixed_precision):
[2026-03-30 12:09:13](logger.py 179): id=CC_FMNIST_C10CFG_K20_E100_DT_0_95 | Ep. 61/100 - Step 25/273 (2.49 it/s) |#                   | - loss_cc=4.551 - loss_ce=2.102 - loss_ne=0.0174 - loss_div=0.0 - threshold=1.0 - loss=6.67
/scratch/e0538389/DivClust/engine/trainer.py:41: FutureWarning: `torch.cuda.amp.autocast(args...)` is deprecated. Please use `torch.amp.autocast('cuda', args...)` instead.
  with autocast(self.mixed_precision):
/scratch/e0538389/DivClust/engine/trainer.py:41: FutureWarning: `torch.cuda.amp.autocast(args...)` is deprecated. Please use `torch.amp.autocast('cuda', args...)` instead.
  with autocast(self.mixed_precision):
[2026-03-30 12:09:24](logger.py 179): id=CC_FMNIST_C10CFG_K20_E100_DT_0_95 | Ep. 61/100 - Step 50/273 (2.46 it/s) |###                 | - loss_cc=4.55 - loss_ce=2.101 - loss_ne=0.0161 - loss_div=0.0 - threshold=1.0 - loss=6.667
/scratch/e0538389/DivClust/engine/trainer.py:41: FutureWarning: `torch.cuda.amp.autocast(args...)` is deprecated. Please use `torch.amp.autocast('cuda', args...)` instead.
  with autocast(self.mixed_precision):
[2026-03-30 12:09:34](logger.py 179): id=CC_FMNIST_C10CFG_K20_E100_DT_0_95 | Ep. 61/100 - Step 75/273 (2.47 it/s) |#####               | - loss_cc=4.548 - loss_ce=2.1 - loss_ne=0.0173 - loss_div=0.0 - threshold=1.0 - loss=6.665
/scratch/e0538389/DivClust/engine/trainer.py:41: FutureWarning: `torch.cuda.amp.autocast(args...)` is deprecated. Please use `torch.amp.autocast('cuda', args...)` instead.
  with autocast(self.mixed_precision):
[2026-03-30 12:09:44](logger.py 179): id=CC_FMNIST_C10CFG_K20_E100_DT_0_95 | Ep. 61/100 - Step 100/273 (2.47 it/s) |#######             | - loss_cc=4.545 - loss_ce=2.099 - loss_ne=0.0163 - loss_div=0.0 - threshold=1.0 - loss=6.66
/scratch/e0538389/DivClust/engine/trainer.py:41: FutureWarning: `torch.cuda.amp.autocast(args...)` is deprecated. Please use `torch.amp.autocast('cuda', args...)` instead.
  with autocast(self.mixed_precision):
[2026-03-30 12:09:54](logger.py 179): id=CC_FMNIST_C10CFG_K20_E100_DT_0_95 | Ep. 61/100 - Step 125/273 (2.48 it/s) |#########           | - loss_cc=4.546 - loss_ce=2.099 - loss_ne=0.0174 - loss_div=0.00408 - threshold=0.998 - loss=6.666
/scratch/e0538389/DivClust/engine/trainer.py:41: FutureWarning: `torch.cuda.amp.autocast(args...)` is deprecated. Please use `torch.amp.autocast('cuda', args...)` instead.
  with autocast(self.mixed_precision):
/scratch/e0538389/DivClust/engine/trainer.py:41: FutureWarning: `torch.cuda.amp.autocast(args...)` is deprecated. Please use `torch.amp.autocast('cuda', args...)` instead.
  with autocast(self.mixed_precision):
[2026-03-30 12:10:04](logger.py 179): id=CC_FMNIST_C10CFG_K20_E100_DT_0_95 | Ep. 61/100 - Step 150/273 (2.46 it/s) |##########          | - loss_cc=4.545 - loss_ce=2.098 - loss_ne=0.0176 - loss_div=0.0034 - threshold=0.999 - loss=6.664
/scratch/e0538389/DivClust/engine/trainer.py:41: FutureWarning: `torch.cuda.amp.autocast(args...)` is deprecated. Please use `torch.amp.autocast('cuda', args...)` instead.
  with autocast(self.mixed_precision):
[2026-03-30 12:10:14](logger.py 179): id=CC_FMNIST_C10CFG_K20_E100_DT_0_95 | Ep. 61/100 - Step 175/273 (2.47 it/s) |############        | - loss_cc=4.544 - loss_ce=2.098 - loss_ne=0.0175 - loss_div=0.00292 - threshold=0.999 - loss=6.663
/scratch/e0538389/DivClust/engine/trainer.py:41: FutureWarning: `torch.cuda.amp.autocast(args...)` is deprecated. Please use `torch.amp.autocast('cuda', args...)` instead.
  with autocast(self.mixed_precision):
[2026-03-30 12:10:24](logger.py 179): id=CC_FMNIST_C10CFG_K20_E100_DT_0_95 | Ep. 61/100 - Step 200/273 (2.47 it/s) |##############      | - loss_cc=4.543 - loss_ce=2.098 - loss_ne=0.0174 - loss_div=0.00255 - threshold=0.999 - loss=6.662
/scratch/e0538389/DivClust/engine/trainer.py:41: FutureWarning: `torch.cuda.amp.autocast(args...)` is deprecated. Please use `torch.amp.autocast('cuda', args...)` instead.
  with autocast(self.mixed_precision):
[2026-03-30 12:10:34](logger.py 179): id=CC_FMNIST_C10CFG_K20_E100_DT_0_95 | Ep. 61/100 - Step 225/273 (2.47 it/s) |################    | - loss_cc=4.543 - loss_ce=2.098 - loss_ne=0.0175 - loss_div=0.00227 - threshold=0.999 - loss=6.661
/scratch/e0538389/DivClust/engine/trainer.py:41: FutureWarning: `torch.cuda.amp.autocast(args...)` is deprecated. Please use `torch.amp.autocast('cuda', args...)` instead.
  with autocast(self.mixed_precision):
/scratch/e0538389/DivClust/engine/trainer.py:41: FutureWarning: `torch.cuda.amp.autocast(args...)` is deprecated. Please use `torch.amp.autocast('cuda', args...)` instead.
  with autocast(self.mixed_precision):
[2026-03-30 12:10:45](logger.py 179): id=CC_FMNIST_C10CFG_K20_E100_DT_0_95 | Ep. 61/100 - Step 250/273 (2.46 it/s) |##################  | - loss_cc=4.543 - loss_ce=2.099 - loss_ne=0.0173 - loss_div=0.00205 - threshold=0.999 - loss=6.661
/scratch/e0538389/DivClust/engine/trainer.py:41: FutureWarning: `torch.cuda.amp.autocast(args...)` is deprecated. Please use `torch.amp.autocast('cuda', args...)` instead.
  with autocast(self.mixed_precision):
[2026-03-30 12:10:54](logger.py 179): id=CC_FMNIST_C10CFG_K20_E100_DT_0_95 | Ep. 61/100 | Time: 00:01 | loss_cc=4.543 - loss_ce=2.099 - loss_ne=0.0171 - loss_div=0.00188 - threshold=0.999 - loss=6.661
[2026-03-30 12:10:56](logger.py 179): id=CC_FMNIST_C10CFG_K20_E100_DT_0_95 | Ep. 62/100 - Step 0/273 (0.0 it/s) |                    | - loss_cc=4.51 - loss_ce=2.082 - loss_ne=0.0101 - loss_div=0.0 - threshold=1.0 - loss=6.602
/scratch/e0538389/DivClust/engine/trainer.py:41: FutureWarning: `torch.cuda.amp.autocast(args...)` is deprecated. Please use `torch.amp.autocast('cuda', args...)` instead.
  with autocast(self.mixed_precision):
[2026-03-30 12:11:06](logger.py 179): id=CC_FMNIST_C10CFG_K20_E100_DT_0_95 | Ep. 62/100 - Step 25/273 (2.48 it/s) |#                   | - loss_cc=4.546 - loss_ce=2.101 - loss_ne=0.018 - loss_div=0.0 - threshold=1.0 - loss=6.665
/scratch/e0538389/DivClust/engine/trainer.py:41: FutureWarning: `torch.cuda.amp.autocast(args...)` is deprecated. Please use `torch.amp.autocast('cuda', args...)` instead.
  with autocast(self.mixed_precision):
[2026-03-30 12:11:16](logger.py 179): id=CC_FMNIST_C10CFG_K20_E100_DT_0_95 | Ep. 62/100 - Step 50/273 (2.48 it/s) |###                 | - loss_cc=4.546 - loss_ce=2.099 - loss_ne=0.0179 - loss_div=0.0 - threshold=1.0 - loss=6.663
/scratch/e0538389/DivClust/engine/trainer.py:41: FutureWarning: `torch.cuda.amp.autocast(args...)` is deprecated. Please use `torch.amp.autocast('cuda', args...)` instead.
  with autocast(self.mixed_precision):
/scratch/e0538389/DivClust/engine/trainer.py:41: FutureWarning: `torch.cuda.amp.autocast(args...)` is deprecated. Please use `torch.amp.autocast('cuda', args...)` instead.
  with autocast(self.mixed_precision):
[2026-03-30 12:11:26](logger.py 179): id=CC_FMNIST_C10CFG_K20_E100_DT_0_95 | Ep. 62/100 - Step 75/273 (2.46 it/s) |#####               | - loss_cc=4.545 - loss_ce=2.099 - loss_ne=0.0176 - loss_div=0.0 - threshold=1.0 - loss=6.661
/scratch/e0538389/DivClust/engine/trainer.py:41: FutureWarning: `torch.cuda.amp.autocast(args...)` is deprecated. Please use `torch.amp.autocast('cuda', args...)` instead.
  with autocast(self.mixed_precision):
[2026-03-30 12:11:36](logger.py 179): id=CC_FMNIST_C10CFG_K20_E100_DT_0_95 | Ep. 62/100 - Step 100/273 (2.47 it/s) |#######             | - loss_cc=4.543 - loss_ce=2.098 - loss_ne=0.0171 - loss_div=0.0 - threshold=1.0 - loss=6.659
/scratch/e0538389/DivClust/engine/trainer.py:41: FutureWarning: `torch.cuda.amp.autocast(args...)` is deprecated. Please use `torch.amp.autocast('cuda', args...)` instead.
  with autocast(self.mixed_precision):
[2026-03-30 12:11:46](logger.py 179): id=CC_FMNIST_C10CFG_K20_E100_DT_0_95 | Ep. 62/100 - Step 125/273 (2.47 it/s) |#########           | - loss_cc=4.544 - loss_ce=2.098 - loss_ne=0.0173 - loss_div=0.0 - threshold=1.0 - loss=6.659
/scratch/e0538389/DivClust/engine/trainer.py:41: FutureWarning: `torch.cuda.amp.autocast(args...)` is deprecated. Please use `torch.amp.autocast('cuda', args...)` instead.
  with autocast(self.mixed_precision):
[2026-03-30 12:11:56](logger.py 179): id=CC_FMNIST_C10CFG_K20_E100_DT_0_95 | Ep. 62/100 - Step 150/273 (2.47 it/s) |##########          | - loss_cc=4.545 - loss_ce=2.099 - loss_ne=0.0171 - loss_div=0.0 - threshold=1.0 - loss=6.66
/scratch/e0538389/DivClust/engine/trainer.py:41: FutureWarning: `torch.cuda.amp.autocast(args...)` is deprecated. Please use `torch.amp.autocast('cuda', args...)` instead.
  with autocast(self.mixed_precision):
/scratch/e0538389/DivClust/engine/trainer.py:41: FutureWarning: `torch.cuda.amp.autocast(args...)` is deprecated. Please use `torch.amp.autocast('cuda', args...)` instead.
  with autocast(self.mixed_precision):
[2026-03-30 12:12:07](logger.py 179): id=CC_FMNIST_C10CFG_K20_E100_DT_0_95 | Ep. 62/100 - Step 175/273 (2.46 it/s) |############        | - loss_cc=4.545 - loss_ce=2.099 - loss_ne=0.0173 - loss_div=0.0 - threshold=1.0 - loss=6.661
/scratch/e0538389/DivClust/engine/trainer.py:41: FutureWarning: `torch.cuda.amp.autocast(args...)` is deprecated. Please use `torch.amp.autocast('cuda', args...)` instead.
  with autocast(self.mixed_precision):
[2026-03-30 12:12:17](logger.py 179): id=CC_FMNIST_C10CFG_K20_E100_DT_0_95 | Ep. 62/100 - Step 200/273 (2.46 it/s) |##############      | - loss_cc=4.545 - loss_ce=2.099 - loss_ne=0.0172 - loss_div=0.0 - threshold=1.0 - loss=6.661
/scratch/e0538389/DivClust/engine/trainer.py:41: FutureWarning: `torch.cuda.amp.autocast(args...)` is deprecated. Please use `torch.amp.autocast('cuda', args...)` instead.
  with autocast(self.mixed_precision):
[2026-03-30 12:12:27](logger.py 179): id=CC_FMNIST_C10CFG_K20_E100_DT_0_95 | Ep. 62/100 - Step 225/273 (2.47 it/s) |################    | - loss_cc=4.545 - loss_ce=2.099 - loss_ne=0.0173 - loss_div=0.0 - threshold=1.0 - loss=6.661
/scratch/e0538389/DivClust/engine/trainer.py:41: FutureWarning: `torch.cuda.amp.autocast(args...)` is deprecated. Please use `torch.amp.autocast('cuda', args...)` instead.
  with autocast(self.mixed_precision):
[2026-03-30 12:12:37](logger.py 179): id=CC_FMNIST_C10CFG_K20_E100_DT_0_95 | Ep. 62/100 - Step 250/273 (2.47 it/s) |##################  | - loss_cc=4.544 - loss_ce=2.099 - loss_ne=0.0169 - loss_div=0.0 - threshold=1.0 - loss=6.66
/scratch/e0538389/DivClust/engine/trainer.py:41: FutureWarning: `torch.cuda.amp.autocast(args...)` is deprecated. Please use `torch.amp.autocast('cuda', args...)` instead.
  with autocast(self.mixed_precision):
[2026-03-30 12:12:46](logger.py 179): id=CC_FMNIST_C10CFG_K20_E100_DT_0_95 | Ep. 62/100 | Time: 00:01 | loss_cc=4.544 - loss_ce=2.099 - loss_ne=0.0168 - loss_div=0.0 - threshold=1.0 - loss=6.659
[2026-03-30 12:12:48](logger.py 179): id=CC_FMNIST_C10CFG_K20_E100_DT_0_95 | Ep. 63/100 - Step 0/273 (0.0 it/s) |                    | - loss_cc=4.569 - loss_ce=2.096 - loss_ne=0.0191 - loss_div=0.0 - threshold=1.0 - loss=6.684
/scratch/e0538389/DivClust/engine/trainer.py:41: FutureWarning: `torch.cuda.amp.autocast(args...)` is deprecated. Please use `torch.amp.autocast('cuda', args...)` instead.
  with autocast(self.mixed_precision):
/scratch/e0538389/DivClust/engine/trainer.py:41: FutureWarning: `torch.cuda.amp.autocast(args...)` is deprecated. Please use `torch.amp.autocast('cuda', args...)` instead.
  with autocast(self.mixed_precision):
[2026-03-30 12:12:58](logger.py 179): id=CC_FMNIST_C10CFG_K20_E100_DT_0_95 | Ep. 63/100 - Step 25/273 (2.41 it/s) |#                   | - loss_cc=4.54 - loss_ce=2.097 - loss_ne=0.0168 - loss_div=0.0 - threshold=1.0 - loss=6.653
/scratch/e0538389/DivClust/engine/trainer.py:41: FutureWarning: `torch.cuda.amp.autocast(args...)` is deprecated. Please use `torch.amp.autocast('cuda', args...)` instead.
  with autocast(self.mixed_precision):
[2026-03-30 12:13:08](logger.py 179): id=CC_FMNIST_C10CFG_K20_E100_DT_0_95 | Ep. 63/100 - Step 50/273 (2.44 it/s) |###                 | - loss_cc=4.541 - loss_ce=2.098 - loss_ne=0.0168 - loss_div=0.0 - threshold=1.0 - loss=6.655
/scratch/e0538389/DivClust/engine/trainer.py:41: FutureWarning: `torch.cuda.amp.autocast(args...)` is deprecated. Please use `torch.amp.autocast('cuda', args...)` instead.
  with autocast(self.mixed_precision):
[2026-03-30 12:13:18](logger.py 179): id=CC_FMNIST_C10CFG_K20_E100_DT_0_95 | Ep. 63/100 - Step 75/273 (2.46 it/s) |#####               | - loss_cc=4.543 - loss_ce=2.098 - loss_ne=0.0165 - loss_div=0.0 - threshold=1.0 - loss=6.657
/scratch/e0538389/DivClust/engine/trainer.py:41: FutureWarning: `torch.cuda.amp.autocast(args...)` is deprecated. Please use `torch.amp.autocast('cuda', args...)` instead.
  with autocast(self.mixed_precision):
[2026-03-30 12:13:28](logger.py 179): id=CC_FMNIST_C10CFG_K20_E100_DT_0_95 | Ep. 63/100 - Step 100/273 (2.46 it/s) |#######             | - loss_cc=4.543 - loss_ce=2.098 - loss_ne=0.0156 - loss_div=0.0 - threshold=1.0 - loss=6.657
/scratch/e0538389/DivClust/engine/trainer.py:41: FutureWarning: `torch.cuda.amp.autocast(args...)` is deprecated. Please use `torch.amp.autocast('cuda', args...)` instead.
  with autocast(self.mixed_precision):
/scratch/e0538389/DivClust/engine/trainer.py:41: FutureWarning: `torch.cuda.amp.autocast(args...)` is deprecated. Please use `torch.amp.autocast('cuda', args...)` instead.
  with autocast(self.mixed_precision):
[2026-03-30 12:13:39](logger.py 179): id=CC_FMNIST_C10CFG_K20_E100_DT_0_95 | Ep. 63/100 - Step 125/273 (2.45 it/s) |#########           | - loss_cc=4.543 - loss_ce=2.098 - loss_ne=0.0157 - loss_div=0.0 - threshold=1.0 - loss=6.656
/scratch/e0538389/DivClust/engine/trainer.py:41: FutureWarning: `torch.cuda.amp.autocast(args...)` is deprecated. Please use `torch.amp.autocast('cuda', args...)` instead.
  with autocast(self.mixed_precision):
[2026-03-30 12:13:49](logger.py 179): id=CC_FMNIST_C10CFG_K20_E100_DT_0_95 | Ep. 63/100 - Step 150/273 (2.46 it/s) |##########          | - loss_cc=4.541 - loss_ce=2.097 - loss_ne=0.0155 - loss_div=0.0 - threshold=1.0 - loss=6.654
/scratch/e0538389/DivClust/engine/trainer.py:41: FutureWarning: `torch.cuda.amp.autocast(args...)` is deprecated. Please use `torch.amp.autocast('cuda', args...)` instead.
  with autocast(self.mixed_precision):
[2026-03-30 12:13:59](logger.py 179): id=CC_FMNIST_C10CFG_K20_E100_DT_0_95 | Ep. 63/100 - Step 175/273 (2.46 it/s) |############        | - loss_cc=4.542 - loss_ce=2.098 - loss_ne=0.0153 - loss_div=0.0 - threshold=1.0 - loss=6.655
/scratch/e0538389/DivClust/engine/trainer.py:41: FutureWarning: `torch.cuda.amp.autocast(args...)` is deprecated. Please use `torch.amp.autocast('cuda', args...)` instead.
  with autocast(self.mixed_precision):
[2026-03-30 12:14:09](logger.py 179): id=CC_FMNIST_C10CFG_K20_E100_DT_0_95 | Ep. 63/100 - Step 200/273 (2.46 it/s) |##############      | - loss_cc=4.542 - loss_ce=2.098 - loss_ne=0.0153 - loss_div=0.0 - threshold=1.0 - loss=6.655
/scratch/e0538389/DivClust/engine/trainer.py:41: FutureWarning: `torch.cuda.amp.autocast(args...)` is deprecated. Please use `torch.amp.autocast('cuda', args...)` instead.
  with autocast(self.mixed_precision):
/scratch/e0538389/DivClust/engine/trainer.py:41: FutureWarning: `torch.cuda.amp.autocast(args...)` is deprecated. Please use `torch.amp.autocast('cuda', args...)` instead.
  with autocast(self.mixed_precision):
[2026-03-30 12:14:19](logger.py 179): id=CC_FMNIST_C10CFG_K20_E100_DT_0_95 | Ep. 63/100 - Step 225/273 (2.46 it/s) |################    | - loss_cc=4.542 - loss_ce=2.098 - loss_ne=0.0152 - loss_div=0.0 - threshold=1.0 - loss=6.655
/scratch/e0538389/DivClust/engine/trainer.py:41: FutureWarning: `torch.cuda.amp.autocast(args...)` is deprecated. Please use `torch.amp.autocast('cuda', args...)` instead.
  with autocast(self.mixed_precision):
[2026-03-30 12:14:29](logger.py 179): id=CC_FMNIST_C10CFG_K20_E100_DT_0_95 | Ep. 63/100 - Step 250/273 (2.46 it/s) |##################  | - loss_cc=4.54 - loss_ce=2.097 - loss_ne=0.0153 - loss_div=0.0 - threshold=1.0 - loss=6.653
/scratch/e0538389/DivClust/engine/trainer.py:41: FutureWarning: `torch.cuda.amp.autocast(args...)` is deprecated. Please use `torch.amp.autocast('cuda', args...)` instead.
  with autocast(self.mixed_precision):
[2026-03-30 12:14:38](logger.py 179): id=CC_FMNIST_C10CFG_K20_E100_DT_0_95 | Ep. 63/100 | Time: 00:01 | loss_cc=4.54 - loss_ce=2.097 - loss_ne=0.0155 - loss_div=0.0 - threshold=1.0 - loss=6.652
[2026-03-30 12:14:40](logger.py 179): id=CC_FMNIST_C10CFG_K20_E100_DT_0_95 | Ep. 64/100 - Step 0/273 (0.0 it/s) |                    | - loss_cc=4.541 - loss_ce=2.103 - loss_ne=0.014 - loss_div=0.0 - threshold=1.0 - loss=6.659
/scratch/e0538389/DivClust/engine/trainer.py:41: FutureWarning: `torch.cuda.amp.autocast(args...)` is deprecated. Please use `torch.amp.autocast('cuda', args...)` instead.
  with autocast(self.mixed_precision):
[2026-03-30 12:14:50](logger.py 179): id=CC_FMNIST_C10CFG_K20_E100_DT_0_95 | Ep. 64/100 - Step 25/273 (2.49 it/s) |#                   | - loss_cc=4.54 - loss_ce=2.096 - loss_ne=0.014 - loss_div=0.0 - threshold=1.0 - loss=6.65
/scratch/e0538389/DivClust/engine/trainer.py:41: FutureWarning: `torch.cuda.amp.autocast(args...)` is deprecated. Please use `torch.amp.autocast('cuda', args...)` instead.
  with autocast(self.mixed_precision):
/scratch/e0538389/DivClust/engine/trainer.py:41: FutureWarning: `torch.cuda.amp.autocast(args...)` is deprecated. Please use `torch.amp.autocast('cuda', args...)` instead.
  with autocast(self.mixed_precision):
[2026-03-30 12:15:00](logger.py 179): id=CC_FMNIST_C10CFG_K20_E100_DT_0_95 | Ep. 64/100 - Step 50/273 (2.45 it/s) |###                 | - loss_cc=4.541 - loss_ce=2.097 - loss_ne=0.0162 - loss_div=0.0 - threshold=1.0 - loss=6.654
/scratch/e0538389/DivClust/engine/trainer.py:41: FutureWarning: `torch.cuda.amp.autocast(args...)` is deprecated. Please use `torch.amp.autocast('cuda', args...)` instead.
  with autocast(self.mixed_precision):
[2026-03-30 12:15:11](logger.py 179): id=CC_FMNIST_C10CFG_K20_E100_DT_0_95 | Ep. 64/100 - Step 75/273 (2.46 it/s) |#####               | - loss_cc=4.538 - loss_ce=2.097 - loss_ne=0.016 - loss_div=0.0 - threshold=1.0 - loss=6.65
/scratch/e0538389/DivClust/engine/trainer.py:41: FutureWarning: `torch.cuda.amp.autocast(args...)` is deprecated. Please use `torch.amp.autocast('cuda', args...)` instead.
  with autocast(self.mixed_precision):
[2026-03-30 12:15:21](logger.py 179): id=CC_FMNIST_C10CFG_K20_E100_DT_0_95 | Ep. 64/100 - Step 100/273 (2.47 it/s) |#######             | - loss_cc=4.538 - loss_ce=2.097 - loss_ne=0.0155 - loss_div=0.0 - threshold=1.0 - loss=6.651
/scratch/e0538389/DivClust/engine/trainer.py:41: FutureWarning: `torch.cuda.amp.autocast(args...)` is deprecated. Please use `torch.amp.autocast('cuda', args...)` instead.
  with autocast(self.mixed_precision):
[2026-03-30 12:15:31](logger.py 179): id=CC_FMNIST_C10CFG_K20_E100_DT_0_95 | Ep. 64/100 - Step 125/273 (2.47 it/s) |#########           | - loss_cc=4.539 - loss_ce=2.097 - loss_ne=0.0155 - loss_div=0.0 - threshold=1.0 - loss=6.651
/scratch/e0538389/DivClust/engine/trainer.py:41: FutureWarning: `torch.cuda.amp.autocast(args...)` is deprecated. Please use `torch.amp.autocast('cuda', args...)` instead.
  with autocast(self.mixed_precision):
/scratch/e0538389/DivClust/engine/trainer.py:41: FutureWarning: `torch.cuda.amp.autocast(args...)` is deprecated. Please use `torch.amp.autocast('cuda', args...)` instead.
  with autocast(self.mixed_precision):
[2026-03-30 12:15:41](logger.py 179): id=CC_FMNIST_C10CFG_K20_E100_DT_0_95 | Ep. 64/100 - Step 150/273 (2.46 it/s) |##########          | - loss_cc=4.538 - loss_ce=2.097 - loss_ne=0.0154 - loss_div=0.0 - threshold=1.0 - loss=6.65
/scratch/e0538389/DivClust/engine/trainer.py:41: FutureWarning: `torch.cuda.amp.autocast(args...)` is deprecated. Please use `torch.amp.autocast('cuda', args...)` instead.
  with autocast(self.mixed_precision):
[2026-03-30 12:15:51](logger.py 179): id=CC_FMNIST_C10CFG_K20_E100_DT_0_95 | Ep. 64/100 - Step 175/273 (2.47 it/s) |############        | - loss_cc=4.538 - loss_ce=2.097 - loss_ne=0.0154 - loss_div=0.0 - threshold=1.0 - loss=6.65
/scratch/e0538389/DivClust/engine/trainer.py:41: FutureWarning: `torch.cuda.amp.autocast(args...)` is deprecated. Please use `torch.amp.autocast('cuda', args...)` instead.
  with autocast(self.mixed_precision):
[2026-03-30 12:16:01](logger.py 179): id=CC_FMNIST_C10CFG_K20_E100_DT_0_95 | Ep. 64/100 - Step 200/273 (2.47 it/s) |##############      | - loss_cc=4.538 - loss_ce=2.097 - loss_ne=0.016 - loss_div=0.0 - threshold=1.0 - loss=6.651
/scratch/e0538389/DivClust/engine/trainer.py:41: FutureWarning: `torch.cuda.amp.autocast(args...)` is deprecated. Please use `torch.amp.autocast('cuda', args...)` instead.
  with autocast(self.mixed_precision):
[2026-03-30 12:16:11](logger.py 179): id=CC_FMNIST_C10CFG_K20_E100_DT_0_95 | Ep. 64/100 - Step 225/273 (2.47 it/s) |################    | - loss_cc=4.538 - loss_ce=2.097 - loss_ne=0.0158 - loss_div=0.0 - threshold=1.0 - loss=6.651
/scratch/e0538389/DivClust/engine/trainer.py:41: FutureWarning: `torch.cuda.amp.autocast(args...)` is deprecated. Please use `torch.amp.autocast('cuda', args...)` instead.
  with autocast(self.mixed_precision):
/scratch/e0538389/DivClust/engine/trainer.py:41: FutureWarning: `torch.cuda.amp.autocast(args...)` is deprecated. Please use `torch.amp.autocast('cuda', args...)` instead.
  with autocast(self.mixed_precision):
[2026-03-30 12:16:21](logger.py 179): id=CC_FMNIST_C10CFG_K20_E100_DT_0_95 | Ep. 64/100 - Step 250/273 (2.47 it/s) |##################  | - loss_cc=4.538 - loss_ce=2.097 - loss_ne=0.016 - loss_div=0.0 - threshold=1.0 - loss=6.65
/scratch/e0538389/DivClust/engine/trainer.py:41: FutureWarning: `torch.cuda.amp.autocast(args...)` is deprecated. Please use `torch.amp.autocast('cuda', args...)` instead.
  with autocast(self.mixed_precision):
[2026-03-30 12:16:30](logger.py 179): id=CC_FMNIST_C10CFG_K20_E100_DT_0_95 | Ep. 64/100 | Time: 00:01 | loss_cc=4.538 - loss_ce=2.097 - loss_ne=0.016 - loss_div=0.0 - threshold=1.0 - loss=6.65
[2026-03-30 12:16:32](logger.py 179): id=CC_FMNIST_C10CFG_K20_E100_DT_0_95 | Ep. 65/100 - Step 0/273 (0.0 it/s) |                    | - loss_cc=4.58 - loss_ce=2.117 - loss_ne=0.0103 - loss_div=0.0 - threshold=1.0 - loss=6.707
/scratch/e0538389/DivClust/engine/trainer.py:41: FutureWarning: `torch.cuda.amp.autocast(args...)` is deprecated. Please use `torch.amp.autocast('cuda', args...)` instead.
  with autocast(self.mixed_precision):
[2026-03-30 12:16:42](logger.py 179): id=CC_FMNIST_C10CFG_K20_E100_DT_0_95 | Ep. 65/100 - Step 25/273 (2.49 it/s) |#                   | - loss_cc=4.544 - loss_ce=2.098 - loss_ne=0.0152 - loss_div=0.0 - threshold=1.0 - loss=6.658
/scratch/e0538389/DivClust/engine/trainer.py:41: FutureWarning: `torch.cuda.amp.autocast(args...)` is deprecated. Please use `torch.amp.autocast('cuda', args...)` instead.
  with autocast(self.mixed_precision):
[2026-03-30 12:16:52](logger.py 179): id=CC_FMNIST_C10CFG_K20_E100_DT_0_95 | Ep. 65/100 - Step 50/273 (2.49 it/s) |###                 | - loss_cc=4.541 - loss_ce=2.099 - loss_ne=0.015 - loss_div=0.0 - threshold=1.0 - loss=6.655
/scratch/e0538389/DivClust/engine/trainer.py:41: FutureWarning: `torch.cuda.amp.autocast(args...)` is deprecated. Please use `torch.amp.autocast('cuda', args...)` instead.
  with autocast(self.mixed_precision):
[2026-03-30 12:17:03](logger.py 179): id=CC_FMNIST_C10CFG_K20_E100_DT_0_95 | Ep. 65/100 - Step 75/273 (2.47 it/s) |#####               | - loss_cc=4.54 - loss_ce=2.098 - loss_ne=0.0155 - loss_div=0.0 - threshold=1.0 - loss=6.653
/scratch/e0538389/DivClust/engine/trainer.py:41: FutureWarning: `torch.cuda.amp.autocast(args...)` is deprecated. Please use `torch.amp.autocast('cuda', args...)` instead.
  with autocast(self.mixed_precision):
/scratch/e0538389/DivClust/engine/trainer.py:41: FutureWarning: `torch.cuda.amp.autocast(args...)` is deprecated. Please use `torch.amp.autocast('cuda', args...)` instead.
  with autocast(self.mixed_precision):
[2026-03-30 12:17:13](logger.py 179): id=CC_FMNIST_C10CFG_K20_E100_DT_0_95 | Ep. 65/100 - Step 100/273 (2.47 it/s) |#######             | - loss_cc=4.538 - loss_ce=2.097 - loss_ne=0.016 - loss_div=0.0 - threshold=1.0 - loss=6.651
/scratch/e0538389/DivClust/engine/trainer.py:41: FutureWarning: `torch.cuda.amp.autocast(args...)` is deprecated. Please use `torch.amp.autocast('cuda', args...)` instead.
  with autocast(self.mixed_precision):
[2026-03-30 12:17:23](logger.py 179): id=CC_FMNIST_C10CFG_K20_E100_DT_0_95 | Ep. 65/100 - Step 125/273 (2.48 it/s) |#########           | - loss_cc=4.54 - loss_ce=2.097 - loss_ne=0.0163 - loss_div=0.0 - threshold=1.0 - loss=6.653
/scratch/e0538389/DivClust/engine/trainer.py:41: FutureWarning: `torch.cuda.amp.autocast(args...)` is deprecated. Please use `torch.amp.autocast('cuda', args...)` instead.
  with autocast(self.mixed_precision):
[2026-03-30 12:17:33](logger.py 179): id=CC_FMNIST_C10CFG_K20_E100_DT_0_95 | Ep. 65/100 - Step 150/273 (2.48 it/s) |##########          | - loss_cc=4.539 - loss_ce=2.097 - loss_ne=0.0163 - loss_div=0.0 - threshold=1.0 - loss=6.653
/scratch/e0538389/DivClust/engine/trainer.py:41: FutureWarning: `torch.cuda.amp.autocast(args...)` is deprecated. Please use `torch.amp.autocast('cuda', args...)` instead.
  with autocast(self.mixed_precision):
[2026-03-30 12:17:43](logger.py 179): id=CC_FMNIST_C10CFG_K20_E100_DT_0_95 | Ep. 65/100 - Step 175/273 (2.47 it/s) |############        | - loss_cc=4.539 - loss_ce=2.097 - loss_ne=0.0166 - loss_div=0.0 - threshold=1.0 - loss=6.652
/scratch/e0538389/DivClust/engine/trainer.py:41: FutureWarning: `torch.cuda.amp.autocast(args...)` is deprecated. Please use `torch.amp.autocast('cuda', args...)` instead.
  with autocast(self.mixed_precision):
/scratch/e0538389/DivClust/engine/trainer.py:41: FutureWarning: `torch.cuda.amp.autocast(args...)` is deprecated. Please use `torch.amp.autocast('cuda', args...)` instead.
  with autocast(self.mixed_precision):
[2026-03-30 12:17:53](logger.py 179): id=CC_FMNIST_C10CFG_K20_E100_DT_0_95 | Ep. 65/100 - Step 200/273 (2.47 it/s) |##############      | - loss_cc=4.538 - loss_ce=2.097 - loss_ne=0.0165 - loss_div=0.0 - threshold=1.0 - loss=6.652
/scratch/e0538389/DivClust/engine/trainer.py:41: FutureWarning: `torch.cuda.amp.autocast(args...)` is deprecated. Please use `torch.amp.autocast('cuda', args...)` instead.
  with autocast(self.mixed_precision):
[2026-03-30 12:18:03](logger.py 179): id=CC_FMNIST_C10CFG_K20_E100_DT_0_95 | Ep. 65/100 - Step 225/273 (2.47 it/s) |################    | - loss_cc=4.538 - loss_ce=2.097 - loss_ne=0.0163 - loss_div=0.0 - threshold=1.0 - loss=6.651
/scratch/e0538389/DivClust/engine/trainer.py:41: FutureWarning: `torch.cuda.amp.autocast(args...)` is deprecated. Please use `torch.amp.autocast('cuda', args...)` instead.
  with autocast(self.mixed_precision):
[2026-03-30 12:18:13](logger.py 179): id=CC_FMNIST_C10CFG_K20_E100_DT_0_95 | Ep. 65/100 - Step 250/273 (2.47 it/s) |##################  | - loss_cc=4.538 - loss_ce=2.097 - loss_ne=0.0163 - loss_div=0.0 - threshold=1.0 - loss=6.651
/scratch/e0538389/DivClust/engine/trainer.py:41: FutureWarning: `torch.cuda.amp.autocast(args...)` is deprecated. Please use `torch.amp.autocast('cuda', args...)` instead.
  with autocast(self.mixed_precision):
[2026-03-30 12:18:22](logger.py 179): id=CC_FMNIST_C10CFG_K20_E100_DT_0_95 | Ep. 65/100 | Time: 00:01 | loss_cc=4.538 - loss_ce=2.097 - loss_ne=0.0161 - loss_div=0.0 - threshold=1.0 - loss=6.651
[2026-03-30 12:18:24](logger.py 179): id=CC_FMNIST_C10CFG_K20_E100_DT_0_95 | Ep. 66/100 - Step 0/273 (0.0 it/s) |                    | - loss_cc=4.564 - loss_ce=2.111 - loss_ne=0.0192 - loss_div=0.0 - threshold=1.0 - loss=6.695
/scratch/e0538389/DivClust/engine/trainer.py:41: FutureWarning: `torch.cuda.amp.autocast(args...)` is deprecated. Please use `torch.amp.autocast('cuda', args...)` instead.
  with autocast(self.mixed_precision):
/scratch/e0538389/DivClust/engine/trainer.py:41: FutureWarning: `torch.cuda.amp.autocast(args...)` is deprecated. Please use `torch.amp.autocast('cuda', args...)` instead.
  with autocast(self.mixed_precision):
[2026-03-30 12:18:35](logger.py 179): id=CC_FMNIST_C10CFG_K20_E100_DT_0_95 | Ep. 66/100 - Step 25/273 (2.42 it/s) |#                   | - loss_cc=4.534 - loss_ce=2.095 - loss_ne=0.0187 - loss_div=0.0 - threshold=1.0 - loss=6.648
/scratch/e0538389/DivClust/engine/trainer.py:41: FutureWarning: `torch.cuda.amp.autocast(args...)` is deprecated. Please use `torch.amp.autocast('cuda', args...)` instead.
  with autocast(self.mixed_precision):
[2026-03-30 12:18:45](logger.py 179): id=CC_FMNIST_C10CFG_K20_E100_DT_0_95 | Ep. 66/100 - Step 50/273 (2.45 it/s) |###                 | - loss_cc=4.54 - loss_ce=2.096 - loss_ne=0.018 - loss_div=0.0 - threshold=1.0 - loss=6.654
/scratch/e0538389/DivClust/engine/trainer.py:41: FutureWarning: `torch.cuda.amp.autocast(args...)` is deprecated. Please use `torch.amp.autocast('cuda', args...)` instead.
  with autocast(self.mixed_precision):
[2026-03-30 12:18:55](logger.py 179): id=CC_FMNIST_C10CFG_K20_E100_DT_0_95 | Ep. 66/100 - Step 75/273 (2.46 it/s) |#####               | - loss_cc=4.538 - loss_ce=2.096 - loss_ne=0.017 - loss_div=0.0 - threshold=1.0 - loss=6.651
/scratch/e0538389/DivClust/engine/trainer.py:41: FutureWarning: `torch.cuda.amp.autocast(args...)` is deprecated. Please use `torch.amp.autocast('cuda', args...)` instead.
  with autocast(self.mixed_precision):
[2026-03-30 12:19:05](logger.py 179): id=CC_FMNIST_C10CFG_K20_E100_DT_0_95 | Ep. 66/100 - Step 100/273 (2.47 it/s) |#######             | - loss_cc=4.539 - loss_ce=2.097 - loss_ne=0.0163 - loss_div=0.0 - threshold=1.0 - loss=6.652
/scratch/e0538389/DivClust/engine/trainer.py:41: FutureWarning: `torch.cuda.amp.autocast(args...)` is deprecated. Please use `torch.amp.autocast('cuda', args...)` instead.
  with autocast(self.mixed_precision):
/scratch/e0538389/DivClust/engine/trainer.py:41: FutureWarning: `torch.cuda.amp.autocast(args...)` is deprecated. Please use `torch.amp.autocast('cuda', args...)` instead.
  with autocast(self.mixed_precision):
[2026-03-30 12:19:15](logger.py 179): id=CC_FMNIST_C10CFG_K20_E100_DT_0_95 | Ep. 66/100 - Step 125/273 (2.46 it/s) |#########           | - loss_cc=4.538 - loss_ce=2.096 - loss_ne=0.0163 - loss_div=0.00335 - threshold=1.0 - loss=6.654
/scratch/e0538389/DivClust/engine/trainer.py:41: FutureWarning: `torch.cuda.amp.autocast(args...)` is deprecated. Please use `torch.amp.autocast('cuda', args...)` instead.
  with autocast(self.mixed_precision):
[2026-03-30 12:19:25](logger.py 179): id=CC_FMNIST_C10CFG_K20_E100_DT_0_95 | Ep. 66/100 - Step 150/273 (2.46 it/s) |##########          | - loss_cc=4.538 - loss_ce=2.096 - loss_ne=0.0176 - loss_div=0.00319 - threshold=0.999 - loss=6.655
/scratch/e0538389/DivClust/engine/trainer.py:41: FutureWarning: `torch.cuda.amp.autocast(args...)` is deprecated. Please use `torch.amp.autocast('cuda', args...)` instead.
  with autocast(self.mixed_precision):
[2026-03-30 12:19:35](logger.py 179): id=CC_FMNIST_C10CFG_K20_E100_DT_0_95 | Ep. 66/100 - Step 175/273 (2.46 it/s) |############        | - loss_cc=4.538 - loss_ce=2.097 - loss_ne=0.0178 - loss_div=0.00274 - threshold=0.999 - loss=6.655
/scratch/e0538389/DivClust/engine/trainer.py:41: FutureWarning: `torch.cuda.amp.autocast(args...)` is deprecated. Please use `torch.amp.autocast('cuda', args...)` instead.
  with autocast(self.mixed_precision):
[2026-03-30 12:19:45](logger.py 179): id=CC_FMNIST_C10CFG_K20_E100_DT_0_95 | Ep. 66/100 - Step 200/273 (2.47 it/s) |##############      | - loss_cc=4.538 - loss_ce=2.096 - loss_ne=0.0176 - loss_div=0.0024 - threshold=0.999 - loss=6.654
/scratch/e0538389/DivClust/engine/trainer.py:41: FutureWarning: `torch.cuda.amp.autocast(args...)` is deprecated. Please use `torch.amp.autocast('cuda', args...)` instead.
  with autocast(self.mixed_precision):
/scratch/e0538389/DivClust/engine/trainer.py:41: FutureWarning: `torch.cuda.amp.autocast(args...)` is deprecated. Please use `torch.amp.autocast('cuda', args...)` instead.
  with autocast(self.mixed_precision):
[2026-03-30 12:19:56](logger.py 179): id=CC_FMNIST_C10CFG_K20_E100_DT_0_95 | Ep. 66/100 - Step 225/273 (2.46 it/s) |################    | - loss_cc=4.538 - loss_ce=2.097 - loss_ne=0.0175 - loss_div=0.00213 - threshold=0.999 - loss=6.654
/scratch/e0538389/DivClust/engine/trainer.py:41: FutureWarning: `torch.cuda.amp.autocast(args...)` is deprecated. Please use `torch.amp.autocast('cuda', args...)` instead.
  with autocast(self.mixed_precision):
[2026-03-30 12:20:06](logger.py 179): id=CC_FMNIST_C10CFG_K20_E100_DT_0_95 | Ep. 66/100 - Step 250/273 (2.46 it/s) |##################  | - loss_cc=4.538 - loss_ce=2.097 - loss_ne=0.0174 - loss_div=0.00192 - threshold=0.999 - loss=6.654
/scratch/e0538389/DivClust/engine/trainer.py:41: FutureWarning: `torch.cuda.amp.autocast(args...)` is deprecated. Please use `torch.amp.autocast('cuda', args...)` instead.
  with autocast(self.mixed_precision):
[2026-03-30 12:20:15](logger.py 179): id=CC_FMNIST_C10CFG_K20_E100_DT_0_95 | Ep. 66/100 | Time: 00:01 | loss_cc=4.538 - loss_ce=2.097 - loss_ne=0.0176 - loss_div=0.00177 - threshold=0.999 - loss=6.654
[2026-03-30 12:20:17](logger.py 179): id=CC_FMNIST_C10CFG_K20_E100_DT_0_95 | Ep. 67/100 - Step 0/273 (0.0 it/s) |                    | - loss_cc=4.55 - loss_ce=2.1 - loss_ne=0.0163 - loss_div=0.0 - threshold=1.0 - loss=6.666
/scratch/e0538389/DivClust/engine/trainer.py:41: FutureWarning: `torch.cuda.amp.autocast(args...)` is deprecated. Please use `torch.amp.autocast('cuda', args...)` instead.
  with autocast(self.mixed_precision):
[2026-03-30 12:20:27](logger.py 179): id=CC_FMNIST_C10CFG_K20_E100_DT_0_95 | Ep. 67/100 - Step 25/273 (2.48 it/s) |#                   | - loss_cc=4.54 - loss_ce=2.1 - loss_ne=0.0141 - loss_div=0.0 - threshold=1.0 - loss=6.654
/scratch/e0538389/DivClust/engine/trainer.py:41: FutureWarning: `torch.cuda.amp.autocast(args...)` is deprecated. Please use `torch.amp.autocast('cuda', args...)` instead.
  with autocast(self.mixed_precision):
/scratch/e0538389/DivClust/engine/trainer.py:41: FutureWarning: `torch.cuda.amp.autocast(args...)` is deprecated. Please use `torch.amp.autocast('cuda', args...)` instead.
  with autocast(self.mixed_precision):
[2026-03-30 12:20:37](logger.py 179): id=CC_FMNIST_C10CFG_K20_E100_DT_0_95 | Ep. 67/100 - Step 50/273 (2.44 it/s) |###                 | - loss_cc=4.536 - loss_ce=2.097 - loss_ne=0.014 - loss_div=0.0 - threshold=1.0 - loss=6.647
/scratch/e0538389/DivClust/engine/trainer.py:41: FutureWarning: `torch.cuda.amp.autocast(args...)` is deprecated. Please use `torch.amp.autocast('cuda', args...)` instead.
  with autocast(self.mixed_precision):
[2026-03-30 12:20:47](logger.py 179): id=CC_FMNIST_C10CFG_K20_E100_DT_0_95 | Ep. 67/100 - Step 75/273 (2.46 it/s) |#####               | - loss_cc=4.536 - loss_ce=2.097 - loss_ne=0.0144 - loss_div=0.0 - threshold=1.0 - loss=6.648
/scratch/e0538389/DivClust/engine/trainer.py:41: FutureWarning: `torch.cuda.amp.autocast(args...)` is deprecated. Please use `torch.amp.autocast('cuda', args...)` instead.
  with autocast(self.mixed_precision):
[2026-03-30 12:20:57](logger.py 179): id=CC_FMNIST_C10CFG_K20_E100_DT_0_95 | Ep. 67/100 - Step 100/273 (2.46 it/s) |#######             | - loss_cc=4.535 - loss_ce=2.096 - loss_ne=0.0148 - loss_div=0.0 - threshold=1.0 - loss=6.646
/scratch/e0538389/DivClust/engine/trainer.py:41: FutureWarning: `torch.cuda.amp.autocast(args...)` is deprecated. Please use `torch.amp.autocast('cuda', args...)` instead.
  with autocast(self.mixed_precision):
[2026-03-30 12:21:07](logger.py 179): id=CC_FMNIST_C10CFG_K20_E100_DT_0_95 | Ep. 67/100 - Step 125/273 (2.46 it/s) |#########           | - loss_cc=4.535 - loss_ce=2.096 - loss_ne=0.0149 - loss_div=0.0 - threshold=1.0 - loss=6.646
/scratch/e0538389/DivClust/engine/trainer.py:41: FutureWarning: `torch.cuda.amp.autocast(args...)` is deprecated. Please use `torch.amp.autocast('cuda', args...)` instead.
  with autocast(self.mixed_precision):
/scratch/e0538389/DivClust/engine/trainer.py:41: FutureWarning: `torch.cuda.amp.autocast(args...)` is deprecated. Please use `torch.amp.autocast('cuda', args...)` instead.
  with autocast(self.mixed_precision):
[2026-03-30 12:21:18](logger.py 179): id=CC_FMNIST_C10CFG_K20_E100_DT_0_95 | Ep. 67/100 - Step 150/273 (2.46 it/s) |##########          | - loss_cc=4.537 - loss_ce=2.096 - loss_ne=0.0152 - loss_div=0.0 - threshold=1.0 - loss=6.648
/scratch/e0538389/DivClust/engine/trainer.py:41: FutureWarning: `torch.cuda.amp.autocast(args...)` is deprecated. Please use `torch.amp.autocast('cuda', args...)` instead.
  with autocast(self.mixed_precision):
[2026-03-30 12:21:28](logger.py 179): id=CC_FMNIST_C10CFG_K20_E100_DT_0_95 | Ep. 67/100 - Step 175/273 (2.46 it/s) |############        | - loss_cc=4.536 - loss_ce=2.096 - loss_ne=0.0152 - loss_div=0.0 - threshold=1.0 - loss=6.647
/scratch/e0538389/DivClust/engine/trainer.py:41: FutureWarning: `torch.cuda.amp.autocast(args...)` is deprecated. Please use `torch.amp.autocast('cuda', args...)` instead.
  with autocast(self.mixed_precision):
[2026-03-30 12:21:38](logger.py 179): id=CC_FMNIST_C10CFG_K20_E100_DT_0_95 | Ep. 67/100 - Step 200/273 (2.46 it/s) |##############      | - loss_cc=4.537 - loss_ce=2.096 - loss_ne=0.0153 - loss_div=0.0 - threshold=1.0 - loss=6.648
/scratch/e0538389/DivClust/engine/trainer.py:41: FutureWarning: `torch.cuda.amp.autocast(args...)` is deprecated. Please use `torch.amp.autocast('cuda', args...)` instead.
  with autocast(self.mixed_precision):
[2026-03-30 12:21:48](logger.py 179): id=CC_FMNIST_C10CFG_K20_E100_DT_0_95 | Ep. 67/100 - Step 225/273 (2.47 it/s) |################    | - loss_cc=4.538 - loss_ce=2.097 - loss_ne=0.0151 - loss_div=0.0 - threshold=1.0 - loss=6.649
/scratch/e0538389/DivClust/engine/trainer.py:41: FutureWarning: `torch.cuda.amp.autocast(args...)` is deprecated. Please use `torch.amp.autocast('cuda', args...)` instead.
  with autocast(self.mixed_precision):
/scratch/e0538389/DivClust/engine/trainer.py:41: FutureWarning: `torch.cuda.amp.autocast(args...)` is deprecated. Please use `torch.amp.autocast('cuda', args...)` instead.
  with autocast(self.mixed_precision):
[2026-03-30 12:21:58](logger.py 179): id=CC_FMNIST_C10CFG_K20_E100_DT_0_95 | Ep. 67/100 - Step 250/273 (2.46 it/s) |##################  | - loss_cc=4.537 - loss_ce=2.097 - loss_ne=0.0152 - loss_div=0.0 - threshold=1.0 - loss=6.649
/scratch/e0538389/DivClust/engine/trainer.py:41: FutureWarning: `torch.cuda.amp.autocast(args...)` is deprecated. Please use `torch.amp.autocast('cuda', args...)` instead.
  with autocast(self.mixed_precision):
[2026-03-30 12:22:07](logger.py 179): id=CC_FMNIST_C10CFG_K20_E100_DT_0_95 | Ep. 67/100 | Time: 00:01 | loss_cc=4.538 - loss_ce=2.097 - loss_ne=0.0152 - loss_div=0.0 - threshold=1.0 - loss=6.65
[2026-03-30 12:22:09](logger.py 179): id=CC_FMNIST_C10CFG_K20_E100_DT_0_95 | Ep. 68/100 - Step 0/273 (0.0 it/s) |                    | - loss_cc=4.496 - loss_ce=2.086 - loss_ne=0.0195 - loss_div=0.0 - threshold=1.0 - loss=6.601
/scratch/e0538389/DivClust/engine/trainer.py:41: FutureWarning: `torch.cuda.amp.autocast(args...)` is deprecated. Please use `torch.amp.autocast('cuda', args...)` instead.
  with autocast(self.mixed_precision):
[2026-03-30 12:22:19](logger.py 179): id=CC_FMNIST_C10CFG_K20_E100_DT_0_95 | Ep. 68/100 - Step 25/273 (2.49 it/s) |#                   | - loss_cc=4.532 - loss_ce=2.096 - loss_ne=0.0144 - loss_div=0.0 - threshold=1.0 - loss=6.643
/scratch/e0538389/DivClust/engine/trainer.py:41: FutureWarning: `torch.cuda.amp.autocast(args...)` is deprecated. Please use `torch.amp.autocast('cuda', args...)` instead.
  with autocast(self.mixed_precision):
[2026-03-30 12:22:29](logger.py 179): id=CC_FMNIST_C10CFG_K20_E100_DT_0_95 | Ep. 68/100 - Step 50/273 (2.48 it/s) |###                 | - loss_cc=4.536 - loss_ce=2.098 - loss_ne=0.015 - loss_div=0.0 - threshold=1.0 - loss=6.648
/scratch/e0538389/DivClust/engine/trainer.py:41: FutureWarning: `torch.cuda.amp.autocast(args...)` is deprecated. Please use `torch.amp.autocast('cuda', args...)` instead.
  with autocast(self.mixed_precision):
[2026-03-30 12:22:39](logger.py 179): id=CC_FMNIST_C10CFG_K20_E100_DT_0_95 | Ep. 68/100 - Step 75/273 (2.48 it/s) |#####               | - loss_cc=4.533 - loss_ce=2.096 - loss_ne=0.0152 - loss_div=0.0 - threshold=1.0 - loss=6.645
/scratch/e0538389/DivClust/engine/trainer.py:41: FutureWarning: `torch.cuda.amp.autocast(args...)` is deprecated. Please use `torch.amp.autocast('cuda', args...)` instead.
  with autocast(self.mixed_precision):
/scratch/e0538389/DivClust/engine/trainer.py:41: FutureWarning: `torch.cuda.amp.autocast(args...)` is deprecated. Please use `torch.amp.autocast('cuda', args...)` instead.
  with autocast(self.mixed_precision):
[2026-03-30 12:22:50](logger.py 179): id=CC_FMNIST_C10CFG_K20_E100_DT_0_95 | Ep. 68/100 - Step 100/273 (2.47 it/s) |#######             | - loss_cc=4.535 - loss_ce=2.096 - loss_ne=0.0151 - loss_div=0.0 - threshold=1.0 - loss=6.646
/scratch/e0538389/DivClust/engine/trainer.py:41: FutureWarning: `torch.cuda.amp.autocast(args...)` is deprecated. Please use `torch.amp.autocast('cuda', args...)` instead.
  with autocast(self.mixed_precision):
[2026-03-30 12:23:00](logger.py 179): id=CC_FMNIST_C10CFG_K20_E100_DT_0_95 | Ep. 68/100 - Step 125/273 (2.47 it/s) |#########           | - loss_cc=4.535 - loss_ce=2.096 - loss_ne=0.0154 - loss_div=0.0 - threshold=1.0 - loss=6.646
/scratch/e0538389/DivClust/engine/trainer.py:41: FutureWarning: `torch.cuda.amp.autocast(args...)` is deprecated. Please use `torch.amp.autocast('cuda', args...)` instead.
  with autocast(self.mixed_precision):
[2026-03-30 12:23:10](logger.py 179): id=CC_FMNIST_C10CFG_K20_E100_DT_0_95 | Ep. 68/100 - Step 150/273 (2.47 it/s) |##########          | - loss_cc=4.534 - loss_ce=2.096 - loss_ne=0.0157 - loss_div=0.0 - threshold=1.0 - loss=6.646
/scratch/e0538389/DivClust/engine/trainer.py:41: FutureWarning: `torch.cuda.amp.autocast(args...)` is deprecated. Please use `torch.amp.autocast('cuda', args...)` instead.
  with autocast(self.mixed_precision):
[2026-03-30 12:23:20](logger.py 179): id=CC_FMNIST_C10CFG_K20_E100_DT_0_95 | Ep. 68/100 - Step 175/273 (2.47 it/s) |############        | - loss_cc=4.534 - loss_ce=2.096 - loss_ne=0.0157 - loss_div=0.0 - threshold=1.0 - loss=6.646
/scratch/e0538389/DivClust/engine/trainer.py:41: FutureWarning: `torch.cuda.amp.autocast(args...)` is deprecated. Please use `torch.amp.autocast('cuda', args...)` instead.
  with autocast(self.mixed_precision):
/scratch/e0538389/DivClust/engine/trainer.py:41: FutureWarning: `torch.cuda.amp.autocast(args...)` is deprecated. Please use `torch.amp.autocast('cuda', args...)` instead.
  with autocast(self.mixed_precision):
[2026-03-30 12:23:30](logger.py 179): id=CC_FMNIST_C10CFG_K20_E100_DT_0_95 | Ep. 68/100 - Step 200/273 (2.47 it/s) |##############      | - loss_cc=4.533 - loss_ce=2.096 - loss_ne=0.0158 - loss_div=0.0 - threshold=1.0 - loss=6.645
/scratch/e0538389/DivClust/engine/trainer.py:41: FutureWarning: `torch.cuda.amp.autocast(args...)` is deprecated. Please use `torch.amp.autocast('cuda', args...)` instead.
  with autocast(self.mixed_precision):
[2026-03-30 12:23:40](logger.py 179): id=CC_FMNIST_C10CFG_K20_E100_DT_0_95 | Ep. 68/100 - Step 225/273 (2.47 it/s) |################    | - loss_cc=4.535 - loss_ce=2.096 - loss_ne=0.016 - loss_div=0.0 - threshold=1.0 - loss=6.647
/scratch/e0538389/DivClust/engine/trainer.py:41: FutureWarning: `torch.cuda.amp.autocast(args...)` is deprecated. Please use `torch.amp.autocast('cuda', args...)` instead.
  with autocast(self.mixed_precision):
[2026-03-30 12:23:50](logger.py 179): id=CC_FMNIST_C10CFG_K20_E100_DT_0_95 | Ep. 68/100 - Step 250/273 (2.47 it/s) |##################  | - loss_cc=4.535 - loss_ce=2.096 - loss_ne=0.0158 - loss_div=0.0 - threshold=1.0 - loss=6.647
/scratch/e0538389/DivClust/engine/trainer.py:41: FutureWarning: `torch.cuda.amp.autocast(args...)` is deprecated. Please use `torch.amp.autocast('cuda', args...)` instead.
  with autocast(self.mixed_precision):
[2026-03-30 12:23:59](logger.py 179): id=CC_FMNIST_C10CFG_K20_E100_DT_0_95 | Ep. 68/100 | Time: 00:01 | loss_cc=4.534 - loss_ce=2.096 - loss_ne=0.0159 - loss_div=0.0 - threshold=1.0 - loss=6.646
[2026-03-30 12:24:01](logger.py 179): id=CC_FMNIST_C10CFG_K20_E100_DT_0_95 | Ep. 69/100 - Step 0/273 (0.0 it/s) |                    | - loss_cc=4.554 - loss_ce=2.101 - loss_ne=0.0203 - loss_div=0.0 - threshold=1.0 - loss=6.675
/scratch/e0538389/DivClust/engine/trainer.py:41: FutureWarning: `torch.cuda.amp.autocast(args...)` is deprecated. Please use `torch.amp.autocast('cuda', args...)` instead.
  with autocast(self.mixed_precision):
/scratch/e0538389/DivClust/engine/trainer.py:41: FutureWarning: `torch.cuda.amp.autocast(args...)` is deprecated. Please use `torch.amp.autocast('cuda', args...)` instead.
  with autocast(self.mixed_precision):
[2026-03-30 12:24:12](logger.py 179): id=CC_FMNIST_C10CFG_K20_E100_DT_0_95 | Ep. 69/100 - Step 25/273 (2.42 it/s) |#                   | - loss_cc=4.54 - loss_ce=2.096 - loss_ne=0.0134 - loss_div=0.0 - threshold=1.0 - loss=6.649
/scratch/e0538389/DivClust/engine/trainer.py:41: FutureWarning: `torch.cuda.amp.autocast(args...)` is deprecated. Please use `torch.amp.autocast('cuda', args...)` instead.
  with autocast(self.mixed_precision):
[2026-03-30 12:24:22](logger.py 179): id=CC_FMNIST_C10CFG_K20_E100_DT_0_95 | Ep. 69/100 - Step 50/273 (2.45 it/s) |###                 | - loss_cc=4.541 - loss_ce=2.097 - loss_ne=0.0136 - loss_div=0.0 - threshold=1.0 - loss=6.651
/scratch/e0538389/DivClust/engine/trainer.py:41: FutureWarning: `torch.cuda.amp.autocast(args...)` is deprecated. Please use `torch.amp.autocast('cuda', args...)` instead.
  with autocast(self.mixed_precision):
[2026-03-30 12:24:32](logger.py 179): id=CC_FMNIST_C10CFG_K20_E100_DT_0_95 | Ep. 69/100 - Step 75/273 (2.46 it/s) |#####               | - loss_cc=4.541 - loss_ce=2.097 - loss_ne=0.0145 - loss_div=0.0 - threshold=1.0 - loss=6.652
/scratch/e0538389/DivClust/engine/trainer.py:41: FutureWarning: `torch.cuda.amp.autocast(args...)` is deprecated. Please use `torch.amp.autocast('cuda', args...)` instead.
  with autocast(self.mixed_precision):
[2026-03-30 12:24:42](logger.py 179): id=CC_FMNIST_C10CFG_K20_E100_DT_0_95 | Ep. 69/100 - Step 100/273 (2.47 it/s) |#######             | - loss_cc=4.539 - loss_ce=2.097 - loss_ne=0.0142 - loss_div=0.0 - threshold=1.0 - loss=6.65
/scratch/e0538389/DivClust/engine/trainer.py:41: FutureWarning: `torch.cuda.amp.autocast(args...)` is deprecated. Please use `torch.amp.autocast('cuda', args...)` instead.
  with autocast(self.mixed_precision):
/scratch/e0538389/DivClust/engine/trainer.py:41: FutureWarning: `torch.cuda.amp.autocast(args...)` is deprecated. Please use `torch.amp.autocast('cuda', args...)` instead.
  with autocast(self.mixed_precision):
[2026-03-30 12:24:52](logger.py 179): id=CC_FMNIST_C10CFG_K20_E100_DT_0_95 | Ep. 69/100 - Step 125/273 (2.46 it/s) |#########           | - loss_cc=4.538 - loss_ce=2.097 - loss_ne=0.0146 - loss_div=0.0 - threshold=1.0 - loss=6.65
/scratch/e0538389/DivClust/engine/trainer.py:41: FutureWarning: `torch.cuda.amp.autocast(args...)` is deprecated. Please use `torch.amp.autocast('cuda', args...)` instead.
  with autocast(self.mixed_precision):
[2026-03-30 12:25:02](logger.py 179): id=CC_FMNIST_C10CFG_K20_E100_DT_0_95 | Ep. 69/100 - Step 150/273 (2.46 it/s) |##########          | - loss_cc=4.537 - loss_ce=2.096 - loss_ne=0.0146 - loss_div=0.0 - threshold=1.0 - loss=6.648
/scratch/e0538389/DivClust/engine/trainer.py:41: FutureWarning: `torch.cuda.amp.autocast(args...)` is deprecated. Please use `torch.amp.autocast('cuda', args...)` instead.
  with autocast(self.mixed_precision):
[2026-03-30 12:25:12](logger.py 179): id=CC_FMNIST_C10CFG_K20_E100_DT_0_95 | Ep. 69/100 - Step 175/273 (2.47 it/s) |############        | - loss_cc=4.538 - loss_ce=2.096 - loss_ne=0.0148 - loss_div=0.0 - threshold=1.0 - loss=6.649
/scratch/e0538389/DivClust/engine/trainer.py:41: FutureWarning: `torch.cuda.amp.autocast(args...)` is deprecated. Please use `torch.amp.autocast('cuda', args...)` instead.
  with autocast(self.mixed_precision):
[2026-03-30 12:25:22](logger.py 179): id=CC_FMNIST_C10CFG_K20_E100_DT_0_95 | Ep. 69/100 - Step 200/273 (2.47 it/s) |##############      | - loss_cc=4.537 - loss_ce=2.096 - loss_ne=0.015 - loss_div=0.0 - threshold=1.0 - loss=6.648
/scratch/e0538389/DivClust/engine/trainer.py:41: FutureWarning: `torch.cuda.amp.autocast(args...)` is deprecated. Please use `torch.amp.autocast('cuda', args...)` instead.
  with autocast(self.mixed_precision):
/scratch/e0538389/DivClust/engine/trainer.py:41: FutureWarning: `torch.cuda.amp.autocast(args...)` is deprecated. Please use `torch.amp.autocast('cuda', args...)` instead.
  with autocast(self.mixed_precision):
[2026-03-30 12:25:33](logger.py 179): id=CC_FMNIST_C10CFG_K20_E100_DT_0_95 | Ep. 69/100 - Step 225/273 (2.46 it/s) |################    | - loss_cc=4.537 - loss_ce=2.096 - loss_ne=0.0148 - loss_div=0.0 - threshold=1.0 - loss=6.648
/scratch/e0538389/DivClust/engine/trainer.py:41: FutureWarning: `torch.cuda.amp.autocast(args...)` is deprecated. Please use `torch.amp.autocast('cuda', args...)` instead.
  with autocast(self.mixed_precision):
[2026-03-30 12:25:43](logger.py 179): id=CC_FMNIST_C10CFG_K20_E100_DT_0_95 | Ep. 69/100 - Step 250/273 (2.47 it/s) |##################  | - loss_cc=4.536 - loss_ce=2.096 - loss_ne=0.0147 - loss_div=0.0 - threshold=1.0 - loss=6.647
/scratch/e0538389/DivClust/engine/trainer.py:41: FutureWarning: `torch.cuda.amp.autocast(args...)` is deprecated. Please use `torch.amp.autocast('cuda', args...)` instead.
  with autocast(self.mixed_precision):
[2026-03-30 12:25:52](logger.py 179): id=CC_FMNIST_C10CFG_K20_E100_DT_0_95 | Ep. 69/100 | Time: 00:01 | loss_cc=4.536 - loss_ce=2.096 - loss_ne=0.0146 - loss_div=0.0 - threshold=1.0 - loss=6.646
[2026-03-30 12:25:54](logger.py 179): id=CC_FMNIST_C10CFG_K20_E100_DT_0_95 | Ep. 70/100 - Step 0/273 (0.0 it/s) |                    | - loss_cc=4.513 - loss_ce=2.089 - loss_ne=0.00931 - loss_div=0.0 - threshold=1.0 - loss=6.612
/scratch/e0538389/DivClust/engine/trainer.py:41: FutureWarning: `torch.cuda.amp.autocast(args...)` is deprecated. Please use `torch.amp.autocast('cuda', args...)` instead.
  with autocast(self.mixed_precision):
[2026-03-30 12:26:04](logger.py 179): id=CC_FMNIST_C10CFG_K20_E100_DT_0_95 | Ep. 70/100 - Step 25/273 (2.48 it/s) |#                   | - loss_cc=4.537 - loss_ce=2.097 - loss_ne=0.0154 - loss_div=0.0 - threshold=1.0 - loss=6.649
/scratch/e0538389/DivClust/engine/trainer.py:41: FutureWarning: `torch.cuda.amp.autocast(args...)` is deprecated. Please use `torch.amp.autocast('cuda', args...)` instead.
  with autocast(self.mixed_precision):
[2026-03-30 12:26:14](logger.py 179): id=CC_FMNIST_C10CFG_K20_E100_DT_0_95 | Ep. 70/100 - Step 50/273 (2.45 it/s) |###                 | - loss_cc=4.537 - loss_ce=2.098 - loss_ne=0.015 - loss_div=0.0 - threshold=1.0 - loss=6.65
/scratch/e0538389/DivClust/engine/trainer.py:41: FutureWarning: `torch.cuda.amp.autocast(args...)` is deprecated. Please use `torch.amp.autocast('cuda', args...)` instead.
  with autocast(self.mixed_precision):
/scratch/e0538389/DivClust/engine/trainer.py:41: FutureWarning: `torch.cuda.amp.autocast(args...)` is deprecated. Please use `torch.amp.autocast('cuda', args...)` instead.
  with autocast(self.mixed_precision):
[2026-03-30 12:26:24](logger.py 179): id=CC_FMNIST_C10CFG_K20_E100_DT_0_95 | Ep. 70/100 - Step 75/273 (2.46 it/s) |#####               | - loss_cc=4.537 - loss_ce=2.098 - loss_ne=0.0158 - loss_div=0.0 - threshold=1.0 - loss=6.651
/scratch/e0538389/DivClust/engine/trainer.py:41: FutureWarning: `torch.cuda.amp.autocast(args...)` is deprecated. Please use `torch.amp.autocast('cuda', args...)` instead.
  with autocast(self.mixed_precision):
[2026-03-30 12:26:34](logger.py 179): id=CC_FMNIST_C10CFG_K20_E100_DT_0_95 | Ep. 70/100 - Step 100/273 (2.47 it/s) |#######             | - loss_cc=4.536 - loss_ce=2.097 - loss_ne=0.0149 - loss_div=0.0 - threshold=1.0 - loss=6.648
/scratch/e0538389/DivClust/engine/trainer.py:41: FutureWarning: `torch.cuda.amp.autocast(args...)` is deprecated. Please use `torch.amp.autocast('cuda', args...)` instead.
  with autocast(self.mixed_precision):
[2026-03-30 12:26:44](logger.py 179): id=CC_FMNIST_C10CFG_K20_E100_DT_0_95 | Ep. 70/100 - Step 125/273 (2.47 it/s) |#########           | - loss_cc=4.535 - loss_ce=2.097 - loss_ne=0.0149 - loss_div=0.0 - threshold=1.0 - loss=6.646
/scratch/e0538389/DivClust/engine/trainer.py:41: FutureWarning: `torch.cuda.amp.autocast(args...)` is deprecated. Please use `torch.amp.autocast('cuda', args...)` instead.
  with autocast(self.mixed_precision):
[2026-03-30 12:26:55](logger.py 179): id=CC_FMNIST_C10CFG_K20_E100_DT_0_95 | Ep. 70/100 - Step 150/273 (2.46 it/s) |##########          | - loss_cc=4.535 - loss_ce=2.096 - loss_ne=0.0148 - loss_div=0.0 - threshold=1.0 - loss=6.646
/scratch/e0538389/DivClust/engine/trainer.py:41: FutureWarning: `torch.cuda.amp.autocast(args...)` is deprecated. Please use `torch.amp.autocast('cuda', args...)` instead.
  with autocast(self.mixed_precision):
/scratch/e0538389/DivClust/engine/trainer.py:41: FutureWarning: `torch.cuda.amp.autocast(args...)` is deprecated. Please use `torch.amp.autocast('cuda', args...)` instead.
  with autocast(self.mixed_precision):
[2026-03-30 12:27:05](logger.py 179): id=CC_FMNIST_C10CFG_K20_E100_DT_0_95 | Ep. 70/100 - Step 175/273 (2.46 it/s) |############        | - loss_cc=4.535 - loss_ce=2.097 - loss_ne=0.0149 - loss_div=0.0 - threshold=1.0 - loss=6.646
/scratch/e0538389/DivClust/engine/trainer.py:41: FutureWarning: `torch.cuda.amp.autocast(args...)` is deprecated. Please use `torch.amp.autocast('cuda', args...)` instead.
  with autocast(self.mixed_precision):
[2026-03-30 12:27:15](logger.py 179): id=CC_FMNIST_C10CFG_K20_E100_DT_0_95 | Ep. 70/100 - Step 200/273 (2.47 it/s) |##############      | - loss_cc=4.535 - loss_ce=2.097 - loss_ne=0.0149 - loss_div=0.0 - threshold=1.0 - loss=6.646
/scratch/e0538389/DivClust/engine/trainer.py:41: FutureWarning: `torch.cuda.amp.autocast(args...)` is deprecated. Please use `torch.amp.autocast('cuda', args...)` instead.
  with autocast(self.mixed_precision):
[2026-03-30 12:27:25](logger.py 179): id=CC_FMNIST_C10CFG_K20_E100_DT_0_95 | Ep. 70/100 - Step 225/273 (2.47 it/s) |################    | - loss_cc=4.536 - loss_ce=2.097 - loss_ne=0.0148 - loss_div=0.0 - threshold=1.0 - loss=6.647
/scratch/e0538389/DivClust/engine/trainer.py:41: FutureWarning: `torch.cuda.amp.autocast(args...)` is deprecated. Please use `torch.amp.autocast('cuda', args...)` instead.
  with autocast(self.mixed_precision):
[2026-03-30 12:27:35](logger.py 179): id=CC_FMNIST_C10CFG_K20_E100_DT_0_95 | Ep. 70/100 - Step 250/273 (2.46 it/s) |##################  | - loss_cc=4.536 - loss_ce=2.097 - loss_ne=0.015 - loss_div=0.0 - threshold=1.0 - loss=6.648
/scratch/e0538389/DivClust/engine/trainer.py:41: FutureWarning: `torch.cuda.amp.autocast(args...)` is deprecated. Please use `torch.amp.autocast('cuda', args...)` instead.
  with autocast(self.mixed_precision):
/scratch/e0538389/DivClust/engine/trainer.py:41: FutureWarning: `torch.cuda.amp.autocast(args...)` is deprecated. Please use `torch.amp.autocast('cuda', args...)` instead.
  with autocast(self.mixed_precision):
[2026-03-30 12:27:44](logger.py 179): Evaluating
[2026-03-30 12:27:44](logger.py 179): Eval. step 0 of 274
[2026-03-30 12:27:47](logger.py 179): Eval. step 25 of 274
[2026-03-30 12:27:49](logger.py 179): Eval. step 50 of 274
[2026-03-30 12:27:51](logger.py 179): Eval. step 75 of 274
[2026-03-30 12:27:54](logger.py 179): Eval. step 100 of 274
[2026-03-30 12:27:56](logger.py 179): Eval. step 125 of 274
[2026-03-30 12:27:58](logger.py 179): Eval. step 150 of 274
[2026-03-30 12:28:01](logger.py 179): Eval. step 175 of 274
[2026-03-30 12:28:03](logger.py 179): Eval. step 200 of 274
[2026-03-30 12:28:05](logger.py 179): Eval. step 225 of 274
[2026-03-30 12:28:08](logger.py 179): Eval. step 250 of 274
[2026-03-30 12:28:12](logger.py 179): id=CC_FMNIST_C10CFG_K20_E100_DT_0_95 | Ep. 70/100 | Time: 00:02 | loss_cc=4.537 - loss_ce=2.097 - loss_ne=0.0151 - loss_div=0.0 - threshold=1.0 - loss=6.649 - eval_confidence=0.893 - cluster_acc_0_eval=65.47 - cluster_nmi_0_eval=0.633 - cluster_ari_0_eval=0.535 - cluster_acc_1_eval=65.9 - cluster_nmi_1_eval=0.637 - cluster_ari_1_eval=0.541 - cluster_acc_2_eval=65.61 - cluster_nmi_2_eval=0.633 - cluster_ari_2_eval=0.535 - cluster_acc_3_eval=66.36 - cluster_nmi_3_eval=0.634 - cluster_ari_3_eval=0.536 - cluster_acc_4_eval=66.18 - cluster_nmi_4_eval=0.634 - cluster_ari_4_eval=0.536 - cluster_acc_5_eval=65.97 - cluster_nmi_5_eval=0.635 - cluster_ari_5_eval=0.538 - cluster_acc_6_eval=65.57 - cluster_nmi_6_eval=0.634 - cluster_ari_6_eval=0.536 - cluster_acc_7_eval=65.84 - cluster_nmi_7_eval=0.633 - cluster_ari_7_eval=0.535 - cluster_acc_8_eval=66.93 - cluster_nmi_8_eval=0.635 - cluster_ari_8_eval=0.538 - cluster_acc_9_eval=65.73 - cluster_nmi_9_eval=0.633 - cluster_ari_9_eval=0.536 - cluster_acc_10_eval=65.87 - cluster_nmi_10_eval=0.633 - cluster_ari_10_eval=0.536 - cluster_acc_11_eval=66.49 - cluster_nmi_11_eval=0.636 - cluster_ari_11_eval=0.54 - cluster_acc_12_eval=65.75 - cluster_nmi_12_eval=0.634 - cluster_ari_12_eval=0.538 - cluster_acc_13_eval=66.35 - cluster_nmi_13_eval=0.636 - cluster_ari_13_eval=0.54 - cluster_acc_14_eval=66.17 - cluster_nmi_14_eval=0.637 - cluster_ari_14_eval=0.541 - cluster_acc_15_eval=65.34 - cluster_nmi_15_eval=0.631 - cluster_ari_15_eval=0.531 - cluster_acc_16_eval=66.11 - cluster_nmi_16_eval=0.637 - cluster_ari_16_eval=0.54 - cluster_acc_17_eval=66.47 - cluster_nmi_17_eval=0.633 - cluster_ari_17_eval=0.534 - cluster_acc_18_eval=65.6 - cluster_nmi_18_eval=0.631 - cluster_ari_18_eval=0.533 - cluster_acc_19_eval=65.7 - cluster_nmi_19_eval=0.636 - cluster_ari_19_eval=0.539 - max_cluster_acc_eval=66.93 - mean_cluster_acc_eval=65.97 - min_cluster_acc_eval=65.34 - max_cluster_nmi_eval=0.637 - mean_cluster_nmi_eval=0.634 - min_cluster_nmi_eval=0.631 - max_cluster_ari_eval=0.541 - mean_cluster_ari_eval=0.537 - min_cluster_ari_eval=0.531 - interclustering_nmi_eval=0.941
/scratch/e0538389/DivClust/engine/trainer.py:41: FutureWarning: `torch.cuda.amp.autocast(args...)` is deprecated. Please use `torch.amp.autocast('cuda', args...)` instead.
  with autocast(self.mixed_precision):
[2026-03-30 12:28:14](logger.py 179): id=CC_FMNIST_C10CFG_K20_E100_DT_0_95 | Ep. 71/100 - Step 0/273 (0.0 it/s) |                    | - loss_cc=4.55 - loss_ce=2.099 - loss_ne=0.00967 - loss_div=0.0 - threshold=1.0 - loss=6.659
/scratch/e0538389/DivClust/engine/trainer.py:41: FutureWarning: `torch.cuda.amp.autocast(args...)` is deprecated. Please use `torch.amp.autocast('cuda', args...)` instead.
  with autocast(self.mixed_precision):
[2026-03-30 12:28:24](logger.py 179): id=CC_FMNIST_C10CFG_K20_E100_DT_0_95 | Ep. 71/100 - Step 25/273 (2.49 it/s) |#                   | - loss_cc=4.542 - loss_ce=2.098 - loss_ne=0.0135 - loss_div=0.0 - threshold=1.0 - loss=6.653
/scratch/e0538389/DivClust/engine/trainer.py:41: FutureWarning: `torch.cuda.amp.autocast(args...)` is deprecated. Please use `torch.amp.autocast('cuda', args...)` instead.
  with autocast(self.mixed_precision):
[2026-03-30 12:28:34](logger.py 179): id=CC_FMNIST_C10CFG_K20_E100_DT_0_95 | Ep. 71/100 - Step 50/273 (2.48 it/s) |###                 | - loss_cc=4.537 - loss_ce=2.096 - loss_ne=0.0135 - loss_div=0.0 - threshold=1.0 - loss=6.646
/scratch/e0538389/DivClust/engine/trainer.py:41: FutureWarning: `torch.cuda.amp.autocast(args...)` is deprecated. Please use `torch.amp.autocast('cuda', args...)` instead.
  with autocast(self.mixed_precision):
[2026-03-30 12:28:44](logger.py 179): id=CC_FMNIST_C10CFG_K20_E100_DT_0_95 | Ep. 71/100 - Step 75/273 (2.48 it/s) |#####               | - loss_cc=4.534 - loss_ce=2.095 - loss_ne=0.0136 - loss_div=0.0 - threshold=1.0 - loss=6.642
/scratch/e0538389/DivClust/engine/trainer.py:41: FutureWarning: `torch.cuda.amp.autocast(args...)` is deprecated. Please use `torch.amp.autocast('cuda', args...)` instead.
  with autocast(self.mixed_precision):
/scratch/e0538389/DivClust/engine/trainer.py:41: FutureWarning: `torch.cuda.amp.autocast(args...)` is deprecated. Please use `torch.amp.autocast('cuda', args...)` instead.
  with autocast(self.mixed_precision):
[2026-03-30 12:28:54](logger.py 179): id=CC_FMNIST_C10CFG_K20_E100_DT_0_95 | Ep. 71/100 - Step 100/273 (2.47 it/s) |#######             | - loss_cc=4.532 - loss_ce=2.095 - loss_ne=0.0139 - loss_div=0.0 - threshold=1.0 - loss=6.641
/scratch/e0538389/DivClust/engine/trainer.py:41: FutureWarning: `torch.cuda.amp.autocast(args...)` is deprecated. Please use `torch.amp.autocast('cuda', args...)` instead.
  with autocast(self.mixed_precision):
[2026-03-30 12:29:04](logger.py 179): id=CC_FMNIST_C10CFG_K20_E100_DT_0_95 | Ep. 71/100 - Step 125/273 (2.47 it/s) |#########           | - loss_cc=4.531 - loss_ce=2.094 - loss_ne=0.0141 - loss_div=0.0 - threshold=1.0 - loss=6.639
/scratch/e0538389/DivClust/engine/trainer.py:41: FutureWarning: `torch.cuda.amp.autocast(args...)` is deprecated. Please use `torch.amp.autocast('cuda', args...)` instead.
  with autocast(self.mixed_precision):
[2026-03-30 12:29:14](logger.py 179): id=CC_FMNIST_C10CFG_K20_E100_DT_0_95 | Ep. 71/100 - Step 150/273 (2.47 it/s) |##########          | - loss_cc=4.532 - loss_ce=2.094 - loss_ne=0.0147 - loss_div=0.003 - threshold=0.999 - loss=6.644
/scratch/e0538389/DivClust/engine/trainer.py:41: FutureWarning: `torch.cuda.amp.autocast(args...)` is deprecated. Please use `torch.amp.autocast('cuda', args...)` instead.
  with autocast(self.mixed_precision):
[2026-03-30 12:29:24](logger.py 179): id=CC_FMNIST_C10CFG_K20_E100_DT_0_95 | Ep. 71/100 - Step 175/273 (2.47 it/s) |############        | - loss_cc=4.532 - loss_ce=2.095 - loss_ne=0.0153 - loss_div=0.00257 - threshold=0.999 - loss=6.644
/scratch/e0538389/DivClust/engine/trainer.py:41: FutureWarning: `torch.cuda.amp.autocast(args...)` is deprecated. Please use `torch.amp.autocast('cuda', args...)` instead.
  with autocast(self.mixed_precision):
/scratch/e0538389/DivClust/engine/trainer.py:41: FutureWarning: `torch.cuda.amp.autocast(args...)` is deprecated. Please use `torch.amp.autocast('cuda', args...)` instead.
  with autocast(self.mixed_precision):
[2026-03-30 12:29:35](logger.py 179): id=CC_FMNIST_C10CFG_K20_E100_DT_0_95 | Ep. 71/100 - Step 200/273 (2.47 it/s) |##############      | - loss_cc=4.533 - loss_ce=2.095 - loss_ne=0.0155 - loss_div=0.00225 - threshold=0.999 - loss=6.646
/scratch/e0538389/DivClust/engine/trainer.py:41: FutureWarning: `torch.cuda.amp.autocast(args...)` is deprecated. Please use `torch.amp.autocast('cuda', args...)` instead.
  with autocast(self.mixed_precision):
[2026-03-30 12:29:45](logger.py 179): id=CC_FMNIST_C10CFG_K20_E100_DT_0_95 | Ep. 71/100 - Step 225/273 (2.47 it/s) |################    | - loss_cc=4.533 - loss_ce=2.096 - loss_ne=0.0154 - loss_div=0.00201 - threshold=0.999 - loss=6.646
/scratch/e0538389/DivClust/engine/trainer.py:41: FutureWarning: `torch.cuda.amp.autocast(args...)` is deprecated. Please use `torch.amp.autocast('cuda', args...)` instead.
  with autocast(self.mixed_precision):
[2026-03-30 12:29:55](logger.py 179): id=CC_FMNIST_C10CFG_K20_E100_DT_0_95 | Ep. 71/100 - Step 250/273 (2.47 it/s) |##################  | - loss_cc=4.533 - loss_ce=2.096 - loss_ne=0.0154 - loss_div=0.00181 - threshold=0.999 - loss=6.646
/scratch/e0538389/DivClust/engine/trainer.py:41: FutureWarning: `torch.cuda.amp.autocast(args...)` is deprecated. Please use `torch.amp.autocast('cuda', args...)` instead.
  with autocast(self.mixed_precision):
[2026-03-30 12:30:04](logger.py 179): id=CC_FMNIST_C10CFG_K20_E100_DT_0_95 | Ep. 71/100 | Time: 00:01 | loss_cc=4.533 - loss_ce=2.096 - loss_ne=0.0154 - loss_div=0.00166 - threshold=0.999 - loss=6.646
[2026-03-30 12:30:06](logger.py 179): id=CC_FMNIST_C10CFG_K20_E100_DT_0_95 | Ep. 72/100 - Step 0/273 (0.0 it/s) |                    | - loss_cc=4.552 - loss_ce=2.106 - loss_ne=0.0123 - loss_div=0.0 - threshold=1.0 - loss=6.67
/scratch/e0538389/DivClust/engine/trainer.py:41: FutureWarning: `torch.cuda.amp.autocast(args...)` is deprecated. Please use `torch.amp.autocast('cuda', args...)` instead.
  with autocast(self.mixed_precision):
/scratch/e0538389/DivClust/engine/trainer.py:41: FutureWarning: `torch.cuda.amp.autocast(args...)` is deprecated. Please use `torch.amp.autocast('cuda', args...)` instead.
  with autocast(self.mixed_precision):
[2026-03-30 12:30:16](logger.py 179): id=CC_FMNIST_C10CFG_K20_E100_DT_0_95 | Ep. 72/100 - Step 25/273 (2.42 it/s) |#                   | - loss_cc=4.526 - loss_ce=2.095 - loss_ne=0.016 - loss_div=0.0 - threshold=1.0 - loss=6.637
/scratch/e0538389/DivClust/engine/trainer.py:41: FutureWarning: `torch.cuda.amp.autocast(args...)` is deprecated. Please use `torch.amp.autocast('cuda', args...)` instead.
  with autocast(self.mixed_precision):
[2026-03-30 12:30:26](logger.py 179): id=CC_FMNIST_C10CFG_K20_E100_DT_0_95 | Ep. 72/100 - Step 50/273 (2.45 it/s) |###                 | - loss_cc=4.529 - loss_ce=2.096 - loss_ne=0.0142 - loss_div=0.0 - threshold=1.0 - loss=6.64
/scratch/e0538389/DivClust/engine/trainer.py:41: FutureWarning: `torch.cuda.amp.autocast(args...)` is deprecated. Please use `torch.amp.autocast('cuda', args...)` instead.
  with autocast(self.mixed_precision):
[2026-03-30 12:30:36](logger.py 179): id=CC_FMNIST_C10CFG_K20_E100_DT_0_95 | Ep. 72/100 - Step 75/273 (2.46 it/s) |#####               | - loss_cc=4.532 - loss_ce=2.096 - loss_ne=0.0149 - loss_div=0.0 - threshold=1.0 - loss=6.643
/scratch/e0538389/DivClust/engine/trainer.py:41: FutureWarning: `torch.cuda.amp.autocast(args...)` is deprecated. Please use `torch.amp.autocast('cuda', args...)` instead.
  with autocast(self.mixed_precision):
[2026-03-30 12:30:46](logger.py 179): id=CC_FMNIST_C10CFG_K20_E100_DT_0_95 | Ep. 72/100 - Step 100/273 (2.47 it/s) |#######             | - loss_cc=4.53 - loss_ce=2.096 - loss_ne=0.0154 - loss_div=0.0 - threshold=1.0 - loss=6.642
/scratch/e0538389/DivClust/engine/trainer.py:41: FutureWarning: `torch.cuda.amp.autocast(args...)` is deprecated. Please use `torch.amp.autocast('cuda', args...)` instead.
  with autocast(self.mixed_precision):
/scratch/e0538389/DivClust/engine/trainer.py:41: FutureWarning: `torch.cuda.amp.autocast(args...)` is deprecated. Please use `torch.amp.autocast('cuda', args...)` instead.
  with autocast(self.mixed_precision):
[2026-03-30 12:30:57](logger.py 179): id=CC_FMNIST_C10CFG_K20_E100_DT_0_95 | Ep. 72/100 - Step 125/273 (2.46 it/s) |#########           | - loss_cc=4.53 - loss_ce=2.096 - loss_ne=0.0156 - loss_div=0.0 - threshold=1.0 - loss=6.641
/scratch/e0538389/DivClust/engine/trainer.py:41: FutureWarning: `torch.cuda.amp.autocast(args...)` is deprecated. Please use `torch.amp.autocast('cuda', args...)` instead.
  with autocast(self.mixed_precision):
[2026-03-30 12:31:07](logger.py 179): id=CC_FMNIST_C10CFG_K20_E100_DT_0_95 | Ep. 72/100 - Step 150/273 (2.46 it/s) |##########          | - loss_cc=4.531 - loss_ce=2.096 - loss_ne=0.0161 - loss_div=0.0 - threshold=1.0 - loss=6.642
/scratch/e0538389/DivClust/engine/trainer.py:41: FutureWarning: `torch.cuda.amp.autocast(args...)` is deprecated. Please use `torch.amp.autocast('cuda', args...)` instead.
  with autocast(self.mixed_precision):
[2026-03-30 12:31:17](logger.py 179): id=CC_FMNIST_C10CFG_K20_E100_DT_0_95 | Ep. 72/100 - Step 175/273 (2.47 it/s) |############        | - loss_cc=4.531 - loss_ce=2.096 - loss_ne=0.0163 - loss_div=0.0 - threshold=1.0 - loss=6.643
/scratch/e0538389/DivClust/engine/trainer.py:41: FutureWarning: `torch.cuda.amp.autocast(args...)` is deprecated. Please use `torch.amp.autocast('cuda', args...)` instead.
  with autocast(self.mixed_precision):
[2026-03-30 12:31:27](logger.py 179): id=CC_FMNIST_C10CFG_K20_E100_DT_0_95 | Ep. 72/100 - Step 200/273 (2.47 it/s) |##############      | - loss_cc=4.531 - loss_ce=2.096 - loss_ne=0.0162 - loss_div=0.0 - threshold=1.0 - loss=6.643
/scratch/e0538389/DivClust/engine/trainer.py:41: FutureWarning: `torch.cuda.amp.autocast(args...)` is deprecated. Please use `torch.amp.autocast('cuda', args...)` instead.
  with autocast(self.mixed_precision):
/scratch/e0538389/DivClust/engine/trainer.py:41: FutureWarning: `torch.cuda.amp.autocast(args...)` is deprecated. Please use `torch.amp.autocast('cuda', args...)` instead.
  with autocast(self.mixed_precision):
[2026-03-30 12:31:37](logger.py 179): id=CC_FMNIST_C10CFG_K20_E100_DT_0_95 | Ep. 72/100 - Step 225/273 (2.46 it/s) |################    | - loss_cc=4.53 - loss_ce=2.096 - loss_ne=0.0161 - loss_div=0.0 - threshold=1.0 - loss=6.642
/scratch/e0538389/DivClust/engine/trainer.py:41: FutureWarning: `torch.cuda.amp.autocast(args...)` is deprecated. Please use `torch.amp.autocast('cuda', args...)` instead.
  with autocast(self.mixed_precision):
[2026-03-30 12:31:47](logger.py 179): id=CC_FMNIST_C10CFG_K20_E100_DT_0_95 | Ep. 72/100 - Step 250/273 (2.46 it/s) |##################  | - loss_cc=4.53 - loss_ce=2.096 - loss_ne=0.0161 - loss_div=0.0 - threshold=1.0 - loss=6.642
/scratch/e0538389/DivClust/engine/trainer.py:41: FutureWarning: `torch.cuda.amp.autocast(args...)` is deprecated. Please use `torch.amp.autocast('cuda', args...)` instead.
  with autocast(self.mixed_precision):
[2026-03-30 12:31:56](logger.py 179): id=CC_FMNIST_C10CFG_K20_E100_DT_0_95 | Ep. 72/100 | Time: 00:01 | loss_cc=4.53 - loss_ce=2.096 - loss_ne=0.016 - loss_div=0.0 - threshold=1.0 - loss=6.641
[2026-03-30 12:31:58](logger.py 179): id=CC_FMNIST_C10CFG_K20_E100_DT_0_95 | Ep. 73/100 - Step 0/273 (0.0 it/s) |                    | - loss_cc=4.548 - loss_ce=2.092 - loss_ne=0.00685 - loss_div=0.0 - threshold=1.0 - loss=6.647
/scratch/e0538389/DivClust/engine/trainer.py:41: FutureWarning: `torch.cuda.amp.autocast(args...)` is deprecated. Please use `torch.amp.autocast('cuda', args...)` instead.
  with autocast(self.mixed_precision):
[2026-03-30 12:32:08](logger.py 179): id=CC_FMNIST_C10CFG_K20_E100_DT_0_95 | Ep. 73/100 - Step 25/273 (2.49 it/s) |#                   | - loss_cc=4.533 - loss_ce=2.095 - loss_ne=0.0174 - loss_div=0.0 - threshold=1.0 - loss=6.645
/scratch/e0538389/DivClust/engine/trainer.py:41: FutureWarning: `torch.cuda.amp.autocast(args...)` is deprecated. Please use `torch.amp.autocast('cuda', args...)` instead.
  with autocast(self.mixed_precision):
[2026-03-30 12:32:18](logger.py 179): id=CC_FMNIST_C10CFG_K20_E100_DT_0_95 | Ep. 73/100 - Step 50/273 (2.48 it/s) |###                 | - loss_cc=4.535 - loss_ce=2.096 - loss_ne=0.0165 - loss_div=0.0 - threshold=1.0 - loss=6.647
/scratch/e0538389/DivClust/engine/trainer.py:41: FutureWarning: `torch.cuda.amp.autocast(args...)` is deprecated. Please use `torch.amp.autocast('cuda', args...)` instead.
  with autocast(self.mixed_precision):
/scratch/e0538389/DivClust/engine/trainer.py:41: FutureWarning: `torch.cuda.amp.autocast(args...)` is deprecated. Please use `torch.amp.autocast('cuda', args...)` instead.
  with autocast(self.mixed_precision):
[2026-03-30 12:32:28](logger.py 179): id=CC_FMNIST_C10CFG_K20_E100_DT_0_95 | Ep. 73/100 - Step 75/273 (2.46 it/s) |#####               | - loss_cc=4.533 - loss_ce=2.096 - loss_ne=0.0156 - loss_div=0.0 - threshold=1.0 - loss=6.644
/scratch/e0538389/DivClust/engine/trainer.py:41: FutureWarning: `torch.cuda.amp.autocast(args...)` is deprecated. Please use `torch.amp.autocast('cuda', args...)` instead.
  with autocast(self.mixed_precision):
[2026-03-30 12:32:39](logger.py 179): id=CC_FMNIST_C10CFG_K20_E100_DT_0_95 | Ep. 73/100 - Step 100/273 (2.47 it/s) |#######             | - loss_cc=4.533 - loss_ce=2.096 - loss_ne=0.0152 - loss_div=0.0 - threshold=1.0 - loss=6.643
/scratch/e0538389/DivClust/engine/trainer.py:41: FutureWarning: `torch.cuda.amp.autocast(args...)` is deprecated. Please use `torch.amp.autocast('cuda', args...)` instead.
  with autocast(self.mixed_precision):
[2026-03-30 12:32:49](logger.py 179): id=CC_FMNIST_C10CFG_K20_E100_DT_0_95 | Ep. 73/100 - Step 125/273 (2.47 it/s) |#########           | - loss_cc=4.533 - loss_ce=2.096 - loss_ne=0.0149 - loss_div=0.0 - threshold=1.0 - loss=6.644
/scratch/e0538389/DivClust/engine/trainer.py:41: FutureWarning: `torch.cuda.amp.autocast(args...)` is deprecated. Please use `torch.amp.autocast('cuda', args...)` instead.
  with autocast(self.mixed_precision):
[2026-03-30 12:32:59](logger.py 179): id=CC_FMNIST_C10CFG_K20_E100_DT_0_95 | Ep. 73/100 - Step 150/273 (2.47 it/s) |##########          | - loss_cc=4.533 - loss_ce=2.096 - loss_ne=0.0152 - loss_div=0.0 - threshold=1.0 - loss=6.644
/scratch/e0538389/DivClust/engine/trainer.py:41: FutureWarning: `torch.cuda.amp.autocast(args...)` is deprecated. Please use `torch.amp.autocast('cuda', args...)` instead.
  with autocast(self.mixed_precision):
/scratch/e0538389/DivClust/engine/trainer.py:41: FutureWarning: `torch.cuda.amp.autocast(args...)` is deprecated. Please use `torch.amp.autocast('cuda', args...)` instead.
  with autocast(self.mixed_precision):
[2026-03-30 12:33:09](logger.py 179): id=CC_FMNIST_C10CFG_K20_E100_DT_0_95 | Ep. 73/100 - Step 175/273 (2.46 it/s) |############        | - loss_cc=4.533 - loss_ce=2.096 - loss_ne=0.0153 - loss_div=0.0 - threshold=1.0 - loss=6.644
/scratch/e0538389/DivClust/engine/trainer.py:41: FutureWarning: `torch.cuda.amp.autocast(args...)` is deprecated. Please use `torch.amp.autocast('cuda', args...)` instead.
  with autocast(self.mixed_precision):
[2026-03-30 12:33:19](logger.py 179): id=CC_FMNIST_C10CFG_K20_E100_DT_0_95 | Ep. 73/100 - Step 200/273 (2.47 it/s) |##############      | - loss_cc=4.534 - loss_ce=2.096 - loss_ne=0.0154 - loss_div=0.0 - threshold=1.0 - loss=6.645
/scratch/e0538389/DivClust/engine/trainer.py:41: FutureWarning: `torch.cuda.amp.autocast(args...)` is deprecated. Please use `torch.amp.autocast('cuda', args...)` instead.
  with autocast(self.mixed_precision):
[2026-03-30 12:33:29](logger.py 179): id=CC_FMNIST_C10CFG_K20_E100_DT_0_95 | Ep. 73/100 - Step 225/273 (2.47 it/s) |################    | - loss_cc=4.534 - loss_ce=2.096 - loss_ne=0.0156 - loss_div=0.0 - threshold=1.0 - loss=6.645
/scratch/e0538389/DivClust/engine/trainer.py:41: FutureWarning: `torch.cuda.amp.autocast(args...)` is deprecated. Please use `torch.amp.autocast('cuda', args...)` instead.
  with autocast(self.mixed_precision):
[2026-03-30 12:33:39](logger.py 179): id=CC_FMNIST_C10CFG_K20_E100_DT_0_95 | Ep. 73/100 - Step 250/273 (2.47 it/s) |##################  | - loss_cc=4.534 - loss_ce=2.096 - loss_ne=0.0155 - loss_div=0.0 - threshold=1.0 - loss=6.646
/scratch/e0538389/DivClust/engine/trainer.py:41: FutureWarning: `torch.cuda.amp.autocast(args...)` is deprecated. Please use `torch.amp.autocast('cuda', args...)` instead.
  with autocast(self.mixed_precision):
/scratch/e0538389/DivClust/engine/trainer.py:41: FutureWarning: `torch.cuda.amp.autocast(args...)` is deprecated. Please use `torch.amp.autocast('cuda', args...)` instead.
  with autocast(self.mixed_precision):
[2026-03-30 12:33:48](logger.py 179): id=CC_FMNIST_C10CFG_K20_E100_DT_0_95 | Ep. 73/100 | Time: 00:01 | loss_cc=4.534 - loss_ce=2.096 - loss_ne=0.0155 - loss_div=0.0 - threshold=1.0 - loss=6.646
[2026-03-30 12:33:50](logger.py 179): id=CC_FMNIST_C10CFG_K20_E100_DT_0_95 | Ep. 74/100 - Step 0/273 (0.0 it/s) |                    | - loss_cc=4.54 - loss_ce=2.098 - loss_ne=0.0143 - loss_div=0.0 - threshold=1.0 - loss=6.653
/scratch/e0538389/DivClust/engine/trainer.py:41: FutureWarning: `torch.cuda.amp.autocast(args...)` is deprecated. Please use `torch.amp.autocast('cuda', args...)` instead.
  with autocast(self.mixed_precision):
[2026-03-30 12:34:00](logger.py 179): id=CC_FMNIST_C10CFG_K20_E100_DT_0_95 | Ep. 74/100 - Step 25/273 (2.48 it/s) |#                   | - loss_cc=4.527 - loss_ce=2.094 - loss_ne=0.0174 - loss_div=0.0 - threshold=1.0 - loss=6.639
/scratch/e0538389/DivClust/engine/trainer.py:41: FutureWarning: `torch.cuda.amp.autocast(args...)` is deprecated. Please use `torch.amp.autocast('cuda', args...)` instead.
  with autocast(self.mixed_precision):
[2026-03-30 12:34:10](logger.py 179): id=CC_FMNIST_C10CFG_K20_E100_DT_0_95 | Ep. 74/100 - Step 50/273 (2.49 it/s) |###                 | - loss_cc=4.53 - loss_ce=2.094 - loss_ne=0.0154 - loss_div=0.0 - threshold=1.0 - loss=6.64
/scratch/e0538389/DivClust/engine/trainer.py:41: FutureWarning: `torch.cuda.amp.autocast(args...)` is deprecated. Please use `torch.amp.autocast('cuda', args...)` instead.
  with autocast(self.mixed_precision):
[2026-03-30 12:34:21](logger.py 179): id=CC_FMNIST_C10CFG_K20_E100_DT_0_95 | Ep. 74/100 - Step 75/273 (2.48 it/s) |#####               | - loss_cc=4.532 - loss_ce=2.096 - loss_ne=0.0149 - loss_div=0.0 - threshold=1.0 - loss=6.643
/scratch/e0538389/DivClust/engine/trainer.py:41: FutureWarning: `torch.cuda.amp.autocast(args...)` is deprecated. Please use `torch.amp.autocast('cuda', args...)` instead.
  with autocast(self.mixed_precision):
/scratch/e0538389/DivClust/engine/trainer.py:41: FutureWarning: `torch.cuda.amp.autocast(args...)` is deprecated. Please use `torch.amp.autocast('cuda', args...)` instead.
  with autocast(self.mixed_precision):
[2026-03-30 12:34:31](logger.py 179): id=CC_FMNIST_C10CFG_K20_E100_DT_0_95 | Ep. 74/100 - Step 100/273 (2.47 it/s) |#######             | - loss_cc=4.532 - loss_ce=2.096 - loss_ne=0.0151 - loss_div=0.0 - threshold=1.0 - loss=6.643
/scratch/e0538389/DivClust/engine/trainer.py:41: FutureWarning: `torch.cuda.amp.autocast(args...)` is deprecated. Please use `torch.amp.autocast('cuda', args...)` instead.
  with autocast(self.mixed_precision):
[2026-03-30 12:34:41](logger.py 179): id=CC_FMNIST_C10CFG_K20_E100_DT_0_95 | Ep. 74/100 - Step 125/273 (2.47 it/s) |#########           | - loss_cc=4.531 - loss_ce=2.096 - loss_ne=0.0153 - loss_div=0.0 - threshold=1.0 - loss=6.642
/scratch/e0538389/DivClust/engine/trainer.py:41: FutureWarning: `torch.cuda.amp.autocast(args...)` is deprecated. Please use `torch.amp.autocast('cuda', args...)` instead.
  with autocast(self.mixed_precision):
[2026-03-30 12:34:51](logger.py 179): id=CC_FMNIST_C10CFG_K20_E100_DT_0_95 | Ep. 74/100 - Step 150/273 (2.47 it/s) |##########          | - loss_cc=4.532 - loss_ce=2.096 - loss_ne=0.0154 - loss_div=0.0 - threshold=1.0 - loss=6.644
/scratch/e0538389/DivClust/engine/trainer.py:41: FutureWarning: `torch.cuda.amp.autocast(args...)` is deprecated. Please use `torch.amp.autocast('cuda', args...)` instead.
  with autocast(self.mixed_precision):
[2026-03-30 12:35:01](logger.py 179): id=CC_FMNIST_C10CFG_K20_E100_DT_0_95 | Ep. 74/100 - Step 175/273 (2.47 it/s) |############        | - loss_cc=4.531 - loss_ce=2.096 - loss_ne=0.0153 - loss_div=0.0 - threshold=1.0 - loss=6.642
/scratch/e0538389/DivClust/engine/trainer.py:41: FutureWarning: `torch.cuda.amp.autocast(args...)` is deprecated. Please use `torch.amp.autocast('cuda', args...)` instead.
  with autocast(self.mixed_precision):
/scratch/e0538389/DivClust/engine/trainer.py:41: FutureWarning: `torch.cuda.amp.autocast(args...)` is deprecated. Please use `torch.amp.autocast('cuda', args...)` instead.
  with autocast(self.mixed_precision):
[2026-03-30 12:35:11](logger.py 179): id=CC_FMNIST_C10CFG_K20_E100_DT_0_95 | Ep. 74/100 - Step 200/273 (2.46 it/s) |##############      | - loss_cc=4.532 - loss_ce=2.096 - loss_ne=0.0152 - loss_div=0.0 - threshold=1.0 - loss=6.643
/scratch/e0538389/DivClust/engine/trainer.py:41: FutureWarning: `torch.cuda.amp.autocast(args...)` is deprecated. Please use `torch.amp.autocast('cuda', args...)` instead.
  with autocast(self.mixed_precision):
[2026-03-30 12:35:22](logger.py 179): id=CC_FMNIST_C10CFG_K20_E100_DT_0_95 | Ep. 74/100 - Step 225/273 (2.47 it/s) |################    | - loss_cc=4.532 - loss_ce=2.096 - loss_ne=0.015 - loss_div=0.0 - threshold=1.0 - loss=6.643
/scratch/e0538389/DivClust/engine/trainer.py:41: FutureWarning: `torch.cuda.amp.autocast(args...)` is deprecated. Please use `torch.amp.autocast('cuda', args...)` instead.
  with autocast(self.mixed_precision):
[2026-03-30 12:35:32](logger.py 179): id=CC_FMNIST_C10CFG_K20_E100_DT_0_95 | Ep. 74/100 - Step 250/273 (2.47 it/s) |##################  | - loss_cc=4.532 - loss_ce=2.096 - loss_ne=0.015 - loss_div=0.0 - threshold=1.0 - loss=6.643
/scratch/e0538389/DivClust/engine/trainer.py:41: FutureWarning: `torch.cuda.amp.autocast(args...)` is deprecated. Please use `torch.amp.autocast('cuda', args...)` instead.
  with autocast(self.mixed_precision):
[2026-03-30 12:35:41](logger.py 179): id=CC_FMNIST_C10CFG_K20_E100_DT_0_95 | Ep. 74/100 | Time: 00:01 | loss_cc=4.532 - loss_ce=2.096 - loss_ne=0.015 - loss_div=0.0 - threshold=1.0 - loss=6.643
[2026-03-30 12:35:43](logger.py 179): id=CC_FMNIST_C10CFG_K20_E100_DT_0_95 | Ep. 75/100 - Step 0/273 (0.0 it/s) |                    | - loss_cc=4.508 - loss_ce=2.097 - loss_ne=0.0128 - loss_div=0.0 - threshold=1.0 - loss=6.618
/scratch/e0538389/DivClust/engine/trainer.py:41: FutureWarning: `torch.cuda.amp.autocast(args...)` is deprecated. Please use `torch.amp.autocast('cuda', args...)` instead.
  with autocast(self.mixed_precision):
[2026-03-30 12:35:53](logger.py 179): id=CC_FMNIST_C10CFG_K20_E100_DT_0_95 | Ep. 75/100 - Step 25/273 (2.41 it/s) |#                   | - loss_cc=4.529 - loss_ce=2.095 - loss_ne=0.0148 - loss_div=0.0 - threshold=1.0 - loss=6.638
/scratch/e0538389/DivClust/engine/trainer.py:41: FutureWarning: `torch.cuda.amp.autocast(args...)` is deprecated. Please use `torch.amp.autocast('cuda', args...)` instead.
  with autocast(self.mixed_precision):
/scratch/e0538389/DivClust/engine/trainer.py:41: FutureWarning: `torch.cuda.amp.autocast(args...)` is deprecated. Please use `torch.amp.autocast('cuda', args...)` instead.
  with autocast(self.mixed_precision):
[2026-03-30 12:36:03](logger.py 179): id=CC_FMNIST_C10CFG_K20_E100_DT_0_95 | Ep. 75/100 - Step 50/273 (2.45 it/s) |###                 | - loss_cc=4.528 - loss_ce=2.095 - loss_ne=0.0153 - loss_div=0.0 - threshold=1.0 - loss=6.639
/scratch/e0538389/DivClust/engine/trainer.py:41: FutureWarning: `torch.cuda.amp.autocast(args...)` is deprecated. Please use `torch.amp.autocast('cuda', args...)` instead.
  with autocast(self.mixed_precision):
[2026-03-30 12:36:13](logger.py 179): id=CC_FMNIST_C10CFG_K20_E100_DT_0_95 | Ep. 75/100 - Step 75/273 (2.46 it/s) |#####               | - loss_cc=4.528 - loss_ce=2.096 - loss_ne=0.0159 - loss_div=0.0 - threshold=1.0 - loss=6.64
/scratch/e0538389/DivClust/engine/trainer.py:41: FutureWarning: `torch.cuda.amp.autocast(args...)` is deprecated. Please use `torch.amp.autocast('cuda', args...)` instead.
  with autocast(self.mixed_precision):
[2026-03-30 12:36:23](logger.py 179): id=CC_FMNIST_C10CFG_K20_E100_DT_0_95 | Ep. 75/100 - Step 100/273 (2.46 it/s) |#######             | - loss_cc=4.528 - loss_ce=2.095 - loss_ne=0.0159 - loss_div=0.0 - threshold=1.0 - loss=6.639
/scratch/e0538389/DivClust/engine/trainer.py:41: FutureWarning: `torch.cuda.amp.autocast(args...)` is deprecated. Please use `torch.amp.autocast('cuda', args...)` instead.
  with autocast(self.mixed_precision):
[2026-03-30 12:36:33](logger.py 179): id=CC_FMNIST_C10CFG_K20_E100_DT_0_95 | Ep. 75/100 - Step 125/273 (2.46 it/s) |#########           | - loss_cc=4.529 - loss_ce=2.095 - loss_ne=0.0155 - loss_div=0.0 - threshold=1.0 - loss=6.639
/scratch/e0538389/DivClust/engine/trainer.py:41: FutureWarning: `torch.cuda.amp.autocast(args...)` is deprecated. Please use `torch.amp.autocast('cuda', args...)` instead.
  with autocast(self.mixed_precision):
/scratch/e0538389/DivClust/engine/trainer.py:41: FutureWarning: `torch.cuda.amp.autocast(args...)` is deprecated. Please use `torch.amp.autocast('cuda', args...)` instead.
  with autocast(self.mixed_precision):
[2026-03-30 12:36:43](logger.py 179): id=CC_FMNIST_C10CFG_K20_E100_DT_0_95 | Ep. 75/100 - Step 150/273 (2.46 it/s) |##########          | - loss_cc=4.53 - loss_ce=2.095 - loss_ne=0.0153 - loss_div=0.0 - threshold=1.0 - loss=6.641
/scratch/e0538389/DivClust/engine/trainer.py:41: FutureWarning: `torch.cuda.amp.autocast(args...)` is deprecated. Please use `torch.amp.autocast('cuda', args...)` instead.
  with autocast(self.mixed_precision):
[2026-03-30 12:36:54](logger.py 179): id=CC_FMNIST_C10CFG_K20_E100_DT_0_95 | Ep. 75/100 - Step 175/273 (2.46 it/s) |############        | - loss_cc=4.53 - loss_ce=2.095 - loss_ne=0.0155 - loss_div=0.0 - threshold=1.0 - loss=6.64
/scratch/e0538389/DivClust/engine/trainer.py:41: FutureWarning: `torch.cuda.amp.autocast(args...)` is deprecated. Please use `torch.amp.autocast('cuda', args...)` instead.
  with autocast(self.mixed_precision):
[2026-03-30 12:37:04](logger.py 179): id=CC_FMNIST_C10CFG_K20_E100_DT_0_95 | Ep. 75/100 - Step 200/273 (2.47 it/s) |##############      | - loss_cc=4.53 - loss_ce=2.095 - loss_ne=0.0155 - loss_div=0.0 - threshold=1.0 - loss=6.64
/scratch/e0538389/DivClust/engine/trainer.py:41: FutureWarning: `torch.cuda.amp.autocast(args...)` is deprecated. Please use `torch.amp.autocast('cuda', args...)` instead.
  with autocast(self.mixed_precision):
[2026-03-30 12:37:14](logger.py 179): id=CC_FMNIST_C10CFG_K20_E100_DT_0_95 | Ep. 75/100 - Step 225/273 (2.46 it/s) |################    | - loss_cc=4.53 - loss_ce=2.095 - loss_ne=0.0156 - loss_div=0.0 - threshold=1.0 - loss=6.641
/scratch/e0538389/DivClust/engine/trainer.py:41: FutureWarning: `torch.cuda.amp.autocast(args...)` is deprecated. Please use `torch.amp.autocast('cuda', args...)` instead.
  with autocast(self.mixed_precision):
/scratch/e0538389/DivClust/engine/trainer.py:41: FutureWarning: `torch.cuda.amp.autocast(args...)` is deprecated. Please use `torch.amp.autocast('cuda', args...)` instead.
  with autocast(self.mixed_precision):
[2026-03-30 12:37:24](logger.py 179): id=CC_FMNIST_C10CFG_K20_E100_DT_0_95 | Ep. 75/100 - Step 250/273 (2.47 it/s) |##################  | - loss_cc=4.53 - loss_ce=2.096 - loss_ne=0.0158 - loss_div=0.0 - threshold=1.0 - loss=6.642
/scratch/e0538389/DivClust/engine/trainer.py:41: FutureWarning: `torch.cuda.amp.autocast(args...)` is deprecated. Please use `torch.amp.autocast('cuda', args...)` instead.
  with autocast(self.mixed_precision):
[2026-03-30 12:37:33](logger.py 179): id=CC_FMNIST_C10CFG_K20_E100_DT_0_95 | Ep. 75/100 | Time: 00:01 | loss_cc=4.531 - loss_ce=2.096 - loss_ne=0.0158 - loss_div=0.0 - threshold=1.0 - loss=6.642
[2026-03-30 12:37:35](logger.py 179): id=CC_FMNIST_C10CFG_K20_E100_DT_0_95 | Ep. 76/100 - Step 0/273 (0.0 it/s) |                    | - loss_cc=4.515 - loss_ce=2.086 - loss_ne=0.0245 - loss_div=0.0 - threshold=1.0 - loss=6.626
/scratch/e0538389/DivClust/engine/trainer.py:41: FutureWarning: `torch.cuda.amp.autocast(args...)` is deprecated. Please use `torch.amp.autocast('cuda', args...)` instead.
  with autocast(self.mixed_precision):
[2026-03-30 12:37:45](logger.py 179): id=CC_FMNIST_C10CFG_K20_E100_DT_0_95 | Ep. 76/100 - Step 25/273 (2.48 it/s) |#                   | - loss_cc=4.526 - loss_ce=2.092 - loss_ne=0.0146 - loss_div=0.0 - threshold=1.0 - loss=6.632
/scratch/e0538389/DivClust/engine/trainer.py:41: FutureWarning: `torch.cuda.amp.autocast(args...)` is deprecated. Please use `torch.amp.autocast('cuda', args...)` instead.
  with autocast(self.mixed_precision):
[2026-03-30 12:37:55](logger.py 179): id=CC_FMNIST_C10CFG_K20_E100_DT_0_95 | Ep. 76/100 - Step 50/273 (2.48 it/s) |###                 | - loss_cc=4.529 - loss_ce=2.093 - loss_ne=0.016 - loss_div=0.0 - threshold=1.0 - loss=6.638
/scratch/e0538389/DivClust/engine/trainer.py:41: FutureWarning: `torch.cuda.amp.autocast(args...)` is deprecated. Please use `torch.amp.autocast('cuda', args...)` instead.
  with autocast(self.mixed_precision):
/scratch/e0538389/DivClust/engine/trainer.py:41: FutureWarning: `torch.cuda.amp.autocast(args...)` is deprecated. Please use `torch.amp.autocast('cuda', args...)` instead.
  with autocast(self.mixed_precision):
[2026-03-30 12:38:05](logger.py 179): id=CC_FMNIST_C10CFG_K20_E100_DT_0_95 | Ep. 76/100 - Step 75/273 (2.46 it/s) |#####               | - loss_cc=4.53 - loss_ce=2.094 - loss_ne=0.0155 - loss_div=0.0 - threshold=1.0 - loss=6.639
/scratch/e0538389/DivClust/engine/trainer.py:41: FutureWarning: `torch.cuda.amp.autocast(args...)` is deprecated. Please use `torch.amp.autocast('cuda', args...)` instead.
  with autocast(self.mixed_precision):
[2026-03-30 12:38:15](logger.py 179): id=CC_FMNIST_C10CFG_K20_E100_DT_0_95 | Ep. 76/100 - Step 100/273 (2.47 it/s) |#######             | - loss_cc=4.528 - loss_ce=2.093 - loss_ne=0.0154 - loss_div=0.0 - threshold=1.0 - loss=6.637
/scratch/e0538389/DivClust/engine/trainer.py:41: FutureWarning: `torch.cuda.amp.autocast(args...)` is deprecated. Please use `torch.amp.autocast('cuda', args...)` instead.
  with autocast(self.mixed_precision):
[2026-03-30 12:38:26](logger.py 179): id=CC_FMNIST_C10CFG_K20_E100_DT_0_95 | Ep. 76/100 - Step 125/273 (2.47 it/s) |#########           | - loss_cc=4.53 - loss_ce=2.094 - loss_ne=0.015 - loss_div=0.0 - threshold=1.0 - loss=6.639
/scratch/e0538389/DivClust/engine/trainer.py:41: FutureWarning: `torch.cuda.amp.autocast(args...)` is deprecated. Please use `torch.amp.autocast('cuda', args...)` instead.
  with autocast(self.mixed_precision):
[2026-03-30 12:38:36](logger.py 179): id=CC_FMNIST_C10CFG_K20_E100_DT_0_95 | Ep. 76/100 - Step 150/273 (2.47 it/s) |##########          | - loss_cc=4.529 - loss_ce=2.094 - loss_ne=0.0145 - loss_div=0.0 - threshold=1.0 - loss=6.637
/scratch/e0538389/DivClust/engine/trainer.py:41: FutureWarning: `torch.cuda.amp.autocast(args...)` is deprecated. Please use `torch.amp.autocast('cuda', args...)` instead.
  with autocast(self.mixed_precision):
/scratch/e0538389/DivClust/engine/trainer.py:41: FutureWarning: `torch.cuda.amp.autocast(args...)` is deprecated. Please use `torch.amp.autocast('cuda', args...)` instead.
  with autocast(self.mixed_precision):
[2026-03-30 12:38:46](logger.py 179): id=CC_FMNIST_C10CFG_K20_E100_DT_0_95 | Ep. 76/100 - Step 175/273 (2.47 it/s) |############        | - loss_cc=4.529 - loss_ce=2.094 - loss_ne=0.0148 - loss_div=0.0 - threshold=1.0 - loss=6.637
/scratch/e0538389/DivClust/engine/trainer.py:41: FutureWarning: `torch.cuda.amp.autocast(args...)` is deprecated. Please use `torch.amp.autocast('cuda', args...)` instead.
  with autocast(self.mixed_precision):
[2026-03-30 12:38:56](logger.py 179): id=CC_FMNIST_C10CFG_K20_E100_DT_0_95 | Ep. 76/100 - Step 200/273 (2.47 it/s) |##############      | - loss_cc=4.529 - loss_ce=2.094 - loss_ne=0.0149 - loss_div=0.0 - threshold=1.0 - loss=6.638
/scratch/e0538389/DivClust/engine/trainer.py:41: FutureWarning: `torch.cuda.amp.autocast(args...)` is deprecated. Please use `torch.amp.autocast('cuda', args...)` instead.
  with autocast(self.mixed_precision):
[2026-03-30 12:39:06](logger.py 179): id=CC_FMNIST_C10CFG_K20_E100_DT_0_95 | Ep. 76/100 - Step 225/273 (2.47 it/s) |################    | - loss_cc=4.529 - loss_ce=2.094 - loss_ne=0.0152 - loss_div=0.00199 - threshold=0.999 - loss=6.639
/scratch/e0538389/DivClust/engine/trainer.py:41: FutureWarning: `torch.cuda.amp.autocast(args...)` is deprecated. Please use `torch.amp.autocast('cuda', args...)` instead.
  with autocast(self.mixed_precision):
[2026-03-30 12:39:16](logger.py 179): id=CC_FMNIST_C10CFG_K20_E100_DT_0_95 | Ep. 76/100 - Step 250/273 (2.47 it/s) |##################  | - loss_cc=4.528 - loss_ce=2.094 - loss_ne=0.0159 - loss_div=0.00179 - threshold=0.999 - loss=6.64
/scratch/e0538389/DivClust/engine/trainer.py:41: FutureWarning: `torch.cuda.amp.autocast(args...)` is deprecated. Please use `torch.amp.autocast('cuda', args...)` instead.
  with autocast(self.mixed_precision):
[2026-03-30 12:39:25](logger.py 179): id=CC_FMNIST_C10CFG_K20_E100_DT_0_95 | Ep. 76/100 | Time: 00:01 | loss_cc=4.528 - loss_ce=2.094 - loss_ne=0.0159 - loss_div=0.00165 - threshold=0.999 - loss=6.64
/scratch/e0538389/DivClust/engine/trainer.py:41: FutureWarning: `torch.cuda.amp.autocast(args...)` is deprecated. Please use `torch.amp.autocast('cuda', args...)` instead.
  with autocast(self.mixed_precision):
[2026-03-30 12:39:27](logger.py 179): id=CC_FMNIST_C10CFG_K20_E100_DT_0_95 | Ep. 77/100 - Step 0/273 (0.0 it/s) |                    | - loss_cc=4.561 - loss_ce=2.11 - loss_ne=0.0208 - loss_div=0.0 - threshold=1.0 - loss=6.691
/scratch/e0538389/DivClust/engine/trainer.py:41: FutureWarning: `torch.cuda.amp.autocast(args...)` is deprecated. Please use `torch.amp.autocast('cuda', args...)` instead.
  with autocast(self.mixed_precision):
[2026-03-30 12:39:37](logger.py 179): id=CC_FMNIST_C10CFG_K20_E100_DT_0_95 | Ep. 77/100 - Step 25/273 (2.48 it/s) |#                   | - loss_cc=4.533 - loss_ce=2.096 - loss_ne=0.0169 - loss_div=0.0 - threshold=1.0 - loss=6.646
/scratch/e0538389/DivClust/engine/trainer.py:41: FutureWarning: `torch.cuda.amp.autocast(args...)` is deprecated. Please use `torch.amp.autocast('cuda', args...)` instead.
  with autocast(self.mixed_precision):
[2026-03-30 12:39:47](logger.py 179): id=CC_FMNIST_C10CFG_K20_E100_DT_0_95 | Ep. 77/100 - Step 50/273 (2.48 it/s) |###                 | - loss_cc=4.531 - loss_ce=2.096 - loss_ne=0.0158 - loss_div=0.0 - threshold=1.0 - loss=6.643
/scratch/e0538389/DivClust/engine/trainer.py:41: FutureWarning: `torch.cuda.amp.autocast(args...)` is deprecated. Please use `torch.amp.autocast('cuda', args...)` instead.
  with autocast(self.mixed_precision):
[2026-03-30 12:39:57](logger.py 179): id=CC_FMNIST_C10CFG_K20_E100_DT_0_95 | Ep. 77/100 - Step 75/273 (2.48 it/s) |#####               | - loss_cc=4.529 - loss_ce=2.096 - loss_ne=0.0154 - loss_div=0.0 - threshold=1.0 - loss=6.641
/scratch/e0538389/DivClust/engine/trainer.py:41: FutureWarning: `torch.cuda.amp.autocast(args...)` is deprecated. Please use `torch.amp.autocast('cuda', args...)` instead.
  with autocast(self.mixed_precision):
/scratch/e0538389/DivClust/engine/trainer.py:41: FutureWarning: `torch.cuda.amp.autocast(args...)` is deprecated. Please use `torch.amp.autocast('cuda', args...)` instead.
  with autocast(self.mixed_precision):
[2026-03-30 12:40:08](logger.py 179): id=CC_FMNIST_C10CFG_K20_E100_DT_0_95 | Ep. 77/100 - Step 100/273 (2.47 it/s) |#######             | - loss_cc=4.528 - loss_ce=2.095 - loss_ne=0.0152 - loss_div=0.0 - threshold=1.0 - loss=6.638
/scratch/e0538389/DivClust/engine/trainer.py:41: FutureWarning: `torch.cuda.amp.autocast(args...)` is deprecated. Please use `torch.amp.autocast('cuda', args...)` instead.
  with autocast(self.mixed_precision):
[2026-03-30 12:40:18](logger.py 179): id=CC_FMNIST_C10CFG_K20_E100_DT_0_95 | Ep. 77/100 - Step 125/273 (2.47 it/s) |#########           | - loss_cc=4.528 - loss_ce=2.095 - loss_ne=0.0153 - loss_div=0.0 - threshold=1.0 - loss=6.639
/scratch/e0538389/DivClust/engine/trainer.py:41: FutureWarning: `torch.cuda.amp.autocast(args...)` is deprecated. Please use `torch.amp.autocast('cuda', args...)` instead.
  with autocast(self.mixed_precision):
[2026-03-30 12:40:28](logger.py 179): id=CC_FMNIST_C10CFG_K20_E100_DT_0_95 | Ep. 77/100 - Step 150/273 (2.47 it/s) |##########          | - loss_cc=4.527 - loss_ce=2.095 - loss_ne=0.0151 - loss_div=0.0 - threshold=1.0 - loss=6.637
/scratch/e0538389/DivClust/engine/trainer.py:41: FutureWarning: `torch.cuda.amp.autocast(args...)` is deprecated. Please use `torch.amp.autocast('cuda', args...)` instead.
  with autocast(self.mixed_precision):
[2026-03-30 12:40:38](logger.py 179): id=CC_FMNIST_C10CFG_K20_E100_DT_0_95 | Ep. 77/100 - Step 175/273 (2.47 it/s) |############        | - loss_cc=4.529 - loss_ce=2.095 - loss_ne=0.0151 - loss_div=0.0 - threshold=1.0 - loss=6.639
/scratch/e0538389/DivClust/engine/trainer.py:41: FutureWarning: `torch.cuda.amp.autocast(args...)` is deprecated. Please use `torch.amp.autocast('cuda', args...)` instead.
  with autocast(self.mixed_precision):
/scratch/e0538389/DivClust/engine/trainer.py:41: FutureWarning: `torch.cuda.amp.autocast(args...)` is deprecated. Please use `torch.amp.autocast('cuda', args...)` instead.
  with autocast(self.mixed_precision):
[2026-03-30 12:40:48](logger.py 179): id=CC_FMNIST_C10CFG_K20_E100_DT_0_95 | Ep. 77/100 - Step 200/273 (2.46 it/s) |##############      | - loss_cc=4.528 - loss_ce=2.095 - loss_ne=0.015 - loss_div=0.0 - threshold=1.0 - loss=6.638
/scratch/e0538389/DivClust/engine/trainer.py:41: FutureWarning: `torch.cuda.amp.autocast(args...)` is deprecated. Please use `torch.amp.autocast('cuda', args...)` instead.
  with autocast(self.mixed_precision):
[2026-03-30 12:40:58](logger.py 179): id=CC_FMNIST_C10CFG_K20_E100_DT_0_95 | Ep. 77/100 - Step 225/273 (2.46 it/s) |################    | - loss_cc=4.528 - loss_ce=2.095 - loss_ne=0.015 - loss_div=0.0 - threshold=1.0 - loss=6.638
/scratch/e0538389/DivClust/engine/trainer.py:41: FutureWarning: `torch.cuda.amp.autocast(args...)` is deprecated. Please use `torch.amp.autocast('cuda', args...)` instead.
  with autocast(self.mixed_precision):
[2026-03-30 12:41:09](logger.py 179): id=CC_FMNIST_C10CFG_K20_E100_DT_0_95 | Ep. 77/100 - Step 250/273 (2.47 it/s) |##################  | - loss_cc=4.529 - loss_ce=2.095 - loss_ne=0.0148 - loss_div=0.0 - threshold=1.0 - loss=6.639
/scratch/e0538389/DivClust/engine/trainer.py:41: FutureWarning: `torch.cuda.amp.autocast(args...)` is deprecated. Please use `torch.amp.autocast('cuda', args...)` instead.
  with autocast(self.mixed_precision):
[2026-03-30 12:41:17](logger.py 179): id=CC_FMNIST_C10CFG_K20_E100_DT_0_95 | Ep. 77/100 | Time: 00:01 | loss_cc=4.53 - loss_ce=2.095 - loss_ne=0.0151 - loss_div=0.0 - threshold=1.0 - loss=6.64
[2026-03-30 12:41:19](logger.py 179): id=CC_FMNIST_C10CFG_K20_E100_DT_0_95 | Ep. 78/100 - Step 0/273 (0.0 it/s) |                    | - loss_cc=4.559 - loss_ce=2.101 - loss_ne=0.0126 - loss_div=0.0 - threshold=1.0 - loss=6.672
/scratch/e0538389/DivClust/engine/trainer.py:41: FutureWarning: `torch.cuda.amp.autocast(args...)` is deprecated. Please use `torch.amp.autocast('cuda', args...)` instead.
  with autocast(self.mixed_precision):
[2026-03-30 12:41:30](logger.py 179): id=CC_FMNIST_C10CFG_K20_E100_DT_0_95 | Ep. 78/100 - Step 25/273 (2.48 it/s) |#                   | - loss_cc=4.531 - loss_ce=2.096 - loss_ne=0.0145 - loss_div=0.0 - threshold=1.0 - loss=6.641
/scratch/e0538389/DivClust/engine/trainer.py:41: FutureWarning: `torch.cuda.amp.autocast(args...)` is deprecated. Please use `torch.amp.autocast('cuda', args...)` instead.
  with autocast(self.mixed_precision):
/scratch/e0538389/DivClust/engine/trainer.py:41: FutureWarning: `torch.cuda.amp.autocast(args...)` is deprecated. Please use `torch.amp.autocast('cuda', args...)` instead.
  with autocast(self.mixed_precision):
[2026-03-30 12:41:40](logger.py 179): id=CC_FMNIST_C10CFG_K20_E100_DT_0_95 | Ep. 78/100 - Step 50/273 (2.44 it/s) |###                 | - loss_cc=4.531 - loss_ce=2.096 - loss_ne=0.0152 - loss_div=0.0 - threshold=1.0 - loss=6.642
/scratch/e0538389/DivClust/engine/trainer.py:41: FutureWarning: `torch.cuda.amp.autocast(args...)` is deprecated. Please use `torch.amp.autocast('cuda', args...)` instead.
  with autocast(self.mixed_precision):
[2026-03-30 12:41:50](logger.py 179): id=CC_FMNIST_C10CFG_K20_E100_DT_0_95 | Ep. 78/100 - Step 75/273 (2.46 it/s) |#####               | - loss_cc=4.53 - loss_ce=2.095 - loss_ne=0.0149 - loss_div=0.0 - threshold=1.0 - loss=6.64
/scratch/e0538389/DivClust/engine/trainer.py:41: FutureWarning: `torch.cuda.amp.autocast(args...)` is deprecated. Please use `torch.amp.autocast('cuda', args...)` instead.
  with autocast(self.mixed_precision):
[2026-03-30 12:42:00](logger.py 179): id=CC_FMNIST_C10CFG_K20_E100_DT_0_95 | Ep. 78/100 - Step 100/273 (2.46 it/s) |#######             | - loss_cc=4.529 - loss_ce=2.095 - loss_ne=0.0157 - loss_div=0.0 - threshold=1.0 - loss=6.64
/scratch/e0538389/DivClust/engine/trainer.py:41: FutureWarning: `torch.cuda.amp.autocast(args...)` is deprecated. Please use `torch.amp.autocast('cuda', args...)` instead.
  with autocast(self.mixed_precision):
[2026-03-30 12:42:10](logger.py 179): id=CC_FMNIST_C10CFG_K20_E100_DT_0_95 | Ep. 78/100 - Step 125/273 (2.47 it/s) |#########           | - loss_cc=4.528 - loss_ce=2.095 - loss_ne=0.0155 - loss_div=0.0 - threshold=1.0 - loss=6.638
/scratch/e0538389/DivClust/engine/trainer.py:41: FutureWarning: `torch.cuda.amp.autocast(args...)` is deprecated. Please use `torch.amp.autocast('cuda', args...)` instead.
  with autocast(self.mixed_precision):
/scratch/e0538389/DivClust/engine/trainer.py:41: FutureWarning: `torch.cuda.amp.autocast(args...)` is deprecated. Please use `torch.amp.autocast('cuda', args...)` instead.
  with autocast(self.mixed_precision):
[2026-03-30 12:42:20](logger.py 179): id=CC_FMNIST_C10CFG_K20_E100_DT_0_95 | Ep. 78/100 - Step 150/273 (2.46 it/s) |##########          | - loss_cc=4.528 - loss_ce=2.095 - loss_ne=0.0154 - loss_div=0.0 - threshold=1.0 - loss=6.638
/scratch/e0538389/DivClust/engine/trainer.py:41: FutureWarning: `torch.cuda.amp.autocast(args...)` is deprecated. Please use `torch.amp.autocast('cuda', args...)` instead.
  with autocast(self.mixed_precision):
[2026-03-30 12:42:31](logger.py 179): id=CC_FMNIST_C10CFG_K20_E100_DT_0_95 | Ep. 78/100 - Step 175/273 (2.46 it/s) |############        | - loss_cc=4.527 - loss_ce=2.094 - loss_ne=0.0155 - loss_div=0.0 - threshold=1.0 - loss=6.637
/scratch/e0538389/DivClust/engine/trainer.py:41: FutureWarning: `torch.cuda.amp.autocast(args...)` is deprecated. Please use `torch.amp.autocast('cuda', args...)` instead.
  with autocast(self.mixed_precision):
[2026-03-30 12:42:41](logger.py 179): id=CC_FMNIST_C10CFG_K20_E100_DT_0_95 | Ep. 78/100 - Step 200/273 (2.47 it/s) |##############      | - loss_cc=4.529 - loss_ce=2.095 - loss_ne=0.0154 - loss_div=0.0 - threshold=1.0 - loss=6.639
/scratch/e0538389/DivClust/engine/trainer.py:41: FutureWarning: `torch.cuda.amp.autocast(args...)` is deprecated. Please use `torch.amp.autocast('cuda', args...)` instead.
  with autocast(self.mixed_precision):
[2026-03-30 12:42:51](logger.py 179): id=CC_FMNIST_C10CFG_K20_E100_DT_0_95 | Ep. 78/100 - Step 225/273 (2.47 it/s) |################    | - loss_cc=4.529 - loss_ce=2.095 - loss_ne=0.0155 - loss_div=0.0 - threshold=1.0 - loss=6.639
/scratch/e0538389/DivClust/engine/trainer.py:41: FutureWarning: `torch.cuda.amp.autocast(args...)` is deprecated. Please use `torch.amp.autocast('cuda', args...)` instead.
  with autocast(self.mixed_precision):
/scratch/e0538389/DivClust/engine/trainer.py:41: FutureWarning: `torch.cuda.amp.autocast(args...)` is deprecated. Please use `torch.amp.autocast('cuda', args...)` instead.
  with autocast(self.mixed_precision):
[2026-03-30 12:43:01](logger.py 179): id=CC_FMNIST_C10CFG_K20_E100_DT_0_95 | Ep. 78/100 - Step 250/273 (2.46 it/s) |##################  | - loss_cc=4.529 - loss_ce=2.095 - loss_ne=0.0153 - loss_div=0.0 - threshold=1.0 - loss=6.64
/scratch/e0538389/DivClust/engine/trainer.py:41: FutureWarning: `torch.cuda.amp.autocast(args...)` is deprecated. Please use `torch.amp.autocast('cuda', args...)` instead.
  with autocast(self.mixed_precision):
[2026-03-30 12:43:10](logger.py 179): id=CC_FMNIST_C10CFG_K20_E100_DT_0_95 | Ep. 78/100 | Time: 00:01 | loss_cc=4.529 - loss_ce=2.095 - loss_ne=0.0152 - loss_div=0.0 - threshold=1.0 - loss=6.639
[2026-03-30 12:43:12](logger.py 179): id=CC_FMNIST_C10CFG_K20_E100_DT_0_95 | Ep. 79/100 - Step 0/273 (0.0 it/s) |                    | - loss_cc=4.53 - loss_ce=2.098 - loss_ne=0.0312 - loss_div=0.0 - threshold=1.0 - loss=6.66
/scratch/e0538389/DivClust/engine/trainer.py:41: FutureWarning: `torch.cuda.amp.autocast(args...)` is deprecated. Please use `torch.amp.autocast('cuda', args...)` instead.
  with autocast(self.mixed_precision):
[2026-03-30 12:43:22](logger.py 179): id=CC_FMNIST_C10CFG_K20_E100_DT_0_95 | Ep. 79/100 - Step 25/273 (2.48 it/s) |#                   | - loss_cc=4.524 - loss_ce=2.09 - loss_ne=0.0151 - loss_div=0.0 - threshold=1.0 - loss=6.629
/scratch/e0538389/DivClust/engine/trainer.py:41: FutureWarning: `torch.cuda.amp.autocast(args...)` is deprecated. Please use `torch.amp.autocast('cuda', args...)` instead.
  with autocast(self.mixed_precision):
[2026-03-30 12:43:32](logger.py 179): id=CC_FMNIST_C10CFG_K20_E100_DT_0_95 | Ep. 79/100 - Step 50/273 (2.48 it/s) |###                 | - loss_cc=4.527 - loss_ce=2.093 - loss_ne=0.0144 - loss_div=0.0 - threshold=1.0 - loss=6.634
/scratch/e0538389/DivClust/engine/trainer.py:41: FutureWarning: `torch.cuda.amp.autocast(args...)` is deprecated. Please use `torch.amp.autocast('cuda', args...)` instead.
  with autocast(self.mixed_precision):
/scratch/e0538389/DivClust/engine/trainer.py:41: FutureWarning: `torch.cuda.amp.autocast(args...)` is deprecated. Please use `torch.amp.autocast('cuda', args...)` instead.
  with autocast(self.mixed_precision):
[2026-03-30 12:43:42](logger.py 179): id=CC_FMNIST_C10CFG_K20_E100_DT_0_95 | Ep. 79/100 - Step 75/273 (2.46 it/s) |#####               | - loss_cc=4.526 - loss_ce=2.093 - loss_ne=0.0162 - loss_div=0.0 - threshold=1.0 - loss=6.636
/scratch/e0538389/DivClust/engine/trainer.py:41: FutureWarning: `torch.cuda.amp.autocast(args...)` is deprecated. Please use `torch.amp.autocast('cuda', args...)` instead.
  with autocast(self.mixed_precision):
[2026-03-30 12:43:52](logger.py 179): id=CC_FMNIST_C10CFG_K20_E100_DT_0_95 | Ep. 79/100 - Step 100/273 (2.46 it/s) |#######             | - loss_cc=4.527 - loss_ce=2.094 - loss_ne=0.0164 - loss_div=0.0 - threshold=1.0 - loss=6.637
/scratch/e0538389/DivClust/engine/trainer.py:41: FutureWarning: `torch.cuda.amp.autocast(args...)` is deprecated. Please use `torch.amp.autocast('cuda', args...)` instead.
  with autocast(self.mixed_precision):
[2026-03-30 12:44:02](logger.py 179): id=CC_FMNIST_C10CFG_K20_E100_DT_0_95 | Ep. 79/100 - Step 125/273 (2.47 it/s) |#########           | - loss_cc=4.527 - loss_ce=2.094 - loss_ne=0.0162 - loss_div=0.0 - threshold=1.0 - loss=6.637
/scratch/e0538389/DivClust/engine/trainer.py:41: FutureWarning: `torch.cuda.amp.autocast(args...)` is deprecated. Please use `torch.amp.autocast('cuda', args...)` instead.
  with autocast(self.mixed_precision):
[2026-03-30 12:44:13](logger.py 179): id=CC_FMNIST_C10CFG_K20_E100_DT_0_95 | Ep. 79/100 - Step 150/273 (2.47 it/s) |##########          | - loss_cc=4.527 - loss_ce=2.094 - loss_ne=0.0163 - loss_div=0.0 - threshold=1.0 - loss=6.638
/scratch/e0538389/DivClust/engine/trainer.py:41: FutureWarning: `torch.cuda.amp.autocast(args...)` is deprecated. Please use `torch.amp.autocast('cuda', args...)` instead.
  with autocast(self.mixed_precision):
/scratch/e0538389/DivClust/engine/trainer.py:41: FutureWarning: `torch.cuda.amp.autocast(args...)` is deprecated. Please use `torch.amp.autocast('cuda', args...)` instead.
  with autocast(self.mixed_precision):
[2026-03-30 12:44:23](logger.py 179): id=CC_FMNIST_C10CFG_K20_E100_DT_0_95 | Ep. 79/100 - Step 175/273 (2.46 it/s) |############        | - loss_cc=4.528 - loss_ce=2.094 - loss_ne=0.016 - loss_div=0.0 - threshold=1.0 - loss=6.638
/scratch/e0538389/DivClust/engine/trainer.py:41: FutureWarning: `torch.cuda.amp.autocast(args...)` is deprecated. Please use `torch.amp.autocast('cuda', args...)` instead.
  with autocast(self.mixed_precision):
[2026-03-30 12:44:33](logger.py 179): id=CC_FMNIST_C10CFG_K20_E100_DT_0_95 | Ep. 79/100 - Step 200/273 (2.46 it/s) |##############      | - loss_cc=4.527 - loss_ce=2.094 - loss_ne=0.0159 - loss_div=0.0 - threshold=1.0 - loss=6.637
/scratch/e0538389/DivClust/engine/trainer.py:41: FutureWarning: `torch.cuda.amp.autocast(args...)` is deprecated. Please use `torch.amp.autocast('cuda', args...)` instead.
  with autocast(self.mixed_precision):
[2026-03-30 12:44:43](logger.py 179): id=CC_FMNIST_C10CFG_K20_E100_DT_0_95 | Ep. 79/100 - Step 225/273 (2.46 it/s) |################    | - loss_cc=4.527 - loss_ce=2.094 - loss_ne=0.0156 - loss_div=0.0 - threshold=1.0 - loss=6.637
/scratch/e0538389/DivClust/engine/trainer.py:41: FutureWarning: `torch.cuda.amp.autocast(args...)` is deprecated. Please use `torch.amp.autocast('cuda', args...)` instead.
  with autocast(self.mixed_precision):
[2026-03-30 12:44:53](logger.py 179): id=CC_FMNIST_C10CFG_K20_E100_DT_0_95 | Ep. 79/100 - Step 250/273 (2.47 it/s) |##################  | - loss_cc=4.527 - loss_ce=2.094 - loss_ne=0.0154 - loss_div=0.0 - threshold=1.0 - loss=6.636
/scratch/e0538389/DivClust/engine/trainer.py:41: FutureWarning: `torch.cuda.amp.autocast(args...)` is deprecated. Please use `torch.amp.autocast('cuda', args...)` instead.
  with autocast(self.mixed_precision):
[2026-03-30 12:45:02](logger.py 179): id=CC_FMNIST_C10CFG_K20_E100_DT_0_95 | Ep. 79/100 | Time: 00:01 | loss_cc=4.527 - loss_ce=2.094 - loss_ne=0.0156 - loss_div=0.0 - threshold=1.0 - loss=6.636
[2026-03-30 12:45:04](logger.py 179): id=CC_FMNIST_C10CFG_K20_E100_DT_0_95 | Ep. 80/100 - Step 0/273 (0.0 it/s) |                    | - loss_cc=4.515 - loss_ce=2.097 - loss_ne=0.0204 - loss_div=0.0 - threshold=1.0 - loss=6.632
/scratch/e0538389/DivClust/engine/trainer.py:41: FutureWarning: `torch.cuda.amp.autocast(args...)` is deprecated. Please use `torch.amp.autocast('cuda', args...)` instead.
  with autocast(self.mixed_precision):
/scratch/e0538389/DivClust/engine/trainer.py:41: FutureWarning: `torch.cuda.amp.autocast(args...)` is deprecated. Please use `torch.amp.autocast('cuda', args...)` instead.
  with autocast(self.mixed_precision):
[2026-03-30 12:45:14](logger.py 179): id=CC_FMNIST_C10CFG_K20_E100_DT_0_95 | Ep. 80/100 - Step 25/273 (2.48 it/s) |#                   | - loss_cc=4.526 - loss_ce=2.092 - loss_ne=0.0142 - loss_div=0.0 - threshold=1.0 - loss=6.632
/scratch/e0538389/DivClust/engine/trainer.py:41: FutureWarning: `torch.cuda.amp.autocast(args...)` is deprecated. Please use `torch.amp.autocast('cuda', args...)` instead.
  with autocast(self.mixed_precision):
[2026-03-30 12:45:24](logger.py 179): id=CC_FMNIST_C10CFG_K20_E100_DT_0_95 | Ep. 80/100 - Step 50/273 (2.49 it/s) |###                 | - loss_cc=4.528 - loss_ce=2.093 - loss_ne=0.0156 - loss_div=0.0 - threshold=1.0 - loss=6.637
/scratch/e0538389/DivClust/engine/trainer.py:41: FutureWarning: `torch.cuda.amp.autocast(args...)` is deprecated. Please use `torch.amp.autocast('cuda', args...)` instead.
  with autocast(self.mixed_precision):
[2026-03-30 12:45:35](logger.py 179): id=CC_FMNIST_C10CFG_K20_E100_DT_0_95 | Ep. 80/100 - Step 75/273 (2.48 it/s) |#####               | - loss_cc=4.53 - loss_ce=2.094 - loss_ne=0.0152 - loss_div=0.0 - threshold=1.0 - loss=6.64
/scratch/e0538389/DivClust/engine/trainer.py:41: FutureWarning: `torch.cuda.amp.autocast(args...)` is deprecated. Please use `torch.amp.autocast('cuda', args...)` instead.
  with autocast(self.mixed_precision):
[2026-03-30 12:45:45](logger.py 179): id=CC_FMNIST_C10CFG_K20_E100_DT_0_95 | Ep. 80/100 - Step 100/273 (2.47 it/s) |#######             | - loss_cc=4.53 - loss_ce=2.094 - loss_ne=0.0156 - loss_div=0.0 - threshold=1.0 - loss=6.64
/scratch/e0538389/DivClust/engine/trainer.py:41: FutureWarning: `torch.cuda.amp.autocast(args...)` is deprecated. Please use `torch.amp.autocast('cuda', args...)` instead.
  with autocast(self.mixed_precision):
/scratch/e0538389/DivClust/engine/trainer.py:41: FutureWarning: `torch.cuda.amp.autocast(args...)` is deprecated. Please use `torch.amp.autocast('cuda', args...)` instead.
  with autocast(self.mixed_precision):
[2026-03-30 12:45:55](logger.py 179): id=CC_FMNIST_C10CFG_K20_E100_DT_0_95 | Ep. 80/100 - Step 125/273 (2.47 it/s) |#########           | - loss_cc=4.529 - loss_ce=2.094 - loss_ne=0.0152 - loss_div=0.0 - threshold=1.0 - loss=6.638
/scratch/e0538389/DivClust/engine/trainer.py:41: FutureWarning: `torch.cuda.amp.autocast(args...)` is deprecated. Please use `torch.amp.autocast('cuda', args...)` instead.
  with autocast(self.mixed_precision):
[2026-03-30 12:46:05](logger.py 179): id=CC_FMNIST_C10CFG_K20_E100_DT_0_95 | Ep. 80/100 - Step 150/273 (2.47 it/s) |##########          | - loss_cc=4.529 - loss_ce=2.094 - loss_ne=0.015 - loss_div=0.0 - threshold=1.0 - loss=6.638
/scratch/e0538389/DivClust/engine/trainer.py:41: FutureWarning: `torch.cuda.amp.autocast(args...)` is deprecated. Please use `torch.amp.autocast('cuda', args...)` instead.
  with autocast(self.mixed_precision):
[2026-03-30 12:46:15](logger.py 179): id=CC_FMNIST_C10CFG_K20_E100_DT_0_95 | Ep. 80/100 - Step 175/273 (2.47 it/s) |############        | - loss_cc=4.529 - loss_ce=2.095 - loss_ne=0.0147 - loss_div=0.0 - threshold=1.0 - loss=6.638
/scratch/e0538389/DivClust/engine/trainer.py:41: FutureWarning: `torch.cuda.amp.autocast(args...)` is deprecated. Please use `torch.amp.autocast('cuda', args...)` instead.
  with autocast(self.mixed_precision):
[2026-03-30 12:46:25](logger.py 179): id=CC_FMNIST_C10CFG_K20_E100_DT_0_95 | Ep. 80/100 - Step 200/273 (2.47 it/s) |##############      | - loss_cc=4.527 - loss_ce=2.094 - loss_ne=0.0148 - loss_div=0.0 - threshold=1.0 - loss=6.636
/scratch/e0538389/DivClust/engine/trainer.py:41: FutureWarning: `torch.cuda.amp.autocast(args...)` is deprecated. Please use `torch.amp.autocast('cuda', args...)` instead.
  with autocast(self.mixed_precision):
/scratch/e0538389/DivClust/engine/trainer.py:41: FutureWarning: `torch.cuda.amp.autocast(args...)` is deprecated. Please use `torch.amp.autocast('cuda', args...)` instead.
  with autocast(self.mixed_precision):
[2026-03-30 12:46:36](logger.py 179): id=CC_FMNIST_C10CFG_K20_E100_DT_0_95 | Ep. 80/100 - Step 225/273 (2.47 it/s) |################    | - loss_cc=4.527 - loss_ce=2.094 - loss_ne=0.0145 - loss_div=0.0 - threshold=1.0 - loss=6.635
/scratch/e0538389/DivClust/engine/trainer.py:41: FutureWarning: `torch.cuda.amp.autocast(args...)` is deprecated. Please use `torch.amp.autocast('cuda', args...)` instead.
  with autocast(self.mixed_precision):
[2026-03-30 12:46:46](logger.py 179): id=CC_FMNIST_C10CFG_K20_E100_DT_0_95 | Ep. 80/100 - Step 250/273 (2.47 it/s) |##################  | - loss_cc=4.527 - loss_ce=2.094 - loss_ne=0.0144 - loss_div=0.0 - threshold=1.0 - loss=6.635
/scratch/e0538389/DivClust/engine/trainer.py:41: FutureWarning: `torch.cuda.amp.autocast(args...)` is deprecated. Please use `torch.amp.autocast('cuda', args...)` instead.
  with autocast(self.mixed_precision):
[2026-03-30 12:46:54](logger.py 179): Evaluating
[2026-03-30 12:46:55](logger.py 179): Eval. step 0 of 274
[2026-03-30 12:46:57](logger.py 179): Eval. step 25 of 274
[2026-03-30 12:46:59](logger.py 179): Eval. step 50 of 274
[2026-03-30 12:47:02](logger.py 179): Eval. step 75 of 274
[2026-03-30 12:47:04](logger.py 179): Eval. step 100 of 274
[2026-03-30 12:47:06](logger.py 179): Eval. step 125 of 274
[2026-03-30 12:47:09](logger.py 179): Eval. step 150 of 274
[2026-03-30 12:47:11](logger.py 179): Eval. step 175 of 274
[2026-03-30 12:47:13](logger.py 179): Eval. step 200 of 274
[2026-03-30 12:47:16](logger.py 179): Eval. step 225 of 274
[2026-03-30 12:47:18](logger.py 179): Eval. step 250 of 274
[2026-03-30 12:47:22](logger.py 179): id=CC_FMNIST_C10CFG_K20_E100_DT_0_95 | Ep. 80/100 | Time: 00:02 | loss_cc=4.527 - loss_ce=2.094 - loss_ne=0.0144 - loss_div=0.0 - threshold=1.0 - loss=6.635 - eval_confidence=0.905 - cluster_acc_0_eval=65.04 - cluster_nmi_0_eval=0.627 - cluster_ari_0_eval=0.527 - cluster_acc_1_eval=65.5 - cluster_nmi_1_eval=0.63 - cluster_ari_1_eval=0.531 - cluster_acc_2_eval=65.21 - cluster_nmi_2_eval=0.627 - cluster_ari_2_eval=0.526 - cluster_acc_3_eval=65.98 - cluster_nmi_3_eval=0.629 - cluster_ari_3_eval=0.528 - cluster_acc_4_eval=65.46 - cluster_nmi_4_eval=0.627 - cluster_ari_4_eval=0.524 - cluster_acc_5_eval=65.17 - cluster_nmi_5_eval=0.628 - cluster_ari_5_eval=0.527 - cluster_acc_6_eval=64.85 - cluster_nmi_6_eval=0.628 - cluster_ari_6_eval=0.527 - cluster_acc_7_eval=65.12 - cluster_nmi_7_eval=0.626 - cluster_ari_7_eval=0.525 - cluster_acc_8_eval=66.27 - cluster_nmi_8_eval=0.629 - cluster_ari_8_eval=0.528 - cluster_acc_9_eval=65.35 - cluster_nmi_9_eval=0.628 - cluster_ari_9_eval=0.527 - cluster_acc_10_eval=65.46 - cluster_nmi_10_eval=0.628 - cluster_ari_10_eval=0.527 - cluster_acc_11_eval=65.98 - cluster_nmi_11_eval=0.63 - cluster_ari_11_eval=0.532 - cluster_acc_12_eval=65.4 - cluster_nmi_12_eval=0.628 - cluster_ari_12_eval=0.528 - cluster_acc_13_eval=65.78 - cluster_nmi_13_eval=0.63 - cluster_ari_13_eval=0.53 - cluster_acc_14_eval=65.61 - cluster_nmi_14_eval=0.63 - cluster_ari_14_eval=0.531 - cluster_acc_15_eval=65.06 - cluster_nmi_15_eval=0.626 - cluster_ari_15_eval=0.525 - cluster_acc_16_eval=65.5 - cluster_nmi_16_eval=0.63 - cluster_ari_16_eval=0.53 - cluster_acc_17_eval=65.88 - cluster_nmi_17_eval=0.628 - cluster_ari_17_eval=0.526 - cluster_acc_18_eval=65.14 - cluster_nmi_18_eval=0.626 - cluster_ari_18_eval=0.525 - cluster_acc_19_eval=65.03 - cluster_nmi_19_eval=0.63 - cluster_ari_19_eval=0.529 - max_cluster_acc_eval=66.27 - mean_cluster_acc_eval=65.44 - min_cluster_acc_eval=64.85 - max_cluster_nmi_eval=0.63 - mean_cluster_nmi_eval=0.628 - min_cluster_nmi_eval=0.626 - max_cluster_ari_eval=0.532 - mean_cluster_ari_eval=0.528 - min_cluster_ari_eval=0.524 - interclustering_nmi_eval=0.937
/scratch/e0538389/DivClust/engine/trainer.py:41: FutureWarning: `torch.cuda.amp.autocast(args...)` is deprecated. Please use `torch.amp.autocast('cuda', args...)` instead.
  with autocast(self.mixed_precision):
[2026-03-30 12:47:24](logger.py 179): id=CC_FMNIST_C10CFG_K20_E100_DT_0_95 | Ep. 81/100 - Step 0/273 (0.0 it/s) |                    | - loss_cc=4.538 - loss_ce=2.113 - loss_ne=0.00776 - loss_div=0.0 - threshold=1.0 - loss=6.659
/scratch/e0538389/DivClust/engine/trainer.py:41: FutureWarning: `torch.cuda.amp.autocast(args...)` is deprecated. Please use `torch.amp.autocast('cuda', args...)` instead.
  with autocast(self.mixed_precision):
[2026-03-30 12:47:34](logger.py 179): id=CC_FMNIST_C10CFG_K20_E100_DT_0_95 | Ep. 81/100 - Step 25/273 (2.48 it/s) |#                   | - loss_cc=4.525 - loss_ce=2.094 - loss_ne=0.0152 - loss_div=0.0 - threshold=1.0 - loss=6.634
/scratch/e0538389/DivClust/engine/trainer.py:41: FutureWarning: `torch.cuda.amp.autocast(args...)` is deprecated. Please use `torch.amp.autocast('cuda', args...)` instead.
  with autocast(self.mixed_precision):
/scratch/e0538389/DivClust/engine/trainer.py:41: FutureWarning: `torch.cuda.amp.autocast(args...)` is deprecated. Please use `torch.amp.autocast('cuda', args...)` instead.
  with autocast(self.mixed_precision):
[2026-03-30 12:47:44](logger.py 179): id=CC_FMNIST_C10CFG_K20_E100_DT_0_95 | Ep. 81/100 - Step 50/273 (2.45 it/s) |###                 | - loss_cc=4.527 - loss_ce=2.095 - loss_ne=0.0161 - loss_div=0.0 - threshold=1.0 - loss=6.638
/scratch/e0538389/DivClust/engine/trainer.py:41: FutureWarning: `torch.cuda.amp.autocast(args...)` is deprecated. Please use `torch.amp.autocast('cuda', args...)` instead.
  with autocast(self.mixed_precision):
[2026-03-30 12:47:55](logger.py 179): id=CC_FMNIST_C10CFG_K20_E100_DT_0_95 | Ep. 81/100 - Step 75/273 (2.46 it/s) |#####               | - loss_cc=4.53 - loss_ce=2.096 - loss_ne=0.0154 - loss_div=0.0 - threshold=1.0 - loss=6.641
/scratch/e0538389/DivClust/engine/trainer.py:41: FutureWarning: `torch.cuda.amp.autocast(args...)` is deprecated. Please use `torch.amp.autocast('cuda', args...)` instead.
  with autocast(self.mixed_precision):
[2026-03-30 12:48:05](logger.py 179): id=CC_FMNIST_C10CFG_K20_E100_DT_0_95 | Ep. 81/100 - Step 100/273 (2.46 it/s) |#######             | - loss_cc=4.528 - loss_ce=2.095 - loss_ne=0.0161 - loss_div=0.0 - threshold=1.0 - loss=6.64
/scratch/e0538389/DivClust/engine/trainer.py:41: FutureWarning: `torch.cuda.amp.autocast(args...)` is deprecated. Please use `torch.amp.autocast('cuda', args...)` instead.
  with autocast(self.mixed_precision):
[2026-03-30 12:48:15](logger.py 179): id=CC_FMNIST_C10CFG_K20_E100_DT_0_95 | Ep. 81/100 - Step 125/273 (2.47 it/s) |#########           | - loss_cc=4.528 - loss_ce=2.095 - loss_ne=0.0157 - loss_div=0.0 - threshold=1.0 - loss=6.638
/scratch/e0538389/DivClust/engine/trainer.py:41: FutureWarning: `torch.cuda.amp.autocast(args...)` is deprecated. Please use `torch.amp.autocast('cuda', args...)` instead.
  with autocast(self.mixed_precision):
/scratch/e0538389/DivClust/engine/trainer.py:41: FutureWarning: `torch.cuda.amp.autocast(args...)` is deprecated. Please use `torch.amp.autocast('cuda', args...)` instead.
  with autocast(self.mixed_precision):
[2026-03-30 12:48:25](logger.py 179): id=CC_FMNIST_C10CFG_K20_E100_DT_0_95 | Ep. 81/100 - Step 150/273 (2.46 it/s) |##########          | - loss_cc=4.527 - loss_ce=2.094 - loss_ne=0.0156 - loss_div=0.0 - threshold=1.0 - loss=6.637
/scratch/e0538389/DivClust/engine/trainer.py:41: FutureWarning: `torch.cuda.amp.autocast(args...)` is deprecated. Please use `torch.amp.autocast('cuda', args...)` instead.
  with autocast(self.mixed_precision):
[2026-03-30 12:48:35](logger.py 179): id=CC_FMNIST_C10CFG_K20_E100_DT_0_95 | Ep. 81/100 - Step 175/273 (2.46 it/s) |############        | - loss_cc=4.527 - loss_ce=2.094 - loss_ne=0.0157 - loss_div=0.0 - threshold=1.0 - loss=6.637
/scratch/e0538389/DivClust/engine/trainer.py:41: FutureWarning: `torch.cuda.amp.autocast(args...)` is deprecated. Please use `torch.amp.autocast('cuda', args...)` instead.
  with autocast(self.mixed_precision):
[2026-03-30 12:48:45](logger.py 179): id=CC_FMNIST_C10CFG_K20_E100_DT_0_95 | Ep. 81/100 - Step 200/273 (2.47 it/s) |##############      | - loss_cc=4.528 - loss_ce=2.095 - loss_ne=0.0156 - loss_div=0.0 - threshold=1.0 - loss=6.639
/scratch/e0538389/DivClust/engine/trainer.py:41: FutureWarning: `torch.cuda.amp.autocast(args...)` is deprecated. Please use `torch.amp.autocast('cuda', args...)` instead.
  with autocast(self.mixed_precision):
[2026-03-30 12:48:55](logger.py 179): id=CC_FMNIST_C10CFG_K20_E100_DT_0_95 | Ep. 81/100 - Step 225/273 (2.47 it/s) |################    | - loss_cc=4.528 - loss_ce=2.095 - loss_ne=0.0158 - loss_div=0.0 - threshold=1.0 - loss=6.639
/scratch/e0538389/DivClust/engine/trainer.py:41: FutureWarning: `torch.cuda.amp.autocast(args...)` is deprecated. Please use `torch.amp.autocast('cuda', args...)` instead.
  with autocast(self.mixed_precision):
/scratch/e0538389/DivClust/engine/trainer.py:41: FutureWarning: `torch.cuda.amp.autocast(args...)` is deprecated. Please use `torch.amp.autocast('cuda', args...)` instead.
  with autocast(self.mixed_precision):
[2026-03-30 12:49:06](logger.py 179): id=CC_FMNIST_C10CFG_K20_E100_DT_0_95 | Ep. 81/100 - Step 250/273 (2.46 it/s) |##################  | - loss_cc=4.527 - loss_ce=2.095 - loss_ne=0.0155 - loss_div=0.0 - threshold=1.0 - loss=6.638
/scratch/e0538389/DivClust/engine/trainer.py:41: FutureWarning: `torch.cuda.amp.autocast(args...)` is deprecated. Please use `torch.amp.autocast('cuda', args...)` instead.
  with autocast(self.mixed_precision):
[2026-03-30 12:49:14](logger.py 179): id=CC_FMNIST_C10CFG_K20_E100_DT_0_95 | Ep. 81/100 | Time: 00:01 | loss_cc=4.528 - loss_ce=2.095 - loss_ne=0.0153 - loss_div=0.0 - threshold=1.0 - loss=6.638
[2026-03-30 12:49:16](logger.py 179): id=CC_FMNIST_C10CFG_K20_E100_DT_0_95 | Ep. 82/100 - Step 0/273 (0.0 it/s) |                    | - loss_cc=4.58 - loss_ce=2.106 - loss_ne=0.0129 - loss_div=0.0 - threshold=1.0 - loss=6.698
/scratch/e0538389/DivClust/engine/trainer.py:41: FutureWarning: `torch.cuda.amp.autocast(args...)` is deprecated. Please use `torch.amp.autocast('cuda', args...)` instead.
  with autocast(self.mixed_precision):
[2026-03-30 12:49:27](logger.py 179): id=CC_FMNIST_C10CFG_K20_E100_DT_0_95 | Ep. 82/100 - Step 25/273 (2.48 it/s) |#                   | - loss_cc=4.532 - loss_ce=2.096 - loss_ne=0.0141 - loss_div=0.0 - threshold=1.0 - loss=6.641
/scratch/e0538389/DivClust/engine/trainer.py:41: FutureWarning: `torch.cuda.amp.autocast(args...)` is deprecated. Please use `torch.amp.autocast('cuda', args...)` instead.
  with autocast(self.mixed_precision):
[2026-03-30 12:49:37](logger.py 179): id=CC_FMNIST_C10CFG_K20_E100_DT_0_95 | Ep. 82/100 - Step 50/273 (2.48 it/s) |###                 | - loss_cc=4.53 - loss_ce=2.095 - loss_ne=0.0134 - loss_div=0.0 - threshold=1.0 - loss=6.638
/scratch/e0538389/DivClust/engine/trainer.py:41: FutureWarning: `torch.cuda.amp.autocast(args...)` is deprecated. Please use `torch.amp.autocast('cuda', args...)` instead.
  with autocast(self.mixed_precision):
/scratch/e0538389/DivClust/engine/trainer.py:41: FutureWarning: `torch.cuda.amp.autocast(args...)` is deprecated. Please use `torch.amp.autocast('cuda', args...)` instead.
  with autocast(self.mixed_precision):
[2026-03-30 12:49:47](logger.py 179): id=CC_FMNIST_C10CFG_K20_E100_DT_0_95 | Ep. 82/100 - Step 75/273 (2.46 it/s) |#####               | - loss_cc=4.529 - loss_ce=2.095 - loss_ne=0.0133 - loss_div=0.0 - threshold=1.0 - loss=6.637
/scratch/e0538389/DivClust/engine/trainer.py:41: FutureWarning: `torch.cuda.amp.autocast(args...)` is deprecated. Please use `torch.amp.autocast('cuda', args...)` instead.
  with autocast(self.mixed_precision):
[2026-03-30 12:49:57](logger.py 179): id=CC_FMNIST_C10CFG_K20_E100_DT_0_95 | Ep. 82/100 - Step 100/273 (2.47 it/s) |#######             | - loss_cc=4.527 - loss_ce=2.094 - loss_ne=0.0134 - loss_div=0.0 - threshold=1.0 - loss=6.634
/scratch/e0538389/DivClust/engine/trainer.py:41: FutureWarning: `torch.cuda.amp.autocast(args...)` is deprecated. Please use `torch.amp.autocast('cuda', args...)` instead.
  with autocast(self.mixed_precision):
[2026-03-30 12:50:07](logger.py 179): id=CC_FMNIST_C10CFG_K20_E100_DT_0_95 | Ep. 82/100 - Step 125/273 (2.47 it/s) |#########           | - loss_cc=4.527 - loss_ce=2.094 - loss_ne=0.0135 - loss_div=0.0 - threshold=1.0 - loss=6.634
/scratch/e0538389/DivClust/engine/trainer.py:41: FutureWarning: `torch.cuda.amp.autocast(args...)` is deprecated. Please use `torch.amp.autocast('cuda', args...)` instead.
  with autocast(self.mixed_precision):
[2026-03-30 12:50:17](logger.py 179): id=CC_FMNIST_C10CFG_K20_E100_DT_0_95 | Ep. 82/100 - Step 150/273 (2.47 it/s) |##########          | - loss_cc=4.526 - loss_ce=2.094 - loss_ne=0.0136 - loss_div=0.0 - threshold=1.0 - loss=6.634
/scratch/e0538389/DivClust/engine/trainer.py:41: FutureWarning: `torch.cuda.amp.autocast(args...)` is deprecated. Please use `torch.amp.autocast('cuda', args...)` instead.
  with autocast(self.mixed_precision):
/scratch/e0538389/DivClust/engine/trainer.py:41: FutureWarning: `torch.cuda.amp.autocast(args...)` is deprecated. Please use `torch.amp.autocast('cuda', args...)` instead.
  with autocast(self.mixed_precision):
[2026-03-30 12:50:27](logger.py 179): id=CC_FMNIST_C10CFG_K20_E100_DT_0_95 | Ep. 82/100 - Step 175/273 (2.46 it/s) |############        | - loss_cc=4.526 - loss_ce=2.093 - loss_ne=0.0136 - loss_div=0.00122 - threshold=1.0 - loss=6.634
/scratch/e0538389/DivClust/engine/trainer.py:41: FutureWarning: `torch.cuda.amp.autocast(args...)` is deprecated. Please use `torch.amp.autocast('cuda', args...)` instead.
  with autocast(self.mixed_precision):
[2026-03-30 12:50:38](logger.py 179): id=CC_FMNIST_C10CFG_K20_E100_DT_0_95 | Ep. 82/100 - Step 200/273 (2.47 it/s) |##############      | - loss_cc=4.525 - loss_ce=2.093 - loss_ne=0.0153 - loss_div=0.00213 - threshold=0.999 - loss=6.635
/scratch/e0538389/DivClust/engine/trainer.py:41: FutureWarning: `torch.cuda.amp.autocast(args...)` is deprecated. Please use `torch.amp.autocast('cuda', args...)` instead.
  with autocast(self.mixed_precision):
[2026-03-30 12:50:48](logger.py 179): id=CC_FMNIST_C10CFG_K20_E100_DT_0_95 | Ep. 82/100 - Step 225/273 (2.47 it/s) |################    | - loss_cc=4.525 - loss_ce=2.093 - loss_ne=0.0153 - loss_div=0.00189 - threshold=0.999 - loss=6.635
/scratch/e0538389/DivClust/engine/trainer.py:41: FutureWarning: `torch.cuda.amp.autocast(args...)` is deprecated. Please use `torch.amp.autocast('cuda', args...)` instead.
  with autocast(self.mixed_precision):
[2026-03-30 12:50:58](logger.py 179): id=CC_FMNIST_C10CFG_K20_E100_DT_0_95 | Ep. 82/100 - Step 250/273 (2.47 it/s) |##################  | - loss_cc=4.525 - loss_ce=2.093 - loss_ne=0.0154 - loss_div=0.0017 - threshold=0.999 - loss=6.635
/scratch/e0538389/DivClust/engine/trainer.py:41: FutureWarning: `torch.cuda.amp.autocast(args...)` is deprecated. Please use `torch.amp.autocast('cuda', args...)` instead.
  with autocast(self.mixed_precision):
[2026-03-30 12:51:07](logger.py 179): id=CC_FMNIST_C10CFG_K20_E100_DT_0_95 | Ep. 82/100 | Time: 00:01 | loss_cc=4.525 - loss_ce=2.093 - loss_ne=0.0154 - loss_div=0.00157 - threshold=0.999 - loss=6.635
[2026-03-30 12:51:09](logger.py 179): id=CC_FMNIST_C10CFG_K20_E100_DT_0_95 | Ep. 83/100 - Step 0/273 (0.0 it/s) |                    | - loss_cc=4.53 - loss_ce=2.091 - loss_ne=0.015 - loss_div=0.0 - threshold=1.0 - loss=6.636
/scratch/e0538389/DivClust/engine/trainer.py:41: FutureWarning: `torch.cuda.amp.autocast(args...)` is deprecated. Please use `torch.amp.autocast('cuda', args...)` instead.
  with autocast(self.mixed_precision):
/scratch/e0538389/DivClust/engine/trainer.py:41: FutureWarning: `torch.cuda.amp.autocast(args...)` is deprecated. Please use `torch.amp.autocast('cuda', args...)` instead.
  with autocast(self.mixed_precision):
[2026-03-30 12:51:19](logger.py 179): id=CC_FMNIST_C10CFG_K20_E100_DT_0_95 | Ep. 83/100 - Step 25/273 (2.42 it/s) |#                   | - loss_cc=4.522 - loss_ce=2.092 - loss_ne=0.0138 - loss_div=0.0 - threshold=1.0 - loss=6.628
/scratch/e0538389/DivClust/engine/trainer.py:41: FutureWarning: `torch.cuda.amp.autocast(args...)` is deprecated. Please use `torch.amp.autocast('cuda', args...)` instead.
  with autocast(self.mixed_precision):
[2026-03-30 12:51:29](logger.py 179): id=CC_FMNIST_C10CFG_K20_E100_DT_0_95 | Ep. 83/100 - Step 50/273 (2.45 it/s) |###                 | - loss_cc=4.523 - loss_ce=2.094 - loss_ne=0.0144 - loss_div=0.0 - threshold=1.0 - loss=6.631
/scratch/e0538389/DivClust/engine/trainer.py:41: FutureWarning: `torch.cuda.amp.autocast(args...)` is deprecated. Please use `torch.amp.autocast('cuda', args...)` instead.
  with autocast(self.mixed_precision):
[2026-03-30 12:51:39](logger.py 179): id=CC_FMNIST_C10CFG_K20_E100_DT_0_95 | Ep. 83/100 - Step 75/273 (2.46 it/s) |#####               | - loss_cc=4.522 - loss_ce=2.093 - loss_ne=0.0148 - loss_div=0.0 - threshold=1.0 - loss=6.63
/scratch/e0538389/DivClust/engine/trainer.py:41: FutureWarning: `torch.cuda.amp.autocast(args...)` is deprecated. Please use `torch.amp.autocast('cuda', args...)` instead.
  with autocast(self.mixed_precision):
[2026-03-30 12:51:49](logger.py 179): id=CC_FMNIST_C10CFG_K20_E100_DT_0_95 | Ep. 83/100 - Step 100/273 (2.46 it/s) |#######             | - loss_cc=4.524 - loss_ce=2.093 - loss_ne=0.0147 - loss_div=0.0 - threshold=1.0 - loss=6.632
/scratch/e0538389/DivClust/engine/trainer.py:41: FutureWarning: `torch.cuda.amp.autocast(args...)` is deprecated. Please use `torch.amp.autocast('cuda', args...)` instead.
  with autocast(self.mixed_precision):
/scratch/e0538389/DivClust/engine/trainer.py:41: FutureWarning: `torch.cuda.amp.autocast(args...)` is deprecated. Please use `torch.amp.autocast('cuda', args...)` instead.
  with autocast(self.mixed_precision):
[2026-03-30 12:51:59](logger.py 179): id=CC_FMNIST_C10CFG_K20_E100_DT_0_95 | Ep. 83/100 - Step 125/273 (2.45 it/s) |#########           | - loss_cc=4.524 - loss_ce=2.093 - loss_ne=0.0147 - loss_div=0.0 - threshold=1.0 - loss=6.632
/scratch/e0538389/DivClust/engine/trainer.py:41: FutureWarning: `torch.cuda.amp.autocast(args...)` is deprecated. Please use `torch.amp.autocast('cuda', args...)` instead.
  with autocast(self.mixed_precision):
[2026-03-30 12:52:10](logger.py 179): id=CC_FMNIST_C10CFG_K20_E100_DT_0_95 | Ep. 83/100 - Step 150/273 (2.46 it/s) |##########          | - loss_cc=4.525 - loss_ce=2.094 - loss_ne=0.0146 - loss_div=0.0 - threshold=1.0 - loss=6.634
/scratch/e0538389/DivClust/engine/trainer.py:41: FutureWarning: `torch.cuda.amp.autocast(args...)` is deprecated. Please use `torch.amp.autocast('cuda', args...)` instead.
  with autocast(self.mixed_precision):
[2026-03-30 12:52:20](logger.py 179): id=CC_FMNIST_C10CFG_K20_E100_DT_0_95 | Ep. 83/100 - Step 175/273 (2.46 it/s) |############        | - loss_cc=4.525 - loss_ce=2.093 - loss_ne=0.0147 - loss_div=0.0 - threshold=1.0 - loss=6.633
/scratch/e0538389/DivClust/engine/trainer.py:41: FutureWarning: `torch.cuda.amp.autocast(args...)` is deprecated. Please use `torch.amp.autocast('cuda', args...)` instead.
  with autocast(self.mixed_precision):
[2026-03-30 12:52:30](logger.py 179): id=CC_FMNIST_C10CFG_K20_E100_DT_0_95 | Ep. 83/100 - Step 200/273 (2.47 it/s) |##############      | - loss_cc=4.525 - loss_ce=2.093 - loss_ne=0.0147 - loss_div=0.0 - threshold=1.0 - loss=6.633
/scratch/e0538389/DivClust/engine/trainer.py:41: FutureWarning: `torch.cuda.amp.autocast(args...)` is deprecated. Please use `torch.amp.autocast('cuda', args...)` instead.
  with autocast(self.mixed_precision):
/scratch/e0538389/DivClust/engine/trainer.py:41: FutureWarning: `torch.cuda.amp.autocast(args...)` is deprecated. Please use `torch.amp.autocast('cuda', args...)` instead.
  with autocast(self.mixed_precision):
[2026-03-30 12:52:40](logger.py 179): id=CC_FMNIST_C10CFG_K20_E100_DT_0_95 | Ep. 83/100 - Step 225/273 (2.46 it/s) |################    | - loss_cc=4.526 - loss_ce=2.094 - loss_ne=0.0146 - loss_div=0.0 - threshold=1.0 - loss=6.634
/scratch/e0538389/DivClust/engine/trainer.py:41: FutureWarning: `torch.cuda.amp.autocast(args...)` is deprecated. Please use `torch.amp.autocast('cuda', args...)` instead.
  with autocast(self.mixed_precision):
[2026-03-30 12:52:50](logger.py 179): id=CC_FMNIST_C10CFG_K20_E100_DT_0_95 | Ep. 83/100 - Step 250/273 (2.46 it/s) |##################  | - loss_cc=4.525 - loss_ce=2.093 - loss_ne=0.0146 - loss_div=0.0 - threshold=1.0 - loss=6.633
/scratch/e0538389/DivClust/engine/trainer.py:41: FutureWarning: `torch.cuda.amp.autocast(args...)` is deprecated. Please use `torch.amp.autocast('cuda', args...)` instead.
  with autocast(self.mixed_precision):
[2026-03-30 12:52:59](logger.py 179): id=CC_FMNIST_C10CFG_K20_E100_DT_0_95 | Ep. 83/100 | Time: 00:01 | loss_cc=4.525 - loss_ce=2.093 - loss_ne=0.0145 - loss_div=0.0 - threshold=1.0 - loss=6.633
[2026-03-30 12:53:01](logger.py 179): id=CC_FMNIST_C10CFG_K20_E100_DT_0_95 | Ep. 84/100 - Step 0/273 (0.0 it/s) |                    | - loss_cc=4.522 - loss_ce=2.095 - loss_ne=0.0078 - loss_div=0.0 - threshold=1.0 - loss=6.626
/scratch/e0538389/DivClust/engine/trainer.py:41: FutureWarning: `torch.cuda.amp.autocast(args...)` is deprecated. Please use `torch.amp.autocast('cuda', args...)` instead.
  with autocast(self.mixed_precision):
[2026-03-30 12:53:11](logger.py 179): id=CC_FMNIST_C10CFG_K20_E100_DT_0_95 | Ep. 84/100 - Step 25/273 (2.49 it/s) |#                   | - loss_cc=4.527 - loss_ce=2.096 - loss_ne=0.0135 - loss_div=0.0 - threshold=1.0 - loss=6.636
/scratch/e0538389/DivClust/engine/trainer.py:41: FutureWarning: `torch.cuda.amp.autocast(args...)` is deprecated. Please use `torch.amp.autocast('cuda', args...)` instead.
  with autocast(self.mixed_precision):
/scratch/e0538389/DivClust/engine/trainer.py:41: FutureWarning: `torch.cuda.amp.autocast(args...)` is deprecated. Please use `torch.amp.autocast('cuda', args...)` instead.
  with autocast(self.mixed_precision):
[2026-03-30 12:53:21](logger.py 179): id=CC_FMNIST_C10CFG_K20_E100_DT_0_95 | Ep. 84/100 - Step 50/273 (2.46 it/s) |###                 | - loss_cc=4.526 - loss_ce=2.095 - loss_ne=0.0138 - loss_div=0.0 - threshold=1.0 - loss=6.635
/scratch/e0538389/DivClust/engine/trainer.py:41: FutureWarning: `torch.cuda.amp.autocast(args...)` is deprecated. Please use `torch.amp.autocast('cuda', args...)` instead.
  with autocast(self.mixed_precision):
[2026-03-30 12:53:31](logger.py 179): id=CC_FMNIST_C10CFG_K20_E100_DT_0_95 | Ep. 84/100 - Step 75/273 (2.47 it/s) |#####               | - loss_cc=4.526 - loss_ce=2.095 - loss_ne=0.0145 - loss_div=0.0 - threshold=1.0 - loss=6.635
/scratch/e0538389/DivClust/engine/trainer.py:41: FutureWarning: `torch.cuda.amp.autocast(args...)` is deprecated. Please use `torch.amp.autocast('cuda', args...)` instead.
  with autocast(self.mixed_precision):
[2026-03-30 12:53:41](logger.py 179): id=CC_FMNIST_C10CFG_K20_E100_DT_0_95 | Ep. 84/100 - Step 100/273 (2.47 it/s) |#######             | - loss_cc=4.527 - loss_ce=2.095 - loss_ne=0.0149 - loss_div=0.0 - threshold=1.0 - loss=6.637
/scratch/e0538389/DivClust/engine/trainer.py:41: FutureWarning: `torch.cuda.amp.autocast(args...)` is deprecated. Please use `torch.amp.autocast('cuda', args...)` instead.
  with autocast(self.mixed_precision):
[2026-03-30 12:53:51](logger.py 179): id=CC_FMNIST_C10CFG_K20_E100_DT_0_95 | Ep. 84/100 - Step 125/273 (2.47 it/s) |#########           | - loss_cc=4.527 - loss_ce=2.094 - loss_ne=0.0151 - loss_div=0.0 - threshold=1.0 - loss=6.636
/scratch/e0538389/DivClust/engine/trainer.py:41: FutureWarning: `torch.cuda.amp.autocast(args...)` is deprecated. Please use `torch.amp.autocast('cuda', args...)` instead.
  with autocast(self.mixed_precision):
/scratch/e0538389/DivClust/engine/trainer.py:41: FutureWarning: `torch.cuda.amp.autocast(args...)` is deprecated. Please use `torch.amp.autocast('cuda', args...)` instead.
  with autocast(self.mixed_precision):
[2026-03-30 12:54:02](logger.py 179): id=CC_FMNIST_C10CFG_K20_E100_DT_0_95 | Ep. 84/100 - Step 150/273 (2.46 it/s) |##########          | - loss_cc=4.528 - loss_ce=2.095 - loss_ne=0.0149 - loss_div=0.0 - threshold=1.0 - loss=6.638
/scratch/e0538389/DivClust/engine/trainer.py:41: FutureWarning: `torch.cuda.amp.autocast(args...)` is deprecated. Please use `torch.amp.autocast('cuda', args...)` instead.
  with autocast(self.mixed_precision):
[2026-03-30 12:54:12](logger.py 179): id=CC_FMNIST_C10CFG_K20_E100_DT_0_95 | Ep. 84/100 - Step 175/273 (2.47 it/s) |############        | - loss_cc=4.529 - loss_ce=2.095 - loss_ne=0.0148 - loss_div=0.0 - threshold=1.0 - loss=6.639
/scratch/e0538389/DivClust/engine/trainer.py:41: FutureWarning: `torch.cuda.amp.autocast(args...)` is deprecated. Please use `torch.amp.autocast('cuda', args...)` instead.
  with autocast(self.mixed_precision):
[2026-03-30 12:54:22](logger.py 179): id=CC_FMNIST_C10CFG_K20_E100_DT_0_95 | Ep. 84/100 - Step 200/273 (2.47 it/s) |##############      | - loss_cc=4.527 - loss_ce=2.094 - loss_ne=0.0148 - loss_div=0.0 - threshold=1.0 - loss=6.637
/scratch/e0538389/DivClust/engine/trainer.py:41: FutureWarning: `torch.cuda.amp.autocast(args...)` is deprecated. Please use `torch.amp.autocast('cuda', args...)` instead.
  with autocast(self.mixed_precision):
[2026-03-30 12:54:32](logger.py 179): id=CC_FMNIST_C10CFG_K20_E100_DT_0_95 | Ep. 84/100 - Step 225/273 (2.47 it/s) |################    | - loss_cc=4.528 - loss_ce=2.094 - loss_ne=0.0146 - loss_div=0.0 - threshold=1.0 - loss=6.637
/scratch/e0538389/DivClust/engine/trainer.py:41: FutureWarning: `torch.cuda.amp.autocast(args...)` is deprecated. Please use `torch.amp.autocast('cuda', args...)` instead.
  with autocast(self.mixed_precision):
/scratch/e0538389/DivClust/engine/trainer.py:41: FutureWarning: `torch.cuda.amp.autocast(args...)` is deprecated. Please use `torch.amp.autocast('cuda', args...)` instead.
  with autocast(self.mixed_precision):
[2026-03-30 12:54:42](logger.py 179): id=CC_FMNIST_C10CFG_K20_E100_DT_0_95 | Ep. 84/100 - Step 250/273 (2.47 it/s) |##################  | - loss_cc=4.528 - loss_ce=2.095 - loss_ne=0.0147 - loss_div=0.0 - threshold=1.0 - loss=6.637
/scratch/e0538389/DivClust/engine/trainer.py:41: FutureWarning: `torch.cuda.amp.autocast(args...)` is deprecated. Please use `torch.amp.autocast('cuda', args...)` instead.
  with autocast(self.mixed_precision):
[2026-03-30 12:54:51](logger.py 179): id=CC_FMNIST_C10CFG_K20_E100_DT_0_95 | Ep. 84/100 | Time: 00:01 | loss_cc=4.528 - loss_ce=2.095 - loss_ne=0.0149 - loss_div=0.0 - threshold=1.0 - loss=6.638
[2026-03-30 12:54:53](logger.py 179): id=CC_FMNIST_C10CFG_K20_E100_DT_0_95 | Ep. 85/100 - Step 0/273 (0.0 it/s) |                    | - loss_cc=4.544 - loss_ce=2.092 - loss_ne=0.0207 - loss_div=0.0 - threshold=1.0 - loss=6.657
/scratch/e0538389/DivClust/engine/trainer.py:41: FutureWarning: `torch.cuda.amp.autocast(args...)` is deprecated. Please use `torch.amp.autocast('cuda', args...)` instead.
  with autocast(self.mixed_precision):
[2026-03-30 12:55:03](logger.py 179): id=CC_FMNIST_C10CFG_K20_E100_DT_0_95 | Ep. 85/100 - Step 25/273 (2.48 it/s) |#                   | - loss_cc=4.519 - loss_ce=2.091 - loss_ne=0.0123 - loss_div=0.0 - threshold=1.0 - loss=6.622
/scratch/e0538389/DivClust/engine/trainer.py:41: FutureWarning: `torch.cuda.amp.autocast(args...)` is deprecated. Please use `torch.amp.autocast('cuda', args...)` instead.
  with autocast(self.mixed_precision):
[2026-03-30 12:55:13](logger.py 179): id=CC_FMNIST_C10CFG_K20_E100_DT_0_95 | Ep. 85/100 - Step 50/273 (2.48 it/s) |###                 | - loss_cc=4.523 - loss_ce=2.093 - loss_ne=0.0133 - loss_div=0.0 - threshold=1.0 - loss=6.63
/scratch/e0538389/DivClust/engine/trainer.py:41: FutureWarning: `torch.cuda.amp.autocast(args...)` is deprecated. Please use `torch.amp.autocast('cuda', args...)` instead.
  with autocast(self.mixed_precision):
[2026-03-30 12:55:24](logger.py 179): id=CC_FMNIST_C10CFG_K20_E100_DT_0_95 | Ep. 85/100 - Step 75/273 (2.46 it/s) |#####               | - loss_cc=4.524 - loss_ce=2.093 - loss_ne=0.0136 - loss_div=0.0 - threshold=1.0 - loss=6.631
/scratch/e0538389/DivClust/engine/trainer.py:41: FutureWarning: `torch.cuda.amp.autocast(args...)` is deprecated. Please use `torch.amp.autocast('cuda', args...)` instead.
  with autocast(self.mixed_precision):
/scratch/e0538389/DivClust/engine/trainer.py:41: FutureWarning: `torch.cuda.amp.autocast(args...)` is deprecated. Please use `torch.amp.autocast('cuda', args...)` instead.
  with autocast(self.mixed_precision):
[2026-03-30 12:55:34](logger.py 179): id=CC_FMNIST_C10CFG_K20_E100_DT_0_95 | Ep. 85/100 - Step 100/273 (2.46 it/s) |#######             | - loss_cc=4.525 - loss_ce=2.093 - loss_ne=0.0135 - loss_div=0.0 - threshold=1.0 - loss=6.632
/scratch/e0538389/DivClust/engine/trainer.py:41: FutureWarning: `torch.cuda.amp.autocast(args...)` is deprecated. Please use `torch.amp.autocast('cuda', args...)` instead.
  with autocast(self.mixed_precision):
[2026-03-30 12:55:44](logger.py 179): id=CC_FMNIST_C10CFG_K20_E100_DT_0_95 | Ep. 85/100 - Step 125/273 (2.47 it/s) |#########           | - loss_cc=4.524 - loss_ce=2.093 - loss_ne=0.0134 - loss_div=0.0 - threshold=1.0 - loss=6.63
/scratch/e0538389/DivClust/engine/trainer.py:41: FutureWarning: `torch.cuda.amp.autocast(args...)` is deprecated. Please use `torch.amp.autocast('cuda', args...)` instead.
  with autocast(self.mixed_precision):
[2026-03-30 12:55:54](logger.py 179): id=CC_FMNIST_C10CFG_K20_E100_DT_0_95 | Ep. 85/100 - Step 150/273 (2.47 it/s) |##########          | - loss_cc=4.524 - loss_ce=2.093 - loss_ne=0.0135 - loss_div=0.0 - threshold=1.0 - loss=6.631
/scratch/e0538389/DivClust/engine/trainer.py:41: FutureWarning: `torch.cuda.amp.autocast(args...)` is deprecated. Please use `torch.amp.autocast('cuda', args...)` instead.
  with autocast(self.mixed_precision):
[2026-03-30 12:56:04](logger.py 179): id=CC_FMNIST_C10CFG_K20_E100_DT_0_95 | Ep. 85/100 - Step 175/273 (2.46 it/s) |############        | - loss_cc=4.524 - loss_ce=2.093 - loss_ne=0.0137 - loss_div=0.0 - threshold=1.0 - loss=6.631
/scratch/e0538389/DivClust/engine/trainer.py:41: FutureWarning: `torch.cuda.amp.autocast(args...)` is deprecated. Please use `torch.amp.autocast('cuda', args...)` instead.
  with autocast(self.mixed_precision):
/scratch/e0538389/DivClust/engine/trainer.py:41: FutureWarning: `torch.cuda.amp.autocast(args...)` is deprecated. Please use `torch.amp.autocast('cuda', args...)` instead.
  with autocast(self.mixed_precision):
[2026-03-30 12:56:14](logger.py 179): id=CC_FMNIST_C10CFG_K20_E100_DT_0_95 | Ep. 85/100 - Step 200/273 (2.46 it/s) |##############      | - loss_cc=4.523 - loss_ce=2.093 - loss_ne=0.0139 - loss_div=0.0 - threshold=1.0 - loss=6.63
/scratch/e0538389/DivClust/engine/trainer.py:41: FutureWarning: `torch.cuda.amp.autocast(args...)` is deprecated. Please use `torch.amp.autocast('cuda', args...)` instead.
  with autocast(self.mixed_precision):
[2026-03-30 12:56:24](logger.py 179): id=CC_FMNIST_C10CFG_K20_E100_DT_0_95 | Ep. 85/100 - Step 225/273 (2.47 it/s) |################    | - loss_cc=4.524 - loss_ce=2.093 - loss_ne=0.0141 - loss_div=0.0 - threshold=1.0 - loss=6.631
/scratch/e0538389/DivClust/engine/trainer.py:41: FutureWarning: `torch.cuda.amp.autocast(args...)` is deprecated. Please use `torch.amp.autocast('cuda', args...)` instead.
  with autocast(self.mixed_precision):
[2026-03-30 12:56:34](logger.py 179): id=CC_FMNIST_C10CFG_K20_E100_DT_0_95 | Ep. 85/100 - Step 250/273 (2.47 it/s) |##################  | - loss_cc=4.524 - loss_ce=2.093 - loss_ne=0.0142 - loss_div=0.0 - threshold=1.0 - loss=6.632
/scratch/e0538389/DivClust/engine/trainer.py:41: FutureWarning: `torch.cuda.amp.autocast(args...)` is deprecated. Please use `torch.amp.autocast('cuda', args...)` instead.
  with autocast(self.mixed_precision):
[2026-03-30 12:56:43](logger.py 179): id=CC_FMNIST_C10CFG_K20_E100_DT_0_95 | Ep. 85/100 | Time: 00:01 | loss_cc=4.524 - loss_ce=2.094 - loss_ne=0.0143 - loss_div=0.0 - threshold=1.0 - loss=6.632
[2026-03-30 12:56:45](logger.py 179): id=CC_FMNIST_C10CFG_K20_E100_DT_0_95 | Ep. 86/100 - Step 0/273 (0.0 it/s) |                    | - loss_cc=4.521 - loss_ce=2.088 - loss_ne=0.00642 - loss_div=0.0 - threshold=1.0 - loss=6.615
/scratch/e0538389/DivClust/engine/trainer.py:41: FutureWarning: `torch.cuda.amp.autocast(args...)` is deprecated. Please use `torch.amp.autocast('cuda', args...)` instead.
  with autocast(self.mixed_precision):
/scratch/e0538389/DivClust/engine/trainer.py:41: FutureWarning: `torch.cuda.amp.autocast(args...)` is deprecated. Please use `torch.amp.autocast('cuda', args...)` instead.
  with autocast(self.mixed_precision):
[2026-03-30 12:56:55](logger.py 179): id=CC_FMNIST_C10CFG_K20_E100_DT_0_95 | Ep. 86/100 - Step 25/273 (2.42 it/s) |#                   | - loss_cc=4.53 - loss_ce=2.095 - loss_ne=0.0138 - loss_div=0.0 - threshold=1.0 - loss=6.64
/scratch/e0538389/DivClust/engine/trainer.py:41: FutureWarning: `torch.cuda.amp.autocast(args...)` is deprecated. Please use `torch.amp.autocast('cuda', args...)` instead.
  with autocast(self.mixed_precision):
[2026-03-30 12:57:06](logger.py 179): id=CC_FMNIST_C10CFG_K20_E100_DT_0_95 | Ep. 86/100 - Step 50/273 (2.45 it/s) |###                 | - loss_cc=4.529 - loss_ce=2.095 - loss_ne=0.0146 - loss_div=0.0 - threshold=1.0 - loss=6.638
/scratch/e0538389/DivClust/engine/trainer.py:41: FutureWarning: `torch.cuda.amp.autocast(args...)` is deprecated. Please use `torch.amp.autocast('cuda', args...)` instead.
  with autocast(self.mixed_precision):
[2026-03-30 12:57:16](logger.py 179): id=CC_FMNIST_C10CFG_K20_E100_DT_0_95 | Ep. 86/100 - Step 75/273 (2.46 it/s) |#####               | - loss_cc=4.527 - loss_ce=2.095 - loss_ne=0.0141 - loss_div=0.0 - threshold=1.0 - loss=6.636
/scratch/e0538389/DivClust/engine/trainer.py:41: FutureWarning: `torch.cuda.amp.autocast(args...)` is deprecated. Please use `torch.amp.autocast('cuda', args...)` instead.
  with autocast(self.mixed_precision):
[2026-03-30 12:57:26](logger.py 179): id=CC_FMNIST_C10CFG_K20_E100_DT_0_95 | Ep. 86/100 - Step 100/273 (2.47 it/s) |#######             | - loss_cc=4.525 - loss_ce=2.094 - loss_ne=0.0142 - loss_div=0.0 - threshold=1.0 - loss=6.634
/scratch/e0538389/DivClust/engine/trainer.py:41: FutureWarning: `torch.cuda.amp.autocast(args...)` is deprecated. Please use `torch.amp.autocast('cuda', args...)` instead.
  with autocast(self.mixed_precision):
/scratch/e0538389/DivClust/engine/trainer.py:41: FutureWarning: `torch.cuda.amp.autocast(args...)` is deprecated. Please use `torch.amp.autocast('cuda', args...)` instead.
  with autocast(self.mixed_precision):
[2026-03-30 12:57:36](logger.py 179): id=CC_FMNIST_C10CFG_K20_E100_DT_0_95 | Ep. 86/100 - Step 125/273 (2.46 it/s) |#########           | - loss_cc=4.523 - loss_ce=2.094 - loss_ne=0.0144 - loss_div=0.0 - threshold=1.0 - loss=6.632
/scratch/e0538389/DivClust/engine/trainer.py:41: FutureWarning: `torch.cuda.amp.autocast(args...)` is deprecated. Please use `torch.amp.autocast('cuda', args...)` instead.
  with autocast(self.mixed_precision):
[2026-03-30 12:57:46](logger.py 179): id=CC_FMNIST_C10CFG_K20_E100_DT_0_95 | Ep. 86/100 - Step 150/273 (2.46 it/s) |##########          | - loss_cc=4.522 - loss_ce=2.094 - loss_ne=0.0146 - loss_div=0.0 - threshold=1.0 - loss=6.63
/scratch/e0538389/DivClust/engine/trainer.py:41: FutureWarning: `torch.cuda.amp.autocast(args...)` is deprecated. Please use `torch.amp.autocast('cuda', args...)` instead.
  with autocast(self.mixed_precision):
[2026-03-30 12:57:56](logger.py 179): id=CC_FMNIST_C10CFG_K20_E100_DT_0_95 | Ep. 86/100 - Step 175/273 (2.46 it/s) |############        | - loss_cc=4.523 - loss_ce=2.094 - loss_ne=0.0147 - loss_div=0.0 - threshold=1.0 - loss=6.631
/scratch/e0538389/DivClust/engine/trainer.py:41: FutureWarning: `torch.cuda.amp.autocast(args...)` is deprecated. Please use `torch.amp.autocast('cuda', args...)` instead.
  with autocast(self.mixed_precision):
[2026-03-30 12:58:06](logger.py 179): id=CC_FMNIST_C10CFG_K20_E100_DT_0_95 | Ep. 86/100 - Step 200/273 (2.47 it/s) |##############      | - loss_cc=4.523 - loss_ce=2.094 - loss_ne=0.0148 - loss_div=0.0 - threshold=1.0 - loss=6.631
/scratch/e0538389/DivClust/engine/trainer.py:41: FutureWarning: `torch.cuda.amp.autocast(args...)` is deprecated. Please use `torch.amp.autocast('cuda', args...)` instead.
  with autocast(self.mixed_precision):
/scratch/e0538389/DivClust/engine/trainer.py:41: FutureWarning: `torch.cuda.amp.autocast(args...)` is deprecated. Please use `torch.amp.autocast('cuda', args...)` instead.
  with autocast(self.mixed_precision):
[2026-03-30 12:58:17](logger.py 179): id=CC_FMNIST_C10CFG_K20_E100_DT_0_95 | Ep. 86/100 - Step 225/273 (2.46 it/s) |################    | - loss_cc=4.523 - loss_ce=2.094 - loss_ne=0.0148 - loss_div=0.0 - threshold=1.0 - loss=6.632
/scratch/e0538389/DivClust/engine/trainer.py:41: FutureWarning: `torch.cuda.amp.autocast(args...)` is deprecated. Please use `torch.amp.autocast('cuda', args...)` instead.
  with autocast(self.mixed_precision):
[2026-03-30 12:58:27](logger.py 179): id=CC_FMNIST_C10CFG_K20_E100_DT_0_95 | Ep. 86/100 - Step 250/273 (2.46 it/s) |##################  | - loss_cc=4.523 - loss_ce=2.093 - loss_ne=0.0148 - loss_div=0.0 - threshold=1.0 - loss=6.631
/scratch/e0538389/DivClust/engine/trainer.py:41: FutureWarning: `torch.cuda.amp.autocast(args...)` is deprecated. Please use `torch.amp.autocast('cuda', args...)` instead.
  with autocast(self.mixed_precision):
[2026-03-30 12:58:36](logger.py 179): id=CC_FMNIST_C10CFG_K20_E100_DT_0_95 | Ep. 86/100 | Time: 00:01 | loss_cc=4.523 - loss_ce=2.093 - loss_ne=0.0148 - loss_div=0.0 - threshold=1.0 - loss=6.631
[2026-03-30 12:58:38](logger.py 179): id=CC_FMNIST_C10CFG_K20_E100_DT_0_95 | Ep. 87/100 - Step 0/273 (0.0 it/s) |                    | - loss_cc=4.536 - loss_ce=2.099 - loss_ne=0.0136 - loss_div=0.0 - threshold=1.0 - loss=6.648
/scratch/e0538389/DivClust/engine/trainer.py:41: FutureWarning: `torch.cuda.amp.autocast(args...)` is deprecated. Please use `torch.amp.autocast('cuda', args...)` instead.
  with autocast(self.mixed_precision):
[2026-03-30 12:58:48](logger.py 179): id=CC_FMNIST_C10CFG_K20_E100_DT_0_95 | Ep. 87/100 - Step 25/273 (2.49 it/s) |#                   | - loss_cc=4.528 - loss_ce=2.094 - loss_ne=0.0133 - loss_div=0.0 - threshold=1.0 - loss=6.635
/scratch/e0538389/DivClust/engine/trainer.py:41: FutureWarning: `torch.cuda.amp.autocast(args...)` is deprecated. Please use `torch.amp.autocast('cuda', args...)` instead.
  with autocast(self.mixed_precision):
/scratch/e0538389/DivClust/engine/trainer.py:41: FutureWarning: `torch.cuda.amp.autocast(args...)` is deprecated. Please use `torch.amp.autocast('cuda', args...)` instead.
  with autocast(self.mixed_precision):
[2026-03-30 12:58:58](logger.py 179): id=CC_FMNIST_C10CFG_K20_E100_DT_0_95 | Ep. 87/100 - Step 50/273 (2.45 it/s) |###                 | - loss_cc=4.526 - loss_ce=2.093 - loss_ne=0.0136 - loss_div=0.0 - threshold=1.0 - loss=6.633
/scratch/e0538389/DivClust/engine/trainer.py:41: FutureWarning: `torch.cuda.amp.autocast(args...)` is deprecated. Please use `torch.amp.autocast('cuda', args...)` instead.
  with autocast(self.mixed_precision):
[2026-03-30 12:59:08](logger.py 179): id=CC_FMNIST_C10CFG_K20_E100_DT_0_95 | Ep. 87/100 - Step 75/273 (2.47 it/s) |#####               | - loss_cc=4.528 - loss_ce=2.094 - loss_ne=0.0138 - loss_div=0.0 - threshold=1.0 - loss=6.635
/scratch/e0538389/DivClust/engine/trainer.py:41: FutureWarning: `torch.cuda.amp.autocast(args...)` is deprecated. Please use `torch.amp.autocast('cuda', args...)` instead.
  with autocast(self.mixed_precision):
[2026-03-30 12:59:18](logger.py 179): id=CC_FMNIST_C10CFG_K20_E100_DT_0_95 | Ep. 87/100 - Step 100/273 (2.47 it/s) |#######             | - loss_cc=4.528 - loss_ce=2.094 - loss_ne=0.0139 - loss_div=0.0 - threshold=1.0 - loss=6.635
/scratch/e0538389/DivClust/engine/trainer.py:41: FutureWarning: `torch.cuda.amp.autocast(args...)` is deprecated. Please use `torch.amp.autocast('cuda', args...)` instead.
  with autocast(self.mixed_precision):
[2026-03-30 12:59:28](logger.py 179): id=CC_FMNIST_C10CFG_K20_E100_DT_0_95 | Ep. 87/100 - Step 125/273 (2.47 it/s) |#########           | - loss_cc=4.526 - loss_ce=2.093 - loss_ne=0.0143 - loss_div=0.0 - threshold=1.0 - loss=6.633
/scratch/e0538389/DivClust/engine/trainer.py:41: FutureWarning: `torch.cuda.amp.autocast(args...)` is deprecated. Please use `torch.amp.autocast('cuda', args...)` instead.
  with autocast(self.mixed_precision):
/scratch/e0538389/DivClust/engine/trainer.py:41: FutureWarning: `torch.cuda.amp.autocast(args...)` is deprecated. Please use `torch.amp.autocast('cuda', args...)` instead.
  with autocast(self.mixed_precision):
[2026-03-30 12:59:38](logger.py 179): id=CC_FMNIST_C10CFG_K20_E100_DT_0_95 | Ep. 87/100 - Step 150/273 (2.47 it/s) |##########          | - loss_cc=4.524 - loss_ce=2.093 - loss_ne=0.0139 - loss_div=0.0 - threshold=1.0 - loss=6.631
/scratch/e0538389/DivClust/engine/trainer.py:41: FutureWarning: `torch.cuda.amp.autocast(args...)` is deprecated. Please use `torch.amp.autocast('cuda', args...)` instead.
  with autocast(self.mixed_precision):
[2026-03-30 12:59:48](logger.py 179): id=CC_FMNIST_C10CFG_K20_E100_DT_0_95 | Ep. 87/100 - Step 175/273 (2.47 it/s) |############        | - loss_cc=4.524 - loss_ce=2.093 - loss_ne=0.0139 - loss_div=0.0 - threshold=1.0 - loss=6.631
/scratch/e0538389/DivClust/engine/trainer.py:41: FutureWarning: `torch.cuda.amp.autocast(args...)` is deprecated. Please use `torch.amp.autocast('cuda', args...)` instead.
  with autocast(self.mixed_precision):
[2026-03-30 12:59:59](logger.py 179): id=CC_FMNIST_C10CFG_K20_E100_DT_0_95 | Ep. 87/100 - Step 200/273 (2.47 it/s) |##############      | - loss_cc=4.524 - loss_ce=2.093 - loss_ne=0.014 - loss_div=0.0 - threshold=1.0 - loss=6.631
/scratch/e0538389/DivClust/engine/trainer.py:41: FutureWarning: `torch.cuda.amp.autocast(args...)` is deprecated. Please use `torch.amp.autocast('cuda', args...)` instead.
  with autocast(self.mixed_precision):
[2026-03-30 13:00:09](logger.py 179): id=CC_FMNIST_C10CFG_K20_E100_DT_0_95 | Ep. 87/100 - Step 225/273 (2.47 it/s) |################    | - loss_cc=4.524 - loss_ce=2.093 - loss_ne=0.014 - loss_div=0.0 - threshold=1.0 - loss=6.631
/scratch/e0538389/DivClust/engine/trainer.py:41: FutureWarning: `torch.cuda.amp.autocast(args...)` is deprecated. Please use `torch.amp.autocast('cuda', args...)` instead.
  with autocast(self.mixed_precision):
/scratch/e0538389/DivClust/engine/trainer.py:41: FutureWarning: `torch.cuda.amp.autocast(args...)` is deprecated. Please use `torch.amp.autocast('cuda', args...)` instead.
  with autocast(self.mixed_precision):
[2026-03-30 13:00:19](logger.py 179): id=CC_FMNIST_C10CFG_K20_E100_DT_0_95 | Ep. 87/100 - Step 250/273 (2.47 it/s) |##################  | - loss_cc=4.524 - loss_ce=2.093 - loss_ne=0.0139 - loss_div=0.0 - threshold=1.0 - loss=6.631
/scratch/e0538389/DivClust/engine/trainer.py:41: FutureWarning: `torch.cuda.amp.autocast(args...)` is deprecated. Please use `torch.amp.autocast('cuda', args...)` instead.
  with autocast(self.mixed_precision):
[2026-03-30 13:00:28](logger.py 179): id=CC_FMNIST_C10CFG_K20_E100_DT_0_95 | Ep. 87/100 | Time: 00:01 | loss_cc=4.524 - loss_ce=2.093 - loss_ne=0.0137 - loss_div=0.0 - threshold=1.0 - loss=6.631
[2026-03-30 13:00:30](logger.py 179): id=CC_FMNIST_C10CFG_K20_E100_DT_0_95 | Ep. 88/100 - Step 0/273 (0.0 it/s) |                    | - loss_cc=4.537 - loss_ce=2.101 - loss_ne=0.0205 - loss_div=0.0 - threshold=1.0 - loss=6.658
/scratch/e0538389/DivClust/engine/trainer.py:41: FutureWarning: `torch.cuda.amp.autocast(args...)` is deprecated. Please use `torch.amp.autocast('cuda', args...)` instead.
  with autocast(self.mixed_precision):
[2026-03-30 13:00:40](logger.py 179): id=CC_FMNIST_C10CFG_K20_E100_DT_0_95 | Ep. 88/100 - Step 25/273 (2.49 it/s) |#                   | - loss_cc=4.529 - loss_ce=2.095 - loss_ne=0.0137 - loss_div=0.0 - threshold=1.0 - loss=6.638
/scratch/e0538389/DivClust/engine/trainer.py:41: FutureWarning: `torch.cuda.amp.autocast(args...)` is deprecated. Please use `torch.amp.autocast('cuda', args...)` instead.
  with autocast(self.mixed_precision):
[2026-03-30 13:00:50](logger.py 179): id=CC_FMNIST_C10CFG_K20_E100_DT_0_95 | Ep. 88/100 - Step 50/273 (2.48 it/s) |###                 | - loss_cc=4.522 - loss_ce=2.092 - loss_ne=0.0133 - loss_div=0.0 - threshold=1.0 - loss=6.627
/scratch/e0538389/DivClust/engine/trainer.py:41: FutureWarning: `torch.cuda.amp.autocast(args...)` is deprecated. Please use `torch.amp.autocast('cuda', args...)` instead.
  with autocast(self.mixed_precision):
[2026-03-30 13:01:00](logger.py 179): id=CC_FMNIST_C10CFG_K20_E100_DT_0_95 | Ep. 88/100 - Step 75/273 (2.48 it/s) |#####               | - loss_cc=4.52 - loss_ce=2.091 - loss_ne=0.0138 - loss_div=0.0 - threshold=1.0 - loss=6.625
/scratch/e0538389/DivClust/engine/trainer.py:41: FutureWarning: `torch.cuda.amp.autocast(args...)` is deprecated. Please use `torch.amp.autocast('cuda', args...)` instead.
  with autocast(self.mixed_precision):
/scratch/e0538389/DivClust/engine/trainer.py:41: FutureWarning: `torch.cuda.amp.autocast(args...)` is deprecated. Please use `torch.amp.autocast('cuda', args...)` instead.
  with autocast(self.mixed_precision):
[2026-03-30 13:01:10](logger.py 179): id=CC_FMNIST_C10CFG_K20_E100_DT_0_95 | Ep. 88/100 - Step 100/273 (2.47 it/s) |#######             | - loss_cc=4.521 - loss_ce=2.092 - loss_ne=0.0143 - loss_div=0.0 - threshold=1.0 - loss=6.627
/scratch/e0538389/DivClust/engine/trainer.py:41: FutureWarning: `torch.cuda.amp.autocast(args...)` is deprecated. Please use `torch.amp.autocast('cuda', args...)` instead.
  with autocast(self.mixed_precision):
[2026-03-30 13:01:21](logger.py 179): id=CC_FMNIST_C10CFG_K20_E100_DT_0_95 | Ep. 88/100 - Step 125/273 (2.47 it/s) |#########           | - loss_cc=4.521 - loss_ce=2.092 - loss_ne=0.0145 - loss_div=0.0 - threshold=1.0 - loss=6.627
/scratch/e0538389/DivClust/engine/trainer.py:41: FutureWarning: `torch.cuda.amp.autocast(args...)` is deprecated. Please use `torch.amp.autocast('cuda', args...)` instead.
  with autocast(self.mixed_precision):
[2026-03-30 13:01:31](logger.py 179): id=CC_FMNIST_C10CFG_K20_E100_DT_0_95 | Ep. 88/100 - Step 150/273 (2.47 it/s) |##########          | - loss_cc=4.521 - loss_ce=2.092 - loss_ne=0.0143 - loss_div=0.0 - threshold=1.0 - loss=6.627
/scratch/e0538389/DivClust/engine/trainer.py:41: FutureWarning: `torch.cuda.amp.autocast(args...)` is deprecated. Please use `torch.amp.autocast('cuda', args...)` instead.
  with autocast(self.mixed_precision):
[2026-03-30 13:01:41](logger.py 179): id=CC_FMNIST_C10CFG_K20_E100_DT_0_95 | Ep. 88/100 - Step 175/273 (2.47 it/s) |############        | - loss_cc=4.521 - loss_ce=2.092 - loss_ne=0.0144 - loss_div=0.0 - threshold=1.0 - loss=6.628
/scratch/e0538389/DivClust/engine/trainer.py:41: FutureWarning: `torch.cuda.amp.autocast(args...)` is deprecated. Please use `torch.amp.autocast('cuda', args...)` instead.
  with autocast(self.mixed_precision):
/scratch/e0538389/DivClust/engine/trainer.py:41: FutureWarning: `torch.cuda.amp.autocast(args...)` is deprecated. Please use `torch.amp.autocast('cuda', args...)` instead.
  with autocast(self.mixed_precision):
[2026-03-30 13:01:51](logger.py 179): id=CC_FMNIST_C10CFG_K20_E100_DT_0_95 | Ep. 88/100 - Step 200/273 (2.46 it/s) |##############      | - loss_cc=4.522 - loss_ce=2.093 - loss_ne=0.0144 - loss_div=0.0 - threshold=1.0 - loss=6.629
/scratch/e0538389/DivClust/engine/trainer.py:41: FutureWarning: `torch.cuda.amp.autocast(args...)` is deprecated. Please use `torch.amp.autocast('cuda', args...)` instead.
  with autocast(self.mixed_precision):
[2026-03-30 13:02:01](logger.py 179): id=CC_FMNIST_C10CFG_K20_E100_DT_0_95 | Ep. 88/100 - Step 225/273 (2.47 it/s) |################    | - loss_cc=4.522 - loss_ce=2.093 - loss_ne=0.0145 - loss_div=0.0 - threshold=1.0 - loss=6.629
/scratch/e0538389/DivClust/engine/trainer.py:41: FutureWarning: `torch.cuda.amp.autocast(args...)` is deprecated. Please use `torch.amp.autocast('cuda', args...)` instead.
  with autocast(self.mixed_precision):
[2026-03-30 13:02:11](logger.py 179): id=CC_FMNIST_C10CFG_K20_E100_DT_0_95 | Ep. 88/100 - Step 250/273 (2.47 it/s) |##################  | - loss_cc=4.522 - loss_ce=2.093 - loss_ne=0.0143 - loss_div=0.0 - threshold=1.0 - loss=6.629
/scratch/e0538389/DivClust/engine/trainer.py:41: FutureWarning: `torch.cuda.amp.autocast(args...)` is deprecated. Please use `torch.amp.autocast('cuda', args...)` instead.
  with autocast(self.mixed_precision):
[2026-03-30 13:02:20](logger.py 179): id=CC_FMNIST_C10CFG_K20_E100_DT_0_95 | Ep. 88/100 | Time: 00:01 | loss_cc=4.521 - loss_ce=2.093 - loss_ne=0.0145 - loss_div=0.0 - threshold=1.0 - loss=6.629
[2026-03-30 13:02:22](logger.py 179): id=CC_FMNIST_C10CFG_K20_E100_DT_0_95 | Ep. 89/100 - Step 0/273 (0.0 it/s) |                    | - loss_cc=4.496 - loss_ce=2.088 - loss_ne=0.0157 - loss_div=0.0 - threshold=1.0 - loss=6.599
/scratch/e0538389/DivClust/engine/trainer.py:41: FutureWarning: `torch.cuda.amp.autocast(args...)` is deprecated. Please use `torch.amp.autocast('cuda', args...)` instead.
  with autocast(self.mixed_precision):
/scratch/e0538389/DivClust/engine/trainer.py:41: FutureWarning: `torch.cuda.amp.autocast(args...)` is deprecated. Please use `torch.amp.autocast('cuda', args...)` instead.
  with autocast(self.mixed_precision):
[2026-03-30 13:02:33](logger.py 179): id=CC_FMNIST_C10CFG_K20_E100_DT_0_95 | Ep. 89/100 - Step 25/273 (2.41 it/s) |#                   | - loss_cc=4.517 - loss_ce=2.093 - loss_ne=0.0133 - loss_div=0.0 - threshold=1.0 - loss=6.623
/scratch/e0538389/DivClust/engine/trainer.py:41: FutureWarning: `torch.cuda.amp.autocast(args...)` is deprecated. Please use `torch.amp.autocast('cuda', args...)` instead.
  with autocast(self.mixed_precision):
[2026-03-30 13:02:43](logger.py 179): id=CC_FMNIST_C10CFG_K20_E100_DT_0_95 | Ep. 89/100 - Step 50/273 (2.45 it/s) |###                 | - loss_cc=4.519 - loss_ce=2.094 - loss_ne=0.0152 - loss_div=0.0 - threshold=1.0 - loss=6.628
/scratch/e0538389/DivClust/engine/trainer.py:41: FutureWarning: `torch.cuda.amp.autocast(args...)` is deprecated. Please use `torch.amp.autocast('cuda', args...)` instead.
  with autocast(self.mixed_precision):
[2026-03-30 13:02:53](logger.py 179): id=CC_FMNIST_C10CFG_K20_E100_DT_0_95 | Ep. 89/100 - Step 75/273 (2.45 it/s) |#####               | - loss_cc=4.52 - loss_ce=2.094 - loss_ne=0.0148 - loss_div=0.0 - threshold=1.0 - loss=6.628
/scratch/e0538389/DivClust/engine/trainer.py:41: FutureWarning: `torch.cuda.amp.autocast(args...)` is deprecated. Please use `torch.amp.autocast('cuda', args...)` instead.
  with autocast(self.mixed_precision):
[2026-03-30 13:03:03](logger.py 179): id=CC_FMNIST_C10CFG_K20_E100_DT_0_95 | Ep. 89/100 - Step 100/273 (2.46 it/s) |#######             | - loss_cc=4.52 - loss_ce=2.093 - loss_ne=0.0144 - loss_div=0.0 - threshold=1.0 - loss=6.627
/scratch/e0538389/DivClust/engine/trainer.py:41: FutureWarning: `torch.cuda.amp.autocast(args...)` is deprecated. Please use `torch.amp.autocast('cuda', args...)` instead.
  with autocast(self.mixed_precision):
/scratch/e0538389/DivClust/engine/trainer.py:41: FutureWarning: `torch.cuda.amp.autocast(args...)` is deprecated. Please use `torch.amp.autocast('cuda', args...)` instead.
  with autocast(self.mixed_precision):
[2026-03-30 13:03:13](logger.py 179): id=CC_FMNIST_C10CFG_K20_E100_DT_0_95 | Ep. 89/100 - Step 125/273 (2.45 it/s) |#########           | - loss_cc=4.522 - loss_ce=2.094 - loss_ne=0.0141 - loss_div=0.0 - threshold=1.0 - loss=6.63
/scratch/e0538389/DivClust/engine/trainer.py:41: FutureWarning: `torch.cuda.amp.autocast(args...)` is deprecated. Please use `torch.amp.autocast('cuda', args...)` instead.
  with autocast(self.mixed_precision):
[2026-03-30 13:03:23](logger.py 179): id=CC_FMNIST_C10CFG_K20_E100_DT_0_95 | Ep. 89/100 - Step 150/273 (2.45 it/s) |##########          | - loss_cc=4.522 - loss_ce=2.094 - loss_ne=0.0141 - loss_div=0.0 - threshold=1.0 - loss=6.63
/scratch/e0538389/DivClust/engine/trainer.py:41: FutureWarning: `torch.cuda.amp.autocast(args...)` is deprecated. Please use `torch.amp.autocast('cuda', args...)` instead.
  with autocast(self.mixed_precision):
[2026-03-30 13:03:33](logger.py 179): id=CC_FMNIST_C10CFG_K20_E100_DT_0_95 | Ep. 89/100 - Step 175/273 (2.46 it/s) |############        | - loss_cc=4.521 - loss_ce=2.093 - loss_ne=0.0139 - loss_div=0.0 - threshold=1.0 - loss=6.629
/scratch/e0538389/DivClust/engine/trainer.py:41: FutureWarning: `torch.cuda.amp.autocast(args...)` is deprecated. Please use `torch.amp.autocast('cuda', args...)` instead.
  with autocast(self.mixed_precision):
[2026-03-30 13:03:44](logger.py 179): id=CC_FMNIST_C10CFG_K20_E100_DT_0_95 | Ep. 89/100 - Step 200/273 (2.46 it/s) |##############      | - loss_cc=4.521 - loss_ce=2.093 - loss_ne=0.0137 - loss_div=0.0 - threshold=1.0 - loss=6.628
/scratch/e0538389/DivClust/engine/trainer.py:41: FutureWarning: `torch.cuda.amp.autocast(args...)` is deprecated. Please use `torch.amp.autocast('cuda', args...)` instead.
  with autocast(self.mixed_precision):
/scratch/e0538389/DivClust/engine/trainer.py:41: FutureWarning: `torch.cuda.amp.autocast(args...)` is deprecated. Please use `torch.amp.autocast('cuda', args...)` instead.
  with autocast(self.mixed_precision):
[2026-03-30 13:03:54](logger.py 179): id=CC_FMNIST_C10CFG_K20_E100_DT_0_95 | Ep. 89/100 - Step 225/273 (2.45 it/s) |################    | - loss_cc=4.522 - loss_ce=2.093 - loss_ne=0.0145 - loss_div=0.00192 - threshold=0.999 - loss=6.632
/scratch/e0538389/DivClust/engine/trainer.py:41: FutureWarning: `torch.cuda.amp.autocast(args...)` is deprecated. Please use `torch.amp.autocast('cuda', args...)` instead.
  with autocast(self.mixed_precision):
[2026-03-30 13:04:04](logger.py 179): id=CC_FMNIST_C10CFG_K20_E100_DT_0_95 | Ep. 89/100 - Step 250/273 (2.46 it/s) |##################  | - loss_cc=4.522 - loss_ce=2.093 - loss_ne=0.0147 - loss_div=0.00173 - threshold=0.999 - loss=6.632
/scratch/e0538389/DivClust/engine/trainer.py:41: FutureWarning: `torch.cuda.amp.autocast(args...)` is deprecated. Please use `torch.amp.autocast('cuda', args...)` instead.
  with autocast(self.mixed_precision):
[2026-03-30 13:04:13](logger.py 179): id=CC_FMNIST_C10CFG_K20_E100_DT_0_95 | Ep. 89/100 | Time: 00:01 | loss_cc=4.521 - loss_ce=2.093 - loss_ne=0.0148 - loss_div=0.00159 - threshold=0.999 - loss=6.631
[2026-03-30 13:04:15](logger.py 179): id=CC_FMNIST_C10CFG_K20_E100_DT_0_95 | Ep. 90/100 - Step 0/273 (0.0 it/s) |                    | - loss_cc=4.494 - loss_ce=2.076 - loss_ne=0.0189 - loss_div=0.0 - threshold=1.0 - loss=6.589
/scratch/e0538389/DivClust/engine/trainer.py:41: FutureWarning: `torch.cuda.amp.autocast(args...)` is deprecated. Please use `torch.amp.autocast('cuda', args...)` instead.
  with autocast(self.mixed_precision):
[2026-03-30 13:04:25](logger.py 179): id=CC_FMNIST_C10CFG_K20_E100_DT_0_95 | Ep. 90/100 - Step 25/273 (2.48 it/s) |#                   | - loss_cc=4.518 - loss_ce=2.091 - loss_ne=0.0173 - loss_div=0.0 - threshold=1.0 - loss=6.627
/scratch/e0538389/DivClust/engine/trainer.py:41: FutureWarning: `torch.cuda.amp.autocast(args...)` is deprecated. Please use `torch.amp.autocast('cuda', args...)` instead.
  with autocast(self.mixed_precision):
[2026-03-30 13:04:35](logger.py 179): id=CC_FMNIST_C10CFG_K20_E100_DT_0_95 | Ep. 90/100 - Step 50/273 (2.45 it/s) |###                 | - loss_cc=4.519 - loss_ce=2.092 - loss_ne=0.0158 - loss_div=0.0 - threshold=1.0 - loss=6.627
/scratch/e0538389/DivClust/engine/trainer.py:41: FutureWarning: `torch.cuda.amp.autocast(args...)` is deprecated. Please use `torch.amp.autocast('cuda', args...)` instead.
  with autocast(self.mixed_precision):
/scratch/e0538389/DivClust/engine/trainer.py:41: FutureWarning: `torch.cuda.amp.autocast(args...)` is deprecated. Please use `torch.amp.autocast('cuda', args...)` instead.
  with autocast(self.mixed_precision):
[2026-03-30 13:04:45](logger.py 179): id=CC_FMNIST_C10CFG_K20_E100_DT_0_95 | Ep. 90/100 - Step 75/273 (2.46 it/s) |#####               | - loss_cc=4.52 - loss_ce=2.093 - loss_ne=0.0157 - loss_div=0.0 - threshold=1.0 - loss=6.629
/scratch/e0538389/DivClust/engine/trainer.py:41: FutureWarning: `torch.cuda.amp.autocast(args...)` is deprecated. Please use `torch.amp.autocast('cuda', args...)` instead.
  with autocast(self.mixed_precision):
[2026-03-30 13:04:55](logger.py 179): id=CC_FMNIST_C10CFG_K20_E100_DT_0_95 | Ep. 90/100 - Step 100/273 (2.46 it/s) |#######             | - loss_cc=4.521 - loss_ce=2.093 - loss_ne=0.0154 - loss_div=0.0 - threshold=1.0 - loss=6.629
/scratch/e0538389/DivClust/engine/trainer.py:41: FutureWarning: `torch.cuda.amp.autocast(args...)` is deprecated. Please use `torch.amp.autocast('cuda', args...)` instead.
  with autocast(self.mixed_precision):
[2026-03-30 13:05:05](logger.py 179): id=CC_FMNIST_C10CFG_K20_E100_DT_0_95 | Ep. 90/100 - Step 125/273 (2.47 it/s) |#########           | - loss_cc=4.521 - loss_ce=2.093 - loss_ne=0.015 - loss_div=0.0 - threshold=1.0 - loss=6.629
/scratch/e0538389/DivClust/engine/trainer.py:41: FutureWarning: `torch.cuda.amp.autocast(args...)` is deprecated. Please use `torch.amp.autocast('cuda', args...)` instead.
  with autocast(self.mixed_precision):
[2026-03-30 13:05:16](logger.py 179): id=CC_FMNIST_C10CFG_K20_E100_DT_0_95 | Ep. 90/100 - Step 150/273 (2.46 it/s) |##########          | - loss_cc=4.521 - loss_ce=2.093 - loss_ne=0.0148 - loss_div=0.0 - threshold=1.0 - loss=6.629
/scratch/e0538389/DivClust/engine/trainer.py:41: FutureWarning: `torch.cuda.amp.autocast(args...)` is deprecated. Please use `torch.amp.autocast('cuda', args...)` instead.
  with autocast(self.mixed_precision):
/scratch/e0538389/DivClust/engine/trainer.py:41: FutureWarning: `torch.cuda.amp.autocast(args...)` is deprecated. Please use `torch.amp.autocast('cuda', args...)` instead.
  with autocast(self.mixed_precision):
[2026-03-30 13:05:26](logger.py 179): id=CC_FMNIST_C10CFG_K20_E100_DT_0_95 | Ep. 90/100 - Step 175/273 (2.46 it/s) |############        | - loss_cc=4.521 - loss_ce=2.093 - loss_ne=0.0148 - loss_div=0.0 - threshold=1.0 - loss=6.628
/scratch/e0538389/DivClust/engine/trainer.py:41: FutureWarning: `torch.cuda.amp.autocast(args...)` is deprecated. Please use `torch.amp.autocast('cuda', args...)` instead.
  with autocast(self.mixed_precision):
[2026-03-30 13:05:36](logger.py 179): id=CC_FMNIST_C10CFG_K20_E100_DT_0_95 | Ep. 90/100 - Step 200/273 (2.47 it/s) |##############      | - loss_cc=4.52 - loss_ce=2.092 - loss_ne=0.0145 - loss_div=0.0 - threshold=1.0 - loss=6.627
/scratch/e0538389/DivClust/engine/trainer.py:41: FutureWarning: `torch.cuda.amp.autocast(args...)` is deprecated. Please use `torch.amp.autocast('cuda', args...)` instead.
  with autocast(self.mixed_precision):
[2026-03-30 13:05:46](logger.py 179): id=CC_FMNIST_C10CFG_K20_E100_DT_0_95 | Ep. 90/100 - Step 225/273 (2.47 it/s) |################    | - loss_cc=4.52 - loss_ce=2.092 - loss_ne=0.0146 - loss_div=0.0 - threshold=1.0 - loss=6.627
/scratch/e0538389/DivClust/engine/trainer.py:41: FutureWarning: `torch.cuda.amp.autocast(args...)` is deprecated. Please use `torch.amp.autocast('cuda', args...)` instead.
  with autocast(self.mixed_precision):
[2026-03-30 13:05:56](logger.py 179): id=CC_FMNIST_C10CFG_K20_E100_DT_0_95 | Ep. 90/100 - Step 250/273 (2.46 it/s) |##################  | - loss_cc=4.52 - loss_ce=2.092 - loss_ne=0.0148 - loss_div=0.0 - threshold=1.0 - loss=6.627
/scratch/e0538389/DivClust/engine/trainer.py:41: FutureWarning: `torch.cuda.amp.autocast(args...)` is deprecated. Please use `torch.amp.autocast('cuda', args...)` instead.
  with autocast(self.mixed_precision):
/scratch/e0538389/DivClust/engine/trainer.py:41: FutureWarning: `torch.cuda.amp.autocast(args...)` is deprecated. Please use `torch.amp.autocast('cuda', args...)` instead.
  with autocast(self.mixed_precision):
[2026-03-30 13:06:05](logger.py 179): Evaluating
[2026-03-30 13:06:06](logger.py 179): Eval. step 0 of 274
[2026-03-30 13:06:08](logger.py 179): Eval. step 25 of 274
[2026-03-30 13:06:10](logger.py 179): Eval. step 50 of 274
[2026-03-30 13:06:12](logger.py 179): Eval. step 75 of 274
[2026-03-30 13:06:15](logger.py 179): Eval. step 100 of 274
[2026-03-30 13:06:17](logger.py 179): Eval. step 125 of 274
[2026-03-30 13:06:19](logger.py 179): Eval. step 150 of 274
[2026-03-30 13:06:22](logger.py 179): Eval. step 175 of 274
[2026-03-30 13:06:24](logger.py 179): Eval. step 200 of 274
[2026-03-30 13:06:26](logger.py 179): Eval. step 225 of 274
[2026-03-30 13:06:29](logger.py 179): Eval. step 250 of 274
[2026-03-30 13:06:33](logger.py 179): id=CC_FMNIST_C10CFG_K20_E100_DT_0_95 | Ep. 90/100 | Time: 00:02 | loss_cc=4.52 - loss_ce=2.092 - loss_ne=0.0147 - loss_div=0.0 - threshold=1.0 - loss=6.626 - eval_confidence=0.908 - cluster_acc_0_eval=63.85 - cluster_nmi_0_eval=0.627 - cluster_ari_0_eval=0.529 - cluster_acc_1_eval=64.68 - cluster_nmi_1_eval=0.632 - cluster_ari_1_eval=0.533 - cluster_acc_2_eval=64.18 - cluster_nmi_2_eval=0.625 - cluster_ari_2_eval=0.525 - cluster_acc_3_eval=66.22 - cluster_nmi_3_eval=0.633 - cluster_ari_3_eval=0.536 - cluster_acc_4_eval=65.72 - cluster_nmi_4_eval=0.632 - cluster_ari_4_eval=0.533 - cluster_acc_5_eval=64.63 - cluster_nmi_5_eval=0.632 - cluster_ari_5_eval=0.533 - cluster_acc_6_eval=64.67 - cluster_nmi_6_eval=0.632 - cluster_ari_6_eval=0.531 - cluster_acc_7_eval=64.52 - cluster_nmi_7_eval=0.628 - cluster_ari_7_eval=0.528 - cluster_acc_8_eval=66.8 - cluster_nmi_8_eval=0.634 - cluster_ari_8_eval=0.537 - cluster_acc_9_eval=64.79 - cluster_nmi_9_eval=0.628 - cluster_ari_9_eval=0.529 - cluster_acc_10_eval=64.63 - cluster_nmi_10_eval=0.624 - cluster_ari_10_eval=0.525 - cluster_acc_11_eval=65.49 - cluster_nmi_11_eval=0.629 - cluster_ari_11_eval=0.532 - cluster_acc_12_eval=64.42 - cluster_nmi_12_eval=0.63 - cluster_ari_12_eval=0.531 - cluster_acc_13_eval=65.74 - cluster_nmi_13_eval=0.631 - cluster_ari_13_eval=0.533 - cluster_acc_14_eval=65.25 - cluster_nmi_14_eval=0.632 - cluster_ari_14_eval=0.534 - cluster_acc_15_eval=64.01 - cluster_nmi_15_eval=0.624 - cluster_ari_15_eval=0.523 - cluster_acc_16_eval=64.78 - cluster_nmi_16_eval=0.631 - cluster_ari_16_eval=0.532 - cluster_acc_17_eval=66.1 - cluster_nmi_17_eval=0.631 - cluster_ari_17_eval=0.532 - cluster_acc_18_eval=64.6 - cluster_nmi_18_eval=0.625 - cluster_ari_18_eval=0.524 - cluster_acc_19_eval=65.06 - cluster_nmi_19_eval=0.635 - cluster_ari_19_eval=0.536 - max_cluster_acc_eval=66.8 - mean_cluster_acc_eval=65.01 - min_cluster_acc_eval=63.85 - max_cluster_nmi_eval=0.635 - mean_cluster_nmi_eval=0.63 - min_cluster_nmi_eval=0.624 - max_cluster_ari_eval=0.537 - mean_cluster_ari_eval=0.531 - min_cluster_ari_eval=0.523 - interclustering_nmi_eval=0.908
/scratch/e0538389/DivClust/engine/trainer.py:41: FutureWarning: `torch.cuda.amp.autocast(args...)` is deprecated. Please use `torch.amp.autocast('cuda', args...)` instead.
  with autocast(self.mixed_precision):
[2026-03-30 13:06:35](logger.py 179): id=CC_FMNIST_C10CFG_K20_E100_DT_0_95 | Ep. 91/100 - Step 0/273 (0.0 it/s) |                    | - loss_cc=4.508 - loss_ce=2.086 - loss_ne=0.0159 - loss_div=0.0 - threshold=1.0 - loss=6.61
/scratch/e0538389/DivClust/engine/trainer.py:41: FutureWarning: `torch.cuda.amp.autocast(args...)` is deprecated. Please use `torch.amp.autocast('cuda', args...)` instead.
  with autocast(self.mixed_precision):
[2026-03-30 13:06:45](logger.py 179): id=CC_FMNIST_C10CFG_K20_E100_DT_0_95 | Ep. 91/100 - Step 25/273 (2.49 it/s) |#                   | - loss_cc=4.52 - loss_ce=2.093 - loss_ne=0.0135 - loss_div=0.0 - threshold=1.0 - loss=6.626
/scratch/e0538389/DivClust/engine/trainer.py:41: FutureWarning: `torch.cuda.amp.autocast(args...)` is deprecated. Please use `torch.amp.autocast('cuda', args...)` instead.
  with autocast(self.mixed_precision):
[2026-03-30 13:06:55](logger.py 179): id=CC_FMNIST_C10CFG_K20_E100_DT_0_95 | Ep. 91/100 - Step 50/273 (2.48 it/s) |###                 | - loss_cc=4.522 - loss_ce=2.094 - loss_ne=0.0137 - loss_div=0.0 - threshold=1.0 - loss=6.629
/scratch/e0538389/DivClust/engine/trainer.py:41: FutureWarning: `torch.cuda.amp.autocast(args...)` is deprecated. Please use `torch.amp.autocast('cuda', args...)` instead.
  with autocast(self.mixed_precision):
[2026-03-30 13:07:05](logger.py 179): id=CC_FMNIST_C10CFG_K20_E100_DT_0_95 | Ep. 91/100 - Step 75/273 (2.48 it/s) |#####               | - loss_cc=4.523 - loss_ce=2.094 - loss_ne=0.0138 - loss_div=0.0 - threshold=1.0 - loss=6.631
/scratch/e0538389/DivClust/engine/trainer.py:41: FutureWarning: `torch.cuda.amp.autocast(args...)` is deprecated. Please use `torch.amp.autocast('cuda', args...)` instead.
  with autocast(self.mixed_precision):
/scratch/e0538389/DivClust/engine/trainer.py:41: FutureWarning: `torch.cuda.amp.autocast(args...)` is deprecated. Please use `torch.amp.autocast('cuda', args...)` instead.
  with autocast(self.mixed_precision):
[2026-03-30 13:07:15](logger.py 179): id=CC_FMNIST_C10CFG_K20_E100_DT_0_95 | Ep. 91/100 - Step 100/273 (2.47 it/s) |#######             | - loss_cc=4.521 - loss_ce=2.092 - loss_ne=0.0141 - loss_div=0.0 - threshold=1.0 - loss=6.628
/scratch/e0538389/DivClust/engine/trainer.py:41: FutureWarning: `torch.cuda.amp.autocast(args...)` is deprecated. Please use `torch.amp.autocast('cuda', args...)` instead.
  with autocast(self.mixed_precision):
[2026-03-30 13:07:25](logger.py 179): id=CC_FMNIST_C10CFG_K20_E100_DT_0_95 | Ep. 91/100 - Step 125/273 (2.47 it/s) |#########           | - loss_cc=4.522 - loss_ce=2.092 - loss_ne=0.014 - loss_div=0.0 - threshold=1.0 - loss=6.628
/scratch/e0538389/DivClust/engine/trainer.py:41: FutureWarning: `torch.cuda.amp.autocast(args...)` is deprecated. Please use `torch.amp.autocast('cuda', args...)` instead.
  with autocast(self.mixed_precision):
[2026-03-30 13:07:35](logger.py 179): id=CC_FMNIST_C10CFG_K20_E100_DT_0_95 | Ep. 91/100 - Step 150/273 (2.47 it/s) |##########          | - loss_cc=4.523 - loss_ce=2.093 - loss_ne=0.014 - loss_div=0.0 - threshold=1.0 - loss=6.63
/scratch/e0538389/DivClust/engine/trainer.py:41: FutureWarning: `torch.cuda.amp.autocast(args...)` is deprecated. Please use `torch.amp.autocast('cuda', args...)` instead.
  with autocast(self.mixed_precision):
[2026-03-30 13:07:45](logger.py 179): id=CC_FMNIST_C10CFG_K20_E100_DT_0_95 | Ep. 91/100 - Step 175/273 (2.47 it/s) |############        | - loss_cc=4.521 - loss_ce=2.092 - loss_ne=0.0142 - loss_div=0.0 - threshold=1.0 - loss=6.628
/scratch/e0538389/DivClust/engine/trainer.py:41: FutureWarning: `torch.cuda.amp.autocast(args...)` is deprecated. Please use `torch.amp.autocast('cuda', args...)` instead.
  with autocast(self.mixed_precision):
/scratch/e0538389/DivClust/engine/trainer.py:41: FutureWarning: `torch.cuda.amp.autocast(args...)` is deprecated. Please use `torch.amp.autocast('cuda', args...)` instead.
  with autocast(self.mixed_precision):
[2026-03-30 13:07:56](logger.py 179): id=CC_FMNIST_C10CFG_K20_E100_DT_0_95 | Ep. 91/100 - Step 200/273 (2.47 it/s) |##############      | - loss_cc=4.521 - loss_ce=2.092 - loss_ne=0.0139 - loss_div=0.0 - threshold=1.0 - loss=6.627
/scratch/e0538389/DivClust/engine/trainer.py:41: FutureWarning: `torch.cuda.amp.autocast(args...)` is deprecated. Please use `torch.amp.autocast('cuda', args...)` instead.
  with autocast(self.mixed_precision):
[2026-03-30 13:08:06](logger.py 179): id=CC_FMNIST_C10CFG_K20_E100_DT_0_95 | Ep. 91/100 - Step 225/273 (2.47 it/s) |################    | - loss_cc=4.521 - loss_ce=2.093 - loss_ne=0.0141 - loss_div=0.0 - threshold=1.0 - loss=6.627
/scratch/e0538389/DivClust/engine/trainer.py:41: FutureWarning: `torch.cuda.amp.autocast(args...)` is deprecated. Please use `torch.amp.autocast('cuda', args...)` instead.
  with autocast(self.mixed_precision):
[2026-03-30 13:08:16](logger.py 179): id=CC_FMNIST_C10CFG_K20_E100_DT_0_95 | Ep. 91/100 - Step 250/273 (2.47 it/s) |##################  | - loss_cc=4.521 - loss_ce=2.093 - loss_ne=0.0141 - loss_div=0.0 - threshold=1.0 - loss=6.628
/scratch/e0538389/DivClust/engine/trainer.py:41: FutureWarning: `torch.cuda.amp.autocast(args...)` is deprecated. Please use `torch.amp.autocast('cuda', args...)` instead.
  with autocast(self.mixed_precision):
[2026-03-30 13:08:25](logger.py 179): id=CC_FMNIST_C10CFG_K20_E100_DT_0_95 | Ep. 91/100 | Time: 00:01 | loss_cc=4.521 - loss_ce=2.093 - loss_ne=0.0141 - loss_div=0.0 - threshold=1.0 - loss=6.628
[2026-03-30 13:08:27](logger.py 179): id=CC_FMNIST_C10CFG_K20_E100_DT_0_95 | Ep. 92/100 - Step 0/273 (0.0 it/s) |                    | - loss_cc=4.52 - loss_ce=2.09 - loss_ne=0.0104 - loss_div=0.0 - threshold=1.0 - loss=6.62
/scratch/e0538389/DivClust/engine/trainer.py:41: FutureWarning: `torch.cuda.amp.autocast(args...)` is deprecated. Please use `torch.amp.autocast('cuda', args...)` instead.
  with autocast(self.mixed_precision):
/scratch/e0538389/DivClust/engine/trainer.py:41: FutureWarning: `torch.cuda.amp.autocast(args...)` is deprecated. Please use `torch.amp.autocast('cuda', args...)` instead.
  with autocast(self.mixed_precision):
[2026-03-30 13:08:37](logger.py 179): id=CC_FMNIST_C10CFG_K20_E100_DT_0_95 | Ep. 92/100 - Step 25/273 (2.42 it/s) |#                   | - loss_cc=4.517 - loss_ce=2.091 - loss_ne=0.0154 - loss_div=0.0 - threshold=1.0 - loss=6.623
/scratch/e0538389/DivClust/engine/trainer.py:41: FutureWarning: `torch.cuda.amp.autocast(args...)` is deprecated. Please use `torch.amp.autocast('cuda', args...)` instead.
  with autocast(self.mixed_precision):
[2026-03-30 13:08:47](logger.py 179): id=CC_FMNIST_C10CFG_K20_E100_DT_0_95 | Ep. 92/100 - Step 50/273 (2.45 it/s) |###                 | - loss_cc=4.523 - loss_ce=2.093 - loss_ne=0.0139 - loss_div=0.0 - threshold=1.0 - loss=6.629
/scratch/e0538389/DivClust/engine/trainer.py:41: FutureWarning: `torch.cuda.amp.autocast(args...)` is deprecated. Please use `torch.amp.autocast('cuda', args...)` instead.
  with autocast(self.mixed_precision):
[2026-03-30 13:08:57](logger.py 179): id=CC_FMNIST_C10CFG_K20_E100_DT_0_95 | Ep. 92/100 - Step 75/273 (2.46 it/s) |#####               | - loss_cc=4.52 - loss_ce=2.092 - loss_ne=0.013 - loss_div=0.0 - threshold=1.0 - loss=6.625
/scratch/e0538389/DivClust/engine/trainer.py:41: FutureWarning: `torch.cuda.amp.autocast(args...)` is deprecated. Please use `torch.amp.autocast('cuda', args...)` instead.
  with autocast(self.mixed_precision):
[2026-03-30 13:09:07](logger.py 179): id=CC_FMNIST_C10CFG_K20_E100_DT_0_95 | Ep. 92/100 - Step 100/273 (2.46 it/s) |#######             | - loss_cc=4.521 - loss_ce=2.092 - loss_ne=0.0128 - loss_div=0.0 - threshold=1.0 - loss=6.626
/scratch/e0538389/DivClust/engine/trainer.py:41: FutureWarning: `torch.cuda.amp.autocast(args...)` is deprecated. Please use `torch.amp.autocast('cuda', args...)` instead.
  with autocast(self.mixed_precision):
/scratch/e0538389/DivClust/engine/trainer.py:41: FutureWarning: `torch.cuda.amp.autocast(args...)` is deprecated. Please use `torch.amp.autocast('cuda', args...)` instead.
  with autocast(self.mixed_precision):
[2026-03-30 13:09:18](logger.py 179): id=CC_FMNIST_C10CFG_K20_E100_DT_0_95 | Ep. 92/100 - Step 125/273 (2.45 it/s) |#########           | - loss_cc=4.52 - loss_ce=2.091 - loss_ne=0.0131 - loss_div=0.0 - threshold=1.0 - loss=6.624
/scratch/e0538389/DivClust/engine/trainer.py:41: FutureWarning: `torch.cuda.amp.autocast(args...)` is deprecated. Please use `torch.amp.autocast('cuda', args...)` instead.
  with autocast(self.mixed_precision):
[2026-03-30 13:09:28](logger.py 179): id=CC_FMNIST_C10CFG_K20_E100_DT_0_95 | Ep. 92/100 - Step 150/273 (2.46 it/s) |##########          | - loss_cc=4.52 - loss_ce=2.092 - loss_ne=0.0134 - loss_div=0.0 - threshold=1.0 - loss=6.626
/scratch/e0538389/DivClust/engine/trainer.py:41: FutureWarning: `torch.cuda.amp.autocast(args...)` is deprecated. Please use `torch.amp.autocast('cuda', args...)` instead.
  with autocast(self.mixed_precision):
[2026-03-30 13:09:38](logger.py 179): id=CC_FMNIST_C10CFG_K20_E100_DT_0_95 | Ep. 92/100 - Step 175/273 (2.46 it/s) |############        | - loss_cc=4.519 - loss_ce=2.092 - loss_ne=0.0134 - loss_div=0.0 - threshold=1.0 - loss=6.624
/scratch/e0538389/DivClust/engine/trainer.py:41: FutureWarning: `torch.cuda.amp.autocast(args...)` is deprecated. Please use `torch.amp.autocast('cuda', args...)` instead.
  with autocast(self.mixed_precision):
[2026-03-30 13:09:48](logger.py 179): id=CC_FMNIST_C10CFG_K20_E100_DT_0_95 | Ep. 92/100 - Step 200/273 (2.47 it/s) |##############      | - loss_cc=4.519 - loss_ce=2.092 - loss_ne=0.0132 - loss_div=0.0 - threshold=1.0 - loss=6.624
/scratch/e0538389/DivClust/engine/trainer.py:41: FutureWarning: `torch.cuda.amp.autocast(args...)` is deprecated. Please use `torch.amp.autocast('cuda', args...)` instead.
  with autocast(self.mixed_precision):
/scratch/e0538389/DivClust/engine/trainer.py:41: FutureWarning: `torch.cuda.amp.autocast(args...)` is deprecated. Please use `torch.amp.autocast('cuda', args...)` instead.
  with autocast(self.mixed_precision):
[2026-03-30 13:09:58](logger.py 179): id=CC_FMNIST_C10CFG_K20_E100_DT_0_95 | Ep. 92/100 - Step 225/273 (2.46 it/s) |################    | - loss_cc=4.519 - loss_ce=2.092 - loss_ne=0.0134 - loss_div=0.0 - threshold=1.0 - loss=6.625
/scratch/e0538389/DivClust/engine/trainer.py:41: FutureWarning: `torch.cuda.amp.autocast(args...)` is deprecated. Please use `torch.amp.autocast('cuda', args...)` instead.
  with autocast(self.mixed_precision):
[2026-03-30 13:10:08](logger.py 179): id=CC_FMNIST_C10CFG_K20_E100_DT_0_95 | Ep. 92/100 - Step 250/273 (2.46 it/s) |##################  | - loss_cc=4.518 - loss_ce=2.092 - loss_ne=0.0134 - loss_div=0.0 - threshold=1.0 - loss=6.624
/scratch/e0538389/DivClust/engine/trainer.py:41: FutureWarning: `torch.cuda.amp.autocast(args...)` is deprecated. Please use `torch.amp.autocast('cuda', args...)` instead.
  with autocast(self.mixed_precision):
[2026-03-30 13:10:17](logger.py 179): id=CC_FMNIST_C10CFG_K20_E100_DT_0_95 | Ep. 92/100 | Time: 00:01 | loss_cc=4.518 - loss_ce=2.092 - loss_ne=0.0136 - loss_div=0.0 - threshold=1.0 - loss=6.624
[2026-03-30 13:10:19](logger.py 179): id=CC_FMNIST_C10CFG_K20_E100_DT_0_95 | Ep. 93/100 - Step 0/273 (0.0 it/s) |                    | - loss_cc=4.539 - loss_ce=2.096 - loss_ne=0.0182 - loss_div=0.0 - threshold=1.0 - loss=6.653
/scratch/e0538389/DivClust/engine/trainer.py:41: FutureWarning: `torch.cuda.amp.autocast(args...)` is deprecated. Please use `torch.amp.autocast('cuda', args...)` instead.
  with autocast(self.mixed_precision):
[2026-03-30 13:10:29](logger.py 179): id=CC_FMNIST_C10CFG_K20_E100_DT_0_95 | Ep. 93/100 - Step 25/273 (2.49 it/s) |#                   | - loss_cc=4.522 - loss_ce=2.094 - loss_ne=0.0119 - loss_div=0.0 - threshold=1.0 - loss=6.628
/scratch/e0538389/DivClust/engine/trainer.py:41: FutureWarning: `torch.cuda.amp.autocast(args...)` is deprecated. Please use `torch.amp.autocast('cuda', args...)` instead.
  with autocast(self.mixed_precision):
[2026-03-30 13:10:39](logger.py 179): id=CC_FMNIST_C10CFG_K20_E100_DT_0_95 | Ep. 93/100 - Step 50/273 (2.49 it/s) |###                 | - loss_cc=4.524 - loss_ce=2.094 - loss_ne=0.0131 - loss_div=0.0 - threshold=1.0 - loss=6.631
/scratch/e0538389/DivClust/engine/trainer.py:41: FutureWarning: `torch.cuda.amp.autocast(args...)` is deprecated. Please use `torch.amp.autocast('cuda', args...)` instead.
  with autocast(self.mixed_precision):
/scratch/e0538389/DivClust/engine/trainer.py:41: FutureWarning: `torch.cuda.amp.autocast(args...)` is deprecated. Please use `torch.amp.autocast('cuda', args...)` instead.
  with autocast(self.mixed_precision):
[2026-03-30 13:10:50](logger.py 179): id=CC_FMNIST_C10CFG_K20_E100_DT_0_95 | Ep. 93/100 - Step 75/273 (2.46 it/s) |#####               | - loss_cc=4.523 - loss_ce=2.094 - loss_ne=0.0145 - loss_div=0.0 - threshold=1.0 - loss=6.631
/scratch/e0538389/DivClust/engine/trainer.py:41: FutureWarning: `torch.cuda.amp.autocast(args...)` is deprecated. Please use `torch.amp.autocast('cuda', args...)` instead.
  with autocast(self.mixed_precision):
[2026-03-30 13:11:00](logger.py 179): id=CC_FMNIST_C10CFG_K20_E100_DT_0_95 | Ep. 93/100 - Step 100/273 (2.47 it/s) |#######             | - loss_cc=4.522 - loss_ce=2.094 - loss_ne=0.0142 - loss_div=0.0 - threshold=1.0 - loss=6.631
/scratch/e0538389/DivClust/engine/trainer.py:41: FutureWarning: `torch.cuda.amp.autocast(args...)` is deprecated. Please use `torch.amp.autocast('cuda', args...)` instead.
  with autocast(self.mixed_precision):
[2026-03-30 13:11:10](logger.py 179): id=CC_FMNIST_C10CFG_K20_E100_DT_0_95 | Ep. 93/100 - Step 125/273 (2.47 it/s) |#########           | - loss_cc=4.524 - loss_ce=2.094 - loss_ne=0.0141 - loss_div=0.0 - threshold=1.0 - loss=6.631
/scratch/e0538389/DivClust/engine/trainer.py:41: FutureWarning: `torch.cuda.amp.autocast(args...)` is deprecated. Please use `torch.amp.autocast('cuda', args...)` instead.
  with autocast(self.mixed_precision):
[2026-03-30 13:11:20](logger.py 179): id=CC_FMNIST_C10CFG_K20_E100_DT_0_95 | Ep. 93/100 - Step 150/273 (2.47 it/s) |##########          | - loss_cc=4.524 - loss_ce=2.094 - loss_ne=0.0141 - loss_div=0.0 - threshold=1.0 - loss=6.632
/scratch/e0538389/DivClust/engine/trainer.py:41: FutureWarning: `torch.cuda.amp.autocast(args...)` is deprecated. Please use `torch.amp.autocast('cuda', args...)` instead.
  with autocast(self.mixed_precision):
/scratch/e0538389/DivClust/engine/trainer.py:41: FutureWarning: `torch.cuda.amp.autocast(args...)` is deprecated. Please use `torch.amp.autocast('cuda', args...)` instead.
  with autocast(self.mixed_precision):
[2026-03-30 13:11:30](logger.py 179): id=CC_FMNIST_C10CFG_K20_E100_DT_0_95 | Ep. 93/100 - Step 175/273 (2.46 it/s) |############        | - loss_cc=4.524 - loss_ce=2.094 - loss_ne=0.0139 - loss_div=0.0 - threshold=1.0 - loss=6.632
/scratch/e0538389/DivClust/engine/trainer.py:41: FutureWarning: `torch.cuda.amp.autocast(args...)` is deprecated. Please use `torch.amp.autocast('cuda', args...)` instead.
  with autocast(self.mixed_precision):
[2026-03-30 13:11:40](logger.py 179): id=CC_FMNIST_C10CFG_K20_E100_DT_0_95 | Ep. 93/100 - Step 200/273 (2.47 it/s) |##############      | - loss_cc=4.524 - loss_ce=2.094 - loss_ne=0.0137 - loss_div=0.0 - threshold=1.0 - loss=6.631
/scratch/e0538389/DivClust/engine/trainer.py:41: FutureWarning: `torch.cuda.amp.autocast(args...)` is deprecated. Please use `torch.amp.autocast('cuda', args...)` instead.
  with autocast(self.mixed_precision):
[2026-03-30 13:11:50](logger.py 179): id=CC_FMNIST_C10CFG_K20_E100_DT_0_95 | Ep. 93/100 - Step 225/273 (2.47 it/s) |################    | - loss_cc=4.523 - loss_ce=2.094 - loss_ne=0.0137 - loss_div=0.0 - threshold=1.0 - loss=6.63
/scratch/e0538389/DivClust/engine/trainer.py:41: FutureWarning: `torch.cuda.amp.autocast(args...)` is deprecated. Please use `torch.amp.autocast('cuda', args...)` instead.
  with autocast(self.mixed_precision):
[2026-03-30 13:12:00](logger.py 179): id=CC_FMNIST_C10CFG_K20_E100_DT_0_95 | Ep. 93/100 - Step 250/273 (2.47 it/s) |##################  | - loss_cc=4.522 - loss_ce=2.093 - loss_ne=0.0137 - loss_div=0.0 - threshold=1.0 - loss=6.629
/scratch/e0538389/DivClust/engine/trainer.py:41: FutureWarning: `torch.cuda.amp.autocast(args...)` is deprecated. Please use `torch.amp.autocast('cuda', args...)` instead.
  with autocast(self.mixed_precision):
/scratch/e0538389/DivClust/engine/trainer.py:41: FutureWarning: `torch.cuda.amp.autocast(args...)` is deprecated. Please use `torch.amp.autocast('cuda', args...)` instead.
  with autocast(self.mixed_precision):
[2026-03-30 13:12:09](logger.py 179): id=CC_FMNIST_C10CFG_K20_E100_DT_0_95 | Ep. 93/100 | Time: 00:01 | loss_cc=4.523 - loss_ce=2.093 - loss_ne=0.0137 - loss_div=0.0 - threshold=1.0 - loss=6.63
[2026-03-30 13:12:11](logger.py 179): id=CC_FMNIST_C10CFG_K20_E100_DT_0_95 | Ep. 94/100 - Step 0/273 (0.0 it/s) |                    | - loss_cc=4.522 - loss_ce=2.088 - loss_ne=0.00762 - loss_div=0.0 - threshold=1.0 - loss=6.618
/scratch/e0538389/DivClust/engine/trainer.py:41: FutureWarning: `torch.cuda.amp.autocast(args...)` is deprecated. Please use `torch.amp.autocast('cuda', args...)` instead.
  with autocast(self.mixed_precision):
[2026-03-30 13:12:21](logger.py 179): id=CC_FMNIST_C10CFG_K20_E100_DT_0_95 | Ep. 94/100 - Step 25/273 (2.49 it/s) |#                   | - loss_cc=4.517 - loss_ce=2.09 - loss_ne=0.0161 - loss_div=0.0 - threshold=1.0 - loss=6.623
/scratch/e0538389/DivClust/engine/trainer.py:41: FutureWarning: `torch.cuda.amp.autocast(args...)` is deprecated. Please use `torch.amp.autocast('cuda', args...)` instead.
  with autocast(self.mixed_precision):
[2026-03-30 13:12:31](logger.py 179): id=CC_FMNIST_C10CFG_K20_E100_DT_0_95 | Ep. 94/100 - Step 50/273 (2.48 it/s) |###                 | - loss_cc=4.52 - loss_ce=2.092 - loss_ne=0.0154 - loss_div=0.0 - threshold=1.0 - loss=6.628
/scratch/e0538389/DivClust/engine/trainer.py:41: FutureWarning: `torch.cuda.amp.autocast(args...)` is deprecated. Please use `torch.amp.autocast('cuda', args...)` instead.
  with autocast(self.mixed_precision):
[2026-03-30 13:12:42](logger.py 179): id=CC_FMNIST_C10CFG_K20_E100_DT_0_95 | Ep. 94/100 - Step 75/273 (2.48 it/s) |#####               | - loss_cc=4.52 - loss_ce=2.093 - loss_ne=0.0151 - loss_div=0.0 - threshold=1.0 - loss=6.628
/scratch/e0538389/DivClust/engine/trainer.py:41: FutureWarning: `torch.cuda.amp.autocast(args...)` is deprecated. Please use `torch.amp.autocast('cuda', args...)` instead.
  with autocast(self.mixed_precision):
/scratch/e0538389/DivClust/engine/trainer.py:41: FutureWarning: `torch.cuda.amp.autocast(args...)` is deprecated. Please use `torch.amp.autocast('cuda', args...)` instead.
  with autocast(self.mixed_precision):
[2026-03-30 13:12:52](logger.py 179): id=CC_FMNIST_C10CFG_K20_E100_DT_0_95 | Ep. 94/100 - Step 100/273 (2.46 it/s) |#######             | - loss_cc=4.519 - loss_ce=2.092 - loss_ne=0.0151 - loss_div=0.0 - threshold=1.0 - loss=6.626
/scratch/e0538389/DivClust/engine/trainer.py:41: FutureWarning: `torch.cuda.amp.autocast(args...)` is deprecated. Please use `torch.amp.autocast('cuda', args...)` instead.
  with autocast(self.mixed_precision):
[2026-03-30 13:13:02](logger.py 179): id=CC_FMNIST_C10CFG_K20_E100_DT_0_95 | Ep. 94/100 - Step 125/273 (2.47 it/s) |#########           | - loss_cc=4.517 - loss_ce=2.092 - loss_ne=0.0143 - loss_div=0.0 - threshold=1.0 - loss=6.623
/scratch/e0538389/DivClust/engine/trainer.py:41: FutureWarning: `torch.cuda.amp.autocast(args...)` is deprecated. Please use `torch.amp.autocast('cuda', args...)` instead.
  with autocast(self.mixed_precision):
[2026-03-30 13:13:12](logger.py 179): id=CC_FMNIST_C10CFG_K20_E100_DT_0_95 | Ep. 94/100 - Step 150/273 (2.47 it/s) |##########          | - loss_cc=4.519 - loss_ce=2.092 - loss_ne=0.0141 - loss_div=0.0 - threshold=1.0 - loss=6.625
/scratch/e0538389/DivClust/engine/trainer.py:41: FutureWarning: `torch.cuda.amp.autocast(args...)` is deprecated. Please use `torch.amp.autocast('cuda', args...)` instead.
  with autocast(self.mixed_precision):
[2026-03-30 13:13:22](logger.py 179): id=CC_FMNIST_C10CFG_K20_E100_DT_0_95 | Ep. 94/100 - Step 175/273 (2.47 it/s) |############        | - loss_cc=4.519 - loss_ce=2.092 - loss_ne=0.0139 - loss_div=0.0 - threshold=1.0 - loss=6.625
/scratch/e0538389/DivClust/engine/trainer.py:41: FutureWarning: `torch.cuda.amp.autocast(args...)` is deprecated. Please use `torch.amp.autocast('cuda', args...)` instead.
  with autocast(self.mixed_precision):
/scratch/e0538389/DivClust/engine/trainer.py:41: FutureWarning: `torch.cuda.amp.autocast(args...)` is deprecated. Please use `torch.amp.autocast('cuda', args...)` instead.
  with autocast(self.mixed_precision):
[2026-03-30 13:13:32](logger.py 179): id=CC_FMNIST_C10CFG_K20_E100_DT_0_95 | Ep. 94/100 - Step 200/273 (2.47 it/s) |##############      | - loss_cc=4.519 - loss_ce=2.092 - loss_ne=0.014 - loss_div=0.0 - threshold=1.0 - loss=6.625
/scratch/e0538389/DivClust/engine/trainer.py:41: FutureWarning: `torch.cuda.amp.autocast(args...)` is deprecated. Please use `torch.amp.autocast('cuda', args...)` instead.
  with autocast(self.mixed_precision):
[2026-03-30 13:13:43](logger.py 179): id=CC_FMNIST_C10CFG_K20_E100_DT_0_95 | Ep. 94/100 - Step 225/273 (2.47 it/s) |################    | - loss_cc=4.519 - loss_ce=2.092 - loss_ne=0.014 - loss_div=0.0 - threshold=1.0 - loss=6.625
/scratch/e0538389/DivClust/engine/trainer.py:41: FutureWarning: `torch.cuda.amp.autocast(args...)` is deprecated. Please use `torch.amp.autocast('cuda', args...)` instead.
  with autocast(self.mixed_precision):
[2026-03-30 13:13:53](logger.py 179): id=CC_FMNIST_C10CFG_K20_E100_DT_0_95 | Ep. 94/100 - Step 250/273 (2.47 it/s) |##################  | - loss_cc=4.52 - loss_ce=2.092 - loss_ne=0.014 - loss_div=0.0 - threshold=1.0 - loss=6.626
/scratch/e0538389/DivClust/engine/trainer.py:41: FutureWarning: `torch.cuda.amp.autocast(args...)` is deprecated. Please use `torch.amp.autocast('cuda', args...)` instead.
  with autocast(self.mixed_precision):
[2026-03-30 13:14:01](logger.py 179): id=CC_FMNIST_C10CFG_K20_E100_DT_0_95 | Ep. 94/100 | Time: 00:01 | loss_cc=4.52 - loss_ce=2.092 - loss_ne=0.0138 - loss_div=0.0 - threshold=1.0 - loss=6.626
[2026-03-30 13:14:03](logger.py 179): id=CC_FMNIST_C10CFG_K20_E100_DT_0_95 | Ep. 95/100 - Step 0/273 (0.0 it/s) |                    | - loss_cc=4.508 - loss_ce=2.088 - loss_ne=0.00937 - loss_div=0.0 - threshold=1.0 - loss=6.605
/scratch/e0538389/DivClust/engine/trainer.py:41: FutureWarning: `torch.cuda.amp.autocast(args...)` is deprecated. Please use `torch.amp.autocast('cuda', args...)` instead.
  with autocast(self.mixed_precision):
[2026-03-30 13:14:14](logger.py 179): id=CC_FMNIST_C10CFG_K20_E100_DT_0_95 | Ep. 95/100 - Step 25/273 (2.4 it/s) |#                   | - loss_cc=4.526 - loss_ce=2.093 - loss_ne=0.0138 - loss_div=0.0 - threshold=1.0 - loss=6.633
/scratch/e0538389/DivClust/engine/trainer.py:41: FutureWarning: `torch.cuda.amp.autocast(args...)` is deprecated. Please use `torch.amp.autocast('cuda', args...)` instead.
  with autocast(self.mixed_precision):
/scratch/e0538389/DivClust/engine/trainer.py:41: FutureWarning: `torch.cuda.amp.autocast(args...)` is deprecated. Please use `torch.amp.autocast('cuda', args...)` instead.
  with autocast(self.mixed_precision):
[2026-03-30 13:14:24](logger.py 179): id=CC_FMNIST_C10CFG_K20_E100_DT_0_95 | Ep. 95/100 - Step 50/273 (2.44 it/s) |###                 | - loss_cc=4.522 - loss_ce=2.093 - loss_ne=0.0137 - loss_div=0.0 - threshold=1.0 - loss=6.628
/scratch/e0538389/DivClust/engine/trainer.py:41: FutureWarning: `torch.cuda.amp.autocast(args...)` is deprecated. Please use `torch.amp.autocast('cuda', args...)` instead.
  with autocast(self.mixed_precision):
[2026-03-30 13:14:34](logger.py 179): id=CC_FMNIST_C10CFG_K20_E100_DT_0_95 | Ep. 95/100 - Step 75/273 (2.45 it/s) |#####               | - loss_cc=4.522 - loss_ce=2.093 - loss_ne=0.0135 - loss_div=0.0 - threshold=1.0 - loss=6.629
/scratch/e0538389/DivClust/engine/trainer.py:41: FutureWarning: `torch.cuda.amp.autocast(args...)` is deprecated. Please use `torch.amp.autocast('cuda', args...)` instead.
  with autocast(self.mixed_precision):
[2026-03-30 13:14:44](logger.py 179): id=CC_FMNIST_C10CFG_K20_E100_DT_0_95 | Ep. 95/100 - Step 100/273 (2.46 it/s) |#######             | - loss_cc=4.522 - loss_ce=2.093 - loss_ne=0.0152 - loss_div=0.00538 - threshold=0.998 - loss=6.636
/scratch/e0538389/DivClust/engine/trainer.py:41: FutureWarning: `torch.cuda.amp.autocast(args...)` is deprecated. Please use `torch.amp.autocast('cuda', args...)` instead.
  with autocast(self.mixed_precision):
[2026-03-30 13:14:54](logger.py 179): id=CC_FMNIST_C10CFG_K20_E100_DT_0_95 | Ep. 95/100 - Step 125/273 (2.45 it/s) |#########           | - loss_cc=4.521 - loss_ce=2.093 - loss_ne=0.0156 - loss_div=0.00431 - threshold=0.998 - loss=6.633
/scratch/e0538389/DivClust/engine/trainer.py:41: FutureWarning: `torch.cuda.amp.autocast(args...)` is deprecated. Please use `torch.amp.autocast('cuda', args...)` instead.
  with autocast(self.mixed_precision):
/scratch/e0538389/DivClust/engine/trainer.py:41: FutureWarning: `torch.cuda.amp.autocast(args...)` is deprecated. Please use `torch.amp.autocast('cuda', args...)` instead.
  with autocast(self.mixed_precision):
[2026-03-30 13:15:05](logger.py 179): id=CC_FMNIST_C10CFG_K20_E100_DT_0_95 | Ep. 95/100 - Step 150/273 (2.45 it/s) |##########          | - loss_cc=4.52 - loss_ce=2.093 - loss_ne=0.0154 - loss_div=0.0036 - threshold=0.999 - loss=6.632
/scratch/e0538389/DivClust/engine/trainer.py:41: FutureWarning: `torch.cuda.amp.autocast(args...)` is deprecated. Please use `torch.amp.autocast('cuda', args...)` instead.
  with autocast(self.mixed_precision):
[2026-03-30 13:15:15](logger.py 179): id=CC_FMNIST_C10CFG_K20_E100_DT_0_95 | Ep. 95/100 - Step 175/273 (2.46 it/s) |############        | - loss_cc=4.52 - loss_ce=2.093 - loss_ne=0.0152 - loss_div=0.00309 - threshold=0.999 - loss=6.631
/scratch/e0538389/DivClust/engine/trainer.py:41: FutureWarning: `torch.cuda.amp.autocast(args...)` is deprecated. Please use `torch.amp.autocast('cuda', args...)` instead.
  with autocast(self.mixed_precision):
[2026-03-30 13:15:25](logger.py 179): id=CC_FMNIST_C10CFG_K20_E100_DT_0_95 | Ep. 95/100 - Step 200/273 (2.46 it/s) |##############      | - loss_cc=4.52 - loss_ce=2.093 - loss_ne=0.0149 - loss_div=0.0027 - threshold=0.999 - loss=6.63
/scratch/e0538389/DivClust/engine/trainer.py:41: FutureWarning: `torch.cuda.amp.autocast(args...)` is deprecated. Please use `torch.amp.autocast('cuda', args...)` instead.
  with autocast(self.mixed_precision):
[2026-03-30 13:15:35](logger.py 179): id=CC_FMNIST_C10CFG_K20_E100_DT_0_95 | Ep. 95/100 - Step 225/273 (2.46 it/s) |################    | - loss_cc=4.519 - loss_ce=2.092 - loss_ne=0.0151 - loss_div=0.0024 - threshold=0.999 - loss=6.629
/scratch/e0538389/DivClust/engine/trainer.py:41: FutureWarning: `torch.cuda.amp.autocast(args...)` is deprecated. Please use `torch.amp.autocast('cuda', args...)` instead.
  with autocast(self.mixed_precision):
/scratch/e0538389/DivClust/engine/trainer.py:41: FutureWarning: `torch.cuda.amp.autocast(args...)` is deprecated. Please use `torch.amp.autocast('cuda', args...)` instead.
  with autocast(self.mixed_precision):
[2026-03-30 13:15:45](logger.py 179): id=CC_FMNIST_C10CFG_K20_E100_DT_0_95 | Ep. 95/100 - Step 250/273 (2.46 it/s) |##################  | - loss_cc=4.519 - loss_ce=2.093 - loss_ne=0.0147 - loss_div=0.00216 - threshold=0.999 - loss=6.629
/scratch/e0538389/DivClust/engine/trainer.py:41: FutureWarning: `torch.cuda.amp.autocast(args...)` is deprecated. Please use `torch.amp.autocast('cuda', args...)` instead.
  with autocast(self.mixed_precision):
[2026-03-30 13:15:54](logger.py 179): id=CC_FMNIST_C10CFG_K20_E100_DT_0_95 | Ep. 95/100 | Time: 00:01 | loss_cc=4.519 - loss_ce=2.093 - loss_ne=0.0146 - loss_div=0.00199 - threshold=0.999 - loss=6.629
[2026-03-30 13:15:56](logger.py 179): id=CC_FMNIST_C10CFG_K20_E100_DT_0_95 | Ep. 96/100 - Step 0/273 (0.0 it/s) |                    | - loss_cc=4.518 - loss_ce=2.092 - loss_ne=0.0159 - loss_div=0.0 - threshold=1.0 - loss=6.626
/scratch/e0538389/DivClust/engine/trainer.py:41: FutureWarning: `torch.cuda.amp.autocast(args...)` is deprecated. Please use `torch.amp.autocast('cuda', args...)` instead.
  with autocast(self.mixed_precision):
[2026-03-30 13:16:06](logger.py 179): id=CC_FMNIST_C10CFG_K20_E100_DT_0_95 | Ep. 96/100 - Step 25/273 (2.49 it/s) |#                   | - loss_cc=4.525 - loss_ce=2.095 - loss_ne=0.0168 - loss_div=0.0 - threshold=1.0 - loss=6.636
/scratch/e0538389/DivClust/engine/trainer.py:41: FutureWarning: `torch.cuda.amp.autocast(args...)` is deprecated. Please use `torch.amp.autocast('cuda', args...)` instead.
  with autocast(self.mixed_precision):
[2026-03-30 13:16:16](logger.py 179): id=CC_FMNIST_C10CFG_K20_E100_DT_0_95 | Ep. 96/100 - Step 50/273 (2.48 it/s) |###                 | - loss_cc=4.522 - loss_ce=2.095 - loss_ne=0.0142 - loss_div=0.0 - threshold=1.0 - loss=6.631
/scratch/e0538389/DivClust/engine/trainer.py:41: FutureWarning: `torch.cuda.amp.autocast(args...)` is deprecated. Please use `torch.amp.autocast('cuda', args...)` instead.
  with autocast(self.mixed_precision):
/scratch/e0538389/DivClust/engine/trainer.py:41: FutureWarning: `torch.cuda.amp.autocast(args...)` is deprecated. Please use `torch.amp.autocast('cuda', args...)` instead.
  with autocast(self.mixed_precision):
[2026-03-30 13:16:26](logger.py 179): id=CC_FMNIST_C10CFG_K20_E100_DT_0_95 | Ep. 96/100 - Step 75/273 (2.46 it/s) |#####               | - loss_cc=4.521 - loss_ce=2.094 - loss_ne=0.0144 - loss_div=0.0 - threshold=1.0 - loss=6.63
/scratch/e0538389/DivClust/engine/trainer.py:41: FutureWarning: `torch.cuda.amp.autocast(args...)` is deprecated. Please use `torch.amp.autocast('cuda', args...)` instead.
  with autocast(self.mixed_precision):
[2026-03-30 13:16:37](logger.py 179): id=CC_FMNIST_C10CFG_K20_E100_DT_0_95 | Ep. 96/100 - Step 100/273 (2.46 it/s) |#######             | - loss_cc=4.521 - loss_ce=2.093 - loss_ne=0.0141 - loss_div=0.0 - threshold=1.0 - loss=6.629
/scratch/e0538389/DivClust/engine/trainer.py:41: FutureWarning: `torch.cuda.amp.autocast(args...)` is deprecated. Please use `torch.amp.autocast('cuda', args...)` instead.
  with autocast(self.mixed_precision):
[2026-03-30 13:16:47](logger.py 179): id=CC_FMNIST_C10CFG_K20_E100_DT_0_95 | Ep. 96/100 - Step 125/273 (2.47 it/s) |#########           | - loss_cc=4.522 - loss_ce=2.094 - loss_ne=0.014 - loss_div=0.0 - threshold=1.0 - loss=6.629
/scratch/e0538389/DivClust/engine/trainer.py:41: FutureWarning: `torch.cuda.amp.autocast(args...)` is deprecated. Please use `torch.amp.autocast('cuda', args...)` instead.
  with autocast(self.mixed_precision):
[2026-03-30 13:16:57](logger.py 179): id=CC_FMNIST_C10CFG_K20_E100_DT_0_95 | Ep. 96/100 - Step 150/273 (2.47 it/s) |##########          | - loss_cc=4.521 - loss_ce=2.093 - loss_ne=0.0141 - loss_div=0.0 - threshold=1.0 - loss=6.628
/scratch/e0538389/DivClust/engine/trainer.py:41: FutureWarning: `torch.cuda.amp.autocast(args...)` is deprecated. Please use `torch.amp.autocast('cuda', args...)` instead.
  with autocast(self.mixed_precision):
/scratch/e0538389/DivClust/engine/trainer.py:41: FutureWarning: `torch.cuda.amp.autocast(args...)` is deprecated. Please use `torch.amp.autocast('cuda', args...)` instead.
  with autocast(self.mixed_precision):
[2026-03-30 13:17:07](logger.py 179): id=CC_FMNIST_C10CFG_K20_E100_DT_0_95 | Ep. 96/100 - Step 175/273 (2.46 it/s) |############        | - loss_cc=4.52 - loss_ce=2.093 - loss_ne=0.0139 - loss_div=0.0 - threshold=1.0 - loss=6.626
/scratch/e0538389/DivClust/engine/trainer.py:41: FutureWarning: `torch.cuda.amp.autocast(args...)` is deprecated. Please use `torch.amp.autocast('cuda', args...)` instead.
  with autocast(self.mixed_precision):
[2026-03-30 13:17:17](logger.py 179): id=CC_FMNIST_C10CFG_K20_E100_DT_0_95 | Ep. 96/100 - Step 200/273 (2.46 it/s) |##############      | - loss_cc=4.519 - loss_ce=2.092 - loss_ne=0.0137 - loss_div=0.0 - threshold=1.0 - loss=6.625
/scratch/e0538389/DivClust/engine/trainer.py:41: FutureWarning: `torch.cuda.amp.autocast(args...)` is deprecated. Please use `torch.amp.autocast('cuda', args...)` instead.
  with autocast(self.mixed_precision):
[2026-03-30 13:17:27](logger.py 179): id=CC_FMNIST_C10CFG_K20_E100_DT_0_95 | Ep. 96/100 - Step 225/273 (2.47 it/s) |################    | - loss_cc=4.518 - loss_ce=2.092 - loss_ne=0.014 - loss_div=0.0 - threshold=1.0 - loss=6.625
/scratch/e0538389/DivClust/engine/trainer.py:41: FutureWarning: `torch.cuda.amp.autocast(args...)` is deprecated. Please use `torch.amp.autocast('cuda', args...)` instead.
  with autocast(self.mixed_precision):
[2026-03-30 13:17:37](logger.py 179): id=CC_FMNIST_C10CFG_K20_E100_DT_0_95 | Ep. 96/100 - Step 250/273 (2.47 it/s) |##################  | - loss_cc=4.519 - loss_ce=2.092 - loss_ne=0.0142 - loss_div=0.0 - threshold=1.0 - loss=6.625
/scratch/e0538389/DivClust/engine/trainer.py:41: FutureWarning: `torch.cuda.amp.autocast(args...)` is deprecated. Please use `torch.amp.autocast('cuda', args...)` instead.
  with autocast(self.mixed_precision):
[2026-03-30 13:17:46](logger.py 179): id=CC_FMNIST_C10CFG_K20_E100_DT_0_95 | Ep. 96/100 | Time: 00:01 | loss_cc=4.518 - loss_ce=2.092 - loss_ne=0.0142 - loss_div=0.0 - threshold=1.0 - loss=6.625
/scratch/e0538389/DivClust/engine/trainer.py:41: FutureWarning: `torch.cuda.amp.autocast(args...)` is deprecated. Please use `torch.amp.autocast('cuda', args...)` instead.
  with autocast(self.mixed_precision):
[2026-03-30 13:17:48](logger.py 179): id=CC_FMNIST_C10CFG_K20_E100_DT_0_95 | Ep. 97/100 - Step 0/273 (0.0 it/s) |                    | - loss_cc=4.513 - loss_ce=2.089 - loss_ne=0.0106 - loss_div=0.0 - threshold=1.0 - loss=6.612
/scratch/e0538389/DivClust/engine/trainer.py:41: FutureWarning: `torch.cuda.amp.autocast(args...)` is deprecated. Please use `torch.amp.autocast('cuda', args...)` instead.
  with autocast(self.mixed_precision):
[2026-03-30 13:17:58](logger.py 179): id=CC_FMNIST_C10CFG_K20_E100_DT_0_95 | Ep. 97/100 - Step 25/273 (2.48 it/s) |#                   | - loss_cc=4.513 - loss_ce=2.091 - loss_ne=0.013 - loss_div=0.0 - threshold=1.0 - loss=6.618
/scratch/e0538389/DivClust/engine/trainer.py:41: FutureWarning: `torch.cuda.amp.autocast(args...)` is deprecated. Please use `torch.amp.autocast('cuda', args...)` instead.
  with autocast(self.mixed_precision):
[2026-03-30 13:18:08](logger.py 179): id=CC_FMNIST_C10CFG_K20_E100_DT_0_95 | Ep. 97/100 - Step 50/273 (2.49 it/s) |###                 | - loss_cc=4.512 - loss_ce=2.092 - loss_ne=0.0134 - loss_div=0.0 - threshold=1.0 - loss=6.617
/scratch/e0538389/DivClust/engine/trainer.py:41: FutureWarning: `torch.cuda.amp.autocast(args...)` is deprecated. Please use `torch.amp.autocast('cuda', args...)` instead.
  with autocast(self.mixed_precision):
[2026-03-30 13:18:19](logger.py 179): id=CC_FMNIST_C10CFG_K20_E100_DT_0_95 | Ep. 97/100 - Step 75/273 (2.48 it/s) |#####               | - loss_cc=4.514 - loss_ce=2.091 - loss_ne=0.0125 - loss_div=0.0 - threshold=1.0 - loss=6.618
/scratch/e0538389/DivClust/engine/trainer.py:41: FutureWarning: `torch.cuda.amp.autocast(args...)` is deprecated. Please use `torch.amp.autocast('cuda', args...)` instead.
  with autocast(self.mixed_precision):
/scratch/e0538389/DivClust/engine/trainer.py:41: FutureWarning: `torch.cuda.amp.autocast(args...)` is deprecated. Please use `torch.amp.autocast('cuda', args...)` instead.
  with autocast(self.mixed_precision):
[2026-03-30 13:18:29](logger.py 179): id=CC_FMNIST_C10CFG_K20_E100_DT_0_95 | Ep. 97/100 - Step 100/273 (2.47 it/s) |#######             | - loss_cc=4.513 - loss_ce=2.091 - loss_ne=0.0128 - loss_div=0.0 - threshold=1.0 - loss=6.617
/scratch/e0538389/DivClust/engine/trainer.py:41: FutureWarning: `torch.cuda.amp.autocast(args...)` is deprecated. Please use `torch.amp.autocast('cuda', args...)` instead.
  with autocast(self.mixed_precision):
[2026-03-30 13:18:39](logger.py 179): id=CC_FMNIST_C10CFG_K20_E100_DT_0_95 | Ep. 97/100 - Step 125/273 (2.47 it/s) |#########           | - loss_cc=4.515 - loss_ce=2.092 - loss_ne=0.0131 - loss_div=0.0 - threshold=1.0 - loss=6.619
/scratch/e0538389/DivClust/engine/trainer.py:41: FutureWarning: `torch.cuda.amp.autocast(args...)` is deprecated. Please use `torch.amp.autocast('cuda', args...)` instead.
  with autocast(self.mixed_precision):
[2026-03-30 13:18:49](logger.py 179): id=CC_FMNIST_C10CFG_K20_E100_DT_0_95 | Ep. 97/100 - Step 150/273 (2.47 it/s) |##########          | - loss_cc=4.515 - loss_ce=2.092 - loss_ne=0.0133 - loss_div=0.0 - threshold=1.0 - loss=6.62
/scratch/e0538389/DivClust/engine/trainer.py:41: FutureWarning: `torch.cuda.amp.autocast(args...)` is deprecated. Please use `torch.amp.autocast('cuda', args...)` instead.
  with autocast(self.mixed_precision):
[2026-03-30 13:18:59](logger.py 179): id=CC_FMNIST_C10CFG_K20_E100_DT_0_95 | Ep. 97/100 - Step 175/273 (2.47 it/s) |############        | - loss_cc=4.515 - loss_ce=2.092 - loss_ne=0.0134 - loss_div=0.0 - threshold=1.0 - loss=6.621
/scratch/e0538389/DivClust/engine/trainer.py:41: FutureWarning: `torch.cuda.amp.autocast(args...)` is deprecated. Please use `torch.amp.autocast('cuda', args...)` instead.
  with autocast(self.mixed_precision):
/scratch/e0538389/DivClust/engine/trainer.py:41: FutureWarning: `torch.cuda.amp.autocast(args...)` is deprecated. Please use `torch.amp.autocast('cuda', args...)` instead.
  with autocast(self.mixed_precision):
[2026-03-30 13:19:09](logger.py 179): id=CC_FMNIST_C10CFG_K20_E100_DT_0_95 | Ep. 97/100 - Step 200/273 (2.47 it/s) |##############      | - loss_cc=4.515 - loss_ce=2.092 - loss_ne=0.0133 - loss_div=0.0 - threshold=1.0 - loss=6.62
/scratch/e0538389/DivClust/engine/trainer.py:41: FutureWarning: `torch.cuda.amp.autocast(args...)` is deprecated. Please use `torch.amp.autocast('cuda', args...)` instead.
  with autocast(self.mixed_precision):
[2026-03-30 13:19:20](logger.py 179): id=CC_FMNIST_C10CFG_K20_E100_DT_0_95 | Ep. 97/100 - Step 225/273 (2.47 it/s) |################    | - loss_cc=4.516 - loss_ce=2.092 - loss_ne=0.0133 - loss_div=0.0 - threshold=1.0 - loss=6.621
/scratch/e0538389/DivClust/engine/trainer.py:41: FutureWarning: `torch.cuda.amp.autocast(args...)` is deprecated. Please use `torch.amp.autocast('cuda', args...)` instead.
  with autocast(self.mixed_precision):
[2026-03-30 13:19:30](logger.py 179): id=CC_FMNIST_C10CFG_K20_E100_DT_0_95 | Ep. 97/100 - Step 250/273 (2.47 it/s) |##################  | - loss_cc=4.515 - loss_ce=2.091 - loss_ne=0.0132 - loss_div=0.0 - threshold=1.0 - loss=6.619
/scratch/e0538389/DivClust/engine/trainer.py:41: FutureWarning: `torch.cuda.amp.autocast(args...)` is deprecated. Please use `torch.amp.autocast('cuda', args...)` instead.
  with autocast(self.mixed_precision):
[2026-03-30 13:19:38](logger.py 179): id=CC_FMNIST_C10CFG_K20_E100_DT_0_95 | Ep. 97/100 | Time: 00:01 | loss_cc=4.515 - loss_ce=2.091 - loss_ne=0.0131 - loss_div=0.0 - threshold=1.0 - loss=6.62
[2026-03-30 13:19:41](logger.py 179): id=CC_FMNIST_C10CFG_K20_E100_DT_0_95 | Ep. 98/100 - Step 0/273 (0.0 it/s) |                    | - loss_cc=4.527 - loss_ce=2.094 - loss_ne=0.00837 - loss_div=0.0 - threshold=1.0 - loss=6.629
/scratch/e0538389/DivClust/engine/trainer.py:41: FutureWarning: `torch.cuda.amp.autocast(args...)` is deprecated. Please use `torch.amp.autocast('cuda', args...)` instead.
  with autocast(self.mixed_precision):
[2026-03-30 13:19:51](logger.py 179): id=CC_FMNIST_C10CFG_K20_E100_DT_0_95 | Ep. 98/100 - Step 25/273 (2.48 it/s) |#                   | - loss_cc=4.518 - loss_ce=2.09 - loss_ne=0.0133 - loss_div=0.0 - threshold=1.0 - loss=6.622
/scratch/e0538389/DivClust/engine/trainer.py:41: FutureWarning: `torch.cuda.amp.autocast(args...)` is deprecated. Please use `torch.amp.autocast('cuda', args...)` instead.
  with autocast(self.mixed_precision):
/scratch/e0538389/DivClust/engine/trainer.py:41: FutureWarning: `torch.cuda.amp.autocast(args...)` is deprecated. Please use `torch.amp.autocast('cuda', args...)` instead.
  with autocast(self.mixed_precision):
[2026-03-30 13:20:01](logger.py 179): id=CC_FMNIST_C10CFG_K20_E100_DT_0_95 | Ep. 98/100 - Step 50/273 (2.45 it/s) |###                 | - loss_cc=4.515 - loss_ce=2.09 - loss_ne=0.0146 - loss_div=0.0 - threshold=1.0 - loss=6.619
/scratch/e0538389/DivClust/engine/trainer.py:41: FutureWarning: `torch.cuda.amp.autocast(args...)` is deprecated. Please use `torch.amp.autocast('cuda', args...)` instead.
  with autocast(self.mixed_precision):
[2026-03-30 13:20:11](logger.py 179): id=CC_FMNIST_C10CFG_K20_E100_DT_0_95 | Ep. 98/100 - Step 75/273 (2.46 it/s) |#####               | - loss_cc=4.514 - loss_ce=2.089 - loss_ne=0.014 - loss_div=0.0 - threshold=1.0 - loss=6.617
/scratch/e0538389/DivClust/engine/trainer.py:41: FutureWarning: `torch.cuda.amp.autocast(args...)` is deprecated. Please use `torch.amp.autocast('cuda', args...)` instead.
  with autocast(self.mixed_precision):
[2026-03-30 13:20:21](logger.py 179): id=CC_FMNIST_C10CFG_K20_E100_DT_0_95 | Ep. 98/100 - Step 100/273 (2.46 it/s) |#######             | - loss_cc=4.514 - loss_ce=2.09 - loss_ne=0.0137 - loss_div=0.0 - threshold=1.0 - loss=6.617
/scratch/e0538389/DivClust/engine/trainer.py:41: FutureWarning: `torch.cuda.amp.autocast(args...)` is deprecated. Please use `torch.amp.autocast('cuda', args...)` instead.
  with autocast(self.mixed_precision):
[2026-03-30 13:20:31](logger.py 179): id=CC_FMNIST_C10CFG_K20_E100_DT_0_95 | Ep. 98/100 - Step 125/273 (2.47 it/s) |#########           | - loss_cc=4.514 - loss_ce=2.09 - loss_ne=0.0139 - loss_div=0.0 - threshold=1.0 - loss=6.618
/scratch/e0538389/DivClust/engine/trainer.py:41: FutureWarning: `torch.cuda.amp.autocast(args...)` is deprecated. Please use `torch.amp.autocast('cuda', args...)` instead.
  with autocast(self.mixed_precision):
/scratch/e0538389/DivClust/engine/trainer.py:41: FutureWarning: `torch.cuda.amp.autocast(args...)` is deprecated. Please use `torch.amp.autocast('cuda', args...)` instead.
  with autocast(self.mixed_precision):
[2026-03-30 13:20:42](logger.py 179): id=CC_FMNIST_C10CFG_K20_E100_DT_0_95 | Ep. 98/100 - Step 150/273 (2.46 it/s) |##########          | - loss_cc=4.515 - loss_ce=2.09 - loss_ne=0.0137 - loss_div=0.0 - threshold=1.0 - loss=6.619
/scratch/e0538389/DivClust/engine/trainer.py:41: FutureWarning: `torch.cuda.amp.autocast(args...)` is deprecated. Please use `torch.amp.autocast('cuda', args...)` instead.
  with autocast(self.mixed_precision):
[2026-03-30 13:20:52](logger.py 179): id=CC_FMNIST_C10CFG_K20_E100_DT_0_95 | Ep. 98/100 - Step 175/273 (2.46 it/s) |############        | - loss_cc=4.514 - loss_ce=2.09 - loss_ne=0.014 - loss_div=0.0 - threshold=1.0 - loss=6.618
/scratch/e0538389/DivClust/engine/trainer.py:41: FutureWarning: `torch.cuda.amp.autocast(args...)` is deprecated. Please use `torch.amp.autocast('cuda', args...)` instead.
  with autocast(self.mixed_precision):
[2026-03-30 13:21:02](logger.py 179): id=CC_FMNIST_C10CFG_K20_E100_DT_0_95 | Ep. 98/100 - Step 200/273 (2.47 it/s) |##############      | - loss_cc=4.513 - loss_ce=2.09 - loss_ne=0.014 - loss_div=0.0 - threshold=1.0 - loss=6.617
/scratch/e0538389/DivClust/engine/trainer.py:41: FutureWarning: `torch.cuda.amp.autocast(args...)` is deprecated. Please use `torch.amp.autocast('cuda', args...)` instead.
  with autocast(self.mixed_precision):
[2026-03-30 13:21:12](logger.py 179): id=CC_FMNIST_C10CFG_K20_E100_DT_0_95 | Ep. 98/100 - Step 225/273 (2.47 it/s) |################    | - loss_cc=4.513 - loss_ce=2.09 - loss_ne=0.0139 - loss_div=0.0 - threshold=1.0 - loss=6.618
/scratch/e0538389/DivClust/engine/trainer.py:41: FutureWarning: `torch.cuda.amp.autocast(args...)` is deprecated. Please use `torch.amp.autocast('cuda', args...)` instead.
  with autocast(self.mixed_precision):
/scratch/e0538389/DivClust/engine/trainer.py:41: FutureWarning: `torch.cuda.amp.autocast(args...)` is deprecated. Please use `torch.amp.autocast('cuda', args...)` instead.
  with autocast(self.mixed_precision):
[2026-03-30 13:21:22](logger.py 179): id=CC_FMNIST_C10CFG_K20_E100_DT_0_95 | Ep. 98/100 - Step 250/273 (2.46 it/s) |##################  | - loss_cc=4.514 - loss_ce=2.09 - loss_ne=0.0139 - loss_div=0.0 - threshold=1.0 - loss=6.618
/scratch/e0538389/DivClust/engine/trainer.py:41: FutureWarning: `torch.cuda.amp.autocast(args...)` is deprecated. Please use `torch.amp.autocast('cuda', args...)` instead.
  with autocast(self.mixed_precision):
[2026-03-30 13:21:31](logger.py 179): id=CC_FMNIST_C10CFG_K20_E100_DT_0_95 | Ep. 98/100 | Time: 00:01 | loss_cc=4.514 - loss_ce=2.091 - loss_ne=0.0139 - loss_div=0.0 - threshold=1.0 - loss=6.619
[2026-03-30 13:21:33](logger.py 179): id=CC_FMNIST_C10CFG_K20_E100_DT_0_95 | Ep. 99/100 - Step 0/273 (0.0 it/s) |                    | - loss_cc=4.475 - loss_ce=2.071 - loss_ne=0.0236 - loss_div=0.0 - threshold=1.0 - loss=6.57
/scratch/e0538389/DivClust/engine/trainer.py:41: FutureWarning: `torch.cuda.amp.autocast(args...)` is deprecated. Please use `torch.amp.autocast('cuda', args...)` instead.
  with autocast(self.mixed_precision):
[2026-03-30 13:21:43](logger.py 179): id=CC_FMNIST_C10CFG_K20_E100_DT_0_95 | Ep. 99/100 - Step 25/273 (2.48 it/s) |#                   | - loss_cc=4.52 - loss_ce=2.092 - loss_ne=0.0133 - loss_div=0.0 - threshold=1.0 - loss=6.626
/scratch/e0538389/DivClust/engine/trainer.py:41: FutureWarning: `torch.cuda.amp.autocast(args...)` is deprecated. Please use `torch.amp.autocast('cuda', args...)` instead.
  with autocast(self.mixed_precision):
[2026-03-30 13:21:53](logger.py 179): id=CC_FMNIST_C10CFG_K20_E100_DT_0_95 | Ep. 99/100 - Step 50/273 (2.48 it/s) |###                 | - loss_cc=4.519 - loss_ce=2.091 - loss_ne=0.0123 - loss_div=0.0 - threshold=1.0 - loss=6.623
/scratch/e0538389/DivClust/engine/trainer.py:41: FutureWarning: `torch.cuda.amp.autocast(args...)` is deprecated. Please use `torch.amp.autocast('cuda', args...)` instead.
  with autocast(self.mixed_precision):
/scratch/e0538389/DivClust/engine/trainer.py:41: FutureWarning: `torch.cuda.amp.autocast(args...)` is deprecated. Please use `torch.amp.autocast('cuda', args...)` instead.
  with autocast(self.mixed_precision):
[2026-03-30 13:22:03](logger.py 179): id=CC_FMNIST_C10CFG_K20_E100_DT_0_95 | Ep. 99/100 - Step 75/273 (2.46 it/s) |#####               | - loss_cc=4.518 - loss_ce=2.091 - loss_ne=0.0125 - loss_div=0.0 - threshold=1.0 - loss=6.621
/scratch/e0538389/DivClust/engine/trainer.py:41: FutureWarning: `torch.cuda.amp.autocast(args...)` is deprecated. Please use `torch.amp.autocast('cuda', args...)` instead.
  with autocast(self.mixed_precision):
[2026-03-30 13:22:14](logger.py 179): id=CC_FMNIST_C10CFG_K20_E100_DT_0_95 | Ep. 99/100 - Step 100/273 (2.46 it/s) |#######             | - loss_cc=4.518 - loss_ce=2.091 - loss_ne=0.0131 - loss_div=0.0 - threshold=1.0 - loss=6.622
/scratch/e0538389/DivClust/engine/trainer.py:41: FutureWarning: `torch.cuda.amp.autocast(args...)` is deprecated. Please use `torch.amp.autocast('cuda', args...)` instead.
  with autocast(self.mixed_precision):
[2026-03-30 13:22:24](logger.py 179): id=CC_FMNIST_C10CFG_K20_E100_DT_0_95 | Ep. 99/100 - Step 125/273 (2.47 it/s) |#########           | - loss_cc=4.518 - loss_ce=2.092 - loss_ne=0.0127 - loss_div=0.0 - threshold=1.0 - loss=6.622
/scratch/e0538389/DivClust/engine/trainer.py:41: FutureWarning: `torch.cuda.amp.autocast(args...)` is deprecated. Please use `torch.amp.autocast('cuda', args...)` instead.
  with autocast(self.mixed_precision):
[2026-03-30 13:22:34](logger.py 179): id=CC_FMNIST_C10CFG_K20_E100_DT_0_95 | Ep. 99/100 - Step 150/273 (2.47 it/s) |##########          | - loss_cc=4.518 - loss_ce=2.092 - loss_ne=0.0128 - loss_div=0.0 - threshold=1.0 - loss=6.623
/scratch/e0538389/DivClust/engine/trainer.py:41: FutureWarning: `torch.cuda.amp.autocast(args...)` is deprecated. Please use `torch.amp.autocast('cuda', args...)` instead.
  with autocast(self.mixed_precision):
/scratch/e0538389/DivClust/engine/trainer.py:41: FutureWarning: `torch.cuda.amp.autocast(args...)` is deprecated. Please use `torch.amp.autocast('cuda', args...)` instead.
  with autocast(self.mixed_precision):
[2026-03-30 13:22:44](logger.py 179): id=CC_FMNIST_C10CFG_K20_E100_DT_0_95 | Ep. 99/100 - Step 175/273 (2.46 it/s) |############        | - loss_cc=4.518 - loss_ce=2.092 - loss_ne=0.0129 - loss_div=0.0 - threshold=1.0 - loss=6.622
/scratch/e0538389/DivClust/engine/trainer.py:41: FutureWarning: `torch.cuda.amp.autocast(args...)` is deprecated. Please use `torch.amp.autocast('cuda', args...)` instead.
  with autocast(self.mixed_precision):
[2026-03-30 13:22:54](logger.py 179): id=CC_FMNIST_C10CFG_K20_E100_DT_0_95 | Ep. 99/100 - Step 200/273 (2.47 it/s) |##############      | - loss_cc=4.518 - loss_ce=2.092 - loss_ne=0.0133 - loss_div=0.0 - threshold=1.0 - loss=6.623
/scratch/e0538389/DivClust/engine/trainer.py:41: FutureWarning: `torch.cuda.amp.autocast(args...)` is deprecated. Please use `torch.amp.autocast('cuda', args...)` instead.
  with autocast(self.mixed_precision):
[2026-03-30 13:23:04](logger.py 179): id=CC_FMNIST_C10CFG_K20_E100_DT_0_95 | Ep. 99/100 - Step 225/273 (2.47 it/s) |################    | - loss_cc=4.518 - loss_ce=2.092 - loss_ne=0.0133 - loss_div=0.0 - threshold=1.0 - loss=6.624
/scratch/e0538389/DivClust/engine/trainer.py:41: FutureWarning: `torch.cuda.amp.autocast(args...)` is deprecated. Please use `torch.amp.autocast('cuda', args...)` instead.
  with autocast(self.mixed_precision):
[2026-03-30 13:23:14](logger.py 179): id=CC_FMNIST_C10CFG_K20_E100_DT_0_95 | Ep. 99/100 - Step 250/273 (2.47 it/s) |##################  | - loss_cc=4.518 - loss_ce=2.092 - loss_ne=0.0132 - loss_div=0.0 - threshold=1.0 - loss=6.624
/scratch/e0538389/DivClust/engine/trainer.py:41: FutureWarning: `torch.cuda.amp.autocast(args...)` is deprecated. Please use `torch.amp.autocast('cuda', args...)` instead.
  with autocast(self.mixed_precision):
[2026-03-30 13:23:23](logger.py 179): Evaluating
[2026-03-30 13:23:23](logger.py 179): Eval. step 0 of 274
[2026-03-30 13:23:26](logger.py 179): Eval. step 25 of 274
[2026-03-30 13:23:28](logger.py 179): Eval. step 50 of 274
[2026-03-30 13:23:30](logger.py 179): Eval. step 75 of 274
[2026-03-30 13:23:33](logger.py 179): Eval. step 100 of 274
[2026-03-30 13:23:35](logger.py 179): Eval. step 125 of 274
[2026-03-30 13:23:37](logger.py 179): Eval. step 150 of 274
[2026-03-30 13:23:40](logger.py 179): Eval. step 175 of 274
[2026-03-30 13:23:42](logger.py 179): Eval. step 200 of 274
[2026-03-30 13:23:44](logger.py 179): Eval. step 225 of 274
[2026-03-30 13:23:47](logger.py 179): Eval. step 250 of 274
[2026-03-30 13:23:51](logger.py 179): id=CC_FMNIST_C10CFG_K20_E100_DT_0_95 | Ep. 99/100 | Time: 00:02 | loss_cc=4.517 - loss_ce=2.092 - loss_ne=0.0131 - loss_div=0.0 - threshold=1.0 - loss=6.622 - eval_confidence=0.889 - cluster_acc_0_eval=63.84 - cluster_nmi_0_eval=0.626 - cluster_ari_0_eval=0.531 - cluster_acc_1_eval=64.12 - cluster_nmi_1_eval=0.627 - cluster_ari_1_eval=0.533 - cluster_acc_2_eval=64.0 - cluster_nmi_2_eval=0.625 - cluster_ari_2_eval=0.53 - cluster_acc_3_eval=65.07 - cluster_nmi_3_eval=0.628 - cluster_ari_3_eval=0.533 - cluster_acc_4_eval=64.53 - cluster_nmi_4_eval=0.626 - cluster_ari_4_eval=0.531 - cluster_acc_5_eval=64.09 - cluster_nmi_5_eval=0.628 - cluster_ari_5_eval=0.533 - cluster_acc_6_eval=64.15 - cluster_nmi_6_eval=0.628 - cluster_ari_6_eval=0.533 - cluster_acc_7_eval=64.1 - cluster_nmi_7_eval=0.625 - cluster_ari_7_eval=0.531 - cluster_acc_8_eval=65.27 - cluster_nmi_8_eval=0.628 - cluster_ari_8_eval=0.534 - cluster_acc_9_eval=64.24 - cluster_nmi_9_eval=0.625 - cluster_ari_9_eval=0.531 - cluster_acc_10_eval=64.21 - cluster_nmi_10_eval=0.625 - cluster_ari_10_eval=0.53 - cluster_acc_11_eval=64.73 - cluster_nmi_11_eval=0.627 - cluster_ari_11_eval=0.533 - cluster_acc_12_eval=64.24 - cluster_nmi_12_eval=0.627 - cluster_ari_12_eval=0.533 - cluster_acc_13_eval=64.68 - cluster_nmi_13_eval=0.628 - cluster_ari_13_eval=0.533 - cluster_acc_14_eval=64.47 - cluster_nmi_14_eval=0.627 - cluster_ari_14_eval=0.533 - cluster_acc_15_eval=63.99 - cluster_nmi_15_eval=0.625 - cluster_ari_15_eval=0.53 - cluster_acc_16_eval=64.39 - cluster_nmi_16_eval=0.628 - cluster_ari_16_eval=0.534 - cluster_acc_17_eval=64.82 - cluster_nmi_17_eval=0.627 - cluster_ari_17_eval=0.532 - cluster_acc_18_eval=64.26 - cluster_nmi_18_eval=0.625 - cluster_ari_18_eval=0.53 - cluster_acc_19_eval=64.35 - cluster_nmi_19_eval=0.629 - cluster_ari_19_eval=0.534 - max_cluster_acc_eval=65.27 - mean_cluster_acc_eval=64.38 - min_cluster_acc_eval=63.84 - max_cluster_nmi_eval=0.629 - mean_cluster_nmi_eval=0.627 - min_cluster_nmi_eval=0.625 - max_cluster_ari_eval=0.534 - mean_cluster_ari_eval=0.532 - min_cluster_ari_eval=0.53 - interclustering_nmi_eval=0.937
END Mon Mar 30 01:23:54 PM +08 2026 DT=0.95 RUN_NAME=CC_FMNIST_C10CFG_K20_E100_DT_0_95
