START Mon Mar 30 10:07:27 AM +08 2026 DT=0.6 RUN_NAME=CC_FMNIST_C10CFG_K20_E100_DT_0_6
[2026-03-30 10:08:01](logger.py 179): Initializing experiment CC_FMNIST_C10CFG_K20_E100_DT_0_6

[2026-03-30 10:08:01](logger.py 179): NMI_interval = 20
[2026-03-30 10:08:01](logger.py 179): NMI_target = 0.6
[2026-03-30 10:08:01](logger.py 179): backbone = resnet34
[2026-03-30 10:08:01](logger.py 179): bash_command = None
[2026-03-30 10:08:01](logger.py 179): batch_size = 256
[2026-03-30 10:08:01](logger.py 179): checkpoint_path = None
[2026-03-30 10:08:01](logger.py 179): classes_no = 10
[2026-03-30 10:08:01](logger.py 179): clustering_framework = cc
[2026-03-30 10:08:01](logger.py 179): clusterings = 20
[2026-03-30 10:08:01](logger.py 179): clusters = 10
[2026-03-30 10:08:01](logger.py 179): complex_arg = None
[2026-03-30 10:08:01](logger.py 179): crop_size = 224
[2026-03-30 10:08:01](logger.py 179): dataset = fashion_mnist
[2026-03-30 10:08:01](logger.py 179): dataset_path = ./data_folder/FashionMNIST
[2026-03-30 10:08:01](logger.py 179): divclust_mbank_size = 10000
[2026-03-30 10:08:01](logger.py 179): entity = default
[2026-03-30 10:08:01](logger.py 179): epochs = 100
[2026-03-30 10:08:01](logger.py 179): eval_interval = 10
[2026-03-30 10:08:01](logger.py 179): f = None
[2026-03-30 10:08:01](logger.py 179): fff = None
[2026-03-30 10:08:01](logger.py 179): gpu = 0
[2026-03-30 10:08:01](logger.py 179): gpus = None
[2026-03-30 10:08:01](logger.py 179): group = fashion_mnist_cifar10cfg_k20
[2026-03-30 10:08:01](logger.py 179): lr = 0.0003
[2026-03-30 10:08:01](logger.py 179): lr_schedule = cosine
[2026-03-30 10:08:01](logger.py 179): mixed_precision = True
[2026-03-30 10:08:01](logger.py 179): notes = None
[2026-03-30 10:08:01](logger.py 179): num_workers = 4
[2026-03-30 10:08:01](logger.py 179): optimizer = adam
[2026-03-30 10:08:01](logger.py 179): output_dir = ./experiments/deep_clustering/CC_FMNIST_C10CFG_K20_E100_DT_0_6
[2026-03-30 10:08:01](logger.py 179): preset = cc_cifar10
[2026-03-30 10:08:01](logger.py 179): proj_dim = 128
[2026-03-30 10:08:01](logger.py 179): project_name = deep_clustering
[2026-03-30 10:08:01](logger.py 179): resume = None
[2026-03-30 10:08:01](logger.py 179): run_id = None
[2026-03-30 10:08:01](logger.py 179): run_name = CC_FMNIST_C10CFG_K20_E100_DT_0_6
[2026-03-30 10:08:01](logger.py 179): seed = 0
[2026-03-30 10:08:01](logger.py 179): tags = None
[2026-03-30 10:08:01](logger.py 179): threshold_rate = 0.99
[2026-03-30 10:08:01](logger.py 179): wandb_mode = off
[2026-03-30 10:08:01](logger.py 179): weight_decay = 0.0
[2026-03-30 10:08:01](logger.py 179): 
[2026-03-30 10:08:02](logger.py 179): Loading data
[2026-03-30 10:08:04](logger.py 179): Loading model
/scratch/e0538389/DivClust/engine/trainer.py:19: FutureWarning: `torch.cuda.amp.GradScaler(args...)` is deprecated. Please use `torch.amp.GradScaler('cuda', args...)` instead.
  self.scaler = GradScaler()
[2026-03-30 10:08:05](logger.py 179): Mixed precision: ON
/scratch/e0538389/DivClust/engine/trainer.py:41: FutureWarning: `torch.cuda.amp.autocast(args...)` is deprecated. Please use `torch.amp.autocast('cuda', args...)` instead.
  with autocast(self.mixed_precision):
[2026-03-30 10:08:12](logger.py 179): id=CC_FMNIST_C10CFG_K20_E100_DT_0_6 | Ep. 0/100 - Step 0/273 (0.0 it/s) |                    | - loss_cc=6.102 - loss_ce=2.943 - loss_ne=0.00699 - loss_div=0.0 - threshold=1.0 - loss=9.052
/scratch/e0538389/DivClust/engine/trainer.py:41: FutureWarning: `torch.cuda.amp.autocast(args...)` is deprecated. Please use `torch.amp.autocast('cuda', args...)` instead.
  with autocast(self.mixed_precision):
/scratch/e0538389/DivClust/engine/trainer.py:41: FutureWarning: `torch.cuda.amp.autocast(args...)` is deprecated. Please use `torch.amp.autocast('cuda', args...)` instead.
  with autocast(self.mixed_precision):
[2026-03-30 10:08:23](logger.py 179): id=CC_FMNIST_C10CFG_K20_E100_DT_0_6 | Ep. 0/100 - Step 25/273 (2.31 it/s) |#                   | - loss_cc=5.649 - loss_ce=2.884 - loss_ne=0.00119 - loss_div=0.0 - threshold=1.0 - loss=8.534
/scratch/e0538389/DivClust/engine/trainer.py:41: FutureWarning: `torch.cuda.amp.autocast(args...)` is deprecated. Please use `torch.amp.autocast('cuda', args...)` instead.
  with autocast(self.mixed_precision):
[2026-03-30 10:08:34](logger.py 179): id=CC_FMNIST_C10CFG_K20_E100_DT_0_6 | Ep. 0/100 - Step 50/273 (2.35 it/s) |###                 | - loss_cc=5.503 - loss_ce=2.767 - loss_ne=0.00228 - loss_div=0.0 - threshold=1.0 - loss=8.272
/scratch/e0538389/DivClust/engine/trainer.py:41: FutureWarning: `torch.cuda.amp.autocast(args...)` is deprecated. Please use `torch.amp.autocast('cuda', args...)` instead.
  with autocast(self.mixed_precision):
[2026-03-30 10:08:44](logger.py 179): id=CC_FMNIST_C10CFG_K20_E100_DT_0_6 | Ep. 0/100 - Step 75/273 (2.36 it/s) |#####               | - loss_cc=5.415 - loss_ce=2.688 - loss_ne=0.00418 - loss_div=0.0 - threshold=0.998 - loss=8.107
/scratch/e0538389/DivClust/engine/trainer.py:41: FutureWarning: `torch.cuda.amp.autocast(args...)` is deprecated. Please use `torch.amp.autocast('cuda', args...)` instead.
  with autocast(self.mixed_precision):
[2026-03-30 10:08:55](logger.py 179): id=CC_FMNIST_C10CFG_K20_E100_DT_0_6 | Ep. 0/100 - Step 100/273 (2.35 it/s) |#######             | - loss_cc=5.354 - loss_ce=2.629 - loss_ne=0.00548 - loss_div=8.45e-05 - threshold=0.994 - loss=7.989
/scratch/e0538389/DivClust/engine/trainer.py:41: FutureWarning: `torch.cuda.amp.autocast(args...)` is deprecated. Please use `torch.amp.autocast('cuda', args...)` instead.
  with autocast(self.mixed_precision):
/scratch/e0538389/DivClust/engine/trainer.py:41: FutureWarning: `torch.cuda.amp.autocast(args...)` is deprecated. Please use `torch.amp.autocast('cuda', args...)` instead.
  with autocast(self.mixed_precision):
[2026-03-30 10:09:05](logger.py 179): id=CC_FMNIST_C10CFG_K20_E100_DT_0_6 | Ep. 0/100 - Step 125/273 (2.36 it/s) |#########           | - loss_cc=5.309 - loss_ce=2.583 - loss_ne=0.00734 - loss_div=0.000113 - threshold=0.989 - loss=7.9
/scratch/e0538389/DivClust/engine/trainer.py:41: FutureWarning: `torch.cuda.amp.autocast(args...)` is deprecated. Please use `torch.amp.autocast('cuda', args...)` instead.
  with autocast(self.mixed_precision):
[2026-03-30 10:09:16](logger.py 179): id=CC_FMNIST_C10CFG_K20_E100_DT_0_6 | Ep. 0/100 - Step 150/273 (2.37 it/s) |##########          | - loss_cc=5.276 - loss_ce=2.548 - loss_ne=0.00976 - loss_div=0.000117 - threshold=0.983 - loss=7.834
/scratch/e0538389/DivClust/engine/trainer.py:41: FutureWarning: `torch.cuda.amp.autocast(args...)` is deprecated. Please use `torch.amp.autocast('cuda', args...)` instead.
  with autocast(self.mixed_precision):
[2026-03-30 10:09:27](logger.py 179): id=CC_FMNIST_C10CFG_K20_E100_DT_0_6 | Ep. 0/100 - Step 175/273 (2.36 it/s) |############        | - loss_cc=5.245 - loss_ce=2.519 - loss_ne=0.0109 - loss_div=0.000136 - threshold=0.978 - loss=7.776
/scratch/e0538389/DivClust/engine/trainer.py:41: FutureWarning: `torch.cuda.amp.autocast(args...)` is deprecated. Please use `torch.amp.autocast('cuda', args...)` instead.
  with autocast(self.mixed_precision):
[2026-03-30 10:09:38](logger.py 179): id=CC_FMNIST_C10CFG_K20_E100_DT_0_6 | Ep. 0/100 - Step 200/273 (2.35 it/s) |##############      | - loss_cc=5.219 - loss_ce=2.496 - loss_ne=0.0117 - loss_div=0.000154 - threshold=0.972 - loss=7.726
/scratch/e0538389/DivClust/engine/trainer.py:41: FutureWarning: `torch.cuda.amp.autocast(args...)` is deprecated. Please use `torch.amp.autocast('cuda', args...)` instead.
  with autocast(self.mixed_precision):
/scratch/e0538389/DivClust/engine/trainer.py:41: FutureWarning: `torch.cuda.amp.autocast(args...)` is deprecated. Please use `torch.amp.autocast('cuda', args...)` instead.
  with autocast(self.mixed_precision):
[2026-03-30 10:09:48](logger.py 179): id=CC_FMNIST_C10CFG_K20_E100_DT_0_6 | Ep. 0/100 - Step 225/273 (2.34 it/s) |################    | - loss_cc=5.195 - loss_ce=2.475 - loss_ne=0.0125 - loss_div=0.000195 - threshold=0.967 - loss=7.683
/scratch/e0538389/DivClust/engine/trainer.py:41: FutureWarning: `torch.cuda.amp.autocast(args...)` is deprecated. Please use `torch.amp.autocast('cuda', args...)` instead.
  with autocast(self.mixed_precision):
[2026-03-30 10:09:59](logger.py 179): id=CC_FMNIST_C10CFG_K20_E100_DT_0_6 | Ep. 0/100 - Step 250/273 (2.34 it/s) |##################  | - loss_cc=5.175 - loss_ce=2.459 - loss_ne=0.013 - loss_div=0.000251 - threshold=0.961 - loss=7.648
/scratch/e0538389/DivClust/engine/trainer.py:41: FutureWarning: `torch.cuda.amp.autocast(args...)` is deprecated. Please use `torch.amp.autocast('cuda', args...)` instead.
  with autocast(self.mixed_precision):
[2026-03-30 10:10:08](logger.py 179): Evaluating
[2026-03-30 10:10:09](logger.py 179): Eval. step 0 of 274
[2026-03-30 10:10:12](logger.py 179): Eval. step 25 of 274
[2026-03-30 10:10:14](logger.py 179): Eval. step 50 of 274
[2026-03-30 10:10:17](logger.py 179): Eval. step 75 of 274
[2026-03-30 10:10:19](logger.py 179): Eval. step 100 of 274
[2026-03-30 10:10:21](logger.py 179): Eval. step 125 of 274
[2026-03-30 10:10:24](logger.py 179): Eval. step 150 of 274
[2026-03-30 10:10:26](logger.py 179): Eval. step 175 of 274
[2026-03-30 10:10:28](logger.py 179): Eval. step 200 of 274
[2026-03-30 10:10:31](logger.py 179): Eval. step 225 of 274
[2026-03-30 10:10:33](logger.py 179): Eval. step 250 of 274
[2026-03-30 10:10:37](logger.py 179): id=CC_FMNIST_C10CFG_K20_E100_DT_0_6 | Ep. 0/100 | Time: 00:02 | loss_cc=5.159 - loss_ce=2.446 - loss_ne=0.0138 - loss_div=0.000275 - threshold=0.956 - loss=7.619 - eval_confidence=0.635 - cluster_acc_0_eval=41.71 - cluster_nmi_0_eval=0.392 - cluster_ari_0_eval=0.253 - cluster_acc_1_eval=40.07 - cluster_nmi_1_eval=0.408 - cluster_ari_1_eval=0.267 - cluster_acc_2_eval=42.87 - cluster_nmi_2_eval=0.427 - cluster_ari_2_eval=0.287 - cluster_acc_3_eval=44.5 - cluster_nmi_3_eval=0.419 - cluster_ari_3_eval=0.279 - cluster_acc_4_eval=45.24 - cluster_nmi_4_eval=0.424 - cluster_ari_4_eval=0.291 - cluster_acc_5_eval=43.75 - cluster_nmi_5_eval=0.417 - cluster_ari_5_eval=0.284 - cluster_acc_6_eval=41.16 - cluster_nmi_6_eval=0.413 - cluster_ari_6_eval=0.278 - cluster_acc_7_eval=42.1 - cluster_nmi_7_eval=0.405 - cluster_ari_7_eval=0.257 - cluster_acc_8_eval=44.64 - cluster_nmi_8_eval=0.421 - cluster_ari_8_eval=0.289 - cluster_acc_9_eval=40.92 - cluster_nmi_9_eval=0.412 - cluster_ari_9_eval=0.264 - cluster_acc_10_eval=45.56 - cluster_nmi_10_eval=0.423 - cluster_ari_10_eval=0.3 - cluster_acc_11_eval=40.4 - cluster_nmi_11_eval=0.42 - cluster_ari_11_eval=0.259 - cluster_acc_12_eval=39.35 - cluster_nmi_12_eval=0.396 - cluster_ari_12_eval=0.262 - cluster_acc_13_eval=40.87 - cluster_nmi_13_eval=0.409 - cluster_ari_13_eval=0.263 - cluster_acc_14_eval=40.83 - cluster_nmi_14_eval=0.396 - cluster_ari_14_eval=0.255 - cluster_acc_15_eval=46.55 - cluster_nmi_15_eval=0.426 - cluster_ari_15_eval=0.285 - cluster_acc_16_eval=41.76 - cluster_nmi_16_eval=0.408 - cluster_ari_16_eval=0.274 - cluster_acc_17_eval=42.86 - cluster_nmi_17_eval=0.411 - cluster_ari_17_eval=0.273 - cluster_acc_18_eval=39.47 - cluster_nmi_18_eval=0.402 - cluster_ari_18_eval=0.263 - cluster_acc_19_eval=37.47 - cluster_nmi_19_eval=0.381 - cluster_ari_19_eval=0.226 - max_cluster_acc_eval=46.55 - mean_cluster_acc_eval=42.1 - min_cluster_acc_eval=37.47 - max_cluster_nmi_eval=0.427 - mean_cluster_nmi_eval=0.41 - min_cluster_nmi_eval=0.381 - max_cluster_ari_eval=0.3 - mean_cluster_ari_eval=0.27 - min_cluster_ari_eval=0.226 - interclustering_nmi_eval=0.631
/scratch/e0538389/DivClust/engine/trainer.py:41: FutureWarning: `torch.cuda.amp.autocast(args...)` is deprecated. Please use `torch.amp.autocast('cuda', args...)` instead.
  with autocast(self.mixed_precision):
[2026-03-30 10:10:39](logger.py 179): id=CC_FMNIST_C10CFG_K20_E100_DT_0_6 | Ep. 1/100 - Step 0/273 (0.0 it/s) |                    | - loss_cc=4.976 - loss_ce=2.296 - loss_ne=0.0219 - loss_div=0.000115 - threshold=0.895 - loss=7.293
/scratch/e0538389/DivClust/engine/trainer.py:41: FutureWarning: `torch.cuda.amp.autocast(args...)` is deprecated. Please use `torch.amp.autocast('cuda', args...)` instead.
  with autocast(self.mixed_precision):
[2026-03-30 10:10:50](logger.py 179): id=CC_FMNIST_C10CFG_K20_E100_DT_0_6 | Ep. 1/100 - Step 25/273 (2.35 it/s) |#                   | - loss_cc=4.962 - loss_ce=2.293 - loss_ne=0.0205 - loss_div=0.00055 - threshold=0.889 - loss=7.277
/scratch/e0538389/DivClust/engine/trainer.py:41: FutureWarning: `torch.cuda.amp.autocast(args...)` is deprecated. Please use `torch.amp.autocast('cuda', args...)` instead.
  with autocast(self.mixed_precision):
/scratch/e0538389/DivClust/engine/trainer.py:41: FutureWarning: `torch.cuda.amp.autocast(args...)` is deprecated. Please use `torch.amp.autocast('cuda', args...)` instead.
  with autocast(self.mixed_precision):
[2026-03-30 10:11:01](logger.py 179): id=CC_FMNIST_C10CFG_K20_E100_DT_0_6 | Ep. 1/100 - Step 50/273 (2.33 it/s) |###                 | - loss_cc=4.953 - loss_ce=2.289 - loss_ne=0.0217 - loss_div=0.000922 - threshold=0.883 - loss=7.265
/scratch/e0538389/DivClust/engine/trainer.py:41: FutureWarning: `torch.cuda.amp.autocast(args...)` is deprecated. Please use `torch.amp.autocast('cuda', args...)` instead.
  with autocast(self.mixed_precision):
[2026-03-30 10:11:11](logger.py 179): id=CC_FMNIST_C10CFG_K20_E100_DT_0_6 | Ep. 1/100 - Step 75/273 (2.33 it/s) |#####               | - loss_cc=4.946 - loss_ce=2.286 - loss_ne=0.0216 - loss_div=0.000934 - threshold=0.877 - loss=7.254
/scratch/e0538389/DivClust/engine/trainer.py:41: FutureWarning: `torch.cuda.amp.autocast(args...)` is deprecated. Please use `torch.amp.autocast('cuda', args...)` instead.
  with autocast(self.mixed_precision):
[2026-03-30 10:11:22](logger.py 179): id=CC_FMNIST_C10CFG_K20_E100_DT_0_6 | Ep. 1/100 - Step 100/273 (2.33 it/s) |#######             | - loss_cc=4.943 - loss_ce=2.285 - loss_ne=0.0226 - loss_div=0.00103 - threshold=0.872 - loss=7.251
/scratch/e0538389/DivClust/engine/trainer.py:41: FutureWarning: `torch.cuda.amp.autocast(args...)` is deprecated. Please use `torch.amp.autocast('cuda', args...)` instead.
  with autocast(self.mixed_precision):
[2026-03-30 10:11:33](logger.py 179): id=CC_FMNIST_C10CFG_K20_E100_DT_0_6 | Ep. 1/100 - Step 125/273 (2.34 it/s) |#########           | - loss_cc=4.937 - loss_ce=2.282 - loss_ne=0.0233 - loss_div=0.00111 - threshold=0.866 - loss=7.243
/scratch/e0538389/DivClust/engine/trainer.py:41: FutureWarning: `torch.cuda.amp.autocast(args...)` is deprecated. Please use `torch.amp.autocast('cuda', args...)` instead.
  with autocast(self.mixed_precision):
/scratch/e0538389/DivClust/engine/trainer.py:41: FutureWarning: `torch.cuda.amp.autocast(args...)` is deprecated. Please use `torch.amp.autocast('cuda', args...)` instead.
  with autocast(self.mixed_precision):
[2026-03-30 10:11:43](logger.py 179): id=CC_FMNIST_C10CFG_K20_E100_DT_0_6 | Ep. 1/100 - Step 150/273 (2.34 it/s) |##########          | - loss_cc=4.933 - loss_ce=2.28 - loss_ne=0.0233 - loss_div=0.00136 - threshold=0.861 - loss=7.237
/scratch/e0538389/DivClust/engine/trainer.py:41: FutureWarning: `torch.cuda.amp.autocast(args...)` is deprecated. Please use `torch.amp.autocast('cuda', args...)` instead.
  with autocast(self.mixed_precision):
[2026-03-30 10:11:54](logger.py 179): id=CC_FMNIST_C10CFG_K20_E100_DT_0_6 | Ep. 1/100 - Step 175/273 (2.35 it/s) |############        | - loss_cc=4.927 - loss_ce=2.279 - loss_ne=0.0236 - loss_div=0.00142 - threshold=0.856 - loss=7.231
/scratch/e0538389/DivClust/engine/trainer.py:41: FutureWarning: `torch.cuda.amp.autocast(args...)` is deprecated. Please use `torch.amp.autocast('cuda', args...)` instead.
  with autocast(self.mixed_precision):
[2026-03-30 10:12:04](logger.py 179): id=CC_FMNIST_C10CFG_K20_E100_DT_0_6 | Ep. 1/100 - Step 200/273 (2.35 it/s) |##############      | - loss_cc=4.923 - loss_ce=2.277 - loss_ne=0.0247 - loss_div=0.00162 - threshold=0.85 - loss=7.226
/scratch/e0538389/DivClust/engine/trainer.py:41: FutureWarning: `torch.cuda.amp.autocast(args...)` is deprecated. Please use `torch.amp.autocast('cuda', args...)` instead.
  with autocast(self.mixed_precision):
[2026-03-30 10:12:15](logger.py 179): id=CC_FMNIST_C10CFG_K20_E100_DT_0_6 | Ep. 1/100 - Step 225/273 (2.36 it/s) |################    | - loss_cc=4.918 - loss_ce=2.275 - loss_ne=0.0251 - loss_div=0.00155 - threshold=0.847 - loss=7.219
/scratch/e0538389/DivClust/engine/trainer.py:41: FutureWarning: `torch.cuda.amp.autocast(args...)` is deprecated. Please use `torch.amp.autocast('cuda', args...)` instead.
  with autocast(self.mixed_precision):
/scratch/e0538389/DivClust/engine/trainer.py:41: FutureWarning: `torch.cuda.amp.autocast(args...)` is deprecated. Please use `torch.amp.autocast('cuda', args...)` instead.
  with autocast(self.mixed_precision):
[2026-03-30 10:12:26](logger.py 179): id=CC_FMNIST_C10CFG_K20_E100_DT_0_6 | Ep. 1/100 - Step 250/273 (2.34 it/s) |##################  | - loss_cc=4.913 - loss_ce=2.273 - loss_ne=0.0252 - loss_div=0.00147 - threshold=0.844 - loss=7.212
/scratch/e0538389/DivClust/engine/trainer.py:41: FutureWarning: `torch.cuda.amp.autocast(args...)` is deprecated. Please use `torch.amp.autocast('cuda', args...)` instead.
  with autocast(self.mixed_precision):
[2026-03-30 10:12:35](logger.py 179): id=CC_FMNIST_C10CFG_K20_E100_DT_0_6 | Ep. 1/100 | Time: 00:01 | loss_cc=4.909 - loss_ce=2.271 - loss_ne=0.0251 - loss_div=0.00148 - threshold=0.842 - loss=7.206
[2026-03-30 10:12:38](logger.py 179): id=CC_FMNIST_C10CFG_K20_E100_DT_0_6 | Ep. 2/100 - Step 0/273 (0.0 it/s) |                    | - loss_cc=4.821 - loss_ce=2.232 - loss_ne=0.0499 - loss_div=0.00225 - threshold=0.81 - loss=7.105
/scratch/e0538389/DivClust/engine/trainer.py:41: FutureWarning: `torch.cuda.amp.autocast(args...)` is deprecated. Please use `torch.amp.autocast('cuda', args...)` instead.
  with autocast(self.mixed_precision):
[2026-03-30 10:12:49](logger.py 179): id=CC_FMNIST_C10CFG_K20_E100_DT_0_6 | Ep. 2/100 - Step 25/273 (2.32 it/s) |#                   | - loss_cc=4.842 - loss_ce=2.243 - loss_ne=0.0225 - loss_div=0.00111 - threshold=0.813 - loss=7.109
/scratch/e0538389/DivClust/engine/trainer.py:41: FutureWarning: `torch.cuda.amp.autocast(args...)` is deprecated. Please use `torch.amp.autocast('cuda', args...)` instead.
  with autocast(self.mixed_precision):
[2026-03-30 10:12:59](logger.py 179): id=CC_FMNIST_C10CFG_K20_E100_DT_0_6 | Ep. 2/100 - Step 50/273 (2.35 it/s) |###                 | - loss_cc=4.841 - loss_ce=2.242 - loss_ne=0.0213 - loss_div=0.000858 - threshold=0.818 - loss=7.105
/scratch/e0538389/DivClust/engine/trainer.py:41: FutureWarning: `torch.cuda.amp.autocast(args...)` is deprecated. Please use `torch.amp.autocast('cuda', args...)` instead.
  with autocast(self.mixed_precision):
/scratch/e0538389/DivClust/engine/trainer.py:41: FutureWarning: `torch.cuda.amp.autocast(args...)` is deprecated. Please use `torch.amp.autocast('cuda', args...)` instead.
  with autocast(self.mixed_precision):
[2026-03-30 10:13:10](logger.py 179): id=CC_FMNIST_C10CFG_K20_E100_DT_0_6 | Ep. 2/100 - Step 75/273 (2.35 it/s) |#####               | - loss_cc=4.843 - loss_ce=2.242 - loss_ne=0.0213 - loss_div=0.00106 - threshold=0.818 - loss=7.107
/scratch/e0538389/DivClust/engine/trainer.py:41: FutureWarning: `torch.cuda.amp.autocast(args...)` is deprecated. Please use `torch.amp.autocast('cuda', args...)` instead.
  with autocast(self.mixed_precision):
[2026-03-30 10:13:20](logger.py 179): id=CC_FMNIST_C10CFG_K20_E100_DT_0_6 | Ep. 2/100 - Step 100/273 (2.35 it/s) |#######             | - loss_cc=4.839 - loss_ce=2.24 - loss_ne=0.0217 - loss_div=0.0013 - threshold=0.815 - loss=7.101
/scratch/e0538389/DivClust/engine/trainer.py:41: FutureWarning: `torch.cuda.amp.autocast(args...)` is deprecated. Please use `torch.amp.autocast('cuda', args...)` instead.
  with autocast(self.mixed_precision):
[2026-03-30 10:13:31](logger.py 179): id=CC_FMNIST_C10CFG_K20_E100_DT_0_6 | Ep. 2/100 - Step 125/273 (2.36 it/s) |#########           | - loss_cc=4.836 - loss_ce=2.239 - loss_ne=0.0226 - loss_div=0.00125 - threshold=0.813 - loss=7.099
/scratch/e0538389/DivClust/engine/trainer.py:41: FutureWarning: `torch.cuda.amp.autocast(args...)` is deprecated. Please use `torch.amp.autocast('cuda', args...)` instead.
  with autocast(self.mixed_precision):
[2026-03-30 10:13:41](logger.py 179): id=CC_FMNIST_C10CFG_K20_E100_DT_0_6 | Ep. 2/100 - Step 150/273 (2.36 it/s) |##########          | - loss_cc=4.834 - loss_ce=2.238 - loss_ne=0.023 - loss_div=0.0011 - threshold=0.814 - loss=7.095
/scratch/e0538389/DivClust/engine/trainer.py:41: FutureWarning: `torch.cuda.amp.autocast(args...)` is deprecated. Please use `torch.amp.autocast('cuda', args...)` instead.
  with autocast(self.mixed_precision):
/scratch/e0538389/DivClust/engine/trainer.py:41: FutureWarning: `torch.cuda.amp.autocast(args...)` is deprecated. Please use `torch.amp.autocast('cuda', args...)` instead.
  with autocast(self.mixed_precision):
[2026-03-30 10:13:52](logger.py 179): id=CC_FMNIST_C10CFG_K20_E100_DT_0_6 | Ep. 2/100 - Step 175/273 (2.36 it/s) |############        | - loss_cc=4.832 - loss_ce=2.236 - loss_ne=0.0227 - loss_div=0.00104 - threshold=0.815 - loss=7.092
/scratch/e0538389/DivClust/engine/trainer.py:41: FutureWarning: `torch.cuda.amp.autocast(args...)` is deprecated. Please use `torch.amp.autocast('cuda', args...)` instead.
  with autocast(self.mixed_precision):
[2026-03-30 10:14:02](logger.py 179): id=CC_FMNIST_C10CFG_K20_E100_DT_0_6 | Ep. 2/100 - Step 200/273 (2.36 it/s) |##############      | - loss_cc=4.83 - loss_ce=2.235 - loss_ne=0.0227 - loss_div=0.00108 - threshold=0.815 - loss=7.089
/scratch/e0538389/DivClust/engine/trainer.py:41: FutureWarning: `torch.cuda.amp.autocast(args...)` is deprecated. Please use `torch.amp.autocast('cuda', args...)` instead.
  with autocast(self.mixed_precision):
[2026-03-30 10:14:13](logger.py 179): id=CC_FMNIST_C10CFG_K20_E100_DT_0_6 | Ep. 2/100 - Step 225/273 (2.36 it/s) |################    | - loss_cc=4.828 - loss_ce=2.234 - loss_ne=0.0231 - loss_div=0.001 - threshold=0.815 - loss=7.086
/scratch/e0538389/DivClust/engine/trainer.py:41: FutureWarning: `torch.cuda.amp.autocast(args...)` is deprecated. Please use `torch.amp.autocast('cuda', args...)` instead.
  with autocast(self.mixed_precision):
[2026-03-30 10:14:23](logger.py 179): id=CC_FMNIST_C10CFG_K20_E100_DT_0_6 | Ep. 2/100 - Step 250/273 (2.37 it/s) |##################  | - loss_cc=4.825 - loss_ce=2.233 - loss_ne=0.0228 - loss_div=0.00109 - threshold=0.815 - loss=7.081
/scratch/e0538389/DivClust/engine/trainer.py:41: FutureWarning: `torch.cuda.amp.autocast(args...)` is deprecated. Please use `torch.amp.autocast('cuda', args...)` instead.
  with autocast(self.mixed_precision):
[2026-03-30 10:14:33](logger.py 179): id=CC_FMNIST_C10CFG_K20_E100_DT_0_6 | Ep. 2/100 | Time: 00:01 | loss_cc=4.823 - loss_ce=2.232 - loss_ne=0.0228 - loss_div=0.00112 - threshold=0.814 - loss=7.079
[2026-03-30 10:14:35](logger.py 179): id=CC_FMNIST_C10CFG_K20_E100_DT_0_6 | Ep. 3/100 - Step 0/273 (0.0 it/s) |                    | - loss_cc=4.801 - loss_ce=2.212 - loss_ne=0.0168 - loss_div=0.00205 - threshold=0.801 - loss=7.032
/scratch/e0538389/DivClust/engine/trainer.py:41: FutureWarning: `torch.cuda.amp.autocast(args...)` is deprecated. Please use `torch.amp.autocast('cuda', args...)` instead.
  with autocast(self.mixed_precision):
/scratch/e0538389/DivClust/engine/trainer.py:41: FutureWarning: `torch.cuda.amp.autocast(args...)` is deprecated. Please use `torch.amp.autocast('cuda', args...)` instead.
  with autocast(self.mixed_precision):
[2026-03-30 10:14:45](logger.py 179): id=CC_FMNIST_C10CFG_K20_E100_DT_0_6 | Ep. 3/100 - Step 25/273 (2.33 it/s) |#                   | - loss_cc=4.805 - loss_ce=2.221 - loss_ne=0.0251 - loss_div=0.000515 - threshold=0.81 - loss=7.052
/scratch/e0538389/DivClust/engine/trainer.py:41: FutureWarning: `torch.cuda.amp.autocast(args...)` is deprecated. Please use `torch.amp.autocast('cuda', args...)` instead.
  with autocast(self.mixed_precision):
[2026-03-30 10:14:56](logger.py 179): id=CC_FMNIST_C10CFG_K20_E100_DT_0_6 | Ep. 3/100 - Step 50/273 (2.35 it/s) |###                 | - loss_cc=4.805 - loss_ce=2.22 - loss_ne=0.0239 - loss_div=0.000671 - threshold=0.812 - loss=7.049
/scratch/e0538389/DivClust/engine/trainer.py:41: FutureWarning: `torch.cuda.amp.autocast(args...)` is deprecated. Please use `torch.amp.autocast('cuda', args...)` instead.
  with autocast(self.mixed_precision):
[2026-03-30 10:15:06](logger.py 179): id=CC_FMNIST_C10CFG_K20_E100_DT_0_6 | Ep. 3/100 - Step 75/273 (2.36 it/s) |#####               | - loss_cc=4.799 - loss_ce=2.218 - loss_ne=0.023 - loss_div=0.00113 - threshold=0.809 - loss=7.041
/scratch/e0538389/DivClust/engine/trainer.py:41: FutureWarning: `torch.cuda.amp.autocast(args...)` is deprecated. Please use `torch.amp.autocast('cuda', args...)` instead.
  with autocast(self.mixed_precision):
[2026-03-30 10:15:17](logger.py 179): id=CC_FMNIST_C10CFG_K20_E100_DT_0_6 | Ep. 3/100 - Step 100/273 (2.35 it/s) |#######             | - loss_cc=4.796 - loss_ce=2.216 - loss_ne=0.023 - loss_div=0.00101 - threshold=0.809 - loss=7.036
/scratch/e0538389/DivClust/engine/trainer.py:41: FutureWarning: `torch.cuda.amp.autocast(args...)` is deprecated. Please use `torch.amp.autocast('cuda', args...)` instead.
  with autocast(self.mixed_precision):
/scratch/e0538389/DivClust/engine/trainer.py:41: FutureWarning: `torch.cuda.amp.autocast(args...)` is deprecated. Please use `torch.amp.autocast('cuda', args...)` instead.
  with autocast(self.mixed_precision):
[2026-03-30 10:15:28](logger.py 179): id=CC_FMNIST_C10CFG_K20_E100_DT_0_6 | Ep. 3/100 - Step 125/273 (2.33 it/s) |#########           | - loss_cc=4.794 - loss_ce=2.215 - loss_ne=0.0226 - loss_div=0.000943 - threshold=0.81 - loss=7.032
/scratch/e0538389/DivClust/engine/trainer.py:41: FutureWarning: `torch.cuda.amp.autocast(args...)` is deprecated. Please use `torch.amp.autocast('cuda', args...)` instead.
  with autocast(self.mixed_precision):
[2026-03-30 10:15:39](logger.py 179): id=CC_FMNIST_C10CFG_K20_E100_DT_0_6 | Ep. 3/100 - Step 150/273 (2.33 it/s) |##########          | - loss_cc=4.792 - loss_ce=2.215 - loss_ne=0.0224 - loss_div=0.00102 - threshold=0.809 - loss=7.031
/scratch/e0538389/DivClust/engine/trainer.py:41: FutureWarning: `torch.cuda.amp.autocast(args...)` is deprecated. Please use `torch.amp.autocast('cuda', args...)` instead.
  with autocast(self.mixed_precision):
[2026-03-30 10:15:50](logger.py 179): id=CC_FMNIST_C10CFG_K20_E100_DT_0_6 | Ep. 3/100 - Step 175/273 (2.33 it/s) |############        | - loss_cc=4.79 - loss_ce=2.214 - loss_ne=0.0225 - loss_div=0.000956 - threshold=0.809 - loss=7.027
/scratch/e0538389/DivClust/engine/trainer.py:41: FutureWarning: `torch.cuda.amp.autocast(args...)` is deprecated. Please use `torch.amp.autocast('cuda', args...)` instead.
  with autocast(self.mixed_precision):
[2026-03-30 10:16:01](logger.py 179): id=CC_FMNIST_C10CFG_K20_E100_DT_0_6 | Ep. 3/100 - Step 200/273 (2.33 it/s) |##############      | - loss_cc=4.788 - loss_ce=2.213 - loss_ne=0.0225 - loss_div=0.000876 - threshold=0.81 - loss=7.024
/scratch/e0538389/DivClust/engine/trainer.py:41: FutureWarning: `torch.cuda.amp.autocast(args...)` is deprecated. Please use `torch.amp.autocast('cuda', args...)` instead.
  with autocast(self.mixed_precision):
/scratch/e0538389/DivClust/engine/trainer.py:41: FutureWarning: `torch.cuda.amp.autocast(args...)` is deprecated. Please use `torch.amp.autocast('cuda', args...)` instead.
  with autocast(self.mixed_precision):
[2026-03-30 10:16:12](logger.py 179): id=CC_FMNIST_C10CFG_K20_E100_DT_0_6 | Ep. 3/100 - Step 225/273 (2.31 it/s) |################    | - loss_cc=4.786 - loss_ce=2.212 - loss_ne=0.0225 - loss_div=0.000969 - threshold=0.809 - loss=7.022
/scratch/e0538389/DivClust/engine/trainer.py:41: FutureWarning: `torch.cuda.amp.autocast(args...)` is deprecated. Please use `torch.amp.autocast('cuda', args...)` instead.
  with autocast(self.mixed_precision):
[2026-03-30 10:16:23](logger.py 179): id=CC_FMNIST_C10CFG_K20_E100_DT_0_6 | Ep. 3/100 - Step 250/273 (2.32 it/s) |##################  | - loss_cc=4.785 - loss_ce=2.211 - loss_ne=0.0227 - loss_div=0.000959 - threshold=0.809 - loss=7.02
/scratch/e0538389/DivClust/engine/trainer.py:41: FutureWarning: `torch.cuda.amp.autocast(args...)` is deprecated. Please use `torch.amp.autocast('cuda', args...)` instead.
  with autocast(self.mixed_precision):
[2026-03-30 10:16:32](logger.py 179): id=CC_FMNIST_C10CFG_K20_E100_DT_0_6 | Ep. 3/100 | Time: 00:01 | loss_cc=4.784 - loss_ce=2.21 - loss_ne=0.023 - loss_div=0.000899 - threshold=0.809 - loss=7.018
[2026-03-30 10:16:34](logger.py 179): id=CC_FMNIST_C10CFG_K20_E100_DT_0_6 | Ep. 4/100 - Step 0/273 (0.0 it/s) |                    | - loss_cc=4.821 - loss_ce=2.224 - loss_ne=0.023 - loss_div=0.0 - threshold=0.817 - loss=7.068
/scratch/e0538389/DivClust/engine/trainer.py:41: FutureWarning: `torch.cuda.amp.autocast(args...)` is deprecated. Please use `torch.amp.autocast('cuda', args...)` instead.
  with autocast(self.mixed_precision):
[2026-03-30 10:16:45](logger.py 179): id=CC_FMNIST_C10CFG_K20_E100_DT_0_6 | Ep. 4/100 - Step 25/273 (2.32 it/s) |#                   | - loss_cc=4.762 - loss_ce=2.2 - loss_ne=0.0247 - loss_div=0.000715 - threshold=0.811 - loss=6.987
/scratch/e0538389/DivClust/engine/trainer.py:41: FutureWarning: `torch.cuda.amp.autocast(args...)` is deprecated. Please use `torch.amp.autocast('cuda', args...)` instead.
  with autocast(self.mixed_precision):
/scratch/e0538389/DivClust/engine/trainer.py:41: FutureWarning: `torch.cuda.amp.autocast(args...)` is deprecated. Please use `torch.amp.autocast('cuda', args...)` instead.
  with autocast(self.mixed_precision):
[2026-03-30 10:16:56](logger.py 179): id=CC_FMNIST_C10CFG_K20_E100_DT_0_6 | Ep. 4/100 - Step 50/273 (2.28 it/s) |###                 | - loss_cc=4.762 - loss_ce=2.201 - loss_ne=0.0232 - loss_div=0.000446 - threshold=0.814 - loss=6.987
/scratch/e0538389/DivClust/engine/trainer.py:41: FutureWarning: `torch.cuda.amp.autocast(args...)` is deprecated. Please use `torch.amp.autocast('cuda', args...)` instead.
  with autocast(self.mixed_precision):
[2026-03-30 10:17:07](logger.py 179): id=CC_FMNIST_C10CFG_K20_E100_DT_0_6 | Ep. 4/100 - Step 75/273 (2.31 it/s) |#####               | - loss_cc=4.758 - loss_ce=2.199 - loss_ne=0.0231 - loss_div=0.000505 - threshold=0.817 - loss=6.98
/scratch/e0538389/DivClust/engine/trainer.py:41: FutureWarning: `torch.cuda.amp.autocast(args...)` is deprecated. Please use `torch.amp.autocast('cuda', args...)` instead.
  with autocast(self.mixed_precision):
[2026-03-30 10:17:17](logger.py 179): id=CC_FMNIST_C10CFG_K20_E100_DT_0_6 | Ep. 4/100 - Step 100/273 (2.33 it/s) |#######             | - loss_cc=4.758 - loss_ce=2.198 - loss_ne=0.0225 - loss_div=0.000736 - threshold=0.815 - loss=6.98
/scratch/e0538389/DivClust/engine/trainer.py:41: FutureWarning: `torch.cuda.amp.autocast(args...)` is deprecated. Please use `torch.amp.autocast('cuda', args...)` instead.
  with autocast(self.mixed_precision):
[2026-03-30 10:17:28](logger.py 179): id=CC_FMNIST_C10CFG_K20_E100_DT_0_6 | Ep. 4/100 - Step 125/273 (2.32 it/s) |#########           | - loss_cc=4.758 - loss_ce=2.198 - loss_ne=0.0224 - loss_div=0.000818 - threshold=0.813 - loss=6.979
/scratch/e0538389/DivClust/engine/trainer.py:41: FutureWarning: `torch.cuda.amp.autocast(args...)` is deprecated. Please use `torch.amp.autocast('cuda', args...)` instead.
  with autocast(self.mixed_precision):
/scratch/e0538389/DivClust/engine/trainer.py:41: FutureWarning: `torch.cuda.amp.autocast(args...)` is deprecated. Please use `torch.amp.autocast('cuda', args...)` instead.
  with autocast(self.mixed_precision):
[2026-03-30 10:17:39](logger.py 179): id=CC_FMNIST_C10CFG_K20_E100_DT_0_6 | Ep. 4/100 - Step 150/273 (2.32 it/s) |##########          | - loss_cc=4.757 - loss_ce=2.197 - loss_ne=0.0227 - loss_div=0.000783 - threshold=0.812 - loss=6.978
/scratch/e0538389/DivClust/engine/trainer.py:41: FutureWarning: `torch.cuda.amp.autocast(args...)` is deprecated. Please use `torch.amp.autocast('cuda', args...)` instead.
  with autocast(self.mixed_precision):
[2026-03-30 10:17:50](logger.py 179): id=CC_FMNIST_C10CFG_K20_E100_DT_0_6 | Ep. 4/100 - Step 175/273 (2.32 it/s) |############        | - loss_cc=4.753 - loss_ce=2.196 - loss_ne=0.0224 - loss_div=0.000792 - threshold=0.811 - loss=6.972
/scratch/e0538389/DivClust/engine/trainer.py:41: FutureWarning: `torch.cuda.amp.autocast(args...)` is deprecated. Please use `torch.amp.autocast('cuda', args...)` instead.
  with autocast(self.mixed_precision):
[2026-03-30 10:18:01](logger.py 179): id=CC_FMNIST_C10CFG_K20_E100_DT_0_6 | Ep. 4/100 - Step 200/273 (2.32 it/s) |##############      | - loss_cc=4.751 - loss_ce=2.195 - loss_ne=0.0226 - loss_div=0.000776 - threshold=0.81 - loss=6.97
/scratch/e0538389/DivClust/engine/trainer.py:41: FutureWarning: `torch.cuda.amp.autocast(args...)` is deprecated. Please use `torch.amp.autocast('cuda', args...)` instead.
  with autocast(self.mixed_precision):
[2026-03-30 10:18:11](logger.py 179): id=CC_FMNIST_C10CFG_K20_E100_DT_0_6 | Ep. 4/100 - Step 225/273 (2.32 it/s) |################    | - loss_cc=4.75 - loss_ce=2.194 - loss_ne=0.0225 - loss_div=0.000902 - threshold=0.808 - loss=6.968
/scratch/e0538389/DivClust/engine/trainer.py:41: FutureWarning: `torch.cuda.amp.autocast(args...)` is deprecated. Please use `torch.amp.autocast('cuda', args...)` instead.
  with autocast(self.mixed_precision):
/scratch/e0538389/DivClust/engine/trainer.py:41: FutureWarning: `torch.cuda.amp.autocast(args...)` is deprecated. Please use `torch.amp.autocast('cuda', args...)` instead.
  with autocast(self.mixed_precision):
[2026-03-30 10:18:22](logger.py 179): id=CC_FMNIST_C10CFG_K20_E100_DT_0_6 | Ep. 4/100 - Step 250/273 (2.32 it/s) |##################  | - loss_cc=4.749 - loss_ce=2.194 - loss_ne=0.0225 - loss_div=0.000837 - threshold=0.807 - loss=6.967
/scratch/e0538389/DivClust/engine/trainer.py:41: FutureWarning: `torch.cuda.amp.autocast(args...)` is deprecated. Please use `torch.amp.autocast('cuda', args...)` instead.
  with autocast(self.mixed_precision):
[2026-03-30 10:18:32](logger.py 179): id=CC_FMNIST_C10CFG_K20_E100_DT_0_6 | Ep. 4/100 | Time: 00:01 | loss_cc=4.749 - loss_ce=2.194 - loss_ne=0.0224 - loss_div=0.000798 - threshold=0.807 - loss=6.966
[2026-03-30 10:18:34](logger.py 179): id=CC_FMNIST_C10CFG_K20_E100_DT_0_6 | Ep. 5/100 - Step 0/273 (0.0 it/s) |                    | - loss_cc=4.719 - loss_ce=2.191 - loss_ne=0.0148 - loss_div=0.0 - threshold=0.816 - loss=6.924
/scratch/e0538389/DivClust/engine/trainer.py:41: FutureWarning: `torch.cuda.amp.autocast(args...)` is deprecated. Please use `torch.amp.autocast('cuda', args...)` instead.
  with autocast(self.mixed_precision):
[2026-03-30 10:18:45](logger.py 179): id=CC_FMNIST_C10CFG_K20_E100_DT_0_6 | Ep. 5/100 - Step 25/273 (2.31 it/s) |#                   | - loss_cc=4.744 - loss_ce=2.191 - loss_ne=0.0243 - loss_div=0.000193 - threshold=0.819 - loss=6.96
/scratch/e0538389/DivClust/engine/trainer.py:41: FutureWarning: `torch.cuda.amp.autocast(args...)` is deprecated. Please use `torch.amp.autocast('cuda', args...)` instead.
  with autocast(self.mixed_precision):
[2026-03-30 10:18:56](logger.py 179): id=CC_FMNIST_C10CFG_K20_E100_DT_0_6 | Ep. 5/100 - Step 50/273 (2.32 it/s) |###                 | - loss_cc=4.742 - loss_ce=2.189 - loss_ne=0.0246 - loss_div=0.000366 - threshold=0.819 - loss=6.956
/scratch/e0538389/DivClust/engine/trainer.py:41: FutureWarning: `torch.cuda.amp.autocast(args...)` is deprecated. Please use `torch.amp.autocast('cuda', args...)` instead.
  with autocast(self.mixed_precision):
[2026-03-30 10:19:07](logger.py 179): id=CC_FMNIST_C10CFG_K20_E100_DT_0_6 | Ep. 5/100 - Step 75/273 (2.29 it/s) |#####               | - loss_cc=4.737 - loss_ce=2.187 - loss_ne=0.0234 - loss_div=0.000648 - threshold=0.816 - loss=6.949
/scratch/e0538389/DivClust/engine/trainer.py:41: FutureWarning: `torch.cuda.amp.autocast(args...)` is deprecated. Please use `torch.amp.autocast('cuda', args...)` instead.
  with autocast(self.mixed_precision):
/scratch/e0538389/DivClust/engine/trainer.py:41: FutureWarning: `torch.cuda.amp.autocast(args...)` is deprecated. Please use `torch.amp.autocast('cuda', args...)` instead.
  with autocast(self.mixed_precision):
[2026-03-30 10:19:17](logger.py 179): id=CC_FMNIST_C10CFG_K20_E100_DT_0_6 | Ep. 5/100 - Step 100/273 (2.3 it/s) |#######             | - loss_cc=4.735 - loss_ce=2.186 - loss_ne=0.023 - loss_div=0.000902 - threshold=0.811 - loss=6.945
/scratch/e0538389/DivClust/engine/trainer.py:41: FutureWarning: `torch.cuda.amp.autocast(args...)` is deprecated. Please use `torch.amp.autocast('cuda', args...)` instead.
  with autocast(self.mixed_precision):
[2026-03-30 10:19:28](logger.py 179): id=CC_FMNIST_C10CFG_K20_E100_DT_0_6 | Ep. 5/100 - Step 125/273 (2.31 it/s) |#########           | - loss_cc=4.734 - loss_ce=2.186 - loss_ne=0.0229 - loss_div=0.000901 - threshold=0.808 - loss=6.945
/scratch/e0538389/DivClust/engine/trainer.py:41: FutureWarning: `torch.cuda.amp.autocast(args...)` is deprecated. Please use `torch.amp.autocast('cuda', args...)` instead.
  with autocast(self.mixed_precision):
[2026-03-30 10:19:39](logger.py 179): id=CC_FMNIST_C10CFG_K20_E100_DT_0_6 | Ep. 5/100 - Step 150/273 (2.32 it/s) |##########          | - loss_cc=4.733 - loss_ce=2.186 - loss_ne=0.0225 - loss_div=0.000936 - threshold=0.806 - loss=6.942
/scratch/e0538389/DivClust/engine/trainer.py:41: FutureWarning: `torch.cuda.amp.autocast(args...)` is deprecated. Please use `torch.amp.autocast('cuda', args...)` instead.
  with autocast(self.mixed_precision):
[2026-03-30 10:19:50](logger.py 179): id=CC_FMNIST_C10CFG_K20_E100_DT_0_6 | Ep. 5/100 - Step 175/273 (2.31 it/s) |############        | - loss_cc=4.733 - loss_ce=2.186 - loss_ne=0.0225 - loss_div=0.000975 - threshold=0.803 - loss=6.943
/scratch/e0538389/DivClust/engine/trainer.py:41: FutureWarning: `torch.cuda.amp.autocast(args...)` is deprecated. Please use `torch.amp.autocast('cuda', args...)` instead.
  with autocast(self.mixed_precision):
/scratch/e0538389/DivClust/engine/trainer.py:41: FutureWarning: `torch.cuda.amp.autocast(args...)` is deprecated. Please use `torch.amp.autocast('cuda', args...)` instead.
  with autocast(self.mixed_precision):
[2026-03-30 10:20:00](logger.py 179): id=CC_FMNIST_C10CFG_K20_E100_DT_0_6 | Ep. 5/100 - Step 200/273 (2.32 it/s) |##############      | - loss_cc=4.733 - loss_ce=2.186 - loss_ne=0.0224 - loss_div=0.000942 - threshold=0.802 - loss=6.942
/scratch/e0538389/DivClust/engine/trainer.py:41: FutureWarning: `torch.cuda.amp.autocast(args...)` is deprecated. Please use `torch.amp.autocast('cuda', args...)` instead.
  with autocast(self.mixed_precision):
[2026-03-30 10:20:11](logger.py 179): id=CC_FMNIST_C10CFG_K20_E100_DT_0_6 | Ep. 5/100 - Step 225/273 (2.33 it/s) |################    | - loss_cc=4.731 - loss_ce=2.185 - loss_ne=0.0224 - loss_div=0.000867 - threshold=0.802 - loss=6.939
/scratch/e0538389/DivClust/engine/trainer.py:41: FutureWarning: `torch.cuda.amp.autocast(args...)` is deprecated. Please use `torch.amp.autocast('cuda', args...)` instead.
  with autocast(self.mixed_precision):
[2026-03-30 10:20:21](logger.py 179): id=CC_FMNIST_C10CFG_K20_E100_DT_0_6 | Ep. 5/100 - Step 250/273 (2.33 it/s) |##################  | - loss_cc=4.731 - loss_ce=2.185 - loss_ne=0.0223 - loss_div=0.000791 - threshold=0.803 - loss=6.939
/scratch/e0538389/DivClust/engine/trainer.py:41: FutureWarning: `torch.cuda.amp.autocast(args...)` is deprecated. Please use `torch.amp.autocast('cuda', args...)` instead.
  with autocast(self.mixed_precision):
[2026-03-30 10:20:30](logger.py 179): id=CC_FMNIST_C10CFG_K20_E100_DT_0_6 | Ep. 5/100 | Time: 00:01 | loss_cc=4.731 - loss_ce=2.184 - loss_ne=0.022 - loss_div=0.000794 - threshold=0.803 - loss=6.938
[2026-03-30 10:20:33](logger.py 179): id=CC_FMNIST_C10CFG_K20_E100_DT_0_6 | Ep. 6/100 - Step 0/273 (0.0 it/s) |                    | - loss_cc=4.727 - loss_ce=2.175 - loss_ne=0.0281 - loss_div=0.00383 - threshold=0.807 - loss=6.934
/scratch/e0538389/DivClust/engine/trainer.py:41: FutureWarning: `torch.cuda.amp.autocast(args...)` is deprecated. Please use `torch.amp.autocast('cuda', args...)` instead.
  with autocast(self.mixed_precision):
/scratch/e0538389/DivClust/engine/trainer.py:41: FutureWarning: `torch.cuda.amp.autocast(args...)` is deprecated. Please use `torch.amp.autocast('cuda', args...)` instead.
  with autocast(self.mixed_precision):
[2026-03-30 10:20:44](logger.py 179): id=CC_FMNIST_C10CFG_K20_E100_DT_0_6 | Ep. 6/100 - Step 25/273 (2.22 it/s) |#                   | - loss_cc=4.726 - loss_ce=2.181 - loss_ne=0.0219 - loss_div=0.000985 - threshold=0.799 - loss=6.93
/scratch/e0538389/DivClust/engine/trainer.py:41: FutureWarning: `torch.cuda.amp.autocast(args...)` is deprecated. Please use `torch.amp.autocast('cuda', args...)` instead.
  with autocast(self.mixed_precision):
[2026-03-30 10:20:55](logger.py 179): id=CC_FMNIST_C10CFG_K20_E100_DT_0_6 | Ep. 6/100 - Step 50/273 (2.27 it/s) |###                 | - loss_cc=4.716 - loss_ce=2.178 - loss_ne=0.0225 - loss_div=0.000879 - threshold=0.796 - loss=6.917
/scratch/e0538389/DivClust/engine/trainer.py:41: FutureWarning: `torch.cuda.amp.autocast(args...)` is deprecated. Please use `torch.amp.autocast('cuda', args...)` instead.
  with autocast(self.mixed_precision):
[2026-03-30 10:21:05](logger.py 179): id=CC_FMNIST_C10CFG_K20_E100_DT_0_6 | Ep. 6/100 - Step 75/273 (2.29 it/s) |#####               | - loss_cc=4.72 - loss_ce=2.179 - loss_ne=0.0225 - loss_div=0.000685 - threshold=0.799 - loss=6.922
/scratch/e0538389/DivClust/engine/trainer.py:41: FutureWarning: `torch.cuda.amp.autocast(args...)` is deprecated. Please use `torch.amp.autocast('cuda', args...)` instead.
  with autocast(self.mixed_precision):
[2026-03-30 10:21:16](logger.py 179): id=CC_FMNIST_C10CFG_K20_E100_DT_0_6 | Ep. 6/100 - Step 100/273 (2.3 it/s) |#######             | - loss_cc=4.717 - loss_ce=2.178 - loss_ne=0.0225 - loss_div=0.000692 - threshold=0.799 - loss=6.918
/scratch/e0538389/DivClust/engine/trainer.py:41: FutureWarning: `torch.cuda.amp.autocast(args...)` is deprecated. Please use `torch.amp.autocast('cuda', args...)` instead.
  with autocast(self.mixed_precision):
/scratch/e0538389/DivClust/engine/trainer.py:41: FutureWarning: `torch.cuda.amp.autocast(args...)` is deprecated. Please use `torch.amp.autocast('cuda', args...)` instead.
  with autocast(self.mixed_precision):
[2026-03-30 10:21:27](logger.py 179): id=CC_FMNIST_C10CFG_K20_E100_DT_0_6 | Ep. 6/100 - Step 125/273 (2.28 it/s) |#########           | - loss_cc=4.716 - loss_ce=2.178 - loss_ne=0.0222 - loss_div=0.000835 - threshold=0.798 - loss=6.917
/scratch/e0538389/DivClust/engine/trainer.py:41: FutureWarning: `torch.cuda.amp.autocast(args...)` is deprecated. Please use `torch.amp.autocast('cuda', args...)` instead.
  with autocast(self.mixed_precision):
[2026-03-30 10:21:38](logger.py 179): id=CC_FMNIST_C10CFG_K20_E100_DT_0_6 | Ep. 6/100 - Step 150/273 (2.29 it/s) |##########          | - loss_cc=4.714 - loss_ce=2.178 - loss_ne=0.0221 - loss_div=0.000917 - threshold=0.796 - loss=6.915
/scratch/e0538389/DivClust/engine/trainer.py:41: FutureWarning: `torch.cuda.amp.autocast(args...)` is deprecated. Please use `torch.amp.autocast('cuda', args...)` instead.
  with autocast(self.mixed_precision):
[2026-03-30 10:21:49](logger.py 179): id=CC_FMNIST_C10CFG_K20_E100_DT_0_6 | Ep. 6/100 - Step 175/273 (2.29 it/s) |############        | - loss_cc=4.713 - loss_ce=2.177 - loss_ne=0.022 - loss_div=0.000824 - threshold=0.796 - loss=6.913
/scratch/e0538389/DivClust/engine/trainer.py:41: FutureWarning: `torch.cuda.amp.autocast(args...)` is deprecated. Please use `torch.amp.autocast('cuda', args...)` instead.
  with autocast(self.mixed_precision):
[2026-03-30 10:22:00](logger.py 179): id=CC_FMNIST_C10CFG_K20_E100_DT_0_6 | Ep. 6/100 - Step 200/273 (2.3 it/s) |##############      | - loss_cc=4.713 - loss_ce=2.177 - loss_ne=0.022 - loss_div=0.000756 - threshold=0.795 - loss=6.913
/scratch/e0538389/DivClust/engine/trainer.py:41: FutureWarning: `torch.cuda.amp.autocast(args...)` is deprecated. Please use `torch.amp.autocast('cuda', args...)` instead.
  with autocast(self.mixed_precision):
/scratch/e0538389/DivClust/engine/trainer.py:41: FutureWarning: `torch.cuda.amp.autocast(args...)` is deprecated. Please use `torch.amp.autocast('cuda', args...)` instead.
  with autocast(self.mixed_precision):
[2026-03-30 10:22:11](logger.py 179): id=CC_FMNIST_C10CFG_K20_E100_DT_0_6 | Ep. 6/100 - Step 225/273 (2.3 it/s) |################    | - loss_cc=4.712 - loss_ce=2.177 - loss_ne=0.0218 - loss_div=0.000858 - threshold=0.794 - loss=6.912
/scratch/e0538389/DivClust/engine/trainer.py:41: FutureWarning: `torch.cuda.amp.autocast(args...)` is deprecated. Please use `torch.amp.autocast('cuda', args...)` instead.
  with autocast(self.mixed_precision):
[2026-03-30 10:22:21](logger.py 179): id=CC_FMNIST_C10CFG_K20_E100_DT_0_6 | Ep. 6/100 - Step 250/273 (2.3 it/s) |##################  | - loss_cc=4.711 - loss_ce=2.176 - loss_ne=0.022 - loss_div=0.000791 - threshold=0.794 - loss=6.91
/scratch/e0538389/DivClust/engine/trainer.py:41: FutureWarning: `torch.cuda.amp.autocast(args...)` is deprecated. Please use `torch.amp.autocast('cuda', args...)` instead.
  with autocast(self.mixed_precision):
[2026-03-30 10:22:30](logger.py 179): id=CC_FMNIST_C10CFG_K20_E100_DT_0_6 | Ep. 6/100 | Time: 00:01 | loss_cc=4.709 - loss_ce=2.175 - loss_ne=0.0221 - loss_div=0.00076 - threshold=0.794 - loss=6.908
[2026-03-30 10:22:33](logger.py 179): id=CC_FMNIST_C10CFG_K20_E100_DT_0_6 | Ep. 7/100 - Step 0/273 (0.0 it/s) |                    | - loss_cc=4.695 - loss_ce=2.167 - loss_ne=0.023 - loss_div=0.000173 - threshold=0.791 - loss=6.886
/scratch/e0538389/DivClust/engine/trainer.py:41: FutureWarning: `torch.cuda.amp.autocast(args...)` is deprecated. Please use `torch.amp.autocast('cuda', args...)` instead.
  with autocast(self.mixed_precision):
[2026-03-30 10:22:44](logger.py 179): id=CC_FMNIST_C10CFG_K20_E100_DT_0_6 | Ep. 7/100 - Step 25/273 (2.31 it/s) |#                   | - loss_cc=4.706 - loss_ce=2.174 - loss_ne=0.0222 - loss_div=0.00113 - threshold=0.786 - loss=6.904
/scratch/e0538389/DivClust/engine/trainer.py:41: FutureWarning: `torch.cuda.amp.autocast(args...)` is deprecated. Please use `torch.amp.autocast('cuda', args...)` instead.
  with autocast(self.mixed_precision):
/scratch/e0538389/DivClust/engine/trainer.py:41: FutureWarning: `torch.cuda.amp.autocast(args...)` is deprecated. Please use `torch.amp.autocast('cuda', args...)` instead.
  with autocast(self.mixed_precision):
[2026-03-30 10:22:55](logger.py 179): id=CC_FMNIST_C10CFG_K20_E100_DT_0_6 | Ep. 7/100 - Step 50/273 (2.27 it/s) |###                 | - loss_cc=4.702 - loss_ce=2.173 - loss_ne=0.0224 - loss_div=0.000852 - threshold=0.788 - loss=6.898
/scratch/e0538389/DivClust/engine/trainer.py:41: FutureWarning: `torch.cuda.amp.autocast(args...)` is deprecated. Please use `torch.amp.autocast('cuda', args...)` instead.
  with autocast(self.mixed_precision):
[2026-03-30 10:23:05](logger.py 179): id=CC_FMNIST_C10CFG_K20_E100_DT_0_6 | Ep. 7/100 - Step 75/273 (2.31 it/s) |#####               | - loss_cc=4.702 - loss_ce=2.172 - loss_ne=0.0225 - loss_div=0.000781 - threshold=0.791 - loss=6.898
/scratch/e0538389/DivClust/engine/trainer.py:41: FutureWarning: `torch.cuda.amp.autocast(args...)` is deprecated. Please use `torch.amp.autocast('cuda', args...)` instead.
  with autocast(self.mixed_precision):
[2026-03-30 10:23:16](logger.py 179): id=CC_FMNIST_C10CFG_K20_E100_DT_0_6 | Ep. 7/100 - Step 100/273 (2.31 it/s) |#######             | - loss_cc=4.701 - loss_ce=2.172 - loss_ne=0.0228 - loss_div=0.000692 - threshold=0.792 - loss=6.897
/scratch/e0538389/DivClust/engine/trainer.py:41: FutureWarning: `torch.cuda.amp.autocast(args...)` is deprecated. Please use `torch.amp.autocast('cuda', args...)` instead.
  with autocast(self.mixed_precision):
[2026-03-30 10:23:27](logger.py 179): id=CC_FMNIST_C10CFG_K20_E100_DT_0_6 | Ep. 7/100 - Step 125/273 (2.32 it/s) |#########           | - loss_cc=4.7 - loss_ce=2.171 - loss_ne=0.0224 - loss_div=0.000711 - threshold=0.792 - loss=6.894
/scratch/e0538389/DivClust/engine/trainer.py:41: FutureWarning: `torch.cuda.amp.autocast(args...)` is deprecated. Please use `torch.amp.autocast('cuda', args...)` instead.
  with autocast(self.mixed_precision):
/scratch/e0538389/DivClust/engine/trainer.py:41: FutureWarning: `torch.cuda.amp.autocast(args...)` is deprecated. Please use `torch.amp.autocast('cuda', args...)` instead.
  with autocast(self.mixed_precision):
[2026-03-30 10:23:38](logger.py 179): id=CC_FMNIST_C10CFG_K20_E100_DT_0_6 | Ep. 7/100 - Step 150/273 (2.3 it/s) |##########          | - loss_cc=4.698 - loss_ce=2.171 - loss_ne=0.0221 - loss_div=0.000837 - threshold=0.791 - loss=6.892
/scratch/e0538389/DivClust/engine/trainer.py:41: FutureWarning: `torch.cuda.amp.autocast(args...)` is deprecated. Please use `torch.amp.autocast('cuda', args...)` instead.
  with autocast(self.mixed_precision):
[2026-03-30 10:23:49](logger.py 179): id=CC_FMNIST_C10CFG_K20_E100_DT_0_6 | Ep. 7/100 - Step 175/273 (2.31 it/s) |############        | - loss_cc=4.699 - loss_ce=2.171 - loss_ne=0.0221 - loss_div=0.000877 - threshold=0.789 - loss=6.893
/scratch/e0538389/DivClust/engine/trainer.py:41: FutureWarning: `torch.cuda.amp.autocast(args...)` is deprecated. Please use `torch.amp.autocast('cuda', args...)` instead.
  with autocast(self.mixed_precision):
[2026-03-30 10:23:59](logger.py 179): id=CC_FMNIST_C10CFG_K20_E100_DT_0_6 | Ep. 7/100 - Step 200/273 (2.32 it/s) |##############      | - loss_cc=4.698 - loss_ce=2.171 - loss_ne=0.0221 - loss_div=0.000836 - threshold=0.788 - loss=6.892
/scratch/e0538389/DivClust/engine/trainer.py:41: FutureWarning: `torch.cuda.amp.autocast(args...)` is deprecated. Please use `torch.amp.autocast('cuda', args...)` instead.
  with autocast(self.mixed_precision):
[2026-03-30 10:24:09](logger.py 179): id=CC_FMNIST_C10CFG_K20_E100_DT_0_6 | Ep. 7/100 - Step 225/273 (2.33 it/s) |################    | - loss_cc=4.698 - loss_ce=2.171 - loss_ne=0.0219 - loss_div=0.000802 - threshold=0.788 - loss=6.891
/scratch/e0538389/DivClust/engine/trainer.py:41: FutureWarning: `torch.cuda.amp.autocast(args...)` is deprecated. Please use `torch.amp.autocast('cuda', args...)` instead.
  with autocast(self.mixed_precision):
/scratch/e0538389/DivClust/engine/trainer.py:41: FutureWarning: `torch.cuda.amp.autocast(args...)` is deprecated. Please use `torch.amp.autocast('cuda', args...)` instead.
  with autocast(self.mixed_precision):
[2026-03-30 10:24:20](logger.py 179): id=CC_FMNIST_C10CFG_K20_E100_DT_0_6 | Ep. 7/100 - Step 250/273 (2.33 it/s) |##################  | - loss_cc=4.697 - loss_ce=2.171 - loss_ne=0.022 - loss_div=0.000861 - threshold=0.787 - loss=6.891
/scratch/e0538389/DivClust/engine/trainer.py:41: FutureWarning: `torch.cuda.amp.autocast(args...)` is deprecated. Please use `torch.amp.autocast('cuda', args...)` instead.
  with autocast(self.mixed_precision):
[2026-03-30 10:24:29](logger.py 179): id=CC_FMNIST_C10CFG_K20_E100_DT_0_6 | Ep. 7/100 | Time: 00:01 | loss_cc=4.697 - loss_ce=2.17 - loss_ne=0.022 - loss_div=0.000824 - threshold=0.787 - loss=6.89
[2026-03-30 10:24:31](logger.py 179): id=CC_FMNIST_C10CFG_K20_E100_DT_0_6 | Ep. 8/100 - Step 0/273 (0.0 it/s) |                    | - loss_cc=4.694 - loss_ce=2.166 - loss_ne=0.0187 - loss_div=0.0 - threshold=0.79 - loss=6.879
/scratch/e0538389/DivClust/engine/trainer.py:41: FutureWarning: `torch.cuda.amp.autocast(args...)` is deprecated. Please use `torch.amp.autocast('cuda', args...)` instead.
  with autocast(self.mixed_precision):
[2026-03-30 10:24:42](logger.py 179): id=CC_FMNIST_C10CFG_K20_E100_DT_0_6 | Ep. 8/100 - Step 25/273 (2.3 it/s) |#                   | - loss_cc=4.683 - loss_ce=2.164 - loss_ne=0.0188 - loss_div=0.000829 - threshold=0.787 - loss=6.866
/scratch/e0538389/DivClust/engine/trainer.py:41: FutureWarning: `torch.cuda.amp.autocast(args...)` is deprecated. Please use `torch.amp.autocast('cuda', args...)` instead.
  with autocast(self.mixed_precision):
[2026-03-30 10:24:53](logger.py 179): id=CC_FMNIST_C10CFG_K20_E100_DT_0_6 | Ep. 8/100 - Step 50/273 (2.31 it/s) |###                 | - loss_cc=4.683 - loss_ce=2.163 - loss_ne=0.0195 - loss_div=0.00101 - threshold=0.783 - loss=6.867
/scratch/e0538389/DivClust/engine/trainer.py:41: FutureWarning: `torch.cuda.amp.autocast(args...)` is deprecated. Please use `torch.amp.autocast('cuda', args...)` instead.
  with autocast(self.mixed_precision):
[2026-03-30 10:25:04](logger.py 179): id=CC_FMNIST_C10CFG_K20_E100_DT_0_6 | Ep. 8/100 - Step 75/273 (2.32 it/s) |#####               | - loss_cc=4.681 - loss_ce=2.163 - loss_ne=0.0204 - loss_div=0.000939 - threshold=0.782 - loss=6.865
/scratch/e0538389/DivClust/engine/trainer.py:41: FutureWarning: `torch.cuda.amp.autocast(args...)` is deprecated. Please use `torch.amp.autocast('cuda', args...)` instead.
  with autocast(self.mixed_precision):
/scratch/e0538389/DivClust/engine/trainer.py:41: FutureWarning: `torch.cuda.amp.autocast(args...)` is deprecated. Please use `torch.amp.autocast('cuda', args...)` instead.
  with autocast(self.mixed_precision):
[2026-03-30 10:25:15](logger.py 179): id=CC_FMNIST_C10CFG_K20_E100_DT_0_6 | Ep. 8/100 - Step 100/273 (2.29 it/s) |#######             | - loss_cc=4.683 - loss_ce=2.164 - loss_ne=0.0205 - loss_div=0.000956 - threshold=0.78 - loss=6.868
/scratch/e0538389/DivClust/engine/trainer.py:41: FutureWarning: `torch.cuda.amp.autocast(args...)` is deprecated. Please use `torch.amp.autocast('cuda', args...)` instead.
  with autocast(self.mixed_precision):
[2026-03-30 10:25:26](logger.py 179): id=CC_FMNIST_C10CFG_K20_E100_DT_0_6 | Ep. 8/100 - Step 125/273 (2.31 it/s) |#########           | - loss_cc=4.682 - loss_ce=2.164 - loss_ne=0.021 - loss_div=0.000787 - threshold=0.781 - loss=6.868
/scratch/e0538389/DivClust/engine/trainer.py:41: FutureWarning: `torch.cuda.amp.autocast(args...)` is deprecated. Please use `torch.amp.autocast('cuda', args...)` instead.
  with autocast(self.mixed_precision):
[2026-03-30 10:25:36](logger.py 179): id=CC_FMNIST_C10CFG_K20_E100_DT_0_6 | Ep. 8/100 - Step 150/273 (2.32 it/s) |##########          | - loss_cc=4.681 - loss_ce=2.163 - loss_ne=0.0211 - loss_div=0.000673 - threshold=0.784 - loss=6.866
/scratch/e0538389/DivClust/engine/trainer.py:41: FutureWarning: `torch.cuda.amp.autocast(args...)` is deprecated. Please use `torch.amp.autocast('cuda', args...)` instead.
  with autocast(self.mixed_precision):
[2026-03-30 10:25:47](logger.py 179): id=CC_FMNIST_C10CFG_K20_E100_DT_0_6 | Ep. 8/100 - Step 175/273 (2.32 it/s) |############        | - loss_cc=4.681 - loss_ce=2.163 - loss_ne=0.0212 - loss_div=0.000686 - threshold=0.785 - loss=6.866
/scratch/e0538389/DivClust/engine/trainer.py:41: FutureWarning: `torch.cuda.amp.autocast(args...)` is deprecated. Please use `torch.amp.autocast('cuda', args...)` instead.
  with autocast(self.mixed_precision):
/scratch/e0538389/DivClust/engine/trainer.py:41: FutureWarning: `torch.cuda.amp.autocast(args...)` is deprecated. Please use `torch.amp.autocast('cuda', args...)` instead.
  with autocast(self.mixed_precision):
[2026-03-30 10:25:58](logger.py 179): id=CC_FMNIST_C10CFG_K20_E100_DT_0_6 | Ep. 8/100 - Step 200/273 (2.31 it/s) |##############      | - loss_cc=4.68 - loss_ce=2.163 - loss_ne=0.0212 - loss_div=0.000842 - threshold=0.784 - loss=6.865
/scratch/e0538389/DivClust/engine/trainer.py:41: FutureWarning: `torch.cuda.amp.autocast(args...)` is deprecated. Please use `torch.amp.autocast('cuda', args...)` instead.
  with autocast(self.mixed_precision):
[2026-03-30 10:26:09](logger.py 179): id=CC_FMNIST_C10CFG_K20_E100_DT_0_6 | Ep. 8/100 - Step 225/273 (2.31 it/s) |################    | - loss_cc=4.68 - loss_ce=2.163 - loss_ne=0.0216 - loss_div=0.00085 - threshold=0.783 - loss=6.866
/scratch/e0538389/DivClust/engine/trainer.py:41: FutureWarning: `torch.cuda.amp.autocast(args...)` is deprecated. Please use `torch.amp.autocast('cuda', args...)` instead.
  with autocast(self.mixed_precision):
[2026-03-30 10:26:19](logger.py 179): id=CC_FMNIST_C10CFG_K20_E100_DT_0_6 | Ep. 8/100 - Step 250/273 (2.32 it/s) |##################  | - loss_cc=4.68 - loss_ce=2.163 - loss_ne=0.0218 - loss_div=0.000844 - threshold=0.783 - loss=6.866
/scratch/e0538389/DivClust/engine/trainer.py:41: FutureWarning: `torch.cuda.amp.autocast(args...)` is deprecated. Please use `torch.amp.autocast('cuda', args...)` instead.
  with autocast(self.mixed_precision):
[2026-03-30 10:26:29](logger.py 179): id=CC_FMNIST_C10CFG_K20_E100_DT_0_6 | Ep. 8/100 | Time: 00:01 | loss_cc=4.68 - loss_ce=2.163 - loss_ne=0.022 - loss_div=0.000797 - threshold=0.783 - loss=6.866
[2026-03-30 10:26:31](logger.py 179): id=CC_FMNIST_C10CFG_K20_E100_DT_0_6 | Ep. 9/100 - Step 0/273 (0.0 it/s) |                    | - loss_cc=4.655 - loss_ce=2.153 - loss_ne=0.0147 - loss_div=0.000348 - threshold=0.782 - loss=6.822
/scratch/e0538389/DivClust/engine/trainer.py:41: FutureWarning: `torch.cuda.amp.autocast(args...)` is deprecated. Please use `torch.amp.autocast('cuda', args...)` instead.
  with autocast(self.mixed_precision):
/scratch/e0538389/DivClust/engine/trainer.py:41: FutureWarning: `torch.cuda.amp.autocast(args...)` is deprecated. Please use `torch.amp.autocast('cuda', args...)` instead.
  with autocast(self.mixed_precision):
[2026-03-30 10:26:42](logger.py 179): id=CC_FMNIST_C10CFG_K20_E100_DT_0_6 | Ep. 9/100 - Step 25/273 (2.27 it/s) |#                   | - loss_cc=4.669 - loss_ce=2.159 - loss_ne=0.0183 - loss_div=0.000734 - threshold=0.788 - loss=6.847
/scratch/e0538389/DivClust/engine/trainer.py:41: FutureWarning: `torch.cuda.amp.autocast(args...)` is deprecated. Please use `torch.amp.autocast('cuda', args...)` instead.
  with autocast(self.mixed_precision):
[2026-03-30 10:26:53](logger.py 179): id=CC_FMNIST_C10CFG_K20_E100_DT_0_6 | Ep. 9/100 - Step 50/273 (2.29 it/s) |###                 | - loss_cc=4.671 - loss_ce=2.16 - loss_ne=0.0194 - loss_div=0.000896 - threshold=0.784 - loss=6.851
/scratch/e0538389/DivClust/engine/trainer.py:41: FutureWarning: `torch.cuda.amp.autocast(args...)` is deprecated. Please use `torch.amp.autocast('cuda', args...)` instead.
  with autocast(self.mixed_precision):
[2026-03-30 10:27:04](logger.py 179): id=CC_FMNIST_C10CFG_K20_E100_DT_0_6 | Ep. 9/100 - Step 75/273 (2.3 it/s) |#####               | - loss_cc=4.671 - loss_ce=2.161 - loss_ne=0.0196 - loss_div=0.0012 - threshold=0.779 - loss=6.852
/scratch/e0538389/DivClust/engine/trainer.py:41: FutureWarning: `torch.cuda.amp.autocast(args...)` is deprecated. Please use `torch.amp.autocast('cuda', args...)` instead.
  with autocast(self.mixed_precision):
[2026-03-30 10:27:15](logger.py 179): id=CC_FMNIST_C10CFG_K20_E100_DT_0_6 | Ep. 9/100 - Step 100/273 (2.31 it/s) |#######             | - loss_cc=4.674 - loss_ce=2.162 - loss_ne=0.0205 - loss_div=0.00107 - threshold=0.777 - loss=6.857
/scratch/e0538389/DivClust/engine/trainer.py:41: FutureWarning: `torch.cuda.amp.autocast(args...)` is deprecated. Please use `torch.amp.autocast('cuda', args...)` instead.
  with autocast(self.mixed_precision):
/scratch/e0538389/DivClust/engine/trainer.py:41: FutureWarning: `torch.cuda.amp.autocast(args...)` is deprecated. Please use `torch.amp.autocast('cuda', args...)` instead.
  with autocast(self.mixed_precision):
[2026-03-30 10:27:26](logger.py 179): id=CC_FMNIST_C10CFG_K20_E100_DT_0_6 | Ep. 9/100 - Step 125/273 (2.29 it/s) |#########           | - loss_cc=4.675 - loss_ce=2.162 - loss_ne=0.0215 - loss_div=0.0011 - threshold=0.775 - loss=6.86
/scratch/e0538389/DivClust/engine/trainer.py:41: FutureWarning: `torch.cuda.amp.autocast(args...)` is deprecated. Please use `torch.amp.autocast('cuda', args...)` instead.
  with autocast(self.mixed_precision):
[2026-03-30 10:27:37](logger.py 179): id=CC_FMNIST_C10CFG_K20_E100_DT_0_6 | Ep. 9/100 - Step 150/273 (2.29 it/s) |##########          | - loss_cc=4.676 - loss_ce=2.162 - loss_ne=0.0216 - loss_div=0.000973 - threshold=0.776 - loss=6.861
/scratch/e0538389/DivClust/engine/trainer.py:41: FutureWarning: `torch.cuda.amp.autocast(args...)` is deprecated. Please use `torch.amp.autocast('cuda', args...)` instead.
  with autocast(self.mixed_precision):
[2026-03-30 10:27:48](logger.py 179): id=CC_FMNIST_C10CFG_K20_E100_DT_0_6 | Ep. 9/100 - Step 175/273 (2.3 it/s) |############        | - loss_cc=4.674 - loss_ce=2.162 - loss_ne=0.0216 - loss_div=0.000857 - threshold=0.777 - loss=6.858
/scratch/e0538389/DivClust/engine/trainer.py:41: FutureWarning: `torch.cuda.amp.autocast(args...)` is deprecated. Please use `torch.amp.autocast('cuda', args...)` instead.
  with autocast(self.mixed_precision):
[2026-03-30 10:27:58](logger.py 179): id=CC_FMNIST_C10CFG_K20_E100_DT_0_6 | Ep. 9/100 - Step 200/273 (2.3 it/s) |##############      | - loss_cc=4.674 - loss_ce=2.162 - loss_ne=0.0215 - loss_div=0.000827 - threshold=0.778 - loss=6.857
/scratch/e0538389/DivClust/engine/trainer.py:41: FutureWarning: `torch.cuda.amp.autocast(args...)` is deprecated. Please use `torch.amp.autocast('cuda', args...)` instead.
  with autocast(self.mixed_precision):
/scratch/e0538389/DivClust/engine/trainer.py:41: FutureWarning: `torch.cuda.amp.autocast(args...)` is deprecated. Please use `torch.amp.autocast('cuda', args...)` instead.
  with autocast(self.mixed_precision):
[2026-03-30 10:28:09](logger.py 179): id=CC_FMNIST_C10CFG_K20_E100_DT_0_6 | Ep. 9/100 - Step 225/273 (2.3 it/s) |################    | - loss_cc=4.673 - loss_ce=2.161 - loss_ne=0.0216 - loss_div=0.000864 - threshold=0.778 - loss=6.857
/scratch/e0538389/DivClust/engine/trainer.py:41: FutureWarning: `torch.cuda.amp.autocast(args...)` is deprecated. Please use `torch.amp.autocast('cuda', args...)` instead.
  with autocast(self.mixed_precision):
[2026-03-30 10:28:20](logger.py 179): id=CC_FMNIST_C10CFG_K20_E100_DT_0_6 | Ep. 9/100 - Step 250/273 (2.3 it/s) |##################  | - loss_cc=4.673 - loss_ce=2.161 - loss_ne=0.0216 - loss_div=0.000827 - threshold=0.778 - loss=6.856
/scratch/e0538389/DivClust/engine/trainer.py:41: FutureWarning: `torch.cuda.amp.autocast(args...)` is deprecated. Please use `torch.amp.autocast('cuda', args...)` instead.
  with autocast(self.mixed_precision):
[2026-03-30 10:28:29](logger.py 179): id=CC_FMNIST_C10CFG_K20_E100_DT_0_6 | Ep. 9/100 | Time: 00:01 | loss_cc=4.672 - loss_ce=2.161 - loss_ne=0.0214 - loss_div=0.000931 - threshold=0.777 - loss=6.855
[2026-03-30 10:28:31](logger.py 179): id=CC_FMNIST_C10CFG_K20_E100_DT_0_6 | Ep. 10/100 - Step 0/273 (0.0 it/s) |                    | - loss_cc=4.676 - loss_ce=2.164 - loss_ne=0.0197 - loss_div=0.00231 - threshold=0.766 - loss=6.863
/scratch/e0538389/DivClust/engine/trainer.py:41: FutureWarning: `torch.cuda.amp.autocast(args...)` is deprecated. Please use `torch.amp.autocast('cuda', args...)` instead.
  with autocast(self.mixed_precision):
[2026-03-30 10:28:42](logger.py 179): id=CC_FMNIST_C10CFG_K20_E100_DT_0_6 | Ep. 10/100 - Step 25/273 (2.38 it/s) |#                   | - loss_cc=4.657 - loss_ce=2.155 - loss_ne=0.0203 - loss_div=0.000911 - threshold=0.771 - loss=6.833
/scratch/e0538389/DivClust/engine/trainer.py:41: FutureWarning: `torch.cuda.amp.autocast(args...)` is deprecated. Please use `torch.amp.autocast('cuda', args...)` instead.
  with autocast(self.mixed_precision):
[2026-03-30 10:28:53](logger.py 179): id=CC_FMNIST_C10CFG_K20_E100_DT_0_6 | Ep. 10/100 - Step 50/273 (2.35 it/s) |###                 | - loss_cc=4.66 - loss_ce=2.156 - loss_ne=0.0213 - loss_div=0.0011 - threshold=0.769 - loss=6.839
/scratch/e0538389/DivClust/engine/trainer.py:41: FutureWarning: `torch.cuda.amp.autocast(args...)` is deprecated. Please use `torch.amp.autocast('cuda', args...)` instead.
  with autocast(self.mixed_precision):
/scratch/e0538389/DivClust/engine/trainer.py:41: FutureWarning: `torch.cuda.amp.autocast(args...)` is deprecated. Please use `torch.amp.autocast('cuda', args...)` instead.
  with autocast(self.mixed_precision):
[2026-03-30 10:29:03](logger.py 179): id=CC_FMNIST_C10CFG_K20_E100_DT_0_6 | Ep. 10/100 - Step 75/273 (2.36 it/s) |#####               | - loss_cc=4.659 - loss_ce=2.156 - loss_ne=0.0217 - loss_div=0.00083 - threshold=0.771 - loss=6.837
/scratch/e0538389/DivClust/engine/trainer.py:41: FutureWarning: `torch.cuda.amp.autocast(args...)` is deprecated. Please use `torch.amp.autocast('cuda', args...)` instead.
  with autocast(self.mixed_precision):
[2026-03-30 10:29:14](logger.py 179): id=CC_FMNIST_C10CFG_K20_E100_DT_0_6 | Ep. 10/100 - Step 100/273 (2.37 it/s) |#######             | - loss_cc=4.658 - loss_ce=2.155 - loss_ne=0.0214 - loss_div=0.000761 - threshold=0.773 - loss=6.835
/scratch/e0538389/DivClust/engine/trainer.py:41: FutureWarning: `torch.cuda.amp.autocast(args...)` is deprecated. Please use `torch.amp.autocast('cuda', args...)` instead.
  with autocast(self.mixed_precision):
[2026-03-30 10:29:24](logger.py 179): id=CC_FMNIST_C10CFG_K20_E100_DT_0_6 | Ep. 10/100 - Step 125/273 (2.36 it/s) |#########           | - loss_cc=4.661 - loss_ce=2.156 - loss_ne=0.0219 - loss_div=0.000965 - threshold=0.772 - loss=6.84
/scratch/e0538389/DivClust/engine/trainer.py:41: FutureWarning: `torch.cuda.amp.autocast(args...)` is deprecated. Please use `torch.amp.autocast('cuda', args...)` instead.
  with autocast(self.mixed_precision):
[2026-03-30 10:29:35](logger.py 179): id=CC_FMNIST_C10CFG_K20_E100_DT_0_6 | Ep. 10/100 - Step 150/273 (2.34 it/s) |##########          | - loss_cc=4.661 - loss_ce=2.156 - loss_ne=0.0217 - loss_div=0.00112 - threshold=0.77 - loss=6.84
/scratch/e0538389/DivClust/engine/trainer.py:41: FutureWarning: `torch.cuda.amp.autocast(args...)` is deprecated. Please use `torch.amp.autocast('cuda', args...)` instead.
  with autocast(self.mixed_precision):
/scratch/e0538389/DivClust/engine/trainer.py:41: FutureWarning: `torch.cuda.amp.autocast(args...)` is deprecated. Please use `torch.amp.autocast('cuda', args...)` instead.
  with autocast(self.mixed_precision):
[2026-03-30 10:29:46](logger.py 179): id=CC_FMNIST_C10CFG_K20_E100_DT_0_6 | Ep. 10/100 - Step 175/273 (2.34 it/s) |############        | - loss_cc=4.661 - loss_ce=2.156 - loss_ne=0.0218 - loss_div=0.00105 - threshold=0.77 - loss=6.84
/scratch/e0538389/DivClust/engine/trainer.py:41: FutureWarning: `torch.cuda.amp.autocast(args...)` is deprecated. Please use `torch.amp.autocast('cuda', args...)` instead.
  with autocast(self.mixed_precision):
[2026-03-30 10:29:57](logger.py 179): id=CC_FMNIST_C10CFG_K20_E100_DT_0_6 | Ep. 10/100 - Step 200/273 (2.34 it/s) |##############      | - loss_cc=4.661 - loss_ce=2.156 - loss_ne=0.0217 - loss_div=0.000932 - threshold=0.77 - loss=6.84
/scratch/e0538389/DivClust/engine/trainer.py:41: FutureWarning: `torch.cuda.amp.autocast(args...)` is deprecated. Please use `torch.amp.autocast('cuda', args...)` instead.
  with autocast(self.mixed_precision):
[2026-03-30 10:30:08](logger.py 179): id=CC_FMNIST_C10CFG_K20_E100_DT_0_6 | Ep. 10/100 - Step 225/273 (2.34 it/s) |################    | - loss_cc=4.661 - loss_ce=2.156 - loss_ne=0.022 - loss_div=0.000947 - threshold=0.771 - loss=6.84
/scratch/e0538389/DivClust/engine/trainer.py:41: FutureWarning: `torch.cuda.amp.autocast(args...)` is deprecated. Please use `torch.amp.autocast('cuda', args...)` instead.
  with autocast(self.mixed_precision):
[2026-03-30 10:30:19](logger.py 179): id=CC_FMNIST_C10CFG_K20_E100_DT_0_6 | Ep. 10/100 - Step 250/273 (2.33 it/s) |##################  | - loss_cc=4.661 - loss_ce=2.156 - loss_ne=0.0221 - loss_div=0.00102 - threshold=0.771 - loss=6.84
/scratch/e0538389/DivClust/engine/trainer.py:41: FutureWarning: `torch.cuda.amp.autocast(args...)` is deprecated. Please use `torch.amp.autocast('cuda', args...)` instead.
  with autocast(self.mixed_precision):
/scratch/e0538389/DivClust/engine/trainer.py:41: FutureWarning: `torch.cuda.amp.autocast(args...)` is deprecated. Please use `torch.amp.autocast('cuda', args...)` instead.
  with autocast(self.mixed_precision):
[2026-03-30 10:30:28](logger.py 179): Evaluating
[2026-03-30 10:30:29](logger.py 179): Eval. step 0 of 274
[2026-03-30 10:30:31](logger.py 179): Eval. step 25 of 274
[2026-03-30 10:30:34](logger.py 179): Eval. step 50 of 274
[2026-03-30 10:30:36](logger.py 179): Eval. step 75 of 274
[2026-03-30 10:30:38](logger.py 179): Eval. step 100 of 274
[2026-03-30 10:30:41](logger.py 179): Eval. step 125 of 274
[2026-03-30 10:30:43](logger.py 179): Eval. step 150 of 274
[2026-03-30 10:30:45](logger.py 179): Eval. step 175 of 274
[2026-03-30 10:30:48](logger.py 179): Eval. step 200 of 274
[2026-03-30 10:30:50](logger.py 179): Eval. step 225 of 274
[2026-03-30 10:30:52](logger.py 179): Eval. step 250 of 274
[2026-03-30 10:30:56](logger.py 179): id=CC_FMNIST_C10CFG_K20_E100_DT_0_6 | Ep. 10/100 | Time: 00:02 | loss_cc=4.661 - loss_ce=2.156 - loss_ne=0.0221 - loss_div=0.00106 - threshold=0.77 - loss=6.84 - eval_confidence=0.85 - cluster_acc_0_eval=45.65 - cluster_nmi_0_eval=0.454 - cluster_ari_0_eval=0.3 - cluster_acc_1_eval=48.59 - cluster_nmi_1_eval=0.477 - cluster_ari_1_eval=0.322 - cluster_acc_2_eval=46.99 - cluster_nmi_2_eval=0.483 - cluster_ari_2_eval=0.336 - cluster_acc_3_eval=53.03 - cluster_nmi_3_eval=0.498 - cluster_ari_3_eval=0.365 - cluster_acc_4_eval=51.17 - cluster_nmi_4_eval=0.488 - cluster_ari_4_eval=0.343 - cluster_acc_5_eval=62.1 - cluster_nmi_5_eval=0.597 - cluster_ari_5_eval=0.491 - cluster_acc_6_eval=55.33 - cluster_nmi_6_eval=0.52 - cluster_ari_6_eval=0.395 - cluster_acc_7_eval=53.26 - cluster_nmi_7_eval=0.507 - cluster_ari_7_eval=0.369 - cluster_acc_8_eval=50.55 - cluster_nmi_8_eval=0.469 - cluster_ari_8_eval=0.342 - cluster_acc_9_eval=57.73 - cluster_nmi_9_eval=0.564 - cluster_ari_9_eval=0.44 - cluster_acc_10_eval=48.24 - cluster_nmi_10_eval=0.463 - cluster_ari_10_eval=0.312 - cluster_acc_11_eval=46.75 - cluster_nmi_11_eval=0.462 - cluster_ari_11_eval=0.325 - cluster_acc_12_eval=54.58 - cluster_nmi_12_eval=0.52 - cluster_ari_12_eval=0.389 - cluster_acc_13_eval=52.88 - cluster_nmi_13_eval=0.502 - cluster_ari_13_eval=0.371 - cluster_acc_14_eval=50.06 - cluster_nmi_14_eval=0.518 - cluster_ari_14_eval=0.357 - cluster_acc_15_eval=51.49 - cluster_nmi_15_eval=0.503 - cluster_ari_15_eval=0.352 - cluster_acc_16_eval=49.39 - cluster_nmi_16_eval=0.489 - cluster_ari_16_eval=0.367 - cluster_acc_17_eval=55.4 - cluster_nmi_17_eval=0.534 - cluster_ari_17_eval=0.402 - cluster_acc_18_eval=54.56 - cluster_nmi_18_eval=0.497 - cluster_ari_18_eval=0.366 - cluster_acc_19_eval=56.8 - cluster_nmi_19_eval=0.514 - cluster_ari_19_eval=0.39 - max_cluster_acc_eval=62.1 - mean_cluster_acc_eval=52.23 - min_cluster_acc_eval=45.65 - max_cluster_nmi_eval=0.597 - mean_cluster_nmi_eval=0.503 - min_cluster_nmi_eval=0.454 - max_cluster_ari_eval=0.491 - mean_cluster_ari_eval=0.367 - min_cluster_ari_eval=0.3 - interclustering_nmi_eval=0.602
/scratch/e0538389/DivClust/engine/trainer.py:41: FutureWarning: `torch.cuda.amp.autocast(args...)` is deprecated. Please use `torch.amp.autocast('cuda', args...)` instead.
  with autocast(self.mixed_precision):
[2026-03-30 10:30:58](logger.py 179): id=CC_FMNIST_C10CFG_K20_E100_DT_0_6 | Ep. 11/100 - Step 0/273 (0.0 it/s) |                    | - loss_cc=4.679 - loss_ce=2.163 - loss_ne=0.0177 - loss_div=6.21e-05 - threshold=0.765 - loss=6.86
/scratch/e0538389/DivClust/engine/trainer.py:41: FutureWarning: `torch.cuda.amp.autocast(args...)` is deprecated. Please use `torch.amp.autocast('cuda', args...)` instead.
  with autocast(self.mixed_precision):
[2026-03-30 10:31:09](logger.py 179): id=CC_FMNIST_C10CFG_K20_E100_DT_0_6 | Ep. 11/100 - Step 25/273 (2.31 it/s) |#                   | - loss_cc=4.663 - loss_ce=2.158 - loss_ne=0.0229 - loss_div=0.000329 - threshold=0.768 - loss=6.844
/scratch/e0538389/DivClust/engine/trainer.py:41: FutureWarning: `torch.cuda.amp.autocast(args...)` is deprecated. Please use `torch.amp.autocast('cuda', args...)` instead.
  with autocast(self.mixed_precision):
[2026-03-30 10:31:20](logger.py 179): id=CC_FMNIST_C10CFG_K20_E100_DT_0_6 | Ep. 11/100 - Step 50/273 (2.32 it/s) |###                 | - loss_cc=4.659 - loss_ce=2.155 - loss_ne=0.0221 - loss_div=0.000568 - threshold=0.768 - loss=6.837
/scratch/e0538389/DivClust/engine/trainer.py:41: FutureWarning: `torch.cuda.amp.autocast(args...)` is deprecated. Please use `torch.amp.autocast('cuda', args...)` instead.
  with autocast(self.mixed_precision):
[2026-03-30 10:31:30](logger.py 179): id=CC_FMNIST_C10CFG_K20_E100_DT_0_6 | Ep. 11/100 - Step 75/273 (2.34 it/s) |#####               | - loss_cc=4.66 - loss_ce=2.156 - loss_ne=0.0226 - loss_div=0.00104 - threshold=0.765 - loss=6.84
/scratch/e0538389/DivClust/engine/trainer.py:41: FutureWarning: `torch.cuda.amp.autocast(args...)` is deprecated. Please use `torch.amp.autocast('cuda', args...)` instead.
  with autocast(self.mixed_precision):
/scratch/e0538389/DivClust/engine/trainer.py:41: FutureWarning: `torch.cuda.amp.autocast(args...)` is deprecated. Please use `torch.amp.autocast('cuda', args...)` instead.
  with autocast(self.mixed_precision):
[2026-03-30 10:31:41](logger.py 179): id=CC_FMNIST_C10CFG_K20_E100_DT_0_6 | Ep. 11/100 - Step 100/273 (2.33 it/s) |#######             | - loss_cc=4.66 - loss_ce=2.156 - loss_ne=0.0227 - loss_div=0.000873 - threshold=0.766 - loss=6.84
/scratch/e0538389/DivClust/engine/trainer.py:41: FutureWarning: `torch.cuda.amp.autocast(args...)` is deprecated. Please use `torch.amp.autocast('cuda', args...)` instead.
  with autocast(self.mixed_precision):
[2026-03-30 10:31:52](logger.py 179): id=CC_FMNIST_C10CFG_K20_E100_DT_0_6 | Ep. 11/100 - Step 125/273 (2.34 it/s) |#########           | - loss_cc=4.66 - loss_ce=2.156 - loss_ne=0.0222 - loss_div=0.000726 - threshold=0.768 - loss=6.838
/scratch/e0538389/DivClust/engine/trainer.py:41: FutureWarning: `torch.cuda.amp.autocast(args...)` is deprecated. Please use `torch.amp.autocast('cuda', args...)` instead.
  with autocast(self.mixed_precision):
[2026-03-30 10:32:02](logger.py 179): id=CC_FMNIST_C10CFG_K20_E100_DT_0_6 | Ep. 11/100 - Step 150/273 (2.33 it/s) |##########          | - loss_cc=4.658 - loss_ce=2.156 - loss_ne=0.0219 - loss_div=0.00069 - threshold=0.769 - loss=6.836
/scratch/e0538389/DivClust/engine/trainer.py:41: FutureWarning: `torch.cuda.amp.autocast(args...)` is deprecated. Please use `torch.amp.autocast('cuda', args...)` instead.
  with autocast(self.mixed_precision):
[2026-03-30 10:32:13](logger.py 179): id=CC_FMNIST_C10CFG_K20_E100_DT_0_6 | Ep. 11/100 - Step 175/273 (2.33 it/s) |############        | - loss_cc=4.658 - loss_ce=2.155 - loss_ne=0.0222 - loss_div=0.000698 - threshold=0.77 - loss=6.836
/scratch/e0538389/DivClust/engine/trainer.py:41: FutureWarning: `torch.cuda.amp.autocast(args...)` is deprecated. Please use `torch.amp.autocast('cuda', args...)` instead.
  with autocast(self.mixed_precision):
/scratch/e0538389/DivClust/engine/trainer.py:41: FutureWarning: `torch.cuda.amp.autocast(args...)` is deprecated. Please use `torch.amp.autocast('cuda', args...)` instead.
  with autocast(self.mixed_precision):
[2026-03-30 10:32:24](logger.py 179): id=CC_FMNIST_C10CFG_K20_E100_DT_0_6 | Ep. 11/100 - Step 200/273 (2.33 it/s) |##############      | - loss_cc=4.657 - loss_ce=2.155 - loss_ne=0.022 - loss_div=0.000688 - threshold=0.771 - loss=6.835
/scratch/e0538389/DivClust/engine/trainer.py:41: FutureWarning: `torch.cuda.amp.autocast(args...)` is deprecated. Please use `torch.amp.autocast('cuda', args...)` instead.
  with autocast(self.mixed_precision):
[2026-03-30 10:32:35](logger.py 179): id=CC_FMNIST_C10CFG_K20_E100_DT_0_6 | Ep. 11/100 - Step 225/273 (2.34 it/s) |################    | - loss_cc=4.657 - loss_ce=2.155 - loss_ne=0.0219 - loss_div=0.000831 - threshold=0.77 - loss=6.834
/scratch/e0538389/DivClust/engine/trainer.py:41: FutureWarning: `torch.cuda.amp.autocast(args...)` is deprecated. Please use `torch.amp.autocast('cuda', args...)` instead.
  with autocast(self.mixed_precision):
[2026-03-30 10:32:45](logger.py 179): id=CC_FMNIST_C10CFG_K20_E100_DT_0_6 | Ep. 11/100 - Step 250/273 (2.34 it/s) |##################  | - loss_cc=4.656 - loss_ce=2.155 - loss_ne=0.0222 - loss_div=0.00087 - threshold=0.769 - loss=6.835
/scratch/e0538389/DivClust/engine/trainer.py:41: FutureWarning: `torch.cuda.amp.autocast(args...)` is deprecated. Please use `torch.amp.autocast('cuda', args...)` instead.
  with autocast(self.mixed_precision):
[2026-03-30 10:32:55](logger.py 179): id=CC_FMNIST_C10CFG_K20_E100_DT_0_6 | Ep. 11/100 | Time: 00:01 | loss_cc=4.656 - loss_ce=2.155 - loss_ne=0.0222 - loss_div=0.000813 - threshold=0.769 - loss=6.834
[2026-03-30 10:32:57](logger.py 179): id=CC_FMNIST_C10CFG_K20_E100_DT_0_6 | Ep. 12/100 - Step 0/273 (0.0 it/s) |                    | - loss_cc=4.67 - loss_ce=2.159 - loss_ne=0.0101 - loss_div=0.0 - threshold=0.773 - loss=6.839
/scratch/e0538389/DivClust/engine/trainer.py:41: FutureWarning: `torch.cuda.amp.autocast(args...)` is deprecated. Please use `torch.amp.autocast('cuda', args...)` instead.
  with autocast(self.mixed_precision):
/scratch/e0538389/DivClust/engine/trainer.py:41: FutureWarning: `torch.cuda.amp.autocast(args...)` is deprecated. Please use `torch.amp.autocast('cuda', args...)` instead.
  with autocast(self.mixed_precision):
[2026-03-30 10:33:08](logger.py 179): id=CC_FMNIST_C10CFG_K20_E100_DT_0_6 | Ep. 12/100 - Step 25/273 (2.33 it/s) |#                   | - loss_cc=4.658 - loss_ce=2.154 - loss_ne=0.0219 - loss_div=0.00115 - threshold=0.765 - loss=6.835
/scratch/e0538389/DivClust/engine/trainer.py:41: FutureWarning: `torch.cuda.amp.autocast(args...)` is deprecated. Please use `torch.amp.autocast('cuda', args...)` instead.
  with autocast(self.mixed_precision):
[2026-03-30 10:33:18](logger.py 179): id=CC_FMNIST_C10CFG_K20_E100_DT_0_6 | Ep. 12/100 - Step 50/273 (2.33 it/s) |###                 | - loss_cc=4.656 - loss_ce=2.155 - loss_ne=0.0207 - loss_div=0.000998 - threshold=0.762 - loss=6.833
/scratch/e0538389/DivClust/engine/trainer.py:41: FutureWarning: `torch.cuda.amp.autocast(args...)` is deprecated. Please use `torch.amp.autocast('cuda', args...)` instead.
  with autocast(self.mixed_precision):
[2026-03-30 10:33:29](logger.py 179): id=CC_FMNIST_C10CFG_K20_E100_DT_0_6 | Ep. 12/100 - Step 75/273 (2.35 it/s) |#####               | - loss_cc=4.656 - loss_ce=2.154 - loss_ne=0.0216 - loss_div=0.000936 - threshold=0.764 - loss=6.833
/scratch/e0538389/DivClust/engine/trainer.py:41: FutureWarning: `torch.cuda.amp.autocast(args...)` is deprecated. Please use `torch.amp.autocast('cuda', args...)` instead.
  with autocast(self.mixed_precision):
[2026-03-30 10:33:40](logger.py 179): id=CC_FMNIST_C10CFG_K20_E100_DT_0_6 | Ep. 12/100 - Step 100/273 (2.34 it/s) |#######             | - loss_cc=4.655 - loss_ce=2.154 - loss_ne=0.021 - loss_div=0.000935 - threshold=0.765 - loss=6.831
/scratch/e0538389/DivClust/engine/trainer.py:41: FutureWarning: `torch.cuda.amp.autocast(args...)` is deprecated. Please use `torch.amp.autocast('cuda', args...)` instead.
  with autocast(self.mixed_precision):
/scratch/e0538389/DivClust/engine/trainer.py:41: FutureWarning: `torch.cuda.amp.autocast(args...)` is deprecated. Please use `torch.amp.autocast('cuda', args...)` instead.
  with autocast(self.mixed_precision):
[2026-03-30 10:33:51](logger.py 179): id=CC_FMNIST_C10CFG_K20_E100_DT_0_6 | Ep. 12/100 - Step 125/273 (2.32 it/s) |#########           | - loss_cc=4.653 - loss_ce=2.153 - loss_ne=0.0209 - loss_div=0.00106 - threshold=0.764 - loss=6.828
/scratch/e0538389/DivClust/engine/trainer.py:41: FutureWarning: `torch.cuda.amp.autocast(args...)` is deprecated. Please use `torch.amp.autocast('cuda', args...)` instead.
  with autocast(self.mixed_precision):
[2026-03-30 10:34:02](logger.py 179): id=CC_FMNIST_C10CFG_K20_E100_DT_0_6 | Ep. 12/100 - Step 150/273 (2.32 it/s) |##########          | - loss_cc=4.652 - loss_ce=2.153 - loss_ne=0.0208 - loss_div=0.000929 - threshold=0.764 - loss=6.827
/scratch/e0538389/DivClust/engine/trainer.py:41: FutureWarning: `torch.cuda.amp.autocast(args...)` is deprecated. Please use `torch.amp.autocast('cuda', args...)` instead.
  with autocast(self.mixed_precision):
[2026-03-30 10:34:12](logger.py 179): id=CC_FMNIST_C10CFG_K20_E100_DT_0_6 | Ep. 12/100 - Step 175/273 (2.33 it/s) |############        | - loss_cc=4.652 - loss_ce=2.153 - loss_ne=0.0203 - loss_div=0.000814 - threshold=0.766 - loss=6.825
/scratch/e0538389/DivClust/engine/trainer.py:41: FutureWarning: `torch.cuda.amp.autocast(args...)` is deprecated. Please use `torch.amp.autocast('cuda', args...)` instead.
  with autocast(self.mixed_precision):
[2026-03-30 10:34:23](logger.py 179): id=CC_FMNIST_C10CFG_K20_E100_DT_0_6 | Ep. 12/100 - Step 200/273 (2.33 it/s) |##############      | - loss_cc=4.651 - loss_ce=2.152 - loss_ne=0.0202 - loss_div=0.000747 - threshold=0.767 - loss=6.824
/scratch/e0538389/DivClust/engine/trainer.py:41: FutureWarning: `torch.cuda.amp.autocast(args...)` is deprecated. Please use `torch.amp.autocast('cuda', args...)` instead.
  with autocast(self.mixed_precision):
/scratch/e0538389/DivClust/engine/trainer.py:41: FutureWarning: `torch.cuda.amp.autocast(args...)` is deprecated. Please use `torch.amp.autocast('cuda', args...)` instead.
  with autocast(self.mixed_precision):
[2026-03-30 10:34:33](logger.py 179): id=CC_FMNIST_C10CFG_K20_E100_DT_0_6 | Ep. 12/100 - Step 225/273 (2.33 it/s) |################    | - loss_cc=4.65 - loss_ce=2.152 - loss_ne=0.0203 - loss_div=0.000816 - threshold=0.767 - loss=6.823
/scratch/e0538389/DivClust/engine/trainer.py:41: FutureWarning: `torch.cuda.amp.autocast(args...)` is deprecated. Please use `torch.amp.autocast('cuda', args...)` instead.
  with autocast(self.mixed_precision):
[2026-03-30 10:34:44](logger.py 179): id=CC_FMNIST_C10CFG_K20_E100_DT_0_6 | Ep. 12/100 - Step 250/273 (2.33 it/s) |##################  | - loss_cc=4.65 - loss_ce=2.152 - loss_ne=0.0201 - loss_div=0.000847 - threshold=0.766 - loss=6.823
/scratch/e0538389/DivClust/engine/trainer.py:41: FutureWarning: `torch.cuda.amp.autocast(args...)` is deprecated. Please use `torch.amp.autocast('cuda', args...)` instead.
  with autocast(self.mixed_precision):
[2026-03-30 10:34:53](logger.py 179): id=CC_FMNIST_C10CFG_K20_E100_DT_0_6 | Ep. 12/100 | Time: 00:01 | loss_cc=4.649 - loss_ce=2.152 - loss_ne=0.0201 - loss_div=0.00079 - threshold=0.766 - loss=6.821
[2026-03-30 10:34:55](logger.py 179): id=CC_FMNIST_C10CFG_K20_E100_DT_0_6 | Ep. 13/100 - Step 0/273 (0.0 it/s) |                    | - loss_cc=4.664 - loss_ce=2.155 - loss_ne=0.026 - loss_div=0.0 - threshold=0.772 - loss=6.845
/scratch/e0538389/DivClust/engine/trainer.py:41: FutureWarning: `torch.cuda.amp.autocast(args...)` is deprecated. Please use `torch.amp.autocast('cuda', args...)` instead.
  with autocast(self.mixed_precision):
[2026-03-30 10:35:06](logger.py 179): id=CC_FMNIST_C10CFG_K20_E100_DT_0_6 | Ep. 13/100 - Step 25/273 (2.29 it/s) |#                   | - loss_cc=4.637 - loss_ce=2.148 - loss_ne=0.0217 - loss_div=0.000511 - threshold=0.768 - loss=6.807
/scratch/e0538389/DivClust/engine/trainer.py:41: FutureWarning: `torch.cuda.amp.autocast(args...)` is deprecated. Please use `torch.amp.autocast('cuda', args...)` instead.
  with autocast(self.mixed_precision):
[2026-03-30 10:35:17](logger.py 179): id=CC_FMNIST_C10CFG_K20_E100_DT_0_6 | Ep. 13/100 - Step 50/273 (2.34 it/s) |###                 | - loss_cc=4.64 - loss_ce=2.148 - loss_ne=0.0212 - loss_div=0.000953 - threshold=0.763 - loss=6.81
/scratch/e0538389/DivClust/engine/trainer.py:41: FutureWarning: `torch.cuda.amp.autocast(args...)` is deprecated. Please use `torch.amp.autocast('cuda', args...)` instead.
  with autocast(self.mixed_precision):
/scratch/e0538389/DivClust/engine/trainer.py:41: FutureWarning: `torch.cuda.amp.autocast(args...)` is deprecated. Please use `torch.amp.autocast('cuda', args...)` instead.
  with autocast(self.mixed_precision):
[2026-03-30 10:35:28](logger.py 179): id=CC_FMNIST_C10CFG_K20_E100_DT_0_6 | Ep. 13/100 - Step 75/273 (2.33 it/s) |#####               | - loss_cc=4.64 - loss_ce=2.149 - loss_ne=0.022 - loss_div=0.00146 - threshold=0.759 - loss=6.813
/scratch/e0538389/DivClust/engine/trainer.py:41: FutureWarning: `torch.cuda.amp.autocast(args...)` is deprecated. Please use `torch.amp.autocast('cuda', args...)` instead.
  with autocast(self.mixed_precision):
[2026-03-30 10:35:38](logger.py 179): id=CC_FMNIST_C10CFG_K20_E100_DT_0_6 | Ep. 13/100 - Step 100/273 (2.33 it/s) |#######             | - loss_cc=4.64 - loss_ce=2.149 - loss_ne=0.0219 - loss_div=0.00122 - threshold=0.759 - loss=6.812
/scratch/e0538389/DivClust/engine/trainer.py:41: FutureWarning: `torch.cuda.amp.autocast(args...)` is deprecated. Please use `torch.amp.autocast('cuda', args...)` instead.
  with autocast(self.mixed_precision):
[2026-03-30 10:35:49](logger.py 179): id=CC_FMNIST_C10CFG_K20_E100_DT_0_6 | Ep. 13/100 - Step 125/273 (2.33 it/s) |#########           | - loss_cc=4.64 - loss_ce=2.149 - loss_ne=0.0214 - loss_div=0.00103 - threshold=0.761 - loss=6.811
/scratch/e0538389/DivClust/engine/trainer.py:41: FutureWarning: `torch.cuda.amp.autocast(args...)` is deprecated. Please use `torch.amp.autocast('cuda', args...)` instead.
  with autocast(self.mixed_precision):
[2026-03-30 10:36:00](logger.py 179): id=CC_FMNIST_C10CFG_K20_E100_DT_0_6 | Ep. 13/100 - Step 150/273 (2.33 it/s) |##########          | - loss_cc=4.641 - loss_ce=2.149 - loss_ne=0.0216 - loss_div=0.00104 - threshold=0.762 - loss=6.812
/scratch/e0538389/DivClust/engine/trainer.py:41: FutureWarning: `torch.cuda.amp.autocast(args...)` is deprecated. Please use `torch.amp.autocast('cuda', args...)` instead.
  with autocast(self.mixed_precision):
/scratch/e0538389/DivClust/engine/trainer.py:41: FutureWarning: `torch.cuda.amp.autocast(args...)` is deprecated. Please use `torch.amp.autocast('cuda', args...)` instead.
  with autocast(self.mixed_precision):
[2026-03-30 10:36:11](logger.py 179): id=CC_FMNIST_C10CFG_K20_E100_DT_0_6 | Ep. 13/100 - Step 175/273 (2.32 it/s) |############        | - loss_cc=4.641 - loss_ce=2.149 - loss_ne=0.0217 - loss_div=0.00107 - threshold=0.761 - loss=6.813
/scratch/e0538389/DivClust/engine/trainer.py:41: FutureWarning: `torch.cuda.amp.autocast(args...)` is deprecated. Please use `torch.amp.autocast('cuda', args...)` instead.
  with autocast(self.mixed_precision):
[2026-03-30 10:36:22](logger.py 179): id=CC_FMNIST_C10CFG_K20_E100_DT_0_6 | Ep. 13/100 - Step 200/273 (2.32 it/s) |##############      | - loss_cc=4.641 - loss_ce=2.149 - loss_ne=0.0216 - loss_div=0.00096 - threshold=0.762 - loss=6.813
/scratch/e0538389/DivClust/engine/trainer.py:41: FutureWarning: `torch.cuda.amp.autocast(args...)` is deprecated. Please use `torch.amp.autocast('cuda', args...)` instead.
  with autocast(self.mixed_precision):
[2026-03-30 10:36:32](logger.py 179): id=CC_FMNIST_C10CFG_K20_E100_DT_0_6 | Ep. 13/100 - Step 225/273 (2.33 it/s) |################    | - loss_cc=4.64 - loss_ce=2.148 - loss_ne=0.0215 - loss_div=0.000922 - threshold=0.762 - loss=6.811
/scratch/e0538389/DivClust/engine/trainer.py:41: FutureWarning: `torch.cuda.amp.autocast(args...)` is deprecated. Please use `torch.amp.autocast('cuda', args...)` instead.
  with autocast(self.mixed_precision):
[2026-03-30 10:36:43](logger.py 179): id=CC_FMNIST_C10CFG_K20_E100_DT_0_6 | Ep. 13/100 - Step 250/273 (2.33 it/s) |##################  | - loss_cc=4.639 - loss_ce=2.148 - loss_ne=0.0213 - loss_div=0.00103 - threshold=0.762 - loss=6.81
/scratch/e0538389/DivClust/engine/trainer.py:41: FutureWarning: `torch.cuda.amp.autocast(args...)` is deprecated. Please use `torch.amp.autocast('cuda', args...)` instead.
  with autocast(self.mixed_precision):
/scratch/e0538389/DivClust/engine/trainer.py:41: FutureWarning: `torch.cuda.amp.autocast(args...)` is deprecated. Please use `torch.amp.autocast('cuda', args...)` instead.
  with autocast(self.mixed_precision):
[2026-03-30 10:36:53](logger.py 179): id=CC_FMNIST_C10CFG_K20_E100_DT_0_6 | Ep. 13/100 | Time: 00:01 | loss_cc=4.639 - loss_ce=2.148 - loss_ne=0.0215 - loss_div=0.00106 - threshold=0.761 - loss=6.81
[2026-03-30 10:36:55](logger.py 179): id=CC_FMNIST_C10CFG_K20_E100_DT_0_6 | Ep. 14/100 - Step 0/273 (0.0 it/s) |                    | - loss_cc=4.63 - loss_ce=2.148 - loss_ne=0.0139 - loss_div=8.1e-05 - threshold=0.756 - loss=6.791
/scratch/e0538389/DivClust/engine/trainer.py:41: FutureWarning: `torch.cuda.amp.autocast(args...)` is deprecated. Please use `torch.amp.autocast('cuda', args...)` instead.
  with autocast(self.mixed_precision):
[2026-03-30 10:37:05](logger.py 179): id=CC_FMNIST_C10CFG_K20_E100_DT_0_6 | Ep. 14/100 - Step 25/273 (2.39 it/s) |#                   | - loss_cc=4.641 - loss_ce=2.149 - loss_ne=0.0198 - loss_div=0.000319 - threshold=0.759 - loss=6.81
/scratch/e0538389/DivClust/engine/trainer.py:41: FutureWarning: `torch.cuda.amp.autocast(args...)` is deprecated. Please use `torch.amp.autocast('cuda', args...)` instead.
  with autocast(self.mixed_precision):
[2026-03-30 10:37:16](logger.py 179): id=CC_FMNIST_C10CFG_K20_E100_DT_0_6 | Ep. 14/100 - Step 50/273 (2.37 it/s) |###                 | - loss_cc=4.639 - loss_ce=2.149 - loss_ne=0.0186 - loss_div=0.000269 - threshold=0.763 - loss=6.807
/scratch/e0538389/DivClust/engine/trainer.py:41: FutureWarning: `torch.cuda.amp.autocast(args...)` is deprecated. Please use `torch.amp.autocast('cuda', args...)` instead.
  with autocast(self.mixed_precision):
[2026-03-30 10:37:26](logger.py 179): id=CC_FMNIST_C10CFG_K20_E100_DT_0_6 | Ep. 14/100 - Step 75/273 (2.37 it/s) |#####               | - loss_cc=4.637 - loss_ce=2.147 - loss_ne=0.0209 - loss_div=0.000408 - threshold=0.764 - loss=6.804
/scratch/e0538389/DivClust/engine/trainer.py:41: FutureWarning: `torch.cuda.amp.autocast(args...)` is deprecated. Please use `torch.amp.autocast('cuda', args...)` instead.
  with autocast(self.mixed_precision):
/scratch/e0538389/DivClust/engine/trainer.py:41: FutureWarning: `torch.cuda.amp.autocast(args...)` is deprecated. Please use `torch.amp.autocast('cuda', args...)` instead.
  with autocast(self.mixed_precision):
[2026-03-30 10:37:38](logger.py 179): id=CC_FMNIST_C10CFG_K20_E100_DT_0_6 | Ep. 14/100 - Step 100/273 (2.34 it/s) |#######             | - loss_cc=4.635 - loss_ce=2.146 - loss_ne=0.0205 - loss_div=0.000459 - threshold=0.762 - loss=6.803
/scratch/e0538389/DivClust/engine/trainer.py:41: FutureWarning: `torch.cuda.amp.autocast(args...)` is deprecated. Please use `torch.amp.autocast('cuda', args...)` instead.
  with autocast(self.mixed_precision):
[2026-03-30 10:37:48](logger.py 179): id=CC_FMNIST_C10CFG_K20_E100_DT_0_6 | Ep. 14/100 - Step 125/273 (2.33 it/s) |#########           | - loss_cc=4.635 - loss_ce=2.146 - loss_ne=0.0202 - loss_div=0.000513 - threshold=0.762 - loss=6.802
/scratch/e0538389/DivClust/engine/trainer.py:41: FutureWarning: `torch.cuda.amp.autocast(args...)` is deprecated. Please use `torch.amp.autocast('cuda', args...)` instead.
  with autocast(self.mixed_precision):
[2026-03-30 10:37:59](logger.py 179): id=CC_FMNIST_C10CFG_K20_E100_DT_0_6 | Ep. 14/100 - Step 150/273 (2.33 it/s) |##########          | - loss_cc=4.634 - loss_ce=2.146 - loss_ne=0.0203 - loss_div=0.00065 - threshold=0.76 - loss=6.8
/scratch/e0538389/DivClust/engine/trainer.py:41: FutureWarning: `torch.cuda.amp.autocast(args...)` is deprecated. Please use `torch.amp.autocast('cuda', args...)` instead.
  with autocast(self.mixed_precision):
[2026-03-30 10:38:10](logger.py 179): id=CC_FMNIST_C10CFG_K20_E100_DT_0_6 | Ep. 14/100 - Step 175/273 (2.33 it/s) |############        | - loss_cc=4.634 - loss_ce=2.146 - loss_ne=0.02 - loss_div=0.000672 - threshold=0.76 - loss=6.801
/scratch/e0538389/DivClust/engine/trainer.py:41: FutureWarning: `torch.cuda.amp.autocast(args...)` is deprecated. Please use `torch.amp.autocast('cuda', args...)` instead.
  with autocast(self.mixed_precision):
/scratch/e0538389/DivClust/engine/trainer.py:41: FutureWarning: `torch.cuda.amp.autocast(args...)` is deprecated. Please use `torch.amp.autocast('cuda', args...)` instead.
  with autocast(self.mixed_precision):
[2026-03-30 10:38:21](logger.py 179): id=CC_FMNIST_C10CFG_K20_E100_DT_0_6 | Ep. 14/100 - Step 200/273 (2.32 it/s) |##############      | - loss_cc=4.634 - loss_ce=2.146 - loss_ne=0.0199 - loss_div=0.000702 - threshold=0.76 - loss=6.801
/scratch/e0538389/DivClust/engine/trainer.py:41: FutureWarning: `torch.cuda.amp.autocast(args...)` is deprecated. Please use `torch.amp.autocast('cuda', args...)` instead.
  with autocast(self.mixed_precision):
[2026-03-30 10:38:32](logger.py 179): id=CC_FMNIST_C10CFG_K20_E100_DT_0_6 | Ep. 14/100 - Step 225/273 (2.32 it/s) |################    | - loss_cc=4.635 - loss_ce=2.146 - loss_ne=0.02 - loss_div=0.000744 - threshold=0.76 - loss=6.802
/scratch/e0538389/DivClust/engine/trainer.py:41: FutureWarning: `torch.cuda.amp.autocast(args...)` is deprecated. Please use `torch.amp.autocast('cuda', args...)` instead.
  with autocast(self.mixed_precision):
[2026-03-30 10:38:43](logger.py 179): id=CC_FMNIST_C10CFG_K20_E100_DT_0_6 | Ep. 14/100 - Step 250/273 (2.32 it/s) |##################  | - loss_cc=4.634 - loss_ce=2.146 - loss_ne=0.0201 - loss_div=0.000718 - threshold=0.76 - loss=6.801
/scratch/e0538389/DivClust/engine/trainer.py:41: FutureWarning: `torch.cuda.amp.autocast(args...)` is deprecated. Please use `torch.amp.autocast('cuda', args...)` instead.
  with autocast(self.mixed_precision):
[2026-03-30 10:38:52](logger.py 179): id=CC_FMNIST_C10CFG_K20_E100_DT_0_6 | Ep. 14/100 | Time: 00:01 | loss_cc=4.635 - loss_ce=2.146 - loss_ne=0.0203 - loss_div=0.000702 - threshold=0.76 - loss=6.802
[2026-03-30 10:38:54](logger.py 179): id=CC_FMNIST_C10CFG_K20_E100_DT_0_6 | Ep. 15/100 - Step 0/273 (0.0 it/s) |                    | - loss_cc=4.699 - loss_ce=2.162 - loss_ne=0.0189 - loss_div=0.00027 - threshold=0.763 - loss=6.88
/scratch/e0538389/DivClust/engine/trainer.py:41: FutureWarning: `torch.cuda.amp.autocast(args...)` is deprecated. Please use `torch.amp.autocast('cuda', args...)` instead.
  with autocast(self.mixed_precision):
[2026-03-30 10:39:05](logger.py 179): id=CC_FMNIST_C10CFG_K20_E100_DT_0_6 | Ep. 15/100 - Step 25/273 (2.25 it/s) |#                   | - loss_cc=4.632 - loss_ce=2.145 - loss_ne=0.021 - loss_div=0.000267 - threshold=0.769 - loss=6.798
/scratch/e0538389/DivClust/engine/trainer.py:41: FutureWarning: `torch.cuda.amp.autocast(args...)` is deprecated. Please use `torch.amp.autocast('cuda', args...)` instead.
  with autocast(self.mixed_precision):
/scratch/e0538389/DivClust/engine/trainer.py:41: FutureWarning: `torch.cuda.amp.autocast(args...)` is deprecated. Please use `torch.amp.autocast('cuda', args...)` instead.
  with autocast(self.mixed_precision):
[2026-03-30 10:39:16](logger.py 179): id=CC_FMNIST_C10CFG_K20_E100_DT_0_6 | Ep. 15/100 - Step 50/273 (2.29 it/s) |###                 | - loss_cc=4.629 - loss_ce=2.144 - loss_ne=0.0201 - loss_div=0.0007 - threshold=0.765 - loss=6.794
/scratch/e0538389/DivClust/engine/trainer.py:41: FutureWarning: `torch.cuda.amp.autocast(args...)` is deprecated. Please use `torch.amp.autocast('cuda', args...)` instead.
  with autocast(self.mixed_precision):
[2026-03-30 10:39:27](logger.py 179): id=CC_FMNIST_C10CFG_K20_E100_DT_0_6 | Ep. 15/100 - Step 75/273 (2.3 it/s) |#####               | - loss_cc=4.629 - loss_ce=2.145 - loss_ne=0.0208 - loss_div=0.000965 - threshold=0.761 - loss=6.796
/scratch/e0538389/DivClust/engine/trainer.py:41: FutureWarning: `torch.cuda.amp.autocast(args...)` is deprecated. Please use `torch.amp.autocast('cuda', args...)` instead.
  with autocast(self.mixed_precision):
[2026-03-30 10:39:38](logger.py 179): id=CC_FMNIST_C10CFG_K20_E100_DT_0_6 | Ep. 15/100 - Step 100/273 (2.3 it/s) |#######             | - loss_cc=4.627 - loss_ce=2.144 - loss_ne=0.0215 - loss_div=0.00089 - threshold=0.759 - loss=6.793
/scratch/e0538389/DivClust/engine/trainer.py:41: FutureWarning: `torch.cuda.amp.autocast(args...)` is deprecated. Please use `torch.amp.autocast('cuda', args...)` instead.
  with autocast(self.mixed_precision):
[2026-03-30 10:39:49](logger.py 179): id=CC_FMNIST_C10CFG_K20_E100_DT_0_6 | Ep. 15/100 - Step 125/273 (2.3 it/s) |#########           | - loss_cc=4.627 - loss_ce=2.144 - loss_ne=0.0214 - loss_div=0.000736 - threshold=0.76 - loss=6.793
/scratch/e0538389/DivClust/engine/trainer.py:41: FutureWarning: `torch.cuda.amp.autocast(args...)` is deprecated. Please use `torch.amp.autocast('cuda', args...)` instead.
  with autocast(self.mixed_precision):
/scratch/e0538389/DivClust/engine/trainer.py:41: FutureWarning: `torch.cuda.amp.autocast(args...)` is deprecated. Please use `torch.amp.autocast('cuda', args...)` instead.
  with autocast(self.mixed_precision):
[2026-03-30 10:39:59](logger.py 179): id=CC_FMNIST_C10CFG_K20_E100_DT_0_6 | Ep. 15/100 - Step 150/273 (2.32 it/s) |##########          | - loss_cc=4.629 - loss_ce=2.144 - loss_ne=0.0215 - loss_div=0.000811 - threshold=0.759 - loss=6.795
/scratch/e0538389/DivClust/engine/trainer.py:41: FutureWarning: `torch.cuda.amp.autocast(args...)` is deprecated. Please use `torch.amp.autocast('cuda', args...)` instead.
  with autocast(self.mixed_precision):
[2026-03-30 10:40:10](logger.py 179): id=CC_FMNIST_C10CFG_K20_E100_DT_0_6 | Ep. 15/100 - Step 175/273 (2.32 it/s) |############        | - loss_cc=4.63 - loss_ce=2.145 - loss_ne=0.0214 - loss_div=0.000875 - threshold=0.757 - loss=6.797
/scratch/e0538389/DivClust/engine/trainer.py:41: FutureWarning: `torch.cuda.amp.autocast(args...)` is deprecated. Please use `torch.amp.autocast('cuda', args...)` instead.
  with autocast(self.mixed_precision):
[2026-03-30 10:40:21](logger.py 179): id=CC_FMNIST_C10CFG_K20_E100_DT_0_6 | Ep. 15/100 - Step 200/273 (2.32 it/s) |##############      | - loss_cc=4.629 - loss_ce=2.144 - loss_ne=0.0211 - loss_div=0.0008 - threshold=0.758 - loss=6.795
/scratch/e0538389/DivClust/engine/trainer.py:41: FutureWarning: `torch.cuda.amp.autocast(args...)` is deprecated. Please use `torch.amp.autocast('cuda', args...)` instead.
  with autocast(self.mixed_precision):
[2026-03-30 10:40:32](logger.py 179): id=CC_FMNIST_C10CFG_K20_E100_DT_0_6 | Ep. 15/100 - Step 225/273 (2.31 it/s) |################    | - loss_cc=4.629 - loss_ce=2.144 - loss_ne=0.0213 - loss_div=0.00079 - threshold=0.758 - loss=6.795
/scratch/e0538389/DivClust/engine/trainer.py:41: FutureWarning: `torch.cuda.amp.autocast(args...)` is deprecated. Please use `torch.amp.autocast('cuda', args...)` instead.
  with autocast(self.mixed_precision):
/scratch/e0538389/DivClust/engine/trainer.py:41: FutureWarning: `torch.cuda.amp.autocast(args...)` is deprecated. Please use `torch.amp.autocast('cuda', args...)` instead.
  with autocast(self.mixed_precision):
[2026-03-30 10:40:43](logger.py 179): id=CC_FMNIST_C10CFG_K20_E100_DT_0_6 | Ep. 15/100 - Step 250/273 (2.31 it/s) |##################  | - loss_cc=4.629 - loss_ce=2.144 - loss_ne=0.0213 - loss_div=0.000948 - threshold=0.757 - loss=6.795
/scratch/e0538389/DivClust/engine/trainer.py:41: FutureWarning: `torch.cuda.amp.autocast(args...)` is deprecated. Please use `torch.amp.autocast('cuda', args...)` instead.
  with autocast(self.mixed_precision):
[2026-03-30 10:40:52](logger.py 179): id=CC_FMNIST_C10CFG_K20_E100_DT_0_6 | Ep. 15/100 | Time: 00:01 | loss_cc=4.628 - loss_ce=2.144 - loss_ne=0.0216 - loss_div=0.000891 - threshold=0.757 - loss=6.795
[2026-03-30 10:40:55](logger.py 179): id=CC_FMNIST_C10CFG_K20_E100_DT_0_6 | Ep. 16/100 - Step 0/273 (0.0 it/s) |                    | - loss_cc=4.68 - loss_ce=2.158 - loss_ne=0.0306 - loss_div=0.000841 - threshold=0.763 - loss=6.87
/scratch/e0538389/DivClust/engine/trainer.py:41: FutureWarning: `torch.cuda.amp.autocast(args...)` is deprecated. Please use `torch.amp.autocast('cuda', args...)` instead.
  with autocast(self.mixed_precision):
[2026-03-30 10:41:05](logger.py 179): id=CC_FMNIST_C10CFG_K20_E100_DT_0_6 | Ep. 16/100 - Step 25/273 (2.38 it/s) |#                   | - loss_cc=4.632 - loss_ce=2.145 - loss_ne=0.0208 - loss_div=4.23e-05 - threshold=0.767 - loss=6.798
/scratch/e0538389/DivClust/engine/trainer.py:41: FutureWarning: `torch.cuda.amp.autocast(args...)` is deprecated. Please use `torch.amp.autocast('cuda', args...)` instead.
  with autocast(self.mixed_precision):
[2026-03-30 10:41:16](logger.py 179): id=CC_FMNIST_C10CFG_K20_E100_DT_0_6 | Ep. 16/100 - Step 50/273 (2.38 it/s) |###                 | - loss_cc=4.63 - loss_ce=2.144 - loss_ne=0.0206 - loss_div=7.19e-05 - threshold=0.771 - loss=6.794
/scratch/e0538389/DivClust/engine/trainer.py:41: FutureWarning: `torch.cuda.amp.autocast(args...)` is deprecated. Please use `torch.amp.autocast('cuda', args...)` instead.
  with autocast(self.mixed_precision):
/scratch/e0538389/DivClust/engine/trainer.py:41: FutureWarning: `torch.cuda.amp.autocast(args...)` is deprecated. Please use `torch.amp.autocast('cuda', args...)` instead.
  with autocast(self.mixed_precision):
[2026-03-30 10:41:27](logger.py 179): id=CC_FMNIST_C10CFG_K20_E100_DT_0_6 | Ep. 16/100 - Step 75/273 (2.33 it/s) |#####               | - loss_cc=4.629 - loss_ce=2.143 - loss_ne=0.0202 - loss_div=0.000239 - threshold=0.771 - loss=6.792
/scratch/e0538389/DivClust/engine/trainer.py:41: FutureWarning: `torch.cuda.amp.autocast(args...)` is deprecated. Please use `torch.amp.autocast('cuda', args...)` instead.
  with autocast(self.mixed_precision):
[2026-03-30 10:41:38](logger.py 179): id=CC_FMNIST_C10CFG_K20_E100_DT_0_6 | Ep. 16/100 - Step 100/273 (2.33 it/s) |#######             | - loss_cc=4.626 - loss_ce=2.142 - loss_ne=0.0206 - loss_div=0.000503 - threshold=0.768 - loss=6.789
/scratch/e0538389/DivClust/engine/trainer.py:41: FutureWarning: `torch.cuda.amp.autocast(args...)` is deprecated. Please use `torch.amp.autocast('cuda', args...)` instead.
  with autocast(self.mixed_precision):
[2026-03-30 10:41:48](logger.py 179): id=CC_FMNIST_C10CFG_K20_E100_DT_0_6 | Ep. 16/100 - Step 125/273 (2.33 it/s) |#########           | - loss_cc=4.626 - loss_ce=2.142 - loss_ne=0.0209 - loss_div=0.000731 - threshold=0.765 - loss=6.79
/scratch/e0538389/DivClust/engine/trainer.py:41: FutureWarning: `torch.cuda.amp.autocast(args...)` is deprecated. Please use `torch.amp.autocast('cuda', args...)` instead.
  with autocast(self.mixed_precision):
[2026-03-30 10:41:59](logger.py 179): id=CC_FMNIST_C10CFG_K20_E100_DT_0_6 | Ep. 16/100 - Step 150/273 (2.34 it/s) |##########          | - loss_cc=4.626 - loss_ce=2.142 - loss_ne=0.0208 - loss_div=0.000716 - threshold=0.763 - loss=6.789
/scratch/e0538389/DivClust/engine/trainer.py:41: FutureWarning: `torch.cuda.amp.autocast(args...)` is deprecated. Please use `torch.amp.autocast('cuda', args...)` instead.
  with autocast(self.mixed_precision):
/scratch/e0538389/DivClust/engine/trainer.py:41: FutureWarning: `torch.cuda.amp.autocast(args...)` is deprecated. Please use `torch.amp.autocast('cuda', args...)` instead.
  with autocast(self.mixed_precision):
[2026-03-30 10:42:09](logger.py 179): id=CC_FMNIST_C10CFG_K20_E100_DT_0_6 | Ep. 16/100 - Step 175/273 (2.34 it/s) |############        | - loss_cc=4.625 - loss_ce=2.141 - loss_ne=0.0206 - loss_div=0.000641 - threshold=0.763 - loss=6.787
/scratch/e0538389/DivClust/engine/trainer.py:41: FutureWarning: `torch.cuda.amp.autocast(args...)` is deprecated. Please use `torch.amp.autocast('cuda', args...)` instead.
  with autocast(self.mixed_precision):
[2026-03-30 10:42:20](logger.py 179): id=CC_FMNIST_C10CFG_K20_E100_DT_0_6 | Ep. 16/100 - Step 200/273 (2.34 it/s) |##############      | - loss_cc=4.625 - loss_ce=2.142 - loss_ne=0.0204 - loss_div=0.000612 - threshold=0.763 - loss=6.788
/scratch/e0538389/DivClust/engine/trainer.py:41: FutureWarning: `torch.cuda.amp.autocast(args...)` is deprecated. Please use `torch.amp.autocast('cuda', args...)` instead.
  with autocast(self.mixed_precision):
[2026-03-30 10:42:31](logger.py 179): id=CC_FMNIST_C10CFG_K20_E100_DT_0_6 | Ep. 16/100 - Step 225/273 (2.34 it/s) |################    | - loss_cc=4.625 - loss_ce=2.141 - loss_ne=0.0205 - loss_div=0.000645 - threshold=0.763 - loss=6.787
/scratch/e0538389/DivClust/engine/trainer.py:41: FutureWarning: `torch.cuda.amp.autocast(args...)` is deprecated. Please use `torch.amp.autocast('cuda', args...)` instead.
  with autocast(self.mixed_precision):
[2026-03-30 10:42:41](logger.py 179): id=CC_FMNIST_C10CFG_K20_E100_DT_0_6 | Ep. 16/100 - Step 250/273 (2.34 it/s) |##################  | - loss_cc=4.625 - loss_ce=2.142 - loss_ne=0.0203 - loss_div=0.000752 - threshold=0.761 - loss=6.788
/scratch/e0538389/DivClust/engine/trainer.py:41: FutureWarning: `torch.cuda.amp.autocast(args...)` is deprecated. Please use `torch.amp.autocast('cuda', args...)` instead.
  with autocast(self.mixed_precision):
[2026-03-30 10:42:51](logger.py 179): id=CC_FMNIST_C10CFG_K20_E100_DT_0_6 | Ep. 16/100 | Time: 00:01 | loss_cc=4.625 - loss_ce=2.142 - loss_ne=0.0202 - loss_div=0.000751 - threshold=0.761 - loss=6.787
/scratch/e0538389/DivClust/engine/trainer.py:41: FutureWarning: `torch.cuda.amp.autocast(args...)` is deprecated. Please use `torch.amp.autocast('cuda', args...)` instead.
  with autocast(self.mixed_precision):
[2026-03-30 10:42:54](logger.py 179): id=CC_FMNIST_C10CFG_K20_E100_DT_0_6 | Ep. 17/100 - Step 0/273 (0.0 it/s) |                    | - loss_cc=4.609 - loss_ce=2.136 - loss_ne=0.0191 - loss_div=0.00283 - threshold=0.747 - loss=6.767
/scratch/e0538389/DivClust/engine/trainer.py:41: FutureWarning: `torch.cuda.amp.autocast(args...)` is deprecated. Please use `torch.amp.autocast('cuda', args...)` instead.
  with autocast(self.mixed_precision):
[2026-03-30 10:43:05](logger.py 179): id=CC_FMNIST_C10CFG_K20_E100_DT_0_6 | Ep. 17/100 - Step 25/273 (2.32 it/s) |#                   | - loss_cc=4.623 - loss_ce=2.141 - loss_ne=0.0216 - loss_div=0.00156 - threshold=0.749 - loss=6.787
/scratch/e0538389/DivClust/engine/trainer.py:41: FutureWarning: `torch.cuda.amp.autocast(args...)` is deprecated. Please use `torch.amp.autocast('cuda', args...)` instead.
  with autocast(self.mixed_precision):
[2026-03-30 10:43:15](logger.py 179): id=CC_FMNIST_C10CFG_K20_E100_DT_0_6 | Ep. 17/100 - Step 50/273 (2.32 it/s) |###                 | - loss_cc=4.621 - loss_ce=2.141 - loss_ne=0.0205 - loss_div=0.00112 - threshold=0.75 - loss=6.783
/scratch/e0538389/DivClust/engine/trainer.py:41: FutureWarning: `torch.cuda.amp.autocast(args...)` is deprecated. Please use `torch.amp.autocast('cuda', args...)` instead.
  with autocast(self.mixed_precision):
[2026-03-30 10:43:26](logger.py 179): id=CC_FMNIST_C10CFG_K20_E100_DT_0_6 | Ep. 17/100 - Step 75/273 (2.32 it/s) |#####               | - loss_cc=4.622 - loss_ce=2.141 - loss_ne=0.0212 - loss_div=0.00144 - threshold=0.747 - loss=6.786
/scratch/e0538389/DivClust/engine/trainer.py:41: FutureWarning: `torch.cuda.amp.autocast(args...)` is deprecated. Please use `torch.amp.autocast('cuda', args...)` instead.
  with autocast(self.mixed_precision):
/scratch/e0538389/DivClust/engine/trainer.py:41: FutureWarning: `torch.cuda.amp.autocast(args...)` is deprecated. Please use `torch.amp.autocast('cuda', args...)` instead.
  with autocast(self.mixed_precision):
[2026-03-30 10:43:37](logger.py 179): id=CC_FMNIST_C10CFG_K20_E100_DT_0_6 | Ep. 17/100 - Step 100/273 (2.29 it/s) |#######             | - loss_cc=4.623 - loss_ce=2.142 - loss_ne=0.021 - loss_div=0.0012 - threshold=0.747 - loss=6.787
/scratch/e0538389/DivClust/engine/trainer.py:41: FutureWarning: `torch.cuda.amp.autocast(args...)` is deprecated. Please use `torch.amp.autocast('cuda', args...)` instead.
  with autocast(self.mixed_precision):
[2026-03-30 10:43:48](logger.py 179): id=CC_FMNIST_C10CFG_K20_E100_DT_0_6 | Ep. 17/100 - Step 125/273 (2.3 it/s) |#########           | - loss_cc=4.622 - loss_ce=2.142 - loss_ne=0.0209 - loss_div=0.000993 - threshold=0.749 - loss=6.786
/scratch/e0538389/DivClust/engine/trainer.py:41: FutureWarning: `torch.cuda.amp.autocast(args...)` is deprecated. Please use `torch.amp.autocast('cuda', args...)` instead.
  with autocast(self.mixed_precision):
[2026-03-30 10:43:59](logger.py 179): id=CC_FMNIST_C10CFG_K20_E100_DT_0_6 | Ep. 17/100 - Step 150/273 (2.3 it/s) |##########          | - loss_cc=4.622 - loss_ce=2.142 - loss_ne=0.0209 - loss_div=0.000901 - threshold=0.751 - loss=6.786
/scratch/e0538389/DivClust/engine/trainer.py:41: FutureWarning: `torch.cuda.amp.autocast(args...)` is deprecated. Please use `torch.amp.autocast('cuda', args...)` instead.
  with autocast(self.mixed_precision):
[2026-03-30 10:44:10](logger.py 179): id=CC_FMNIST_C10CFG_K20_E100_DT_0_6 | Ep. 17/100 - Step 175/273 (2.31 it/s) |############        | - loss_cc=4.623 - loss_ce=2.142 - loss_ne=0.0208 - loss_div=0.0009 - threshold=0.752 - loss=6.786
/scratch/e0538389/DivClust/engine/trainer.py:41: FutureWarning: `torch.cuda.amp.autocast(args...)` is deprecated. Please use `torch.amp.autocast('cuda', args...)` instead.
  with autocast(self.mixed_precision):
/scratch/e0538389/DivClust/engine/trainer.py:41: FutureWarning: `torch.cuda.amp.autocast(args...)` is deprecated. Please use `torch.amp.autocast('cuda', args...)` instead.
  with autocast(self.mixed_precision):
[2026-03-30 10:44:21](logger.py 179): id=CC_FMNIST_C10CFG_K20_E100_DT_0_6 | Ep. 17/100 - Step 200/273 (2.3 it/s) |##############      | - loss_cc=4.622 - loss_ce=2.141 - loss_ne=0.0208 - loss_div=0.00099 - threshold=0.752 - loss=6.785
/scratch/e0538389/DivClust/engine/trainer.py:41: FutureWarning: `torch.cuda.amp.autocast(args...)` is deprecated. Please use `torch.amp.autocast('cuda', args...)` instead.
  with autocast(self.mixed_precision):
[2026-03-30 10:44:32](logger.py 179): id=CC_FMNIST_C10CFG_K20_E100_DT_0_6 | Ep. 17/100 - Step 225/273 (2.3 it/s) |################    | - loss_cc=4.622 - loss_ce=2.141 - loss_ne=0.0208 - loss_div=0.000941 - threshold=0.752 - loss=6.785
/scratch/e0538389/DivClust/engine/trainer.py:41: FutureWarning: `torch.cuda.amp.autocast(args...)` is deprecated. Please use `torch.amp.autocast('cuda', args...)` instead.
  with autocast(self.mixed_precision):
[2026-03-30 10:44:42](logger.py 179): id=CC_FMNIST_C10CFG_K20_E100_DT_0_6 | Ep. 17/100 - Step 250/273 (2.3 it/s) |##################  | - loss_cc=4.621 - loss_ce=2.141 - loss_ne=0.0207 - loss_div=0.000888 - threshold=0.752 - loss=6.783
/scratch/e0538389/DivClust/engine/trainer.py:41: FutureWarning: `torch.cuda.amp.autocast(args...)` is deprecated. Please use `torch.amp.autocast('cuda', args...)` instead.
  with autocast(self.mixed_precision):
[2026-03-30 10:44:52](logger.py 179): id=CC_FMNIST_C10CFG_K20_E100_DT_0_6 | Ep. 17/100 | Time: 00:01 | loss_cc=4.62 - loss_ce=2.141 - loss_ne=0.0208 - loss_div=0.00086 - threshold=0.753 - loss=6.783
[2026-03-30 10:44:55](logger.py 179): id=CC_FMNIST_C10CFG_K20_E100_DT_0_6 | Ep. 18/100 - Step 0/273 (0.0 it/s) |                    | - loss_cc=4.646 - loss_ce=2.154 - loss_ne=0.0208 - loss_div=0.00155 - threshold=0.754 - loss=6.823
/scratch/e0538389/DivClust/engine/trainer.py:41: FutureWarning: `torch.cuda.amp.autocast(args...)` is deprecated. Please use `torch.amp.autocast('cuda', args...)` instead.
  with autocast(self.mixed_precision):
[2026-03-30 10:45:05](logger.py 179): id=CC_FMNIST_C10CFG_K20_E100_DT_0_6 | Ep. 18/100 - Step 25/273 (2.32 it/s) |#                   | - loss_cc=4.62 - loss_ce=2.141 - loss_ne=0.0208 - loss_div=0.00117 - threshold=0.748 - loss=6.783
/scratch/e0538389/DivClust/engine/trainer.py:41: FutureWarning: `torch.cuda.amp.autocast(args...)` is deprecated. Please use `torch.amp.autocast('cuda', args...)` instead.
  with autocast(self.mixed_precision):
/scratch/e0538389/DivClust/engine/trainer.py:41: FutureWarning: `torch.cuda.amp.autocast(args...)` is deprecated. Please use `torch.amp.autocast('cuda', args...)` instead.
  with autocast(self.mixed_precision):
[2026-03-30 10:45:16](logger.py 179): id=CC_FMNIST_C10CFG_K20_E100_DT_0_6 | Ep. 18/100 - Step 50/273 (2.33 it/s) |###                 | - loss_cc=4.618 - loss_ce=2.14 - loss_ne=0.0206 - loss_div=0.00095 - threshold=0.75 - loss=6.78
/scratch/e0538389/DivClust/engine/trainer.py:41: FutureWarning: `torch.cuda.amp.autocast(args...)` is deprecated. Please use `torch.amp.autocast('cuda', args...)` instead.
  with autocast(self.mixed_precision):
[2026-03-30 10:45:26](logger.py 179): id=CC_FMNIST_C10CFG_K20_E100_DT_0_6 | Ep. 18/100 - Step 75/273 (2.35 it/s) |#####               | - loss_cc=4.616 - loss_ce=2.139 - loss_ne=0.021 - loss_div=0.000845 - threshold=0.75 - loss=6.778
/scratch/e0538389/DivClust/engine/trainer.py:41: FutureWarning: `torch.cuda.amp.autocast(args...)` is deprecated. Please use `torch.amp.autocast('cuda', args...)` instead.
  with autocast(self.mixed_precision):
[2026-03-30 10:45:37](logger.py 179): id=CC_FMNIST_C10CFG_K20_E100_DT_0_6 | Ep. 18/100 - Step 100/273 (2.36 it/s) |#######             | - loss_cc=4.616 - loss_ce=2.139 - loss_ne=0.0203 - loss_div=0.000693 - threshold=0.752 - loss=6.775
/scratch/e0538389/DivClust/engine/trainer.py:41: FutureWarning: `torch.cuda.amp.autocast(args...)` is deprecated. Please use `torch.amp.autocast('cuda', args...)` instead.
  with autocast(self.mixed_precision):
[2026-03-30 10:45:48](logger.py 179): id=CC_FMNIST_C10CFG_K20_E100_DT_0_6 | Ep. 18/100 - Step 125/273 (2.36 it/s) |#########           | - loss_cc=4.615 - loss_ce=2.139 - loss_ne=0.0203 - loss_div=0.000714 - threshold=0.753 - loss=6.775
/scratch/e0538389/DivClust/engine/trainer.py:41: FutureWarning: `torch.cuda.amp.autocast(args...)` is deprecated. Please use `torch.amp.autocast('cuda', args...)` instead.
  with autocast(self.mixed_precision):
/scratch/e0538389/DivClust/engine/trainer.py:41: FutureWarning: `torch.cuda.amp.autocast(args...)` is deprecated. Please use `torch.amp.autocast('cuda', args...)` instead.
  with autocast(self.mixed_precision):
[2026-03-30 10:45:59](logger.py 179): id=CC_FMNIST_C10CFG_K20_E100_DT_0_6 | Ep. 18/100 - Step 150/273 (2.33 it/s) |##########          | - loss_cc=4.615 - loss_ce=2.139 - loss_ne=0.0204 - loss_div=0.000815 - threshold=0.752 - loss=6.775
/scratch/e0538389/DivClust/engine/trainer.py:41: FutureWarning: `torch.cuda.amp.autocast(args...)` is deprecated. Please use `torch.amp.autocast('cuda', args...)` instead.
  with autocast(self.mixed_precision):
[2026-03-30 10:46:10](logger.py 179): id=CC_FMNIST_C10CFG_K20_E100_DT_0_6 | Ep. 18/100 - Step 175/273 (2.33 it/s) |############        | - loss_cc=4.618 - loss_ce=2.139 - loss_ne=0.0204 - loss_div=0.000863 - threshold=0.75 - loss=6.778
/scratch/e0538389/DivClust/engine/trainer.py:41: FutureWarning: `torch.cuda.amp.autocast(args...)` is deprecated. Please use `torch.amp.autocast('cuda', args...)` instead.
  with autocast(self.mixed_precision):
[2026-03-30 10:46:20](logger.py 179): id=CC_FMNIST_C10CFG_K20_E100_DT_0_6 | Ep. 18/100 - Step 200/273 (2.33 it/s) |##############      | - loss_cc=4.619 - loss_ce=2.14 - loss_ne=0.0202 - loss_div=0.000802 - threshold=0.75 - loss=6.779
/scratch/e0538389/DivClust/engine/trainer.py:41: FutureWarning: `torch.cuda.amp.autocast(args...)` is deprecated. Please use `torch.amp.autocast('cuda', args...)` instead.
  with autocast(self.mixed_precision):
[2026-03-30 10:46:31](logger.py 179): id=CC_FMNIST_C10CFG_K20_E100_DT_0_6 | Ep. 18/100 - Step 225/273 (2.33 it/s) |################    | - loss_cc=4.619 - loss_ce=2.14 - loss_ne=0.0201 - loss_div=0.000813 - threshold=0.75 - loss=6.78
/scratch/e0538389/DivClust/engine/trainer.py:41: FutureWarning: `torch.cuda.amp.autocast(args...)` is deprecated. Please use `torch.amp.autocast('cuda', args...)` instead.
  with autocast(self.mixed_precision):
/scratch/e0538389/DivClust/engine/trainer.py:41: FutureWarning: `torch.cuda.amp.autocast(args...)` is deprecated. Please use `torch.amp.autocast('cuda', args...)` instead.
  with autocast(self.mixed_precision):
[2026-03-30 10:46:42](logger.py 179): id=CC_FMNIST_C10CFG_K20_E100_DT_0_6 | Ep. 18/100 - Step 250/273 (2.32 it/s) |##################  | - loss_cc=4.619 - loss_ce=2.14 - loss_ne=0.0199 - loss_div=0.000785 - threshold=0.75 - loss=6.779
/scratch/e0538389/DivClust/engine/trainer.py:41: FutureWarning: `torch.cuda.amp.autocast(args...)` is deprecated. Please use `torch.amp.autocast('cuda', args...)` instead.
  with autocast(self.mixed_precision):
[2026-03-30 10:46:52](logger.py 179): id=CC_FMNIST_C10CFG_K20_E100_DT_0_6 | Ep. 18/100 | Time: 00:01 | loss_cc=4.619 - loss_ce=2.14 - loss_ne=0.0199 - loss_div=0.000836 - threshold=0.75 - loss=6.779
[2026-03-30 10:46:54](logger.py 179): id=CC_FMNIST_C10CFG_K20_E100_DT_0_6 | Ep. 19/100 - Step 0/273 (0.0 it/s) |                    | - loss_cc=4.635 - loss_ce=2.142 - loss_ne=0.0215 - loss_div=0.0015 - threshold=0.754 - loss=6.8
/scratch/e0538389/DivClust/engine/trainer.py:41: FutureWarning: `torch.cuda.amp.autocast(args...)` is deprecated. Please use `torch.amp.autocast('cuda', args...)` instead.
  with autocast(self.mixed_precision):
[2026-03-30 10:47:05](logger.py 179): id=CC_FMNIST_C10CFG_K20_E100_DT_0_6 | Ep. 19/100 - Step 25/273 (2.36 it/s) |#                   | - loss_cc=4.61 - loss_ce=2.137 - loss_ne=0.0209 - loss_div=0.000301 - threshold=0.757 - loss=6.768
/scratch/e0538389/DivClust/engine/trainer.py:41: FutureWarning: `torch.cuda.amp.autocast(args...)` is deprecated. Please use `torch.amp.autocast('cuda', args...)` instead.
  with autocast(self.mixed_precision):
[2026-03-30 10:47:16](logger.py 179): id=CC_FMNIST_C10CFG_K20_E100_DT_0_6 | Ep. 19/100 - Step 50/273 (2.34 it/s) |###                 | - loss_cc=4.611 - loss_ce=2.137 - loss_ne=0.0207 - loss_div=0.000368 - threshold=0.757 - loss=6.769
/scratch/e0538389/DivClust/engine/trainer.py:41: FutureWarning: `torch.cuda.amp.autocast(args...)` is deprecated. Please use `torch.amp.autocast('cuda', args...)` instead.
  with autocast(self.mixed_precision):
/scratch/e0538389/DivClust/engine/trainer.py:41: FutureWarning: `torch.cuda.amp.autocast(args...)` is deprecated. Please use `torch.amp.autocast('cuda', args...)` instead.
  with autocast(self.mixed_precision):
[2026-03-30 10:47:26](logger.py 179): id=CC_FMNIST_C10CFG_K20_E100_DT_0_6 | Ep. 19/100 - Step 75/273 (2.34 it/s) |#####               | - loss_cc=4.611 - loss_ce=2.136 - loss_ne=0.0202 - loss_div=0.000848 - threshold=0.753 - loss=6.768
/scratch/e0538389/DivClust/engine/trainer.py:41: FutureWarning: `torch.cuda.amp.autocast(args...)` is deprecated. Please use `torch.amp.autocast('cuda', args...)` instead.
  with autocast(self.mixed_precision):
[2026-03-30 10:47:37](logger.py 179): id=CC_FMNIST_C10CFG_K20_E100_DT_0_6 | Ep. 19/100 - Step 100/273 (2.35 it/s) |#######             | - loss_cc=4.613 - loss_ce=2.137 - loss_ne=0.0209 - loss_div=0.00104 - threshold=0.75 - loss=6.773
/scratch/e0538389/DivClust/engine/trainer.py:41: FutureWarning: `torch.cuda.amp.autocast(args...)` is deprecated. Please use `torch.amp.autocast('cuda', args...)` instead.
  with autocast(self.mixed_precision):
[2026-03-30 10:47:47](logger.py 179): id=CC_FMNIST_C10CFG_K20_E100_DT_0_6 | Ep. 19/100 - Step 125/273 (2.36 it/s) |#########           | - loss_cc=4.613 - loss_ce=2.137 - loss_ne=0.0209 - loss_div=0.000877 - threshold=0.75 - loss=6.772
/scratch/e0538389/DivClust/engine/trainer.py:41: FutureWarning: `torch.cuda.amp.autocast(args...)` is deprecated. Please use `torch.amp.autocast('cuda', args...)` instead.
  with autocast(self.mixed_precision):
[2026-03-30 10:47:58](logger.py 179): id=CC_FMNIST_C10CFG_K20_E100_DT_0_6 | Ep. 19/100 - Step 150/273 (2.37 it/s) |##########          | - loss_cc=4.612 - loss_ce=2.137 - loss_ne=0.0208 - loss_div=0.00103 - threshold=0.75 - loss=6.771
/scratch/e0538389/DivClust/engine/trainer.py:41: FutureWarning: `torch.cuda.amp.autocast(args...)` is deprecated. Please use `torch.amp.autocast('cuda', args...)` instead.
  with autocast(self.mixed_precision):
/scratch/e0538389/DivClust/engine/trainer.py:41: FutureWarning: `torch.cuda.amp.autocast(args...)` is deprecated. Please use `torch.amp.autocast('cuda', args...)` instead.
  with autocast(self.mixed_precision):
[2026-03-30 10:48:09](logger.py 179): id=CC_FMNIST_C10CFG_K20_E100_DT_0_6 | Ep. 19/100 - Step 175/273 (2.35 it/s) |############        | - loss_cc=4.613 - loss_ce=2.137 - loss_ne=0.0207 - loss_div=0.000934 - threshold=0.75 - loss=6.772
/scratch/e0538389/DivClust/engine/trainer.py:41: FutureWarning: `torch.cuda.amp.autocast(args...)` is deprecated. Please use `torch.amp.autocast('cuda', args...)` instead.
  with autocast(self.mixed_precision):
[2026-03-30 10:48:20](logger.py 179): id=CC_FMNIST_C10CFG_K20_E100_DT_0_6 | Ep. 19/100 - Step 200/273 (2.35 it/s) |##############      | - loss_cc=4.612 - loss_ce=2.137 - loss_ne=0.021 - loss_div=0.000842 - threshold=0.751 - loss=6.771
/scratch/e0538389/DivClust/engine/trainer.py:41: FutureWarning: `torch.cuda.amp.autocast(args...)` is deprecated. Please use `torch.amp.autocast('cuda', args...)` instead.
  with autocast(self.mixed_precision):
[2026-03-30 10:48:30](logger.py 179): id=CC_FMNIST_C10CFG_K20_E100_DT_0_6 | Ep. 19/100 - Step 225/273 (2.34 it/s) |################    | - loss_cc=4.611 - loss_ce=2.137 - loss_ne=0.021 - loss_div=0.000888 - threshold=0.751 - loss=6.77
/scratch/e0538389/DivClust/engine/trainer.py:41: FutureWarning: `torch.cuda.amp.autocast(args...)` is deprecated. Please use `torch.amp.autocast('cuda', args...)` instead.
  with autocast(self.mixed_precision):
[2026-03-30 10:48:41](logger.py 179): id=CC_FMNIST_C10CFG_K20_E100_DT_0_6 | Ep. 19/100 - Step 250/273 (2.35 it/s) |##################  | - loss_cc=4.611 - loss_ce=2.137 - loss_ne=0.0209 - loss_div=0.000823 - threshold=0.751 - loss=6.77
/scratch/e0538389/DivClust/engine/trainer.py:41: FutureWarning: `torch.cuda.amp.autocast(args...)` is deprecated. Please use `torch.amp.autocast('cuda', args...)` instead.
  with autocast(self.mixed_precision):
[2026-03-30 10:48:50](logger.py 179): id=CC_FMNIST_C10CFG_K20_E100_DT_0_6 | Ep. 19/100 | Time: 00:01 | loss_cc=4.612 - loss_ce=2.137 - loss_ne=0.0211 - loss_div=0.000834 - threshold=0.751 - loss=6.771
[2026-03-30 10:48:53](logger.py 179): id=CC_FMNIST_C10CFG_K20_E100_DT_0_6 | Ep. 20/100 - Step 0/273 (0.0 it/s) |                    | - loss_cc=4.624 - loss_ce=2.143 - loss_ne=0.0189 - loss_div=0.0 - threshold=0.753 - loss=6.785
/scratch/e0538389/DivClust/engine/trainer.py:41: FutureWarning: `torch.cuda.amp.autocast(args...)` is deprecated. Please use `torch.amp.autocast('cuda', args...)` instead.
  with autocast(self.mixed_precision):
/scratch/e0538389/DivClust/engine/trainer.py:41: FutureWarning: `torch.cuda.amp.autocast(args...)` is deprecated. Please use `torch.amp.autocast('cuda', args...)` instead.
  with autocast(self.mixed_precision):
[2026-03-30 10:49:03](logger.py 179): id=CC_FMNIST_C10CFG_K20_E100_DT_0_6 | Ep. 20/100 - Step 25/273 (2.38 it/s) |#                   | - loss_cc=4.611 - loss_ce=2.135 - loss_ne=0.0197 - loss_div=0.000462 - threshold=0.751 - loss=6.766
/scratch/e0538389/DivClust/engine/trainer.py:41: FutureWarning: `torch.cuda.amp.autocast(args...)` is deprecated. Please use `torch.amp.autocast('cuda', args...)` instead.
  with autocast(self.mixed_precision):
[2026-03-30 10:49:14](logger.py 179): id=CC_FMNIST_C10CFG_K20_E100_DT_0_6 | Ep. 20/100 - Step 50/273 (2.38 it/s) |###                 | - loss_cc=4.611 - loss_ce=2.136 - loss_ne=0.019 - loss_div=0.000984 - threshold=0.747 - loss=6.767
/scratch/e0538389/DivClust/engine/trainer.py:41: FutureWarning: `torch.cuda.amp.autocast(args...)` is deprecated. Please use `torch.amp.autocast('cuda', args...)` instead.
  with autocast(self.mixed_precision):
[2026-03-30 10:49:24](logger.py 179): id=CC_FMNIST_C10CFG_K20_E100_DT_0_6 | Ep. 20/100 - Step 75/273 (2.39 it/s) |#####               | - loss_cc=4.612 - loss_ce=2.137 - loss_ne=0.0197 - loss_div=0.000873 - threshold=0.746 - loss=6.77
/scratch/e0538389/DivClust/engine/trainer.py:41: FutureWarning: `torch.cuda.amp.autocast(args...)` is deprecated. Please use `torch.amp.autocast('cuda', args...)` instead.
  with autocast(self.mixed_precision):
[2026-03-30 10:49:36](logger.py 179): id=CC_FMNIST_C10CFG_K20_E100_DT_0_6 | Ep. 20/100 - Step 100/273 (2.35 it/s) |#######             | - loss_cc=4.611 - loss_ce=2.137 - loss_ne=0.0201 - loss_div=0.000819 - threshold=0.747 - loss=6.769
/scratch/e0538389/DivClust/engine/trainer.py:41: FutureWarning: `torch.cuda.amp.autocast(args...)` is deprecated. Please use `torch.amp.autocast('cuda', args...)` instead.
  with autocast(self.mixed_precision):
/scratch/e0538389/DivClust/engine/trainer.py:41: FutureWarning: `torch.cuda.amp.autocast(args...)` is deprecated. Please use `torch.amp.autocast('cuda', args...)` instead.
  with autocast(self.mixed_precision):
[2026-03-30 10:49:46](logger.py 179): id=CC_FMNIST_C10CFG_K20_E100_DT_0_6 | Ep. 20/100 - Step 125/273 (2.34 it/s) |#########           | - loss_cc=4.61 - loss_ce=2.136 - loss_ne=0.0204 - loss_div=0.000795 - threshold=0.747 - loss=6.768
/scratch/e0538389/DivClust/engine/trainer.py:41: FutureWarning: `torch.cuda.amp.autocast(args...)` is deprecated. Please use `torch.amp.autocast('cuda', args...)` instead.
  with autocast(self.mixed_precision):
[2026-03-30 10:49:57](logger.py 179): id=CC_FMNIST_C10CFG_K20_E100_DT_0_6 | Ep. 20/100 - Step 150/273 (2.35 it/s) |##########          | - loss_cc=4.609 - loss_ce=2.136 - loss_ne=0.0204 - loss_div=0.00069 - threshold=0.749 - loss=6.766
/scratch/e0538389/DivClust/engine/trainer.py:41: FutureWarning: `torch.cuda.amp.autocast(args...)` is deprecated. Please use `torch.amp.autocast('cuda', args...)` instead.
  with autocast(self.mixed_precision):
[2026-03-30 10:50:08](logger.py 179): id=CC_FMNIST_C10CFG_K20_E100_DT_0_6 | Ep. 20/100 - Step 175/273 (2.34 it/s) |############        | - loss_cc=4.61 - loss_ce=2.136 - loss_ne=0.0202 - loss_div=0.00066 - threshold=0.75 - loss=6.767
/scratch/e0538389/DivClust/engine/trainer.py:41: FutureWarning: `torch.cuda.amp.autocast(args...)` is deprecated. Please use `torch.amp.autocast('cuda', args...)` instead.
  with autocast(self.mixed_precision):
[2026-03-30 10:50:19](logger.py 179): id=CC_FMNIST_C10CFG_K20_E100_DT_0_6 | Ep. 20/100 - Step 200/273 (2.34 it/s) |##############      | - loss_cc=4.61 - loss_ce=2.136 - loss_ne=0.0202 - loss_div=0.00072 - threshold=0.749 - loss=6.768
/scratch/e0538389/DivClust/engine/trainer.py:41: FutureWarning: `torch.cuda.amp.autocast(args...)` is deprecated. Please use `torch.amp.autocast('cuda', args...)` instead.
  with autocast(self.mixed_precision):
/scratch/e0538389/DivClust/engine/trainer.py:41: FutureWarning: `torch.cuda.amp.autocast(args...)` is deprecated. Please use `torch.amp.autocast('cuda', args...)` instead.
  with autocast(self.mixed_precision):
[2026-03-30 10:50:29](logger.py 179): id=CC_FMNIST_C10CFG_K20_E100_DT_0_6 | Ep. 20/100 - Step 225/273 (2.34 it/s) |################    | - loss_cc=4.609 - loss_ce=2.136 - loss_ne=0.0204 - loss_div=0.000801 - threshold=0.748 - loss=6.767
/scratch/e0538389/DivClust/engine/trainer.py:41: FutureWarning: `torch.cuda.amp.autocast(args...)` is deprecated. Please use `torch.amp.autocast('cuda', args...)` instead.
  with autocast(self.mixed_precision):
[2026-03-30 10:50:40](logger.py 179): id=CC_FMNIST_C10CFG_K20_E100_DT_0_6 | Ep. 20/100 - Step 250/273 (2.34 it/s) |##################  | - loss_cc=4.609 - loss_ce=2.136 - loss_ne=0.0204 - loss_div=0.00081 - threshold=0.748 - loss=6.767
/scratch/e0538389/DivClust/engine/trainer.py:41: FutureWarning: `torch.cuda.amp.autocast(args...)` is deprecated. Please use `torch.amp.autocast('cuda', args...)` instead.
  with autocast(self.mixed_precision):
[2026-03-30 10:50:49](logger.py 179): Evaluating
[2026-03-30 10:50:49](logger.py 179): Eval. step 0 of 274
[2026-03-30 10:50:52](logger.py 179): Eval. step 25 of 274
[2026-03-30 10:50:54](logger.py 179): Eval. step 50 of 274
[2026-03-30 10:50:56](logger.py 179): Eval. step 75 of 274
[2026-03-30 10:50:59](logger.py 179): Eval. step 100 of 274
[2026-03-30 10:51:01](logger.py 179): Eval. step 125 of 274
[2026-03-30 10:51:03](logger.py 179): Eval. step 150 of 274
[2026-03-30 10:51:06](logger.py 179): Eval. step 175 of 274
[2026-03-30 10:51:08](logger.py 179): Eval. step 200 of 274
[2026-03-30 10:51:10](logger.py 179): Eval. step 225 of 274
[2026-03-30 10:51:13](logger.py 179): Eval. step 250 of 274
[2026-03-30 10:51:17](logger.py 179): id=CC_FMNIST_C10CFG_K20_E100_DT_0_6 | Ep. 20/100 | Time: 00:02 | loss_cc=4.609 - loss_ce=2.136 - loss_ne=0.0204 - loss_div=0.000792 - threshold=0.748 - loss=6.766 - eval_confidence=0.889 - cluster_acc_0_eval=42.38 - cluster_nmi_0_eval=0.461 - cluster_ari_0_eval=0.29 - cluster_acc_1_eval=42.73 - cluster_nmi_1_eval=0.439 - cluster_ari_1_eval=0.261 - cluster_acc_2_eval=45.08 - cluster_nmi_2_eval=0.494 - cluster_ari_2_eval=0.327 - cluster_acc_3_eval=49.17 - cluster_nmi_3_eval=0.519 - cluster_ari_3_eval=0.351 - cluster_acc_4_eval=50.69 - cluster_nmi_4_eval=0.496 - cluster_ari_4_eval=0.343 - cluster_acc_5_eval=65.43 - cluster_nmi_5_eval=0.617 - cluster_ari_5_eval=0.503 - cluster_acc_6_eval=54.51 - cluster_nmi_6_eval=0.545 - cluster_ari_6_eval=0.409 - cluster_acc_7_eval=56.1 - cluster_nmi_7_eval=0.529 - cluster_ari_7_eval=0.393 - cluster_acc_8_eval=54.05 - cluster_nmi_8_eval=0.497 - cluster_ari_8_eval=0.356 - cluster_acc_9_eval=58.85 - cluster_nmi_9_eval=0.575 - cluster_ari_9_eval=0.447 - cluster_acc_10_eval=51.06 - cluster_nmi_10_eval=0.508 - cluster_ari_10_eval=0.352 - cluster_acc_11_eval=47.15 - cluster_nmi_11_eval=0.472 - cluster_ari_11_eval=0.315 - cluster_acc_12_eval=49.35 - cluster_nmi_12_eval=0.516 - cluster_ari_12_eval=0.366 - cluster_acc_13_eval=55.48 - cluster_nmi_13_eval=0.521 - cluster_ari_13_eval=0.379 - cluster_acc_14_eval=53.67 - cluster_nmi_14_eval=0.532 - cluster_ari_14_eval=0.362 - cluster_acc_15_eval=51.95 - cluster_nmi_15_eval=0.519 - cluster_ari_15_eval=0.365 - cluster_acc_16_eval=51.27 - cluster_nmi_16_eval=0.508 - cluster_ari_16_eval=0.381 - cluster_acc_17_eval=54.22 - cluster_nmi_17_eval=0.538 - cluster_ari_17_eval=0.392 - cluster_acc_18_eval=51.13 - cluster_nmi_18_eval=0.501 - cluster_ari_18_eval=0.352 - cluster_acc_19_eval=52.33 - cluster_nmi_19_eval=0.492 - cluster_ari_19_eval=0.346 - max_cluster_acc_eval=65.43 - mean_cluster_acc_eval=51.83 - min_cluster_acc_eval=42.38 - max_cluster_nmi_eval=0.617 - mean_cluster_nmi_eval=0.514 - min_cluster_nmi_eval=0.439 - max_cluster_ari_eval=0.503 - mean_cluster_ari_eval=0.365 - min_cluster_ari_eval=0.261 - interclustering_nmi_eval=0.586
/scratch/e0538389/DivClust/engine/trainer.py:41: FutureWarning: `torch.cuda.amp.autocast(args...)` is deprecated. Please use `torch.amp.autocast('cuda', args...)` instead.
  with autocast(self.mixed_precision):
[2026-03-30 10:51:19](logger.py 179): id=CC_FMNIST_C10CFG_K20_E100_DT_0_6 | Ep. 21/100 - Step 0/273 (0.0 it/s) |                    | - loss_cc=4.59 - loss_ce=2.129 - loss_ne=0.0247 - loss_div=0.0 - threshold=0.745 - loss=6.743
/scratch/e0538389/DivClust/engine/trainer.py:41: FutureWarning: `torch.cuda.amp.autocast(args...)` is deprecated. Please use `torch.amp.autocast('cuda', args...)` instead.
  with autocast(self.mixed_precision):
[2026-03-30 10:51:30](logger.py 179): id=CC_FMNIST_C10CFG_K20_E100_DT_0_6 | Ep. 21/100 - Step 25/273 (2.29 it/s) |#                   | - loss_cc=4.602 - loss_ce=2.132 - loss_ne=0.0215 - loss_div=0.00154 - threshold=0.74 - loss=6.756
/scratch/e0538389/DivClust/engine/trainer.py:41: FutureWarning: `torch.cuda.amp.autocast(args...)` is deprecated. Please use `torch.amp.autocast('cuda', args...)` instead.
  with autocast(self.mixed_precision):
/scratch/e0538389/DivClust/engine/trainer.py:41: FutureWarning: `torch.cuda.amp.autocast(args...)` is deprecated. Please use `torch.amp.autocast('cuda', args...)` instead.
  with autocast(self.mixed_precision):
[2026-03-30 10:51:40](logger.py 179): id=CC_FMNIST_C10CFG_K20_E100_DT_0_6 | Ep. 21/100 - Step 50/273 (2.31 it/s) |###                 | - loss_cc=4.604 - loss_ce=2.133 - loss_ne=0.022 - loss_div=0.0014 - threshold=0.742 - loss=6.76
/scratch/e0538389/DivClust/engine/trainer.py:41: FutureWarning: `torch.cuda.amp.autocast(args...)` is deprecated. Please use `torch.amp.autocast('cuda', args...)` instead.
  with autocast(self.mixed_precision):
[2026-03-30 10:51:51](logger.py 179): id=CC_FMNIST_C10CFG_K20_E100_DT_0_6 | Ep. 21/100 - Step 75/273 (2.31 it/s) |#####               | - loss_cc=4.603 - loss_ce=2.134 - loss_ne=0.0212 - loss_div=0.00118 - threshold=0.741 - loss=6.759
/scratch/e0538389/DivClust/engine/trainer.py:41: FutureWarning: `torch.cuda.amp.autocast(args...)` is deprecated. Please use `torch.amp.autocast('cuda', args...)` instead.
  with autocast(self.mixed_precision):
[2026-03-30 10:52:02](logger.py 179): id=CC_FMNIST_C10CFG_K20_E100_DT_0_6 | Ep. 21/100 - Step 100/273 (2.32 it/s) |#######             | - loss_cc=4.603 - loss_ce=2.134 - loss_ne=0.0211 - loss_div=0.000942 - threshold=0.743 - loss=6.759
/scratch/e0538389/DivClust/engine/trainer.py:41: FutureWarning: `torch.cuda.amp.autocast(args...)` is deprecated. Please use `torch.amp.autocast('cuda', args...)` instead.
  with autocast(self.mixed_precision):
[2026-03-30 10:52:12](logger.py 179): id=CC_FMNIST_C10CFG_K20_E100_DT_0_6 | Ep. 21/100 - Step 125/273 (2.33 it/s) |#########           | - loss_cc=4.604 - loss_ce=2.134 - loss_ne=0.0212 - loss_div=0.000962 - threshold=0.744 - loss=6.761
/scratch/e0538389/DivClust/engine/trainer.py:41: FutureWarning: `torch.cuda.amp.autocast(args...)` is deprecated. Please use `torch.amp.autocast('cuda', args...)` instead.
  with autocast(self.mixed_precision):
/scratch/e0538389/DivClust/engine/trainer.py:41: FutureWarning: `torch.cuda.amp.autocast(args...)` is deprecated. Please use `torch.amp.autocast('cuda', args...)` instead.
  with autocast(self.mixed_precision):
[2026-03-30 10:52:23](logger.py 179): id=CC_FMNIST_C10CFG_K20_E100_DT_0_6 | Ep. 21/100 - Step 150/273 (2.32 it/s) |##########          | - loss_cc=4.606 - loss_ce=2.135 - loss_ne=0.0214 - loss_div=0.000913 - threshold=0.745 - loss=6.764
/scratch/e0538389/DivClust/engine/trainer.py:41: FutureWarning: `torch.cuda.amp.autocast(args...)` is deprecated. Please use `torch.amp.autocast('cuda', args...)` instead.
  with autocast(self.mixed_precision):
[2026-03-30 10:52:34](logger.py 179): id=CC_FMNIST_C10CFG_K20_E100_DT_0_6 | Ep. 21/100 - Step 175/273 (2.32 it/s) |############        | - loss_cc=4.607 - loss_ce=2.135 - loss_ne=0.0214 - loss_div=0.00089 - threshold=0.745 - loss=6.764
/scratch/e0538389/DivClust/engine/trainer.py:41: FutureWarning: `torch.cuda.amp.autocast(args...)` is deprecated. Please use `torch.amp.autocast('cuda', args...)` instead.
  with autocast(self.mixed_precision):
[2026-03-30 10:52:45](logger.py 179): id=CC_FMNIST_C10CFG_K20_E100_DT_0_6 | Ep. 21/100 - Step 200/273 (2.32 it/s) |##############      | - loss_cc=4.606 - loss_ce=2.135 - loss_ne=0.0214 - loss_div=0.000788 - threshold=0.747 - loss=6.764
/scratch/e0538389/DivClust/engine/trainer.py:41: FutureWarning: `torch.cuda.amp.autocast(args...)` is deprecated. Please use `torch.amp.autocast('cuda', args...)` instead.
  with autocast(self.mixed_precision):
[2026-03-30 10:52:55](logger.py 179): id=CC_FMNIST_C10CFG_K20_E100_DT_0_6 | Ep. 21/100 - Step 225/273 (2.33 it/s) |################    | - loss_cc=4.606 - loss_ce=2.135 - loss_ne=0.0212 - loss_div=0.000735 - threshold=0.748 - loss=6.763
/scratch/e0538389/DivClust/engine/trainer.py:41: FutureWarning: `torch.cuda.amp.autocast(args...)` is deprecated. Please use `torch.amp.autocast('cuda', args...)` instead.
  with autocast(self.mixed_precision):
/scratch/e0538389/DivClust/engine/trainer.py:41: FutureWarning: `torch.cuda.amp.autocast(args...)` is deprecated. Please use `torch.amp.autocast('cuda', args...)` instead.
  with autocast(self.mixed_precision):
[2026-03-30 10:53:06](logger.py 179): id=CC_FMNIST_C10CFG_K20_E100_DT_0_6 | Ep. 21/100 - Step 250/273 (2.32 it/s) |##################  | - loss_cc=4.607 - loss_ce=2.135 - loss_ne=0.0214 - loss_div=0.000863 - threshold=0.747 - loss=6.764
/scratch/e0538389/DivClust/engine/trainer.py:41: FutureWarning: `torch.cuda.amp.autocast(args...)` is deprecated. Please use `torch.amp.autocast('cuda', args...)` instead.
  with autocast(self.mixed_precision):
[2026-03-30 10:53:16](logger.py 179): id=CC_FMNIST_C10CFG_K20_E100_DT_0_6 | Ep. 21/100 | Time: 00:01 | loss_cc=4.607 - loss_ce=2.135 - loss_ne=0.0212 - loss_div=0.000847 - threshold=0.747 - loss=6.764
[2026-03-30 10:53:18](logger.py 179): id=CC_FMNIST_C10CFG_K20_E100_DT_0_6 | Ep. 22/100 - Step 0/273 (0.0 it/s) |                    | - loss_cc=4.63 - loss_ce=2.145 - loss_ne=0.018 - loss_div=0.0 - threshold=0.745 - loss=6.793
/scratch/e0538389/DivClust/engine/trainer.py:41: FutureWarning: `torch.cuda.amp.autocast(args...)` is deprecated. Please use `torch.amp.autocast('cuda', args...)` instead.
  with autocast(self.mixed_precision):
[2026-03-30 10:53:29](logger.py 179): id=CC_FMNIST_C10CFG_K20_E100_DT_0_6 | Ep. 22/100 - Step 25/273 (2.38 it/s) |#                   | - loss_cc=4.604 - loss_ce=2.134 - loss_ne=0.0214 - loss_div=0.000316 - threshold=0.748 - loss=6.76
/scratch/e0538389/DivClust/engine/trainer.py:41: FutureWarning: `torch.cuda.amp.autocast(args...)` is deprecated. Please use `torch.amp.autocast('cuda', args...)` instead.
  with autocast(self.mixed_precision):
[2026-03-30 10:53:39](logger.py 179): id=CC_FMNIST_C10CFG_K20_E100_DT_0_6 | Ep. 22/100 - Step 50/273 (2.38 it/s) |###                 | - loss_cc=4.605 - loss_ce=2.135 - loss_ne=0.02 - loss_div=0.000236 - threshold=0.753 - loss=6.761
/scratch/e0538389/DivClust/engine/trainer.py:41: FutureWarning: `torch.cuda.amp.autocast(args...)` is deprecated. Please use `torch.amp.autocast('cuda', args...)` instead.
  with autocast(self.mixed_precision):
/scratch/e0538389/DivClust/engine/trainer.py:41: FutureWarning: `torch.cuda.amp.autocast(args...)` is deprecated. Please use `torch.amp.autocast('cuda', args...)` instead.
  with autocast(self.mixed_precision):
[2026-03-30 10:53:50](logger.py 179): id=CC_FMNIST_C10CFG_K20_E100_DT_0_6 | Ep. 22/100 - Step 75/273 (2.36 it/s) |#####               | - loss_cc=4.603 - loss_ce=2.134 - loss_ne=0.0202 - loss_div=0.000388 - threshold=0.752 - loss=6.757
/scratch/e0538389/DivClust/engine/trainer.py:41: FutureWarning: `torch.cuda.amp.autocast(args...)` is deprecated. Please use `torch.amp.autocast('cuda', args...)` instead.
  with autocast(self.mixed_precision):
[2026-03-30 10:54:01](logger.py 179): id=CC_FMNIST_C10CFG_K20_E100_DT_0_6 | Ep. 22/100 - Step 100/273 (2.36 it/s) |#######             | - loss_cc=4.604 - loss_ce=2.134 - loss_ne=0.0197 - loss_div=0.00082 - threshold=0.75 - loss=6.759
/scratch/e0538389/DivClust/engine/trainer.py:41: FutureWarning: `torch.cuda.amp.autocast(args...)` is deprecated. Please use `torch.amp.autocast('cuda', args...)` instead.
  with autocast(self.mixed_precision):
[2026-03-30 10:54:11](logger.py 179): id=CC_FMNIST_C10CFG_K20_E100_DT_0_6 | Ep. 22/100 - Step 125/273 (2.37 it/s) |#########           | - loss_cc=4.605 - loss_ce=2.134 - loss_ne=0.0199 - loss_div=0.000818 - threshold=0.748 - loss=6.76
/scratch/e0538389/DivClust/engine/trainer.py:41: FutureWarning: `torch.cuda.amp.autocast(args...)` is deprecated. Please use `torch.amp.autocast('cuda', args...)` instead.
  with autocast(self.mixed_precision):
[2026-03-30 10:54:22](logger.py 179): id=CC_FMNIST_C10CFG_K20_E100_DT_0_6 | Ep. 22/100 - Step 150/273 (2.37 it/s) |##########          | - loss_cc=4.604 - loss_ce=2.135 - loss_ne=0.0199 - loss_div=0.000848 - threshold=0.747 - loss=6.759
/scratch/e0538389/DivClust/engine/trainer.py:41: FutureWarning: `torch.cuda.amp.autocast(args...)` is deprecated. Please use `torch.amp.autocast('cuda', args...)` instead.
  with autocast(self.mixed_precision):
/scratch/e0538389/DivClust/engine/trainer.py:41: FutureWarning: `torch.cuda.amp.autocast(args...)` is deprecated. Please use `torch.amp.autocast('cuda', args...)` instead.
  with autocast(self.mixed_precision):
[2026-03-30 10:54:33](logger.py 179): id=CC_FMNIST_C10CFG_K20_E100_DT_0_6 | Ep. 22/100 - Step 175/273 (2.35 it/s) |############        | - loss_cc=4.603 - loss_ce=2.134 - loss_ne=0.0196 - loss_div=0.000816 - threshold=0.746 - loss=6.758
/scratch/e0538389/DivClust/engine/trainer.py:41: FutureWarning: `torch.cuda.amp.autocast(args...)` is deprecated. Please use `torch.amp.autocast('cuda', args...)` instead.
  with autocast(self.mixed_precision):
[2026-03-30 10:54:43](logger.py 179): id=CC_FMNIST_C10CFG_K20_E100_DT_0_6 | Ep. 22/100 - Step 200/273 (2.35 it/s) |##############      | - loss_cc=4.604 - loss_ce=2.134 - loss_ne=0.0195 - loss_div=0.000806 - threshold=0.745 - loss=6.759
/scratch/e0538389/DivClust/engine/trainer.py:41: FutureWarning: `torch.cuda.amp.autocast(args...)` is deprecated. Please use `torch.amp.autocast('cuda', args...)` instead.
  with autocast(self.mixed_precision):
[2026-03-30 10:54:54](logger.py 179): id=CC_FMNIST_C10CFG_K20_E100_DT_0_6 | Ep. 22/100 - Step 225/273 (2.36 it/s) |################    | - loss_cc=4.603 - loss_ce=2.134 - loss_ne=0.0196 - loss_div=0.000883 - threshold=0.745 - loss=6.758
/scratch/e0538389/DivClust/engine/trainer.py:41: FutureWarning: `torch.cuda.amp.autocast(args...)` is deprecated. Please use `torch.amp.autocast('cuda', args...)` instead.
  with autocast(self.mixed_precision):
[2026-03-30 10:55:04](logger.py 179): id=CC_FMNIST_C10CFG_K20_E100_DT_0_6 | Ep. 22/100 - Step 250/273 (2.36 it/s) |##################  | - loss_cc=4.603 - loss_ce=2.134 - loss_ne=0.0196 - loss_div=0.000839 - threshold=0.744 - loss=6.758
/scratch/e0538389/DivClust/engine/trainer.py:41: FutureWarning: `torch.cuda.amp.autocast(args...)` is deprecated. Please use `torch.amp.autocast('cuda', args...)` instead.
  with autocast(self.mixed_precision):
[2026-03-30 10:55:14](logger.py 179): id=CC_FMNIST_C10CFG_K20_E100_DT_0_6 | Ep. 22/100 | Time: 00:01 | loss_cc=4.603 - loss_ce=2.134 - loss_ne=0.0196 - loss_div=0.000787 - threshold=0.745 - loss=6.757
[2026-03-30 10:55:16](logger.py 179): id=CC_FMNIST_C10CFG_K20_E100_DT_0_6 | Ep. 23/100 - Step 0/273 (0.0 it/s) |                    | - loss_cc=4.622 - loss_ce=2.139 - loss_ne=0.0128 - loss_div=0.0 - threshold=0.752 - loss=6.774
/scratch/e0538389/DivClust/engine/trainer.py:41: FutureWarning: `torch.cuda.amp.autocast(args...)` is deprecated. Please use `torch.amp.autocast('cuda', args...)` instead.
  with autocast(self.mixed_precision):
/scratch/e0538389/DivClust/engine/trainer.py:41: FutureWarning: `torch.cuda.amp.autocast(args...)` is deprecated. Please use `torch.amp.autocast('cuda', args...)` instead.
  with autocast(self.mixed_precision):
[2026-03-30 10:55:27](logger.py 179): id=CC_FMNIST_C10CFG_K20_E100_DT_0_6 | Ep. 23/100 - Step 25/273 (2.23 it/s) |#                   | - loss_cc=4.601 - loss_ce=2.133 - loss_ne=0.0201 - loss_div=0.000115 - threshold=0.757 - loss=6.755
/scratch/e0538389/DivClust/engine/trainer.py:41: FutureWarning: `torch.cuda.amp.autocast(args...)` is deprecated. Please use `torch.amp.autocast('cuda', args...)` instead.
  with autocast(self.mixed_precision):
[2026-03-30 10:55:37](logger.py 179): id=CC_FMNIST_C10CFG_K20_E100_DT_0_6 | Ep. 23/100 - Step 50/273 (2.3 it/s) |###                 | - loss_cc=4.602 - loss_ce=2.132 - loss_ne=0.0207 - loss_div=0.000548 - threshold=0.753 - loss=6.755
/scratch/e0538389/DivClust/engine/trainer.py:41: FutureWarning: `torch.cuda.amp.autocast(args...)` is deprecated. Please use `torch.amp.autocast('cuda', args...)` instead.
  with autocast(self.mixed_precision):
[2026-03-30 10:55:48](logger.py 179): id=CC_FMNIST_C10CFG_K20_E100_DT_0_6 | Ep. 23/100 - Step 75/273 (2.33 it/s) |#####               | - loss_cc=4.601 - loss_ce=2.132 - loss_ne=0.0213 - loss_div=0.000782 - threshold=0.749 - loss=6.756
/scratch/e0538389/DivClust/engine/trainer.py:41: FutureWarning: `torch.cuda.amp.autocast(args...)` is deprecated. Please use `torch.amp.autocast('cuda', args...)` instead.
  with autocast(self.mixed_precision):
[2026-03-30 10:55:59](logger.py 179): id=CC_FMNIST_C10CFG_K20_E100_DT_0_6 | Ep. 23/100 - Step 100/273 (2.33 it/s) |#######             | - loss_cc=4.598 - loss_ce=2.132 - loss_ne=0.021 - loss_div=0.000672 - threshold=0.747 - loss=6.752
/scratch/e0538389/DivClust/engine/trainer.py:41: FutureWarning: `torch.cuda.amp.autocast(args...)` is deprecated. Please use `torch.amp.autocast('cuda', args...)` instead.
  with autocast(self.mixed_precision):
/scratch/e0538389/DivClust/engine/trainer.py:41: FutureWarning: `torch.cuda.amp.autocast(args...)` is deprecated. Please use `torch.amp.autocast('cuda', args...)` instead.
  with autocast(self.mixed_precision):
[2026-03-30 10:56:10](logger.py 179): id=CC_FMNIST_C10CFG_K20_E100_DT_0_6 | Ep. 23/100 - Step 125/273 (2.31 it/s) |#########           | - loss_cc=4.597 - loss_ce=2.131 - loss_ne=0.0205 - loss_div=0.000592 - threshold=0.748 - loss=6.749
/scratch/e0538389/DivClust/engine/trainer.py:41: FutureWarning: `torch.cuda.amp.autocast(args...)` is deprecated. Please use `torch.amp.autocast('cuda', args...)` instead.
  with autocast(self.mixed_precision):
[2026-03-30 10:56:20](logger.py 179): id=CC_FMNIST_C10CFG_K20_E100_DT_0_6 | Ep. 23/100 - Step 150/273 (2.32 it/s) |##########          | - loss_cc=4.597 - loss_ce=2.131 - loss_ne=0.0205 - loss_div=0.000706 - threshold=0.747 - loss=6.75
/scratch/e0538389/DivClust/engine/trainer.py:41: FutureWarning: `torch.cuda.amp.autocast(args...)` is deprecated. Please use `torch.amp.autocast('cuda', args...)` instead.
  with autocast(self.mixed_precision):
[2026-03-30 10:56:31](logger.py 179): id=CC_FMNIST_C10CFG_K20_E100_DT_0_6 | Ep. 23/100 - Step 175/273 (2.32 it/s) |############        | - loss_cc=4.597 - loss_ce=2.131 - loss_ne=0.02 - loss_div=0.000747 - threshold=0.746 - loss=6.749
/scratch/e0538389/DivClust/engine/trainer.py:41: FutureWarning: `torch.cuda.amp.autocast(args...)` is deprecated. Please use `torch.amp.autocast('cuda', args...)` instead.
  with autocast(self.mixed_precision):
[2026-03-30 10:56:42](logger.py 179): id=CC_FMNIST_C10CFG_K20_E100_DT_0_6 | Ep. 23/100 - Step 200/273 (2.32 it/s) |##############      | - loss_cc=4.597 - loss_ce=2.131 - loss_ne=0.0202 - loss_div=0.000791 - threshold=0.745 - loss=6.749
/scratch/e0538389/DivClust/engine/trainer.py:41: FutureWarning: `torch.cuda.amp.autocast(args...)` is deprecated. Please use `torch.amp.autocast('cuda', args...)` instead.
  with autocast(self.mixed_precision):
/scratch/e0538389/DivClust/engine/trainer.py:41: FutureWarning: `torch.cuda.amp.autocast(args...)` is deprecated. Please use `torch.amp.autocast('cuda', args...)` instead.
  with autocast(self.mixed_precision):
[2026-03-30 10:56:53](logger.py 179): id=CC_FMNIST_C10CFG_K20_E100_DT_0_6 | Ep. 23/100 - Step 225/273 (2.31 it/s) |################    | - loss_cc=4.597 - loss_ce=2.131 - loss_ne=0.0204 - loss_div=0.000728 - threshold=0.745 - loss=6.749
/scratch/e0538389/DivClust/engine/trainer.py:41: FutureWarning: `torch.cuda.amp.autocast(args...)` is deprecated. Please use `torch.amp.autocast('cuda', args...)` instead.
  with autocast(self.mixed_precision):
[2026-03-30 10:57:04](logger.py 179): id=CC_FMNIST_C10CFG_K20_E100_DT_0_6 | Ep. 23/100 - Step 250/273 (2.31 it/s) |##################  | - loss_cc=4.597 - loss_ce=2.131 - loss_ne=0.0202 - loss_div=0.000692 - threshold=0.745 - loss=6.749
/scratch/e0538389/DivClust/engine/trainer.py:41: FutureWarning: `torch.cuda.amp.autocast(args...)` is deprecated. Please use `torch.amp.autocast('cuda', args...)` instead.
  with autocast(self.mixed_precision):
[2026-03-30 10:57:13](logger.py 179): id=CC_FMNIST_C10CFG_K20_E100_DT_0_6 | Ep. 23/100 | Time: 00:01 | loss_cc=4.597 - loss_ce=2.131 - loss_ne=0.0203 - loss_div=0.000767 - threshold=0.745 - loss=6.749
[2026-03-30 10:57:16](logger.py 179): id=CC_FMNIST_C10CFG_K20_E100_DT_0_6 | Ep. 24/100 - Step 0/273 (0.0 it/s) |                    | - loss_cc=4.567 - loss_ce=2.123 - loss_ne=0.0162 - loss_div=0.0031 - threshold=0.736 - loss=6.709
/scratch/e0538389/DivClust/engine/trainer.py:41: FutureWarning: `torch.cuda.amp.autocast(args...)` is deprecated. Please use `torch.amp.autocast('cuda', args...)` instead.
  with autocast(self.mixed_precision):
[2026-03-30 10:57:26](logger.py 179): id=CC_FMNIST_C10CFG_K20_E100_DT_0_6 | Ep. 24/100 - Step 25/273 (2.39 it/s) |#                   | - loss_cc=4.593 - loss_ce=2.131 - loss_ne=0.0191 - loss_div=0.00162 - threshold=0.731 - loss=6.744
/scratch/e0538389/DivClust/engine/trainer.py:41: FutureWarning: `torch.cuda.amp.autocast(args...)` is deprecated. Please use `torch.amp.autocast('cuda', args...)` instead.
  with autocast(self.mixed_precision):
/scratch/e0538389/DivClust/engine/trainer.py:41: FutureWarning: `torch.cuda.amp.autocast(args...)` is deprecated. Please use `torch.amp.autocast('cuda', args...)` instead.
  with autocast(self.mixed_precision):
[2026-03-30 10:57:37](logger.py 179): id=CC_FMNIST_C10CFG_K20_E100_DT_0_6 | Ep. 24/100 - Step 50/273 (2.32 it/s) |###                 | - loss_cc=4.597 - loss_ce=2.133 - loss_ne=0.0207 - loss_div=0.00127 - threshold=0.734 - loss=6.752
/scratch/e0538389/DivClust/engine/trainer.py:41: FutureWarning: `torch.cuda.amp.autocast(args...)` is deprecated. Please use `torch.amp.autocast('cuda', args...)` instead.
  with autocast(self.mixed_precision):
[2026-03-30 10:57:48](logger.py 179): id=CC_FMNIST_C10CFG_K20_E100_DT_0_6 | Ep. 24/100 - Step 75/273 (2.34 it/s) |#####               | - loss_cc=4.597 - loss_ce=2.132 - loss_ne=0.0203 - loss_div=0.000878 - threshold=0.738 - loss=6.75
/scratch/e0538389/DivClust/engine/trainer.py:41: FutureWarning: `torch.cuda.amp.autocast(args...)` is deprecated. Please use `torch.amp.autocast('cuda', args...)` instead.
  with autocast(self.mixed_precision):
[2026-03-30 10:57:58](logger.py 179): id=CC_FMNIST_C10CFG_K20_E100_DT_0_6 | Ep. 24/100 - Step 100/273 (2.35 it/s) |#######             | - loss_cc=4.595 - loss_ce=2.131 - loss_ne=0.0205 - loss_div=0.000729 - threshold=0.74 - loss=6.747
/scratch/e0538389/DivClust/engine/trainer.py:41: FutureWarning: `torch.cuda.amp.autocast(args...)` is deprecated. Please use `torch.amp.autocast('cuda', args...)` instead.
  with autocast(self.mixed_precision):
[2026-03-30 10:58:09](logger.py 179): id=CC_FMNIST_C10CFG_K20_E100_DT_0_6 | Ep. 24/100 - Step 125/273 (2.36 it/s) |#########           | - loss_cc=4.596 - loss_ce=2.131 - loss_ne=0.0202 - loss_div=0.00084 - threshold=0.74 - loss=6.748
/scratch/e0538389/DivClust/engine/trainer.py:41: FutureWarning: `torch.cuda.amp.autocast(args...)` is deprecated. Please use `torch.amp.autocast('cuda', args...)` instead.
  with autocast(self.mixed_precision):
/scratch/e0538389/DivClust/engine/trainer.py:41: FutureWarning: `torch.cuda.amp.autocast(args...)` is deprecated. Please use `torch.amp.autocast('cuda', args...)` instead.
  with autocast(self.mixed_precision):
[2026-03-30 10:58:20](logger.py 179): id=CC_FMNIST_C10CFG_K20_E100_DT_0_6 | Ep. 24/100 - Step 150/273 (2.35 it/s) |##########          | - loss_cc=4.595 - loss_ce=2.131 - loss_ne=0.0201 - loss_div=0.000781 - threshold=0.74 - loss=6.746
/scratch/e0538389/DivClust/engine/trainer.py:41: FutureWarning: `torch.cuda.amp.autocast(args...)` is deprecated. Please use `torch.amp.autocast('cuda', args...)` instead.
  with autocast(self.mixed_precision):
[2026-03-30 10:58:30](logger.py 179): id=CC_FMNIST_C10CFG_K20_E100_DT_0_6 | Ep. 24/100 - Step 175/273 (2.36 it/s) |############        | - loss_cc=4.595 - loss_ce=2.131 - loss_ne=0.02 - loss_div=0.00073 - threshold=0.741 - loss=6.746
/scratch/e0538389/DivClust/engine/trainer.py:41: FutureWarning: `torch.cuda.amp.autocast(args...)` is deprecated. Please use `torch.amp.autocast('cuda', args...)` instead.
  with autocast(self.mixed_precision):
[2026-03-30 10:58:41](logger.py 179): id=CC_FMNIST_C10CFG_K20_E100_DT_0_6 | Ep. 24/100 - Step 200/273 (2.36 it/s) |##############      | - loss_cc=4.594 - loss_ce=2.131 - loss_ne=0.0199 - loss_div=0.000759 - threshold=0.741 - loss=6.746
/scratch/e0538389/DivClust/engine/trainer.py:41: FutureWarning: `torch.cuda.amp.autocast(args...)` is deprecated. Please use `torch.amp.autocast('cuda', args...)` instead.
  with autocast(self.mixed_precision):
[2026-03-30 10:58:51](logger.py 179): id=CC_FMNIST_C10CFG_K20_E100_DT_0_6 | Ep. 24/100 - Step 225/273 (2.36 it/s) |################    | - loss_cc=4.595 - loss_ce=2.131 - loss_ne=0.0196 - loss_div=0.00084 - threshold=0.74 - loss=6.746
/scratch/e0538389/DivClust/engine/trainer.py:41: FutureWarning: `torch.cuda.amp.autocast(args...)` is deprecated. Please use `torch.amp.autocast('cuda', args...)` instead.
  with autocast(self.mixed_precision):
/scratch/e0538389/DivClust/engine/trainer.py:41: FutureWarning: `torch.cuda.amp.autocast(args...)` is deprecated. Please use `torch.amp.autocast('cuda', args...)` instead.
  with autocast(self.mixed_precision):
[2026-03-30 10:59:03](logger.py 179): id=CC_FMNIST_C10CFG_K20_E100_DT_0_6 | Ep. 24/100 - Step 250/273 (2.34 it/s) |##################  | - loss_cc=4.595 - loss_ce=2.131 - loss_ne=0.0197 - loss_div=0.00079 - threshold=0.74 - loss=6.746
/scratch/e0538389/DivClust/engine/trainer.py:41: FutureWarning: `torch.cuda.amp.autocast(args...)` is deprecated. Please use `torch.amp.autocast('cuda', args...)` instead.
  with autocast(self.mixed_precision):
[2026-03-30 10:59:12](logger.py 179): id=CC_FMNIST_C10CFG_K20_E100_DT_0_6 | Ep. 24/100 | Time: 00:01 | loss_cc=4.595 - loss_ce=2.131 - loss_ne=0.0196 - loss_div=0.000741 - threshold=0.74 - loss=6.746
[2026-03-30 10:59:14](logger.py 179): id=CC_FMNIST_C10CFG_K20_E100_DT_0_6 | Ep. 25/100 - Step 0/273 (0.0 it/s) |                    | - loss_cc=4.624 - loss_ce=2.138 - loss_ne=0.0398 - loss_div=0.0 - threshold=0.751 - loss=6.802
/scratch/e0538389/DivClust/engine/trainer.py:41: FutureWarning: `torch.cuda.amp.autocast(args...)` is deprecated. Please use `torch.amp.autocast('cuda', args...)` instead.
  with autocast(self.mixed_precision):
[2026-03-30 10:59:25](logger.py 179): id=CC_FMNIST_C10CFG_K20_E100_DT_0_6 | Ep. 25/100 - Step 25/273 (2.31 it/s) |#                   | - loss_cc=4.596 - loss_ce=2.131 - loss_ne=0.0237 - loss_div=0.000402 - threshold=0.747 - loss=6.751
/scratch/e0538389/DivClust/engine/trainer.py:41: FutureWarning: `torch.cuda.amp.autocast(args...)` is deprecated. Please use `torch.amp.autocast('cuda', args...)` instead.
  with autocast(self.mixed_precision):
[2026-03-30 10:59:36](logger.py 179): id=CC_FMNIST_C10CFG_K20_E100_DT_0_6 | Ep. 25/100 - Step 50/273 (2.32 it/s) |###                 | - loss_cc=4.595 - loss_ce=2.13 - loss_ne=0.0215 - loss_div=0.000729 - threshold=0.743 - loss=6.747
/scratch/e0538389/DivClust/engine/trainer.py:41: FutureWarning: `torch.cuda.amp.autocast(args...)` is deprecated. Please use `torch.amp.autocast('cuda', args...)` instead.
  with autocast(self.mixed_precision):
[2026-03-30 10:59:47](logger.py 179): id=CC_FMNIST_C10CFG_K20_E100_DT_0_6 | Ep. 25/100 - Step 75/273 (2.29 it/s) |#####               | - loss_cc=4.596 - loss_ce=2.131 - loss_ne=0.0205 - loss_div=0.000682 - threshold=0.742 - loss=6.748
/scratch/e0538389/DivClust/engine/trainer.py:41: FutureWarning: `torch.cuda.amp.autocast(args...)` is deprecated. Please use `torch.amp.autocast('cuda', args...)` instead.
  with autocast(self.mixed_precision):
/scratch/e0538389/DivClust/engine/trainer.py:41: FutureWarning: `torch.cuda.amp.autocast(args...)` is deprecated. Please use `torch.amp.autocast('cuda', args...)` instead.
  with autocast(self.mixed_precision):
[2026-03-30 10:59:58](logger.py 179): id=CC_FMNIST_C10CFG_K20_E100_DT_0_6 | Ep. 25/100 - Step 100/273 (2.31 it/s) |#######             | - loss_cc=4.593 - loss_ce=2.13 - loss_ne=0.0202 - loss_div=0.000672 - threshold=0.741 - loss=6.744
/scratch/e0538389/DivClust/engine/trainer.py:41: FutureWarning: `torch.cuda.amp.autocast(args...)` is deprecated. Please use `torch.amp.autocast('cuda', args...)` instead.
  with autocast(self.mixed_precision):
[2026-03-30 11:00:09](logger.py 179): id=CC_FMNIST_C10CFG_K20_E100_DT_0_6 | Ep. 25/100 - Step 125/273 (2.31 it/s) |#########           | - loss_cc=4.593 - loss_ce=2.13 - loss_ne=0.0199 - loss_div=0.000671 - threshold=0.741 - loss=6.743
/scratch/e0538389/DivClust/engine/trainer.py:41: FutureWarning: `torch.cuda.amp.autocast(args...)` is deprecated. Please use `torch.amp.autocast('cuda', args...)` instead.
  with autocast(self.mixed_precision):
[2026-03-30 11:00:19](logger.py 179): id=CC_FMNIST_C10CFG_K20_E100_DT_0_6 | Ep. 25/100 - Step 150/273 (2.31 it/s) |##########          | - loss_cc=4.593 - loss_ce=2.13 - loss_ne=0.02 - loss_div=0.000831 - threshold=0.739 - loss=6.744
/scratch/e0538389/DivClust/engine/trainer.py:41: FutureWarning: `torch.cuda.amp.autocast(args...)` is deprecated. Please use `torch.amp.autocast('cuda', args...)` instead.
  with autocast(self.mixed_precision):
[2026-03-30 11:00:30](logger.py 179): id=CC_FMNIST_C10CFG_K20_E100_DT_0_6 | Ep. 25/100 - Step 175/273 (2.32 it/s) |############        | - loss_cc=4.594 - loss_ce=2.13 - loss_ne=0.0201 - loss_div=0.000801 - threshold=0.738 - loss=6.745
/scratch/e0538389/DivClust/engine/trainer.py:41: FutureWarning: `torch.cuda.amp.autocast(args...)` is deprecated. Please use `torch.amp.autocast('cuda', args...)` instead.
  with autocast(self.mixed_precision):
/scratch/e0538389/DivClust/engine/trainer.py:41: FutureWarning: `torch.cuda.amp.autocast(args...)` is deprecated. Please use `torch.amp.autocast('cuda', args...)` instead.
  with autocast(self.mixed_precision):
[2026-03-30 11:00:41](logger.py 179): id=CC_FMNIST_C10CFG_K20_E100_DT_0_6 | Ep. 25/100 - Step 200/273 (2.32 it/s) |##############      | - loss_cc=4.593 - loss_ce=2.13 - loss_ne=0.0201 - loss_div=0.000895 - threshold=0.737 - loss=6.744
/scratch/e0538389/DivClust/engine/trainer.py:41: FutureWarning: `torch.cuda.amp.autocast(args...)` is deprecated. Please use `torch.amp.autocast('cuda', args...)` instead.
  with autocast(self.mixed_precision):
[2026-03-30 11:00:51](logger.py 179): id=CC_FMNIST_C10CFG_K20_E100_DT_0_6 | Ep. 25/100 - Step 225/273 (2.32 it/s) |################    | - loss_cc=4.592 - loss_ce=2.13 - loss_ne=0.0199 - loss_div=0.000841 - threshold=0.737 - loss=6.743
/scratch/e0538389/DivClust/engine/trainer.py:41: FutureWarning: `torch.cuda.amp.autocast(args...)` is deprecated. Please use `torch.amp.autocast('cuda', args...)` instead.
  with autocast(self.mixed_precision):
[2026-03-30 11:01:02](logger.py 179): id=CC_FMNIST_C10CFG_K20_E100_DT_0_6 | Ep. 25/100 - Step 250/273 (2.32 it/s) |##################  | - loss_cc=4.593 - loss_ce=2.13 - loss_ne=0.02 - loss_div=0.000763 - threshold=0.738 - loss=6.744
/scratch/e0538389/DivClust/engine/trainer.py:41: FutureWarning: `torch.cuda.amp.autocast(args...)` is deprecated. Please use `torch.amp.autocast('cuda', args...)` instead.
  with autocast(self.mixed_precision):
[2026-03-30 11:01:12](logger.py 179): id=CC_FMNIST_C10CFG_K20_E100_DT_0_6 | Ep. 25/100 | Time: 00:01 | loss_cc=4.593 - loss_ce=2.13 - loss_ne=0.0198 - loss_div=0.000741 - threshold=0.739 - loss=6.744
[2026-03-30 11:01:14](logger.py 179): id=CC_FMNIST_C10CFG_K20_E100_DT_0_6 | Ep. 26/100 - Step 0/273 (0.0 it/s) |                    | - loss_cc=4.553 - loss_ce=2.115 - loss_ne=0.0151 - loss_div=0.000452 - threshold=0.743 - loss=6.684
/scratch/e0538389/DivClust/engine/trainer.py:41: FutureWarning: `torch.cuda.amp.autocast(args...)` is deprecated. Please use `torch.amp.autocast('cuda', args...)` instead.
  with autocast(self.mixed_precision):
/scratch/e0538389/DivClust/engine/trainer.py:41: FutureWarning: `torch.cuda.amp.autocast(args...)` is deprecated. Please use `torch.amp.autocast('cuda', args...)` instead.
  with autocast(self.mixed_precision):
[2026-03-30 11:01:25](logger.py 179): id=CC_FMNIST_C10CFG_K20_E100_DT_0_6 | Ep. 26/100 - Step 25/273 (2.32 it/s) |#                   | - loss_cc=4.59 - loss_ce=2.129 - loss_ne=0.0207 - loss_div=0.00128 - threshold=0.735 - loss=6.741
/scratch/e0538389/DivClust/engine/trainer.py:41: FutureWarning: `torch.cuda.amp.autocast(args...)` is deprecated. Please use `torch.amp.autocast('cuda', args...)` instead.
  with autocast(self.mixed_precision):
[2026-03-30 11:01:35](logger.py 179): id=CC_FMNIST_C10CFG_K20_E100_DT_0_6 | Ep. 26/100 - Step 50/273 (2.35 it/s) |###                 | - loss_cc=4.587 - loss_ce=2.129 - loss_ne=0.0199 - loss_div=0.00178 - threshold=0.73 - loss=6.737
/scratch/e0538389/DivClust/engine/trainer.py:41: FutureWarning: `torch.cuda.amp.autocast(args...)` is deprecated. Please use `torch.amp.autocast('cuda', args...)` instead.
  with autocast(self.mixed_precision):
[2026-03-30 11:01:46](logger.py 179): id=CC_FMNIST_C10CFG_K20_E100_DT_0_6 | Ep. 26/100 - Step 75/273 (2.35 it/s) |#####               | - loss_cc=4.588 - loss_ce=2.129 - loss_ne=0.0201 - loss_div=0.00167 - threshold=0.728 - loss=6.739
/scratch/e0538389/DivClust/engine/trainer.py:41: FutureWarning: `torch.cuda.amp.autocast(args...)` is deprecated. Please use `torch.amp.autocast('cuda', args...)` instead.
  with autocast(self.mixed_precision):
[2026-03-30 11:01:57](logger.py 179): id=CC_FMNIST_C10CFG_K20_E100_DT_0_6 | Ep. 26/100 - Step 100/273 (2.34 it/s) |#######             | - loss_cc=4.59 - loss_ce=2.13 - loss_ne=0.0198 - loss_div=0.00139 - threshold=0.729 - loss=6.741
/scratch/e0538389/DivClust/engine/trainer.py:41: FutureWarning: `torch.cuda.amp.autocast(args...)` is deprecated. Please use `torch.amp.autocast('cuda', args...)` instead.
  with autocast(self.mixed_precision):
/scratch/e0538389/DivClust/engine/trainer.py:41: FutureWarning: `torch.cuda.amp.autocast(args...)` is deprecated. Please use `torch.amp.autocast('cuda', args...)` instead.
  with autocast(self.mixed_precision):
[2026-03-30 11:02:08](logger.py 179): id=CC_FMNIST_C10CFG_K20_E100_DT_0_6 | Ep. 26/100 - Step 125/273 (2.33 it/s) |#########           | - loss_cc=4.59 - loss_ce=2.13 - loss_ne=0.0198 - loss_div=0.00115 - threshold=0.732 - loss=6.74
/scratch/e0538389/DivClust/engine/trainer.py:41: FutureWarning: `torch.cuda.amp.autocast(args...)` is deprecated. Please use `torch.amp.autocast('cuda', args...)` instead.
  with autocast(self.mixed_precision):
[2026-03-30 11:02:19](logger.py 179): id=CC_FMNIST_C10CFG_K20_E100_DT_0_6 | Ep. 26/100 - Step 150/273 (2.33 it/s) |##########          | - loss_cc=4.589 - loss_ce=2.129 - loss_ne=0.0199 - loss_div=0.000972 - threshold=0.735 - loss=6.739
/scratch/e0538389/DivClust/engine/trainer.py:41: FutureWarning: `torch.cuda.amp.autocast(args...)` is deprecated. Please use `torch.amp.autocast('cuda', args...)` instead.
  with autocast(self.mixed_precision):
[2026-03-30 11:02:29](logger.py 179): id=CC_FMNIST_C10CFG_K20_E100_DT_0_6 | Ep. 26/100 - Step 175/273 (2.33 it/s) |############        | - loss_cc=4.59 - loss_ce=2.129 - loss_ne=0.02 - loss_div=0.000921 - threshold=0.735 - loss=6.74
/scratch/e0538389/DivClust/engine/trainer.py:41: FutureWarning: `torch.cuda.amp.autocast(args...)` is deprecated. Please use `torch.amp.autocast('cuda', args...)` instead.
  with autocast(self.mixed_precision):
[2026-03-30 11:02:40](logger.py 179): id=CC_FMNIST_C10CFG_K20_E100_DT_0_6 | Ep. 26/100 - Step 200/273 (2.33 it/s) |##############      | - loss_cc=4.59 - loss_ce=2.13 - loss_ne=0.0199 - loss_div=0.00115 - threshold=0.734 - loss=6.741
/scratch/e0538389/DivClust/engine/trainer.py:41: FutureWarning: `torch.cuda.amp.autocast(args...)` is deprecated. Please use `torch.amp.autocast('cuda', args...)` instead.
  with autocast(self.mixed_precision):
/scratch/e0538389/DivClust/engine/trainer.py:41: FutureWarning: `torch.cuda.amp.autocast(args...)` is deprecated. Please use `torch.amp.autocast('cuda', args...)` instead.
  with autocast(self.mixed_precision):
[2026-03-30 11:02:51](logger.py 179): id=CC_FMNIST_C10CFG_K20_E100_DT_0_6 | Ep. 26/100 - Step 225/273 (2.32 it/s) |################    | - loss_cc=4.59 - loss_ce=2.13 - loss_ne=0.0198 - loss_div=0.00105 - threshold=0.735 - loss=6.741
/scratch/e0538389/DivClust/engine/trainer.py:41: FutureWarning: `torch.cuda.amp.autocast(args...)` is deprecated. Please use `torch.amp.autocast('cuda', args...)` instead.
  with autocast(self.mixed_precision):
[2026-03-30 11:03:02](logger.py 179): id=CC_FMNIST_C10CFG_K20_E100_DT_0_6 | Ep. 26/100 - Step 250/273 (2.32 it/s) |##################  | - loss_cc=4.59 - loss_ce=2.13 - loss_ne=0.0197 - loss_div=0.000964 - threshold=0.736 - loss=6.741
/scratch/e0538389/DivClust/engine/trainer.py:41: FutureWarning: `torch.cuda.amp.autocast(args...)` is deprecated. Please use `torch.amp.autocast('cuda', args...)` instead.
  with autocast(self.mixed_precision):
[2026-03-30 11:03:12](logger.py 179): id=CC_FMNIST_C10CFG_K20_E100_DT_0_6 | Ep. 26/100 | Time: 00:01 | loss_cc=4.59 - loss_ce=2.13 - loss_ne=0.0196 - loss_div=0.000887 - threshold=0.737 - loss=6.74
[2026-03-30 11:03:14](logger.py 179): id=CC_FMNIST_C10CFG_K20_E100_DT_0_6 | Ep. 27/100 - Step 0/273 (0.0 it/s) |                    | - loss_cc=4.565 - loss_ce=2.114 - loss_ne=0.0187 - loss_div=0.0 - threshold=0.757 - loss=6.697
/scratch/e0538389/DivClust/engine/trainer.py:41: FutureWarning: `torch.cuda.amp.autocast(args...)` is deprecated. Please use `torch.amp.autocast('cuda', args...)` instead.
  with autocast(self.mixed_precision):
[2026-03-30 11:03:25](logger.py 179): id=CC_FMNIST_C10CFG_K20_E100_DT_0_6 | Ep. 27/100 - Step 25/273 (2.33 it/s) |#                   | - loss_cc=4.592 - loss_ce=2.129 - loss_ne=0.0204 - loss_div=0.0001 - threshold=0.752 - loss=6.742
/scratch/e0538389/DivClust/engine/trainer.py:41: FutureWarning: `torch.cuda.amp.autocast(args...)` is deprecated. Please use `torch.amp.autocast('cuda', args...)` instead.
  with autocast(self.mixed_precision):
/scratch/e0538389/DivClust/engine/trainer.py:41: FutureWarning: `torch.cuda.amp.autocast(args...)` is deprecated. Please use `torch.amp.autocast('cuda', args...)` instead.
  with autocast(self.mixed_precision):
[2026-03-30 11:03:36](logger.py 179): id=CC_FMNIST_C10CFG_K20_E100_DT_0_6 | Ep. 27/100 - Step 50/273 (2.28 it/s) |###                 | - loss_cc=4.59 - loss_ce=2.128 - loss_ne=0.0197 - loss_div=0.000789 - threshold=0.747 - loss=6.738
/scratch/e0538389/DivClust/engine/trainer.py:41: FutureWarning: `torch.cuda.amp.autocast(args...)` is deprecated. Please use `torch.amp.autocast('cuda', args...)` instead.
  with autocast(self.mixed_precision):
[2026-03-30 11:03:47](logger.py 179): id=CC_FMNIST_C10CFG_K20_E100_DT_0_6 | Ep. 27/100 - Step 75/273 (2.31 it/s) |#####               | - loss_cc=4.589 - loss_ce=2.128 - loss_ne=0.0199 - loss_div=0.0011 - threshold=0.742 - loss=6.738
/scratch/e0538389/DivClust/engine/trainer.py:41: FutureWarning: `torch.cuda.amp.autocast(args...)` is deprecated. Please use `torch.amp.autocast('cuda', args...)` instead.
  with autocast(self.mixed_precision):
[2026-03-30 11:03:57](logger.py 179): id=CC_FMNIST_C10CFG_K20_E100_DT_0_6 | Ep. 27/100 - Step 100/273 (2.33 it/s) |#######             | - loss_cc=4.59 - loss_ce=2.129 - loss_ne=0.0202 - loss_div=0.00117 - threshold=0.74 - loss=6.74
/scratch/e0538389/DivClust/engine/trainer.py:41: FutureWarning: `torch.cuda.amp.autocast(args...)` is deprecated. Please use `torch.amp.autocast('cuda', args...)` instead.
  with autocast(self.mixed_precision):
[2026-03-30 11:04:08](logger.py 179): id=CC_FMNIST_C10CFG_K20_E100_DT_0_6 | Ep. 27/100 - Step 125/273 (2.33 it/s) |#########           | - loss_cc=4.59 - loss_ce=2.128 - loss_ne=0.0203 - loss_div=0.001 - threshold=0.74 - loss=6.74
/scratch/e0538389/DivClust/engine/trainer.py:41: FutureWarning: `torch.cuda.amp.autocast(args...)` is deprecated. Please use `torch.amp.autocast('cuda', args...)` instead.
  with autocast(self.mixed_precision):
/scratch/e0538389/DivClust/engine/trainer.py:41: FutureWarning: `torch.cuda.amp.autocast(args...)` is deprecated. Please use `torch.amp.autocast('cuda', args...)` instead.
  with autocast(self.mixed_precision):
[2026-03-30 11:04:19](logger.py 179): id=CC_FMNIST_C10CFG_K20_E100_DT_0_6 | Ep. 27/100 - Step 150/273 (2.31 it/s) |##########          | - loss_cc=4.59 - loss_ce=2.128 - loss_ne=0.02 - loss_div=0.000858 - threshold=0.741 - loss=6.739
/scratch/e0538389/DivClust/engine/trainer.py:41: FutureWarning: `torch.cuda.amp.autocast(args...)` is deprecated. Please use `torch.amp.autocast('cuda', args...)` instead.
  with autocast(self.mixed_precision):
[2026-03-30 11:04:30](logger.py 179): id=CC_FMNIST_C10CFG_K20_E100_DT_0_6 | Ep. 27/100 - Step 175/273 (2.31 it/s) |############        | - loss_cc=4.59 - loss_ce=2.128 - loss_ne=0.02 - loss_div=0.000833 - threshold=0.741 - loss=6.739
/scratch/e0538389/DivClust/engine/trainer.py:41: FutureWarning: `torch.cuda.amp.autocast(args...)` is deprecated. Please use `torch.amp.autocast('cuda', args...)` instead.
  with autocast(self.mixed_precision):
[2026-03-30 11:04:41](logger.py 179): id=CC_FMNIST_C10CFG_K20_E100_DT_0_6 | Ep. 27/100 - Step 200/273 (2.32 it/s) |##############      | - loss_cc=4.589 - loss_ce=2.128 - loss_ne=0.02 - loss_div=0.000842 - threshold=0.74 - loss=6.738
/scratch/e0538389/DivClust/engine/trainer.py:41: FutureWarning: `torch.cuda.amp.autocast(args...)` is deprecated. Please use `torch.amp.autocast('cuda', args...)` instead.
  with autocast(self.mixed_precision):
[2026-03-30 11:04:51](logger.py 179): id=CC_FMNIST_C10CFG_K20_E100_DT_0_6 | Ep. 27/100 - Step 225/273 (2.32 it/s) |################    | - loss_cc=4.589 - loss_ce=2.128 - loss_ne=0.0202 - loss_div=0.000782 - threshold=0.74 - loss=6.738
/scratch/e0538389/DivClust/engine/trainer.py:41: FutureWarning: `torch.cuda.amp.autocast(args...)` is deprecated. Please use `torch.amp.autocast('cuda', args...)` instead.
  with autocast(self.mixed_precision):
/scratch/e0538389/DivClust/engine/trainer.py:41: FutureWarning: `torch.cuda.amp.autocast(args...)` is deprecated. Please use `torch.amp.autocast('cuda', args...)` instead.
  with autocast(self.mixed_precision):
[2026-03-30 11:05:02](logger.py 179): id=CC_FMNIST_C10CFG_K20_E100_DT_0_6 | Ep. 27/100 - Step 250/273 (2.31 it/s) |##################  | - loss_cc=4.589 - loss_ce=2.128 - loss_ne=0.0201 - loss_div=0.000725 - threshold=0.74 - loss=6.737
/scratch/e0538389/DivClust/engine/trainer.py:41: FutureWarning: `torch.cuda.amp.autocast(args...)` is deprecated. Please use `torch.amp.autocast('cuda', args...)` instead.
  with autocast(self.mixed_precision):
[2026-03-30 11:05:11](logger.py 179): id=CC_FMNIST_C10CFG_K20_E100_DT_0_6 | Ep. 27/100 | Time: 00:01 | loss_cc=4.588 - loss_ce=2.128 - loss_ne=0.0201 - loss_div=0.00068 - threshold=0.741 - loss=6.737
[2026-03-30 11:05:14](logger.py 179): id=CC_FMNIST_C10CFG_K20_E100_DT_0_6 | Ep. 28/100 - Step 0/273 (0.0 it/s) |                    | - loss_cc=4.571 - loss_ce=2.131 - loss_ne=0.0155 - loss_div=0.0 - threshold=0.742 - loss=6.718
/scratch/e0538389/DivClust/engine/trainer.py:41: FutureWarning: `torch.cuda.amp.autocast(args...)` is deprecated. Please use `torch.amp.autocast('cuda', args...)` instead.
  with autocast(self.mixed_precision):
[2026-03-30 11:05:25](logger.py 179): id=CC_FMNIST_C10CFG_K20_E100_DT_0_6 | Ep. 28/100 - Step 25/273 (2.33 it/s) |#                   | - loss_cc=4.584 - loss_ce=2.126 - loss_ne=0.0186 - loss_div=0.00063 - threshold=0.739 - loss=6.729
/scratch/e0538389/DivClust/engine/trainer.py:41: FutureWarning: `torch.cuda.amp.autocast(args...)` is deprecated. Please use `torch.amp.autocast('cuda', args...)` instead.
  with autocast(self.mixed_precision):
[2026-03-30 11:05:35](logger.py 179): id=CC_FMNIST_C10CFG_K20_E100_DT_0_6 | Ep. 28/100 - Step 50/273 (2.33 it/s) |###                 | - loss_cc=4.585 - loss_ce=2.128 - loss_ne=0.0187 - loss_div=0.00104 - threshold=0.734 - loss=6.732
/scratch/e0538389/DivClust/engine/trainer.py:41: FutureWarning: `torch.cuda.amp.autocast(args...)` is deprecated. Please use `torch.amp.autocast('cuda', args...)` instead.
  with autocast(self.mixed_precision):
[2026-03-30 11:05:46](logger.py 179): id=CC_FMNIST_C10CFG_K20_E100_DT_0_6 | Ep. 28/100 - Step 75/273 (2.34 it/s) |#####               | - loss_cc=4.585 - loss_ce=2.127 - loss_ne=0.0191 - loss_div=0.000909 - threshold=0.734 - loss=6.732
/scratch/e0538389/DivClust/engine/trainer.py:41: FutureWarning: `torch.cuda.amp.autocast(args...)` is deprecated. Please use `torch.amp.autocast('cuda', args...)` instead.
  with autocast(self.mixed_precision):
/scratch/e0538389/DivClust/engine/trainer.py:41: FutureWarning: `torch.cuda.amp.autocast(args...)` is deprecated. Please use `torch.amp.autocast('cuda', args...)` instead.
  with autocast(self.mixed_precision):
[2026-03-30 11:05:57](logger.py 179): id=CC_FMNIST_C10CFG_K20_E100_DT_0_6 | Ep. 28/100 - Step 100/273 (2.31 it/s) |#######             | - loss_cc=4.586 - loss_ce=2.128 - loss_ne=0.019 - loss_div=0.000957 - threshold=0.732 - loss=6.734
/scratch/e0538389/DivClust/engine/trainer.py:41: FutureWarning: `torch.cuda.amp.autocast(args...)` is deprecated. Please use `torch.amp.autocast('cuda', args...)` instead.
  with autocast(self.mixed_precision):
[2026-03-30 11:06:08](logger.py 179): id=CC_FMNIST_C10CFG_K20_E100_DT_0_6 | Ep. 28/100 - Step 125/273 (2.31 it/s) |#########           | - loss_cc=4.585 - loss_ce=2.128 - loss_ne=0.0187 - loss_div=0.000921 - threshold=0.732 - loss=6.732
/scratch/e0538389/DivClust/engine/trainer.py:41: FutureWarning: `torch.cuda.amp.autocast(args...)` is deprecated. Please use `torch.amp.autocast('cuda', args...)` instead.
  with autocast(self.mixed_precision):
[2026-03-30 11:06:19](logger.py 179): id=CC_FMNIST_C10CFG_K20_E100_DT_0_6 | Ep. 28/100 - Step 150/273 (2.31 it/s) |##########          | - loss_cc=4.585 - loss_ce=2.128 - loss_ne=0.0189 - loss_div=0.000867 - threshold=0.732 - loss=6.733
/scratch/e0538389/DivClust/engine/trainer.py:41: FutureWarning: `torch.cuda.amp.autocast(args...)` is deprecated. Please use `torch.amp.autocast('cuda', args...)` instead.
  with autocast(self.mixed_precision):
[2026-03-30 11:06:29](logger.py 179): id=CC_FMNIST_C10CFG_K20_E100_DT_0_6 | Ep. 28/100 - Step 175/273 (2.32 it/s) |############        | - loss_cc=4.585 - loss_ce=2.128 - loss_ne=0.0189 - loss_div=0.000766 - threshold=0.733 - loss=6.733
/scratch/e0538389/DivClust/engine/trainer.py:41: FutureWarning: `torch.cuda.amp.autocast(args...)` is deprecated. Please use `torch.amp.autocast('cuda', args...)` instead.
  with autocast(self.mixed_precision):
/scratch/e0538389/DivClust/engine/trainer.py:41: FutureWarning: `torch.cuda.amp.autocast(args...)` is deprecated. Please use `torch.amp.autocast('cuda', args...)` instead.
  with autocast(self.mixed_precision):
[2026-03-30 11:06:40](logger.py 179): id=CC_FMNIST_C10CFG_K20_E100_DT_0_6 | Ep. 28/100 - Step 200/273 (2.32 it/s) |##############      | - loss_cc=4.585 - loss_ce=2.128 - loss_ne=0.0187 - loss_div=0.000776 - threshold=0.733 - loss=6.732
/scratch/e0538389/DivClust/engine/trainer.py:41: FutureWarning: `torch.cuda.amp.autocast(args...)` is deprecated. Please use `torch.amp.autocast('cuda', args...)` instead.
  with autocast(self.mixed_precision):
[2026-03-30 11:06:51](logger.py 179): id=CC_FMNIST_C10CFG_K20_E100_DT_0_6 | Ep. 28/100 - Step 225/273 (2.32 it/s) |################    | - loss_cc=4.584 - loss_ce=2.128 - loss_ne=0.0189 - loss_div=0.000909 - threshold=0.732 - loss=6.732
/scratch/e0538389/DivClust/engine/trainer.py:41: FutureWarning: `torch.cuda.amp.autocast(args...)` is deprecated. Please use `torch.amp.autocast('cuda', args...)` instead.
  with autocast(self.mixed_precision):
[2026-03-30 11:07:01](logger.py 179): id=CC_FMNIST_C10CFG_K20_E100_DT_0_6 | Ep. 28/100 - Step 250/273 (2.33 it/s) |##################  | - loss_cc=4.583 - loss_ce=2.127 - loss_ne=0.0189 - loss_div=0.000851 - threshold=0.731 - loss=6.73
/scratch/e0538389/DivClust/engine/trainer.py:41: FutureWarning: `torch.cuda.amp.autocast(args...)` is deprecated. Please use `torch.amp.autocast('cuda', args...)` instead.
  with autocast(self.mixed_precision):
[2026-03-30 11:07:10](logger.py 179): id=CC_FMNIST_C10CFG_K20_E100_DT_0_6 | Ep. 28/100 | Time: 00:01 | loss_cc=4.583 - loss_ce=2.127 - loss_ne=0.019 - loss_div=0.000818 - threshold=0.731 - loss=6.73
[2026-03-30 11:07:12](logger.py 179): id=CC_FMNIST_C10CFG_K20_E100_DT_0_6 | Ep. 29/100 - Step 0/273 (0.0 it/s) |                    | - loss_cc=4.569 - loss_ce=2.122 - loss_ne=0.0197 - loss_div=0.0 - threshold=0.734 - loss=6.71
/scratch/e0538389/DivClust/engine/trainer.py:41: FutureWarning: `torch.cuda.amp.autocast(args...)` is deprecated. Please use `torch.amp.autocast('cuda', args...)` instead.
  with autocast(self.mixed_precision):
/scratch/e0538389/DivClust/engine/trainer.py:41: FutureWarning: `torch.cuda.amp.autocast(args...)` is deprecated. Please use `torch.amp.autocast('cuda', args...)` instead.
  with autocast(self.mixed_precision):
[2026-03-30 11:07:24](logger.py 179): id=CC_FMNIST_C10CFG_K20_E100_DT_0_6 | Ep. 29/100 - Step 25/273 (2.25 it/s) |#                   | - loss_cc=4.579 - loss_ce=2.126 - loss_ne=0.0211 - loss_div=0.000128 - threshold=0.741 - loss=6.726
/scratch/e0538389/DivClust/engine/trainer.py:41: FutureWarning: `torch.cuda.amp.autocast(args...)` is deprecated. Please use `torch.amp.autocast('cuda', args...)` instead.
  with autocast(self.mixed_precision):
[2026-03-30 11:07:34](logger.py 179): id=CC_FMNIST_C10CFG_K20_E100_DT_0_6 | Ep. 29/100 - Step 50/273 (2.31 it/s) |###                 | - loss_cc=4.581 - loss_ce=2.126 - loss_ne=0.0197 - loss_div=0.000122 - threshold=0.743 - loss=6.727
/scratch/e0538389/DivClust/engine/trainer.py:41: FutureWarning: `torch.cuda.amp.autocast(args...)` is deprecated. Please use `torch.amp.autocast('cuda', args...)` instead.
  with autocast(self.mixed_precision):
[2026-03-30 11:07:45](logger.py 179): id=CC_FMNIST_C10CFG_K20_E100_DT_0_6 | Ep. 29/100 - Step 75/273 (2.33 it/s) |#####               | - loss_cc=4.584 - loss_ce=2.127 - loss_ne=0.0198 - loss_div=0.000234 - threshold=0.741 - loss=6.73
/scratch/e0538389/DivClust/engine/trainer.py:41: FutureWarning: `torch.cuda.amp.autocast(args...)` is deprecated. Please use `torch.amp.autocast('cuda', args...)` instead.
  with autocast(self.mixed_precision):
[2026-03-30 11:07:55](logger.py 179): id=CC_FMNIST_C10CFG_K20_E100_DT_0_6 | Ep. 29/100 - Step 100/273 (2.35 it/s) |#######             | - loss_cc=4.585 - loss_ce=2.127 - loss_ne=0.0195 - loss_div=0.000524 - threshold=0.738 - loss=6.732
/scratch/e0538389/DivClust/engine/trainer.py:41: FutureWarning: `torch.cuda.amp.autocast(args...)` is deprecated. Please use `torch.amp.autocast('cuda', args...)` instead.
  with autocast(self.mixed_precision):
/scratch/e0538389/DivClust/engine/trainer.py:41: FutureWarning: `torch.cuda.amp.autocast(args...)` is deprecated. Please use `torch.amp.autocast('cuda', args...)` instead.
  with autocast(self.mixed_precision):
[2026-03-30 11:08:06](logger.py 179): id=CC_FMNIST_C10CFG_K20_E100_DT_0_6 | Ep. 29/100 - Step 125/273 (2.33 it/s) |#########           | - loss_cc=4.584 - loss_ce=2.127 - loss_ne=0.0195 - loss_div=0.000853 - threshold=0.735 - loss=6.731
/scratch/e0538389/DivClust/engine/trainer.py:41: FutureWarning: `torch.cuda.amp.autocast(args...)` is deprecated. Please use `torch.amp.autocast('cuda', args...)` instead.
  with autocast(self.mixed_precision):
[2026-03-30 11:08:17](logger.py 179): id=CC_FMNIST_C10CFG_K20_E100_DT_0_6 | Ep. 29/100 - Step 150/273 (2.33 it/s) |##########          | - loss_cc=4.583 - loss_ce=2.127 - loss_ne=0.0194 - loss_div=0.000843 - threshold=0.734 - loss=6.73
/scratch/e0538389/DivClust/engine/trainer.py:41: FutureWarning: `torch.cuda.amp.autocast(args...)` is deprecated. Please use `torch.amp.autocast('cuda', args...)` instead.
  with autocast(self.mixed_precision):
[2026-03-30 11:08:27](logger.py 179): id=CC_FMNIST_C10CFG_K20_E100_DT_0_6 | Ep. 29/100 - Step 175/273 (2.33 it/s) |############        | - loss_cc=4.583 - loss_ce=2.127 - loss_ne=0.0194 - loss_div=0.000736 - threshold=0.734 - loss=6.73
/scratch/e0538389/DivClust/engine/trainer.py:41: FutureWarning: `torch.cuda.amp.autocast(args...)` is deprecated. Please use `torch.amp.autocast('cuda', args...)` instead.
  with autocast(self.mixed_precision):
[2026-03-30 11:08:38](logger.py 179): id=CC_FMNIST_C10CFG_K20_E100_DT_0_6 | Ep. 29/100 - Step 200/273 (2.33 it/s) |##############      | - loss_cc=4.583 - loss_ce=2.127 - loss_ne=0.0193 - loss_div=0.000734 - threshold=0.734 - loss=6.729
/scratch/e0538389/DivClust/engine/trainer.py:41: FutureWarning: `torch.cuda.amp.autocast(args...)` is deprecated. Please use `torch.amp.autocast('cuda', args...)` instead.
  with autocast(self.mixed_precision):
/scratch/e0538389/DivClust/engine/trainer.py:41: FutureWarning: `torch.cuda.amp.autocast(args...)` is deprecated. Please use `torch.amp.autocast('cuda', args...)` instead.
  with autocast(self.mixed_precision):
[2026-03-30 11:08:49](logger.py 179): id=CC_FMNIST_C10CFG_K20_E100_DT_0_6 | Ep. 29/100 - Step 225/273 (2.33 it/s) |################    | - loss_cc=4.584 - loss_ce=2.127 - loss_ne=0.0193 - loss_div=0.000669 - threshold=0.735 - loss=6.731
/scratch/e0538389/DivClust/engine/trainer.py:41: FutureWarning: `torch.cuda.amp.autocast(args...)` is deprecated. Please use `torch.amp.autocast('cuda', args...)` instead.
  with autocast(self.mixed_precision):
[2026-03-30 11:09:00](logger.py 179): id=CC_FMNIST_C10CFG_K20_E100_DT_0_6 | Ep. 29/100 - Step 250/273 (2.33 it/s) |##################  | - loss_cc=4.584 - loss_ce=2.127 - loss_ne=0.0196 - loss_div=0.000632 - threshold=0.736 - loss=6.731
/scratch/e0538389/DivClust/engine/trainer.py:41: FutureWarning: `torch.cuda.amp.autocast(args...)` is deprecated. Please use `torch.amp.autocast('cuda', args...)` instead.
  with autocast(self.mixed_precision):
[2026-03-30 11:09:09](logger.py 179): id=CC_FMNIST_C10CFG_K20_E100_DT_0_6 | Ep. 29/100 | Time: 00:01 | loss_cc=4.584 - loss_ce=2.127 - loss_ne=0.0197 - loss_div=0.000667 - threshold=0.736 - loss=6.732
[2026-03-30 11:09:12](logger.py 179): id=CC_FMNIST_C10CFG_K20_E100_DT_0_6 | Ep. 30/100 - Step 0/273 (0.0 it/s) |                    | - loss_cc=4.573 - loss_ce=2.125 - loss_ne=0.0125 - loss_div=0.0 - threshold=0.733 - loss=6.71
/scratch/e0538389/DivClust/engine/trainer.py:41: FutureWarning: `torch.cuda.amp.autocast(args...)` is deprecated. Please use `torch.amp.autocast('cuda', args...)` instead.
  with autocast(self.mixed_precision):
[2026-03-30 11:09:22](logger.py 179): id=CC_FMNIST_C10CFG_K20_E100_DT_0_6 | Ep. 30/100 - Step 25/273 (2.39 it/s) |#                   | - loss_cc=4.581 - loss_ce=2.125 - loss_ne=0.0196 - loss_div=0.000386 - threshold=0.738 - loss=6.726
/scratch/e0538389/DivClust/engine/trainer.py:41: FutureWarning: `torch.cuda.amp.autocast(args...)` is deprecated. Please use `torch.amp.autocast('cuda', args...)` instead.
  with autocast(self.mixed_precision):
[2026-03-30 11:09:33](logger.py 179): id=CC_FMNIST_C10CFG_K20_E100_DT_0_6 | Ep. 30/100 - Step 50/273 (2.36 it/s) |###                 | - loss_cc=4.581 - loss_ce=2.125 - loss_ne=0.0197 - loss_div=0.000661 - threshold=0.736 - loss=6.726
/scratch/e0538389/DivClust/engine/trainer.py:41: FutureWarning: `torch.cuda.amp.autocast(args...)` is deprecated. Please use `torch.amp.autocast('cuda', args...)` instead.
  with autocast(self.mixed_precision):
/scratch/e0538389/DivClust/engine/trainer.py:41: FutureWarning: `torch.cuda.amp.autocast(args...)` is deprecated. Please use `torch.amp.autocast('cuda', args...)` instead.
  with autocast(self.mixed_precision):
[2026-03-30 11:09:43](logger.py 179): id=CC_FMNIST_C10CFG_K20_E100_DT_0_6 | Ep. 30/100 - Step 75/273 (2.37 it/s) |#####               | - loss_cc=4.581 - loss_ce=2.126 - loss_ne=0.0201 - loss_div=0.000707 - threshold=0.733 - loss=6.728
/scratch/e0538389/DivClust/engine/trainer.py:41: FutureWarning: `torch.cuda.amp.autocast(args...)` is deprecated. Please use `torch.amp.autocast('cuda', args...)` instead.
  with autocast(self.mixed_precision):
[2026-03-30 11:09:54](logger.py 179): id=CC_FMNIST_C10CFG_K20_E100_DT_0_6 | Ep. 30/100 - Step 100/273 (2.37 it/s) |#######             | - loss_cc=4.58 - loss_ce=2.126 - loss_ne=0.0205 - loss_div=0.000601 - threshold=0.734 - loss=6.727
/scratch/e0538389/DivClust/engine/trainer.py:41: FutureWarning: `torch.cuda.amp.autocast(args...)` is deprecated. Please use `torch.amp.autocast('cuda', args...)` instead.
  with autocast(self.mixed_precision):
[2026-03-30 11:10:05](logger.py 179): id=CC_FMNIST_C10CFG_K20_E100_DT_0_6 | Ep. 30/100 - Step 125/273 (2.36 it/s) |#########           | - loss_cc=4.58 - loss_ce=2.126 - loss_ne=0.0198 - loss_div=0.000588 - threshold=0.734 - loss=6.726
/scratch/e0538389/DivClust/engine/trainer.py:41: FutureWarning: `torch.cuda.amp.autocast(args...)` is deprecated. Please use `torch.amp.autocast('cuda', args...)` instead.
  with autocast(self.mixed_precision):
[2026-03-30 11:10:15](logger.py 179): id=CC_FMNIST_C10CFG_K20_E100_DT_0_6 | Ep. 30/100 - Step 150/273 (2.36 it/s) |##########          | - loss_cc=4.581 - loss_ce=2.126 - loss_ne=0.0202 - loss_div=0.000822 - threshold=0.733 - loss=6.727
/scratch/e0538389/DivClust/engine/trainer.py:41: FutureWarning: `torch.cuda.amp.autocast(args...)` is deprecated. Please use `torch.amp.autocast('cuda', args...)` instead.
  with autocast(self.mixed_precision):
/scratch/e0538389/DivClust/engine/trainer.py:41: FutureWarning: `torch.cuda.amp.autocast(args...)` is deprecated. Please use `torch.amp.autocast('cuda', args...)` instead.
  with autocast(self.mixed_precision):
[2026-03-30 11:10:26](logger.py 179): id=CC_FMNIST_C10CFG_K20_E100_DT_0_6 | Ep. 30/100 - Step 175/273 (2.35 it/s) |############        | - loss_cc=4.581 - loss_ce=2.126 - loss_ne=0.02 - loss_div=0.000948 - threshold=0.731 - loss=6.728
/scratch/e0538389/DivClust/engine/trainer.py:41: FutureWarning: `torch.cuda.amp.autocast(args...)` is deprecated. Please use `torch.amp.autocast('cuda', args...)` instead.
  with autocast(self.mixed_precision):
[2026-03-30 11:10:37](logger.py 179): id=CC_FMNIST_C10CFG_K20_E100_DT_0_6 | Ep. 30/100 - Step 200/273 (2.35 it/s) |##############      | - loss_cc=4.581 - loss_ce=2.126 - loss_ne=0.0202 - loss_div=0.000861 - threshold=0.731 - loss=6.728
/scratch/e0538389/DivClust/engine/trainer.py:41: FutureWarning: `torch.cuda.amp.autocast(args...)` is deprecated. Please use `torch.amp.autocast('cuda', args...)` instead.
  with autocast(self.mixed_precision):
[2026-03-30 11:10:48](logger.py 179): id=CC_FMNIST_C10CFG_K20_E100_DT_0_6 | Ep. 30/100 - Step 225/273 (2.35 it/s) |################    | - loss_cc=4.58 - loss_ce=2.126 - loss_ne=0.02 - loss_div=0.000797 - threshold=0.732 - loss=6.727
/scratch/e0538389/DivClust/engine/trainer.py:41: FutureWarning: `torch.cuda.amp.autocast(args...)` is deprecated. Please use `torch.amp.autocast('cuda', args...)` instead.
  with autocast(self.mixed_precision):
[2026-03-30 11:10:59](logger.py 179): id=CC_FMNIST_C10CFG_K20_E100_DT_0_6 | Ep. 30/100 - Step 250/273 (2.34 it/s) |##################  | - loss_cc=4.581 - loss_ce=2.126 - loss_ne=0.0199 - loss_div=0.00077 - threshold=0.732 - loss=6.727
/scratch/e0538389/DivClust/engine/trainer.py:41: FutureWarning: `torch.cuda.amp.autocast(args...)` is deprecated. Please use `torch.amp.autocast('cuda', args...)` instead.
  with autocast(self.mixed_precision):
/scratch/e0538389/DivClust/engine/trainer.py:41: FutureWarning: `torch.cuda.amp.autocast(args...)` is deprecated. Please use `torch.amp.autocast('cuda', args...)` instead.
  with autocast(self.mixed_precision):
[2026-03-30 11:11:08](logger.py 179): Evaluating
[2026-03-30 11:11:08](logger.py 179): Eval. step 0 of 274
[2026-03-30 11:11:11](logger.py 179): Eval. step 25 of 274
[2026-03-30 11:11:13](logger.py 179): Eval. step 50 of 274
[2026-03-30 11:11:15](logger.py 179): Eval. step 75 of 274
[2026-03-30 11:11:18](logger.py 179): Eval. step 100 of 274
[2026-03-30 11:11:20](logger.py 179): Eval. step 125 of 274
[2026-03-30 11:11:22](logger.py 179): Eval. step 150 of 274
[2026-03-30 11:11:24](logger.py 179): Eval. step 175 of 274
[2026-03-30 11:11:27](logger.py 179): Eval. step 200 of 274
[2026-03-30 11:11:29](logger.py 179): Eval. step 225 of 274
[2026-03-30 11:11:31](logger.py 179): Eval. step 250 of 274
[2026-03-30 11:11:36](logger.py 179): id=CC_FMNIST_C10CFG_K20_E100_DT_0_6 | Ep. 30/100 | Time: 00:02 | loss_cc=4.582 - loss_ce=2.126 - loss_ne=0.0199 - loss_div=0.000827 - threshold=0.731 - loss=6.729 - eval_confidence=0.879 - cluster_acc_0_eval=42.13 - cluster_nmi_0_eval=0.452 - cluster_ari_0_eval=0.279 - cluster_acc_1_eval=46.08 - cluster_nmi_1_eval=0.466 - cluster_ari_1_eval=0.315 - cluster_acc_2_eval=45.33 - cluster_nmi_2_eval=0.504 - cluster_ari_2_eval=0.328 - cluster_acc_3_eval=50.62 - cluster_nmi_3_eval=0.515 - cluster_ari_3_eval=0.355 - cluster_acc_4_eval=50.78 - cluster_nmi_4_eval=0.512 - cluster_ari_4_eval=0.345 - cluster_acc_5_eval=65.83 - cluster_nmi_5_eval=0.62 - cluster_ari_5_eval=0.5 - cluster_acc_6_eval=53.81 - cluster_nmi_6_eval=0.567 - cluster_ari_6_eval=0.377 - cluster_acc_7_eval=58.92 - cluster_nmi_7_eval=0.537 - cluster_ari_7_eval=0.412 - cluster_acc_8_eval=54.97 - cluster_nmi_8_eval=0.521 - cluster_ari_8_eval=0.375 - cluster_acc_9_eval=59.96 - cluster_nmi_9_eval=0.587 - cluster_ari_9_eval=0.462 - cluster_acc_10_eval=54.6 - cluster_nmi_10_eval=0.512 - cluster_ari_10_eval=0.373 - cluster_acc_11_eval=51.0 - cluster_nmi_11_eval=0.498 - cluster_ari_11_eval=0.332 - cluster_acc_12_eval=50.23 - cluster_nmi_12_eval=0.522 - cluster_ari_12_eval=0.368 - cluster_acc_13_eval=53.93 - cluster_nmi_13_eval=0.523 - cluster_ari_13_eval=0.367 - cluster_acc_14_eval=49.99 - cluster_nmi_14_eval=0.524 - cluster_ari_14_eval=0.354 - cluster_acc_15_eval=51.34 - cluster_nmi_15_eval=0.528 - cluster_ari_15_eval=0.356 - cluster_acc_16_eval=54.89 - cluster_nmi_16_eval=0.54 - cluster_ari_16_eval=0.404 - cluster_acc_17_eval=52.08 - cluster_nmi_17_eval=0.542 - cluster_ari_17_eval=0.378 - cluster_acc_18_eval=52.13 - cluster_nmi_18_eval=0.519 - cluster_ari_18_eval=0.378 - cluster_acc_19_eval=50.52 - cluster_nmi_19_eval=0.5 - cluster_ari_19_eval=0.356 - max_cluster_acc_eval=65.83 - mean_cluster_acc_eval=52.46 - min_cluster_acc_eval=42.13 - max_cluster_nmi_eval=0.62 - mean_cluster_nmi_eval=0.525 - min_cluster_nmi_eval=0.452 - max_cluster_ari_eval=0.5 - mean_cluster_ari_eval=0.371 - min_cluster_ari_eval=0.279 - interclustering_nmi_eval=0.572
/scratch/e0538389/DivClust/engine/trainer.py:41: FutureWarning: `torch.cuda.amp.autocast(args...)` is deprecated. Please use `torch.amp.autocast('cuda', args...)` instead.
  with autocast(self.mixed_precision):
[2026-03-30 11:11:38](logger.py 179): id=CC_FMNIST_C10CFG_K20_E100_DT_0_6 | Ep. 31/100 - Step 0/273 (0.0 it/s) |                    | - loss_cc=4.532 - loss_ce=2.107 - loss_ne=0.0316 - loss_div=0.000183 - threshold=0.733 - loss=6.671
/scratch/e0538389/DivClust/engine/trainer.py:41: FutureWarning: `torch.cuda.amp.autocast(args...)` is deprecated. Please use `torch.amp.autocast('cuda', args...)` instead.
  with autocast(self.mixed_precision):
[2026-03-30 11:11:48](logger.py 179): id=CC_FMNIST_C10CFG_K20_E100_DT_0_6 | Ep. 31/100 - Step 25/273 (2.32 it/s) |#                   | - loss_cc=4.577 - loss_ce=2.126 - loss_ne=0.0211 - loss_div=9.57e-05 - threshold=0.735 - loss=6.724
/scratch/e0538389/DivClust/engine/trainer.py:41: FutureWarning: `torch.cuda.amp.autocast(args...)` is deprecated. Please use `torch.amp.autocast('cuda', args...)` instead.
  with autocast(self.mixed_precision):
[2026-03-30 11:11:59](logger.py 179): id=CC_FMNIST_C10CFG_K20_E100_DT_0_6 | Ep. 31/100 - Step 50/273 (2.32 it/s) |###                 | - loss_cc=4.576 - loss_ce=2.125 - loss_ne=0.0202 - loss_div=0.000163 - threshold=0.74 - loss=6.722
/scratch/e0538389/DivClust/engine/trainer.py:41: FutureWarning: `torch.cuda.amp.autocast(args...)` is deprecated. Please use `torch.amp.autocast('cuda', args...)` instead.
  with autocast(self.mixed_precision):
[2026-03-30 11:12:10](logger.py 179): id=CC_FMNIST_C10CFG_K20_E100_DT_0_6 | Ep. 31/100 - Step 75/273 (2.32 it/s) |#####               | - loss_cc=4.577 - loss_ce=2.125 - loss_ne=0.0191 - loss_div=0.000239 - threshold=0.74 - loss=6.721
/scratch/e0538389/DivClust/engine/trainer.py:41: FutureWarning: `torch.cuda.amp.autocast(args...)` is deprecated. Please use `torch.amp.autocast('cuda', args...)` instead.
  with autocast(self.mixed_precision):
/scratch/e0538389/DivClust/engine/trainer.py:41: FutureWarning: `torch.cuda.amp.autocast(args...)` is deprecated. Please use `torch.amp.autocast('cuda', args...)` instead.
  with autocast(self.mixed_precision):
[2026-03-30 11:12:21](logger.py 179): id=CC_FMNIST_C10CFG_K20_E100_DT_0_6 | Ep. 31/100 - Step 100/273 (2.3 it/s) |#######             | - loss_cc=4.577 - loss_ce=2.124 - loss_ne=0.0193 - loss_div=0.00048 - threshold=0.738 - loss=6.721
/scratch/e0538389/DivClust/engine/trainer.py:41: FutureWarning: `torch.cuda.amp.autocast(args...)` is deprecated. Please use `torch.amp.autocast('cuda', args...)` instead.
  with autocast(self.mixed_precision):
[2026-03-30 11:12:32](logger.py 179): id=CC_FMNIST_C10CFG_K20_E100_DT_0_6 | Ep. 31/100 - Step 125/273 (2.3 it/s) |#########           | - loss_cc=4.578 - loss_ce=2.125 - loss_ne=0.0191 - loss_div=0.000585 - threshold=0.736 - loss=6.722
/scratch/e0538389/DivClust/engine/trainer.py:41: FutureWarning: `torch.cuda.amp.autocast(args...)` is deprecated. Please use `torch.amp.autocast('cuda', args...)` instead.
  with autocast(self.mixed_precision):
[2026-03-30 11:12:43](logger.py 179): id=CC_FMNIST_C10CFG_K20_E100_DT_0_6 | Ep. 31/100 - Step 150/273 (2.31 it/s) |##########          | - loss_cc=4.579 - loss_ce=2.125 - loss_ne=0.0195 - loss_div=0.000526 - threshold=0.736 - loss=6.724
/scratch/e0538389/DivClust/engine/trainer.py:41: FutureWarning: `torch.cuda.amp.autocast(args...)` is deprecated. Please use `torch.amp.autocast('cuda', args...)` instead.
  with autocast(self.mixed_precision):
[2026-03-30 11:12:53](logger.py 179): id=CC_FMNIST_C10CFG_K20_E100_DT_0_6 | Ep. 31/100 - Step 175/273 (2.31 it/s) |############        | - loss_cc=4.579 - loss_ce=2.125 - loss_ne=0.0192 - loss_div=0.00052 - threshold=0.736 - loss=6.724
/scratch/e0538389/DivClust/engine/trainer.py:41: FutureWarning: `torch.cuda.amp.autocast(args...)` is deprecated. Please use `torch.amp.autocast('cuda', args...)` instead.
  with autocast(self.mixed_precision):
/scratch/e0538389/DivClust/engine/trainer.py:41: FutureWarning: `torch.cuda.amp.autocast(args...)` is deprecated. Please use `torch.amp.autocast('cuda', args...)` instead.
  with autocast(self.mixed_precision):
[2026-03-30 11:13:04](logger.py 179): id=CC_FMNIST_C10CFG_K20_E100_DT_0_6 | Ep. 31/100 - Step 200/273 (2.31 it/s) |##############      | - loss_cc=4.579 - loss_ce=2.125 - loss_ne=0.019 - loss_div=0.000495 - threshold=0.736 - loss=6.724
/scratch/e0538389/DivClust/engine/trainer.py:41: FutureWarning: `torch.cuda.amp.autocast(args...)` is deprecated. Please use `torch.amp.autocast('cuda', args...)` instead.
  with autocast(self.mixed_precision):
[2026-03-30 11:13:15](logger.py 179): id=CC_FMNIST_C10CFG_K20_E100_DT_0_6 | Ep. 31/100 - Step 225/273 (2.31 it/s) |################    | - loss_cc=4.578 - loss_ce=2.125 - loss_ne=0.0191 - loss_div=0.000529 - threshold=0.735 - loss=6.723
/scratch/e0538389/DivClust/engine/trainer.py:41: FutureWarning: `torch.cuda.amp.autocast(args...)` is deprecated. Please use `torch.amp.autocast('cuda', args...)` instead.
  with autocast(self.mixed_precision):
[2026-03-30 11:13:26](logger.py 179): id=CC_FMNIST_C10CFG_K20_E100_DT_0_6 | Ep. 31/100 - Step 250/273 (2.31 it/s) |##################  | - loss_cc=4.578 - loss_ce=2.125 - loss_ne=0.0191 - loss_div=0.000542 - threshold=0.735 - loss=6.722
/scratch/e0538389/DivClust/engine/trainer.py:41: FutureWarning: `torch.cuda.amp.autocast(args...)` is deprecated. Please use `torch.amp.autocast('cuda', args...)` instead.
  with autocast(self.mixed_precision):
[2026-03-30 11:13:35](logger.py 179): id=CC_FMNIST_C10CFG_K20_E100_DT_0_6 | Ep. 31/100 | Time: 00:01 | loss_cc=4.578 - loss_ce=2.125 - loss_ne=0.0191 - loss_div=0.000617 - threshold=0.734 - loss=6.723
[2026-03-30 11:13:37](logger.py 179): id=CC_FMNIST_C10CFG_K20_E100_DT_0_6 | Ep. 32/100 - Step 0/273 (0.0 it/s) |                    | - loss_cc=4.602 - loss_ce=2.143 - loss_ne=0.0248 - loss_div=0.00273 - threshold=0.725 - loss=6.772
/scratch/e0538389/DivClust/engine/trainer.py:41: FutureWarning: `torch.cuda.amp.autocast(args...)` is deprecated. Please use `torch.amp.autocast('cuda', args...)` instead.
  with autocast(self.mixed_precision):
/scratch/e0538389/DivClust/engine/trainer.py:41: FutureWarning: `torch.cuda.amp.autocast(args...)` is deprecated. Please use `torch.amp.autocast('cuda', args...)` instead.
  with autocast(self.mixed_precision):
[2026-03-30 11:13:48](logger.py 179): id=CC_FMNIST_C10CFG_K20_E100_DT_0_6 | Ep. 32/100 - Step 25/273 (2.33 it/s) |#                   | - loss_cc=4.573 - loss_ce=2.123 - loss_ne=0.0178 - loss_div=0.00022 - threshold=0.732 - loss=6.714
/scratch/e0538389/DivClust/engine/trainer.py:41: FutureWarning: `torch.cuda.amp.autocast(args...)` is deprecated. Please use `torch.amp.autocast('cuda', args...)` instead.
  with autocast(self.mixed_precision):
[2026-03-30 11:13:59](logger.py 179): id=CC_FMNIST_C10CFG_K20_E100_DT_0_6 | Ep. 32/100 - Step 50/273 (2.32 it/s) |###                 | - loss_cc=4.574 - loss_ce=2.123 - loss_ne=0.018 - loss_div=0.000252 - threshold=0.734 - loss=6.715
/scratch/e0538389/DivClust/engine/trainer.py:41: FutureWarning: `torch.cuda.amp.autocast(args...)` is deprecated. Please use `torch.amp.autocast('cuda', args...)` instead.
  with autocast(self.mixed_precision):
[2026-03-30 11:14:10](logger.py 179): id=CC_FMNIST_C10CFG_K20_E100_DT_0_6 | Ep. 32/100 - Step 75/273 (2.32 it/s) |#####               | - loss_cc=4.573 - loss_ce=2.123 - loss_ne=0.019 - loss_div=0.000757 - threshold=0.733 - loss=6.716
/scratch/e0538389/DivClust/engine/trainer.py:41: FutureWarning: `torch.cuda.amp.autocast(args...)` is deprecated. Please use `torch.amp.autocast('cuda', args...)` instead.
  with autocast(self.mixed_precision):
[2026-03-30 11:14:20](logger.py 179): id=CC_FMNIST_C10CFG_K20_E100_DT_0_6 | Ep. 32/100 - Step 100/273 (2.33 it/s) |#######             | - loss_cc=4.573 - loss_ce=2.123 - loss_ne=0.0187 - loss_div=0.000662 - threshold=0.732 - loss=6.716
/scratch/e0538389/DivClust/engine/trainer.py:41: FutureWarning: `torch.cuda.amp.autocast(args...)` is deprecated. Please use `torch.amp.autocast('cuda', args...)` instead.
  with autocast(self.mixed_precision):
/scratch/e0538389/DivClust/engine/trainer.py:41: FutureWarning: `torch.cuda.amp.autocast(args...)` is deprecated. Please use `torch.amp.autocast('cuda', args...)` instead.
  with autocast(self.mixed_precision):
[2026-03-30 11:14:31](logger.py 179): id=CC_FMNIST_C10CFG_K20_E100_DT_0_6 | Ep. 32/100 - Step 125/273 (2.31 it/s) |#########           | - loss_cc=4.574 - loss_ce=2.123 - loss_ne=0.0187 - loss_div=0.000578 - threshold=0.733 - loss=6.716
/scratch/e0538389/DivClust/engine/trainer.py:41: FutureWarning: `torch.cuda.amp.autocast(args...)` is deprecated. Please use `torch.amp.autocast('cuda', args...)` instead.
  with autocast(self.mixed_precision):
[2026-03-30 11:14:42](logger.py 179): id=CC_FMNIST_C10CFG_K20_E100_DT_0_6 | Ep. 32/100 - Step 150/273 (2.31 it/s) |##########          | - loss_cc=4.573 - loss_ce=2.123 - loss_ne=0.0188 - loss_div=0.00061 - threshold=0.732 - loss=6.715
/scratch/e0538389/DivClust/engine/trainer.py:41: FutureWarning: `torch.cuda.amp.autocast(args...)` is deprecated. Please use `torch.amp.autocast('cuda', args...)` instead.
  with autocast(self.mixed_precision):
[2026-03-30 11:14:53](logger.py 179): id=CC_FMNIST_C10CFG_K20_E100_DT_0_6 | Ep. 32/100 - Step 175/273 (2.31 it/s) |############        | - loss_cc=4.573 - loss_ce=2.123 - loss_ne=0.0188 - loss_div=0.000742 - threshold=0.731 - loss=6.715
/scratch/e0538389/DivClust/engine/trainer.py:41: FutureWarning: `torch.cuda.amp.autocast(args...)` is deprecated. Please use `torch.amp.autocast('cuda', args...)` instead.
  with autocast(self.mixed_precision):
[2026-03-30 11:15:04](logger.py 179): id=CC_FMNIST_C10CFG_K20_E100_DT_0_6 | Ep. 32/100 - Step 200/273 (2.31 it/s) |##############      | - loss_cc=4.573 - loss_ce=2.123 - loss_ne=0.0187 - loss_div=0.000741 - threshold=0.73 - loss=6.716
/scratch/e0538389/DivClust/engine/trainer.py:41: FutureWarning: `torch.cuda.amp.autocast(args...)` is deprecated. Please use `torch.amp.autocast('cuda', args...)` instead.
  with autocast(self.mixed_precision):
/scratch/e0538389/DivClust/engine/trainer.py:41: FutureWarning: `torch.cuda.amp.autocast(args...)` is deprecated. Please use `torch.amp.autocast('cuda', args...)` instead.
  with autocast(self.mixed_precision):
[2026-03-30 11:15:15](logger.py 179): id=CC_FMNIST_C10CFG_K20_E100_DT_0_6 | Ep. 32/100 - Step 225/273 (2.3 it/s) |################    | - loss_cc=4.574 - loss_ce=2.123 - loss_ne=0.0185 - loss_div=0.000679 - threshold=0.73 - loss=6.716
/scratch/e0538389/DivClust/engine/trainer.py:41: FutureWarning: `torch.cuda.amp.autocast(args...)` is deprecated. Please use `torch.amp.autocast('cuda', args...)` instead.
  with autocast(self.mixed_precision):
[2026-03-30 11:15:26](logger.py 179): id=CC_FMNIST_C10CFG_K20_E100_DT_0_6 | Ep. 32/100 - Step 250/273 (2.31 it/s) |##################  | - loss_cc=4.574 - loss_ce=2.123 - loss_ne=0.0185 - loss_div=0.000654 - threshold=0.731 - loss=6.717
/scratch/e0538389/DivClust/engine/trainer.py:41: FutureWarning: `torch.cuda.amp.autocast(args...)` is deprecated. Please use `torch.amp.autocast('cuda', args...)` instead.
  with autocast(self.mixed_precision):
[2026-03-30 11:15:35](logger.py 179): id=CC_FMNIST_C10CFG_K20_E100_DT_0_6 | Ep. 32/100 | Time: 00:01 | loss_cc=4.574 - loss_ce=2.123 - loss_ne=0.0186 - loss_div=0.000665 - threshold=0.731 - loss=6.717
[2026-03-30 11:15:38](logger.py 179): id=CC_FMNIST_C10CFG_K20_E100_DT_0_6 | Ep. 33/100 - Step 0/273 (0.0 it/s) |                    | - loss_cc=4.603 - loss_ce=2.133 - loss_ne=0.0174 - loss_div=0.0012 - threshold=0.724 - loss=6.755
/scratch/e0538389/DivClust/engine/trainer.py:41: FutureWarning: `torch.cuda.amp.autocast(args...)` is deprecated. Please use `torch.amp.autocast('cuda', args...)` instead.
  with autocast(self.mixed_precision):
[2026-03-30 11:15:49](logger.py 179): id=CC_FMNIST_C10CFG_K20_E100_DT_0_6 | Ep. 33/100 - Step 25/273 (2.34 it/s) |#                   | - loss_cc=4.576 - loss_ce=2.125 - loss_ne=0.0174 - loss_div=0.000591 - threshold=0.729 - loss=6.719
/scratch/e0538389/DivClust/engine/trainer.py:41: FutureWarning: `torch.cuda.amp.autocast(args...)` is deprecated. Please use `torch.amp.autocast('cuda', args...)` instead.
  with autocast(self.mixed_precision):
[2026-03-30 11:15:59](logger.py 179): id=CC_FMNIST_C10CFG_K20_E100_DT_0_6 | Ep. 33/100 - Step 50/273 (2.35 it/s) |###                 | - loss_cc=4.573 - loss_ce=2.124 - loss_ne=0.0182 - loss_div=0.000969 - threshold=0.727 - loss=6.716
/scratch/e0538389/DivClust/engine/trainer.py:41: FutureWarning: `torch.cuda.amp.autocast(args...)` is deprecated. Please use `torch.amp.autocast('cuda', args...)` instead.
  with autocast(self.mixed_precision):
/scratch/e0538389/DivClust/engine/trainer.py:41: FutureWarning: `torch.cuda.amp.autocast(args...)` is deprecated. Please use `torch.amp.autocast('cuda', args...)` instead.
  with autocast(self.mixed_precision):
[2026-03-30 11:16:10](logger.py 179): id=CC_FMNIST_C10CFG_K20_E100_DT_0_6 | Ep. 33/100 - Step 75/273 (2.32 it/s) |#####               | - loss_cc=4.576 - loss_ce=2.125 - loss_ne=0.0188 - loss_div=0.00103 - threshold=0.724 - loss=6.72
/scratch/e0538389/DivClust/engine/trainer.py:41: FutureWarning: `torch.cuda.amp.autocast(args...)` is deprecated. Please use `torch.amp.autocast('cuda', args...)` instead.
  with autocast(self.mixed_precision):
[2026-03-30 11:16:21](logger.py 179): id=CC_FMNIST_C10CFG_K20_E100_DT_0_6 | Ep. 33/100 - Step 100/273 (2.33 it/s) |#######             | - loss_cc=4.576 - loss_ce=2.125 - loss_ne=0.0186 - loss_div=0.000868 - threshold=0.725 - loss=6.721
/scratch/e0538389/DivClust/engine/trainer.py:41: FutureWarning: `torch.cuda.amp.autocast(args...)` is deprecated. Please use `torch.amp.autocast('cuda', args...)` instead.
  with autocast(self.mixed_precision):
[2026-03-30 11:16:31](logger.py 179): id=CC_FMNIST_C10CFG_K20_E100_DT_0_6 | Ep. 33/100 - Step 125/273 (2.33 it/s) |#########           | - loss_cc=4.576 - loss_ce=2.124 - loss_ne=0.0186 - loss_div=0.000758 - threshold=0.727 - loss=6.719
/scratch/e0538389/DivClust/engine/trainer.py:41: FutureWarning: `torch.cuda.amp.autocast(args...)` is deprecated. Please use `torch.amp.autocast('cuda', args...)` instead.
  with autocast(self.mixed_precision):
[2026-03-30 11:16:42](logger.py 179): id=CC_FMNIST_C10CFG_K20_E100_DT_0_6 | Ep. 33/100 - Step 150/273 (2.34 it/s) |##########          | - loss_cc=4.575 - loss_ce=2.124 - loss_ne=0.0182 - loss_div=0.000822 - threshold=0.728 - loss=6.718
/scratch/e0538389/DivClust/engine/trainer.py:41: FutureWarning: `torch.cuda.amp.autocast(args...)` is deprecated. Please use `torch.amp.autocast('cuda', args...)` instead.
  with autocast(self.mixed_precision):
/scratch/e0538389/DivClust/engine/trainer.py:41: FutureWarning: `torch.cuda.amp.autocast(args...)` is deprecated. Please use `torch.amp.autocast('cuda', args...)` instead.
  with autocast(self.mixed_precision):
[2026-03-30 11:16:53](logger.py 179): id=CC_FMNIST_C10CFG_K20_E100_DT_0_6 | Ep. 33/100 - Step 175/273 (2.34 it/s) |############        | - loss_cc=4.575 - loss_ce=2.124 - loss_ne=0.0185 - loss_div=0.000849 - threshold=0.728 - loss=6.719
/scratch/e0538389/DivClust/engine/trainer.py:41: FutureWarning: `torch.cuda.amp.autocast(args...)` is deprecated. Please use `torch.amp.autocast('cuda', args...)` instead.
  with autocast(self.mixed_precision):
[2026-03-30 11:17:03](logger.py 179): id=CC_FMNIST_C10CFG_K20_E100_DT_0_6 | Ep. 33/100 - Step 200/273 (2.34 it/s) |##############      | - loss_cc=4.576 - loss_ce=2.124 - loss_ne=0.0187 - loss_div=0.00086 - threshold=0.728 - loss=6.72
/scratch/e0538389/DivClust/engine/trainer.py:41: FutureWarning: `torch.cuda.amp.autocast(args...)` is deprecated. Please use `torch.amp.autocast('cuda', args...)` instead.
  with autocast(self.mixed_precision):
[2026-03-30 11:17:14](logger.py 179): id=CC_FMNIST_C10CFG_K20_E100_DT_0_6 | Ep. 33/100 - Step 225/273 (2.33 it/s) |################    | - loss_cc=4.577 - loss_ce=2.125 - loss_ne=0.0188 - loss_div=0.000838 - threshold=0.728 - loss=6.721
/scratch/e0538389/DivClust/engine/trainer.py:41: FutureWarning: `torch.cuda.amp.autocast(args...)` is deprecated. Please use `torch.amp.autocast('cuda', args...)` instead.
  with autocast(self.mixed_precision):
[2026-03-30 11:17:25](logger.py 179): id=CC_FMNIST_C10CFG_K20_E100_DT_0_6 | Ep. 33/100 - Step 250/273 (2.33 it/s) |##################  | - loss_cc=4.577 - loss_ce=2.125 - loss_ne=0.0189 - loss_div=0.000757 - threshold=0.729 - loss=6.721
/scratch/e0538389/DivClust/engine/trainer.py:41: FutureWarning: `torch.cuda.amp.autocast(args...)` is deprecated. Please use `torch.amp.autocast('cuda', args...)` instead.
  with autocast(self.mixed_precision):
/scratch/e0538389/DivClust/engine/trainer.py:41: FutureWarning: `torch.cuda.amp.autocast(args...)` is deprecated. Please use `torch.amp.autocast('cuda', args...)` instead.
  with autocast(self.mixed_precision):
[2026-03-30 11:17:35](logger.py 179): id=CC_FMNIST_C10CFG_K20_E100_DT_0_6 | Ep. 33/100 | Time: 00:01 | loss_cc=4.576 - loss_ce=2.124 - loss_ne=0.0189 - loss_div=0.000791 - threshold=0.729 - loss=6.72
[2026-03-30 11:17:37](logger.py 179): id=CC_FMNIST_C10CFG_K20_E100_DT_0_6 | Ep. 34/100 - Step 0/273 (0.0 it/s) |                    | - loss_cc=4.532 - loss_ce=2.107 - loss_ne=0.0107 - loss_div=0.00124 - threshold=0.724 - loss=6.651
/scratch/e0538389/DivClust/engine/trainer.py:41: FutureWarning: `torch.cuda.amp.autocast(args...)` is deprecated. Please use `torch.amp.autocast('cuda', args...)` instead.
  with autocast(self.mixed_precision):
[2026-03-30 11:17:48](logger.py 179): id=CC_FMNIST_C10CFG_K20_E100_DT_0_6 | Ep. 34/100 - Step 25/273 (2.32 it/s) |#                   | - loss_cc=4.563 - loss_ce=2.118 - loss_ne=0.0181 - loss_div=0.000749 - threshold=0.726 - loss=6.7
/scratch/e0538389/DivClust/engine/trainer.py:41: FutureWarning: `torch.cuda.amp.autocast(args...)` is deprecated. Please use `torch.amp.autocast('cuda', args...)` instead.
  with autocast(self.mixed_precision):
[2026-03-30 11:17:59](logger.py 179): id=CC_FMNIST_C10CFG_K20_E100_DT_0_6 | Ep. 34/100 - Step 50/273 (2.32 it/s) |###                 | - loss_cc=4.567 - loss_ce=2.121 - loss_ne=0.0198 - loss_div=0.000727 - threshold=0.727 - loss=6.709
/scratch/e0538389/DivClust/engine/trainer.py:41: FutureWarning: `torch.cuda.amp.autocast(args...)` is deprecated. Please use `torch.amp.autocast('cuda', args...)` instead.
  with autocast(self.mixed_precision):
[2026-03-30 11:18:10](logger.py 179): id=CC_FMNIST_C10CFG_K20_E100_DT_0_6 | Ep. 34/100 - Step 75/273 (2.33 it/s) |#####               | - loss_cc=4.566 - loss_ce=2.12 - loss_ne=0.0196 - loss_div=0.000706 - threshold=0.727 - loss=6.706
/scratch/e0538389/DivClust/engine/trainer.py:41: FutureWarning: `torch.cuda.amp.autocast(args...)` is deprecated. Please use `torch.amp.autocast('cuda', args...)` instead.
  with autocast(self.mixed_precision):
/scratch/e0538389/DivClust/engine/trainer.py:41: FutureWarning: `torch.cuda.amp.autocast(args...)` is deprecated. Please use `torch.amp.autocast('cuda', args...)` instead.
  with autocast(self.mixed_precision):
[2026-03-30 11:18:21](logger.py 179): id=CC_FMNIST_C10CFG_K20_E100_DT_0_6 | Ep. 34/100 - Step 100/273 (2.3 it/s) |#######             | - loss_cc=4.568 - loss_ce=2.121 - loss_ne=0.0196 - loss_div=0.000605 - threshold=0.73 - loss=6.709
/scratch/e0538389/DivClust/engine/trainer.py:41: FutureWarning: `torch.cuda.amp.autocast(args...)` is deprecated. Please use `torch.amp.autocast('cuda', args...)` instead.
  with autocast(self.mixed_precision):
[2026-03-30 11:18:32](logger.py 179): id=CC_FMNIST_C10CFG_K20_E100_DT_0_6 | Ep. 34/100 - Step 125/273 (2.31 it/s) |#########           | - loss_cc=4.57 - loss_ce=2.122 - loss_ne=0.0193 - loss_div=0.000668 - threshold=0.73 - loss=6.712
/scratch/e0538389/DivClust/engine/trainer.py:41: FutureWarning: `torch.cuda.amp.autocast(args...)` is deprecated. Please use `torch.amp.autocast('cuda', args...)` instead.
  with autocast(self.mixed_precision):
[2026-03-30 11:18:42](logger.py 179): id=CC_FMNIST_C10CFG_K20_E100_DT_0_6 | Ep. 34/100 - Step 150/273 (2.31 it/s) |##########          | - loss_cc=4.57 - loss_ce=2.122 - loss_ne=0.0194 - loss_div=0.00085 - threshold=0.728 - loss=6.712
/scratch/e0538389/DivClust/engine/trainer.py:41: FutureWarning: `torch.cuda.amp.autocast(args...)` is deprecated. Please use `torch.amp.autocast('cuda', args...)` instead.
  with autocast(self.mixed_precision):
[2026-03-30 11:18:53](logger.py 179): id=CC_FMNIST_C10CFG_K20_E100_DT_0_6 | Ep. 34/100 - Step 175/273 (2.31 it/s) |############        | - loss_cc=4.571 - loss_ce=2.122 - loss_ne=0.0197 - loss_div=0.000826 - threshold=0.727 - loss=6.713
/scratch/e0538389/DivClust/engine/trainer.py:41: FutureWarning: `torch.cuda.amp.autocast(args...)` is deprecated. Please use `torch.amp.autocast('cuda', args...)` instead.
  with autocast(self.mixed_precision):
/scratch/e0538389/DivClust/engine/trainer.py:41: FutureWarning: `torch.cuda.amp.autocast(args...)` is deprecated. Please use `torch.amp.autocast('cuda', args...)` instead.
  with autocast(self.mixed_precision):
[2026-03-30 11:19:04](logger.py 179): id=CC_FMNIST_C10CFG_K20_E100_DT_0_6 | Ep. 34/100 - Step 200/273 (2.31 it/s) |##############      | - loss_cc=4.571 - loss_ce=2.122 - loss_ne=0.0199 - loss_div=0.000803 - threshold=0.727 - loss=6.714
/scratch/e0538389/DivClust/engine/trainer.py:41: FutureWarning: `torch.cuda.amp.autocast(args...)` is deprecated. Please use `torch.amp.autocast('cuda', args...)` instead.
  with autocast(self.mixed_precision):
[2026-03-30 11:19:15](logger.py 179): id=CC_FMNIST_C10CFG_K20_E100_DT_0_6 | Ep. 34/100 - Step 225/273 (2.31 it/s) |################    | - loss_cc=4.571 - loss_ce=2.122 - loss_ne=0.0198 - loss_div=0.000834 - threshold=0.727 - loss=6.714
/scratch/e0538389/DivClust/engine/trainer.py:41: FutureWarning: `torch.cuda.amp.autocast(args...)` is deprecated. Please use `torch.amp.autocast('cuda', args...)` instead.
  with autocast(self.mixed_precision):
[2026-03-30 11:19:25](logger.py 179): id=CC_FMNIST_C10CFG_K20_E100_DT_0_6 | Ep. 34/100 - Step 250/273 (2.32 it/s) |##################  | - loss_cc=4.571 - loss_ce=2.123 - loss_ne=0.0197 - loss_div=0.000813 - threshold=0.726 - loss=6.715
/scratch/e0538389/DivClust/engine/trainer.py:41: FutureWarning: `torch.cuda.amp.autocast(args...)` is deprecated. Please use `torch.amp.autocast('cuda', args...)` instead.
  with autocast(self.mixed_precision):
[2026-03-30 11:19:34](logger.py 179): id=CC_FMNIST_C10CFG_K20_E100_DT_0_6 | Ep. 34/100 | Time: 00:01 | loss_cc=4.572 - loss_ce=2.123 - loss_ne=0.0197 - loss_div=0.000765 - threshold=0.726 - loss=6.715
[2026-03-30 11:19:36](logger.py 179): id=CC_FMNIST_C10CFG_K20_E100_DT_0_6 | Ep. 35/100 - Step 0/273 (0.0 it/s) |                    | - loss_cc=4.569 - loss_ce=2.12 - loss_ne=0.0142 - loss_div=0.000417 - threshold=0.731 - loss=6.704
/scratch/e0538389/DivClust/engine/trainer.py:41: FutureWarning: `torch.cuda.amp.autocast(args...)` is deprecated. Please use `torch.amp.autocast('cuda', args...)` instead.
  with autocast(self.mixed_precision):
[2026-03-30 11:19:48](logger.py 179): id=CC_FMNIST_C10CFG_K20_E100_DT_0_6 | Ep. 35/100 - Step 25/273 (2.21 it/s) |#                   | - loss_cc=4.56 - loss_ce=2.119 - loss_ne=0.0171 - loss_div=0.0002 - threshold=0.736 - loss=6.696
/scratch/e0538389/DivClust/engine/trainer.py:41: FutureWarning: `torch.cuda.amp.autocast(args...)` is deprecated. Please use `torch.amp.autocast('cuda', args...)` instead.
  with autocast(self.mixed_precision):
/scratch/e0538389/DivClust/engine/trainer.py:41: FutureWarning: `torch.cuda.amp.autocast(args...)` is deprecated. Please use `torch.amp.autocast('cuda', args...)` instead.
  with autocast(self.mixed_precision):
[2026-03-30 11:19:58](logger.py 179): id=CC_FMNIST_C10CFG_K20_E100_DT_0_6 | Ep. 35/100 - Step 50/273 (2.27 it/s) |###                 | - loss_cc=4.563 - loss_ce=2.12 - loss_ne=0.0185 - loss_div=0.000454 - threshold=0.733 - loss=6.701
/scratch/e0538389/DivClust/engine/trainer.py:41: FutureWarning: `torch.cuda.amp.autocast(args...)` is deprecated. Please use `torch.amp.autocast('cuda', args...)` instead.
  with autocast(self.mixed_precision):
[2026-03-30 11:20:09](logger.py 179): id=CC_FMNIST_C10CFG_K20_E100_DT_0_6 | Ep. 35/100 - Step 75/273 (2.3 it/s) |#####               | - loss_cc=4.563 - loss_ce=2.12 - loss_ne=0.018 - loss_div=0.000463 - threshold=0.731 - loss=6.701
/scratch/e0538389/DivClust/engine/trainer.py:41: FutureWarning: `torch.cuda.amp.autocast(args...)` is deprecated. Please use `torch.amp.autocast('cuda', args...)` instead.
  with autocast(self.mixed_precision):
[2026-03-30 11:20:20](logger.py 179): id=CC_FMNIST_C10CFG_K20_E100_DT_0_6 | Ep. 35/100 - Step 100/273 (2.32 it/s) |#######             | - loss_cc=4.565 - loss_ce=2.121 - loss_ne=0.0182 - loss_div=0.000489 - threshold=0.729 - loss=6.705
/scratch/e0538389/DivClust/engine/trainer.py:41: FutureWarning: `torch.cuda.amp.autocast(args...)` is deprecated. Please use `torch.amp.autocast('cuda', args...)` instead.
  with autocast(self.mixed_precision):
[2026-03-30 11:20:30](logger.py 179): id=CC_FMNIST_C10CFG_K20_E100_DT_0_6 | Ep. 35/100 - Step 125/273 (2.31 it/s) |#########           | - loss_cc=4.567 - loss_ce=2.121 - loss_ne=0.0184 - loss_div=0.000487 - threshold=0.729 - loss=6.707
/scratch/e0538389/DivClust/engine/trainer.py:41: FutureWarning: `torch.cuda.amp.autocast(args...)` is deprecated. Please use `torch.amp.autocast('cuda', args...)` instead.
  with autocast(self.mixed_precision):
/scratch/e0538389/DivClust/engine/trainer.py:41: FutureWarning: `torch.cuda.amp.autocast(args...)` is deprecated. Please use `torch.amp.autocast('cuda', args...)` instead.
  with autocast(self.mixed_precision):
[2026-03-30 11:20:41](logger.py 179): id=CC_FMNIST_C10CFG_K20_E100_DT_0_6 | Ep. 35/100 - Step 150/273 (2.31 it/s) |##########          | - loss_cc=4.569 - loss_ce=2.122 - loss_ne=0.0183 - loss_div=0.000439 - threshold=0.731 - loss=6.709
/scratch/e0538389/DivClust/engine/trainer.py:41: FutureWarning: `torch.cuda.amp.autocast(args...)` is deprecated. Please use `torch.amp.autocast('cuda', args...)` instead.
  with autocast(self.mixed_precision):
[2026-03-30 11:20:52](logger.py 179): id=CC_FMNIST_C10CFG_K20_E100_DT_0_6 | Ep. 35/100 - Step 175/273 (2.31 it/s) |############        | - loss_cc=4.571 - loss_ce=2.123 - loss_ne=0.0183 - loss_div=0.000485 - threshold=0.73 - loss=6.713
/scratch/e0538389/DivClust/engine/trainer.py:41: FutureWarning: `torch.cuda.amp.autocast(args...)` is deprecated. Please use `torch.amp.autocast('cuda', args...)` instead.
  with autocast(self.mixed_precision):
[2026-03-30 11:21:03](logger.py 179): id=CC_FMNIST_C10CFG_K20_E100_DT_0_6 | Ep. 35/100 - Step 200/273 (2.32 it/s) |##############      | - loss_cc=4.573 - loss_ce=2.124 - loss_ne=0.0182 - loss_div=0.000678 - threshold=0.729 - loss=6.715
/scratch/e0538389/DivClust/engine/trainer.py:41: FutureWarning: `torch.cuda.amp.autocast(args...)` is deprecated. Please use `torch.amp.autocast('cuda', args...)` instead.
  with autocast(self.mixed_precision):
[2026-03-30 11:21:14](logger.py 179): id=CC_FMNIST_C10CFG_K20_E100_DT_0_6 | Ep. 35/100 - Step 225/273 (2.31 it/s) |################    | - loss_cc=4.572 - loss_ce=2.123 - loss_ne=0.0183 - loss_div=0.000661 - threshold=0.728 - loss=6.715
/scratch/e0538389/DivClust/engine/trainer.py:41: FutureWarning: `torch.cuda.amp.autocast(args...)` is deprecated. Please use `torch.amp.autocast('cuda', args...)` instead.
  with autocast(self.mixed_precision):
/scratch/e0538389/DivClust/engine/trainer.py:41: FutureWarning: `torch.cuda.amp.autocast(args...)` is deprecated. Please use `torch.amp.autocast('cuda', args...)` instead.
  with autocast(self.mixed_precision):
[2026-03-30 11:21:25](logger.py 179): id=CC_FMNIST_C10CFG_K20_E100_DT_0_6 | Ep. 35/100 - Step 250/273 (2.31 it/s) |##################  | - loss_cc=4.572 - loss_ce=2.123 - loss_ne=0.0184 - loss_div=0.000613 - threshold=0.728 - loss=6.714
/scratch/e0538389/DivClust/engine/trainer.py:41: FutureWarning: `torch.cuda.amp.autocast(args...)` is deprecated. Please use `torch.amp.autocast('cuda', args...)` instead.
  with autocast(self.mixed_precision):
[2026-03-30 11:21:34](logger.py 179): id=CC_FMNIST_C10CFG_K20_E100_DT_0_6 | Ep. 35/100 | Time: 00:01 | loss_cc=4.572 - loss_ce=2.123 - loss_ne=0.0183 - loss_div=0.000653 - threshold=0.727 - loss=6.714
[2026-03-30 11:21:37](logger.py 179): id=CC_FMNIST_C10CFG_K20_E100_DT_0_6 | Ep. 36/100 - Step 0/273 (0.0 it/s) |                    | - loss_cc=4.542 - loss_ce=2.111 - loss_ne=0.0138 - loss_div=0.0 - threshold=0.716 - loss=6.666
/scratch/e0538389/DivClust/engine/trainer.py:41: FutureWarning: `torch.cuda.amp.autocast(args...)` is deprecated. Please use `torch.amp.autocast('cuda', args...)` instead.
  with autocast(self.mixed_precision):
[2026-03-30 11:21:48](logger.py 179): id=CC_FMNIST_C10CFG_K20_E100_DT_0_6 | Ep. 36/100 - Step 25/273 (2.32 it/s) |#                   | - loss_cc=4.569 - loss_ce=2.122 - loss_ne=0.0193 - loss_div=0.00128 - threshold=0.72 - loss=6.712
/scratch/e0538389/DivClust/engine/trainer.py:41: FutureWarning: `torch.cuda.amp.autocast(args...)` is deprecated. Please use `torch.amp.autocast('cuda', args...)` instead.
  with autocast(self.mixed_precision):
[2026-03-30 11:21:58](logger.py 179): id=CC_FMNIST_C10CFG_K20_E100_DT_0_6 | Ep. 36/100 - Step 50/273 (2.33 it/s) |###                 | - loss_cc=4.573 - loss_ce=2.124 - loss_ne=0.0182 - loss_div=0.000748 - threshold=0.724 - loss=6.716
/scratch/e0538389/DivClust/engine/trainer.py:41: FutureWarning: `torch.cuda.amp.autocast(args...)` is deprecated. Please use `torch.amp.autocast('cuda', args...)` instead.
  with autocast(self.mixed_precision):
/scratch/e0538389/DivClust/engine/trainer.py:41: FutureWarning: `torch.cuda.amp.autocast(args...)` is deprecated. Please use `torch.amp.autocast('cuda', args...)` instead.
  with autocast(self.mixed_precision):
[2026-03-30 11:22:09](logger.py 179): id=CC_FMNIST_C10CFG_K20_E100_DT_0_6 | Ep. 36/100 - Step 75/273 (2.29 it/s) |#####               | - loss_cc=4.574 - loss_ce=2.124 - loss_ne=0.0186 - loss_div=0.000604 - threshold=0.728 - loss=6.717
/scratch/e0538389/DivClust/engine/trainer.py:41: FutureWarning: `torch.cuda.amp.autocast(args...)` is deprecated. Please use `torch.amp.autocast('cuda', args...)` instead.
  with autocast(self.mixed_precision):
[2026-03-30 11:22:20](logger.py 179): id=CC_FMNIST_C10CFG_K20_E100_DT_0_6 | Ep. 36/100 - Step 100/273 (2.3 it/s) |#######             | - loss_cc=4.572 - loss_ce=2.123 - loss_ne=0.0195 - loss_div=0.000551 - threshold=0.729 - loss=6.716
/scratch/e0538389/DivClust/engine/trainer.py:41: FutureWarning: `torch.cuda.amp.autocast(args...)` is deprecated. Please use `torch.amp.autocast('cuda', args...)` instead.
  with autocast(self.mixed_precision):
[2026-03-30 11:22:31](logger.py 179): id=CC_FMNIST_C10CFG_K20_E100_DT_0_6 | Ep. 36/100 - Step 125/273 (2.32 it/s) |#########           | - loss_cc=4.574 - loss_ce=2.124 - loss_ne=0.0196 - loss_div=0.000546 - threshold=0.73 - loss=6.718
/scratch/e0538389/DivClust/engine/trainer.py:41: FutureWarning: `torch.cuda.amp.autocast(args...)` is deprecated. Please use `torch.amp.autocast('cuda', args...)` instead.
  with autocast(self.mixed_precision):
[2026-03-30 11:22:41](logger.py 179): id=CC_FMNIST_C10CFG_K20_E100_DT_0_6 | Ep. 36/100 - Step 150/273 (2.32 it/s) |##########          | - loss_cc=4.573 - loss_ce=2.123 - loss_ne=0.0194 - loss_div=0.00047 - threshold=0.731 - loss=6.717
/scratch/e0538389/DivClust/engine/trainer.py:41: FutureWarning: `torch.cuda.amp.autocast(args...)` is deprecated. Please use `torch.amp.autocast('cuda', args...)` instead.
  with autocast(self.mixed_precision):
/scratch/e0538389/DivClust/engine/trainer.py:41: FutureWarning: `torch.cuda.amp.autocast(args...)` is deprecated. Please use `torch.amp.autocast('cuda', args...)` instead.
  with autocast(self.mixed_precision):
[2026-03-30 11:22:53](logger.py 179): id=CC_FMNIST_C10CFG_K20_E100_DT_0_6 | Ep. 36/100 - Step 175/273 (2.3 it/s) |############        | - loss_cc=4.572 - loss_ce=2.123 - loss_ne=0.0194 - loss_div=0.000519 - threshold=0.731 - loss=6.715
/scratch/e0538389/DivClust/engine/trainer.py:41: FutureWarning: `torch.cuda.amp.autocast(args...)` is deprecated. Please use `torch.amp.autocast('cuda', args...)` instead.
  with autocast(self.mixed_precision):
[2026-03-30 11:23:03](logger.py 179): id=CC_FMNIST_C10CFG_K20_E100_DT_0_6 | Ep. 36/100 - Step 200/273 (2.31 it/s) |##############      | - loss_cc=4.572 - loss_ce=2.123 - loss_ne=0.0191 - loss_div=0.000643 - threshold=0.729 - loss=6.714
/scratch/e0538389/DivClust/engine/trainer.py:41: FutureWarning: `torch.cuda.amp.autocast(args...)` is deprecated. Please use `torch.amp.autocast('cuda', args...)` instead.
  with autocast(self.mixed_precision):
[2026-03-30 11:23:14](logger.py 179): id=CC_FMNIST_C10CFG_K20_E100_DT_0_6 | Ep. 36/100 - Step 225/273 (2.31 it/s) |################    | - loss_cc=4.571 - loss_ce=2.123 - loss_ne=0.0191 - loss_div=0.000946 - threshold=0.727 - loss=6.714
/scratch/e0538389/DivClust/engine/trainer.py:41: FutureWarning: `torch.cuda.amp.autocast(args...)` is deprecated. Please use `torch.amp.autocast('cuda', args...)` instead.
  with autocast(self.mixed_precision):
[2026-03-30 11:23:25](logger.py 179): id=CC_FMNIST_C10CFG_K20_E100_DT_0_6 | Ep. 36/100 - Step 250/273 (2.31 it/s) |##################  | - loss_cc=4.57 - loss_ce=2.122 - loss_ne=0.0192 - loss_div=0.000908 - threshold=0.726 - loss=6.713
/scratch/e0538389/DivClust/engine/trainer.py:41: FutureWarning: `torch.cuda.amp.autocast(args...)` is deprecated. Please use `torch.amp.autocast('cuda', args...)` instead.
  with autocast(self.mixed_precision):
[2026-03-30 11:23:35](logger.py 179): id=CC_FMNIST_C10CFG_K20_E100_DT_0_6 | Ep. 36/100 | Time: 00:01 | loss_cc=4.57 - loss_ce=2.122 - loss_ne=0.0192 - loss_div=0.000846 - threshold=0.726 - loss=6.712
/scratch/e0538389/DivClust/engine/trainer.py:41: FutureWarning: `torch.cuda.amp.autocast(args...)` is deprecated. Please use `torch.amp.autocast('cuda', args...)` instead.
  with autocast(self.mixed_precision):
[2026-03-30 11:23:37](logger.py 179): id=CC_FMNIST_C10CFG_K20_E100_DT_0_6 | Ep. 37/100 - Step 0/273 (0.0 it/s) |                    | - loss_cc=4.576 - loss_ce=2.127 - loss_ne=0.0119 - loss_div=0.0 - threshold=0.73 - loss=6.715
/scratch/e0538389/DivClust/engine/trainer.py:41: FutureWarning: `torch.cuda.amp.autocast(args...)` is deprecated. Please use `torch.amp.autocast('cuda', args...)` instead.
  with autocast(self.mixed_precision):
[2026-03-30 11:23:48](logger.py 179): id=CC_FMNIST_C10CFG_K20_E100_DT_0_6 | Ep. 37/100 - Step 25/273 (2.27 it/s) |#                   | - loss_cc=4.565 - loss_ce=2.121 - loss_ne=0.0183 - loss_div=1.21e-05 - threshold=0.732 - loss=6.705
/scratch/e0538389/DivClust/engine/trainer.py:41: FutureWarning: `torch.cuda.amp.autocast(args...)` is deprecated. Please use `torch.amp.autocast('cuda', args...)` instead.
  with autocast(self.mixed_precision):
[2026-03-30 11:23:58](logger.py 179): id=CC_FMNIST_C10CFG_K20_E100_DT_0_6 | Ep. 37/100 - Step 50/273 (2.33 it/s) |###                 | - loss_cc=4.561 - loss_ce=2.119 - loss_ne=0.0187 - loss_div=0.00012 - threshold=0.733 - loss=6.699
/scratch/e0538389/DivClust/engine/trainer.py:41: FutureWarning: `torch.cuda.amp.autocast(args...)` is deprecated. Please use `torch.amp.autocast('cuda', args...)` instead.
  with autocast(self.mixed_precision):
[2026-03-30 11:24:09](logger.py 179): id=CC_FMNIST_C10CFG_K20_E100_DT_0_6 | Ep. 37/100 - Step 75/273 (2.33 it/s) |#####               | - loss_cc=4.562 - loss_ce=2.119 - loss_ne=0.0185 - loss_div=0.000402 - threshold=0.73 - loss=6.701
/scratch/e0538389/DivClust/engine/trainer.py:41: FutureWarning: `torch.cuda.amp.autocast(args...)` is deprecated. Please use `torch.amp.autocast('cuda', args...)` instead.
  with autocast(self.mixed_precision):
/scratch/e0538389/DivClust/engine/trainer.py:41: FutureWarning: `torch.cuda.amp.autocast(args...)` is deprecated. Please use `torch.amp.autocast('cuda', args...)` instead.
  with autocast(self.mixed_precision):
[2026-03-30 11:24:20](logger.py 179): id=CC_FMNIST_C10CFG_K20_E100_DT_0_6 | Ep. 37/100 - Step 100/273 (2.31 it/s) |#######             | - loss_cc=4.564 - loss_ce=2.12 - loss_ne=0.0185 - loss_div=0.000634 - threshold=0.727 - loss=6.704
/scratch/e0538389/DivClust/engine/trainer.py:41: FutureWarning: `torch.cuda.amp.autocast(args...)` is deprecated. Please use `torch.amp.autocast('cuda', args...)` instead.
  with autocast(self.mixed_precision):
[2026-03-30 11:24:31](logger.py 179): id=CC_FMNIST_C10CFG_K20_E100_DT_0_6 | Ep. 37/100 - Step 125/273 (2.31 it/s) |#########           | - loss_cc=4.564 - loss_ce=2.12 - loss_ne=0.0184 - loss_div=0.000551 - threshold=0.726 - loss=6.702
/scratch/e0538389/DivClust/engine/trainer.py:41: FutureWarning: `torch.cuda.amp.autocast(args...)` is deprecated. Please use `torch.amp.autocast('cuda', args...)` instead.
  with autocast(self.mixed_precision):
[2026-03-30 11:24:41](logger.py 179): id=CC_FMNIST_C10CFG_K20_E100_DT_0_6 | Ep. 37/100 - Step 150/273 (2.33 it/s) |##########          | - loss_cc=4.565 - loss_ce=2.12 - loss_ne=0.0184 - loss_div=0.000517 - threshold=0.726 - loss=6.705
/scratch/e0538389/DivClust/engine/trainer.py:41: FutureWarning: `torch.cuda.amp.autocast(args...)` is deprecated. Please use `torch.amp.autocast('cuda', args...)` instead.
  with autocast(self.mixed_precision):
[2026-03-30 11:24:52](logger.py 179): id=CC_FMNIST_C10CFG_K20_E100_DT_0_6 | Ep. 37/100 - Step 175/273 (2.33 it/s) |############        | - loss_cc=4.565 - loss_ce=2.12 - loss_ne=0.0185 - loss_div=0.000479 - threshold=0.726 - loss=6.704
/scratch/e0538389/DivClust/engine/trainer.py:41: FutureWarning: `torch.cuda.amp.autocast(args...)` is deprecated. Please use `torch.amp.autocast('cuda', args...)` instead.
  with autocast(self.mixed_precision):
/scratch/e0538389/DivClust/engine/trainer.py:41: FutureWarning: `torch.cuda.amp.autocast(args...)` is deprecated. Please use `torch.amp.autocast('cuda', args...)` instead.
  with autocast(self.mixed_precision):
[2026-03-30 11:25:03](logger.py 179): id=CC_FMNIST_C10CFG_K20_E100_DT_0_6 | Ep. 37/100 - Step 200/273 (2.32 it/s) |##############      | - loss_cc=4.565 - loss_ce=2.12 - loss_ne=0.0184 - loss_div=0.000458 - threshold=0.727 - loss=6.704
/scratch/e0538389/DivClust/engine/trainer.py:41: FutureWarning: `torch.cuda.amp.autocast(args...)` is deprecated. Please use `torch.amp.autocast('cuda', args...)` instead.
  with autocast(self.mixed_precision):
[2026-03-30 11:25:13](logger.py 179): id=CC_FMNIST_C10CFG_K20_E100_DT_0_6 | Ep. 37/100 - Step 225/273 (2.32 it/s) |################    | - loss_cc=4.565 - loss_ce=2.12 - loss_ne=0.0185 - loss_div=0.00048 - threshold=0.727 - loss=6.705
/scratch/e0538389/DivClust/engine/trainer.py:41: FutureWarning: `torch.cuda.amp.autocast(args...)` is deprecated. Please use `torch.amp.autocast('cuda', args...)` instead.
  with autocast(self.mixed_precision):
[2026-03-30 11:25:24](logger.py 179): id=CC_FMNIST_C10CFG_K20_E100_DT_0_6 | Ep. 37/100 - Step 250/273 (2.33 it/s) |##################  | - loss_cc=4.566 - loss_ce=2.121 - loss_ne=0.0186 - loss_div=0.000588 - threshold=0.726 - loss=6.706
/scratch/e0538389/DivClust/engine/trainer.py:41: FutureWarning: `torch.cuda.amp.autocast(args...)` is deprecated. Please use `torch.amp.autocast('cuda', args...)` instead.
  with autocast(self.mixed_precision):
[2026-03-30 11:25:33](logger.py 179): id=CC_FMNIST_C10CFG_K20_E100_DT_0_6 | Ep. 37/100 | Time: 00:01 | loss_cc=4.566 - loss_ce=2.121 - loss_ne=0.0187 - loss_div=0.000611 - threshold=0.726 - loss=6.706
[2026-03-30 11:25:35](logger.py 179): id=CC_FMNIST_C10CFG_K20_E100_DT_0_6 | Ep. 38/100 - Step 0/273 (0.0 it/s) |                    | - loss_cc=4.574 - loss_ce=2.128 - loss_ne=0.0208 - loss_div=0.0 - threshold=0.722 - loss=6.722
/scratch/e0538389/DivClust/engine/trainer.py:41: FutureWarning: `torch.cuda.amp.autocast(args...)` is deprecated. Please use `torch.amp.autocast('cuda', args...)` instead.
  with autocast(self.mixed_precision):
[2026-03-30 11:25:46](logger.py 179): id=CC_FMNIST_C10CFG_K20_E100_DT_0_6 | Ep. 38/100 - Step 25/273 (2.34 it/s) |#                   | - loss_cc=4.57 - loss_ce=2.122 - loss_ne=0.0198 - loss_div=0.00028 - threshold=0.727 - loss=6.712
/scratch/e0538389/DivClust/engine/trainer.py:41: FutureWarning: `torch.cuda.amp.autocast(args...)` is deprecated. Please use `torch.amp.autocast('cuda', args...)` instead.
  with autocast(self.mixed_precision):
/scratch/e0538389/DivClust/engine/trainer.py:41: FutureWarning: `torch.cuda.amp.autocast(args...)` is deprecated. Please use `torch.amp.autocast('cuda', args...)` instead.
  with autocast(self.mixed_precision):
[2026-03-30 11:25:57](logger.py 179): id=CC_FMNIST_C10CFG_K20_E100_DT_0_6 | Ep. 38/100 - Step 50/273 (2.31 it/s) |###                 | - loss_cc=4.566 - loss_ce=2.121 - loss_ne=0.02 - loss_div=0.000179 - threshold=0.733 - loss=6.708
/scratch/e0538389/DivClust/engine/trainer.py:41: FutureWarning: `torch.cuda.amp.autocast(args...)` is deprecated. Please use `torch.amp.autocast('cuda', args...)` instead.
  with autocast(self.mixed_precision):
[2026-03-30 11:26:07](logger.py 179): id=CC_FMNIST_C10CFG_K20_E100_DT_0_6 | Ep. 38/100 - Step 75/273 (2.32 it/s) |#####               | - loss_cc=4.564 - loss_ce=2.121 - loss_ne=0.0187 - loss_div=0.000179 - threshold=0.735 - loss=6.704
/scratch/e0538389/DivClust/engine/trainer.py:41: FutureWarning: `torch.cuda.amp.autocast(args...)` is deprecated. Please use `torch.amp.autocast('cuda', args...)` instead.
  with autocast(self.mixed_precision):
[2026-03-30 11:26:18](logger.py 179): id=CC_FMNIST_C10CFG_K20_E100_DT_0_6 | Ep. 38/100 - Step 100/273 (2.32 it/s) |#######             | - loss_cc=4.567 - loss_ce=2.121 - loss_ne=0.0182 - loss_div=0.000273 - threshold=0.734 - loss=6.706
/scratch/e0538389/DivClust/engine/trainer.py:41: FutureWarning: `torch.cuda.amp.autocast(args...)` is deprecated. Please use `torch.amp.autocast('cuda', args...)` instead.
  with autocast(self.mixed_precision):
[2026-03-30 11:26:29](logger.py 179): id=CC_FMNIST_C10CFG_K20_E100_DT_0_6 | Ep. 38/100 - Step 125/273 (2.33 it/s) |#########           | - loss_cc=4.567 - loss_ce=2.121 - loss_ne=0.0185 - loss_div=0.000435 - threshold=0.732 - loss=6.707
/scratch/e0538389/DivClust/engine/trainer.py:41: FutureWarning: `torch.cuda.amp.autocast(args...)` is deprecated. Please use `torch.amp.autocast('cuda', args...)` instead.
  with autocast(self.mixed_precision):
/scratch/e0538389/DivClust/engine/trainer.py:41: FutureWarning: `torch.cuda.amp.autocast(args...)` is deprecated. Please use `torch.amp.autocast('cuda', args...)` instead.
  with autocast(self.mixed_precision):
[2026-03-30 11:26:39](logger.py 179): id=CC_FMNIST_C10CFG_K20_E100_DT_0_6 | Ep. 38/100 - Step 150/273 (2.33 it/s) |##########          | - loss_cc=4.567 - loss_ce=2.121 - loss_ne=0.0184 - loss_div=0.000533 - threshold=0.731 - loss=6.707
/scratch/e0538389/DivClust/engine/trainer.py:41: FutureWarning: `torch.cuda.amp.autocast(args...)` is deprecated. Please use `torch.amp.autocast('cuda', args...)` instead.
  with autocast(self.mixed_precision):
[2026-03-30 11:26:50](logger.py 179): id=CC_FMNIST_C10CFG_K20_E100_DT_0_6 | Ep. 38/100 - Step 175/273 (2.33 it/s) |############        | - loss_cc=4.566 - loss_ce=2.121 - loss_ne=0.0185 - loss_div=0.000548 - threshold=0.73 - loss=6.706
/scratch/e0538389/DivClust/engine/trainer.py:41: FutureWarning: `torch.cuda.amp.autocast(args...)` is deprecated. Please use `torch.amp.autocast('cuda', args...)` instead.
  with autocast(self.mixed_precision):
[2026-03-30 11:27:01](logger.py 179): id=CC_FMNIST_C10CFG_K20_E100_DT_0_6 | Ep. 38/100 - Step 200/273 (2.33 it/s) |##############      | - loss_cc=4.566 - loss_ce=2.121 - loss_ne=0.0186 - loss_div=0.000499 - threshold=0.731 - loss=6.706
/scratch/e0538389/DivClust/engine/trainer.py:41: FutureWarning: `torch.cuda.amp.autocast(args...)` is deprecated. Please use `torch.amp.autocast('cuda', args...)` instead.
  with autocast(self.mixed_precision):
[2026-03-30 11:27:12](logger.py 179): id=CC_FMNIST_C10CFG_K20_E100_DT_0_6 | Ep. 38/100 - Step 225/273 (2.33 it/s) |################    | - loss_cc=4.566 - loss_ce=2.121 - loss_ne=0.0188 - loss_div=0.000523 - threshold=0.731 - loss=6.706
/scratch/e0538389/DivClust/engine/trainer.py:41: FutureWarning: `torch.cuda.amp.autocast(args...)` is deprecated. Please use `torch.amp.autocast('cuda', args...)` instead.
  with autocast(self.mixed_precision):
/scratch/e0538389/DivClust/engine/trainer.py:41: FutureWarning: `torch.cuda.amp.autocast(args...)` is deprecated. Please use `torch.amp.autocast('cuda', args...)` instead.
  with autocast(self.mixed_precision):
[2026-03-30 11:27:23](logger.py 179): id=CC_FMNIST_C10CFG_K20_E100_DT_0_6 | Ep. 38/100 - Step 250/273 (2.32 it/s) |##################  | - loss_cc=4.566 - loss_ce=2.121 - loss_ne=0.0187 - loss_div=0.000597 - threshold=0.73 - loss=6.706
/scratch/e0538389/DivClust/engine/trainer.py:41: FutureWarning: `torch.cuda.amp.autocast(args...)` is deprecated. Please use `torch.amp.autocast('cuda', args...)` instead.
  with autocast(self.mixed_precision):
[2026-03-30 11:27:32](logger.py 179): id=CC_FMNIST_C10CFG_K20_E100_DT_0_6 | Ep. 38/100 | Time: 00:01 | loss_cc=4.565 - loss_ce=2.12 - loss_ne=0.0187 - loss_div=0.00064 - threshold=0.729 - loss=6.705
[2026-03-30 11:27:34](logger.py 179): id=CC_FMNIST_C10CFG_K20_E100_DT_0_6 | Ep. 39/100 - Step 0/273 (0.0 it/s) |                    | - loss_cc=4.61 - loss_ce=2.133 - loss_ne=0.0235 - loss_div=1.22e-05 - threshold=0.721 - loss=6.767
/scratch/e0538389/DivClust/engine/trainer.py:41: FutureWarning: `torch.cuda.amp.autocast(args...)` is deprecated. Please use `torch.amp.autocast('cuda', args...)` instead.
  with autocast(self.mixed_precision):
[2026-03-30 11:27:45](logger.py 179): id=CC_FMNIST_C10CFG_K20_E100_DT_0_6 | Ep. 39/100 - Step 25/273 (2.33 it/s) |#                   | - loss_cc=4.565 - loss_ce=2.118 - loss_ne=0.0184 - loss_div=0.000459 - threshold=0.725 - loss=6.702
/scratch/e0538389/DivClust/engine/trainer.py:41: FutureWarning: `torch.cuda.amp.autocast(args...)` is deprecated. Please use `torch.amp.autocast('cuda', args...)` instead.
  with autocast(self.mixed_precision):
[2026-03-30 11:27:55](logger.py 179): id=CC_FMNIST_C10CFG_K20_E100_DT_0_6 | Ep. 39/100 - Step 50/273 (2.36 it/s) |###                 | - loss_cc=4.567 - loss_ce=2.12 - loss_ne=0.0185 - loss_div=0.000799 - threshold=0.724 - loss=6.706
/scratch/e0538389/DivClust/engine/trainer.py:41: FutureWarning: `torch.cuda.amp.autocast(args...)` is deprecated. Please use `torch.amp.autocast('cuda', args...)` instead.
  with autocast(self.mixed_precision):
/scratch/e0538389/DivClust/engine/trainer.py:41: FutureWarning: `torch.cuda.amp.autocast(args...)` is deprecated. Please use `torch.amp.autocast('cuda', args...)` instead.
  with autocast(self.mixed_precision):
[2026-03-30 11:28:06](logger.py 179): id=CC_FMNIST_C10CFG_K20_E100_DT_0_6 | Ep. 39/100 - Step 75/273 (2.31 it/s) |#####               | - loss_cc=4.568 - loss_ce=2.12 - loss_ne=0.0187 - loss_div=0.000618 - threshold=0.726 - loss=6.707
/scratch/e0538389/DivClust/engine/trainer.py:41: FutureWarning: `torch.cuda.amp.autocast(args...)` is deprecated. Please use `torch.amp.autocast('cuda', args...)` instead.
  with autocast(self.mixed_precision):
[2026-03-30 11:28:17](logger.py 179): id=CC_FMNIST_C10CFG_K20_E100_DT_0_6 | Ep. 39/100 - Step 100/273 (2.32 it/s) |#######             | - loss_cc=4.568 - loss_ce=2.121 - loss_ne=0.0184 - loss_div=0.000472 - threshold=0.729 - loss=6.707
/scratch/e0538389/DivClust/engine/trainer.py:41: FutureWarning: `torch.cuda.amp.autocast(args...)` is deprecated. Please use `torch.amp.autocast('cuda', args...)` instead.
  with autocast(self.mixed_precision):
[2026-03-30 11:28:28](logger.py 179): id=CC_FMNIST_C10CFG_K20_E100_DT_0_6 | Ep. 39/100 - Step 125/273 (2.31 it/s) |#########           | - loss_cc=4.568 - loss_ce=2.121 - loss_ne=0.019 - loss_div=0.000402 - threshold=0.731 - loss=6.708
/scratch/e0538389/DivClust/engine/trainer.py:41: FutureWarning: `torch.cuda.amp.autocast(args...)` is deprecated. Please use `torch.amp.autocast('cuda', args...)` instead.
  with autocast(self.mixed_precision):
[2026-03-30 11:28:39](logger.py 179): id=CC_FMNIST_C10CFG_K20_E100_DT_0_6 | Ep. 39/100 - Step 150/273 (2.32 it/s) |##########          | - loss_cc=4.567 - loss_ce=2.12 - loss_ne=0.0186 - loss_div=0.000461 - threshold=0.731 - loss=6.706
/scratch/e0538389/DivClust/engine/trainer.py:41: FutureWarning: `torch.cuda.amp.autocast(args...)` is deprecated. Please use `torch.amp.autocast('cuda', args...)` instead.
  with autocast(self.mixed_precision):
/scratch/e0538389/DivClust/engine/trainer.py:41: FutureWarning: `torch.cuda.amp.autocast(args...)` is deprecated. Please use `torch.amp.autocast('cuda', args...)` instead.
  with autocast(self.mixed_precision):
[2026-03-30 11:28:50](logger.py 179): id=CC_FMNIST_C10CFG_K20_E100_DT_0_6 | Ep. 39/100 - Step 175/273 (2.32 it/s) |############        | - loss_cc=4.565 - loss_ce=2.12 - loss_ne=0.0184 - loss_div=0.00057 - threshold=0.729 - loss=6.704
/scratch/e0538389/DivClust/engine/trainer.py:41: FutureWarning: `torch.cuda.amp.autocast(args...)` is deprecated. Please use `torch.amp.autocast('cuda', args...)` instead.
  with autocast(self.mixed_precision):
[2026-03-30 11:29:00](logger.py 179): id=CC_FMNIST_C10CFG_K20_E100_DT_0_6 | Ep. 39/100 - Step 200/273 (2.32 it/s) |##############      | - loss_cc=4.566 - loss_ce=2.12 - loss_ne=0.0186 - loss_div=0.000719 - threshold=0.728 - loss=6.705
/scratch/e0538389/DivClust/engine/trainer.py:41: FutureWarning: `torch.cuda.amp.autocast(args...)` is deprecated. Please use `torch.amp.autocast('cuda', args...)` instead.
  with autocast(self.mixed_precision):
[2026-03-30 11:29:11](logger.py 179): id=CC_FMNIST_C10CFG_K20_E100_DT_0_6 | Ep. 39/100 - Step 225/273 (2.32 it/s) |################    | - loss_cc=4.565 - loss_ce=2.12 - loss_ne=0.0186 - loss_div=0.000666 - threshold=0.727 - loss=6.704
/scratch/e0538389/DivClust/engine/trainer.py:41: FutureWarning: `torch.cuda.amp.autocast(args...)` is deprecated. Please use `torch.amp.autocast('cuda', args...)` instead.
  with autocast(self.mixed_precision):
[2026-03-30 11:29:22](logger.py 179): id=CC_FMNIST_C10CFG_K20_E100_DT_0_6 | Ep. 39/100 - Step 250/273 (2.32 it/s) |##################  | - loss_cc=4.565 - loss_ce=2.12 - loss_ne=0.0187 - loss_div=0.000623 - threshold=0.728 - loss=6.704
/scratch/e0538389/DivClust/engine/trainer.py:41: FutureWarning: `torch.cuda.amp.autocast(args...)` is deprecated. Please use `torch.amp.autocast('cuda', args...)` instead.
  with autocast(self.mixed_precision):
[2026-03-30 11:29:31](logger.py 179): id=CC_FMNIST_C10CFG_K20_E100_DT_0_6 | Ep. 39/100 | Time: 00:01 | loss_cc=4.565 - loss_ce=2.12 - loss_ne=0.0186 - loss_div=0.000573 - threshold=0.729 - loss=6.704
[2026-03-30 11:29:34](logger.py 179): id=CC_FMNIST_C10CFG_K20_E100_DT_0_6 | Ep. 40/100 - Step 0/273 (0.0 it/s) |                    | - loss_cc=4.567 - loss_ce=2.116 - loss_ne=0.014 - loss_div=0.00177 - threshold=0.735 - loss=6.698
/scratch/e0538389/DivClust/engine/trainer.py:41: FutureWarning: `torch.cuda.amp.autocast(args...)` is deprecated. Please use `torch.amp.autocast('cuda', args...)` instead.
  with autocast(self.mixed_precision):
/scratch/e0538389/DivClust/engine/trainer.py:41: FutureWarning: `torch.cuda.amp.autocast(args...)` is deprecated. Please use `torch.amp.autocast('cuda', args...)` instead.
  with autocast(self.mixed_precision):
[2026-03-30 11:29:45](logger.py 179): id=CC_FMNIST_C10CFG_K20_E100_DT_0_6 | Ep. 40/100 - Step 25/273 (2.38 it/s) |#                   | - loss_cc=4.559 - loss_ce=2.117 - loss_ne=0.0163 - loss_div=0.000658 - threshold=0.734 - loss=6.692
/scratch/e0538389/DivClust/engine/trainer.py:41: FutureWarning: `torch.cuda.amp.autocast(args...)` is deprecated. Please use `torch.amp.autocast('cuda', args...)` instead.
  with autocast(self.mixed_precision):
[2026-03-30 11:29:55](logger.py 179): id=CC_FMNIST_C10CFG_K20_E100_DT_0_6 | Ep. 40/100 - Step 50/273 (2.39 it/s) |###                 | - loss_cc=4.562 - loss_ce=2.119 - loss_ne=0.0163 - loss_div=0.00111 - threshold=0.729 - loss=6.698
/scratch/e0538389/DivClust/engine/trainer.py:41: FutureWarning: `torch.cuda.amp.autocast(args...)` is deprecated. Please use `torch.amp.autocast('cuda', args...)` instead.
  with autocast(self.mixed_precision):
[2026-03-30 11:30:06](logger.py 179): id=CC_FMNIST_C10CFG_K20_E100_DT_0_6 | Ep. 40/100 - Step 75/273 (2.39 it/s) |#####               | - loss_cc=4.561 - loss_ce=2.118 - loss_ne=0.017 - loss_div=0.000827 - threshold=0.728 - loss=6.697
/scratch/e0538389/DivClust/engine/trainer.py:41: FutureWarning: `torch.cuda.amp.autocast(args...)` is deprecated. Please use `torch.amp.autocast('cuda', args...)` instead.
  with autocast(self.mixed_precision):
[2026-03-30 11:30:17](logger.py 179): id=CC_FMNIST_C10CFG_K20_E100_DT_0_6 | Ep. 40/100 - Step 100/273 (2.34 it/s) |#######             | - loss_cc=4.562 - loss_ce=2.119 - loss_ne=0.0177 - loss_div=0.000961 - threshold=0.727 - loss=6.699
/scratch/e0538389/DivClust/engine/trainer.py:41: FutureWarning: `torch.cuda.amp.autocast(args...)` is deprecated. Please use `torch.amp.autocast('cuda', args...)` instead.
  with autocast(self.mixed_precision):
/scratch/e0538389/DivClust/engine/trainer.py:41: FutureWarning: `torch.cuda.amp.autocast(args...)` is deprecated. Please use `torch.amp.autocast('cuda', args...)` instead.
  with autocast(self.mixed_precision):
[2026-03-30 11:30:28](logger.py 179): id=CC_FMNIST_C10CFG_K20_E100_DT_0_6 | Ep. 40/100 - Step 125/273 (2.34 it/s) |#########           | - loss_cc=4.562 - loss_ce=2.119 - loss_ne=0.0177 - loss_div=0.00102 - threshold=0.724 - loss=6.699
/scratch/e0538389/DivClust/engine/trainer.py:41: FutureWarning: `torch.cuda.amp.autocast(args...)` is deprecated. Please use `torch.amp.autocast('cuda', args...)` instead.
  with autocast(self.mixed_precision):
[2026-03-30 11:30:39](logger.py 179): id=CC_FMNIST_C10CFG_K20_E100_DT_0_6 | Ep. 40/100 - Step 150/273 (2.34 it/s) |##########          | - loss_cc=4.561 - loss_ce=2.119 - loss_ne=0.0179 - loss_div=0.00103 - threshold=0.723 - loss=6.699
/scratch/e0538389/DivClust/engine/trainer.py:41: FutureWarning: `torch.cuda.amp.autocast(args...)` is deprecated. Please use `torch.amp.autocast('cuda', args...)` instead.
  with autocast(self.mixed_precision):
[2026-03-30 11:30:49](logger.py 179): id=CC_FMNIST_C10CFG_K20_E100_DT_0_6 | Ep. 40/100 - Step 175/273 (2.34 it/s) |############        | - loss_cc=4.561 - loss_ce=2.119 - loss_ne=0.0182 - loss_div=0.000961 - threshold=0.722 - loss=6.7
/scratch/e0538389/DivClust/engine/trainer.py:41: FutureWarning: `torch.cuda.amp.autocast(args...)` is deprecated. Please use `torch.amp.autocast('cuda', args...)` instead.
  with autocast(self.mixed_precision):
[2026-03-30 11:31:01](logger.py 179): id=CC_FMNIST_C10CFG_K20_E100_DT_0_6 | Ep. 40/100 - Step 200/273 (2.32 it/s) |##############      | - loss_cc=4.561 - loss_ce=2.119 - loss_ne=0.0183 - loss_div=0.000872 - threshold=0.723 - loss=6.699
/scratch/e0538389/DivClust/engine/trainer.py:41: FutureWarning: `torch.cuda.amp.autocast(args...)` is deprecated. Please use `torch.amp.autocast('cuda', args...)` instead.
  with autocast(self.mixed_precision):
/scratch/e0538389/DivClust/engine/trainer.py:41: FutureWarning: `torch.cuda.amp.autocast(args...)` is deprecated. Please use `torch.amp.autocast('cuda', args...)` instead.
  with autocast(self.mixed_precision):
[2026-03-30 11:31:11](logger.py 179): id=CC_FMNIST_C10CFG_K20_E100_DT_0_6 | Ep. 40/100 - Step 225/273 (2.33 it/s) |################    | - loss_cc=4.563 - loss_ce=2.119 - loss_ne=0.0184 - loss_div=0.000786 - threshold=0.724 - loss=6.701
/scratch/e0538389/DivClust/engine/trainer.py:41: FutureWarning: `torch.cuda.amp.autocast(args...)` is deprecated. Please use `torch.amp.autocast('cuda', args...)` instead.
  with autocast(self.mixed_precision):
[2026-03-30 11:31:22](logger.py 179): id=CC_FMNIST_C10CFG_K20_E100_DT_0_6 | Ep. 40/100 - Step 250/273 (2.33 it/s) |##################  | - loss_cc=4.563 - loss_ce=2.119 - loss_ne=0.0184 - loss_div=0.000839 - threshold=0.724 - loss=6.701
/scratch/e0538389/DivClust/engine/trainer.py:41: FutureWarning: `torch.cuda.amp.autocast(args...)` is deprecated. Please use `torch.amp.autocast('cuda', args...)` instead.
  with autocast(self.mixed_precision):
[2026-03-30 11:31:31](logger.py 179): Evaluating
[2026-03-30 11:31:31](logger.py 179): Eval. step 0 of 274
[2026-03-30 11:31:34](logger.py 179): Eval. step 25 of 274
[2026-03-30 11:31:36](logger.py 179): Eval. step 50 of 274
[2026-03-30 11:31:38](logger.py 179): Eval. step 75 of 274
[2026-03-30 11:31:41](logger.py 179): Eval. step 100 of 274
[2026-03-30 11:31:43](logger.py 179): Eval. step 125 of 274
[2026-03-30 11:31:45](logger.py 179): Eval. step 150 of 274
[2026-03-30 11:31:48](logger.py 179): Eval. step 175 of 274
[2026-03-30 11:31:50](logger.py 179): Eval. step 200 of 274
[2026-03-30 11:31:52](logger.py 179): Eval. step 225 of 274
[2026-03-30 11:31:55](logger.py 179): Eval. step 250 of 274
[2026-03-30 11:31:59](logger.py 179): id=CC_FMNIST_C10CFG_K20_E100_DT_0_6 | Ep. 40/100 | Time: 00:02 | loss_cc=4.563 - loss_ce=2.12 - loss_ne=0.0184 - loss_div=0.000859 - threshold=0.724 - loss=6.702 - eval_confidence=0.888 - cluster_acc_0_eval=41.63 - cluster_nmi_0_eval=0.469 - cluster_ari_0_eval=0.307 - cluster_acc_1_eval=49.21 - cluster_nmi_1_eval=0.489 - cluster_ari_1_eval=0.337 - cluster_acc_2_eval=47.41 - cluster_nmi_2_eval=0.514 - cluster_ari_2_eval=0.346 - cluster_acc_3_eval=48.7 - cluster_nmi_3_eval=0.497 - cluster_ari_3_eval=0.335 - cluster_acc_4_eval=56.75 - cluster_nmi_4_eval=0.553 - cluster_ari_4_eval=0.42 - cluster_acc_5_eval=64.9 - cluster_nmi_5_eval=0.625 - cluster_ari_5_eval=0.528 - cluster_acc_6_eval=55.87 - cluster_nmi_6_eval=0.568 - cluster_ari_6_eval=0.432 - cluster_acc_7_eval=56.26 - cluster_nmi_7_eval=0.546 - cluster_ari_7_eval=0.424 - cluster_acc_8_eval=56.79 - cluster_nmi_8_eval=0.531 - cluster_ari_8_eval=0.412 - cluster_acc_9_eval=58.32 - cluster_nmi_9_eval=0.58 - cluster_ari_9_eval=0.457 - cluster_acc_10_eval=51.62 - cluster_nmi_10_eval=0.524 - cluster_ari_10_eval=0.377 - cluster_acc_11_eval=49.92 - cluster_nmi_11_eval=0.515 - cluster_ari_11_eval=0.369 - cluster_acc_12_eval=52.99 - cluster_nmi_12_eval=0.541 - cluster_ari_12_eval=0.401 - cluster_acc_13_eval=56.96 - cluster_nmi_13_eval=0.533 - cluster_ari_13_eval=0.415 - cluster_acc_14_eval=53.74 - cluster_nmi_14_eval=0.548 - cluster_ari_14_eval=0.392 - cluster_acc_15_eval=53.94 - cluster_nmi_15_eval=0.531 - cluster_ari_15_eval=0.382 - cluster_acc_16_eval=53.77 - cluster_nmi_16_eval=0.535 - cluster_ari_16_eval=0.403 - cluster_acc_17_eval=52.55 - cluster_nmi_17_eval=0.556 - cluster_ari_17_eval=0.4 - cluster_acc_18_eval=54.05 - cluster_nmi_18_eval=0.531 - cluster_ari_18_eval=0.389 - cluster_acc_19_eval=55.97 - cluster_nmi_19_eval=0.541 - cluster_ari_19_eval=0.408 - max_cluster_acc_eval=64.9 - mean_cluster_acc_eval=53.57 - min_cluster_acc_eval=41.63 - max_cluster_nmi_eval=0.625 - mean_cluster_nmi_eval=0.536 - min_cluster_nmi_eval=0.469 - max_cluster_ari_eval=0.528 - mean_cluster_ari_eval=0.397 - min_cluster_ari_eval=0.307 - interclustering_nmi_eval=0.598
/scratch/e0538389/DivClust/engine/trainer.py:41: FutureWarning: `torch.cuda.amp.autocast(args...)` is deprecated. Please use `torch.amp.autocast('cuda', args...)` instead.
  with autocast(self.mixed_precision):
[2026-03-30 11:32:01](logger.py 179): id=CC_FMNIST_C10CFG_K20_E100_DT_0_6 | Ep. 41/100 - Step 0/273 (0.0 it/s) |                    | - loss_cc=4.564 - loss_ce=2.117 - loss_ne=0.0208 - loss_div=0.00246 - threshold=0.713 - loss=6.704
/scratch/e0538389/DivClust/engine/trainer.py:41: FutureWarning: `torch.cuda.amp.autocast(args...)` is deprecated. Please use `torch.amp.autocast('cuda', args...)` instead.
  with autocast(self.mixed_precision):
[2026-03-30 11:32:11](logger.py 179): id=CC_FMNIST_C10CFG_K20_E100_DT_0_6 | Ep. 41/100 - Step 25/273 (2.33 it/s) |#                   | - loss_cc=4.567 - loss_ce=2.121 - loss_ne=0.0183 - loss_div=0.000663 - threshold=0.719 - loss=6.707
/scratch/e0538389/DivClust/engine/trainer.py:41: FutureWarning: `torch.cuda.amp.autocast(args...)` is deprecated. Please use `torch.amp.autocast('cuda', args...)` instead.
  with autocast(self.mixed_precision):
/scratch/e0538389/DivClust/engine/trainer.py:41: FutureWarning: `torch.cuda.amp.autocast(args...)` is deprecated. Please use `torch.amp.autocast('cuda', args...)` instead.
  with autocast(self.mixed_precision):
[2026-03-30 11:32:22](logger.py 179): id=CC_FMNIST_C10CFG_K20_E100_DT_0_6 | Ep. 41/100 - Step 50/273 (2.33 it/s) |###                 | - loss_cc=4.563 - loss_ce=2.121 - loss_ne=0.0181 - loss_div=0.000357 - threshold=0.723 - loss=6.702
/scratch/e0538389/DivClust/engine/trainer.py:41: FutureWarning: `torch.cuda.amp.autocast(args...)` is deprecated. Please use `torch.amp.autocast('cuda', args...)` instead.
  with autocast(self.mixed_precision):
[2026-03-30 11:32:33](logger.py 179): id=CC_FMNIST_C10CFG_K20_E100_DT_0_6 | Ep. 41/100 - Step 75/273 (2.33 it/s) |#####               | - loss_cc=4.563 - loss_ce=2.121 - loss_ne=0.018 - loss_div=0.000283 - threshold=0.728 - loss=6.702
/scratch/e0538389/DivClust/engine/trainer.py:41: FutureWarning: `torch.cuda.amp.autocast(args...)` is deprecated. Please use `torch.amp.autocast('cuda', args...)` instead.
  with autocast(self.mixed_precision):
[2026-03-30 11:32:43](logger.py 179): id=CC_FMNIST_C10CFG_K20_E100_DT_0_6 | Ep. 41/100 - Step 100/273 (2.34 it/s) |#######             | - loss_cc=4.563 - loss_ce=2.12 - loss_ne=0.0181 - loss_div=0.000231 - threshold=0.731 - loss=6.701
/scratch/e0538389/DivClust/engine/trainer.py:41: FutureWarning: `torch.cuda.amp.autocast(args...)` is deprecated. Please use `torch.amp.autocast('cuda', args...)` instead.
  with autocast(self.mixed_precision):
[2026-03-30 11:32:54](logger.py 179): id=CC_FMNIST_C10CFG_K20_E100_DT_0_6 | Ep. 41/100 - Step 125/273 (2.35 it/s) |#########           | - loss_cc=4.563 - loss_ce=2.12 - loss_ne=0.0181 - loss_div=0.000283 - threshold=0.73 - loss=6.701
/scratch/e0538389/DivClust/engine/trainer.py:41: FutureWarning: `torch.cuda.amp.autocast(args...)` is deprecated. Please use `torch.amp.autocast('cuda', args...)` instead.
  with autocast(self.mixed_precision):
/scratch/e0538389/DivClust/engine/trainer.py:41: FutureWarning: `torch.cuda.amp.autocast(args...)` is deprecated. Please use `torch.amp.autocast('cuda', args...)` instead.
  with autocast(self.mixed_precision):
[2026-03-30 11:33:05](logger.py 179): id=CC_FMNIST_C10CFG_K20_E100_DT_0_6 | Ep. 41/100 - Step 150/273 (2.34 it/s) |##########          | - loss_cc=4.563 - loss_ce=2.12 - loss_ne=0.0182 - loss_div=0.000593 - threshold=0.728 - loss=6.702
/scratch/e0538389/DivClust/engine/trainer.py:41: FutureWarning: `torch.cuda.amp.autocast(args...)` is deprecated. Please use `torch.amp.autocast('cuda', args...)` instead.
  with autocast(self.mixed_precision):
[2026-03-30 11:33:15](logger.py 179): id=CC_FMNIST_C10CFG_K20_E100_DT_0_6 | Ep. 41/100 - Step 175/273 (2.34 it/s) |############        | - loss_cc=4.563 - loss_ce=2.12 - loss_ne=0.0182 - loss_div=0.000732 - threshold=0.726 - loss=6.702
/scratch/e0538389/DivClust/engine/trainer.py:41: FutureWarning: `torch.cuda.amp.autocast(args...)` is deprecated. Please use `torch.amp.autocast('cuda', args...)` instead.
  with autocast(self.mixed_precision):
[2026-03-30 11:33:26](logger.py 179): id=CC_FMNIST_C10CFG_K20_E100_DT_0_6 | Ep. 41/100 - Step 200/273 (2.33 it/s) |##############      | - loss_cc=4.564 - loss_ce=2.12 - loss_ne=0.0184 - loss_div=0.000765 - threshold=0.724 - loss=6.703
/scratch/e0538389/DivClust/engine/trainer.py:41: FutureWarning: `torch.cuda.amp.autocast(args...)` is deprecated. Please use `torch.amp.autocast('cuda', args...)` instead.
  with autocast(self.mixed_precision):
[2026-03-30 11:33:37](logger.py 179): id=CC_FMNIST_C10CFG_K20_E100_DT_0_6 | Ep. 41/100 - Step 225/273 (2.33 it/s) |################    | - loss_cc=4.564 - loss_ce=2.12 - loss_ne=0.0184 - loss_div=0.000728 - threshold=0.723 - loss=6.704
/scratch/e0538389/DivClust/engine/trainer.py:41: FutureWarning: `torch.cuda.amp.autocast(args...)` is deprecated. Please use `torch.amp.autocast('cuda', args...)` instead.
  with autocast(self.mixed_precision):
/scratch/e0538389/DivClust/engine/trainer.py:41: FutureWarning: `torch.cuda.amp.autocast(args...)` is deprecated. Please use `torch.amp.autocast('cuda', args...)` instead.
  with autocast(self.mixed_precision):
[2026-03-30 11:33:48](logger.py 179): id=CC_FMNIST_C10CFG_K20_E100_DT_0_6 | Ep. 41/100 - Step 250/273 (2.32 it/s) |##################  | - loss_cc=4.564 - loss_ce=2.12 - loss_ne=0.0183 - loss_div=0.000668 - threshold=0.724 - loss=6.703
/scratch/e0538389/DivClust/engine/trainer.py:41: FutureWarning: `torch.cuda.amp.autocast(args...)` is deprecated. Please use `torch.amp.autocast('cuda', args...)` instead.
  with autocast(self.mixed_precision):
[2026-03-30 11:33:58](logger.py 179): id=CC_FMNIST_C10CFG_K20_E100_DT_0_6 | Ep. 41/100 | Time: 00:01 | loss_cc=4.564 - loss_ce=2.12 - loss_ne=0.0183 - loss_div=0.000619 - threshold=0.725 - loss=6.702
[2026-03-30 11:34:00](logger.py 179): id=CC_FMNIST_C10CFG_K20_E100_DT_0_6 | Ep. 42/100 - Step 0/273 (0.0 it/s) |                    | - loss_cc=4.545 - loss_ce=2.112 - loss_ne=0.0106 - loss_div=0.0 - threshold=0.742 - loss=6.667
/scratch/e0538389/DivClust/engine/trainer.py:41: FutureWarning: `torch.cuda.amp.autocast(args...)` is deprecated. Please use `torch.amp.autocast('cuda', args...)` instead.
  with autocast(self.mixed_precision):
[2026-03-30 11:34:11](logger.py 179): id=CC_FMNIST_C10CFG_K20_E100_DT_0_6 | Ep. 42/100 - Step 25/273 (2.36 it/s) |#                   | - loss_cc=4.559 - loss_ce=2.118 - loss_ne=0.0178 - loss_div=0.000187 - threshold=0.738 - loss=6.695
/scratch/e0538389/DivClust/engine/trainer.py:41: FutureWarning: `torch.cuda.amp.autocast(args...)` is deprecated. Please use `torch.amp.autocast('cuda', args...)` instead.
  with autocast(self.mixed_precision):
[2026-03-30 11:34:22](logger.py 179): id=CC_FMNIST_C10CFG_K20_E100_DT_0_6 | Ep. 42/100 - Step 50/273 (2.33 it/s) |###                 | - loss_cc=4.559 - loss_ce=2.118 - loss_ne=0.0179 - loss_div=0.00034 - threshold=0.734 - loss=6.695
/scratch/e0538389/DivClust/engine/trainer.py:41: FutureWarning: `torch.cuda.amp.autocast(args...)` is deprecated. Please use `torch.amp.autocast('cuda', args...)` instead.
  with autocast(self.mixed_precision):
/scratch/e0538389/DivClust/engine/trainer.py:41: FutureWarning: `torch.cuda.amp.autocast(args...)` is deprecated. Please use `torch.amp.autocast('cuda', args...)` instead.
  with autocast(self.mixed_precision):
[2026-03-30 11:34:33](logger.py 179): id=CC_FMNIST_C10CFG_K20_E100_DT_0_6 | Ep. 42/100 - Step 75/273 (2.33 it/s) |#####               | - loss_cc=4.561 - loss_ce=2.119 - loss_ne=0.0182 - loss_div=0.000651 - threshold=0.73 - loss=6.699
/scratch/e0538389/DivClust/engine/trainer.py:41: FutureWarning: `torch.cuda.amp.autocast(args...)` is deprecated. Please use `torch.amp.autocast('cuda', args...)` instead.
  with autocast(self.mixed_precision):
[2026-03-30 11:34:43](logger.py 179): id=CC_FMNIST_C10CFG_K20_E100_DT_0_6 | Ep. 42/100 - Step 100/273 (2.33 it/s) |#######             | - loss_cc=4.56 - loss_ce=2.118 - loss_ne=0.0186 - loss_div=0.000587 - threshold=0.729 - loss=6.697
/scratch/e0538389/DivClust/engine/trainer.py:41: FutureWarning: `torch.cuda.amp.autocast(args...)` is deprecated. Please use `torch.amp.autocast('cuda', args...)` instead.
  with autocast(self.mixed_precision):
[2026-03-30 11:34:54](logger.py 179): id=CC_FMNIST_C10CFG_K20_E100_DT_0_6 | Ep. 42/100 - Step 125/273 (2.33 it/s) |#########           | - loss_cc=4.559 - loss_ce=2.118 - loss_ne=0.0186 - loss_div=0.000622 - threshold=0.728 - loss=6.697
/scratch/e0538389/DivClust/engine/trainer.py:41: FutureWarning: `torch.cuda.amp.autocast(args...)` is deprecated. Please use `torch.amp.autocast('cuda', args...)` instead.
  with autocast(self.mixed_precision):
[2026-03-30 11:35:05](logger.py 179): id=CC_FMNIST_C10CFG_K20_E100_DT_0_6 | Ep. 42/100 - Step 150/273 (2.33 it/s) |##########          | - loss_cc=4.56 - loss_ce=2.118 - loss_ne=0.0189 - loss_div=0.000612 - threshold=0.727 - loss=6.698
/scratch/e0538389/DivClust/engine/trainer.py:41: FutureWarning: `torch.cuda.amp.autocast(args...)` is deprecated. Please use `torch.amp.autocast('cuda', args...)` instead.
  with autocast(self.mixed_precision):
/scratch/e0538389/DivClust/engine/trainer.py:41: FutureWarning: `torch.cuda.amp.autocast(args...)` is deprecated. Please use `torch.amp.autocast('cuda', args...)` instead.
  with autocast(self.mixed_precision):
[2026-03-30 11:35:16](logger.py 179): id=CC_FMNIST_C10CFG_K20_E100_DT_0_6 | Ep. 42/100 - Step 175/273 (2.31 it/s) |############        | - loss_cc=4.56 - loss_ce=2.119 - loss_ne=0.0187 - loss_div=0.000711 - threshold=0.725 - loss=6.699
/scratch/e0538389/DivClust/engine/trainer.py:41: FutureWarning: `torch.cuda.amp.autocast(args...)` is deprecated. Please use `torch.amp.autocast('cuda', args...)` instead.
  with autocast(self.mixed_precision):
[2026-03-30 11:35:27](logger.py 179): id=CC_FMNIST_C10CFG_K20_E100_DT_0_6 | Ep. 42/100 - Step 200/273 (2.31 it/s) |##############      | - loss_cc=4.561 - loss_ce=2.119 - loss_ne=0.0189 - loss_div=0.000666 - threshold=0.724 - loss=6.7
/scratch/e0538389/DivClust/engine/trainer.py:41: FutureWarning: `torch.cuda.amp.autocast(args...)` is deprecated. Please use `torch.amp.autocast('cuda', args...)` instead.
  with autocast(self.mixed_precision):
[2026-03-30 11:35:38](logger.py 179): id=CC_FMNIST_C10CFG_K20_E100_DT_0_6 | Ep. 42/100 - Step 225/273 (2.31 it/s) |################    | - loss_cc=4.561 - loss_ce=2.119 - loss_ne=0.019 - loss_div=0.000618 - threshold=0.725 - loss=6.7
/scratch/e0538389/DivClust/engine/trainer.py:41: FutureWarning: `torch.cuda.amp.autocast(args...)` is deprecated. Please use `torch.amp.autocast('cuda', args...)` instead.
  with autocast(self.mixed_precision):
[2026-03-30 11:35:48](logger.py 179): id=CC_FMNIST_C10CFG_K20_E100_DT_0_6 | Ep. 42/100 - Step 250/273 (2.31 it/s) |##################  | - loss_cc=4.561 - loss_ce=2.119 - loss_ne=0.0191 - loss_div=0.00061 - threshold=0.726 - loss=6.7
/scratch/e0538389/DivClust/engine/trainer.py:41: FutureWarning: `torch.cuda.amp.autocast(args...)` is deprecated. Please use `torch.amp.autocast('cuda', args...)` instead.
  with autocast(self.mixed_precision):
[2026-03-30 11:35:58](logger.py 179): id=CC_FMNIST_C10CFG_K20_E100_DT_0_6 | Ep. 42/100 | Time: 00:01 | loss_cc=4.561 - loss_ce=2.119 - loss_ne=0.0191 - loss_div=0.000642 - threshold=0.725 - loss=6.7
[2026-03-30 11:36:00](logger.py 179): id=CC_FMNIST_C10CFG_K20_E100_DT_0_6 | Ep. 43/100 - Step 0/273 (0.0 it/s) |                    | - loss_cc=4.561 - loss_ce=2.118 - loss_ne=0.0175 - loss_div=0.00569 - threshold=0.719 - loss=6.702
/scratch/e0538389/DivClust/engine/trainer.py:41: FutureWarning: `torch.cuda.amp.autocast(args...)` is deprecated. Please use `torch.amp.autocast('cuda', args...)` instead.
  with autocast(self.mixed_precision):
/scratch/e0538389/DivClust/engine/trainer.py:41: FutureWarning: `torch.cuda.amp.autocast(args...)` is deprecated. Please use `torch.amp.autocast('cuda', args...)` instead.
  with autocast(self.mixed_precision):
[2026-03-30 11:36:11](logger.py 179): id=CC_FMNIST_C10CFG_K20_E100_DT_0_6 | Ep. 43/100 - Step 25/273 (2.27 it/s) |#                   | - loss_cc=4.555 - loss_ce=2.117 - loss_ne=0.0167 - loss_div=0.000375 - threshold=0.728 - loss=6.689
/scratch/e0538389/DivClust/engine/trainer.py:41: FutureWarning: `torch.cuda.amp.autocast(args...)` is deprecated. Please use `torch.amp.autocast('cuda', args...)` instead.
  with autocast(self.mixed_precision):
[2026-03-30 11:36:22](logger.py 179): id=CC_FMNIST_C10CFG_K20_E100_DT_0_6 | Ep. 43/100 - Step 50/273 (2.32 it/s) |###                 | - loss_cc=4.557 - loss_ce=2.118 - loss_ne=0.017 - loss_div=0.00031 - threshold=0.729 - loss=6.693
/scratch/e0538389/DivClust/engine/trainer.py:41: FutureWarning: `torch.cuda.amp.autocast(args...)` is deprecated. Please use `torch.amp.autocast('cuda', args...)` instead.
  with autocast(self.mixed_precision):
[2026-03-30 11:36:33](logger.py 179): id=CC_FMNIST_C10CFG_K20_E100_DT_0_6 | Ep. 43/100 - Step 75/273 (2.32 it/s) |#####               | - loss_cc=4.556 - loss_ce=2.118 - loss_ne=0.0175 - loss_div=0.000441 - threshold=0.727 - loss=6.692
/scratch/e0538389/DivClust/engine/trainer.py:41: FutureWarning: `torch.cuda.amp.autocast(args...)` is deprecated. Please use `torch.amp.autocast('cuda', args...)` instead.
  with autocast(self.mixed_precision):
[2026-03-30 11:36:43](logger.py 179): id=CC_FMNIST_C10CFG_K20_E100_DT_0_6 | Ep. 43/100 - Step 100/273 (2.33 it/s) |#######             | - loss_cc=4.556 - loss_ce=2.117 - loss_ne=0.0176 - loss_div=0.000848 - threshold=0.724 - loss=6.692
/scratch/e0538389/DivClust/engine/trainer.py:41: FutureWarning: `torch.cuda.amp.autocast(args...)` is deprecated. Please use `torch.amp.autocast('cuda', args...)` instead.
  with autocast(self.mixed_precision):
/scratch/e0538389/DivClust/engine/trainer.py:41: FutureWarning: `torch.cuda.amp.autocast(args...)` is deprecated. Please use `torch.amp.autocast('cuda', args...)` instead.
  with autocast(self.mixed_precision):
[2026-03-30 11:36:54](logger.py 179): id=CC_FMNIST_C10CFG_K20_E100_DT_0_6 | Ep. 43/100 - Step 125/273 (2.33 it/s) |#########           | - loss_cc=4.558 - loss_ce=2.118 - loss_ne=0.0178 - loss_div=0.000795 - threshold=0.723 - loss=6.694
/scratch/e0538389/DivClust/engine/trainer.py:41: FutureWarning: `torch.cuda.amp.autocast(args...)` is deprecated. Please use `torch.amp.autocast('cuda', args...)` instead.
  with autocast(self.mixed_precision):
[2026-03-30 11:37:04](logger.py 179): id=CC_FMNIST_C10CFG_K20_E100_DT_0_6 | Ep. 43/100 - Step 150/273 (2.34 it/s) |##########          | - loss_cc=4.558 - loss_ce=2.118 - loss_ne=0.0178 - loss_div=0.000685 - threshold=0.724 - loss=6.694
/scratch/e0538389/DivClust/engine/trainer.py:41: FutureWarning: `torch.cuda.amp.autocast(args...)` is deprecated. Please use `torch.amp.autocast('cuda', args...)` instead.
  with autocast(self.mixed_precision):
[2026-03-30 11:37:15](logger.py 179): id=CC_FMNIST_C10CFG_K20_E100_DT_0_6 | Ep. 43/100 - Step 175/273 (2.35 it/s) |############        | - loss_cc=4.557 - loss_ce=2.118 - loss_ne=0.0176 - loss_div=0.000612 - threshold=0.725 - loss=6.693
/scratch/e0538389/DivClust/engine/trainer.py:41: FutureWarning: `torch.cuda.amp.autocast(args...)` is deprecated. Please use `torch.amp.autocast('cuda', args...)` instead.
  with autocast(self.mixed_precision):
[2026-03-30 11:37:25](logger.py 179): id=CC_FMNIST_C10CFG_K20_E100_DT_0_6 | Ep. 43/100 - Step 200/273 (2.35 it/s) |##############      | - loss_cc=4.557 - loss_ce=2.118 - loss_ne=0.0177 - loss_div=0.00069 - threshold=0.724 - loss=6.693
/scratch/e0538389/DivClust/engine/trainer.py:41: FutureWarning: `torch.cuda.amp.autocast(args...)` is deprecated. Please use `torch.amp.autocast('cuda', args...)` instead.
  with autocast(self.mixed_precision):
/scratch/e0538389/DivClust/engine/trainer.py:41: FutureWarning: `torch.cuda.amp.autocast(args...)` is deprecated. Please use `torch.amp.autocast('cuda', args...)` instead.
  with autocast(self.mixed_precision):
[2026-03-30 11:37:37](logger.py 179): id=CC_FMNIST_C10CFG_K20_E100_DT_0_6 | Ep. 43/100 - Step 225/273 (2.34 it/s) |################    | - loss_cc=4.557 - loss_ce=2.118 - loss_ne=0.0178 - loss_div=0.000671 - threshold=0.724 - loss=6.693
/scratch/e0538389/DivClust/engine/trainer.py:41: FutureWarning: `torch.cuda.amp.autocast(args...)` is deprecated. Please use `torch.amp.autocast('cuda', args...)` instead.
  with autocast(self.mixed_precision):
[2026-03-30 11:37:47](logger.py 179): id=CC_FMNIST_C10CFG_K20_E100_DT_0_6 | Ep. 43/100 - Step 250/273 (2.34 it/s) |##################  | - loss_cc=4.557 - loss_ce=2.118 - loss_ne=0.0179 - loss_div=0.000701 - threshold=0.724 - loss=6.694
/scratch/e0538389/DivClust/engine/trainer.py:41: FutureWarning: `torch.cuda.amp.autocast(args...)` is deprecated. Please use `torch.amp.autocast('cuda', args...)` instead.
  with autocast(self.mixed_precision):
[2026-03-30 11:37:57](logger.py 179): id=CC_FMNIST_C10CFG_K20_E100_DT_0_6 | Ep. 43/100 | Time: 00:01 | loss_cc=4.558 - loss_ce=2.118 - loss_ne=0.018 - loss_div=0.000767 - threshold=0.723 - loss=6.694
[2026-03-30 11:37:59](logger.py 179): id=CC_FMNIST_C10CFG_K20_E100_DT_0_6 | Ep. 44/100 - Step 0/273 (0.0 it/s) |                    | - loss_cc=4.532 - loss_ce=2.109 - loss_ne=0.0254 - loss_div=0.0 - threshold=0.719 - loss=6.666
/scratch/e0538389/DivClust/engine/trainer.py:41: FutureWarning: `torch.cuda.amp.autocast(args...)` is deprecated. Please use `torch.amp.autocast('cuda', args...)` instead.
  with autocast(self.mixed_precision):
[2026-03-30 11:38:10](logger.py 179): id=CC_FMNIST_C10CFG_K20_E100_DT_0_6 | Ep. 44/100 - Step 25/273 (2.32 it/s) |#                   | - loss_cc=4.558 - loss_ce=2.119 - loss_ne=0.0218 - loss_div=0.000149 - threshold=0.724 - loss=6.699
/scratch/e0538389/DivClust/engine/trainer.py:41: FutureWarning: `torch.cuda.amp.autocast(args...)` is deprecated. Please use `torch.amp.autocast('cuda', args...)` instead.
  with autocast(self.mixed_precision):
/scratch/e0538389/DivClust/engine/trainer.py:41: FutureWarning: `torch.cuda.amp.autocast(args...)` is deprecated. Please use `torch.amp.autocast('cuda', args...)` instead.
  with autocast(self.mixed_precision):
[2026-03-30 11:38:21](logger.py 179): id=CC_FMNIST_C10CFG_K20_E100_DT_0_6 | Ep. 44/100 - Step 50/273 (2.28 it/s) |###                 | - loss_cc=4.562 - loss_ce=2.12 - loss_ne=0.0203 - loss_div=0.000109 - threshold=0.728 - loss=6.703
/scratch/e0538389/DivClust/engine/trainer.py:41: FutureWarning: `torch.cuda.amp.autocast(args...)` is deprecated. Please use `torch.amp.autocast('cuda', args...)` instead.
  with autocast(self.mixed_precision):
[2026-03-30 11:38:32](logger.py 179): id=CC_FMNIST_C10CFG_K20_E100_DT_0_6 | Ep. 44/100 - Step 75/273 (2.29 it/s) |#####               | - loss_cc=4.559 - loss_ce=2.119 - loss_ne=0.0197 - loss_div=0.000332 - threshold=0.727 - loss=6.698
/scratch/e0538389/DivClust/engine/trainer.py:41: FutureWarning: `torch.cuda.amp.autocast(args...)` is deprecated. Please use `torch.amp.autocast('cuda', args...)` instead.
  with autocast(self.mixed_precision):
[2026-03-30 11:38:42](logger.py 179): id=CC_FMNIST_C10CFG_K20_E100_DT_0_6 | Ep. 44/100 - Step 100/273 (2.3 it/s) |#######             | - loss_cc=4.558 - loss_ce=2.119 - loss_ne=0.0197 - loss_div=0.00032 - threshold=0.726 - loss=6.696
/scratch/e0538389/DivClust/engine/trainer.py:41: FutureWarning: `torch.cuda.amp.autocast(args...)` is deprecated. Please use `torch.amp.autocast('cuda', args...)` instead.
  with autocast(self.mixed_precision):
[2026-03-30 11:38:53](logger.py 179): id=CC_FMNIST_C10CFG_K20_E100_DT_0_6 | Ep. 44/100 - Step 125/273 (2.3 it/s) |#########           | - loss_cc=4.558 - loss_ce=2.119 - loss_ne=0.0193 - loss_div=0.00029 - threshold=0.727 - loss=6.697
/scratch/e0538389/DivClust/engine/trainer.py:41: FutureWarning: `torch.cuda.amp.autocast(args...)` is deprecated. Please use `torch.amp.autocast('cuda', args...)` instead.
  with autocast(self.mixed_precision):
/scratch/e0538389/DivClust/engine/trainer.py:41: FutureWarning: `torch.cuda.amp.autocast(args...)` is deprecated. Please use `torch.amp.autocast('cuda', args...)` instead.
  with autocast(self.mixed_precision):
[2026-03-30 11:39:04](logger.py 179): id=CC_FMNIST_C10CFG_K20_E100_DT_0_6 | Ep. 44/100 - Step 150/273 (2.29 it/s) |##########          | - loss_cc=4.558 - loss_ce=2.118 - loss_ne=0.0196 - loss_div=0.000367 - threshold=0.727 - loss=6.697
/scratch/e0538389/DivClust/engine/trainer.py:41: FutureWarning: `torch.cuda.amp.autocast(args...)` is deprecated. Please use `torch.amp.autocast('cuda', args...)` instead.
  with autocast(self.mixed_precision):
[2026-03-30 11:39:15](logger.py 179): id=CC_FMNIST_C10CFG_K20_E100_DT_0_6 | Ep. 44/100 - Step 175/273 (2.3 it/s) |############        | - loss_cc=4.559 - loss_ce=2.119 - loss_ne=0.0193 - loss_div=0.000479 - threshold=0.725 - loss=6.698
/scratch/e0538389/DivClust/engine/trainer.py:41: FutureWarning: `torch.cuda.amp.autocast(args...)` is deprecated. Please use `torch.amp.autocast('cuda', args...)` instead.
  with autocast(self.mixed_precision):
[2026-03-30 11:39:26](logger.py 179): id=CC_FMNIST_C10CFG_K20_E100_DT_0_6 | Ep. 44/100 - Step 200/273 (2.3 it/s) |##############      | - loss_cc=4.559 - loss_ce=2.118 - loss_ne=0.019 - loss_div=0.000519 - threshold=0.724 - loss=6.697
/scratch/e0538389/DivClust/engine/trainer.py:41: FutureWarning: `torch.cuda.amp.autocast(args...)` is deprecated. Please use `torch.amp.autocast('cuda', args...)` instead.
  with autocast(self.mixed_precision):
[2026-03-30 11:39:36](logger.py 179): id=CC_FMNIST_C10CFG_K20_E100_DT_0_6 | Ep. 44/100 - Step 225/273 (2.31 it/s) |################    | - loss_cc=4.559 - loss_ce=2.118 - loss_ne=0.0187 - loss_div=0.000469 - threshold=0.724 - loss=6.697
/scratch/e0538389/DivClust/engine/trainer.py:41: FutureWarning: `torch.cuda.amp.autocast(args...)` is deprecated. Please use `torch.amp.autocast('cuda', args...)` instead.
  with autocast(self.mixed_precision):
/scratch/e0538389/DivClust/engine/trainer.py:41: FutureWarning: `torch.cuda.amp.autocast(args...)` is deprecated. Please use `torch.amp.autocast('cuda', args...)` instead.
  with autocast(self.mixed_precision):
[2026-03-30 11:39:48](logger.py 179): id=CC_FMNIST_C10CFG_K20_E100_DT_0_6 | Ep. 44/100 - Step 250/273 (2.3 it/s) |##################  | - loss_cc=4.559 - loss_ce=2.119 - loss_ne=0.0186 - loss_div=0.000497 - threshold=0.723 - loss=6.697
/scratch/e0538389/DivClust/engine/trainer.py:41: FutureWarning: `torch.cuda.amp.autocast(args...)` is deprecated. Please use `torch.amp.autocast('cuda', args...)` instead.
  with autocast(self.mixed_precision):
[2026-03-30 11:39:57](logger.py 179): id=CC_FMNIST_C10CFG_K20_E100_DT_0_6 | Ep. 44/100 | Time: 00:01 | loss_cc=4.559 - loss_ce=2.119 - loss_ne=0.0186 - loss_div=0.000499 - threshold=0.724 - loss=6.697
[2026-03-30 11:40:00](logger.py 179): id=CC_FMNIST_C10CFG_K20_E100_DT_0_6 | Ep. 45/100 - Step 0/273 (0.0 it/s) |                    | - loss_cc=4.578 - loss_ce=2.121 - loss_ne=0.0157 - loss_div=0.00195 - threshold=0.718 - loss=6.717
/scratch/e0538389/DivClust/engine/trainer.py:41: FutureWarning: `torch.cuda.amp.autocast(args...)` is deprecated. Please use `torch.amp.autocast('cuda', args...)` instead.
  with autocast(self.mixed_precision):
[2026-03-30 11:40:11](logger.py 179): id=CC_FMNIST_C10CFG_K20_E100_DT_0_6 | Ep. 45/100 - Step 25/273 (2.33 it/s) |#                   | - loss_cc=4.555 - loss_ce=2.116 - loss_ne=0.0185 - loss_div=0.00101 - threshold=0.722 - loss=6.69
/scratch/e0538389/DivClust/engine/trainer.py:41: FutureWarning: `torch.cuda.amp.autocast(args...)` is deprecated. Please use `torch.amp.autocast('cuda', args...)` instead.
  with autocast(self.mixed_precision):
[2026-03-30 11:40:21](logger.py 179): id=CC_FMNIST_C10CFG_K20_E100_DT_0_6 | Ep. 45/100 - Step 50/273 (2.33 it/s) |###                 | - loss_cc=4.555 - loss_ce=2.116 - loss_ne=0.0186 - loss_div=0.00073 - threshold=0.721 - loss=6.69
/scratch/e0538389/DivClust/engine/trainer.py:41: FutureWarning: `torch.cuda.amp.autocast(args...)` is deprecated. Please use `torch.amp.autocast('cuda', args...)` instead.
  with autocast(self.mixed_precision):
[2026-03-30 11:40:33](logger.py 179): id=CC_FMNIST_C10CFG_K20_E100_DT_0_6 | Ep. 45/100 - Step 75/273 (2.29 it/s) |#####               | - loss_cc=4.555 - loss_ce=2.116 - loss_ne=0.0184 - loss_div=0.00105 - threshold=0.718 - loss=6.691
/scratch/e0538389/DivClust/engine/trainer.py:41: FutureWarning: `torch.cuda.amp.autocast(args...)` is deprecated. Please use `torch.amp.autocast('cuda', args...)` instead.
  with autocast(self.mixed_precision):
/scratch/e0538389/DivClust/engine/trainer.py:41: FutureWarning: `torch.cuda.amp.autocast(args...)` is deprecated. Please use `torch.amp.autocast('cuda', args...)` instead.
  with autocast(self.mixed_precision):
[2026-03-30 11:40:43](logger.py 179): id=CC_FMNIST_C10CFG_K20_E100_DT_0_6 | Ep. 45/100 - Step 100/273 (2.3 it/s) |#######             | - loss_cc=4.556 - loss_ce=2.117 - loss_ne=0.0185 - loss_div=0.000843 - threshold=0.719 - loss=6.693
/scratch/e0538389/DivClust/engine/trainer.py:41: FutureWarning: `torch.cuda.amp.autocast(args...)` is deprecated. Please use `torch.amp.autocast('cuda', args...)` instead.
  with autocast(self.mixed_precision):
[2026-03-30 11:40:54](logger.py 179): id=CC_FMNIST_C10CFG_K20_E100_DT_0_6 | Ep. 45/100 - Step 125/273 (2.31 it/s) |#########           | - loss_cc=4.557 - loss_ce=2.117 - loss_ne=0.0189 - loss_div=0.000698 - threshold=0.721 - loss=6.693
/scratch/e0538389/DivClust/engine/trainer.py:41: FutureWarning: `torch.cuda.amp.autocast(args...)` is deprecated. Please use `torch.amp.autocast('cuda', args...)` instead.
  with autocast(self.mixed_precision):
[2026-03-30 11:41:05](logger.py 179): id=CC_FMNIST_C10CFG_K20_E100_DT_0_6 | Ep. 45/100 - Step 150/273 (2.31 it/s) |##########          | - loss_cc=4.556 - loss_ce=2.117 - loss_ne=0.0188 - loss_div=0.000586 - threshold=0.724 - loss=6.693
/scratch/e0538389/DivClust/engine/trainer.py:41: FutureWarning: `torch.cuda.amp.autocast(args...)` is deprecated. Please use `torch.amp.autocast('cuda', args...)` instead.
  with autocast(self.mixed_precision):
[2026-03-30 11:41:16](logger.py 179): id=CC_FMNIST_C10CFG_K20_E100_DT_0_6 | Ep. 45/100 - Step 175/273 (2.3 it/s) |############        | - loss_cc=4.557 - loss_ce=2.117 - loss_ne=0.0186 - loss_div=0.000565 - threshold=0.725 - loss=6.694
/scratch/e0538389/DivClust/engine/trainer.py:41: FutureWarning: `torch.cuda.amp.autocast(args...)` is deprecated. Please use `torch.amp.autocast('cuda', args...)` instead.
  with autocast(self.mixed_precision):
/scratch/e0538389/DivClust/engine/trainer.py:41: FutureWarning: `torch.cuda.amp.autocast(args...)` is deprecated. Please use `torch.amp.autocast('cuda', args...)` instead.
  with autocast(self.mixed_precision):
[2026-03-30 11:41:27](logger.py 179): id=CC_FMNIST_C10CFG_K20_E100_DT_0_6 | Ep. 45/100 - Step 200/273 (2.3 it/s) |##############      | - loss_cc=4.558 - loss_ce=2.118 - loss_ne=0.0187 - loss_div=0.000573 - threshold=0.725 - loss=6.695
/scratch/e0538389/DivClust/engine/trainer.py:41: FutureWarning: `torch.cuda.amp.autocast(args...)` is deprecated. Please use `torch.amp.autocast('cuda', args...)` instead.
  with autocast(self.mixed_precision):
[2026-03-30 11:41:37](logger.py 179): id=CC_FMNIST_C10CFG_K20_E100_DT_0_6 | Ep. 45/100 - Step 225/273 (2.31 it/s) |################    | - loss_cc=4.558 - loss_ce=2.118 - loss_ne=0.0186 - loss_div=0.000585 - threshold=0.726 - loss=6.695
/scratch/e0538389/DivClust/engine/trainer.py:41: FutureWarning: `torch.cuda.amp.autocast(args...)` is deprecated. Please use `torch.amp.autocast('cuda', args...)` instead.
  with autocast(self.mixed_precision):
[2026-03-30 11:41:48](logger.py 179): id=CC_FMNIST_C10CFG_K20_E100_DT_0_6 | Ep. 45/100 - Step 250/273 (2.31 it/s) |##################  | - loss_cc=4.557 - loss_ce=2.117 - loss_ne=0.0185 - loss_div=0.000595 - threshold=0.725 - loss=6.693
/scratch/e0538389/DivClust/engine/trainer.py:41: FutureWarning: `torch.cuda.amp.autocast(args...)` is deprecated. Please use `torch.amp.autocast('cuda', args...)` instead.
  with autocast(self.mixed_precision):
[2026-03-30 11:41:58](logger.py 179): id=CC_FMNIST_C10CFG_K20_E100_DT_0_6 | Ep. 45/100 | Time: 00:01 | loss_cc=4.557 - loss_ce=2.117 - loss_ne=0.0185 - loss_div=0.000686 - threshold=0.724 - loss=6.693
[2026-03-30 11:42:00](logger.py 179): id=CC_FMNIST_C10CFG_K20_E100_DT_0_6 | Ep. 46/100 - Step 0/273 (0.0 it/s) |                    | - loss_cc=4.558 - loss_ce=2.118 - loss_ne=0.0139 - loss_div=0.00136 - threshold=0.711 - loss=6.691
/scratch/e0538389/DivClust/engine/trainer.py:41: FutureWarning: `torch.cuda.amp.autocast(args...)` is deprecated. Please use `torch.amp.autocast('cuda', args...)` instead.
  with autocast(self.mixed_precision):
/scratch/e0538389/DivClust/engine/trainer.py:41: FutureWarning: `torch.cuda.amp.autocast(args...)` is deprecated. Please use `torch.amp.autocast('cuda', args...)` instead.
  with autocast(self.mixed_precision):
[2026-03-30 11:42:11](logger.py 179): id=CC_FMNIST_C10CFG_K20_E100_DT_0_6 | Ep. 46/100 - Step 25/273 (2.23 it/s) |#                   | - loss_cc=4.554 - loss_ce=2.116 - loss_ne=0.0177 - loss_div=0.000265 - threshold=0.719 - loss=6.688
/scratch/e0538389/DivClust/engine/trainer.py:41: FutureWarning: `torch.cuda.amp.autocast(args...)` is deprecated. Please use `torch.amp.autocast('cuda', args...)` instead.
  with autocast(self.mixed_precision):
[2026-03-30 11:42:22](logger.py 179): id=CC_FMNIST_C10CFG_K20_E100_DT_0_6 | Ep. 46/100 - Step 50/273 (2.28 it/s) |###                 | - loss_cc=4.555 - loss_ce=2.117 - loss_ne=0.0176 - loss_div=0.00017 - threshold=0.723 - loss=6.69
/scratch/e0538389/DivClust/engine/trainer.py:41: FutureWarning: `torch.cuda.amp.autocast(args...)` is deprecated. Please use `torch.amp.autocast('cuda', args...)` instead.
  with autocast(self.mixed_precision):
[2026-03-30 11:42:33](logger.py 179): id=CC_FMNIST_C10CFG_K20_E100_DT_0_6 | Ep. 46/100 - Step 75/273 (2.32 it/s) |#####               | - loss_cc=4.556 - loss_ce=2.117 - loss_ne=0.0178 - loss_div=0.000118 - threshold=0.727 - loss=6.691
/scratch/e0538389/DivClust/engine/trainer.py:41: FutureWarning: `torch.cuda.amp.autocast(args...)` is deprecated. Please use `torch.amp.autocast('cuda', args...)` instead.
  with autocast(self.mixed_precision):
[2026-03-30 11:42:43](logger.py 179): id=CC_FMNIST_C10CFG_K20_E100_DT_0_6 | Ep. 46/100 - Step 100/273 (2.33 it/s) |#######             | - loss_cc=4.557 - loss_ce=2.117 - loss_ne=0.0181 - loss_div=0.000204 - threshold=0.729 - loss=6.693
/scratch/e0538389/DivClust/engine/trainer.py:41: FutureWarning: `torch.cuda.amp.autocast(args...)` is deprecated. Please use `torch.amp.autocast('cuda', args...)` instead.
  with autocast(self.mixed_precision):
/scratch/e0538389/DivClust/engine/trainer.py:41: FutureWarning: `torch.cuda.amp.autocast(args...)` is deprecated. Please use `torch.amp.autocast('cuda', args...)` instead.
  with autocast(self.mixed_precision):
[2026-03-30 11:42:54](logger.py 179): id=CC_FMNIST_C10CFG_K20_E100_DT_0_6 | Ep. 46/100 - Step 125/273 (2.31 it/s) |#########           | - loss_cc=4.558 - loss_ce=2.118 - loss_ne=0.018 - loss_div=0.000354 - threshold=0.728 - loss=6.695
/scratch/e0538389/DivClust/engine/trainer.py:41: FutureWarning: `torch.cuda.amp.autocast(args...)` is deprecated. Please use `torch.amp.autocast('cuda', args...)` instead.
  with autocast(self.mixed_precision):
[2026-03-30 11:43:05](logger.py 179): id=CC_FMNIST_C10CFG_K20_E100_DT_0_6 | Ep. 46/100 - Step 150/273 (2.31 it/s) |##########          | - loss_cc=4.558 - loss_ce=2.117 - loss_ne=0.018 - loss_div=0.000578 - threshold=0.726 - loss=6.694
/scratch/e0538389/DivClust/engine/trainer.py:41: FutureWarning: `torch.cuda.amp.autocast(args...)` is deprecated. Please use `torch.amp.autocast('cuda', args...)` instead.
  with autocast(self.mixed_precision):
[2026-03-30 11:43:16](logger.py 179): id=CC_FMNIST_C10CFG_K20_E100_DT_0_6 | Ep. 46/100 - Step 175/273 (2.32 it/s) |############        | - loss_cc=4.558 - loss_ce=2.117 - loss_ne=0.0179 - loss_div=0.000603 - threshold=0.724 - loss=6.694
/scratch/e0538389/DivClust/engine/trainer.py:41: FutureWarning: `torch.cuda.amp.autocast(args...)` is deprecated. Please use `torch.amp.autocast('cuda', args...)` instead.
  with autocast(self.mixed_precision):
[2026-03-30 11:43:27](logger.py 179): id=CC_FMNIST_C10CFG_K20_E100_DT_0_6 | Ep. 46/100 - Step 200/273 (2.32 it/s) |##############      | - loss_cc=4.558 - loss_ce=2.118 - loss_ne=0.0182 - loss_div=0.000546 - threshold=0.724 - loss=6.694
/scratch/e0538389/DivClust/engine/trainer.py:41: FutureWarning: `torch.cuda.amp.autocast(args...)` is deprecated. Please use `torch.amp.autocast('cuda', args...)` instead.
  with autocast(self.mixed_precision):
/scratch/e0538389/DivClust/engine/trainer.py:41: FutureWarning: `torch.cuda.amp.autocast(args...)` is deprecated. Please use `torch.amp.autocast('cuda', args...)` instead.
  with autocast(self.mixed_precision):
[2026-03-30 11:43:38](logger.py 179): id=CC_FMNIST_C10CFG_K20_E100_DT_0_6 | Ep. 46/100 - Step 225/273 (2.31 it/s) |################    | - loss_cc=4.558 - loss_ce=2.118 - loss_ne=0.0181 - loss_div=0.000491 - threshold=0.725 - loss=6.695
/scratch/e0538389/DivClust/engine/trainer.py:41: FutureWarning: `torch.cuda.amp.autocast(args...)` is deprecated. Please use `torch.amp.autocast('cuda', args...)` instead.
  with autocast(self.mixed_precision):
[2026-03-30 11:43:49](logger.py 179): id=CC_FMNIST_C10CFG_K20_E100_DT_0_6 | Ep. 46/100 - Step 250/273 (2.31 it/s) |##################  | - loss_cc=4.558 - loss_ce=2.118 - loss_ne=0.0181 - loss_div=0.000453 - threshold=0.726 - loss=6.694
/scratch/e0538389/DivClust/engine/trainer.py:41: FutureWarning: `torch.cuda.amp.autocast(args...)` is deprecated. Please use `torch.amp.autocast('cuda', args...)` instead.
  with autocast(self.mixed_precision):
[2026-03-30 11:43:58](logger.py 179): id=CC_FMNIST_C10CFG_K20_E100_DT_0_6 | Ep. 46/100 | Time: 00:01 | loss_cc=4.558 - loss_ce=2.118 - loss_ne=0.0179 - loss_div=0.000444 - threshold=0.727 - loss=6.693
[2026-03-30 11:44:00](logger.py 179): id=CC_FMNIST_C10CFG_K20_E100_DT_0_6 | Ep. 47/100 - Step 0/273 (0.0 it/s) |                    | - loss_cc=4.517 - loss_ce=2.102 - loss_ne=0.0228 - loss_div=0.0 - threshold=0.725 - loss=6.641
/scratch/e0538389/DivClust/engine/trainer.py:41: FutureWarning: `torch.cuda.amp.autocast(args...)` is deprecated. Please use `torch.amp.autocast('cuda', args...)` instead.
  with autocast(self.mixed_precision):
[2026-03-30 11:44:10](logger.py 179): id=CC_FMNIST_C10CFG_K20_E100_DT_0_6 | Ep. 47/100 - Step 25/273 (2.38 it/s) |#                   | - loss_cc=4.544 - loss_ce=2.112 - loss_ne=0.0185 - loss_div=0.00139 - threshold=0.72 - loss=6.676
/scratch/e0538389/DivClust/engine/trainer.py:41: FutureWarning: `torch.cuda.amp.autocast(args...)` is deprecated. Please use `torch.amp.autocast('cuda', args...)` instead.
  with autocast(self.mixed_precision):
/scratch/e0538389/DivClust/engine/trainer.py:41: FutureWarning: `torch.cuda.amp.autocast(args...)` is deprecated. Please use `torch.amp.autocast('cuda', args...)` instead.
  with autocast(self.mixed_precision):
[2026-03-30 11:44:21](logger.py 179): id=CC_FMNIST_C10CFG_K20_E100_DT_0_6 | Ep. 47/100 - Step 50/273 (2.33 it/s) |###                 | - loss_cc=4.549 - loss_ce=2.114 - loss_ne=0.0181 - loss_div=0.00136 - threshold=0.715 - loss=6.682
/scratch/e0538389/DivClust/engine/trainer.py:41: FutureWarning: `torch.cuda.amp.autocast(args...)` is deprecated. Please use `torch.amp.autocast('cuda', args...)` instead.
  with autocast(self.mixed_precision):
[2026-03-30 11:44:32](logger.py 179): id=CC_FMNIST_C10CFG_K20_E100_DT_0_6 | Ep. 47/100 - Step 75/273 (2.32 it/s) |#####               | - loss_cc=4.551 - loss_ce=2.116 - loss_ne=0.0184 - loss_div=0.00164 - threshold=0.712 - loss=6.687
/scratch/e0538389/DivClust/engine/trainer.py:41: FutureWarning: `torch.cuda.amp.autocast(args...)` is deprecated. Please use `torch.amp.autocast('cuda', args...)` instead.
  with autocast(self.mixed_precision):
[2026-03-30 11:44:43](logger.py 179): id=CC_FMNIST_C10CFG_K20_E100_DT_0_6 | Ep. 47/100 - Step 100/273 (2.34 it/s) |#######             | - loss_cc=4.553 - loss_ce=2.116 - loss_ne=0.0182 - loss_div=0.0013 - threshold=0.712 - loss=6.689
/scratch/e0538389/DivClust/engine/trainer.py:41: FutureWarning: `torch.cuda.amp.autocast(args...)` is deprecated. Please use `torch.amp.autocast('cuda', args...)` instead.
  with autocast(self.mixed_precision):
[2026-03-30 11:44:53](logger.py 179): id=CC_FMNIST_C10CFG_K20_E100_DT_0_6 | Ep. 47/100 - Step 125/273 (2.34 it/s) |#########           | - loss_cc=4.554 - loss_ce=2.117 - loss_ne=0.0181 - loss_div=0.00105 - threshold=0.714 - loss=6.69
/scratch/e0538389/DivClust/engine/trainer.py:41: FutureWarning: `torch.cuda.amp.autocast(args...)` is deprecated. Please use `torch.amp.autocast('cuda', args...)` instead.
  with autocast(self.mixed_precision):
/scratch/e0538389/DivClust/engine/trainer.py:41: FutureWarning: `torch.cuda.amp.autocast(args...)` is deprecated. Please use `torch.amp.autocast('cuda', args...)` instead.
  with autocast(self.mixed_precision):
[2026-03-30 11:45:04](logger.py 179): id=CC_FMNIST_C10CFG_K20_E100_DT_0_6 | Ep. 47/100 - Step 150/273 (2.33 it/s) |##########          | - loss_cc=4.554 - loss_ce=2.117 - loss_ne=0.018 - loss_div=0.000884 - threshold=0.717 - loss=6.69
/scratch/e0538389/DivClust/engine/trainer.py:41: FutureWarning: `torch.cuda.amp.autocast(args...)` is deprecated. Please use `torch.amp.autocast('cuda', args...)` instead.
  with autocast(self.mixed_precision):
[2026-03-30 11:45:15](logger.py 179): id=CC_FMNIST_C10CFG_K20_E100_DT_0_6 | Ep. 47/100 - Step 175/273 (2.34 it/s) |############        | - loss_cc=4.554 - loss_ce=2.117 - loss_ne=0.0179 - loss_div=0.000776 - threshold=0.72 - loss=6.69
/scratch/e0538389/DivClust/engine/trainer.py:41: FutureWarning: `torch.cuda.amp.autocast(args...)` is deprecated. Please use `torch.amp.autocast('cuda', args...)` instead.
  with autocast(self.mixed_precision):
[2026-03-30 11:45:25](logger.py 179): id=CC_FMNIST_C10CFG_K20_E100_DT_0_6 | Ep. 47/100 - Step 200/273 (2.35 it/s) |##############      | - loss_cc=4.555 - loss_ce=2.117 - loss_ne=0.0179 - loss_div=0.000716 - threshold=0.721 - loss=6.69
/scratch/e0538389/DivClust/engine/trainer.py:41: FutureWarning: `torch.cuda.amp.autocast(args...)` is deprecated. Please use `torch.amp.autocast('cuda', args...)` instead.
  with autocast(self.mixed_precision):
[2026-03-30 11:45:36](logger.py 179): id=CC_FMNIST_C10CFG_K20_E100_DT_0_6 | Ep. 47/100 - Step 225/273 (2.34 it/s) |################    | - loss_cc=4.554 - loss_ce=2.117 - loss_ne=0.0181 - loss_div=0.000785 - threshold=0.721 - loss=6.69
/scratch/e0538389/DivClust/engine/trainer.py:41: FutureWarning: `torch.cuda.amp.autocast(args...)` is deprecated. Please use `torch.amp.autocast('cuda', args...)` instead.
  with autocast(self.mixed_precision):
/scratch/e0538389/DivClust/engine/trainer.py:41: FutureWarning: `torch.cuda.amp.autocast(args...)` is deprecated. Please use `torch.amp.autocast('cuda', args...)` instead.
  with autocast(self.mixed_precision):
[2026-03-30 11:45:47](logger.py 179): id=CC_FMNIST_C10CFG_K20_E100_DT_0_6 | Ep. 47/100 - Step 250/273 (2.34 it/s) |##################  | - loss_cc=4.555 - loss_ce=2.117 - loss_ne=0.0181 - loss_div=0.000881 - threshold=0.72 - loss=6.691
/scratch/e0538389/DivClust/engine/trainer.py:41: FutureWarning: `torch.cuda.amp.autocast(args...)` is deprecated. Please use `torch.amp.autocast('cuda', args...)` instead.
  with autocast(self.mixed_precision):
[2026-03-30 11:45:56](logger.py 179): id=CC_FMNIST_C10CFG_K20_E100_DT_0_6 | Ep. 47/100 | Time: 00:01 | loss_cc=4.555 - loss_ce=2.117 - loss_ne=0.0184 - loss_div=0.00083 - threshold=0.72 - loss=6.692
[2026-03-30 11:45:59](logger.py 179): id=CC_FMNIST_C10CFG_K20_E100_DT_0_6 | Ep. 48/100 - Step 0/273 (0.0 it/s) |                    | - loss_cc=4.56 - loss_ce=2.127 - loss_ne=0.0141 - loss_div=0.0 - threshold=0.724 - loss=6.701
/scratch/e0538389/DivClust/engine/trainer.py:41: FutureWarning: `torch.cuda.amp.autocast(args...)` is deprecated. Please use `torch.amp.autocast('cuda', args...)` instead.
  with autocast(self.mixed_precision):
[2026-03-30 11:46:10](logger.py 179): id=CC_FMNIST_C10CFG_K20_E100_DT_0_6 | Ep. 48/100 - Step 25/273 (2.32 it/s) |#                   | - loss_cc=4.555 - loss_ce=2.118 - loss_ne=0.0158 - loss_div=9.02e-05 - threshold=0.727 - loss=6.69
/scratch/e0538389/DivClust/engine/trainer.py:41: FutureWarning: `torch.cuda.amp.autocast(args...)` is deprecated. Please use `torch.amp.autocast('cuda', args...)` instead.
  with autocast(self.mixed_precision):
[2026-03-30 11:46:21](logger.py 179): id=CC_FMNIST_C10CFG_K20_E100_DT_0_6 | Ep. 48/100 - Step 50/273 (2.32 it/s) |###                 | - loss_cc=4.556 - loss_ce=2.118 - loss_ne=0.0181 - loss_div=0.000112 - threshold=0.731 - loss=6.692
/scratch/e0538389/DivClust/engine/trainer.py:41: FutureWarning: `torch.cuda.amp.autocast(args...)` is deprecated. Please use `torch.amp.autocast('cuda', args...)` instead.
  with autocast(self.mixed_precision):
[2026-03-30 11:46:31](logger.py 179): id=CC_FMNIST_C10CFG_K20_E100_DT_0_6 | Ep. 48/100 - Step 75/273 (2.34 it/s) |#####               | - loss_cc=4.557 - loss_ce=2.118 - loss_ne=0.0178 - loss_div=0.000156 - threshold=0.732 - loss=6.693
/scratch/e0538389/DivClust/engine/trainer.py:41: FutureWarning: `torch.cuda.amp.autocast(args...)` is deprecated. Please use `torch.amp.autocast('cuda', args...)` instead.
  with autocast(self.mixed_precision):
/scratch/e0538389/DivClust/engine/trainer.py:41: FutureWarning: `torch.cuda.amp.autocast(args...)` is deprecated. Please use `torch.amp.autocast('cuda', args...)` instead.
  with autocast(self.mixed_precision):
[2026-03-30 11:46:42](logger.py 179): id=CC_FMNIST_C10CFG_K20_E100_DT_0_6 | Ep. 48/100 - Step 100/273 (2.34 it/s) |#######             | - loss_cc=4.556 - loss_ce=2.118 - loss_ne=0.0176 - loss_div=0.000338 - threshold=0.73 - loss=6.692
/scratch/e0538389/DivClust/engine/trainer.py:41: FutureWarning: `torch.cuda.amp.autocast(args...)` is deprecated. Please use `torch.amp.autocast('cuda', args...)` instead.
  with autocast(self.mixed_precision):
[2026-03-30 11:46:52](logger.py 179): id=CC_FMNIST_C10CFG_K20_E100_DT_0_6 | Ep. 48/100 - Step 125/273 (2.35 it/s) |#########           | - loss_cc=4.555 - loss_ce=2.117 - loss_ne=0.0177 - loss_div=0.000691 - threshold=0.726 - loss=6.691
/scratch/e0538389/DivClust/engine/trainer.py:41: FutureWarning: `torch.cuda.amp.autocast(args...)` is deprecated. Please use `torch.amp.autocast('cuda', args...)` instead.
  with autocast(self.mixed_precision):
[2026-03-30 11:47:03](logger.py 179): id=CC_FMNIST_C10CFG_K20_E100_DT_0_6 | Ep. 48/100 - Step 150/273 (2.34 it/s) |##########          | - loss_cc=4.555 - loss_ce=2.117 - loss_ne=0.0179 - loss_div=0.000683 - threshold=0.724 - loss=6.69
/scratch/e0538389/DivClust/engine/trainer.py:41: FutureWarning: `torch.cuda.amp.autocast(args...)` is deprecated. Please use `torch.amp.autocast('cuda', args...)` instead.
  with autocast(self.mixed_precision):
[2026-03-30 11:47:13](logger.py 179): id=CC_FMNIST_C10CFG_K20_E100_DT_0_6 | Ep. 48/100 - Step 175/273 (2.35 it/s) |############        | - loss_cc=4.555 - loss_ce=2.117 - loss_ne=0.0177 - loss_div=0.000614 - threshold=0.724 - loss=6.69
/scratch/e0538389/DivClust/engine/trainer.py:41: FutureWarning: `torch.cuda.amp.autocast(args...)` is deprecated. Please use `torch.amp.autocast('cuda', args...)` instead.
  with autocast(self.mixed_precision):
/scratch/e0538389/DivClust/engine/trainer.py:41: FutureWarning: `torch.cuda.amp.autocast(args...)` is deprecated. Please use `torch.amp.autocast('cuda', args...)` instead.
  with autocast(self.mixed_precision):
[2026-03-30 11:47:24](logger.py 179): id=CC_FMNIST_C10CFG_K20_E100_DT_0_6 | Ep. 48/100 - Step 200/273 (2.34 it/s) |##############      | - loss_cc=4.554 - loss_ce=2.117 - loss_ne=0.0179 - loss_div=0.000548 - threshold=0.725 - loss=6.689
/scratch/e0538389/DivClust/engine/trainer.py:41: FutureWarning: `torch.cuda.amp.autocast(args...)` is deprecated. Please use `torch.amp.autocast('cuda', args...)` instead.
  with autocast(self.mixed_precision):
[2026-03-30 11:47:35](logger.py 179): id=CC_FMNIST_C10CFG_K20_E100_DT_0_6 | Ep. 48/100 - Step 225/273 (2.34 it/s) |################    | - loss_cc=4.554 - loss_ce=2.117 - loss_ne=0.0178 - loss_div=0.000507 - threshold=0.725 - loss=6.689
/scratch/e0538389/DivClust/engine/trainer.py:41: FutureWarning: `torch.cuda.amp.autocast(args...)` is deprecated. Please use `torch.amp.autocast('cuda', args...)` instead.
  with autocast(self.mixed_precision):
[2026-03-30 11:47:46](logger.py 179): id=CC_FMNIST_C10CFG_K20_E100_DT_0_6 | Ep. 48/100 - Step 250/273 (2.34 it/s) |##################  | - loss_cc=4.553 - loss_ce=2.116 - loss_ne=0.0178 - loss_div=0.000518 - threshold=0.725 - loss=6.688
/scratch/e0538389/DivClust/engine/trainer.py:41: FutureWarning: `torch.cuda.amp.autocast(args...)` is deprecated. Please use `torch.amp.autocast('cuda', args...)` instead.
  with autocast(self.mixed_precision):
[2026-03-30 11:47:55](logger.py 179): id=CC_FMNIST_C10CFG_K20_E100_DT_0_6 | Ep. 48/100 | Time: 00:01 | loss_cc=4.553 - loss_ce=2.116 - loss_ne=0.0178 - loss_div=0.00054 - threshold=0.725 - loss=6.688
[2026-03-30 11:47:57](logger.py 179): id=CC_FMNIST_C10CFG_K20_E100_DT_0_6 | Ep. 49/100 - Step 0/273 (0.0 it/s) |                    | - loss_cc=4.553 - loss_ce=2.11 - loss_ne=0.0076 - loss_div=0.0 - threshold=0.717 - loss=6.671
/scratch/e0538389/DivClust/engine/trainer.py:41: FutureWarning: `torch.cuda.amp.autocast(args...)` is deprecated. Please use `torch.amp.autocast('cuda', args...)` instead.
  with autocast(self.mixed_precision):
/scratch/e0538389/DivClust/engine/trainer.py:41: FutureWarning: `torch.cuda.amp.autocast(args...)` is deprecated. Please use `torch.amp.autocast('cuda', args...)` instead.
  with autocast(self.mixed_precision):
[2026-03-30 11:48:08](logger.py 179): id=CC_FMNIST_C10CFG_K20_E100_DT_0_6 | Ep. 49/100 - Step 25/273 (2.33 it/s) |#                   | - loss_cc=4.555 - loss_ce=2.117 - loss_ne=0.0184 - loss_div=0.0017 - threshold=0.711 - loss=6.692
/scratch/e0538389/DivClust/engine/trainer.py:41: FutureWarning: `torch.cuda.amp.autocast(args...)` is deprecated. Please use `torch.amp.autocast('cuda', args...)` instead.
  with autocast(self.mixed_precision):
[2026-03-30 11:48:19](logger.py 179): id=CC_FMNIST_C10CFG_K20_E100_DT_0_6 | Ep. 49/100 - Step 50/273 (2.33 it/s) |###                 | - loss_cc=4.551 - loss_ce=2.116 - loss_ne=0.018 - loss_div=0.000949 - threshold=0.715 - loss=6.686
/scratch/e0538389/DivClust/engine/trainer.py:41: FutureWarning: `torch.cuda.amp.autocast(args...)` is deprecated. Please use `torch.amp.autocast('cuda', args...)` instead.
  with autocast(self.mixed_precision):
[2026-03-30 11:48:29](logger.py 179): id=CC_FMNIST_C10CFG_K20_E100_DT_0_6 | Ep. 49/100 - Step 75/273 (2.33 it/s) |#####               | - loss_cc=4.551 - loss_ce=2.116 - loss_ne=0.0173 - loss_div=0.000793 - threshold=0.716 - loss=6.685
/scratch/e0538389/DivClust/engine/trainer.py:41: FutureWarning: `torch.cuda.amp.autocast(args...)` is deprecated. Please use `torch.amp.autocast('cuda', args...)` instead.
  with autocast(self.mixed_precision):
[2026-03-30 11:48:40](logger.py 179): id=CC_FMNIST_C10CFG_K20_E100_DT_0_6 | Ep. 49/100 - Step 100/273 (2.34 it/s) |#######             | - loss_cc=4.55 - loss_ce=2.116 - loss_ne=0.0173 - loss_div=0.000801 - threshold=0.715 - loss=6.684
/scratch/e0538389/DivClust/engine/trainer.py:41: FutureWarning: `torch.cuda.amp.autocast(args...)` is deprecated. Please use `torch.amp.autocast('cuda', args...)` instead.
  with autocast(self.mixed_precision):
/scratch/e0538389/DivClust/engine/trainer.py:41: FutureWarning: `torch.cuda.amp.autocast(args...)` is deprecated. Please use `torch.amp.autocast('cuda', args...)` instead.
  with autocast(self.mixed_precision):
[2026-03-30 11:48:51](logger.py 179): id=CC_FMNIST_C10CFG_K20_E100_DT_0_6 | Ep. 49/100 - Step 125/273 (2.33 it/s) |#########           | - loss_cc=4.548 - loss_ce=2.115 - loss_ne=0.0175 - loss_div=0.000713 - threshold=0.715 - loss=6.682
/scratch/e0538389/DivClust/engine/trainer.py:41: FutureWarning: `torch.cuda.amp.autocast(args...)` is deprecated. Please use `torch.amp.autocast('cuda', args...)` instead.
  with autocast(self.mixed_precision):
[2026-03-30 11:49:01](logger.py 179): id=CC_FMNIST_C10CFG_K20_E100_DT_0_6 | Ep. 49/100 - Step 150/273 (2.34 it/s) |##########          | - loss_cc=4.549 - loss_ce=2.115 - loss_ne=0.0174 - loss_div=0.000786 - threshold=0.715 - loss=6.683
/scratch/e0538389/DivClust/engine/trainer.py:41: FutureWarning: `torch.cuda.amp.autocast(args...)` is deprecated. Please use `torch.amp.autocast('cuda', args...)` instead.
  with autocast(self.mixed_precision):
[2026-03-30 11:49:12](logger.py 179): id=CC_FMNIST_C10CFG_K20_E100_DT_0_6 | Ep. 49/100 - Step 175/273 (2.35 it/s) |############        | - loss_cc=4.55 - loss_ce=2.116 - loss_ne=0.0172 - loss_div=0.000686 - threshold=0.715 - loss=6.683
/scratch/e0538389/DivClust/engine/trainer.py:41: FutureWarning: `torch.cuda.amp.autocast(args...)` is deprecated. Please use `torch.amp.autocast('cuda', args...)` instead.
  with autocast(self.mixed_precision):
[2026-03-30 11:49:22](logger.py 179): id=CC_FMNIST_C10CFG_K20_E100_DT_0_6 | Ep. 49/100 - Step 200/273 (2.35 it/s) |##############      | - loss_cc=4.55 - loss_ce=2.115 - loss_ne=0.0169 - loss_div=0.000649 - threshold=0.716 - loss=6.683
/scratch/e0538389/DivClust/engine/trainer.py:41: FutureWarning: `torch.cuda.amp.autocast(args...)` is deprecated. Please use `torch.amp.autocast('cuda', args...)` instead.
  with autocast(self.mixed_precision):
/scratch/e0538389/DivClust/engine/trainer.py:41: FutureWarning: `torch.cuda.amp.autocast(args...)` is deprecated. Please use `torch.amp.autocast('cuda', args...)` instead.
  with autocast(self.mixed_precision):
[2026-03-30 11:49:33](logger.py 179): id=CC_FMNIST_C10CFG_K20_E100_DT_0_6 | Ep. 49/100 - Step 225/273 (2.35 it/s) |################    | - loss_cc=4.55 - loss_ce=2.116 - loss_ne=0.017 - loss_div=0.000699 - threshold=0.715 - loss=6.684
/scratch/e0538389/DivClust/engine/trainer.py:41: FutureWarning: `torch.cuda.amp.autocast(args...)` is deprecated. Please use `torch.amp.autocast('cuda', args...)` instead.
  with autocast(self.mixed_precision):
[2026-03-30 11:49:43](logger.py 179): id=CC_FMNIST_C10CFG_K20_E100_DT_0_6 | Ep. 49/100 - Step 250/273 (2.35 it/s) |##################  | - loss_cc=4.551 - loss_ce=2.116 - loss_ne=0.0171 - loss_div=0.000654 - threshold=0.715 - loss=6.685
/scratch/e0538389/DivClust/engine/trainer.py:41: FutureWarning: `torch.cuda.amp.autocast(args...)` is deprecated. Please use `torch.amp.autocast('cuda', args...)` instead.
  with autocast(self.mixed_precision):
[2026-03-30 11:49:53](logger.py 179): id=CC_FMNIST_C10CFG_K20_E100_DT_0_6 | Ep. 49/100 | Time: 00:01 | loss_cc=4.551 - loss_ce=2.116 - loss_ne=0.0173 - loss_div=0.00061 - threshold=0.716 - loss=6.685
[2026-03-30 11:49:55](logger.py 179): id=CC_FMNIST_C10CFG_K20_E100_DT_0_6 | Ep. 50/100 - Step 0/273 (0.0 it/s) |                    | - loss_cc=4.546 - loss_ce=2.117 - loss_ne=0.0132 - loss_div=0.0 - threshold=0.731 - loss=6.676
/scratch/e0538389/DivClust/engine/trainer.py:41: FutureWarning: `torch.cuda.amp.autocast(args...)` is deprecated. Please use `torch.amp.autocast('cuda', args...)` instead.
  with autocast(self.mixed_precision):
[2026-03-30 11:50:05](logger.py 179): id=CC_FMNIST_C10CFG_K20_E100_DT_0_6 | Ep. 50/100 - Step 25/273 (2.38 it/s) |#                   | - loss_cc=4.549 - loss_ce=2.116 - loss_ne=0.0172 - loss_div=7.19e-05 - threshold=0.735 - loss=6.683
/scratch/e0538389/DivClust/engine/trainer.py:41: FutureWarning: `torch.cuda.amp.autocast(args...)` is deprecated. Please use `torch.amp.autocast('cuda', args...)` instead.
  with autocast(self.mixed_precision):
[2026-03-30 11:50:16](logger.py 179): id=CC_FMNIST_C10CFG_K20_E100_DT_0_6 | Ep. 50/100 - Step 50/273 (2.33 it/s) |###                 | - loss_cc=4.55 - loss_ce=2.116 - loss_ne=0.0172 - loss_div=0.000181 - threshold=0.733 - loss=6.683
/scratch/e0538389/DivClust/engine/trainer.py:41: FutureWarning: `torch.cuda.amp.autocast(args...)` is deprecated. Please use `torch.amp.autocast('cuda', args...)` instead.
  with autocast(self.mixed_precision):
/scratch/e0538389/DivClust/engine/trainer.py:41: FutureWarning: `torch.cuda.amp.autocast(args...)` is deprecated. Please use `torch.amp.autocast('cuda', args...)` instead.
  with autocast(self.mixed_precision):
[2026-03-30 11:50:27](logger.py 179): id=CC_FMNIST_C10CFG_K20_E100_DT_0_6 | Ep. 50/100 - Step 75/273 (2.33 it/s) |#####               | - loss_cc=4.55 - loss_ce=2.115 - loss_ne=0.0171 - loss_div=0.000452 - threshold=0.729 - loss=6.683
/scratch/e0538389/DivClust/engine/trainer.py:41: FutureWarning: `torch.cuda.amp.autocast(args...)` is deprecated. Please use `torch.amp.autocast('cuda', args...)` instead.
  with autocast(self.mixed_precision):
[2026-03-30 11:50:38](logger.py 179): id=CC_FMNIST_C10CFG_K20_E100_DT_0_6 | Ep. 50/100 - Step 100/273 (2.34 it/s) |#######             | - loss_cc=4.548 - loss_ce=2.115 - loss_ne=0.0175 - loss_div=0.000701 - threshold=0.725 - loss=6.681
/scratch/e0538389/DivClust/engine/trainer.py:41: FutureWarning: `torch.cuda.amp.autocast(args...)` is deprecated. Please use `torch.amp.autocast('cuda', args...)` instead.
  with autocast(self.mixed_precision):
[2026-03-30 11:50:48](logger.py 179): id=CC_FMNIST_C10CFG_K20_E100_DT_0_6 | Ep. 50/100 - Step 125/273 (2.35 it/s) |#########           | - loss_cc=4.55 - loss_ce=2.115 - loss_ne=0.0175 - loss_div=0.000719 - threshold=0.723 - loss=6.683
/scratch/e0538389/DivClust/engine/trainer.py:41: FutureWarning: `torch.cuda.amp.autocast(args...)` is deprecated. Please use `torch.amp.autocast('cuda', args...)` instead.
  with autocast(self.mixed_precision):
[2026-03-30 11:50:59](logger.py 179): id=CC_FMNIST_C10CFG_K20_E100_DT_0_6 | Ep. 50/100 - Step 150/273 (2.33 it/s) |##########          | - loss_cc=4.549 - loss_ce=2.115 - loss_ne=0.0178 - loss_div=0.000613 - threshold=0.723 - loss=6.683
/scratch/e0538389/DivClust/engine/trainer.py:41: FutureWarning: `torch.cuda.amp.autocast(args...)` is deprecated. Please use `torch.amp.autocast('cuda', args...)` instead.
  with autocast(self.mixed_precision):
/scratch/e0538389/DivClust/engine/trainer.py:41: FutureWarning: `torch.cuda.amp.autocast(args...)` is deprecated. Please use `torch.amp.autocast('cuda', args...)` instead.
  with autocast(self.mixed_precision):
[2026-03-30 11:51:10](logger.py 179): id=CC_FMNIST_C10CFG_K20_E100_DT_0_6 | Ep. 50/100 - Step 175/273 (2.33 it/s) |############        | - loss_cc=4.55 - loss_ce=2.116 - loss_ne=0.0177 - loss_div=0.000551 - threshold=0.724 - loss=6.684
/scratch/e0538389/DivClust/engine/trainer.py:41: FutureWarning: `torch.cuda.amp.autocast(args...)` is deprecated. Please use `torch.amp.autocast('cuda', args...)` instead.
  with autocast(self.mixed_precision):
[2026-03-30 11:51:21](logger.py 179): id=CC_FMNIST_C10CFG_K20_E100_DT_0_6 | Ep. 50/100 - Step 200/273 (2.33 it/s) |##############      | - loss_cc=4.55 - loss_ce=2.115 - loss_ne=0.0176 - loss_div=0.000557 - threshold=0.723 - loss=6.684
/scratch/e0538389/DivClust/engine/trainer.py:41: FutureWarning: `torch.cuda.amp.autocast(args...)` is deprecated. Please use `torch.amp.autocast('cuda', args...)` instead.
  with autocast(self.mixed_precision):
[2026-03-30 11:51:31](logger.py 179): id=CC_FMNIST_C10CFG_K20_E100_DT_0_6 | Ep. 50/100 - Step 225/273 (2.33 it/s) |################    | - loss_cc=4.55 - loss_ce=2.115 - loss_ne=0.0176 - loss_div=0.000579 - threshold=0.723 - loss=6.684
/scratch/e0538389/DivClust/engine/trainer.py:41: FutureWarning: `torch.cuda.amp.autocast(args...)` is deprecated. Please use `torch.amp.autocast('cuda', args...)` instead.
  with autocast(self.mixed_precision):
[2026-03-30 11:51:43](logger.py 179): id=CC_FMNIST_C10CFG_K20_E100_DT_0_6 | Ep. 50/100 - Step 250/273 (2.32 it/s) |##################  | - loss_cc=4.55 - loss_ce=2.115 - loss_ne=0.0176 - loss_div=0.000533 - threshold=0.723 - loss=6.684
/scratch/e0538389/DivClust/engine/trainer.py:41: FutureWarning: `torch.cuda.amp.autocast(args...)` is deprecated. Please use `torch.amp.autocast('cuda', args...)` instead.
  with autocast(self.mixed_precision):
/scratch/e0538389/DivClust/engine/trainer.py:41: FutureWarning: `torch.cuda.amp.autocast(args...)` is deprecated. Please use `torch.amp.autocast('cuda', args...)` instead.
  with autocast(self.mixed_precision):
[2026-03-30 11:51:52](logger.py 179): Evaluating
[2026-03-30 11:51:53](logger.py 179): Eval. step 0 of 274
[2026-03-30 11:51:55](logger.py 179): Eval. step 25 of 274
[2026-03-30 11:51:57](logger.py 179): Eval. step 50 of 274
[2026-03-30 11:52:00](logger.py 179): Eval. step 75 of 274
[2026-03-30 11:52:02](logger.py 179): Eval. step 100 of 274
[2026-03-30 11:52:04](logger.py 179): Eval. step 125 of 274
[2026-03-30 11:52:07](logger.py 179): Eval. step 150 of 274
[2026-03-30 11:52:09](logger.py 179): Eval. step 175 of 274
[2026-03-30 11:52:11](logger.py 179): Eval. step 200 of 274
[2026-03-30 11:52:14](logger.py 179): Eval. step 225 of 274
[2026-03-30 11:52:16](logger.py 179): Eval. step 250 of 274
[2026-03-30 11:52:20](logger.py 179): id=CC_FMNIST_C10CFG_K20_E100_DT_0_6 | Ep. 50/100 | Time: 00:02 | loss_cc=4.551 - loss_ce=2.115 - loss_ne=0.0175 - loss_div=0.00053 - threshold=0.723 - loss=6.684 - eval_confidence=0.896 - cluster_acc_0_eval=42.68 - cluster_nmi_0_eval=0.462 - cluster_ari_0_eval=0.294 - cluster_acc_1_eval=50.57 - cluster_nmi_1_eval=0.495 - cluster_ari_1_eval=0.344 - cluster_acc_2_eval=48.19 - cluster_nmi_2_eval=0.519 - cluster_ari_2_eval=0.349 - cluster_acc_3_eval=49.65 - cluster_nmi_3_eval=0.512 - cluster_ari_3_eval=0.346 - cluster_acc_4_eval=54.98 - cluster_nmi_4_eval=0.536 - cluster_ari_4_eval=0.393 - cluster_acc_5_eval=65.15 - cluster_nmi_5_eval=0.625 - cluster_ari_5_eval=0.52 - cluster_acc_6_eval=55.9 - cluster_nmi_6_eval=0.566 - cluster_ari_6_eval=0.422 - cluster_acc_7_eval=58.06 - cluster_nmi_7_eval=0.558 - cluster_ari_7_eval=0.44 - cluster_acc_8_eval=57.42 - cluster_nmi_8_eval=0.533 - cluster_ari_8_eval=0.413 - cluster_acc_9_eval=57.94 - cluster_nmi_9_eval=0.581 - cluster_ari_9_eval=0.459 - cluster_acc_10_eval=52.11 - cluster_nmi_10_eval=0.527 - cluster_ari_10_eval=0.376 - cluster_acc_11_eval=50.4 - cluster_nmi_11_eval=0.524 - cluster_ari_11_eval=0.38 - cluster_acc_12_eval=51.72 - cluster_nmi_12_eval=0.535 - cluster_ari_12_eval=0.4 - cluster_acc_13_eval=56.73 - cluster_nmi_13_eval=0.539 - cluster_ari_13_eval=0.416 - cluster_acc_14_eval=53.55 - cluster_nmi_14_eval=0.552 - cluster_ari_14_eval=0.395 - cluster_acc_15_eval=54.63 - cluster_nmi_15_eval=0.527 - cluster_ari_15_eval=0.373 - cluster_acc_16_eval=55.01 - cluster_nmi_16_eval=0.547 - cluster_ari_16_eval=0.419 - cluster_acc_17_eval=52.9 - cluster_nmi_17_eval=0.559 - cluster_ari_17_eval=0.396 - cluster_acc_18_eval=56.0 - cluster_nmi_18_eval=0.54 - cluster_ari_18_eval=0.402 - cluster_acc_19_eval=55.18 - cluster_nmi_19_eval=0.536 - cluster_ari_19_eval=0.396 - max_cluster_acc_eval=65.15 - mean_cluster_acc_eval=53.94 - min_cluster_acc_eval=42.68 - max_cluster_nmi_eval=0.625 - mean_cluster_nmi_eval=0.539 - min_cluster_nmi_eval=0.462 - max_cluster_ari_eval=0.52 - mean_cluster_ari_eval=0.397 - min_cluster_ari_eval=0.294 - interclustering_nmi_eval=0.598
/scratch/e0538389/DivClust/engine/trainer.py:41: FutureWarning: `torch.cuda.amp.autocast(args...)` is deprecated. Please use `torch.amp.autocast('cuda', args...)` instead.
  with autocast(self.mixed_precision):
[2026-03-30 11:52:22](logger.py 179): id=CC_FMNIST_C10CFG_K20_E100_DT_0_6 | Ep. 51/100 - Step 0/273 (0.0 it/s) |                    | - loss_cc=4.536 - loss_ce=2.105 - loss_ne=0.0138 - loss_div=0.000589 - threshold=0.716 - loss=6.656
/scratch/e0538389/DivClust/engine/trainer.py:41: FutureWarning: `torch.cuda.amp.autocast(args...)` is deprecated. Please use `torch.amp.autocast('cuda', args...)` instead.
  with autocast(self.mixed_precision):
[2026-03-30 11:52:33](logger.py 179): id=CC_FMNIST_C10CFG_K20_E100_DT_0_6 | Ep. 51/100 - Step 25/273 (2.32 it/s) |#                   | - loss_cc=4.558 - loss_ce=2.118 - loss_ne=0.0177 - loss_div=0.00211 - threshold=0.713 - loss=6.696
/scratch/e0538389/DivClust/engine/trainer.py:41: FutureWarning: `torch.cuda.amp.autocast(args...)` is deprecated. Please use `torch.amp.autocast('cuda', args...)` instead.
  with autocast(self.mixed_precision):
[2026-03-30 11:52:44](logger.py 179): id=CC_FMNIST_C10CFG_K20_E100_DT_0_6 | Ep. 51/100 - Step 50/273 (2.32 it/s) |###                 | - loss_cc=4.556 - loss_ce=2.118 - loss_ne=0.0188 - loss_div=0.00148 - threshold=0.713 - loss=6.694
/scratch/e0538389/DivClust/engine/trainer.py:41: FutureWarning: `torch.cuda.amp.autocast(args...)` is deprecated. Please use `torch.amp.autocast('cuda', args...)` instead.
  with autocast(self.mixed_precision):
[2026-03-30 11:52:55](logger.py 179): id=CC_FMNIST_C10CFG_K20_E100_DT_0_6 | Ep. 51/100 - Step 75/273 (2.32 it/s) |#####               | - loss_cc=4.553 - loss_ce=2.117 - loss_ne=0.0184 - loss_div=0.00103 - threshold=0.715 - loss=6.689
/scratch/e0538389/DivClust/engine/trainer.py:41: FutureWarning: `torch.cuda.amp.autocast(args...)` is deprecated. Please use `torch.amp.autocast('cuda', args...)` instead.
  with autocast(self.mixed_precision):
/scratch/e0538389/DivClust/engine/trainer.py:41: FutureWarning: `torch.cuda.amp.autocast(args...)` is deprecated. Please use `torch.amp.autocast('cuda', args...)` instead.
  with autocast(self.mixed_precision):
[2026-03-30 11:53:06](logger.py 179): id=CC_FMNIST_C10CFG_K20_E100_DT_0_6 | Ep. 51/100 - Step 100/273 (2.3 it/s) |#######             | - loss_cc=4.553 - loss_ce=2.116 - loss_ne=0.0183 - loss_div=0.000794 - threshold=0.719 - loss=6.688
/scratch/e0538389/DivClust/engine/trainer.py:41: FutureWarning: `torch.cuda.amp.autocast(args...)` is deprecated. Please use `torch.amp.autocast('cuda', args...)` instead.
  with autocast(self.mixed_precision):
[2026-03-30 11:53:17](logger.py 179): id=CC_FMNIST_C10CFG_K20_E100_DT_0_6 | Ep. 51/100 - Step 125/273 (2.3 it/s) |#########           | - loss_cc=4.551 - loss_ce=2.116 - loss_ne=0.018 - loss_div=0.000662 - threshold=0.722 - loss=6.686
/scratch/e0538389/DivClust/engine/trainer.py:41: FutureWarning: `torch.cuda.amp.autocast(args...)` is deprecated. Please use `torch.amp.autocast('cuda', args...)` instead.
  with autocast(self.mixed_precision):
[2026-03-30 11:53:27](logger.py 179): id=CC_FMNIST_C10CFG_K20_E100_DT_0_6 | Ep. 51/100 - Step 150/273 (2.31 it/s) |##########          | - loss_cc=4.55 - loss_ce=2.115 - loss_ne=0.0178 - loss_div=0.000652 - threshold=0.723 - loss=6.684
/scratch/e0538389/DivClust/engine/trainer.py:41: FutureWarning: `torch.cuda.amp.autocast(args...)` is deprecated. Please use `torch.amp.autocast('cuda', args...)` instead.
  with autocast(self.mixed_precision):
[2026-03-30 11:53:38](logger.py 179): id=CC_FMNIST_C10CFG_K20_E100_DT_0_6 | Ep. 51/100 - Step 175/273 (2.31 it/s) |############        | - loss_cc=4.55 - loss_ce=2.115 - loss_ne=0.0178 - loss_div=0.000738 - threshold=0.722 - loss=6.683
/scratch/e0538389/DivClust/engine/trainer.py:41: FutureWarning: `torch.cuda.amp.autocast(args...)` is deprecated. Please use `torch.amp.autocast('cuda', args...)` instead.
  with autocast(self.mixed_precision):
/scratch/e0538389/DivClust/engine/trainer.py:41: FutureWarning: `torch.cuda.amp.autocast(args...)` is deprecated. Please use `torch.amp.autocast('cuda', args...)` instead.
  with autocast(self.mixed_precision):
[2026-03-30 11:53:49](logger.py 179): id=CC_FMNIST_C10CFG_K20_E100_DT_0_6 | Ep. 51/100 - Step 200/273 (2.31 it/s) |##############      | - loss_cc=4.549 - loss_ce=2.115 - loss_ne=0.0179 - loss_div=0.000687 - threshold=0.722 - loss=6.683
/scratch/e0538389/DivClust/engine/trainer.py:41: FutureWarning: `torch.cuda.amp.autocast(args...)` is deprecated. Please use `torch.amp.autocast('cuda', args...)` instead.
  with autocast(self.mixed_precision):
[2026-03-30 11:53:59](logger.py 179): id=CC_FMNIST_C10CFG_K20_E100_DT_0_6 | Ep. 51/100 - Step 225/273 (2.32 it/s) |################    | - loss_cc=4.549 - loss_ce=2.115 - loss_ne=0.0179 - loss_div=0.000645 - threshold=0.723 - loss=6.682
/scratch/e0538389/DivClust/engine/trainer.py:41: FutureWarning: `torch.cuda.amp.autocast(args...)` is deprecated. Please use `torch.amp.autocast('cuda', args...)` instead.
  with autocast(self.mixed_precision):
[2026-03-30 11:54:10](logger.py 179): id=CC_FMNIST_C10CFG_K20_E100_DT_0_6 | Ep. 51/100 - Step 250/273 (2.32 it/s) |##################  | - loss_cc=4.549 - loss_ce=2.115 - loss_ne=0.0179 - loss_div=0.000673 - threshold=0.722 - loss=6.682
/scratch/e0538389/DivClust/engine/trainer.py:41: FutureWarning: `torch.cuda.amp.autocast(args...)` is deprecated. Please use `torch.amp.autocast('cuda', args...)` instead.
  with autocast(self.mixed_precision):
[2026-03-30 11:54:19](logger.py 179): id=CC_FMNIST_C10CFG_K20_E100_DT_0_6 | Ep. 51/100 | Time: 00:01 | loss_cc=4.548 - loss_ce=2.115 - loss_ne=0.0178 - loss_div=0.000646 - threshold=0.722 - loss=6.681
[2026-03-30 11:54:22](logger.py 179): id=CC_FMNIST_C10CFG_K20_E100_DT_0_6 | Ep. 52/100 - Step 0/273 (0.0 it/s) |                    | - loss_cc=4.575 - loss_ce=2.13 - loss_ne=0.017 - loss_div=0.0 - threshold=0.722 - loss=6.722
/scratch/e0538389/DivClust/engine/trainer.py:41: FutureWarning: `torch.cuda.amp.autocast(args...)` is deprecated. Please use `torch.amp.autocast('cuda', args...)` instead.
  with autocast(self.mixed_precision):
/scratch/e0538389/DivClust/engine/trainer.py:41: FutureWarning: `torch.cuda.amp.autocast(args...)` is deprecated. Please use `torch.amp.autocast('cuda', args...)` instead.
  with autocast(self.mixed_precision):
[2026-03-30 11:54:33](logger.py 179): id=CC_FMNIST_C10CFG_K20_E100_DT_0_6 | Ep. 52/100 - Step 25/273 (2.28 it/s) |#                   | - loss_cc=4.55 - loss_ce=2.115 - loss_ne=0.0185 - loss_div=0.000163 - threshold=0.728 - loss=6.684
/scratch/e0538389/DivClust/engine/trainer.py:41: FutureWarning: `torch.cuda.amp.autocast(args...)` is deprecated. Please use `torch.amp.autocast('cuda', args...)` instead.
  with autocast(self.mixed_precision):
[2026-03-30 11:54:43](logger.py 179): id=CC_FMNIST_C10CFG_K20_E100_DT_0_6 | Ep. 52/100 - Step 50/273 (2.33 it/s) |###                 | - loss_cc=4.55 - loss_ce=2.115 - loss_ne=0.0179 - loss_div=0.000577 - threshold=0.724 - loss=6.683
/scratch/e0538389/DivClust/engine/trainer.py:41: FutureWarning: `torch.cuda.amp.autocast(args...)` is deprecated. Please use `torch.amp.autocast('cuda', args...)` instead.
  with autocast(self.mixed_precision):
[2026-03-30 11:54:54](logger.py 179): id=CC_FMNIST_C10CFG_K20_E100_DT_0_6 | Ep. 52/100 - Step 75/273 (2.33 it/s) |#####               | - loss_cc=4.55 - loss_ce=2.115 - loss_ne=0.0179 - loss_div=0.000872 - threshold=0.72 - loss=6.684
/scratch/e0538389/DivClust/engine/trainer.py:41: FutureWarning: `torch.cuda.amp.autocast(args...)` is deprecated. Please use `torch.amp.autocast('cuda', args...)` instead.
  with autocast(self.mixed_precision):
[2026-03-30 11:55:05](logger.py 179): id=CC_FMNIST_C10CFG_K20_E100_DT_0_6 | Ep. 52/100 - Step 100/273 (2.33 it/s) |#######             | - loss_cc=4.55 - loss_ce=2.115 - loss_ne=0.0187 - loss_div=0.0008 - threshold=0.718 - loss=6.685
/scratch/e0538389/DivClust/engine/trainer.py:41: FutureWarning: `torch.cuda.amp.autocast(args...)` is deprecated. Please use `torch.amp.autocast('cuda', args...)` instead.
  with autocast(self.mixed_precision):
/scratch/e0538389/DivClust/engine/trainer.py:41: FutureWarning: `torch.cuda.amp.autocast(args...)` is deprecated. Please use `torch.amp.autocast('cuda', args...)` instead.
  with autocast(self.mixed_precision):
[2026-03-30 11:55:16](logger.py 179): id=CC_FMNIST_C10CFG_K20_E100_DT_0_6 | Ep. 52/100 - Step 125/273 (2.31 it/s) |#########           | - loss_cc=4.55 - loss_ce=2.115 - loss_ne=0.0186 - loss_div=0.000738 - threshold=0.719 - loss=6.685
/scratch/e0538389/DivClust/engine/trainer.py:41: FutureWarning: `torch.cuda.amp.autocast(args...)` is deprecated. Please use `torch.amp.autocast('cuda', args...)` instead.
  with autocast(self.mixed_precision):
[2026-03-30 11:55:27](logger.py 179): id=CC_FMNIST_C10CFG_K20_E100_DT_0_6 | Ep. 52/100 - Step 150/273 (2.31 it/s) |##########          | - loss_cc=4.548 - loss_ce=2.115 - loss_ne=0.0182 - loss_div=0.00066 - threshold=0.718 - loss=6.682
/scratch/e0538389/DivClust/engine/trainer.py:41: FutureWarning: `torch.cuda.amp.autocast(args...)` is deprecated. Please use `torch.amp.autocast('cuda', args...)` instead.
  with autocast(self.mixed_precision):
[2026-03-30 11:55:37](logger.py 179): id=CC_FMNIST_C10CFG_K20_E100_DT_0_6 | Ep. 52/100 - Step 175/273 (2.31 it/s) |############        | - loss_cc=4.548 - loss_ce=2.115 - loss_ne=0.0181 - loss_div=0.000589 - threshold=0.719 - loss=6.681
/scratch/e0538389/DivClust/engine/trainer.py:41: FutureWarning: `torch.cuda.amp.autocast(args...)` is deprecated. Please use `torch.amp.autocast('cuda', args...)` instead.
  with autocast(self.mixed_precision):
[2026-03-30 11:55:48](logger.py 179): id=CC_FMNIST_C10CFG_K20_E100_DT_0_6 | Ep. 52/100 - Step 200/273 (2.32 it/s) |##############      | - loss_cc=4.548 - loss_ce=2.115 - loss_ne=0.0178 - loss_div=0.000524 - threshold=0.721 - loss=6.681
/scratch/e0538389/DivClust/engine/trainer.py:41: FutureWarning: `torch.cuda.amp.autocast(args...)` is deprecated. Please use `torch.amp.autocast('cuda', args...)` instead.
  with autocast(self.mixed_precision):
/scratch/e0538389/DivClust/engine/trainer.py:41: FutureWarning: `torch.cuda.amp.autocast(args...)` is deprecated. Please use `torch.amp.autocast('cuda', args...)` instead.
  with autocast(self.mixed_precision):
[2026-03-30 11:55:59](logger.py 179): id=CC_FMNIST_C10CFG_K20_E100_DT_0_6 | Ep. 52/100 - Step 225/273 (2.31 it/s) |################    | - loss_cc=4.548 - loss_ce=2.114 - loss_ne=0.0176 - loss_div=0.000486 - threshold=0.722 - loss=6.68
/scratch/e0538389/DivClust/engine/trainer.py:41: FutureWarning: `torch.cuda.amp.autocast(args...)` is deprecated. Please use `torch.amp.autocast('cuda', args...)` instead.
  with autocast(self.mixed_precision):
[2026-03-30 11:56:10](logger.py 179): id=CC_FMNIST_C10CFG_K20_E100_DT_0_6 | Ep. 52/100 - Step 250/273 (2.31 it/s) |##################  | - loss_cc=4.547 - loss_ce=2.114 - loss_ne=0.0175 - loss_div=0.000524 - threshold=0.722 - loss=6.679
/scratch/e0538389/DivClust/engine/trainer.py:41: FutureWarning: `torch.cuda.amp.autocast(args...)` is deprecated. Please use `torch.amp.autocast('cuda', args...)` instead.
  with autocast(self.mixed_precision):
[2026-03-30 11:56:19](logger.py 179): id=CC_FMNIST_C10CFG_K20_E100_DT_0_6 | Ep. 52/100 | Time: 00:01 | loss_cc=4.546 - loss_ce=2.114 - loss_ne=0.0177 - loss_div=0.000584 - threshold=0.721 - loss=6.678
[2026-03-30 11:56:21](logger.py 179): id=CC_FMNIST_C10CFG_K20_E100_DT_0_6 | Ep. 53/100 - Step 0/273 (0.0 it/s) |                    | - loss_cc=4.56 - loss_ce=2.12 - loss_ne=0.00785 - loss_div=0.00226 - threshold=0.707 - loss=6.69
/scratch/e0538389/DivClust/engine/trainer.py:41: FutureWarning: `torch.cuda.amp.autocast(args...)` is deprecated. Please use `torch.amp.autocast('cuda', args...)` instead.
  with autocast(self.mixed_precision):
[2026-03-30 11:56:31](logger.py 179): id=CC_FMNIST_C10CFG_K20_E100_DT_0_6 | Ep. 53/100 - Step 25/273 (2.39 it/s) |#                   | - loss_cc=4.548 - loss_ce=2.116 - loss_ne=0.0189 - loss_div=0.000577 - threshold=0.712 - loss=6.684
/scratch/e0538389/DivClust/engine/trainer.py:41: FutureWarning: `torch.cuda.amp.autocast(args...)` is deprecated. Please use `torch.amp.autocast('cuda', args...)` instead.
  with autocast(self.mixed_precision):
[2026-03-30 11:56:42](logger.py 179): id=CC_FMNIST_C10CFG_K20_E100_DT_0_6 | Ep. 53/100 - Step 50/273 (2.39 it/s) |###                 | - loss_cc=4.547 - loss_ce=2.116 - loss_ne=0.0194 - loss_div=0.000546 - threshold=0.716 - loss=6.683
/scratch/e0538389/DivClust/engine/trainer.py:41: FutureWarning: `torch.cuda.amp.autocast(args...)` is deprecated. Please use `torch.amp.autocast('cuda', args...)` instead.
  with autocast(self.mixed_precision):
/scratch/e0538389/DivClust/engine/trainer.py:41: FutureWarning: `torch.cuda.amp.autocast(args...)` is deprecated. Please use `torch.amp.autocast('cuda', args...)` instead.
  with autocast(self.mixed_precision):
[2026-03-30 11:56:53](logger.py 179): id=CC_FMNIST_C10CFG_K20_E100_DT_0_6 | Ep. 53/100 - Step 75/273 (2.35 it/s) |#####               | - loss_cc=4.546 - loss_ce=2.115 - loss_ne=0.0184 - loss_div=0.000395 - threshold=0.721 - loss=6.68
/scratch/e0538389/DivClust/engine/trainer.py:41: FutureWarning: `torch.cuda.amp.autocast(args...)` is deprecated. Please use `torch.amp.autocast('cuda', args...)` instead.
  with autocast(self.mixed_precision):
[2026-03-30 11:57:04](logger.py 179): id=CC_FMNIST_C10CFG_K20_E100_DT_0_6 | Ep. 53/100 - Step 100/273 (2.35 it/s) |#######             | - loss_cc=4.545 - loss_ce=2.114 - loss_ne=0.0178 - loss_div=0.000312 - threshold=0.724 - loss=6.677
/scratch/e0538389/DivClust/engine/trainer.py:41: FutureWarning: `torch.cuda.amp.autocast(args...)` is deprecated. Please use `torch.amp.autocast('cuda', args...)` instead.
  with autocast(self.mixed_precision):
[2026-03-30 11:57:14](logger.py 179): id=CC_FMNIST_C10CFG_K20_E100_DT_0_6 | Ep. 53/100 - Step 125/273 (2.34 it/s) |#########           | - loss_cc=4.545 - loss_ce=2.114 - loss_ne=0.0176 - loss_div=0.000402 - threshold=0.724 - loss=6.677
/scratch/e0538389/DivClust/engine/trainer.py:41: FutureWarning: `torch.cuda.amp.autocast(args...)` is deprecated. Please use `torch.amp.autocast('cuda', args...)` instead.
  with autocast(self.mixed_precision):
[2026-03-30 11:57:25](logger.py 179): id=CC_FMNIST_C10CFG_K20_E100_DT_0_6 | Ep. 53/100 - Step 150/273 (2.35 it/s) |##########          | - loss_cc=4.546 - loss_ce=2.114 - loss_ne=0.0181 - loss_div=0.00037 - threshold=0.724 - loss=6.678
/scratch/e0538389/DivClust/engine/trainer.py:41: FutureWarning: `torch.cuda.amp.autocast(args...)` is deprecated. Please use `torch.amp.autocast('cuda', args...)` instead.
  with autocast(self.mixed_precision):
/scratch/e0538389/DivClust/engine/trainer.py:41: FutureWarning: `torch.cuda.amp.autocast(args...)` is deprecated. Please use `torch.amp.autocast('cuda', args...)` instead.
  with autocast(self.mixed_precision):
[2026-03-30 11:57:36](logger.py 179): id=CC_FMNIST_C10CFG_K20_E100_DT_0_6 | Ep. 53/100 - Step 175/273 (2.34 it/s) |############        | - loss_cc=4.545 - loss_ce=2.114 - loss_ne=0.0179 - loss_div=0.000474 - threshold=0.724 - loss=6.678
/scratch/e0538389/DivClust/engine/trainer.py:41: FutureWarning: `torch.cuda.amp.autocast(args...)` is deprecated. Please use `torch.amp.autocast('cuda', args...)` instead.
  with autocast(self.mixed_precision):
[2026-03-30 11:57:46](logger.py 179): id=CC_FMNIST_C10CFG_K20_E100_DT_0_6 | Ep. 53/100 - Step 200/273 (2.34 it/s) |##############      | - loss_cc=4.545 - loss_ce=2.114 - loss_ne=0.018 - loss_div=0.000457 - threshold=0.723 - loss=6.677
/scratch/e0538389/DivClust/engine/trainer.py:41: FutureWarning: `torch.cuda.amp.autocast(args...)` is deprecated. Please use `torch.amp.autocast('cuda', args...)` instead.
  with autocast(self.mixed_precision):
[2026-03-30 11:57:57](logger.py 179): id=CC_FMNIST_C10CFG_K20_E100_DT_0_6 | Ep. 53/100 - Step 225/273 (2.34 it/s) |################    | - loss_cc=4.545 - loss_ce=2.114 - loss_ne=0.0181 - loss_div=0.000543 - threshold=0.722 - loss=6.677
/scratch/e0538389/DivClust/engine/trainer.py:41: FutureWarning: `torch.cuda.amp.autocast(args...)` is deprecated. Please use `torch.amp.autocast('cuda', args...)` instead.
  with autocast(self.mixed_precision):
[2026-03-30 11:58:08](logger.py 179): id=CC_FMNIST_C10CFG_K20_E100_DT_0_6 | Ep. 53/100 - Step 250/273 (2.35 it/s) |##################  | - loss_cc=4.545 - loss_ce=2.114 - loss_ne=0.0183 - loss_div=0.000555 - threshold=0.722 - loss=6.677
/scratch/e0538389/DivClust/engine/trainer.py:41: FutureWarning: `torch.cuda.amp.autocast(args...)` is deprecated. Please use `torch.amp.autocast('cuda', args...)` instead.
  with autocast(self.mixed_precision):
/scratch/e0538389/DivClust/engine/trainer.py:41: FutureWarning: `torch.cuda.amp.autocast(args...)` is deprecated. Please use `torch.amp.autocast('cuda', args...)` instead.
  with autocast(self.mixed_precision):
[2026-03-30 11:58:17](logger.py 179): id=CC_FMNIST_C10CFG_K20_E100_DT_0_6 | Ep. 53/100 | Time: 00:01 | loss_cc=4.545 - loss_ce=2.114 - loss_ne=0.0182 - loss_div=0.000514 - threshold=0.723 - loss=6.678
[2026-03-30 11:58:20](logger.py 179): id=CC_FMNIST_C10CFG_K20_E100_DT_0_6 | Ep. 54/100 - Step 0/273 (0.0 it/s) |                    | - loss_cc=4.522 - loss_ce=2.101 - loss_ne=0.0165 - loss_div=0.0 - threshold=0.721 - loss=6.639
/scratch/e0538389/DivClust/engine/trainer.py:41: FutureWarning: `torch.cuda.amp.autocast(args...)` is deprecated. Please use `torch.amp.autocast('cuda', args...)` instead.
  with autocast(self.mixed_precision):
[2026-03-30 11:58:30](logger.py 179): id=CC_FMNIST_C10CFG_K20_E100_DT_0_6 | Ep. 54/100 - Step 25/273 (2.39 it/s) |#                   | - loss_cc=4.547 - loss_ce=2.114 - loss_ne=0.0176 - loss_div=0.000605 - threshold=0.719 - loss=6.678
/scratch/e0538389/DivClust/engine/trainer.py:41: FutureWarning: `torch.cuda.amp.autocast(args...)` is deprecated. Please use `torch.amp.autocast('cuda', args...)` instead.
  with autocast(self.mixed_precision):
[2026-03-30 11:58:41](logger.py 179): id=CC_FMNIST_C10CFG_K20_E100_DT_0_6 | Ep. 54/100 - Step 50/273 (2.36 it/s) |###                 | - loss_cc=4.543 - loss_ce=2.113 - loss_ne=0.017 - loss_div=0.000985 - threshold=0.715 - loss=6.673
/scratch/e0538389/DivClust/engine/trainer.py:41: FutureWarning: `torch.cuda.amp.autocast(args...)` is deprecated. Please use `torch.amp.autocast('cuda', args...)` instead.
  with autocast(self.mixed_precision):
[2026-03-30 11:58:52](logger.py 179): id=CC_FMNIST_C10CFG_K20_E100_DT_0_6 | Ep. 54/100 - Step 75/273 (2.35 it/s) |#####               | - loss_cc=4.543 - loss_ce=2.113 - loss_ne=0.0175 - loss_div=0.000951 - threshold=0.714 - loss=6.675
/scratch/e0538389/DivClust/engine/trainer.py:41: FutureWarning: `torch.cuda.amp.autocast(args...)` is deprecated. Please use `torch.amp.autocast('cuda', args...)` instead.
  with autocast(self.mixed_precision):
/scratch/e0538389/DivClust/engine/trainer.py:41: FutureWarning: `torch.cuda.amp.autocast(args...)` is deprecated. Please use `torch.amp.autocast('cuda', args...)` instead.
  with autocast(self.mixed_precision):
[2026-03-30 11:59:03](logger.py 179): id=CC_FMNIST_C10CFG_K20_E100_DT_0_6 | Ep. 54/100 - Step 100/273 (2.31 it/s) |#######             | - loss_cc=4.544 - loss_ce=2.114 - loss_ne=0.0181 - loss_div=0.000765 - threshold=0.716 - loss=6.677
/scratch/e0538389/DivClust/engine/trainer.py:41: FutureWarning: `torch.cuda.amp.autocast(args...)` is deprecated. Please use `torch.amp.autocast('cuda', args...)` instead.
  with autocast(self.mixed_precision):
[2026-03-30 11:59:14](logger.py 179): id=CC_FMNIST_C10CFG_K20_E100_DT_0_6 | Ep. 54/100 - Step 125/273 (2.32 it/s) |#########           | - loss_cc=4.545 - loss_ce=2.114 - loss_ne=0.0176 - loss_div=0.000619 - threshold=0.719 - loss=6.677
/scratch/e0538389/DivClust/engine/trainer.py:41: FutureWarning: `torch.cuda.amp.autocast(args...)` is deprecated. Please use `torch.amp.autocast('cuda', args...)` instead.
  with autocast(self.mixed_precision):
[2026-03-30 11:59:24](logger.py 179): id=CC_FMNIST_C10CFG_K20_E100_DT_0_6 | Ep. 54/100 - Step 150/273 (2.33 it/s) |##########          | - loss_cc=4.545 - loss_ce=2.114 - loss_ne=0.0178 - loss_div=0.000529 - threshold=0.721 - loss=6.677
/scratch/e0538389/DivClust/engine/trainer.py:41: FutureWarning: `torch.cuda.amp.autocast(args...)` is deprecated. Please use `torch.amp.autocast('cuda', args...)` instead.
  with autocast(self.mixed_precision):
[2026-03-30 11:59:35](logger.py 179): id=CC_FMNIST_C10CFG_K20_E100_DT_0_6 | Ep. 54/100 - Step 175/273 (2.33 it/s) |############        | - loss_cc=4.545 - loss_ce=2.113 - loss_ne=0.0175 - loss_div=0.000604 - threshold=0.721 - loss=6.676
/scratch/e0538389/DivClust/engine/trainer.py:41: FutureWarning: `torch.cuda.amp.autocast(args...)` is deprecated. Please use `torch.amp.autocast('cuda', args...)` instead.
  with autocast(self.mixed_precision):
/scratch/e0538389/DivClust/engine/trainer.py:41: FutureWarning: `torch.cuda.amp.autocast(args...)` is deprecated. Please use `torch.amp.autocast('cuda', args...)` instead.
  with autocast(self.mixed_precision):
[2026-03-30 11:59:46](logger.py 179): id=CC_FMNIST_C10CFG_K20_E100_DT_0_6 | Ep. 54/100 - Step 200/273 (2.32 it/s) |##############      | - loss_cc=4.545 - loss_ce=2.113 - loss_ne=0.0173 - loss_div=0.000654 - threshold=0.72 - loss=6.676
/scratch/e0538389/DivClust/engine/trainer.py:41: FutureWarning: `torch.cuda.amp.autocast(args...)` is deprecated. Please use `torch.amp.autocast('cuda', args...)` instead.
  with autocast(self.mixed_precision):
[2026-03-30 11:59:57](logger.py 179): id=CC_FMNIST_C10CFG_K20_E100_DT_0_6 | Ep. 54/100 - Step 225/273 (2.32 it/s) |################    | - loss_cc=4.545 - loss_ce=2.114 - loss_ne=0.0172 - loss_div=0.000658 - threshold=0.719 - loss=6.677
/scratch/e0538389/DivClust/engine/trainer.py:41: FutureWarning: `torch.cuda.amp.autocast(args...)` is deprecated. Please use `torch.amp.autocast('cuda', args...)` instead.
  with autocast(self.mixed_precision):
[2026-03-30 12:00:08](logger.py 179): id=CC_FMNIST_C10CFG_K20_E100_DT_0_6 | Ep. 54/100 - Step 250/273 (2.32 it/s) |##################  | - loss_cc=4.546 - loss_ce=2.114 - loss_ne=0.0171 - loss_div=0.000631 - threshold=0.719 - loss=6.678
/scratch/e0538389/DivClust/engine/trainer.py:41: FutureWarning: `torch.cuda.amp.autocast(args...)` is deprecated. Please use `torch.amp.autocast('cuda', args...)` instead.
  with autocast(self.mixed_precision):
[2026-03-30 12:00:17](logger.py 179): id=CC_FMNIST_C10CFG_K20_E100_DT_0_6 | Ep. 54/100 | Time: 00:01 | loss_cc=4.546 - loss_ce=2.114 - loss_ne=0.0171 - loss_div=0.000622 - threshold=0.719 - loss=6.677
[2026-03-30 12:00:19](logger.py 179): id=CC_FMNIST_C10CFG_K20_E100_DT_0_6 | Ep. 55/100 - Step 0/273 (0.0 it/s) |                    | - loss_cc=4.54 - loss_ce=2.111 - loss_ne=0.018 - loss_div=0.0 - threshold=0.714 - loss=6.668
/scratch/e0538389/DivClust/engine/trainer.py:41: FutureWarning: `torch.cuda.amp.autocast(args...)` is deprecated. Please use `torch.amp.autocast('cuda', args...)` instead.
  with autocast(self.mixed_precision):
[2026-03-30 12:00:30](logger.py 179): id=CC_FMNIST_C10CFG_K20_E100_DT_0_6 | Ep. 55/100 - Step 25/273 (2.28 it/s) |#                   | - loss_cc=4.546 - loss_ce=2.114 - loss_ne=0.0181 - loss_div=0.00129 - threshold=0.708 - loss=6.679
/scratch/e0538389/DivClust/engine/trainer.py:41: FutureWarning: `torch.cuda.amp.autocast(args...)` is deprecated. Please use `torch.amp.autocast('cuda', args...)` instead.
  with autocast(self.mixed_precision):
/scratch/e0538389/DivClust/engine/trainer.py:41: FutureWarning: `torch.cuda.amp.autocast(args...)` is deprecated. Please use `torch.amp.autocast('cuda', args...)` instead.
  with autocast(self.mixed_precision):
[2026-03-30 12:00:41](logger.py 179): id=CC_FMNIST_C10CFG_K20_E100_DT_0_6 | Ep. 55/100 - Step 50/273 (2.33 it/s) |###                 | - loss_cc=4.545 - loss_ce=2.114 - loss_ne=0.0174 - loss_div=0.000761 - threshold=0.712 - loss=6.678
/scratch/e0538389/DivClust/engine/trainer.py:41: FutureWarning: `torch.cuda.amp.autocast(args...)` is deprecated. Please use `torch.amp.autocast('cuda', args...)` instead.
  with autocast(self.mixed_precision):
[2026-03-30 12:00:51](logger.py 179): id=CC_FMNIST_C10CFG_K20_E100_DT_0_6 | Ep. 55/100 - Step 75/273 (2.35 it/s) |#####               | - loss_cc=4.545 - loss_ce=2.114 - loss_ne=0.0179 - loss_div=0.000594 - threshold=0.716 - loss=6.678
/scratch/e0538389/DivClust/engine/trainer.py:41: FutureWarning: `torch.cuda.amp.autocast(args...)` is deprecated. Please use `torch.amp.autocast('cuda', args...)` instead.
  with autocast(self.mixed_precision):
[2026-03-30 12:01:02](logger.py 179): id=CC_FMNIST_C10CFG_K20_E100_DT_0_6 | Ep. 55/100 - Step 100/273 (2.34 it/s) |#######             | - loss_cc=4.545 - loss_ce=2.114 - loss_ne=0.0179 - loss_div=0.000464 - threshold=0.72 - loss=6.677
/scratch/e0538389/DivClust/engine/trainer.py:41: FutureWarning: `torch.cuda.amp.autocast(args...)` is deprecated. Please use `torch.amp.autocast('cuda', args...)` instead.
  with autocast(self.mixed_precision):
[2026-03-30 12:01:13](logger.py 179): id=CC_FMNIST_C10CFG_K20_E100_DT_0_6 | Ep. 55/100 - Step 125/273 (2.32 it/s) |#########           | - loss_cc=4.545 - loss_ce=2.114 - loss_ne=0.0179 - loss_div=0.000372 - threshold=0.724 - loss=6.678
/scratch/e0538389/DivClust/engine/trainer.py:41: FutureWarning: `torch.cuda.amp.autocast(args...)` is deprecated. Please use `torch.amp.autocast('cuda', args...)` instead.
  with autocast(self.mixed_precision):
/scratch/e0538389/DivClust/engine/trainer.py:41: FutureWarning: `torch.cuda.amp.autocast(args...)` is deprecated. Please use `torch.amp.autocast('cuda', args...)` instead.
  with autocast(self.mixed_precision):
[2026-03-30 12:01:24](logger.py 179): id=CC_FMNIST_C10CFG_K20_E100_DT_0_6 | Ep. 55/100 - Step 150/273 (2.32 it/s) |##########          | - loss_cc=4.544 - loss_ce=2.113 - loss_ne=0.0177 - loss_div=0.000336 - threshold=0.726 - loss=6.676
/scratch/e0538389/DivClust/engine/trainer.py:41: FutureWarning: `torch.cuda.amp.autocast(args...)` is deprecated. Please use `torch.amp.autocast('cuda', args...)` instead.
  with autocast(self.mixed_precision):
[2026-03-30 12:01:35](logger.py 179): id=CC_FMNIST_C10CFG_K20_E100_DT_0_6 | Ep. 55/100 - Step 175/273 (2.32 it/s) |############        | - loss_cc=4.544 - loss_ce=2.113 - loss_ne=0.0174 - loss_div=0.000439 - threshold=0.725 - loss=6.675
/scratch/e0538389/DivClust/engine/trainer.py:41: FutureWarning: `torch.cuda.amp.autocast(args...)` is deprecated. Please use `torch.amp.autocast('cuda', args...)` instead.
  with autocast(self.mixed_precision):
[2026-03-30 12:01:45](logger.py 179): id=CC_FMNIST_C10CFG_K20_E100_DT_0_6 | Ep. 55/100 - Step 200/273 (2.32 it/s) |##############      | - loss_cc=4.544 - loss_ce=2.113 - loss_ne=0.0175 - loss_div=0.000459 - threshold=0.724 - loss=6.675
/scratch/e0538389/DivClust/engine/trainer.py:41: FutureWarning: `torch.cuda.amp.autocast(args...)` is deprecated. Please use `torch.amp.autocast('cuda', args...)` instead.
  with autocast(self.mixed_precision):
[2026-03-30 12:01:57](logger.py 179): id=CC_FMNIST_C10CFG_K20_E100_DT_0_6 | Ep. 55/100 - Step 225/273 (2.31 it/s) |################    | - loss_cc=4.544 - loss_ce=2.113 - loss_ne=0.0175 - loss_div=0.00048 - threshold=0.724 - loss=6.675
/scratch/e0538389/DivClust/engine/trainer.py:41: FutureWarning: `torch.cuda.amp.autocast(args...)` is deprecated. Please use `torch.amp.autocast('cuda', args...)` instead.
  with autocast(self.mixed_precision):
/scratch/e0538389/DivClust/engine/trainer.py:41: FutureWarning: `torch.cuda.amp.autocast(args...)` is deprecated. Please use `torch.amp.autocast('cuda', args...)` instead.
  with autocast(self.mixed_precision):
[2026-03-30 12:02:07](logger.py 179): id=CC_FMNIST_C10CFG_K20_E100_DT_0_6 | Ep. 55/100 - Step 250/273 (2.31 it/s) |##################  | - loss_cc=4.543 - loss_ce=2.113 - loss_ne=0.0172 - loss_div=0.000437 - threshold=0.724 - loss=6.674
/scratch/e0538389/DivClust/engine/trainer.py:41: FutureWarning: `torch.cuda.amp.autocast(args...)` is deprecated. Please use `torch.amp.autocast('cuda', args...)` instead.
  with autocast(self.mixed_precision):
[2026-03-30 12:02:17](logger.py 179): id=CC_FMNIST_C10CFG_K20_E100_DT_0_6 | Ep. 55/100 | Time: 00:01 | loss_cc=4.543 - loss_ce=2.113 - loss_ne=0.0172 - loss_div=0.000404 - threshold=0.725 - loss=6.674
[2026-03-30 12:02:19](logger.py 179): id=CC_FMNIST_C10CFG_K20_E100_DT_0_6 | Ep. 56/100 - Step 0/273 (0.0 it/s) |                    | - loss_cc=4.579 - loss_ce=2.121 - loss_ne=0.0155 - loss_div=9.85e-05 - threshold=0.728 - loss=6.715
/scratch/e0538389/DivClust/engine/trainer.py:41: FutureWarning: `torch.cuda.amp.autocast(args...)` is deprecated. Please use `torch.amp.autocast('cuda', args...)` instead.
  with autocast(self.mixed_precision):
[2026-03-30 12:02:30](logger.py 179): id=CC_FMNIST_C10CFG_K20_E100_DT_0_6 | Ep. 56/100 - Step 25/273 (2.27 it/s) |#                   | - loss_cc=4.55 - loss_ce=2.116 - loss_ne=0.0167 - loss_div=0.00119 - threshold=0.724 - loss=6.684
/scratch/e0538389/DivClust/engine/trainer.py:41: FutureWarning: `torch.cuda.amp.autocast(args...)` is deprecated. Please use `torch.amp.autocast('cuda', args...)` instead.
  with autocast(self.mixed_precision):
[2026-03-30 12:02:41](logger.py 179): id=CC_FMNIST_C10CFG_K20_E100_DT_0_6 | Ep. 56/100 - Step 50/273 (2.29 it/s) |###                 | - loss_cc=4.546 - loss_ce=2.114 - loss_ne=0.0175 - loss_div=0.00103 - threshold=0.719 - loss=6.679
/scratch/e0538389/DivClust/engine/trainer.py:41: FutureWarning: `torch.cuda.amp.autocast(args...)` is deprecated. Please use `torch.amp.autocast('cuda', args...)` instead.
  with autocast(self.mixed_precision):
/scratch/e0538389/DivClust/engine/trainer.py:41: FutureWarning: `torch.cuda.amp.autocast(args...)` is deprecated. Please use `torch.amp.autocast('cuda', args...)` instead.
  with autocast(self.mixed_precision):
[2026-03-30 12:02:52](logger.py 179): id=CC_FMNIST_C10CFG_K20_E100_DT_0_6 | Ep. 56/100 - Step 75/273 (2.28 it/s) |#####               | - loss_cc=4.546 - loss_ce=2.114 - loss_ne=0.0177 - loss_div=0.000843 - threshold=0.719 - loss=6.679
/scratch/e0538389/DivClust/engine/trainer.py:41: FutureWarning: `torch.cuda.amp.autocast(args...)` is deprecated. Please use `torch.amp.autocast('cuda', args...)` instead.
  with autocast(self.mixed_precision):
[2026-03-30 12:03:02](logger.py 179): id=CC_FMNIST_C10CFG_K20_E100_DT_0_6 | Ep. 56/100 - Step 100/273 (2.31 it/s) |#######             | - loss_cc=4.546 - loss_ce=2.114 - loss_ne=0.017 - loss_div=0.000871 - threshold=0.717 - loss=6.678
/scratch/e0538389/DivClust/engine/trainer.py:41: FutureWarning: `torch.cuda.amp.autocast(args...)` is deprecated. Please use `torch.amp.autocast('cuda', args...)` instead.
  with autocast(self.mixed_precision):
[2026-03-30 12:03:12](logger.py 179): id=CC_FMNIST_C10CFG_K20_E100_DT_0_6 | Ep. 56/100 - Step 125/273 (2.32 it/s) |#########           | - loss_cc=4.544 - loss_ce=2.114 - loss_ne=0.0173 - loss_div=0.000878 - threshold=0.716 - loss=6.676
/scratch/e0538389/DivClust/engine/trainer.py:41: FutureWarning: `torch.cuda.amp.autocast(args...)` is deprecated. Please use `torch.amp.autocast('cuda', args...)` instead.
  with autocast(self.mixed_precision):
[2026-03-30 12:03:23](logger.py 179): id=CC_FMNIST_C10CFG_K20_E100_DT_0_6 | Ep. 56/100 - Step 150/273 (2.32 it/s) |##########          | - loss_cc=4.543 - loss_ce=2.113 - loss_ne=0.0174 - loss_div=0.000758 - threshold=0.716 - loss=6.674
/scratch/e0538389/DivClust/engine/trainer.py:41: FutureWarning: `torch.cuda.amp.autocast(args...)` is deprecated. Please use `torch.amp.autocast('cuda', args...)` instead.
  with autocast(self.mixed_precision):
/scratch/e0538389/DivClust/engine/trainer.py:41: FutureWarning: `torch.cuda.amp.autocast(args...)` is deprecated. Please use `torch.amp.autocast('cuda', args...)` instead.
  with autocast(self.mixed_precision):
[2026-03-30 12:03:34](logger.py 179): id=CC_FMNIST_C10CFG_K20_E100_DT_0_6 | Ep. 56/100 - Step 175/273 (2.31 it/s) |############        | - loss_cc=4.542 - loss_ce=2.113 - loss_ne=0.0171 - loss_div=0.000658 - threshold=0.718 - loss=6.673
/scratch/e0538389/DivClust/engine/trainer.py:41: FutureWarning: `torch.cuda.amp.autocast(args...)` is deprecated. Please use `torch.amp.autocast('cuda', args...)` instead.
  with autocast(self.mixed_precision):
[2026-03-30 12:03:45](logger.py 179): id=CC_FMNIST_C10CFG_K20_E100_DT_0_6 | Ep. 56/100 - Step 200/273 (2.31 it/s) |##############      | - loss_cc=4.542 - loss_ce=2.113 - loss_ne=0.0172 - loss_div=0.000601 - threshold=0.719 - loss=6.672
/scratch/e0538389/DivClust/engine/trainer.py:41: FutureWarning: `torch.cuda.amp.autocast(args...)` is deprecated. Please use `torch.amp.autocast('cuda', args...)` instead.
  with autocast(self.mixed_precision):
[2026-03-30 12:03:56](logger.py 179): id=CC_FMNIST_C10CFG_K20_E100_DT_0_6 | Ep. 56/100 - Step 225/273 (2.31 it/s) |################    | - loss_cc=4.541 - loss_ce=2.112 - loss_ne=0.0171 - loss_div=0.000606 - threshold=0.72 - loss=6.671
/scratch/e0538389/DivClust/engine/trainer.py:41: FutureWarning: `torch.cuda.amp.autocast(args...)` is deprecated. Please use `torch.amp.autocast('cuda', args...)` instead.
  with autocast(self.mixed_precision):
[2026-03-30 12:04:07](logger.py 179): id=CC_FMNIST_C10CFG_K20_E100_DT_0_6 | Ep. 56/100 - Step 250/273 (2.32 it/s) |##################  | - loss_cc=4.541 - loss_ce=2.112 - loss_ne=0.0169 - loss_div=0.00065 - threshold=0.719 - loss=6.67
/scratch/e0538389/DivClust/engine/trainer.py:41: FutureWarning: `torch.cuda.amp.autocast(args...)` is deprecated. Please use `torch.amp.autocast('cuda', args...)` instead.
  with autocast(self.mixed_precision):
[2026-03-30 12:04:17](logger.py 179): id=CC_FMNIST_C10CFG_K20_E100_DT_0_6 | Ep. 56/100 | Time: 00:01 | loss_cc=4.542 - loss_ce=2.112 - loss_ne=0.0169 - loss_div=0.00064 - threshold=0.719 - loss=6.672
/scratch/e0538389/DivClust/engine/trainer.py:41: FutureWarning: `torch.cuda.amp.autocast(args...)` is deprecated. Please use `torch.amp.autocast('cuda', args...)` instead.
  with autocast(self.mixed_precision):
[2026-03-30 12:04:19](logger.py 179): id=CC_FMNIST_C10CFG_K20_E100_DT_0_6 | Ep. 57/100 - Step 0/273 (0.0 it/s) |                    | - loss_cc=4.547 - loss_ce=2.113 - loss_ne=0.00841 - loss_div=0.0 - threshold=0.727 - loss=6.668
/scratch/e0538389/DivClust/engine/trainer.py:41: FutureWarning: `torch.cuda.amp.autocast(args...)` is deprecated. Please use `torch.amp.autocast('cuda', args...)` instead.
  with autocast(self.mixed_precision):
[2026-03-30 12:04:30](logger.py 179): id=CC_FMNIST_C10CFG_K20_E100_DT_0_6 | Ep. 57/100 - Step 25/273 (2.38 it/s) |#                   | - loss_cc=4.543 - loss_ce=2.113 - loss_ne=0.0149 - loss_div=0.000153 - threshold=0.725 - loss=6.671
/scratch/e0538389/DivClust/engine/trainer.py:41: FutureWarning: `torch.cuda.amp.autocast(args...)` is deprecated. Please use `torch.amp.autocast('cuda', args...)` instead.
  with autocast(self.mixed_precision):
[2026-03-30 12:04:40](logger.py 179): id=CC_FMNIST_C10CFG_K20_E100_DT_0_6 | Ep. 57/100 - Step 50/273 (2.38 it/s) |###                 | - loss_cc=4.549 - loss_ce=2.115 - loss_ne=0.0164 - loss_div=0.000371 - threshold=0.721 - loss=6.68
/scratch/e0538389/DivClust/engine/trainer.py:41: FutureWarning: `torch.cuda.amp.autocast(args...)` is deprecated. Please use `torch.amp.autocast('cuda', args...)` instead.
  with autocast(self.mixed_precision):
[2026-03-30 12:04:51](logger.py 179): id=CC_FMNIST_C10CFG_K20_E100_DT_0_6 | Ep. 57/100 - Step 75/273 (2.38 it/s) |#####               | - loss_cc=4.547 - loss_ce=2.114 - loss_ne=0.0168 - loss_div=0.000796 - threshold=0.716 - loss=6.679
/scratch/e0538389/DivClust/engine/trainer.py:41: FutureWarning: `torch.cuda.amp.autocast(args...)` is deprecated. Please use `torch.amp.autocast('cuda', args...)` instead.
  with autocast(self.mixed_precision):
/scratch/e0538389/DivClust/engine/trainer.py:41: FutureWarning: `torch.cuda.amp.autocast(args...)` is deprecated. Please use `torch.amp.autocast('cuda', args...)` instead.
  with autocast(self.mixed_precision):
[2026-03-30 12:05:02](logger.py 179): id=CC_FMNIST_C10CFG_K20_E100_DT_0_6 | Ep. 57/100 - Step 100/273 (2.35 it/s) |#######             | - loss_cc=4.546 - loss_ce=2.114 - loss_ne=0.0171 - loss_div=0.000675 - threshold=0.715 - loss=6.677
/scratch/e0538389/DivClust/engine/trainer.py:41: FutureWarning: `torch.cuda.amp.autocast(args...)` is deprecated. Please use `torch.amp.autocast('cuda', args...)` instead.
  with autocast(self.mixed_precision):
[2026-03-30 12:05:12](logger.py 179): id=CC_FMNIST_C10CFG_K20_E100_DT_0_6 | Ep. 57/100 - Step 125/273 (2.35 it/s) |#########           | - loss_cc=4.545 - loss_ce=2.114 - loss_ne=0.0171 - loss_div=0.000562 - threshold=0.717 - loss=6.677
/scratch/e0538389/DivClust/engine/trainer.py:41: FutureWarning: `torch.cuda.amp.autocast(args...)` is deprecated. Please use `torch.amp.autocast('cuda', args...)` instead.
  with autocast(self.mixed_precision):
[2026-03-30 12:05:23](logger.py 179): id=CC_FMNIST_C10CFG_K20_E100_DT_0_6 | Ep. 57/100 - Step 150/273 (2.35 it/s) |##########          | - loss_cc=4.544 - loss_ce=2.113 - loss_ne=0.0171 - loss_div=0.000521 - threshold=0.718 - loss=6.675
/scratch/e0538389/DivClust/engine/trainer.py:41: FutureWarning: `torch.cuda.amp.autocast(args...)` is deprecated. Please use `torch.amp.autocast('cuda', args...)` instead.
  with autocast(self.mixed_precision):
[2026-03-30 12:05:34](logger.py 179): id=CC_FMNIST_C10CFG_K20_E100_DT_0_6 | Ep. 57/100 - Step 175/273 (2.34 it/s) |############        | - loss_cc=4.544 - loss_ce=2.113 - loss_ne=0.0173 - loss_div=0.000632 - threshold=0.717 - loss=6.675
/scratch/e0538389/DivClust/engine/trainer.py:41: FutureWarning: `torch.cuda.amp.autocast(args...)` is deprecated. Please use `torch.amp.autocast('cuda', args...)` instead.
  with autocast(self.mixed_precision):
/scratch/e0538389/DivClust/engine/trainer.py:41: FutureWarning: `torch.cuda.amp.autocast(args...)` is deprecated. Please use `torch.amp.autocast('cuda', args...)` instead.
  with autocast(self.mixed_precision):
[2026-03-30 12:05:45](logger.py 179): id=CC_FMNIST_C10CFG_K20_E100_DT_0_6 | Ep. 57/100 - Step 200/273 (2.33 it/s) |##############      | - loss_cc=4.543 - loss_ce=2.113 - loss_ne=0.0173 - loss_div=0.000587 - threshold=0.717 - loss=6.674
/scratch/e0538389/DivClust/engine/trainer.py:41: FutureWarning: `torch.cuda.amp.autocast(args...)` is deprecated. Please use `torch.amp.autocast('cuda', args...)` instead.
  with autocast(self.mixed_precision):
[2026-03-30 12:05:56](logger.py 179): id=CC_FMNIST_C10CFG_K20_E100_DT_0_6 | Ep. 57/100 - Step 225/273 (2.33 it/s) |################    | - loss_cc=4.543 - loss_ce=2.113 - loss_ne=0.0177 - loss_div=0.000596 - threshold=0.717 - loss=6.674
/scratch/e0538389/DivClust/engine/trainer.py:41: FutureWarning: `torch.cuda.amp.autocast(args...)` is deprecated. Please use `torch.amp.autocast('cuda', args...)` instead.
  with autocast(self.mixed_precision):
[2026-03-30 12:06:07](logger.py 179): id=CC_FMNIST_C10CFG_K20_E100_DT_0_6 | Ep. 57/100 - Step 250/273 (2.33 it/s) |##################  | - loss_cc=4.543 - loss_ce=2.112 - loss_ne=0.0178 - loss_div=0.000577 - threshold=0.718 - loss=6.674
/scratch/e0538389/DivClust/engine/trainer.py:41: FutureWarning: `torch.cuda.amp.autocast(args...)` is deprecated. Please use `torch.amp.autocast('cuda', args...)` instead.
  with autocast(self.mixed_precision):
[2026-03-30 12:06:16](logger.py 179): id=CC_FMNIST_C10CFG_K20_E100_DT_0_6 | Ep. 57/100 | Time: 00:01 | loss_cc=4.542 - loss_ce=2.112 - loss_ne=0.0178 - loss_div=0.000576 - threshold=0.718 - loss=6.673
[2026-03-30 12:06:18](logger.py 179): id=CC_FMNIST_C10CFG_K20_E100_DT_0_6 | Ep. 58/100 - Step 0/273 (0.0 it/s) |                    | - loss_cc=4.556 - loss_ce=2.115 - loss_ne=0.0215 - loss_div=0.0 - threshold=0.719 - loss=6.692
/scratch/e0538389/DivClust/engine/trainer.py:41: FutureWarning: `torch.cuda.amp.autocast(args...)` is deprecated. Please use `torch.amp.autocast('cuda', args...)` instead.
  with autocast(self.mixed_precision):
[2026-03-30 12:06:29](logger.py 179): id=CC_FMNIST_C10CFG_K20_E100_DT_0_6 | Ep. 58/100 - Step 25/273 (2.31 it/s) |#                   | - loss_cc=4.536 - loss_ce=2.11 - loss_ne=0.0163 - loss_div=0.00106 - threshold=0.714 - loss=6.664
/scratch/e0538389/DivClust/engine/trainer.py:41: FutureWarning: `torch.cuda.amp.autocast(args...)` is deprecated. Please use `torch.amp.autocast('cuda', args...)` instead.
  with autocast(self.mixed_precision):
/scratch/e0538389/DivClust/engine/trainer.py:41: FutureWarning: `torch.cuda.amp.autocast(args...)` is deprecated. Please use `torch.amp.autocast('cuda', args...)` instead.
  with autocast(self.mixed_precision):
[2026-03-30 12:06:40](logger.py 179): id=CC_FMNIST_C10CFG_K20_E100_DT_0_6 | Ep. 58/100 - Step 50/273 (2.27 it/s) |###                 | - loss_cc=4.54 - loss_ce=2.112 - loss_ne=0.0177 - loss_div=0.00131 - threshold=0.71 - loss=6.67
/scratch/e0538389/DivClust/engine/trainer.py:41: FutureWarning: `torch.cuda.amp.autocast(args...)` is deprecated. Please use `torch.amp.autocast('cuda', args...)` instead.
  with autocast(self.mixed_precision):
[2026-03-30 12:06:51](logger.py 179): id=CC_FMNIST_C10CFG_K20_E100_DT_0_6 | Ep. 58/100 - Step 75/273 (2.29 it/s) |#####               | - loss_cc=4.542 - loss_ce=2.113 - loss_ne=0.018 - loss_div=0.000905 - threshold=0.712 - loss=6.674
/scratch/e0538389/DivClust/engine/trainer.py:41: FutureWarning: `torch.cuda.amp.autocast(args...)` is deprecated. Please use `torch.amp.autocast('cuda', args...)` instead.
  with autocast(self.mixed_precision):
[2026-03-30 12:07:02](logger.py 179): id=CC_FMNIST_C10CFG_K20_E100_DT_0_6 | Ep. 58/100 - Step 100/273 (2.3 it/s) |#######             | - loss_cc=4.543 - loss_ce=2.113 - loss_ne=0.0172 - loss_div=0.000712 - threshold=0.715 - loss=6.674
/scratch/e0538389/DivClust/engine/trainer.py:41: FutureWarning: `torch.cuda.amp.autocast(args...)` is deprecated. Please use `torch.amp.autocast('cuda', args...)` instead.
  with autocast(self.mixed_precision):
[2026-03-30 12:07:13](logger.py 179): id=CC_FMNIST_C10CFG_K20_E100_DT_0_6 | Ep. 58/100 - Step 125/273 (2.3 it/s) |#########           | - loss_cc=4.542 - loss_ce=2.112 - loss_ne=0.0176 - loss_div=0.000578 - threshold=0.718 - loss=6.673
/scratch/e0538389/DivClust/engine/trainer.py:41: FutureWarning: `torch.cuda.amp.autocast(args...)` is deprecated. Please use `torch.amp.autocast('cuda', args...)` instead.
  with autocast(self.mixed_precision):
/scratch/e0538389/DivClust/engine/trainer.py:41: FutureWarning: `torch.cuda.amp.autocast(args...)` is deprecated. Please use `torch.amp.autocast('cuda', args...)` instead.
  with autocast(self.mixed_precision):
[2026-03-30 12:07:24](logger.py 179): id=CC_FMNIST_C10CFG_K20_E100_DT_0_6 | Ep. 58/100 - Step 150/273 (2.29 it/s) |##########          | - loss_cc=4.542 - loss_ce=2.112 - loss_ne=0.0175 - loss_div=0.000556 - threshold=0.719 - loss=6.672
/scratch/e0538389/DivClust/engine/trainer.py:41: FutureWarning: `torch.cuda.amp.autocast(args...)` is deprecated. Please use `torch.amp.autocast('cuda', args...)` instead.
  with autocast(self.mixed_precision):
[2026-03-30 12:07:34](logger.py 179): id=CC_FMNIST_C10CFG_K20_E100_DT_0_6 | Ep. 58/100 - Step 175/273 (2.3 it/s) |############        | - loss_cc=4.541 - loss_ce=2.112 - loss_ne=0.0174 - loss_div=0.000572 - threshold=0.719 - loss=6.671
/scratch/e0538389/DivClust/engine/trainer.py:41: FutureWarning: `torch.cuda.amp.autocast(args...)` is deprecated. Please use `torch.amp.autocast('cuda', args...)` instead.
  with autocast(self.mixed_precision):
[2026-03-30 12:07:45](logger.py 179): id=CC_FMNIST_C10CFG_K20_E100_DT_0_6 | Ep. 58/100 - Step 200/273 (2.3 it/s) |##############      | - loss_cc=4.541 - loss_ce=2.112 - loss_ne=0.0172 - loss_div=0.000558 - threshold=0.718 - loss=6.67
/scratch/e0538389/DivClust/engine/trainer.py:41: FutureWarning: `torch.cuda.amp.autocast(args...)` is deprecated. Please use `torch.amp.autocast('cuda', args...)` instead.
  with autocast(self.mixed_precision):
[2026-03-30 12:07:56](logger.py 179): id=CC_FMNIST_C10CFG_K20_E100_DT_0_6 | Ep. 58/100 - Step 225/273 (2.31 it/s) |################    | - loss_cc=4.542 - loss_ce=2.112 - loss_ne=0.0174 - loss_div=0.000528 - threshold=0.719 - loss=6.672
/scratch/e0538389/DivClust/engine/trainer.py:41: FutureWarning: `torch.cuda.amp.autocast(args...)` is deprecated. Please use `torch.amp.autocast('cuda', args...)` instead.
  with autocast(self.mixed_precision):
/scratch/e0538389/DivClust/engine/trainer.py:41: FutureWarning: `torch.cuda.amp.autocast(args...)` is deprecated. Please use `torch.amp.autocast('cuda', args...)` instead.
  with autocast(self.mixed_precision):
[2026-03-30 12:08:07](logger.py 179): id=CC_FMNIST_C10CFG_K20_E100_DT_0_6 | Ep. 58/100 - Step 250/273 (2.3 it/s) |##################  | - loss_cc=4.542 - loss_ce=2.112 - loss_ne=0.0174 - loss_div=0.000534 - threshold=0.719 - loss=6.672
/scratch/e0538389/DivClust/engine/trainer.py:41: FutureWarning: `torch.cuda.amp.autocast(args...)` is deprecated. Please use `torch.amp.autocast('cuda', args...)` instead.
  with autocast(self.mixed_precision):
[2026-03-30 12:08:17](logger.py 179): id=CC_FMNIST_C10CFG_K20_E100_DT_0_6 | Ep. 58/100 | Time: 00:01 | loss_cc=4.542 - loss_ce=2.113 - loss_ne=0.0174 - loss_div=0.000549 - threshold=0.719 - loss=6.672
[2026-03-30 12:08:19](logger.py 179): id=CC_FMNIST_C10CFG_K20_E100_DT_0_6 | Ep. 59/100 - Step 0/273 (0.0 it/s) |                    | - loss_cc=4.51 - loss_ce=2.104 - loss_ne=0.0211 - loss_div=0.0 - threshold=0.719 - loss=6.634
/scratch/e0538389/DivClust/engine/trainer.py:41: FutureWarning: `torch.cuda.amp.autocast(args...)` is deprecated. Please use `torch.amp.autocast('cuda', args...)` instead.
  with autocast(self.mixed_precision):
[2026-03-30 12:08:30](logger.py 179): id=CC_FMNIST_C10CFG_K20_E100_DT_0_6 | Ep. 59/100 - Step 25/273 (2.33 it/s) |#                   | - loss_cc=4.539 - loss_ce=2.111 - loss_ne=0.0157 - loss_div=0.000304 - threshold=0.722 - loss=6.665
/scratch/e0538389/DivClust/engine/trainer.py:41: FutureWarning: `torch.cuda.amp.autocast(args...)` is deprecated. Please use `torch.amp.autocast('cuda', args...)` instead.
  with autocast(self.mixed_precision):
[2026-03-30 12:08:40](logger.py 179): id=CC_FMNIST_C10CFG_K20_E100_DT_0_6 | Ep. 59/100 - Step 50/273 (2.33 it/s) |###                 | - loss_cc=4.54 - loss_ce=2.112 - loss_ne=0.0164 - loss_div=0.000446 - threshold=0.722 - loss=6.669
/scratch/e0538389/DivClust/engine/trainer.py:41: FutureWarning: `torch.cuda.amp.autocast(args...)` is deprecated. Please use `torch.amp.autocast('cuda', args...)` instead.
  with autocast(self.mixed_precision):
/scratch/e0538389/DivClust/engine/trainer.py:41: FutureWarning: `torch.cuda.amp.autocast(args...)` is deprecated. Please use `torch.amp.autocast('cuda', args...)` instead.
  with autocast(self.mixed_precision):
[2026-03-30 12:08:52](logger.py 179): id=CC_FMNIST_C10CFG_K20_E100_DT_0_6 | Ep. 59/100 - Step 75/273 (2.3 it/s) |#####               | - loss_cc=4.541 - loss_ce=2.112 - loss_ne=0.0165 - loss_div=0.000684 - threshold=0.718 - loss=6.67
/scratch/e0538389/DivClust/engine/trainer.py:41: FutureWarning: `torch.cuda.amp.autocast(args...)` is deprecated. Please use `torch.amp.autocast('cuda', args...)` instead.
  with autocast(self.mixed_precision):
[2026-03-30 12:09:02](logger.py 179): id=CC_FMNIST_C10CFG_K20_E100_DT_0_6 | Ep. 59/100 - Step 100/273 (2.3 it/s) |#######             | - loss_cc=4.538 - loss_ce=2.111 - loss_ne=0.0166 - loss_div=0.000844 - threshold=0.714 - loss=6.667
/scratch/e0538389/DivClust/engine/trainer.py:41: FutureWarning: `torch.cuda.amp.autocast(args...)` is deprecated. Please use `torch.amp.autocast('cuda', args...)` instead.
  with autocast(self.mixed_precision):
[2026-03-30 12:09:13](logger.py 179): id=CC_FMNIST_C10CFG_K20_E100_DT_0_6 | Ep. 59/100 - Step 125/273 (2.32 it/s) |#########           | - loss_cc=4.538 - loss_ce=2.111 - loss_ne=0.0166 - loss_div=0.000918 - threshold=0.712 - loss=6.666
/scratch/e0538389/DivClust/engine/trainer.py:41: FutureWarning: `torch.cuda.amp.autocast(args...)` is deprecated. Please use `torch.amp.autocast('cuda', args...)` instead.
  with autocast(self.mixed_precision):
[2026-03-30 12:09:23](logger.py 179): id=CC_FMNIST_C10CFG_K20_E100_DT_0_6 | Ep. 59/100 - Step 150/273 (2.33 it/s) |##########          | - loss_cc=4.538 - loss_ce=2.111 - loss_ne=0.0166 - loss_div=0.000828 - threshold=0.711 - loss=6.667
/scratch/e0538389/DivClust/engine/trainer.py:41: FutureWarning: `torch.cuda.amp.autocast(args...)` is deprecated. Please use `torch.amp.autocast('cuda', args...)` instead.
  with autocast(self.mixed_precision):
/scratch/e0538389/DivClust/engine/trainer.py:41: FutureWarning: `torch.cuda.amp.autocast(args...)` is deprecated. Please use `torch.amp.autocast('cuda', args...)` instead.
  with autocast(self.mixed_precision):
[2026-03-30 12:09:34](logger.py 179): id=CC_FMNIST_C10CFG_K20_E100_DT_0_6 | Ep. 59/100 - Step 175/273 (2.33 it/s) |############        | - loss_cc=4.54 - loss_ce=2.112 - loss_ne=0.0165 - loss_div=0.000717 - threshold=0.712 - loss=6.669
/scratch/e0538389/DivClust/engine/trainer.py:41: FutureWarning: `torch.cuda.amp.autocast(args...)` is deprecated. Please use `torch.amp.autocast('cuda', args...)` instead.
  with autocast(self.mixed_precision):
[2026-03-30 12:09:44](logger.py 179): id=CC_FMNIST_C10CFG_K20_E100_DT_0_6 | Ep. 59/100 - Step 200/273 (2.34 it/s) |##############      | - loss_cc=4.539 - loss_ce=2.112 - loss_ne=0.0164 - loss_div=0.000636 - threshold=0.714 - loss=6.668
/scratch/e0538389/DivClust/engine/trainer.py:41: FutureWarning: `torch.cuda.amp.autocast(args...)` is deprecated. Please use `torch.amp.autocast('cuda', args...)` instead.
  with autocast(self.mixed_precision):
[2026-03-30 12:09:55](logger.py 179): id=CC_FMNIST_C10CFG_K20_E100_DT_0_6 | Ep. 59/100 - Step 225/273 (2.34 it/s) |################    | - loss_cc=4.539 - loss_ce=2.112 - loss_ne=0.0164 - loss_div=0.000566 - threshold=0.717 - loss=6.668
/scratch/e0538389/DivClust/engine/trainer.py:41: FutureWarning: `torch.cuda.amp.autocast(args...)` is deprecated. Please use `torch.amp.autocast('cuda', args...)` instead.
  with autocast(self.mixed_precision):
[2026-03-30 12:10:06](logger.py 179): id=CC_FMNIST_C10CFG_K20_E100_DT_0_6 | Ep. 59/100 - Step 250/273 (2.34 it/s) |##################  | - loss_cc=4.54 - loss_ce=2.112 - loss_ne=0.0165 - loss_div=0.000516 - threshold=0.719 - loss=6.668
/scratch/e0538389/DivClust/engine/trainer.py:41: FutureWarning: `torch.cuda.amp.autocast(args...)` is deprecated. Please use `torch.amp.autocast('cuda', args...)` instead.
  with autocast(self.mixed_precision):
[2026-03-30 12:10:15](logger.py 179): id=CC_FMNIST_C10CFG_K20_E100_DT_0_6 | Ep. 59/100 | Time: 00:01 | loss_cc=4.54 - loss_ce=2.112 - loss_ne=0.0164 - loss_div=0.000548 - threshold=0.719 - loss=6.669
[2026-03-30 12:10:18](logger.py 179): id=CC_FMNIST_C10CFG_K20_E100_DT_0_6 | Ep. 60/100 - Step 0/273 (0.0 it/s) |                    | - loss_cc=4.531 - loss_ce=2.103 - loss_ne=0.0225 - loss_div=0.000191 - threshold=0.718 - loss=6.657
/scratch/e0538389/DivClust/engine/trainer.py:41: FutureWarning: `torch.cuda.amp.autocast(args...)` is deprecated. Please use `torch.amp.autocast('cuda', args...)` instead.
  with autocast(self.mixed_precision):
/scratch/e0538389/DivClust/engine/trainer.py:41: FutureWarning: `torch.cuda.amp.autocast(args...)` is deprecated. Please use `torch.amp.autocast('cuda', args...)` instead.
  with autocast(self.mixed_precision):
[2026-03-30 12:10:28](logger.py 179): id=CC_FMNIST_C10CFG_K20_E100_DT_0_6 | Ep. 60/100 - Step 25/273 (2.38 it/s) |#                   | - loss_cc=4.539 - loss_ce=2.112 - loss_ne=0.014 - loss_div=0.000869 - threshold=0.717 - loss=6.666
/scratch/e0538389/DivClust/engine/trainer.py:41: FutureWarning: `torch.cuda.amp.autocast(args...)` is deprecated. Please use `torch.amp.autocast('cuda', args...)` instead.
  with autocast(self.mixed_precision):
[2026-03-30 12:10:39](logger.py 179): id=CC_FMNIST_C10CFG_K20_E100_DT_0_6 | Ep. 60/100 - Step 50/273 (2.38 it/s) |###                 | - loss_cc=4.538 - loss_ce=2.111 - loss_ne=0.0153 - loss_div=0.000698 - threshold=0.715 - loss=6.665
/scratch/e0538389/DivClust/engine/trainer.py:41: FutureWarning: `torch.cuda.amp.autocast(args...)` is deprecated. Please use `torch.amp.autocast('cuda', args...)` instead.
  with autocast(self.mixed_precision):
[2026-03-30 12:10:50](logger.py 179): id=CC_FMNIST_C10CFG_K20_E100_DT_0_6 | Ep. 60/100 - Step 75/273 (2.36 it/s) |#####               | - loss_cc=4.539 - loss_ce=2.112 - loss_ne=0.0158 - loss_div=0.000522 - threshold=0.718 - loss=6.667
/scratch/e0538389/DivClust/engine/trainer.py:41: FutureWarning: `torch.cuda.amp.autocast(args...)` is deprecated. Please use `torch.amp.autocast('cuda', args...)` instead.
  with autocast(self.mixed_precision):
[2026-03-30 12:11:00](logger.py 179): id=CC_FMNIST_C10CFG_K20_E100_DT_0_6 | Ep. 60/100 - Step 100/273 (2.35 it/s) |#######             | - loss_cc=4.539 - loss_ce=2.111 - loss_ne=0.0165 - loss_div=0.000535 - threshold=0.718 - loss=6.668
/scratch/e0538389/DivClust/engine/trainer.py:41: FutureWarning: `torch.cuda.amp.autocast(args...)` is deprecated. Please use `torch.amp.autocast('cuda', args...)` instead.
  with autocast(self.mixed_precision):
/scratch/e0538389/DivClust/engine/trainer.py:41: FutureWarning: `torch.cuda.amp.autocast(args...)` is deprecated. Please use `torch.amp.autocast('cuda', args...)` instead.
  with autocast(self.mixed_precision):
[2026-03-30 12:11:11](logger.py 179): id=CC_FMNIST_C10CFG_K20_E100_DT_0_6 | Ep. 60/100 - Step 125/273 (2.36 it/s) |#########           | - loss_cc=4.539 - loss_ce=2.112 - loss_ne=0.0165 - loss_div=0.000711 - threshold=0.716 - loss=6.668
/scratch/e0538389/DivClust/engine/trainer.py:41: FutureWarning: `torch.cuda.amp.autocast(args...)` is deprecated. Please use `torch.amp.autocast('cuda', args...)` instead.
  with autocast(self.mixed_precision):
[2026-03-30 12:11:21](logger.py 179): id=CC_FMNIST_C10CFG_K20_E100_DT_0_6 | Ep. 60/100 - Step 150/273 (2.37 it/s) |##########          | - loss_cc=4.539 - loss_ce=2.112 - loss_ne=0.0167 - loss_div=0.000704 - threshold=0.715 - loss=6.668
/scratch/e0538389/DivClust/engine/trainer.py:41: FutureWarning: `torch.cuda.amp.autocast(args...)` is deprecated. Please use `torch.amp.autocast('cuda', args...)` instead.
  with autocast(self.mixed_precision):
[2026-03-30 12:11:32](logger.py 179): id=CC_FMNIST_C10CFG_K20_E100_DT_0_6 | Ep. 60/100 - Step 175/273 (2.37 it/s) |############        | - loss_cc=4.538 - loss_ce=2.112 - loss_ne=0.0169 - loss_div=0.000622 - threshold=0.715 - loss=6.667
/scratch/e0538389/DivClust/engine/trainer.py:41: FutureWarning: `torch.cuda.amp.autocast(args...)` is deprecated. Please use `torch.amp.autocast('cuda', args...)` instead.
  with autocast(self.mixed_precision):
[2026-03-30 12:11:43](logger.py 179): id=CC_FMNIST_C10CFG_K20_E100_DT_0_6 | Ep. 60/100 - Step 200/273 (2.35 it/s) |##############      | - loss_cc=4.539 - loss_ce=2.112 - loss_ne=0.0169 - loss_div=0.000564 - threshold=0.716 - loss=6.668
/scratch/e0538389/DivClust/engine/trainer.py:41: FutureWarning: `torch.cuda.amp.autocast(args...)` is deprecated. Please use `torch.amp.autocast('cuda', args...)` instead.
  with autocast(self.mixed_precision):
/scratch/e0538389/DivClust/engine/trainer.py:41: FutureWarning: `torch.cuda.amp.autocast(args...)` is deprecated. Please use `torch.amp.autocast('cuda', args...)` instead.
  with autocast(self.mixed_precision):
[2026-03-30 12:11:54](logger.py 179): id=CC_FMNIST_C10CFG_K20_E100_DT_0_6 | Ep. 60/100 - Step 225/273 (2.35 it/s) |################    | - loss_cc=4.538 - loss_ce=2.111 - loss_ne=0.017 - loss_div=0.000549 - threshold=0.716 - loss=6.667
/scratch/e0538389/DivClust/engine/trainer.py:41: FutureWarning: `torch.cuda.amp.autocast(args...)` is deprecated. Please use `torch.amp.autocast('cuda', args...)` instead.
  with autocast(self.mixed_precision):
[2026-03-30 12:12:04](logger.py 179): id=CC_FMNIST_C10CFG_K20_E100_DT_0_6 | Ep. 60/100 - Step 250/273 (2.35 it/s) |##################  | - loss_cc=4.538 - loss_ce=2.111 - loss_ne=0.0171 - loss_div=0.000505 - threshold=0.718 - loss=6.667
/scratch/e0538389/DivClust/engine/trainer.py:41: FutureWarning: `torch.cuda.amp.autocast(args...)` is deprecated. Please use `torch.amp.autocast('cuda', args...)` instead.
  with autocast(self.mixed_precision):
[2026-03-30 12:12:14](logger.py 179): Evaluating
[2026-03-30 12:12:14](logger.py 179): Eval. step 0 of 274
[2026-03-30 12:12:17](logger.py 179): Eval. step 25 of 274
[2026-03-30 12:12:19](logger.py 179): Eval. step 50 of 274
[2026-03-30 12:12:21](logger.py 179): Eval. step 75 of 274
[2026-03-30 12:12:24](logger.py 179): Eval. step 100 of 274
[2026-03-30 12:12:26](logger.py 179): Eval. step 125 of 274
[2026-03-30 12:12:28](logger.py 179): Eval. step 150 of 274
[2026-03-30 12:12:31](logger.py 179): Eval. step 175 of 274
[2026-03-30 12:12:33](logger.py 179): Eval. step 200 of 274
[2026-03-30 12:12:35](logger.py 179): Eval. step 225 of 274
[2026-03-30 12:12:38](logger.py 179): Eval. step 250 of 274
[2026-03-30 12:12:42](logger.py 179): id=CC_FMNIST_C10CFG_K20_E100_DT_0_6 | Ep. 60/100 | Time: 00:02 | loss_cc=4.538 - loss_ce=2.111 - loss_ne=0.017 - loss_div=0.000472 - threshold=0.718 - loss=6.667 - eval_confidence=0.848 - cluster_acc_0_eval=41.78 - cluster_nmi_0_eval=0.475 - cluster_ari_0_eval=0.295 - cluster_acc_1_eval=48.8 - cluster_nmi_1_eval=0.499 - cluster_ari_1_eval=0.336 - cluster_acc_2_eval=45.98 - cluster_nmi_2_eval=0.523 - cluster_ari_2_eval=0.364 - cluster_acc_3_eval=50.14 - cluster_nmi_3_eval=0.521 - cluster_ari_3_eval=0.351 - cluster_acc_4_eval=54.85 - cluster_nmi_4_eval=0.547 - cluster_ari_4_eval=0.393 - cluster_acc_5_eval=66.36 - cluster_nmi_5_eval=0.626 - cluster_ari_5_eval=0.522 - cluster_acc_6_eval=55.55 - cluster_nmi_6_eval=0.569 - cluster_ari_6_eval=0.416 - cluster_acc_7_eval=59.65 - cluster_nmi_7_eval=0.578 - cluster_ari_7_eval=0.435 - cluster_acc_8_eval=55.8 - cluster_nmi_8_eval=0.535 - cluster_ari_8_eval=0.385 - cluster_acc_9_eval=55.1 - cluster_nmi_9_eval=0.556 - cluster_ari_9_eval=0.409 - cluster_acc_10_eval=48.63 - cluster_nmi_10_eval=0.522 - cluster_ari_10_eval=0.339 - cluster_acc_11_eval=51.39 - cluster_nmi_11_eval=0.522 - cluster_ari_11_eval=0.368 - cluster_acc_12_eval=50.5 - cluster_nmi_12_eval=0.521 - cluster_ari_12_eval=0.354 - cluster_acc_13_eval=51.43 - cluster_nmi_13_eval=0.511 - cluster_ari_13_eval=0.374 - cluster_acc_14_eval=52.59 - cluster_nmi_14_eval=0.546 - cluster_ari_14_eval=0.399 - cluster_acc_15_eval=52.38 - cluster_nmi_15_eval=0.543 - cluster_ari_15_eval=0.389 - cluster_acc_16_eval=57.44 - cluster_nmi_16_eval=0.572 - cluster_ari_16_eval=0.435 - cluster_acc_17_eval=49.84 - cluster_nmi_17_eval=0.553 - cluster_ari_17_eval=0.375 - cluster_acc_18_eval=55.8 - cluster_nmi_18_eval=0.547 - cluster_ari_18_eval=0.409 - cluster_acc_19_eval=54.27 - cluster_nmi_19_eval=0.526 - cluster_ari_19_eval=0.391 - max_cluster_acc_eval=66.36 - mean_cluster_acc_eval=52.91 - min_cluster_acc_eval=41.78 - max_cluster_nmi_eval=0.626 - mean_cluster_nmi_eval=0.54 - min_cluster_nmi_eval=0.475 - max_cluster_ari_eval=0.522 - mean_cluster_ari_eval=0.387 - min_cluster_ari_eval=0.295 - interclustering_nmi_eval=0.572
/scratch/e0538389/DivClust/engine/trainer.py:41: FutureWarning: `torch.cuda.amp.autocast(args...)` is deprecated. Please use `torch.amp.autocast('cuda', args...)` instead.
  with autocast(self.mixed_precision):
[2026-03-30 12:12:44](logger.py 179): id=CC_FMNIST_C10CFG_K20_E100_DT_0_6 | Ep. 61/100 - Step 0/273 (0.0 it/s) |                    | - loss_cc=4.56 - loss_ce=2.121 - loss_ne=0.0123 - loss_div=0.0 - threshold=0.725 - loss=6.693
/scratch/e0538389/DivClust/engine/trainer.py:41: FutureWarning: `torch.cuda.amp.autocast(args...)` is deprecated. Please use `torch.amp.autocast('cuda', args...)` instead.
  with autocast(self.mixed_precision):
[2026-03-30 12:12:55](logger.py 179): id=CC_FMNIST_C10CFG_K20_E100_DT_0_6 | Ep. 61/100 - Step 25/273 (2.31 it/s) |#                   | - loss_cc=4.546 - loss_ce=2.115 - loss_ne=0.0178 - loss_div=0.00104 - threshold=0.72 - loss=6.68
/scratch/e0538389/DivClust/engine/trainer.py:41: FutureWarning: `torch.cuda.amp.autocast(args...)` is deprecated. Please use `torch.amp.autocast('cuda', args...)` instead.
  with autocast(self.mixed_precision):
/scratch/e0538389/DivClust/engine/trainer.py:41: FutureWarning: `torch.cuda.amp.autocast(args...)` is deprecated. Please use `torch.amp.autocast('cuda', args...)` instead.
  with autocast(self.mixed_precision):
[2026-03-30 12:13:06](logger.py 179): id=CC_FMNIST_C10CFG_K20_E100_DT_0_6 | Ep. 61/100 - Step 50/273 (2.27 it/s) |###                 | - loss_cc=4.545 - loss_ce=2.114 - loss_ne=0.0174 - loss_div=0.00123 - threshold=0.716 - loss=6.678
/scratch/e0538389/DivClust/engine/trainer.py:41: FutureWarning: `torch.cuda.amp.autocast(args...)` is deprecated. Please use `torch.amp.autocast('cuda', args...)` instead.
  with autocast(self.mixed_precision):
[2026-03-30 12:13:17](logger.py 179): id=CC_FMNIST_C10CFG_K20_E100_DT_0_6 | Ep. 61/100 - Step 75/273 (2.29 it/s) |#####               | - loss_cc=4.543 - loss_ce=2.113 - loss_ne=0.0184 - loss_div=0.00091 - threshold=0.717 - loss=6.676
/scratch/e0538389/DivClust/engine/trainer.py:41: FutureWarning: `torch.cuda.amp.autocast(args...)` is deprecated. Please use `torch.amp.autocast('cuda', args...)` instead.
  with autocast(self.mixed_precision):
[2026-03-30 12:13:27](logger.py 179): id=CC_FMNIST_C10CFG_K20_E100_DT_0_6 | Ep. 61/100 - Step 100/273 (2.3 it/s) |#######             | - loss_cc=4.541 - loss_ce=2.112 - loss_ne=0.0178 - loss_div=0.000685 - threshold=0.72 - loss=6.672
/scratch/e0538389/DivClust/engine/trainer.py:41: FutureWarning: `torch.cuda.amp.autocast(args...)` is deprecated. Please use `torch.amp.autocast('cuda', args...)` instead.
  with autocast(self.mixed_precision):
[2026-03-30 12:13:38](logger.py 179): id=CC_FMNIST_C10CFG_K20_E100_DT_0_6 | Ep. 61/100 - Step 125/273 (2.31 it/s) |#########           | - loss_cc=4.541 - loss_ce=2.112 - loss_ne=0.0175 - loss_div=0.000599 - threshold=0.722 - loss=6.672
/scratch/e0538389/DivClust/engine/trainer.py:41: FutureWarning: `torch.cuda.amp.autocast(args...)` is deprecated. Please use `torch.amp.autocast('cuda', args...)` instead.
  with autocast(self.mixed_precision):
/scratch/e0538389/DivClust/engine/trainer.py:41: FutureWarning: `torch.cuda.amp.autocast(args...)` is deprecated. Please use `torch.amp.autocast('cuda', args...)` instead.
  with autocast(self.mixed_precision):
[2026-03-30 12:13:49](logger.py 179): id=CC_FMNIST_C10CFG_K20_E100_DT_0_6 | Ep. 61/100 - Step 150/273 (2.29 it/s) |##########          | - loss_cc=4.54 - loss_ce=2.112 - loss_ne=0.0171 - loss_div=0.000748 - threshold=0.721 - loss=6.669
/scratch/e0538389/DivClust/engine/trainer.py:41: FutureWarning: `torch.cuda.amp.autocast(args...)` is deprecated. Please use `torch.amp.autocast('cuda', args...)` instead.
  with autocast(self.mixed_precision):
[2026-03-30 12:14:00](logger.py 179): id=CC_FMNIST_C10CFG_K20_E100_DT_0_6 | Ep. 61/100 - Step 175/273 (2.3 it/s) |############        | - loss_cc=4.539 - loss_ce=2.111 - loss_ne=0.0171 - loss_div=0.000741 - threshold=0.72 - loss=6.668
/scratch/e0538389/DivClust/engine/trainer.py:41: FutureWarning: `torch.cuda.amp.autocast(args...)` is deprecated. Please use `torch.amp.autocast('cuda', args...)` instead.
  with autocast(self.mixed_precision):
[2026-03-30 12:14:10](logger.py 179): id=CC_FMNIST_C10CFG_K20_E100_DT_0_6 | Ep. 61/100 - Step 200/273 (2.31 it/s) |##############      | - loss_cc=4.538 - loss_ce=2.111 - loss_ne=0.0172 - loss_div=0.000661 - threshold=0.72 - loss=6.667
/scratch/e0538389/DivClust/engine/trainer.py:41: FutureWarning: `torch.cuda.amp.autocast(args...)` is deprecated. Please use `torch.amp.autocast('cuda', args...)` instead.
  with autocast(self.mixed_precision):
[2026-03-30 12:14:21](logger.py 179): id=CC_FMNIST_C10CFG_K20_E100_DT_0_6 | Ep. 61/100 - Step 225/273 (2.32 it/s) |################    | - loss_cc=4.538 - loss_ce=2.111 - loss_ne=0.0173 - loss_div=0.000594 - threshold=0.721 - loss=6.667
/scratch/e0538389/DivClust/engine/trainer.py:41: FutureWarning: `torch.cuda.amp.autocast(args...)` is deprecated. Please use `torch.amp.autocast('cuda', args...)` instead.
  with autocast(self.mixed_precision):
/scratch/e0538389/DivClust/engine/trainer.py:41: FutureWarning: `torch.cuda.amp.autocast(args...)` is deprecated. Please use `torch.amp.autocast('cuda', args...)` instead.
  with autocast(self.mixed_precision):
[2026-03-30 12:14:32](logger.py 179): id=CC_FMNIST_C10CFG_K20_E100_DT_0_6 | Ep. 61/100 - Step 250/273 (2.31 it/s) |##################  | - loss_cc=4.539 - loss_ce=2.111 - loss_ne=0.0172 - loss_div=0.000535 - threshold=0.723 - loss=6.668
/scratch/e0538389/DivClust/engine/trainer.py:41: FutureWarning: `torch.cuda.amp.autocast(args...)` is deprecated. Please use `torch.amp.autocast('cuda', args...)` instead.
  with autocast(self.mixed_precision):
[2026-03-30 12:14:41](logger.py 179): id=CC_FMNIST_C10CFG_K20_E100_DT_0_6 | Ep. 61/100 | Time: 00:01 | loss_cc=4.538 - loss_ce=2.111 - loss_ne=0.0171 - loss_div=0.00051 - threshold=0.723 - loss=6.667
[2026-03-30 12:14:44](logger.py 179): id=CC_FMNIST_C10CFG_K20_E100_DT_0_6 | Ep. 62/100 - Step 0/273 (0.0 it/s) |                    | - loss_cc=4.506 - loss_ce=2.099 - loss_ne=0.0101 - loss_div=2.76e-05 - threshold=0.725 - loss=6.615
/scratch/e0538389/DivClust/engine/trainer.py:41: FutureWarning: `torch.cuda.amp.autocast(args...)` is deprecated. Please use `torch.amp.autocast('cuda', args...)` instead.
  with autocast(self.mixed_precision):
[2026-03-30 12:14:55](logger.py 179): id=CC_FMNIST_C10CFG_K20_E100_DT_0_6 | Ep. 62/100 - Step 25/273 (2.3 it/s) |#                   | - loss_cc=4.54 - loss_ce=2.111 - loss_ne=0.0182 - loss_div=0.000805 - threshold=0.721 - loss=6.67
/scratch/e0538389/DivClust/engine/trainer.py:41: FutureWarning: `torch.cuda.amp.autocast(args...)` is deprecated. Please use `torch.amp.autocast('cuda', args...)` instead.
  with autocast(self.mixed_precision):
[2026-03-30 12:15:06](logger.py 179): id=CC_FMNIST_C10CFG_K20_E100_DT_0_6 | Ep. 62/100 - Step 50/273 (2.32 it/s) |###                 | - loss_cc=4.54 - loss_ce=2.111 - loss_ne=0.0183 - loss_div=0.00104 - threshold=0.717 - loss=6.67
/scratch/e0538389/DivClust/engine/trainer.py:41: FutureWarning: `torch.cuda.amp.autocast(args...)` is deprecated. Please use `torch.amp.autocast('cuda', args...)` instead.
  with autocast(self.mixed_precision):
/scratch/e0538389/DivClust/engine/trainer.py:41: FutureWarning: `torch.cuda.amp.autocast(args...)` is deprecated. Please use `torch.amp.autocast('cuda', args...)` instead.
  with autocast(self.mixed_precision):
[2026-03-30 12:15:16](logger.py 179): id=CC_FMNIST_C10CFG_K20_E100_DT_0_6 | Ep. 62/100 - Step 75/273 (2.32 it/s) |#####               | - loss_cc=4.539 - loss_ce=2.111 - loss_ne=0.0179 - loss_div=0.00117 - threshold=0.713 - loss=6.669
/scratch/e0538389/DivClust/engine/trainer.py:41: FutureWarning: `torch.cuda.amp.autocast(args...)` is deprecated. Please use `torch.amp.autocast('cuda', args...)` instead.
  with autocast(self.mixed_precision):
[2026-03-30 12:15:27](logger.py 179): id=CC_FMNIST_C10CFG_K20_E100_DT_0_6 | Ep. 62/100 - Step 100/273 (2.34 it/s) |#######             | - loss_cc=4.538 - loss_ce=2.111 - loss_ne=0.0177 - loss_div=0.000915 - threshold=0.713 - loss=6.668
/scratch/e0538389/DivClust/engine/trainer.py:41: FutureWarning: `torch.cuda.amp.autocast(args...)` is deprecated. Please use `torch.amp.autocast('cuda', args...)` instead.
  with autocast(self.mixed_precision):
[2026-03-30 12:15:37](logger.py 179): id=CC_FMNIST_C10CFG_K20_E100_DT_0_6 | Ep. 62/100 - Step 125/273 (2.35 it/s) |#########           | - loss_cc=4.539 - loss_ce=2.111 - loss_ne=0.018 - loss_div=0.00075 - threshold=0.714 - loss=6.669
/scratch/e0538389/DivClust/engine/trainer.py:41: FutureWarning: `torch.cuda.amp.autocast(args...)` is deprecated. Please use `torch.amp.autocast('cuda', args...)` instead.
  with autocast(self.mixed_precision):
[2026-03-30 12:15:48](logger.py 179): id=CC_FMNIST_C10CFG_K20_E100_DT_0_6 | Ep. 62/100 - Step 150/273 (2.35 it/s) |##########          | - loss_cc=4.539 - loss_ce=2.111 - loss_ne=0.0179 - loss_div=0.000635 - threshold=0.717 - loss=6.67
/scratch/e0538389/DivClust/engine/trainer.py:41: FutureWarning: `torch.cuda.amp.autocast(args...)` is deprecated. Please use `torch.amp.autocast('cuda', args...)` instead.
  with autocast(self.mixed_precision):
/scratch/e0538389/DivClust/engine/trainer.py:41: FutureWarning: `torch.cuda.amp.autocast(args...)` is deprecated. Please use `torch.amp.autocast('cuda', args...)` instead.
  with autocast(self.mixed_precision):
[2026-03-30 12:15:59](logger.py 179): id=CC_FMNIST_C10CFG_K20_E100_DT_0_6 | Ep. 62/100 - Step 175/273 (2.34 it/s) |############        | - loss_cc=4.54 - loss_ce=2.112 - loss_ne=0.018 - loss_div=0.00056 - threshold=0.72 - loss=6.67
/scratch/e0538389/DivClust/engine/trainer.py:41: FutureWarning: `torch.cuda.amp.autocast(args...)` is deprecated. Please use `torch.amp.autocast('cuda', args...)` instead.
  with autocast(self.mixed_precision):
[2026-03-30 12:16:10](logger.py 179): id=CC_FMNIST_C10CFG_K20_E100_DT_0_6 | Ep. 62/100 - Step 200/273 (2.34 it/s) |##############      | - loss_cc=4.54 - loss_ce=2.112 - loss_ne=0.0178 - loss_div=0.000539 - threshold=0.721 - loss=6.67
/scratch/e0538389/DivClust/engine/trainer.py:41: FutureWarning: `torch.cuda.amp.autocast(args...)` is deprecated. Please use `torch.amp.autocast('cuda', args...)` instead.
  with autocast(self.mixed_precision):
[2026-03-30 12:16:20](logger.py 179): id=CC_FMNIST_C10CFG_K20_E100_DT_0_6 | Ep. 62/100 - Step 225/273 (2.34 it/s) |################    | - loss_cc=4.54 - loss_ce=2.112 - loss_ne=0.0178 - loss_div=0.000556 - threshold=0.721 - loss=6.67
/scratch/e0538389/DivClust/engine/trainer.py:41: FutureWarning: `torch.cuda.amp.autocast(args...)` is deprecated. Please use `torch.amp.autocast('cuda', args...)` instead.
  with autocast(self.mixed_precision):
[2026-03-30 12:16:31](logger.py 179): id=CC_FMNIST_C10CFG_K20_E100_DT_0_6 | Ep. 62/100 - Step 250/273 (2.34 it/s) |##################  | - loss_cc=4.539 - loss_ce=2.112 - loss_ne=0.0176 - loss_div=0.000539 - threshold=0.721 - loss=6.669
/scratch/e0538389/DivClust/engine/trainer.py:41: FutureWarning: `torch.cuda.amp.autocast(args...)` is deprecated. Please use `torch.amp.autocast('cuda', args...)` instead.
  with autocast(self.mixed_precision):
[2026-03-30 12:16:40](logger.py 179): id=CC_FMNIST_C10CFG_K20_E100_DT_0_6 | Ep. 62/100 | Time: 00:01 | loss_cc=4.539 - loss_ce=2.112 - loss_ne=0.0175 - loss_div=0.000588 - threshold=0.721 - loss=6.669
[2026-03-30 12:16:43](logger.py 179): id=CC_FMNIST_C10CFG_K20_E100_DT_0_6 | Ep. 63/100 - Step 0/273 (0.0 it/s) |                    | - loss_cc=4.561 - loss_ce=2.113 - loss_ne=0.0188 - loss_div=0.0 - threshold=0.717 - loss=6.693
/scratch/e0538389/DivClust/engine/trainer.py:41: FutureWarning: `torch.cuda.amp.autocast(args...)` is deprecated. Please use `torch.amp.autocast('cuda', args...)` instead.
  with autocast(self.mixed_precision):
/scratch/e0538389/DivClust/engine/trainer.py:41: FutureWarning: `torch.cuda.amp.autocast(args...)` is deprecated. Please use `torch.amp.autocast('cuda', args...)` instead.
  with autocast(self.mixed_precision):
[2026-03-30 12:16:54](logger.py 179): id=CC_FMNIST_C10CFG_K20_E100_DT_0_6 | Ep. 63/100 - Step 25/273 (2.23 it/s) |#                   | - loss_cc=4.535 - loss_ce=2.11 - loss_ne=0.0176 - loss_div=0.000747 - threshold=0.711 - loss=6.664
/scratch/e0538389/DivClust/engine/trainer.py:41: FutureWarning: `torch.cuda.amp.autocast(args...)` is deprecated. Please use `torch.amp.autocast('cuda', args...)` instead.
  with autocast(self.mixed_precision):
[2026-03-30 12:17:05](logger.py 179): id=CC_FMNIST_C10CFG_K20_E100_DT_0_6 | Ep. 63/100 - Step 50/273 (2.28 it/s) |###                 | - loss_cc=4.536 - loss_ce=2.11 - loss_ne=0.0175 - loss_div=0.000497 - threshold=0.715 - loss=6.665
/scratch/e0538389/DivClust/engine/trainer.py:41: FutureWarning: `torch.cuda.amp.autocast(args...)` is deprecated. Please use `torch.amp.autocast('cuda', args...)` instead.
  with autocast(self.mixed_precision):
[2026-03-30 12:17:16](logger.py 179): id=CC_FMNIST_C10CFG_K20_E100_DT_0_6 | Ep. 63/100 - Step 75/273 (2.3 it/s) |#####               | - loss_cc=4.538 - loss_ce=2.111 - loss_ne=0.0173 - loss_div=0.000433 - threshold=0.717 - loss=6.667
/scratch/e0538389/DivClust/engine/trainer.py:41: FutureWarning: `torch.cuda.amp.autocast(args...)` is deprecated. Please use `torch.amp.autocast('cuda', args...)` instead.
  with autocast(self.mixed_precision):
[2026-03-30 12:17:26](logger.py 179): id=CC_FMNIST_C10CFG_K20_E100_DT_0_6 | Ep. 63/100 - Step 100/273 (2.31 it/s) |#######             | - loss_cc=4.538 - loss_ce=2.111 - loss_ne=0.0168 - loss_div=0.000578 - threshold=0.715 - loss=6.667
/scratch/e0538389/DivClust/engine/trainer.py:41: FutureWarning: `torch.cuda.amp.autocast(args...)` is deprecated. Please use `torch.amp.autocast('cuda', args...)` instead.
  with autocast(self.mixed_precision):
/scratch/e0538389/DivClust/engine/trainer.py:41: FutureWarning: `torch.cuda.amp.autocast(args...)` is deprecated. Please use `torch.amp.autocast('cuda', args...)` instead.
  with autocast(self.mixed_precision):
[2026-03-30 12:17:37](logger.py 179): id=CC_FMNIST_C10CFG_K20_E100_DT_0_6 | Ep. 63/100 - Step 125/273 (2.29 it/s) |#########           | - loss_cc=4.538 - loss_ce=2.111 - loss_ne=0.0169 - loss_div=0.000564 - threshold=0.715 - loss=6.666
/scratch/e0538389/DivClust/engine/trainer.py:41: FutureWarning: `torch.cuda.amp.autocast(args...)` is deprecated. Please use `torch.amp.autocast('cuda', args...)` instead.
  with autocast(self.mixed_precision):
[2026-03-30 12:17:48](logger.py 179): id=CC_FMNIST_C10CFG_K20_E100_DT_0_6 | Ep. 63/100 - Step 150/273 (2.3 it/s) |##########          | - loss_cc=4.536 - loss_ce=2.11 - loss_ne=0.0167 - loss_div=0.000545 - threshold=0.715 - loss=6.663
/scratch/e0538389/DivClust/engine/trainer.py:41: FutureWarning: `torch.cuda.amp.autocast(args...)` is deprecated. Please use `torch.amp.autocast('cuda', args...)` instead.
  with autocast(self.mixed_precision):
[2026-03-30 12:17:59](logger.py 179): id=CC_FMNIST_C10CFG_K20_E100_DT_0_6 | Ep. 63/100 - Step 175/273 (2.3 it/s) |############        | - loss_cc=4.537 - loss_ce=2.111 - loss_ne=0.0166 - loss_div=0.000499 - threshold=0.716 - loss=6.665
/scratch/e0538389/DivClust/engine/trainer.py:41: FutureWarning: `torch.cuda.amp.autocast(args...)` is deprecated. Please use `torch.amp.autocast('cuda', args...)` instead.
  with autocast(self.mixed_precision):
[2026-03-30 12:18:10](logger.py 179): id=CC_FMNIST_C10CFG_K20_E100_DT_0_6 | Ep. 63/100 - Step 200/273 (2.3 it/s) |##############      | - loss_cc=4.537 - loss_ce=2.111 - loss_ne=0.0166 - loss_div=0.000517 - threshold=0.716 - loss=6.665
/scratch/e0538389/DivClust/engine/trainer.py:41: FutureWarning: `torch.cuda.amp.autocast(args...)` is deprecated. Please use `torch.amp.autocast('cuda', args...)` instead.
  with autocast(self.mixed_precision):
/scratch/e0538389/DivClust/engine/trainer.py:41: FutureWarning: `torch.cuda.amp.autocast(args...)` is deprecated. Please use `torch.amp.autocast('cuda', args...)` instead.
  with autocast(self.mixed_precision):
[2026-03-30 12:18:21](logger.py 179): id=CC_FMNIST_C10CFG_K20_E100_DT_0_6 | Ep. 63/100 - Step 225/273 (2.3 it/s) |################    | - loss_cc=4.537 - loss_ce=2.111 - loss_ne=0.0165 - loss_div=0.000524 - threshold=0.715 - loss=6.665
/scratch/e0538389/DivClust/engine/trainer.py:41: FutureWarning: `torch.cuda.amp.autocast(args...)` is deprecated. Please use `torch.amp.autocast('cuda', args...)` instead.
  with autocast(self.mixed_precision):
[2026-03-30 12:18:32](logger.py 179): id=CC_FMNIST_C10CFG_K20_E100_DT_0_6 | Ep. 63/100 - Step 250/273 (2.3 it/s) |##################  | - loss_cc=4.536 - loss_ce=2.11 - loss_ne=0.0166 - loss_div=0.000487 - threshold=0.716 - loss=6.663
/scratch/e0538389/DivClust/engine/trainer.py:41: FutureWarning: `torch.cuda.amp.autocast(args...)` is deprecated. Please use `torch.amp.autocast('cuda', args...)` instead.
  with autocast(self.mixed_precision):
[2026-03-30 12:18:41](logger.py 179): id=CC_FMNIST_C10CFG_K20_E100_DT_0_6 | Ep. 63/100 | Time: 00:01 | loss_cc=4.535 - loss_ce=2.11 - loss_ne=0.0168 - loss_div=0.000486 - threshold=0.716 - loss=6.662
[2026-03-30 12:18:43](logger.py 179): id=CC_FMNIST_C10CFG_K20_E100_DT_0_6 | Ep. 64/100 - Step 0/273 (0.0 it/s) |                    | - loss_cc=4.541 - loss_ce=2.114 - loss_ne=0.0186 - loss_div=0.00355 - threshold=0.716 - loss=6.678
/scratch/e0538389/DivClust/engine/trainer.py:41: FutureWarning: `torch.cuda.amp.autocast(args...)` is deprecated. Please use `torch.amp.autocast('cuda', args...)` instead.
  with autocast(self.mixed_precision):
[2026-03-30 12:18:54](logger.py 179): id=CC_FMNIST_C10CFG_K20_E100_DT_0_6 | Ep. 64/100 - Step 25/273 (2.33 it/s) |#                   | - loss_cc=4.535 - loss_ce=2.11 - loss_ne=0.0153 - loss_div=0.000797 - threshold=0.711 - loss=6.661
/scratch/e0538389/DivClust/engine/trainer.py:41: FutureWarning: `torch.cuda.amp.autocast(args...)` is deprecated. Please use `torch.amp.autocast('cuda', args...)` instead.
  with autocast(self.mixed_precision):
/scratch/e0538389/DivClust/engine/trainer.py:41: FutureWarning: `torch.cuda.amp.autocast(args...)` is deprecated. Please use `torch.amp.autocast('cuda', args...)` instead.
  with autocast(self.mixed_precision):
[2026-03-30 12:19:04](logger.py 179): id=CC_FMNIST_C10CFG_K20_E100_DT_0_6 | Ep. 64/100 - Step 50/273 (2.33 it/s) |###                 | - loss_cc=4.535 - loss_ce=2.11 - loss_ne=0.0176 - loss_div=0.0012 - threshold=0.708 - loss=6.664
/scratch/e0538389/DivClust/engine/trainer.py:41: FutureWarning: `torch.cuda.amp.autocast(args...)` is deprecated. Please use `torch.amp.autocast('cuda', args...)` instead.
  with autocast(self.mixed_precision):
[2026-03-30 12:19:15](logger.py 179): id=CC_FMNIST_C10CFG_K20_E100_DT_0_6 | Ep. 64/100 - Step 75/273 (2.35 it/s) |#####               | - loss_cc=4.532 - loss_ce=2.11 - loss_ne=0.0173 - loss_div=0.000867 - threshold=0.709 - loss=6.66
/scratch/e0538389/DivClust/engine/trainer.py:41: FutureWarning: `torch.cuda.amp.autocast(args...)` is deprecated. Please use `torch.amp.autocast('cuda', args...)` instead.
  with autocast(self.mixed_precision):
[2026-03-30 12:19:25](logger.py 179): id=CC_FMNIST_C10CFG_K20_E100_DT_0_6 | Ep. 64/100 - Step 100/273 (2.35 it/s) |#######             | - loss_cc=4.533 - loss_ce=2.11 - loss_ne=0.0169 - loss_div=0.000812 - threshold=0.71 - loss=6.661
/scratch/e0538389/DivClust/engine/trainer.py:41: FutureWarning: `torch.cuda.amp.autocast(args...)` is deprecated. Please use `torch.amp.autocast('cuda', args...)` instead.
  with autocast(self.mixed_precision):
[2026-03-30 12:19:36](logger.py 179): id=CC_FMNIST_C10CFG_K20_E100_DT_0_6 | Ep. 64/100 - Step 125/273 (2.36 it/s) |#########           | - loss_cc=4.534 - loss_ce=2.11 - loss_ne=0.0171 - loss_div=0.000746 - threshold=0.711 - loss=6.662
/scratch/e0538389/DivClust/engine/trainer.py:41: FutureWarning: `torch.cuda.amp.autocast(args...)` is deprecated. Please use `torch.amp.autocast('cuda', args...)` instead.
  with autocast(self.mixed_precision):
/scratch/e0538389/DivClust/engine/trainer.py:41: FutureWarning: `torch.cuda.amp.autocast(args...)` is deprecated. Please use `torch.amp.autocast('cuda', args...)` instead.
  with autocast(self.mixed_precision):
[2026-03-30 12:19:47](logger.py 179): id=CC_FMNIST_C10CFG_K20_E100_DT_0_6 | Ep. 64/100 - Step 150/273 (2.36 it/s) |##########          | - loss_cc=4.533 - loss_ce=2.11 - loss_ne=0.017 - loss_div=0.000624 - threshold=0.713 - loss=6.66
/scratch/e0538389/DivClust/engine/trainer.py:41: FutureWarning: `torch.cuda.amp.autocast(args...)` is deprecated. Please use `torch.amp.autocast('cuda', args...)` instead.
  with autocast(self.mixed_precision):
[2026-03-30 12:19:57](logger.py 179): id=CC_FMNIST_C10CFG_K20_E100_DT_0_6 | Ep. 64/100 - Step 175/273 (2.35 it/s) |############        | - loss_cc=4.533 - loss_ce=2.11 - loss_ne=0.0171 - loss_div=0.000542 - threshold=0.715 - loss=6.661
/scratch/e0538389/DivClust/engine/trainer.py:41: FutureWarning: `torch.cuda.amp.autocast(args...)` is deprecated. Please use `torch.amp.autocast('cuda', args...)` instead.
  with autocast(self.mixed_precision):
[2026-03-30 12:20:08](logger.py 179): id=CC_FMNIST_C10CFG_K20_E100_DT_0_6 | Ep. 64/100 - Step 200/273 (2.35 it/s) |##############      | - loss_cc=4.534 - loss_ce=2.11 - loss_ne=0.0174 - loss_div=0.00053 - threshold=0.716 - loss=6.661
/scratch/e0538389/DivClust/engine/trainer.py:41: FutureWarning: `torch.cuda.amp.autocast(args...)` is deprecated. Please use `torch.amp.autocast('cuda', args...)` instead.
  with autocast(self.mixed_precision):
[2026-03-30 12:20:19](logger.py 179): id=CC_FMNIST_C10CFG_K20_E100_DT_0_6 | Ep. 64/100 - Step 225/273 (2.35 it/s) |################    | - loss_cc=4.533 - loss_ce=2.11 - loss_ne=0.0172 - loss_div=0.000533 - threshold=0.716 - loss=6.661
/scratch/e0538389/DivClust/engine/trainer.py:41: FutureWarning: `torch.cuda.amp.autocast(args...)` is deprecated. Please use `torch.amp.autocast('cuda', args...)` instead.
  with autocast(self.mixed_precision):
/scratch/e0538389/DivClust/engine/trainer.py:41: FutureWarning: `torch.cuda.amp.autocast(args...)` is deprecated. Please use `torch.amp.autocast('cuda', args...)` instead.
  with autocast(self.mixed_precision):
[2026-03-30 12:20:30](logger.py 179): id=CC_FMNIST_C10CFG_K20_E100_DT_0_6 | Ep. 64/100 - Step 250/273 (2.33 it/s) |##################  | - loss_cc=4.533 - loss_ce=2.109 - loss_ne=0.0172 - loss_div=0.000557 - threshold=0.716 - loss=6.66
/scratch/e0538389/DivClust/engine/trainer.py:41: FutureWarning: `torch.cuda.amp.autocast(args...)` is deprecated. Please use `torch.amp.autocast('cuda', args...)` instead.
  with autocast(self.mixed_precision):
[2026-03-30 12:20:39](logger.py 179): id=CC_FMNIST_C10CFG_K20_E100_DT_0_6 | Ep. 64/100 | Time: 00:01 | loss_cc=4.533 - loss_ce=2.11 - loss_ne=0.0173 - loss_div=0.000596 - threshold=0.716 - loss=6.66
[2026-03-30 12:20:42](logger.py 179): id=CC_FMNIST_C10CFG_K20_E100_DT_0_6 | Ep. 65/100 - Step 0/273 (0.0 it/s) |                    | - loss_cc=4.583 - loss_ce=2.135 - loss_ne=0.0144 - loss_div=0.0 - threshold=0.716 - loss=6.732
/scratch/e0538389/DivClust/engine/trainer.py:41: FutureWarning: `torch.cuda.amp.autocast(args...)` is deprecated. Please use `torch.amp.autocast('cuda', args...)` instead.
  with autocast(self.mixed_precision):
[2026-03-30 12:20:53](logger.py 179): id=CC_FMNIST_C10CFG_K20_E100_DT_0_6 | Ep. 65/100 - Step 25/273 (2.33 it/s) |#                   | - loss_cc=4.539 - loss_ce=2.112 - loss_ne=0.0165 - loss_div=0.000265 - threshold=0.719 - loss=6.669
/scratch/e0538389/DivClust/engine/trainer.py:41: FutureWarning: `torch.cuda.amp.autocast(args...)` is deprecated. Please use `torch.amp.autocast('cuda', args...)` instead.
  with autocast(self.mixed_precision):
[2026-03-30 12:21:04](logger.py 179): id=CC_FMNIST_C10CFG_K20_E100_DT_0_6 | Ep. 65/100 - Step 50/273 (2.32 it/s) |###                 | - loss_cc=4.537 - loss_ce=2.112 - loss_ne=0.0162 - loss_div=0.000332 - threshold=0.719 - loss=6.666
/scratch/e0538389/DivClust/engine/trainer.py:41: FutureWarning: `torch.cuda.amp.autocast(args...)` is deprecated. Please use `torch.amp.autocast('cuda', args...)` instead.
  with autocast(self.mixed_precision):
[2026-03-30 12:21:15](logger.py 179): id=CC_FMNIST_C10CFG_K20_E100_DT_0_6 | Ep. 65/100 - Step 75/273 (2.29 it/s) |#####               | - loss_cc=4.536 - loss_ce=2.111 - loss_ne=0.0165 - loss_div=0.000467 - threshold=0.716 - loss=6.664
/scratch/e0538389/DivClust/engine/trainer.py:41: FutureWarning: `torch.cuda.amp.autocast(args...)` is deprecated. Please use `torch.amp.autocast('cuda', args...)` instead.
  with autocast(self.mixed_precision):
/scratch/e0538389/DivClust/engine/trainer.py:41: FutureWarning: `torch.cuda.amp.autocast(args...)` is deprecated. Please use `torch.amp.autocast('cuda', args...)` instead.
  with autocast(self.mixed_precision):
[2026-03-30 12:21:26](logger.py 179): id=CC_FMNIST_C10CFG_K20_E100_DT_0_6 | Ep. 65/100 - Step 100/273 (2.3 it/s) |#######             | - loss_cc=4.533 - loss_ce=2.11 - loss_ne=0.0169 - loss_div=0.000553 - threshold=0.715 - loss=6.661
/scratch/e0538389/DivClust/engine/trainer.py:41: FutureWarning: `torch.cuda.amp.autocast(args...)` is deprecated. Please use `torch.amp.autocast('cuda', args...)` instead.
  with autocast(self.mixed_precision):
[2026-03-30 12:21:36](logger.py 179): id=CC_FMNIST_C10CFG_K20_E100_DT_0_6 | Ep. 65/100 - Step 125/273 (2.31 it/s) |#########           | - loss_cc=4.536 - loss_ce=2.111 - loss_ne=0.0173 - loss_div=0.000571 - threshold=0.715 - loss=6.664
/scratch/e0538389/DivClust/engine/trainer.py:41: FutureWarning: `torch.cuda.amp.autocast(args...)` is deprecated. Please use `torch.amp.autocast('cuda', args...)` instead.
  with autocast(self.mixed_precision):
[2026-03-30 12:21:47](logger.py 179): id=CC_FMNIST_C10CFG_K20_E100_DT_0_6 | Ep. 65/100 - Step 150/273 (2.31 it/s) |##########          | - loss_cc=4.535 - loss_ce=2.111 - loss_ne=0.0174 - loss_div=0.000518 - threshold=0.716 - loss=6.664
/scratch/e0538389/DivClust/engine/trainer.py:41: FutureWarning: `torch.cuda.amp.autocast(args...)` is deprecated. Please use `torch.amp.autocast('cuda', args...)` instead.
  with autocast(self.mixed_precision):
[2026-03-30 12:21:58](logger.py 179): id=CC_FMNIST_C10CFG_K20_E100_DT_0_6 | Ep. 65/100 - Step 175/273 (2.3 it/s) |############        | - loss_cc=4.534 - loss_ce=2.111 - loss_ne=0.0176 - loss_div=0.000462 - threshold=0.717 - loss=6.663
/scratch/e0538389/DivClust/engine/trainer.py:41: FutureWarning: `torch.cuda.amp.autocast(args...)` is deprecated. Please use `torch.amp.autocast('cuda', args...)` instead.
  with autocast(self.mixed_precision):
/scratch/e0538389/DivClust/engine/trainer.py:41: FutureWarning: `torch.cuda.amp.autocast(args...)` is deprecated. Please use `torch.amp.autocast('cuda', args...)` instead.
  with autocast(self.mixed_precision):
[2026-03-30 12:22:09](logger.py 179): id=CC_FMNIST_C10CFG_K20_E100_DT_0_6 | Ep. 65/100 - Step 200/273 (2.31 it/s) |##############      | - loss_cc=4.534 - loss_ce=2.11 - loss_ne=0.0175 - loss_div=0.000461 - threshold=0.718 - loss=6.662
/scratch/e0538389/DivClust/engine/trainer.py:41: FutureWarning: `torch.cuda.amp.autocast(args...)` is deprecated. Please use `torch.amp.autocast('cuda', args...)` instead.
  with autocast(self.mixed_precision):
[2026-03-30 12:22:19](logger.py 179): id=CC_FMNIST_C10CFG_K20_E100_DT_0_6 | Ep. 65/100 - Step 225/273 (2.31 it/s) |################    | - loss_cc=4.534 - loss_ce=2.11 - loss_ne=0.0173 - loss_div=0.000525 - threshold=0.717 - loss=6.662
/scratch/e0538389/DivClust/engine/trainer.py:41: FutureWarning: `torch.cuda.amp.autocast(args...)` is deprecated. Please use `torch.amp.autocast('cuda', args...)` instead.
  with autocast(self.mixed_precision):
[2026-03-30 12:22:30](logger.py 179): id=CC_FMNIST_C10CFG_K20_E100_DT_0_6 | Ep. 65/100 - Step 250/273 (2.31 it/s) |##################  | - loss_cc=4.533 - loss_ce=2.11 - loss_ne=0.0173 - loss_div=0.000557 - threshold=0.717 - loss=6.661
/scratch/e0538389/DivClust/engine/trainer.py:41: FutureWarning: `torch.cuda.amp.autocast(args...)` is deprecated. Please use `torch.amp.autocast('cuda', args...)` instead.
  with autocast(self.mixed_precision):
[2026-03-30 12:22:39](logger.py 179): id=CC_FMNIST_C10CFG_K20_E100_DT_0_6 | Ep. 65/100 | Time: 00:01 | loss_cc=4.533 - loss_ce=2.11 - loss_ne=0.0171 - loss_div=0.000528 - threshold=0.717 - loss=6.661
[2026-03-30 12:22:42](logger.py 179): id=CC_FMNIST_C10CFG_K20_E100_DT_0_6 | Ep. 66/100 - Step 0/273 (0.0 it/s) |                    | - loss_cc=4.566 - loss_ce=2.123 - loss_ne=0.0167 - loss_div=0.0 - threshold=0.723 - loss=6.705
/scratch/e0538389/DivClust/engine/trainer.py:41: FutureWarning: `torch.cuda.amp.autocast(args...)` is deprecated. Please use `torch.amp.autocast('cuda', args...)` instead.
  with autocast(self.mixed_precision):
/scratch/e0538389/DivClust/engine/trainer.py:41: FutureWarning: `torch.cuda.amp.autocast(args...)` is deprecated. Please use `torch.amp.autocast('cuda', args...)` instead.
  with autocast(self.mixed_precision):
[2026-03-30 12:22:53](logger.py 179): id=CC_FMNIST_C10CFG_K20_E100_DT_0_6 | Ep. 66/100 - Step 25/273 (2.23 it/s) |#                   | - loss_cc=4.529 - loss_ce=2.108 - loss_ne=0.0178 - loss_div=7.42e-05 - threshold=0.728 - loss=6.655
/scratch/e0538389/DivClust/engine/trainer.py:41: FutureWarning: `torch.cuda.amp.autocast(args...)` is deprecated. Please use `torch.amp.autocast('cuda', args...)` instead.
  with autocast(self.mixed_precision):
[2026-03-30 12:23:04](logger.py 179): id=CC_FMNIST_C10CFG_K20_E100_DT_0_6 | Ep. 66/100 - Step 50/273 (2.27 it/s) |###                 | - loss_cc=4.535 - loss_ce=2.109 - loss_ne=0.0178 - loss_div=0.000332 - threshold=0.724 - loss=6.662
/scratch/e0538389/DivClust/engine/trainer.py:41: FutureWarning: `torch.cuda.amp.autocast(args...)` is deprecated. Please use `torch.amp.autocast('cuda', args...)` instead.
  with autocast(self.mixed_precision):
[2026-03-30 12:23:15](logger.py 179): id=CC_FMNIST_C10CFG_K20_E100_DT_0_6 | Ep. 66/100 - Step 75/273 (2.29 it/s) |#####               | - loss_cc=4.533 - loss_ce=2.109 - loss_ne=0.0174 - loss_div=0.000564 - threshold=0.72 - loss=6.661
/scratch/e0538389/DivClust/engine/trainer.py:41: FutureWarning: `torch.cuda.amp.autocast(args...)` is deprecated. Please use `torch.amp.autocast('cuda', args...)` instead.
  with autocast(self.mixed_precision):
[2026-03-30 12:23:26](logger.py 179): id=CC_FMNIST_C10CFG_K20_E100_DT_0_6 | Ep. 66/100 - Step 100/273 (2.3 it/s) |#######             | - loss_cc=4.534 - loss_ce=2.11 - loss_ne=0.017 - loss_div=0.000546 - threshold=0.718 - loss=6.662
/scratch/e0538389/DivClust/engine/trainer.py:41: FutureWarning: `torch.cuda.amp.autocast(args...)` is deprecated. Please use `torch.amp.autocast('cuda', args...)` instead.
  with autocast(self.mixed_precision):
/scratch/e0538389/DivClust/engine/trainer.py:41: FutureWarning: `torch.cuda.amp.autocast(args...)` is deprecated. Please use `torch.amp.autocast('cuda', args...)` instead.
  with autocast(self.mixed_precision):
[2026-03-30 12:23:37](logger.py 179): id=CC_FMNIST_C10CFG_K20_E100_DT_0_6 | Ep. 66/100 - Step 125/273 (2.28 it/s) |#########           | - loss_cc=4.533 - loss_ce=2.11 - loss_ne=0.0172 - loss_div=0.000469 - threshold=0.719 - loss=6.661
/scratch/e0538389/DivClust/engine/trainer.py:41: FutureWarning: `torch.cuda.amp.autocast(args...)` is deprecated. Please use `torch.amp.autocast('cuda', args...)` instead.
  with autocast(self.mixed_precision):
[2026-03-30 12:23:48](logger.py 179): id=CC_FMNIST_C10CFG_K20_E100_DT_0_6 | Ep. 66/100 - Step 150/273 (2.29 it/s) |##########          | - loss_cc=4.533 - loss_ce=2.109 - loss_ne=0.0171 - loss_div=0.000397 - threshold=0.721 - loss=6.659
/scratch/e0538389/DivClust/engine/trainer.py:41: FutureWarning: `torch.cuda.amp.autocast(args...)` is deprecated. Please use `torch.amp.autocast('cuda', args...)` instead.
  with autocast(self.mixed_precision):
[2026-03-30 12:23:58](logger.py 179): id=CC_FMNIST_C10CFG_K20_E100_DT_0_6 | Ep. 66/100 - Step 175/273 (2.3 it/s) |############        | - loss_cc=4.532 - loss_ce=2.109 - loss_ne=0.0172 - loss_div=0.000434 - threshold=0.72 - loss=6.659
/scratch/e0538389/DivClust/engine/trainer.py:41: FutureWarning: `torch.cuda.amp.autocast(args...)` is deprecated. Please use `torch.amp.autocast('cuda', args...)` instead.
  with autocast(self.mixed_precision):
[2026-03-30 12:24:09](logger.py 179): id=CC_FMNIST_C10CFG_K20_E100_DT_0_6 | Ep. 66/100 - Step 200/273 (2.3 it/s) |##############      | - loss_cc=4.533 - loss_ce=2.109 - loss_ne=0.0171 - loss_div=0.000623 - threshold=0.719 - loss=6.66
/scratch/e0538389/DivClust/engine/trainer.py:41: FutureWarning: `torch.cuda.amp.autocast(args...)` is deprecated. Please use `torch.amp.autocast('cuda', args...)` instead.
  with autocast(self.mixed_precision):
/scratch/e0538389/DivClust/engine/trainer.py:41: FutureWarning: `torch.cuda.amp.autocast(args...)` is deprecated. Please use `torch.amp.autocast('cuda', args...)` instead.
  with autocast(self.mixed_precision):
[2026-03-30 12:24:20](logger.py 179): id=CC_FMNIST_C10CFG_K20_E100_DT_0_6 | Ep. 66/100 - Step 225/273 (2.3 it/s) |################    | - loss_cc=4.533 - loss_ce=2.109 - loss_ne=0.017 - loss_div=0.000557 - threshold=0.719 - loss=6.66
/scratch/e0538389/DivClust/engine/trainer.py:41: FutureWarning: `torch.cuda.amp.autocast(args...)` is deprecated. Please use `torch.amp.autocast('cuda', args...)` instead.
  with autocast(self.mixed_precision):
[2026-03-30 12:24:31](logger.py 179): id=CC_FMNIST_C10CFG_K20_E100_DT_0_6 | Ep. 66/100 - Step 250/273 (2.3 it/s) |##################  | - loss_cc=4.532 - loss_ce=2.109 - loss_ne=0.017 - loss_div=0.000512 - threshold=0.719 - loss=6.659
/scratch/e0538389/DivClust/engine/trainer.py:41: FutureWarning: `torch.cuda.amp.autocast(args...)` is deprecated. Please use `torch.amp.autocast('cuda', args...)` instead.
  with autocast(self.mixed_precision):
[2026-03-30 12:24:40](logger.py 179): id=CC_FMNIST_C10CFG_K20_E100_DT_0_6 | Ep. 66/100 | Time: 00:01 | loss_cc=4.533 - loss_ce=2.109 - loss_ne=0.0172 - loss_div=0.000484 - threshold=0.72 - loss=6.66
[2026-03-30 12:24:42](logger.py 179): id=CC_FMNIST_C10CFG_K20_E100_DT_0_6 | Ep. 67/100 - Step 0/273 (0.0 it/s) |                    | - loss_cc=4.547 - loss_ce=2.111 - loss_ne=0.0159 - loss_div=0.0 - threshold=0.722 - loss=6.674
/scratch/e0538389/DivClust/engine/trainer.py:41: FutureWarning: `torch.cuda.amp.autocast(args...)` is deprecated. Please use `torch.amp.autocast('cuda', args...)` instead.
  with autocast(self.mixed_precision):
[2026-03-30 12:24:53](logger.py 179): id=CC_FMNIST_C10CFG_K20_E100_DT_0_6 | Ep. 67/100 - Step 25/273 (2.39 it/s) |#                   | - loss_cc=4.537 - loss_ce=2.11 - loss_ne=0.0151 - loss_div=7.21e-05 - threshold=0.727 - loss=6.662
/scratch/e0538389/DivClust/engine/trainer.py:41: FutureWarning: `torch.cuda.amp.autocast(args...)` is deprecated. Please use `torch.amp.autocast('cuda', args...)` instead.
  with autocast(self.mixed_precision):
/scratch/e0538389/DivClust/engine/trainer.py:41: FutureWarning: `torch.cuda.amp.autocast(args...)` is deprecated. Please use `torch.amp.autocast('cuda', args...)` instead.
  with autocast(self.mixed_precision):
[2026-03-30 12:25:04](logger.py 179): id=CC_FMNIST_C10CFG_K20_E100_DT_0_6 | Ep. 67/100 - Step 50/273 (2.33 it/s) |###                 | - loss_cc=4.532 - loss_ce=2.108 - loss_ne=0.0151 - loss_div=0.0003 - threshold=0.725 - loss=6.655
/scratch/e0538389/DivClust/engine/trainer.py:41: FutureWarning: `torch.cuda.amp.autocast(args...)` is deprecated. Please use `torch.amp.autocast('cuda', args...)` instead.
  with autocast(self.mixed_precision):
[2026-03-30 12:25:14](logger.py 179): id=CC_FMNIST_C10CFG_K20_E100_DT_0_6 | Ep. 67/100 - Step 75/273 (2.34 it/s) |#####               | - loss_cc=4.532 - loss_ce=2.108 - loss_ne=0.0157 - loss_div=0.0007 - threshold=0.721 - loss=6.657
/scratch/e0538389/DivClust/engine/trainer.py:41: FutureWarning: `torch.cuda.amp.autocast(args...)` is deprecated. Please use `torch.amp.autocast('cuda', args...)` instead.
  with autocast(self.mixed_precision):
[2026-03-30 12:25:25](logger.py 179): id=CC_FMNIST_C10CFG_K20_E100_DT_0_6 | Ep. 67/100 - Step 100/273 (2.35 it/s) |#######             | - loss_cc=4.531 - loss_ce=2.108 - loss_ne=0.016 - loss_div=0.000667 - threshold=0.718 - loss=6.656
/scratch/e0538389/DivClust/engine/trainer.py:41: FutureWarning: `torch.cuda.amp.autocast(args...)` is deprecated. Please use `torch.amp.autocast('cuda', args...)` instead.
  with autocast(self.mixed_precision):
[2026-03-30 12:25:35](logger.py 179): id=CC_FMNIST_C10CFG_K20_E100_DT_0_6 | Ep. 67/100 - Step 125/273 (2.36 it/s) |#########           | - loss_cc=4.531 - loss_ce=2.108 - loss_ne=0.0161 - loss_div=0.000568 - threshold=0.719 - loss=6.656
/scratch/e0538389/DivClust/engine/trainer.py:41: FutureWarning: `torch.cuda.amp.autocast(args...)` is deprecated. Please use `torch.amp.autocast('cuda', args...)` instead.
  with autocast(self.mixed_precision):
/scratch/e0538389/DivClust/engine/trainer.py:41: FutureWarning: `torch.cuda.amp.autocast(args...)` is deprecated. Please use `torch.amp.autocast('cuda', args...)` instead.
  with autocast(self.mixed_precision):
[2026-03-30 12:25:46](logger.py 179): id=CC_FMNIST_C10CFG_K20_E100_DT_0_6 | Ep. 67/100 - Step 150/273 (2.34 it/s) |##########          | - loss_cc=4.532 - loss_ce=2.109 - loss_ne=0.0163 - loss_div=0.00056 - threshold=0.718 - loss=6.658
/scratch/e0538389/DivClust/engine/trainer.py:41: FutureWarning: `torch.cuda.amp.autocast(args...)` is deprecated. Please use `torch.amp.autocast('cuda', args...)` instead.
  with autocast(self.mixed_precision):
[2026-03-30 12:25:57](logger.py 179): id=CC_FMNIST_C10CFG_K20_E100_DT_0_6 | Ep. 67/100 - Step 175/273 (2.33 it/s) |############        | - loss_cc=4.532 - loss_ce=2.109 - loss_ne=0.0163 - loss_div=0.000676 - threshold=0.716 - loss=6.658
/scratch/e0538389/DivClust/engine/trainer.py:41: FutureWarning: `torch.cuda.amp.autocast(args...)` is deprecated. Please use `torch.amp.autocast('cuda', args...)` instead.
  with autocast(self.mixed_precision):
[2026-03-30 12:26:08](logger.py 179): id=CC_FMNIST_C10CFG_K20_E100_DT_0_6 | Ep. 67/100 - Step 200/273 (2.33 it/s) |##############      | - loss_cc=4.533 - loss_ce=2.109 - loss_ne=0.0164 - loss_div=0.000761 - threshold=0.715 - loss=6.659
/scratch/e0538389/DivClust/engine/trainer.py:41: FutureWarning: `torch.cuda.amp.autocast(args...)` is deprecated. Please use `torch.amp.autocast('cuda', args...)` instead.
  with autocast(self.mixed_precision):
[2026-03-30 12:26:19](logger.py 179): id=CC_FMNIST_C10CFG_K20_E100_DT_0_6 | Ep. 67/100 - Step 225/273 (2.33 it/s) |################    | - loss_cc=4.533 - loss_ce=2.109 - loss_ne=0.0165 - loss_div=0.000719 - threshold=0.714 - loss=6.66
/scratch/e0538389/DivClust/engine/trainer.py:41: FutureWarning: `torch.cuda.amp.autocast(args...)` is deprecated. Please use `torch.amp.autocast('cuda', args...)` instead.
  with autocast(self.mixed_precision):
/scratch/e0538389/DivClust/engine/trainer.py:41: FutureWarning: `torch.cuda.amp.autocast(args...)` is deprecated. Please use `torch.amp.autocast('cuda', args...)` instead.
  with autocast(self.mixed_precision):
[2026-03-30 12:26:30](logger.py 179): id=CC_FMNIST_C10CFG_K20_E100_DT_0_6 | Ep. 67/100 - Step 250/273 (2.32 it/s) |##################  | - loss_cc=4.533 - loss_ce=2.11 - loss_ne=0.0165 - loss_div=0.000665 - threshold=0.715 - loss=6.66
/scratch/e0538389/DivClust/engine/trainer.py:41: FutureWarning: `torch.cuda.amp.autocast(args...)` is deprecated. Please use `torch.amp.autocast('cuda', args...)` instead.
  with autocast(self.mixed_precision):
[2026-03-30 12:26:39](logger.py 179): id=CC_FMNIST_C10CFG_K20_E100_DT_0_6 | Ep. 67/100 | Time: 00:01 | loss_cc=4.534 - loss_ce=2.11 - loss_ne=0.0165 - loss_div=0.000691 - threshold=0.715 - loss=6.661
[2026-03-30 12:26:42](logger.py 179): id=CC_FMNIST_C10CFG_K20_E100_DT_0_6 | Ep. 68/100 - Step 0/273 (0.0 it/s) |                    | - loss_cc=4.504 - loss_ce=2.103 - loss_ne=0.0186 - loss_div=0.000536 - threshold=0.707 - loss=6.626
/scratch/e0538389/DivClust/engine/trainer.py:41: FutureWarning: `torch.cuda.amp.autocast(args...)` is deprecated. Please use `torch.amp.autocast('cuda', args...)` instead.
  with autocast(self.mixed_precision):
[2026-03-30 12:26:53](logger.py 179): id=CC_FMNIST_C10CFG_K20_E100_DT_0_6 | Ep. 68/100 - Step 25/273 (2.32 it/s) |#                   | - loss_cc=4.531 - loss_ce=2.109 - loss_ne=0.0164 - loss_div=0.000477 - threshold=0.71 - loss=6.657
/scratch/e0538389/DivClust/engine/trainer.py:41: FutureWarning: `torch.cuda.amp.autocast(args...)` is deprecated. Please use `torch.amp.autocast('cuda', args...)` instead.
  with autocast(self.mixed_precision):
[2026-03-30 12:27:03](logger.py 179): id=CC_FMNIST_C10CFG_K20_E100_DT_0_6 | Ep. 68/100 - Step 50/273 (2.33 it/s) |###                 | - loss_cc=4.533 - loss_ce=2.11 - loss_ne=0.0168 - loss_div=0.000376 - threshold=0.714 - loss=6.661
/scratch/e0538389/DivClust/engine/trainer.py:41: FutureWarning: `torch.cuda.amp.autocast(args...)` is deprecated. Please use `torch.amp.autocast('cuda', args...)` instead.
  with autocast(self.mixed_precision):
[2026-03-30 12:27:14](logger.py 179): id=CC_FMNIST_C10CFG_K20_E100_DT_0_6 | Ep. 68/100 - Step 75/273 (2.33 it/s) |#####               | - loss_cc=4.53 - loss_ce=2.109 - loss_ne=0.017 - loss_div=0.000508 - threshold=0.715 - loss=6.657
/scratch/e0538389/DivClust/engine/trainer.py:41: FutureWarning: `torch.cuda.amp.autocast(args...)` is deprecated. Please use `torch.amp.autocast('cuda', args...)` instead.
  with autocast(self.mixed_precision):
/scratch/e0538389/DivClust/engine/trainer.py:41: FutureWarning: `torch.cuda.amp.autocast(args...)` is deprecated. Please use `torch.amp.autocast('cuda', args...)` instead.
  with autocast(self.mixed_precision):
[2026-03-30 12:27:25](logger.py 179): id=CC_FMNIST_C10CFG_K20_E100_DT_0_6 | Ep. 68/100 - Step 100/273 (2.3 it/s) |#######             | - loss_cc=4.532 - loss_ce=2.109 - loss_ne=0.0167 - loss_div=0.000403 - threshold=0.717 - loss=6.658
/scratch/e0538389/DivClust/engine/trainer.py:41: FutureWarning: `torch.cuda.amp.autocast(args...)` is deprecated. Please use `torch.amp.autocast('cuda', args...)` instead.
  with autocast(self.mixed_precision):
[2026-03-30 12:27:36](logger.py 179): id=CC_FMNIST_C10CFG_K20_E100_DT_0_6 | Ep. 68/100 - Step 125/273 (2.31 it/s) |#########           | - loss_cc=4.531 - loss_ce=2.109 - loss_ne=0.0167 - loss_div=0.000323 - threshold=0.72 - loss=6.657
/scratch/e0538389/DivClust/engine/trainer.py:41: FutureWarning: `torch.cuda.amp.autocast(args...)` is deprecated. Please use `torch.amp.autocast('cuda', args...)` instead.
  with autocast(self.mixed_precision):
[2026-03-30 12:27:47](logger.py 179): id=CC_FMNIST_C10CFG_K20_E100_DT_0_6 | Ep. 68/100 - Step 150/273 (2.31 it/s) |##########          | - loss_cc=4.53 - loss_ce=2.109 - loss_ne=0.0169 - loss_div=0.000291 - threshold=0.722 - loss=6.656
/scratch/e0538389/DivClust/engine/trainer.py:41: FutureWarning: `torch.cuda.amp.autocast(args...)` is deprecated. Please use `torch.amp.autocast('cuda', args...)` instead.
  with autocast(self.mixed_precision):
[2026-03-30 12:27:57](logger.py 179): id=CC_FMNIST_C10CFG_K20_E100_DT_0_6 | Ep. 68/100 - Step 175/273 (2.32 it/s) |############        | - loss_cc=4.53 - loss_ce=2.109 - loss_ne=0.0168 - loss_div=0.000305 - threshold=0.722 - loss=6.656
/scratch/e0538389/DivClust/engine/trainer.py:41: FutureWarning: `torch.cuda.amp.autocast(args...)` is deprecated. Please use `torch.amp.autocast('cuda', args...)` instead.
  with autocast(self.mixed_precision):
/scratch/e0538389/DivClust/engine/trainer.py:41: FutureWarning: `torch.cuda.amp.autocast(args...)` is deprecated. Please use `torch.amp.autocast('cuda', args...)` instead.
  with autocast(self.mixed_precision):
[2026-03-30 12:28:09](logger.py 179): id=CC_FMNIST_C10CFG_K20_E100_DT_0_6 | Ep. 68/100 - Step 200/273 (2.31 it/s) |##############      | - loss_cc=4.53 - loss_ce=2.109 - loss_ne=0.017 - loss_div=0.000412 - threshold=0.721 - loss=6.656
/scratch/e0538389/DivClust/engine/trainer.py:41: FutureWarning: `torch.cuda.amp.autocast(args...)` is deprecated. Please use `torch.amp.autocast('cuda', args...)` instead.
  with autocast(self.mixed_precision):
[2026-03-30 12:28:19](logger.py 179): id=CC_FMNIST_C10CFG_K20_E100_DT_0_6 | Ep. 68/100 - Step 225/273 (2.31 it/s) |################    | - loss_cc=4.531 - loss_ce=2.109 - loss_ne=0.0171 - loss_div=0.000478 - threshold=0.719 - loss=6.658
/scratch/e0538389/DivClust/engine/trainer.py:41: FutureWarning: `torch.cuda.amp.autocast(args...)` is deprecated. Please use `torch.amp.autocast('cuda', args...)` instead.
  with autocast(self.mixed_precision):
[2026-03-30 12:28:30](logger.py 179): id=CC_FMNIST_C10CFG_K20_E100_DT_0_6 | Ep. 68/100 - Step 250/273 (2.31 it/s) |##################  | - loss_cc=4.531 - loss_ce=2.109 - loss_ne=0.017 - loss_div=0.00044 - threshold=0.719 - loss=6.657
/scratch/e0538389/DivClust/engine/trainer.py:41: FutureWarning: `torch.cuda.amp.autocast(args...)` is deprecated. Please use `torch.amp.autocast('cuda', args...)` instead.
  with autocast(self.mixed_precision):
[2026-03-30 12:28:40](logger.py 179): id=CC_FMNIST_C10CFG_K20_E100_DT_0_6 | Ep. 68/100 | Time: 00:01 | loss_cc=4.53 - loss_ce=2.109 - loss_ne=0.017 - loss_div=0.00044 - threshold=0.719 - loss=6.656
[2026-03-30 12:28:42](logger.py 179): id=CC_FMNIST_C10CFG_K20_E100_DT_0_6 | Ep. 69/100 - Step 0/273 (0.0 it/s) |                    | - loss_cc=4.553 - loss_ce=2.118 - loss_ne=0.0192 - loss_div=0.000896 - threshold=0.714 - loss=6.691
/scratch/e0538389/DivClust/engine/trainer.py:41: FutureWarning: `torch.cuda.amp.autocast(args...)` is deprecated. Please use `torch.amp.autocast('cuda', args...)` instead.
  with autocast(self.mixed_precision):
/scratch/e0538389/DivClust/engine/trainer.py:41: FutureWarning: `torch.cuda.amp.autocast(args...)` is deprecated. Please use `torch.amp.autocast('cuda', args...)` instead.
  with autocast(self.mixed_precision):
[2026-03-30 12:28:54](logger.py 179): id=CC_FMNIST_C10CFG_K20_E100_DT_0_6 | Ep. 69/100 - Step 25/273 (2.21 it/s) |#                   | - loss_cc=4.535 - loss_ce=2.111 - loss_ne=0.0152 - loss_div=0.00104 - threshold=0.707 - loss=6.663
/scratch/e0538389/DivClust/engine/trainer.py:41: FutureWarning: `torch.cuda.amp.autocast(args...)` is deprecated. Please use `torch.amp.autocast('cuda', args...)` instead.
  with autocast(self.mixed_precision):
[2026-03-30 12:29:04](logger.py 179): id=CC_FMNIST_C10CFG_K20_E100_DT_0_6 | Ep. 69/100 - Step 50/273 (2.26 it/s) |###                 | - loss_cc=4.537 - loss_ce=2.111 - loss_ne=0.0156 - loss_div=0.000939 - threshold=0.704 - loss=6.664
/scratch/e0538389/DivClust/engine/trainer.py:41: FutureWarning: `torch.cuda.amp.autocast(args...)` is deprecated. Please use `torch.amp.autocast('cuda', args...)` instead.
  with autocast(self.mixed_precision):
[2026-03-30 12:29:15](logger.py 179): id=CC_FMNIST_C10CFG_K20_E100_DT_0_6 | Ep. 69/100 - Step 75/273 (2.28 it/s) |#####               | - loss_cc=4.537 - loss_ce=2.111 - loss_ne=0.0163 - loss_div=0.000728 - threshold=0.706 - loss=6.665
/scratch/e0538389/DivClust/engine/trainer.py:41: FutureWarning: `torch.cuda.amp.autocast(args...)` is deprecated. Please use `torch.amp.autocast('cuda', args...)` instead.
  with autocast(self.mixed_precision):
[2026-03-30 12:29:26](logger.py 179): id=CC_FMNIST_C10CFG_K20_E100_DT_0_6 | Ep. 69/100 - Step 100/273 (2.29 it/s) |#######             | - loss_cc=4.535 - loss_ce=2.11 - loss_ne=0.0159 - loss_div=0.000598 - threshold=0.709 - loss=6.662
/scratch/e0538389/DivClust/engine/trainer.py:41: FutureWarning: `torch.cuda.amp.autocast(args...)` is deprecated. Please use `torch.amp.autocast('cuda', args...)` instead.
  with autocast(self.mixed_precision):
/scratch/e0538389/DivClust/engine/trainer.py:41: FutureWarning: `torch.cuda.amp.autocast(args...)` is deprecated. Please use `torch.amp.autocast('cuda', args...)` instead.
  with autocast(self.mixed_precision):
[2026-03-30 12:29:37](logger.py 179): id=CC_FMNIST_C10CFG_K20_E100_DT_0_6 | Ep. 69/100 - Step 125/273 (2.29 it/s) |#########           | - loss_cc=4.535 - loss_ce=2.11 - loss_ne=0.0162 - loss_div=0.00057 - threshold=0.711 - loss=6.662
/scratch/e0538389/DivClust/engine/trainer.py:41: FutureWarning: `torch.cuda.amp.autocast(args...)` is deprecated. Please use `torch.amp.autocast('cuda', args...)` instead.
  with autocast(self.mixed_precision):
[2026-03-30 12:29:48](logger.py 179): id=CC_FMNIST_C10CFG_K20_E100_DT_0_6 | Ep. 69/100 - Step 150/273 (2.29 it/s) |##########          | - loss_cc=4.533 - loss_ce=2.11 - loss_ne=0.0161 - loss_div=0.000498 - threshold=0.713 - loss=6.66
/scratch/e0538389/DivClust/engine/trainer.py:41: FutureWarning: `torch.cuda.amp.autocast(args...)` is deprecated. Please use `torch.amp.autocast('cuda', args...)` instead.
  with autocast(self.mixed_precision):
[2026-03-30 12:29:58](logger.py 179): id=CC_FMNIST_C10CFG_K20_E100_DT_0_6 | Ep. 69/100 - Step 175/273 (2.3 it/s) |############        | - loss_cc=4.534 - loss_ce=2.11 - loss_ne=0.0162 - loss_div=0.000494 - threshold=0.714 - loss=6.661
/scratch/e0538389/DivClust/engine/trainer.py:41: FutureWarning: `torch.cuda.amp.autocast(args...)` is deprecated. Please use `torch.amp.autocast('cuda', args...)` instead.
  with autocast(self.mixed_precision):
[2026-03-30 12:30:09](logger.py 179): id=CC_FMNIST_C10CFG_K20_E100_DT_0_6 | Ep. 69/100 - Step 200/273 (2.3 it/s) |##############      | - loss_cc=4.533 - loss_ce=2.11 - loss_ne=0.0163 - loss_div=0.000517 - threshold=0.714 - loss=6.66
/scratch/e0538389/DivClust/engine/trainer.py:41: FutureWarning: `torch.cuda.amp.autocast(args...)` is deprecated. Please use `torch.amp.autocast('cuda', args...)` instead.
  with autocast(self.mixed_precision):
/scratch/e0538389/DivClust/engine/trainer.py:41: FutureWarning: `torch.cuda.amp.autocast(args...)` is deprecated. Please use `torch.amp.autocast('cuda', args...)` instead.
  with autocast(self.mixed_precision):
[2026-03-30 12:30:20](logger.py 179): id=CC_FMNIST_C10CFG_K20_E100_DT_0_6 | Ep. 69/100 - Step 225/273 (2.3 it/s) |################    | - loss_cc=4.533 - loss_ce=2.109 - loss_ne=0.0161 - loss_div=0.000615 - threshold=0.714 - loss=6.659
/scratch/e0538389/DivClust/engine/trainer.py:41: FutureWarning: `torch.cuda.amp.autocast(args...)` is deprecated. Please use `torch.amp.autocast('cuda', args...)` instead.
  with autocast(self.mixed_precision):
[2026-03-30 12:30:31](logger.py 179): id=CC_FMNIST_C10CFG_K20_E100_DT_0_6 | Ep. 69/100 - Step 250/273 (2.3 it/s) |##################  | - loss_cc=4.533 - loss_ce=2.109 - loss_ne=0.0161 - loss_div=0.000667 - threshold=0.712 - loss=6.659
/scratch/e0538389/DivClust/engine/trainer.py:41: FutureWarning: `torch.cuda.amp.autocast(args...)` is deprecated. Please use `torch.amp.autocast('cuda', args...)` instead.
  with autocast(self.mixed_precision):
[2026-03-30 12:30:40](logger.py 179): id=CC_FMNIST_C10CFG_K20_E100_DT_0_6 | Ep. 69/100 | Time: 00:01 | loss_cc=4.532 - loss_ce=2.109 - loss_ne=0.0161 - loss_div=0.000644 - threshold=0.712 - loss=6.658
[2026-03-30 12:30:42](logger.py 179): id=CC_FMNIST_C10CFG_K20_E100_DT_0_6 | Ep. 70/100 - Step 0/273 (0.0 it/s) |                    | - loss_cc=4.508 - loss_ce=2.105 - loss_ne=0.0125 - loss_div=0.0 - threshold=0.713 - loss=6.625
/scratch/e0538389/DivClust/engine/trainer.py:41: FutureWarning: `torch.cuda.amp.autocast(args...)` is deprecated. Please use `torch.amp.autocast('cuda', args...)` instead.
  with autocast(self.mixed_precision):
[2026-03-30 12:30:53](logger.py 179): id=CC_FMNIST_C10CFG_K20_E100_DT_0_6 | Ep. 70/100 - Step 25/273 (2.26 it/s) |#                   | - loss_cc=4.531 - loss_ce=2.109 - loss_ne=0.0174 - loss_div=0.000182 - threshold=0.718 - loss=6.657
/scratch/e0538389/DivClust/engine/trainer.py:41: FutureWarning: `torch.cuda.amp.autocast(args...)` is deprecated. Please use `torch.amp.autocast('cuda', args...)` instead.
  with autocast(self.mixed_precision):
[2026-03-30 12:31:04](logger.py 179): id=CC_FMNIST_C10CFG_K20_E100_DT_0_6 | Ep. 70/100 - Step 50/273 (2.26 it/s) |###                 | - loss_cc=4.531 - loss_ce=2.109 - loss_ne=0.0166 - loss_div=0.000135 - threshold=0.722 - loss=6.656
/scratch/e0538389/DivClust/engine/trainer.py:41: FutureWarning: `torch.cuda.amp.autocast(args...)` is deprecated. Please use `torch.amp.autocast('cuda', args...)` instead.
  with autocast(self.mixed_precision):
/scratch/e0538389/DivClust/engine/trainer.py:41: FutureWarning: `torch.cuda.amp.autocast(args...)` is deprecated. Please use `torch.amp.autocast('cuda', args...)` instead.
  with autocast(self.mixed_precision):
[2026-03-30 12:31:15](logger.py 179): id=CC_FMNIST_C10CFG_K20_E100_DT_0_6 | Ep. 70/100 - Step 75/273 (2.28 it/s) |#####               | - loss_cc=4.531 - loss_ce=2.109 - loss_ne=0.0169 - loss_div=0.000121 - threshold=0.726 - loss=6.657
/scratch/e0538389/DivClust/engine/trainer.py:41: FutureWarning: `torch.cuda.amp.autocast(args...)` is deprecated. Please use `torch.amp.autocast('cuda', args...)` instead.
  with autocast(self.mixed_precision):
[2026-03-30 12:31:26](logger.py 179): id=CC_FMNIST_C10CFG_K20_E100_DT_0_6 | Ep. 70/100 - Step 100/273 (2.29 it/s) |#######             | - loss_cc=4.531 - loss_ce=2.108 - loss_ne=0.0162 - loss_div=0.000179 - threshold=0.726 - loss=6.655
/scratch/e0538389/DivClust/engine/trainer.py:41: FutureWarning: `torch.cuda.amp.autocast(args...)` is deprecated. Please use `torch.amp.autocast('cuda', args...)` instead.
  with autocast(self.mixed_precision):
[2026-03-30 12:31:37](logger.py 179): id=CC_FMNIST_C10CFG_K20_E100_DT_0_6 | Ep. 70/100 - Step 125/273 (2.29 it/s) |#########           | - loss_cc=4.53 - loss_ce=2.108 - loss_ne=0.0163 - loss_div=0.000333 - threshold=0.724 - loss=6.655
/scratch/e0538389/DivClust/engine/trainer.py:41: FutureWarning: `torch.cuda.amp.autocast(args...)` is deprecated. Please use `torch.amp.autocast('cuda', args...)` instead.
  with autocast(self.mixed_precision):
[2026-03-30 12:31:48](logger.py 179): id=CC_FMNIST_C10CFG_K20_E100_DT_0_6 | Ep. 70/100 - Step 150/273 (2.28 it/s) |##########          | - loss_cc=4.53 - loss_ce=2.108 - loss_ne=0.0163 - loss_div=0.000365 - threshold=0.721 - loss=6.655
/scratch/e0538389/DivClust/engine/trainer.py:41: FutureWarning: `torch.cuda.amp.autocast(args...)` is deprecated. Please use `torch.amp.autocast('cuda', args...)` instead.
  with autocast(self.mixed_precision):
/scratch/e0538389/DivClust/engine/trainer.py:41: FutureWarning: `torch.cuda.amp.autocast(args...)` is deprecated. Please use `torch.amp.autocast('cuda', args...)` instead.
  with autocast(self.mixed_precision):
[2026-03-30 12:31:59](logger.py 179): id=CC_FMNIST_C10CFG_K20_E100_DT_0_6 | Ep. 70/100 - Step 175/273 (2.29 it/s) |############        | - loss_cc=4.53 - loss_ce=2.108 - loss_ne=0.0163 - loss_div=0.000372 - threshold=0.72 - loss=6.655
/scratch/e0538389/DivClust/engine/trainer.py:41: FutureWarning: `torch.cuda.amp.autocast(args...)` is deprecated. Please use `torch.amp.autocast('cuda', args...)` instead.
  with autocast(self.mixed_precision):
[2026-03-30 12:32:10](logger.py 179): id=CC_FMNIST_C10CFG_K20_E100_DT_0_6 | Ep. 70/100 - Step 200/273 (2.29 it/s) |##############      | - loss_cc=4.53 - loss_ce=2.108 - loss_ne=0.0162 - loss_div=0.000337 - threshold=0.721 - loss=6.655
/scratch/e0538389/DivClust/engine/trainer.py:41: FutureWarning: `torch.cuda.amp.autocast(args...)` is deprecated. Please use `torch.amp.autocast('cuda', args...)` instead.
  with autocast(self.mixed_precision):
[2026-03-30 12:32:20](logger.py 179): id=CC_FMNIST_C10CFG_K20_E100_DT_0_6 | Ep. 70/100 - Step 225/273 (2.3 it/s) |################    | - loss_cc=4.531 - loss_ce=2.109 - loss_ne=0.016 - loss_div=0.000305 - threshold=0.722 - loss=6.656
/scratch/e0538389/DivClust/engine/trainer.py:41: FutureWarning: `torch.cuda.amp.autocast(args...)` is deprecated. Please use `torch.amp.autocast('cuda', args...)` instead.
  with autocast(self.mixed_precision):
[2026-03-30 12:32:32](logger.py 179): id=CC_FMNIST_C10CFG_K20_E100_DT_0_6 | Ep. 70/100 - Step 250/273 (2.29 it/s) |##################  | - loss_cc=4.531 - loss_ce=2.109 - loss_ne=0.0162 - loss_div=0.000313 - threshold=0.722 - loss=6.657
/scratch/e0538389/DivClust/engine/trainer.py:41: FutureWarning: `torch.cuda.amp.autocast(args...)` is deprecated. Please use `torch.amp.autocast('cuda', args...)` instead.
  with autocast(self.mixed_precision):
/scratch/e0538389/DivClust/engine/trainer.py:41: FutureWarning: `torch.cuda.amp.autocast(args...)` is deprecated. Please use `torch.amp.autocast('cuda', args...)` instead.
  with autocast(self.mixed_precision):
[2026-03-30 12:32:41](logger.py 179): Evaluating
[2026-03-30 12:32:42](logger.py 179): Eval. step 0 of 274
[2026-03-30 12:32:44](logger.py 179): Eval. step 25 of 274
[2026-03-30 12:32:46](logger.py 179): Eval. step 50 of 274
[2026-03-30 12:32:48](logger.py 179): Eval. step 75 of 274
[2026-03-30 12:32:51](logger.py 179): Eval. step 100 of 274
[2026-03-30 12:32:53](logger.py 179): Eval. step 125 of 274
[2026-03-30 12:32:55](logger.py 179): Eval. step 150 of 274
[2026-03-30 12:32:58](logger.py 179): Eval. step 175 of 274
[2026-03-30 12:33:00](logger.py 179): Eval. step 200 of 274
[2026-03-30 12:33:02](logger.py 179): Eval. step 225 of 274
[2026-03-30 12:33:05](logger.py 179): Eval. step 250 of 274
[2026-03-30 12:33:09](logger.py 179): id=CC_FMNIST_C10CFG_K20_E100_DT_0_6 | Ep. 70/100 | Time: 00:02 | loss_cc=4.532 - loss_ce=2.109 - loss_ne=0.0163 - loss_div=0.000323 - threshold=0.722 - loss=6.657 - eval_confidence=0.898 - cluster_acc_0_eval=41.69 - cluster_nmi_0_eval=0.473 - cluster_ari_0_eval=0.307 - cluster_acc_1_eval=50.1 - cluster_nmi_1_eval=0.499 - cluster_ari_1_eval=0.343 - cluster_acc_2_eval=48.83 - cluster_nmi_2_eval=0.532 - cluster_ari_2_eval=0.361 - cluster_acc_3_eval=48.53 - cluster_nmi_3_eval=0.504 - cluster_ari_3_eval=0.344 - cluster_acc_4_eval=54.56 - cluster_nmi_4_eval=0.552 - cluster_ari_4_eval=0.404 - cluster_acc_5_eval=65.53 - cluster_nmi_5_eval=0.627 - cluster_ari_5_eval=0.522 - cluster_acc_6_eval=55.32 - cluster_nmi_6_eval=0.566 - cluster_ari_6_eval=0.423 - cluster_acc_7_eval=58.7 - cluster_nmi_7_eval=0.575 - cluster_ari_7_eval=0.464 - cluster_acc_8_eval=57.09 - cluster_nmi_8_eval=0.535 - cluster_ari_8_eval=0.418 - cluster_acc_9_eval=56.86 - cluster_nmi_9_eval=0.576 - cluster_ari_9_eval=0.436 - cluster_acc_10_eval=51.95 - cluster_nmi_10_eval=0.535 - cluster_ari_10_eval=0.385 - cluster_acc_11_eval=51.22 - cluster_nmi_11_eval=0.533 - cluster_ari_11_eval=0.383 - cluster_acc_12_eval=52.04 - cluster_nmi_12_eval=0.542 - cluster_ari_12_eval=0.41 - cluster_acc_13_eval=58.03 - cluster_nmi_13_eval=0.551 - cluster_ari_13_eval=0.432 - cluster_acc_14_eval=53.78 - cluster_nmi_14_eval=0.556 - cluster_ari_14_eval=0.4 - cluster_acc_15_eval=56.21 - cluster_nmi_15_eval=0.546 - cluster_ari_15_eval=0.404 - cluster_acc_16_eval=56.29 - cluster_nmi_16_eval=0.552 - cluster_ari_16_eval=0.428 - cluster_acc_17_eval=52.21 - cluster_nmi_17_eval=0.56 - cluster_ari_17_eval=0.4 - cluster_acc_18_eval=55.54 - cluster_nmi_18_eval=0.544 - cluster_ari_18_eval=0.408 - cluster_acc_19_eval=57.71 - cluster_nmi_19_eval=0.557 - cluster_ari_19_eval=0.424 - max_cluster_acc_eval=65.53 - mean_cluster_acc_eval=54.11 - min_cluster_acc_eval=41.69 - max_cluster_nmi_eval=0.627 - mean_cluster_nmi_eval=0.546 - min_cluster_nmi_eval=0.473 - max_cluster_ari_eval=0.522 - mean_cluster_ari_eval=0.405 - min_cluster_ari_eval=0.307 - interclustering_nmi_eval=0.602
/scratch/e0538389/DivClust/engine/trainer.py:41: FutureWarning: `torch.cuda.amp.autocast(args...)` is deprecated. Please use `torch.amp.autocast('cuda', args...)` instead.
  with autocast(self.mixed_precision):
[2026-03-30 12:33:11](logger.py 179): id=CC_FMNIST_C10CFG_K20_E100_DT_0_6 | Ep. 71/100 - Step 0/273 (0.0 it/s) |                    | - loss_cc=4.547 - loss_ce=2.109 - loss_ne=0.00836 - loss_div=0.0 - threshold=0.713 - loss=6.665
/scratch/e0538389/DivClust/engine/trainer.py:41: FutureWarning: `torch.cuda.amp.autocast(args...)` is deprecated. Please use `torch.amp.autocast('cuda', args...)` instead.
  with autocast(self.mixed_precision):
[2026-03-30 12:33:22](logger.py 179): id=CC_FMNIST_C10CFG_K20_E100_DT_0_6 | Ep. 71/100 - Step 25/273 (2.32 it/s) |#                   | - loss_cc=4.54 - loss_ce=2.112 - loss_ne=0.0149 - loss_div=0.000959 - threshold=0.71 - loss=6.668
/scratch/e0538389/DivClust/engine/trainer.py:41: FutureWarning: `torch.cuda.amp.autocast(args...)` is deprecated. Please use `torch.amp.autocast('cuda', args...)` instead.
  with autocast(self.mixed_precision):
[2026-03-30 12:33:33](logger.py 179): id=CC_FMNIST_C10CFG_K20_E100_DT_0_6 | Ep. 71/100 - Step 50/273 (2.32 it/s) |###                 | - loss_cc=4.534 - loss_ce=2.11 - loss_ne=0.0151 - loss_div=0.00106 - threshold=0.706 - loss=6.66
/scratch/e0538389/DivClust/engine/trainer.py:41: FutureWarning: `torch.cuda.amp.autocast(args...)` is deprecated. Please use `torch.amp.autocast('cuda', args...)` instead.
  with autocast(self.mixed_precision):
[2026-03-30 12:33:43](logger.py 179): id=CC_FMNIST_C10CFG_K20_E100_DT_0_6 | Ep. 71/100 - Step 75/273 (2.32 it/s) |#####               | - loss_cc=4.531 - loss_ce=2.109 - loss_ne=0.0149 - loss_div=0.00109 - threshold=0.706 - loss=6.656
/scratch/e0538389/DivClust/engine/trainer.py:41: FutureWarning: `torch.cuda.amp.autocast(args...)` is deprecated. Please use `torch.amp.autocast('cuda', args...)` instead.
  with autocast(self.mixed_precision):
/scratch/e0538389/DivClust/engine/trainer.py:41: FutureWarning: `torch.cuda.amp.autocast(args...)` is deprecated. Please use `torch.amp.autocast('cuda', args...)` instead.
  with autocast(self.mixed_precision):
[2026-03-30 12:33:55](logger.py 179): id=CC_FMNIST_C10CFG_K20_E100_DT_0_6 | Ep. 71/100 - Step 100/273 (2.3 it/s) |#######             | - loss_cc=4.529 - loss_ce=2.109 - loss_ne=0.0153 - loss_div=0.000839 - threshold=0.708 - loss=6.654
/scratch/e0538389/DivClust/engine/trainer.py:41: FutureWarning: `torch.cuda.amp.autocast(args...)` is deprecated. Please use `torch.amp.autocast('cuda', args...)` instead.
  with autocast(self.mixed_precision):
[2026-03-30 12:34:05](logger.py 179): id=CC_FMNIST_C10CFG_K20_E100_DT_0_6 | Ep. 71/100 - Step 125/273 (2.3 it/s) |#########           | - loss_cc=4.528 - loss_ce=2.108 - loss_ne=0.0156 - loss_div=0.000728 - threshold=0.709 - loss=6.653
/scratch/e0538389/DivClust/engine/trainer.py:41: FutureWarning: `torch.cuda.amp.autocast(args...)` is deprecated. Please use `torch.amp.autocast('cuda', args...)` instead.
  with autocast(self.mixed_precision):
[2026-03-30 12:34:16](logger.py 179): id=CC_FMNIST_C10CFG_K20_E100_DT_0_6 | Ep. 71/100 - Step 150/273 (2.32 it/s) |##########          | - loss_cc=4.529 - loss_ce=2.109 - loss_ne=0.0156 - loss_div=0.000651 - threshold=0.711 - loss=6.654
/scratch/e0538389/DivClust/engine/trainer.py:41: FutureWarning: `torch.cuda.amp.autocast(args...)` is deprecated. Please use `torch.amp.autocast('cuda', args...)` instead.
  with autocast(self.mixed_precision):
[2026-03-30 12:34:26](logger.py 179): id=CC_FMNIST_C10CFG_K20_E100_DT_0_6 | Ep. 71/100 - Step 175/273 (2.32 it/s) |############        | - loss_cc=4.528 - loss_ce=2.108 - loss_ne=0.0156 - loss_div=0.000569 - threshold=0.713 - loss=6.653
/scratch/e0538389/DivClust/engine/trainer.py:41: FutureWarning: `torch.cuda.amp.autocast(args...)` is deprecated. Please use `torch.amp.autocast('cuda', args...)` instead.
  with autocast(self.mixed_precision):
/scratch/e0538389/DivClust/engine/trainer.py:41: FutureWarning: `torch.cuda.amp.autocast(args...)` is deprecated. Please use `torch.amp.autocast('cuda', args...)` instead.
  with autocast(self.mixed_precision):
[2026-03-30 12:34:38](logger.py 179): id=CC_FMNIST_C10CFG_K20_E100_DT_0_6 | Ep. 71/100 - Step 200/273 (2.31 it/s) |##############      | - loss_cc=4.529 - loss_ce=2.108 - loss_ne=0.0158 - loss_div=0.000549 - threshold=0.714 - loss=6.654
/scratch/e0538389/DivClust/engine/trainer.py:41: FutureWarning: `torch.cuda.amp.autocast(args...)` is deprecated. Please use `torch.amp.autocast('cuda', args...)` instead.
  with autocast(self.mixed_precision):
[2026-03-30 12:34:48](logger.py 179): id=CC_FMNIST_C10CFG_K20_E100_DT_0_6 | Ep. 71/100 - Step 225/273 (2.31 it/s) |################    | - loss_cc=4.529 - loss_ce=2.109 - loss_ne=0.0156 - loss_div=0.000662 - threshold=0.713 - loss=6.654
/scratch/e0538389/DivClust/engine/trainer.py:41: FutureWarning: `torch.cuda.amp.autocast(args...)` is deprecated. Please use `torch.amp.autocast('cuda', args...)` instead.
  with autocast(self.mixed_precision):
[2026-03-30 12:34:59](logger.py 179): id=CC_FMNIST_C10CFG_K20_E100_DT_0_6 | Ep. 71/100 - Step 250/273 (2.31 it/s) |##################  | - loss_cc=4.529 - loss_ce=2.108 - loss_ne=0.0156 - loss_div=0.000663 - threshold=0.713 - loss=6.653
/scratch/e0538389/DivClust/engine/trainer.py:41: FutureWarning: `torch.cuda.amp.autocast(args...)` is deprecated. Please use `torch.amp.autocast('cuda', args...)` instead.
  with autocast(self.mixed_precision):
[2026-03-30 12:35:09](logger.py 179): id=CC_FMNIST_C10CFG_K20_E100_DT_0_6 | Ep. 71/100 | Time: 00:01 | loss_cc=4.53 - loss_ce=2.108 - loss_ne=0.0156 - loss_div=0.000623 - threshold=0.713 - loss=6.654
[2026-03-30 12:35:11](logger.py 179): id=CC_FMNIST_C10CFG_K20_E100_DT_0_6 | Ep. 72/100 - Step 0/273 (0.0 it/s) |                    | - loss_cc=4.545 - loss_ce=2.113 - loss_ne=0.0163 - loss_div=0.000473 - threshold=0.72 - loss=6.675
/scratch/e0538389/DivClust/engine/trainer.py:41: FutureWarning: `torch.cuda.amp.autocast(args...)` is deprecated. Please use `torch.amp.autocast('cuda', args...)` instead.
  with autocast(self.mixed_precision):
/scratch/e0538389/DivClust/engine/trainer.py:41: FutureWarning: `torch.cuda.amp.autocast(args...)` is deprecated. Please use `torch.amp.autocast('cuda', args...)` instead.
  with autocast(self.mixed_precision):
[2026-03-30 12:35:22](logger.py 179): id=CC_FMNIST_C10CFG_K20_E100_DT_0_6 | Ep. 72/100 - Step 25/273 (2.23 it/s) |#                   | - loss_cc=4.524 - loss_ce=2.106 - loss_ne=0.0176 - loss_div=0.000573 - threshold=0.714 - loss=6.648
/scratch/e0538389/DivClust/engine/trainer.py:41: FutureWarning: `torch.cuda.amp.autocast(args...)` is deprecated. Please use `torch.amp.autocast('cuda', args...)` instead.
  with autocast(self.mixed_precision):
[2026-03-30 12:35:33](logger.py 179): id=CC_FMNIST_C10CFG_K20_E100_DT_0_6 | Ep. 72/100 - Step 50/273 (2.27 it/s) |###                 | - loss_cc=4.526 - loss_ce=2.107 - loss_ne=0.0158 - loss_div=0.000317 - threshold=0.718 - loss=6.649
/scratch/e0538389/DivClust/engine/trainer.py:41: FutureWarning: `torch.cuda.amp.autocast(args...)` is deprecated. Please use `torch.amp.autocast('cuda', args...)` instead.
  with autocast(self.mixed_precision):
[2026-03-30 12:35:43](logger.py 179): id=CC_FMNIST_C10CFG_K20_E100_DT_0_6 | Ep. 72/100 - Step 75/273 (2.28 it/s) |#####               | - loss_cc=4.528 - loss_ce=2.107 - loss_ne=0.0164 - loss_div=0.000281 - threshold=0.72 - loss=6.652
/scratch/e0538389/DivClust/engine/trainer.py:41: FutureWarning: `torch.cuda.amp.autocast(args...)` is deprecated. Please use `torch.amp.autocast('cuda', args...)` instead.
  with autocast(self.mixed_precision):
[2026-03-30 12:35:54](logger.py 179): id=CC_FMNIST_C10CFG_K20_E100_DT_0_6 | Ep. 72/100 - Step 100/273 (2.3 it/s) |#######             | - loss_cc=4.527 - loss_ce=2.107 - loss_ne=0.0165 - loss_div=0.000472 - threshold=0.718 - loss=6.651
/scratch/e0538389/DivClust/engine/trainer.py:41: FutureWarning: `torch.cuda.amp.autocast(args...)` is deprecated. Please use `torch.amp.autocast('cuda', args...)` instead.
  with autocast(self.mixed_precision):
/scratch/e0538389/DivClust/engine/trainer.py:41: FutureWarning: `torch.cuda.amp.autocast(args...)` is deprecated. Please use `torch.amp.autocast('cuda', args...)` instead.
  with autocast(self.mixed_precision):
[2026-03-30 12:36:05](logger.py 179): id=CC_FMNIST_C10CFG_K20_E100_DT_0_6 | Ep. 72/100 - Step 125/273 (2.3 it/s) |#########           | - loss_cc=4.526 - loss_ce=2.107 - loss_ne=0.0167 - loss_div=0.000497 - threshold=0.716 - loss=6.651
/scratch/e0538389/DivClust/engine/trainer.py:41: FutureWarning: `torch.cuda.amp.autocast(args...)` is deprecated. Please use `torch.amp.autocast('cuda', args...)` instead.
  with autocast(self.mixed_precision):
[2026-03-30 12:36:16](logger.py 179): id=CC_FMNIST_C10CFG_K20_E100_DT_0_6 | Ep. 72/100 - Step 150/273 (2.31 it/s) |##########          | - loss_cc=4.527 - loss_ce=2.108 - loss_ne=0.0169 - loss_div=0.000496 - threshold=0.716 - loss=6.652
/scratch/e0538389/DivClust/engine/trainer.py:41: FutureWarning: `torch.cuda.amp.autocast(args...)` is deprecated. Please use `torch.amp.autocast('cuda', args...)` instead.
  with autocast(self.mixed_precision):
[2026-03-30 12:36:26](logger.py 179): id=CC_FMNIST_C10CFG_K20_E100_DT_0_6 | Ep. 72/100 - Step 175/273 (2.31 it/s) |############        | - loss_cc=4.527 - loss_ce=2.108 - loss_ne=0.017 - loss_div=0.000429 - threshold=0.717 - loss=6.652
/scratch/e0538389/DivClust/engine/trainer.py:41: FutureWarning: `torch.cuda.amp.autocast(args...)` is deprecated. Please use `torch.amp.autocast('cuda', args...)` instead.
  with autocast(self.mixed_precision):
[2026-03-30 12:36:37](logger.py 179): id=CC_FMNIST_C10CFG_K20_E100_DT_0_6 | Ep. 72/100 - Step 200/273 (2.31 it/s) |##############      | - loss_cc=4.527 - loss_ce=2.108 - loss_ne=0.0169 - loss_div=0.000423 - threshold=0.717 - loss=6.653
/scratch/e0538389/DivClust/engine/trainer.py:41: FutureWarning: `torch.cuda.amp.autocast(args...)` is deprecated. Please use `torch.amp.autocast('cuda', args...)` instead.
  with autocast(self.mixed_precision):
/scratch/e0538389/DivClust/engine/trainer.py:41: FutureWarning: `torch.cuda.amp.autocast(args...)` is deprecated. Please use `torch.amp.autocast('cuda', args...)` instead.
  with autocast(self.mixed_precision):
[2026-03-30 12:36:48](logger.py 179): id=CC_FMNIST_C10CFG_K20_E100_DT_0_6 | Ep. 72/100 - Step 225/273 (2.3 it/s) |################    | - loss_cc=4.526 - loss_ce=2.108 - loss_ne=0.0169 - loss_div=0.000494 - threshold=0.717 - loss=6.651
/scratch/e0538389/DivClust/engine/trainer.py:41: FutureWarning: `torch.cuda.amp.autocast(args...)` is deprecated. Please use `torch.amp.autocast('cuda', args...)` instead.
  with autocast(self.mixed_precision):
[2026-03-30 12:36:59](logger.py 179): id=CC_FMNIST_C10CFG_K20_E100_DT_0_6 | Ep. 72/100 - Step 250/273 (2.3 it/s) |##################  | - loss_cc=4.526 - loss_ce=2.108 - loss_ne=0.017 - loss_div=0.000595 - threshold=0.715 - loss=6.651
/scratch/e0538389/DivClust/engine/trainer.py:41: FutureWarning: `torch.cuda.amp.autocast(args...)` is deprecated. Please use `torch.amp.autocast('cuda', args...)` instead.
  with autocast(self.mixed_precision):
[2026-03-30 12:37:09](logger.py 179): id=CC_FMNIST_C10CFG_K20_E100_DT_0_6 | Ep. 72/100 | Time: 00:01 | loss_cc=4.526 - loss_ce=2.108 - loss_ne=0.017 - loss_div=0.000607 - threshold=0.714 - loss=6.651
[2026-03-30 12:37:11](logger.py 179): id=CC_FMNIST_C10CFG_K20_E100_DT_0_6 | Ep. 73/100 - Step 0/273 (0.0 it/s) |                    | - loss_cc=4.543 - loss_ce=2.106 - loss_ne=0.012 - loss_div=0.0 - threshold=0.705 - loss=6.661
/scratch/e0538389/DivClust/engine/trainer.py:41: FutureWarning: `torch.cuda.amp.autocast(args...)` is deprecated. Please use `torch.amp.autocast('cuda', args...)` instead.
  with autocast(self.mixed_precision):
[2026-03-30 12:37:21](logger.py 179): id=CC_FMNIST_C10CFG_K20_E100_DT_0_6 | Ep. 73/100 - Step 25/273 (2.32 it/s) |#                   | - loss_cc=4.53 - loss_ce=2.109 - loss_ne=0.0179 - loss_div=0.000313 - threshold=0.709 - loss=6.657
/scratch/e0538389/DivClust/engine/trainer.py:41: FutureWarning: `torch.cuda.amp.autocast(args...)` is deprecated. Please use `torch.amp.autocast('cuda', args...)` instead.
  with autocast(self.mixed_precision):
[2026-03-30 12:37:32](logger.py 179): id=CC_FMNIST_C10CFG_K20_E100_DT_0_6 | Ep. 73/100 - Step 50/273 (2.32 it/s) |###                 | - loss_cc=4.532 - loss_ce=2.11 - loss_ne=0.017 - loss_div=0.000217 - threshold=0.713 - loss=6.659
/scratch/e0538389/DivClust/engine/trainer.py:41: FutureWarning: `torch.cuda.amp.autocast(args...)` is deprecated. Please use `torch.amp.autocast('cuda', args...)` instead.
  with autocast(self.mixed_precision):
/scratch/e0538389/DivClust/engine/trainer.py:41: FutureWarning: `torch.cuda.amp.autocast(args...)` is deprecated. Please use `torch.amp.autocast('cuda', args...)` instead.
  with autocast(self.mixed_precision):
[2026-03-30 12:37:43](logger.py 179): id=CC_FMNIST_C10CFG_K20_E100_DT_0_6 | Ep. 73/100 - Step 75/273 (2.29 it/s) |#####               | - loss_cc=4.53 - loss_ce=2.109 - loss_ne=0.0163 - loss_div=0.000174 - threshold=0.717 - loss=6.655
/scratch/e0538389/DivClust/engine/trainer.py:41: FutureWarning: `torch.cuda.amp.autocast(args...)` is deprecated. Please use `torch.amp.autocast('cuda', args...)` instead.
  with autocast(self.mixed_precision):
[2026-03-30 12:37:54](logger.py 179): id=CC_FMNIST_C10CFG_K20_E100_DT_0_6 | Ep. 73/100 - Step 100/273 (2.3 it/s) |#######             | - loss_cc=4.53 - loss_ce=2.109 - loss_ne=0.0161 - loss_div=0.000236 - threshold=0.717 - loss=6.654
/scratch/e0538389/DivClust/engine/trainer.py:41: FutureWarning: `torch.cuda.amp.autocast(args...)` is deprecated. Please use `torch.amp.autocast('cuda', args...)` instead.
  with autocast(self.mixed_precision):
[2026-03-30 12:38:05](logger.py 179): id=CC_FMNIST_C10CFG_K20_E100_DT_0_6 | Ep. 73/100 - Step 125/273 (2.31 it/s) |#########           | - loss_cc=4.53 - loss_ce=2.109 - loss_ne=0.016 - loss_div=0.000353 - threshold=0.715 - loss=6.655
/scratch/e0538389/DivClust/engine/trainer.py:41: FutureWarning: `torch.cuda.amp.autocast(args...)` is deprecated. Please use `torch.amp.autocast('cuda', args...)` instead.
  with autocast(self.mixed_precision):
[2026-03-30 12:38:16](logger.py 179): id=CC_FMNIST_C10CFG_K20_E100_DT_0_6 | Ep. 73/100 - Step 150/273 (2.31 it/s) |##########          | - loss_cc=4.529 - loss_ce=2.109 - loss_ne=0.0164 - loss_div=0.000592 - threshold=0.712 - loss=6.655
/scratch/e0538389/DivClust/engine/trainer.py:41: FutureWarning: `torch.cuda.amp.autocast(args...)` is deprecated. Please use `torch.amp.autocast('cuda', args...)` instead.
  with autocast(self.mixed_precision):
/scratch/e0538389/DivClust/engine/trainer.py:41: FutureWarning: `torch.cuda.amp.autocast(args...)` is deprecated. Please use `torch.amp.autocast('cuda', args...)` instead.
  with autocast(self.mixed_precision):
[2026-03-30 12:38:27](logger.py 179): id=CC_FMNIST_C10CFG_K20_E100_DT_0_6 | Ep. 73/100 - Step 175/273 (2.3 it/s) |############        | - loss_cc=4.53 - loss_ce=2.109 - loss_ne=0.0165 - loss_div=0.000549 - threshold=0.711 - loss=6.655
/scratch/e0538389/DivClust/engine/trainer.py:41: FutureWarning: `torch.cuda.amp.autocast(args...)` is deprecated. Please use `torch.amp.autocast('cuda', args...)` instead.
  with autocast(self.mixed_precision):
[2026-03-30 12:38:37](logger.py 179): id=CC_FMNIST_C10CFG_K20_E100_DT_0_6 | Ep. 73/100 - Step 200/273 (2.3 it/s) |##############      | - loss_cc=4.53 - loss_ce=2.109 - loss_ne=0.0166 - loss_div=0.000487 - threshold=0.712 - loss=6.656
/scratch/e0538389/DivClust/engine/trainer.py:41: FutureWarning: `torch.cuda.amp.autocast(args...)` is deprecated. Please use `torch.amp.autocast('cuda', args...)` instead.
  with autocast(self.mixed_precision):
[2026-03-30 12:38:48](logger.py 179): id=CC_FMNIST_C10CFG_K20_E100_DT_0_6 | Ep. 73/100 - Step 225/273 (2.3 it/s) |################    | - loss_cc=4.53 - loss_ce=2.109 - loss_ne=0.0167 - loss_div=0.000436 - threshold=0.713 - loss=6.656
/scratch/e0538389/DivClust/engine/trainer.py:41: FutureWarning: `torch.cuda.amp.autocast(args...)` is deprecated. Please use `torch.amp.autocast('cuda', args...)` instead.
  with autocast(self.mixed_precision):
[2026-03-30 12:38:59](logger.py 179): id=CC_FMNIST_C10CFG_K20_E100_DT_0_6 | Ep. 73/100 - Step 250/273 (2.31 it/s) |##################  | - loss_cc=4.53 - loss_ce=2.109 - loss_ne=0.0167 - loss_div=0.000395 - threshold=0.715 - loss=6.657
/scratch/e0538389/DivClust/engine/trainer.py:41: FutureWarning: `torch.cuda.amp.autocast(args...)` is deprecated. Please use `torch.amp.autocast('cuda', args...)` instead.
  with autocast(self.mixed_precision):
/scratch/e0538389/DivClust/engine/trainer.py:41: FutureWarning: `torch.cuda.amp.autocast(args...)` is deprecated. Please use `torch.amp.autocast('cuda', args...)` instead.
  with autocast(self.mixed_precision):
[2026-03-30 12:39:09](logger.py 179): id=CC_FMNIST_C10CFG_K20_E100_DT_0_6 | Ep. 73/100 | Time: 00:01 | loss_cc=4.531 - loss_ce=2.109 - loss_ne=0.0166 - loss_div=0.000363 - threshold=0.717 - loss=6.657
[2026-03-30 12:39:11](logger.py 179): id=CC_FMNIST_C10CFG_K20_E100_DT_0_6 | Ep. 74/100 - Step 0/273 (0.0 it/s) |                    | - loss_cc=4.536 - loss_ce=2.114 - loss_ne=0.0148 - loss_div=0.0 - threshold=0.733 - loss=6.665
/scratch/e0538389/DivClust/engine/trainer.py:41: FutureWarning: `torch.cuda.amp.autocast(args...)` is deprecated. Please use `torch.amp.autocast('cuda', args...)` instead.
  with autocast(self.mixed_precision):
[2026-03-30 12:39:22](logger.py 179): id=CC_FMNIST_C10CFG_K20_E100_DT_0_6 | Ep. 74/100 - Step 25/273 (2.32 it/s) |#                   | - loss_cc=4.523 - loss_ce=2.106 - loss_ne=0.0167 - loss_div=0.000103 - threshold=0.731 - loss=6.646
/scratch/e0538389/DivClust/engine/trainer.py:41: FutureWarning: `torch.cuda.amp.autocast(args...)` is deprecated. Please use `torch.amp.autocast('cuda', args...)` instead.
  with autocast(self.mixed_precision):
[2026-03-30 12:39:33](logger.py 179): id=CC_FMNIST_C10CFG_K20_E100_DT_0_6 | Ep. 74/100 - Step 50/273 (2.31 it/s) |###                 | - loss_cc=4.526 - loss_ce=2.107 - loss_ne=0.016 - loss_div=0.000456 - threshold=0.727 - loss=6.65
/scratch/e0538389/DivClust/engine/trainer.py:41: FutureWarning: `torch.cuda.amp.autocast(args...)` is deprecated. Please use `torch.amp.autocast('cuda', args...)` instead.
  with autocast(self.mixed_precision):
[2026-03-30 12:39:44](logger.py 179): id=CC_FMNIST_C10CFG_K20_E100_DT_0_6 | Ep. 74/100 - Step 75/273 (2.32 it/s) |#####               | - loss_cc=4.529 - loss_ce=2.108 - loss_ne=0.0161 - loss_div=0.000666 - threshold=0.722 - loss=6.654
/scratch/e0538389/DivClust/engine/trainer.py:41: FutureWarning: `torch.cuda.amp.autocast(args...)` is deprecated. Please use `torch.amp.autocast('cuda', args...)` instead.
  with autocast(self.mixed_precision):
/scratch/e0538389/DivClust/engine/trainer.py:41: FutureWarning: `torch.cuda.amp.autocast(args...)` is deprecated. Please use `torch.amp.autocast('cuda', args...)` instead.
  with autocast(self.mixed_precision):
[2026-03-30 12:39:55](logger.py 179): id=CC_FMNIST_C10CFG_K20_E100_DT_0_6 | Ep. 74/100 - Step 100/273 (2.3 it/s) |#######             | - loss_cc=4.529 - loss_ce=2.109 - loss_ne=0.0162 - loss_div=0.000676 - threshold=0.718 - loss=6.654
/scratch/e0538389/DivClust/engine/trainer.py:41: FutureWarning: `torch.cuda.amp.autocast(args...)` is deprecated. Please use `torch.amp.autocast('cuda', args...)` instead.
  with autocast(self.mixed_precision):
[2026-03-30 12:40:06](logger.py 179): id=CC_FMNIST_C10CFG_K20_E100_DT_0_6 | Ep. 74/100 - Step 125/273 (2.3 it/s) |#########           | - loss_cc=4.529 - loss_ce=2.108 - loss_ne=0.0165 - loss_div=0.000588 - threshold=0.717 - loss=6.654
/scratch/e0538389/DivClust/engine/trainer.py:41: FutureWarning: `torch.cuda.amp.autocast(args...)` is deprecated. Please use `torch.amp.autocast('cuda', args...)` instead.
  with autocast(self.mixed_precision):
[2026-03-30 12:40:16](logger.py 179): id=CC_FMNIST_C10CFG_K20_E100_DT_0_6 | Ep. 74/100 - Step 150/273 (2.3 it/s) |##########          | - loss_cc=4.529 - loss_ce=2.108 - loss_ne=0.0167 - loss_div=0.000522 - threshold=0.718 - loss=6.655
/scratch/e0538389/DivClust/engine/trainer.py:41: FutureWarning: `torch.cuda.amp.autocast(args...)` is deprecated. Please use `torch.amp.autocast('cuda', args...)` instead.
  with autocast(self.mixed_precision):
[2026-03-30 12:40:27](logger.py 179): id=CC_FMNIST_C10CFG_K20_E100_DT_0_6 | Ep. 74/100 - Step 175/273 (2.31 it/s) |############        | - loss_cc=4.528 - loss_ce=2.108 - loss_ne=0.0166 - loss_div=0.000475 - threshold=0.718 - loss=6.653
/scratch/e0538389/DivClust/engine/trainer.py:41: FutureWarning: `torch.cuda.amp.autocast(args...)` is deprecated. Please use `torch.amp.autocast('cuda', args...)` instead.
  with autocast(self.mixed_precision):
/scratch/e0538389/DivClust/engine/trainer.py:41: FutureWarning: `torch.cuda.amp.autocast(args...)` is deprecated. Please use `torch.amp.autocast('cuda', args...)` instead.
  with autocast(self.mixed_precision):
[2026-03-30 12:40:38](logger.py 179): id=CC_FMNIST_C10CFG_K20_E100_DT_0_6 | Ep. 74/100 - Step 200/273 (2.3 it/s) |##############      | - loss_cc=4.528 - loss_ce=2.108 - loss_ne=0.0165 - loss_div=0.000523 - threshold=0.717 - loss=6.654
/scratch/e0538389/DivClust/engine/trainer.py:41: FutureWarning: `torch.cuda.amp.autocast(args...)` is deprecated. Please use `torch.amp.autocast('cuda', args...)` instead.
  with autocast(self.mixed_precision):
[2026-03-30 12:40:49](logger.py 179): id=CC_FMNIST_C10CFG_K20_E100_DT_0_6 | Ep. 74/100 - Step 225/273 (2.3 it/s) |################    | - loss_cc=4.529 - loss_ce=2.108 - loss_ne=0.0164 - loss_div=0.00069 - threshold=0.716 - loss=6.654
/scratch/e0538389/DivClust/engine/trainer.py:41: FutureWarning: `torch.cuda.amp.autocast(args...)` is deprecated. Please use `torch.amp.autocast('cuda', args...)` instead.
  with autocast(self.mixed_precision):
[2026-03-30 12:41:00](logger.py 179): id=CC_FMNIST_C10CFG_K20_E100_DT_0_6 | Ep. 74/100 - Step 250/273 (2.3 it/s) |##################  | - loss_cc=4.528 - loss_ce=2.108 - loss_ne=0.0163 - loss_div=0.000696 - threshold=0.714 - loss=6.653
/scratch/e0538389/DivClust/engine/trainer.py:41: FutureWarning: `torch.cuda.amp.autocast(args...)` is deprecated. Please use `torch.amp.autocast('cuda', args...)` instead.
  with autocast(self.mixed_precision):
[2026-03-30 12:41:09](logger.py 179): id=CC_FMNIST_C10CFG_K20_E100_DT_0_6 | Ep. 74/100 | Time: 00:01 | loss_cc=4.528 - loss_ce=2.108 - loss_ne=0.0164 - loss_div=0.000677 - threshold=0.714 - loss=6.653
[2026-03-30 12:41:12](logger.py 179): id=CC_FMNIST_C10CFG_K20_E100_DT_0_6 | Ep. 75/100 - Step 0/273 (0.0 it/s) |                    | - loss_cc=4.505 - loss_ce=2.104 - loss_ne=0.0135 - loss_div=0.0 - threshold=0.711 - loss=6.622
/scratch/e0538389/DivClust/engine/trainer.py:41: FutureWarning: `torch.cuda.amp.autocast(args...)` is deprecated. Please use `torch.amp.autocast('cuda', args...)` instead.
  with autocast(self.mixed_precision):
[2026-03-30 12:41:23](logger.py 179): id=CC_FMNIST_C10CFG_K20_E100_DT_0_6 | Ep. 75/100 - Step 25/273 (2.31 it/s) |#                   | - loss_cc=4.524 - loss_ce=2.107 - loss_ne=0.0164 - loss_div=0.000111 - threshold=0.716 - loss=6.647
/scratch/e0538389/DivClust/engine/trainer.py:41: FutureWarning: `torch.cuda.amp.autocast(args...)` is deprecated. Please use `torch.amp.autocast('cuda', args...)` instead.
  with autocast(self.mixed_precision):
/scratch/e0538389/DivClust/engine/trainer.py:41: FutureWarning: `torch.cuda.amp.autocast(args...)` is deprecated. Please use `torch.amp.autocast('cuda', args...)` instead.
  with autocast(self.mixed_precision):
[2026-03-30 12:41:33](logger.py 179): id=CC_FMNIST_C10CFG_K20_E100_DT_0_6 | Ep. 75/100 - Step 50/273 (2.35 it/s) |###                 | - loss_cc=4.524 - loss_ce=2.107 - loss_ne=0.0162 - loss_div=0.000469 - threshold=0.713 - loss=6.648
/scratch/e0538389/DivClust/engine/trainer.py:41: FutureWarning: `torch.cuda.amp.autocast(args...)` is deprecated. Please use `torch.amp.autocast('cuda', args...)` instead.
  with autocast(self.mixed_precision):
[2026-03-30 12:41:44](logger.py 179): id=CC_FMNIST_C10CFG_K20_E100_DT_0_6 | Ep. 75/100 - Step 75/273 (2.36 it/s) |#####               | - loss_cc=4.524 - loss_ce=2.107 - loss_ne=0.0169 - loss_div=0.000528 - threshold=0.711 - loss=6.649
/scratch/e0538389/DivClust/engine/trainer.py:41: FutureWarning: `torch.cuda.amp.autocast(args...)` is deprecated. Please use `torch.amp.autocast('cuda', args...)` instead.
  with autocast(self.mixed_precision):
[2026-03-30 12:41:54](logger.py 179): id=CC_FMNIST_C10CFG_K20_E100_DT_0_6 | Ep. 75/100 - Step 100/273 (2.36 it/s) |#######             | - loss_cc=4.524 - loss_ce=2.107 - loss_ne=0.0169 - loss_div=0.000466 - threshold=0.712 - loss=6.649
/scratch/e0538389/DivClust/engine/trainer.py:41: FutureWarning: `torch.cuda.amp.autocast(args...)` is deprecated. Please use `torch.amp.autocast('cuda', args...)` instead.
  with autocast(self.mixed_precision):
[2026-03-30 12:42:05](logger.py 179): id=CC_FMNIST_C10CFG_K20_E100_DT_0_6 | Ep. 75/100 - Step 125/273 (2.35 it/s) |#########           | - loss_cc=4.525 - loss_ce=2.108 - loss_ne=0.0166 - loss_div=0.000384 - threshold=0.714 - loss=6.649
/scratch/e0538389/DivClust/engine/trainer.py:41: FutureWarning: `torch.cuda.amp.autocast(args...)` is deprecated. Please use `torch.amp.autocast('cuda', args...)` instead.
  with autocast(self.mixed_precision):
/scratch/e0538389/DivClust/engine/trainer.py:41: FutureWarning: `torch.cuda.amp.autocast(args...)` is deprecated. Please use `torch.amp.autocast('cuda', args...)` instead.
  with autocast(self.mixed_precision):
[2026-03-30 12:42:16](logger.py 179): id=CC_FMNIST_C10CFG_K20_E100_DT_0_6 | Ep. 75/100 - Step 150/273 (2.35 it/s) |##########          | - loss_cc=4.526 - loss_ce=2.108 - loss_ne=0.0164 - loss_div=0.000393 - threshold=0.715 - loss=6.65
/scratch/e0538389/DivClust/engine/trainer.py:41: FutureWarning: `torch.cuda.amp.autocast(args...)` is deprecated. Please use `torch.amp.autocast('cuda', args...)` instead.
  with autocast(self.mixed_precision):
[2026-03-30 12:42:26](logger.py 179): id=CC_FMNIST_C10CFG_K20_E100_DT_0_6 | Ep. 75/100 - Step 175/273 (2.34 it/s) |############        | - loss_cc=4.525 - loss_ce=2.107 - loss_ne=0.0166 - loss_div=0.000468 - threshold=0.715 - loss=6.649
/scratch/e0538389/DivClust/engine/trainer.py:41: FutureWarning: `torch.cuda.amp.autocast(args...)` is deprecated. Please use `torch.amp.autocast('cuda', args...)` instead.
  with autocast(self.mixed_precision):
[2026-03-30 12:42:37](logger.py 179): id=CC_FMNIST_C10CFG_K20_E100_DT_0_6 | Ep. 75/100 - Step 200/273 (2.34 it/s) |##############      | - loss_cc=4.525 - loss_ce=2.107 - loss_ne=0.0164 - loss_div=0.000432 - threshold=0.716 - loss=6.649
/scratch/e0538389/DivClust/engine/trainer.py:41: FutureWarning: `torch.cuda.amp.autocast(args...)` is deprecated. Please use `torch.amp.autocast('cuda', args...)` instead.
  with autocast(self.mixed_precision):
[2026-03-30 12:42:48](logger.py 179): id=CC_FMNIST_C10CFG_K20_E100_DT_0_6 | Ep. 75/100 - Step 225/273 (2.33 it/s) |################    | - loss_cc=4.525 - loss_ce=2.107 - loss_ne=0.0166 - loss_div=0.000384 - threshold=0.717 - loss=6.649
/scratch/e0538389/DivClust/engine/trainer.py:41: FutureWarning: `torch.cuda.amp.autocast(args...)` is deprecated. Please use `torch.amp.autocast('cuda', args...)` instead.
  with autocast(self.mixed_precision):
/scratch/e0538389/DivClust/engine/trainer.py:41: FutureWarning: `torch.cuda.amp.autocast(args...)` is deprecated. Please use `torch.amp.autocast('cuda', args...)` instead.
  with autocast(self.mixed_precision):
[2026-03-30 12:42:59](logger.py 179): id=CC_FMNIST_C10CFG_K20_E100_DT_0_6 | Ep. 75/100 - Step 250/273 (2.33 it/s) |##################  | - loss_cc=4.525 - loss_ce=2.107 - loss_ne=0.0167 - loss_div=0.000384 - threshold=0.718 - loss=6.65
/scratch/e0538389/DivClust/engine/trainer.py:41: FutureWarning: `torch.cuda.amp.autocast(args...)` is deprecated. Please use `torch.amp.autocast('cuda', args...)` instead.
  with autocast(self.mixed_precision):
[2026-03-30 12:43:09](logger.py 179): id=CC_FMNIST_C10CFG_K20_E100_DT_0_6 | Ep. 75/100 | Time: 00:01 | loss_cc=4.526 - loss_ce=2.108 - loss_ne=0.0168 - loss_div=0.000412 - threshold=0.718 - loss=6.651
[2026-03-30 12:43:11](logger.py 179): id=CC_FMNIST_C10CFG_K20_E100_DT_0_6 | Ep. 76/100 - Step 0/273 (0.0 it/s) |                    | - loss_cc=4.516 - loss_ce=2.102 - loss_ne=0.02 - loss_div=0.000167 - threshold=0.711 - loss=6.638
/scratch/e0538389/DivClust/engine/trainer.py:41: FutureWarning: `torch.cuda.amp.autocast(args...)` is deprecated. Please use `torch.amp.autocast('cuda', args...)` instead.
  with autocast(self.mixed_precision):
[2026-03-30 12:43:22](logger.py 179): id=CC_FMNIST_C10CFG_K20_E100_DT_0_6 | Ep. 76/100 - Step 25/273 (2.4 it/s) |#                   | - loss_cc=4.522 - loss_ce=2.106 - loss_ne=0.0164 - loss_div=0.000417 - threshold=0.714 - loss=6.645
/scratch/e0538389/DivClust/engine/trainer.py:41: FutureWarning: `torch.cuda.amp.autocast(args...)` is deprecated. Please use `torch.amp.autocast('cuda', args...)` instead.
  with autocast(self.mixed_precision):
[2026-03-30 12:43:32](logger.py 179): id=CC_FMNIST_C10CFG_K20_E100_DT_0_6 | Ep. 76/100 - Step 50/273 (2.39 it/s) |###                 | - loss_cc=4.525 - loss_ce=2.107 - loss_ne=0.0171 - loss_div=0.000322 - threshold=0.719 - loss=6.649
/scratch/e0538389/DivClust/engine/trainer.py:41: FutureWarning: `torch.cuda.amp.autocast(args...)` is deprecated. Please use `torch.amp.autocast('cuda', args...)` instead.
  with autocast(self.mixed_precision):
/scratch/e0538389/DivClust/engine/trainer.py:41: FutureWarning: `torch.cuda.amp.autocast(args...)` is deprecated. Please use `torch.amp.autocast('cuda', args...)` instead.
  with autocast(self.mixed_precision):
[2026-03-30 12:43:43](logger.py 179): id=CC_FMNIST_C10CFG_K20_E100_DT_0_6 | Ep. 76/100 - Step 75/273 (2.35 it/s) |#####               | - loss_cc=4.526 - loss_ce=2.107 - loss_ne=0.0164 - loss_div=0.000353 - threshold=0.718 - loss=6.65
/scratch/e0538389/DivClust/engine/trainer.py:41: FutureWarning: `torch.cuda.amp.autocast(args...)` is deprecated. Please use `torch.amp.autocast('cuda', args...)` instead.
  with autocast(self.mixed_precision):
[2026-03-30 12:43:54](logger.py 179): id=CC_FMNIST_C10CFG_K20_E100_DT_0_6 | Ep. 76/100 - Step 100/273 (2.36 it/s) |#######             | - loss_cc=4.524 - loss_ce=2.106 - loss_ne=0.0166 - loss_div=0.000682 - threshold=0.715 - loss=6.648
/scratch/e0538389/DivClust/engine/trainer.py:41: FutureWarning: `torch.cuda.amp.autocast(args...)` is deprecated. Please use `torch.amp.autocast('cuda', args...)` instead.
  with autocast(self.mixed_precision):
[2026-03-30 12:44:04](logger.py 179): id=CC_FMNIST_C10CFG_K20_E100_DT_0_6 | Ep. 76/100 - Step 125/273 (2.36 it/s) |#########           | - loss_cc=4.526 - loss_ce=2.107 - loss_ne=0.0164 - loss_div=0.000702 - threshold=0.714 - loss=6.65
/scratch/e0538389/DivClust/engine/trainer.py:41: FutureWarning: `torch.cuda.amp.autocast(args...)` is deprecated. Please use `torch.amp.autocast('cuda', args...)` instead.
  with autocast(self.mixed_precision):
[2026-03-30 12:44:15](logger.py 179): id=CC_FMNIST_C10CFG_K20_E100_DT_0_6 | Ep. 76/100 - Step 150/273 (2.35 it/s) |##########          | - loss_cc=4.525 - loss_ce=2.107 - loss_ne=0.016 - loss_div=0.000616 - threshold=0.714 - loss=6.648
/scratch/e0538389/DivClust/engine/trainer.py:41: FutureWarning: `torch.cuda.amp.autocast(args...)` is deprecated. Please use `torch.amp.autocast('cuda', args...)` instead.
  with autocast(self.mixed_precision):
/scratch/e0538389/DivClust/engine/trainer.py:41: FutureWarning: `torch.cuda.amp.autocast(args...)` is deprecated. Please use `torch.amp.autocast('cuda', args...)` instead.
  with autocast(self.mixed_precision):
[2026-03-30 12:44:26](logger.py 179): id=CC_FMNIST_C10CFG_K20_E100_DT_0_6 | Ep. 76/100 - Step 175/273 (2.34 it/s) |############        | - loss_cc=4.525 - loss_ce=2.107 - loss_ne=0.0163 - loss_div=0.000639 - threshold=0.713 - loss=6.649
/scratch/e0538389/DivClust/engine/trainer.py:41: FutureWarning: `torch.cuda.amp.autocast(args...)` is deprecated. Please use `torch.amp.autocast('cuda', args...)` instead.
  with autocast(self.mixed_precision):
[2026-03-30 12:44:37](logger.py 179): id=CC_FMNIST_C10CFG_K20_E100_DT_0_6 | Ep. 76/100 - Step 200/273 (2.33 it/s) |##############      | - loss_cc=4.525 - loss_ce=2.107 - loss_ne=0.0163 - loss_div=0.000631 - threshold=0.712 - loss=6.649
/scratch/e0538389/DivClust/engine/trainer.py:41: FutureWarning: `torch.cuda.amp.autocast(args...)` is deprecated. Please use `torch.amp.autocast('cuda', args...)` instead.
  with autocast(self.mixed_precision):
[2026-03-30 12:44:48](logger.py 179): id=CC_FMNIST_C10CFG_K20_E100_DT_0_6 | Ep. 76/100 - Step 225/273 (2.33 it/s) |################    | - loss_cc=4.525 - loss_ce=2.107 - loss_ne=0.0162 - loss_div=0.000579 - threshold=0.713 - loss=6.648
/scratch/e0538389/DivClust/engine/trainer.py:41: FutureWarning: `torch.cuda.amp.autocast(args...)` is deprecated. Please use `torch.amp.autocast('cuda', args...)` instead.
  with autocast(self.mixed_precision):
[2026-03-30 12:44:58](logger.py 179): id=CC_FMNIST_C10CFG_K20_E100_DT_0_6 | Ep. 76/100 - Step 250/273 (2.33 it/s) |##################  | - loss_cc=4.524 - loss_ce=2.107 - loss_ne=0.0164 - loss_div=0.000576 - threshold=0.713 - loss=6.648
/scratch/e0538389/DivClust/engine/trainer.py:41: FutureWarning: `torch.cuda.amp.autocast(args...)` is deprecated. Please use `torch.amp.autocast('cuda', args...)` instead.
  with autocast(self.mixed_precision):
[2026-03-30 12:45:08](logger.py 179): id=CC_FMNIST_C10CFG_K20_E100_DT_0_6 | Ep. 76/100 | Time: 00:01 | loss_cc=4.524 - loss_ce=2.107 - loss_ne=0.0163 - loss_div=0.000548 - threshold=0.713 - loss=6.648
/scratch/e0538389/DivClust/engine/trainer.py:41: FutureWarning: `torch.cuda.amp.autocast(args...)` is deprecated. Please use `torch.amp.autocast('cuda', args...)` instead.
  with autocast(self.mixed_precision):
[2026-03-30 12:45:11](logger.py 179): id=CC_FMNIST_C10CFG_K20_E100_DT_0_6 | Ep. 77/100 - Step 0/273 (0.0 it/s) |                    | - loss_cc=4.555 - loss_ce=2.121 - loss_ne=0.017 - loss_div=0.0 - threshold=0.724 - loss=6.693
/scratch/e0538389/DivClust/engine/trainer.py:41: FutureWarning: `torch.cuda.amp.autocast(args...)` is deprecated. Please use `torch.amp.autocast('cuda', args...)` instead.
  with autocast(self.mixed_precision):
[2026-03-30 12:45:22](logger.py 179): id=CC_FMNIST_C10CFG_K20_E100_DT_0_6 | Ep. 77/100 - Step 25/273 (2.32 it/s) |#                   | - loss_cc=4.529 - loss_ce=2.107 - loss_ne=0.0172 - loss_div=0.000331 - threshold=0.722 - loss=6.653
/scratch/e0538389/DivClust/engine/trainer.py:41: FutureWarning: `torch.cuda.amp.autocast(args...)` is deprecated. Please use `torch.amp.autocast('cuda', args...)` instead.
  with autocast(self.mixed_precision):
[2026-03-30 12:45:32](logger.py 179): id=CC_FMNIST_C10CFG_K20_E100_DT_0_6 | Ep. 77/100 - Step 50/273 (2.33 it/s) |###                 | - loss_cc=4.527 - loss_ce=2.108 - loss_ne=0.0163 - loss_div=0.000529 - threshold=0.718 - loss=6.652
/scratch/e0538389/DivClust/engine/trainer.py:41: FutureWarning: `torch.cuda.amp.autocast(args...)` is deprecated. Please use `torch.amp.autocast('cuda', args...)` instead.
  with autocast(self.mixed_precision):
[2026-03-30 12:45:43](logger.py 179): id=CC_FMNIST_C10CFG_K20_E100_DT_0_6 | Ep. 77/100 - Step 75/273 (2.35 it/s) |#####               | - loss_cc=4.526 - loss_ce=2.107 - loss_ne=0.0162 - loss_div=0.000466 - threshold=0.717 - loss=6.649
/scratch/e0538389/DivClust/engine/trainer.py:41: FutureWarning: `torch.cuda.amp.autocast(args...)` is deprecated. Please use `torch.amp.autocast('cuda', args...)` instead.
  with autocast(self.mixed_precision):
/scratch/e0538389/DivClust/engine/trainer.py:41: FutureWarning: `torch.cuda.amp.autocast(args...)` is deprecated. Please use `torch.amp.autocast('cuda', args...)` instead.
  with autocast(self.mixed_precision):
[2026-03-30 12:45:54](logger.py 179): id=CC_FMNIST_C10CFG_K20_E100_DT_0_6 | Ep. 77/100 - Step 100/273 (2.33 it/s) |#######             | - loss_cc=4.524 - loss_ce=2.107 - loss_ne=0.0161 - loss_div=0.000531 - threshold=0.715 - loss=6.648
/scratch/e0538389/DivClust/engine/trainer.py:41: FutureWarning: `torch.cuda.amp.autocast(args...)` is deprecated. Please use `torch.amp.autocast('cuda', args...)` instead.
  with autocast(self.mixed_precision):
[2026-03-30 12:46:04](logger.py 179): id=CC_FMNIST_C10CFG_K20_E100_DT_0_6 | Ep. 77/100 - Step 125/273 (2.33 it/s) |#########           | - loss_cc=4.525 - loss_ce=2.107 - loss_ne=0.0162 - loss_div=0.000599 - threshold=0.713 - loss=6.649
/scratch/e0538389/DivClust/engine/trainer.py:41: FutureWarning: `torch.cuda.amp.autocast(args...)` is deprecated. Please use `torch.amp.autocast('cuda', args...)` instead.
  with autocast(self.mixed_precision):
[2026-03-30 12:46:15](logger.py 179): id=CC_FMNIST_C10CFG_K20_E100_DT_0_6 | Ep. 77/100 - Step 150/273 (2.33 it/s) |##########          | - loss_cc=4.524 - loss_ce=2.107 - loss_ne=0.0161 - loss_div=0.000557 - threshold=0.713 - loss=6.647
/scratch/e0538389/DivClust/engine/trainer.py:41: FutureWarning: `torch.cuda.amp.autocast(args...)` is deprecated. Please use `torch.amp.autocast('cuda', args...)` instead.
  with autocast(self.mixed_precision):
[2026-03-30 12:46:26](logger.py 179): id=CC_FMNIST_C10CFG_K20_E100_DT_0_6 | Ep. 77/100 - Step 175/273 (2.33 it/s) |############        | - loss_cc=4.525 - loss_ce=2.107 - loss_ne=0.016 - loss_div=0.000482 - threshold=0.714 - loss=6.649
/scratch/e0538389/DivClust/engine/trainer.py:41: FutureWarning: `torch.cuda.amp.autocast(args...)` is deprecated. Please use `torch.amp.autocast('cuda', args...)` instead.
  with autocast(self.mixed_precision):
/scratch/e0538389/DivClust/engine/trainer.py:41: FutureWarning: `torch.cuda.amp.autocast(args...)` is deprecated. Please use `torch.amp.autocast('cuda', args...)` instead.
  with autocast(self.mixed_precision):
[2026-03-30 12:46:37](logger.py 179): id=CC_FMNIST_C10CFG_K20_E100_DT_0_6 | Ep. 77/100 - Step 200/273 (2.32 it/s) |##############      | - loss_cc=4.524 - loss_ce=2.107 - loss_ne=0.0159 - loss_div=0.000489 - threshold=0.715 - loss=6.648
/scratch/e0538389/DivClust/engine/trainer.py:41: FutureWarning: `torch.cuda.amp.autocast(args...)` is deprecated. Please use `torch.amp.autocast('cuda', args...)` instead.
  with autocast(self.mixed_precision):
[2026-03-30 12:46:48](logger.py 179): id=CC_FMNIST_C10CFG_K20_E100_DT_0_6 | Ep. 77/100 - Step 225/273 (2.32 it/s) |################    | - loss_cc=4.525 - loss_ce=2.107 - loss_ne=0.0159 - loss_div=0.000541 - threshold=0.714 - loss=6.648
/scratch/e0538389/DivClust/engine/trainer.py:41: FutureWarning: `torch.cuda.amp.autocast(args...)` is deprecated. Please use `torch.amp.autocast('cuda', args...)` instead.
  with autocast(self.mixed_precision):
[2026-03-30 12:46:59](logger.py 179): id=CC_FMNIST_C10CFG_K20_E100_DT_0_6 | Ep. 77/100 - Step 250/273 (2.32 it/s) |##################  | - loss_cc=4.525 - loss_ce=2.107 - loss_ne=0.0159 - loss_div=0.0005 - threshold=0.715 - loss=6.649
/scratch/e0538389/DivClust/engine/trainer.py:41: FutureWarning: `torch.cuda.amp.autocast(args...)` is deprecated. Please use `torch.amp.autocast('cuda', args...)` instead.
  with autocast(self.mixed_precision):
[2026-03-30 12:47:08](logger.py 179): id=CC_FMNIST_C10CFG_K20_E100_DT_0_6 | Ep. 77/100 | Time: 00:01 | loss_cc=4.526 - loss_ce=2.107 - loss_ne=0.0161 - loss_div=0.000484 - threshold=0.715 - loss=6.65
[2026-03-30 12:47:10](logger.py 179): id=CC_FMNIST_C10CFG_K20_E100_DT_0_6 | Ep. 78/100 - Step 0/273 (0.0 it/s) |                    | - loss_cc=4.549 - loss_ce=2.12 - loss_ne=0.0143 - loss_div=0.0 - threshold=0.717 - loss=6.683
/scratch/e0538389/DivClust/engine/trainer.py:41: FutureWarning: `torch.cuda.amp.autocast(args...)` is deprecated. Please use `torch.amp.autocast('cuda', args...)` instead.
  with autocast(self.mixed_precision):
[2026-03-30 12:47:21](logger.py 179): id=CC_FMNIST_C10CFG_K20_E100_DT_0_6 | Ep. 78/100 - Step 25/273 (2.31 it/s) |#                   | - loss_cc=4.528 - loss_ce=2.108 - loss_ne=0.0162 - loss_div=0.000566 - threshold=0.711 - loss=6.652
/scratch/e0538389/DivClust/engine/trainer.py:41: FutureWarning: `torch.cuda.amp.autocast(args...)` is deprecated. Please use `torch.amp.autocast('cuda', args...)` instead.
  with autocast(self.mixed_precision):
/scratch/e0538389/DivClust/engine/trainer.py:41: FutureWarning: `torch.cuda.amp.autocast(args...)` is deprecated. Please use `torch.amp.autocast('cuda', args...)` instead.
  with autocast(self.mixed_precision):
[2026-03-30 12:47:32](logger.py 179): id=CC_FMNIST_C10CFG_K20_E100_DT_0_6 | Ep. 78/100 - Step 50/273 (2.27 it/s) |###                 | - loss_cc=4.527 - loss_ce=2.108 - loss_ne=0.0168 - loss_div=0.000848 - threshold=0.708 - loss=6.652
/scratch/e0538389/DivClust/engine/trainer.py:41: FutureWarning: `torch.cuda.amp.autocast(args...)` is deprecated. Please use `torch.amp.autocast('cuda', args...)` instead.
  with autocast(self.mixed_precision):
[2026-03-30 12:47:43](logger.py 179): id=CC_FMNIST_C10CFG_K20_E100_DT_0_6 | Ep. 78/100 - Step 75/273 (2.29 it/s) |#####               | - loss_cc=4.526 - loss_ce=2.107 - loss_ne=0.0165 - loss_div=0.000621 - threshold=0.709 - loss=6.65
/scratch/e0538389/DivClust/engine/trainer.py:41: FutureWarning: `torch.cuda.amp.autocast(args...)` is deprecated. Please use `torch.amp.autocast('cuda', args...)` instead.
  with autocast(self.mixed_precision):
[2026-03-30 12:47:54](logger.py 179): id=CC_FMNIST_C10CFG_K20_E100_DT_0_6 | Ep. 78/100 - Step 100/273 (2.3 it/s) |#######             | - loss_cc=4.525 - loss_ce=2.107 - loss_ne=0.0169 - loss_div=0.000515 - threshold=0.712 - loss=6.65
/scratch/e0538389/DivClust/engine/trainer.py:41: FutureWarning: `torch.cuda.amp.autocast(args...)` is deprecated. Please use `torch.amp.autocast('cuda', args...)` instead.
  with autocast(self.mixed_precision):
[2026-03-30 12:48:04](logger.py 179): id=CC_FMNIST_C10CFG_K20_E100_DT_0_6 | Ep. 78/100 - Step 125/273 (2.3 it/s) |#########           | - loss_cc=4.524 - loss_ce=2.107 - loss_ne=0.0167 - loss_div=0.000426 - threshold=0.715 - loss=6.648
/scratch/e0538389/DivClust/engine/trainer.py:41: FutureWarning: `torch.cuda.amp.autocast(args...)` is deprecated. Please use `torch.amp.autocast('cuda', args...)` instead.
  with autocast(self.mixed_precision):
/scratch/e0538389/DivClust/engine/trainer.py:41: FutureWarning: `torch.cuda.amp.autocast(args...)` is deprecated. Please use `torch.amp.autocast('cuda', args...)` instead.
  with autocast(self.mixed_precision):
[2026-03-30 12:48:15](logger.py 179): id=CC_FMNIST_C10CFG_K20_E100_DT_0_6 | Ep. 78/100 - Step 150/273 (2.3 it/s) |##########          | - loss_cc=4.524 - loss_ce=2.107 - loss_ne=0.0165 - loss_div=0.000412 - threshold=0.717 - loss=6.648
/scratch/e0538389/DivClust/engine/trainer.py:41: FutureWarning: `torch.cuda.amp.autocast(args...)` is deprecated. Please use `torch.amp.autocast('cuda', args...)` instead.
  with autocast(self.mixed_precision):
[2026-03-30 12:48:26](logger.py 179): id=CC_FMNIST_C10CFG_K20_E100_DT_0_6 | Ep. 78/100 - Step 175/273 (2.31 it/s) |############        | - loss_cc=4.523 - loss_ce=2.107 - loss_ne=0.0166 - loss_div=0.000464 - threshold=0.716 - loss=6.647
/scratch/e0538389/DivClust/engine/trainer.py:41: FutureWarning: `torch.cuda.amp.autocast(args...)` is deprecated. Please use `torch.amp.autocast('cuda', args...)` instead.
  with autocast(self.mixed_precision):
[2026-03-30 12:48:37](logger.py 179): id=CC_FMNIST_C10CFG_K20_E100_DT_0_6 | Ep. 78/100 - Step 200/273 (2.31 it/s) |##############      | - loss_cc=4.525 - loss_ce=2.107 - loss_ne=0.0166 - loss_div=0.000457 - threshold=0.716 - loss=6.649
/scratch/e0538389/DivClust/engine/trainer.py:41: FutureWarning: `torch.cuda.amp.autocast(args...)` is deprecated. Please use `torch.amp.autocast('cuda', args...)` instead.
  with autocast(self.mixed_precision):
[2026-03-30 12:48:47](logger.py 179): id=CC_FMNIST_C10CFG_K20_E100_DT_0_6 | Ep. 78/100 - Step 225/273 (2.31 it/s) |################    | - loss_cc=4.525 - loss_ce=2.107 - loss_ne=0.0166 - loss_div=0.000513 - threshold=0.715 - loss=6.649
/scratch/e0538389/DivClust/engine/trainer.py:41: FutureWarning: `torch.cuda.amp.autocast(args...)` is deprecated. Please use `torch.amp.autocast('cuda', args...)` instead.
  with autocast(self.mixed_precision):
/scratch/e0538389/DivClust/engine/trainer.py:41: FutureWarning: `torch.cuda.amp.autocast(args...)` is deprecated. Please use `torch.amp.autocast('cuda', args...)` instead.
  with autocast(self.mixed_precision):
[2026-03-30 12:48:59](logger.py 179): id=CC_FMNIST_C10CFG_K20_E100_DT_0_6 | Ep. 78/100 - Step 250/273 (2.31 it/s) |##################  | - loss_cc=4.525 - loss_ce=2.107 - loss_ne=0.0164 - loss_div=0.000467 - threshold=0.715 - loss=6.649
/scratch/e0538389/DivClust/engine/trainer.py:41: FutureWarning: `torch.cuda.amp.autocast(args...)` is deprecated. Please use `torch.amp.autocast('cuda', args...)` instead.
  with autocast(self.mixed_precision):
[2026-03-30 12:49:08](logger.py 179): id=CC_FMNIST_C10CFG_K20_E100_DT_0_6 | Ep. 78/100 | Time: 00:01 | loss_cc=4.525 - loss_ce=2.107 - loss_ne=0.0163 - loss_div=0.000442 - threshold=0.716 - loss=6.649
[2026-03-30 12:49:10](logger.py 179): id=CC_FMNIST_C10CFG_K20_E100_DT_0_6 | Ep. 79/100 - Step 0/273 (0.0 it/s) |                    | - loss_cc=4.521 - loss_ce=2.109 - loss_ne=0.0247 - loss_div=0.0 - threshold=0.731 - loss=6.655
/scratch/e0538389/DivClust/engine/trainer.py:41: FutureWarning: `torch.cuda.amp.autocast(args...)` is deprecated. Please use `torch.amp.autocast('cuda', args...)` instead.
  with autocast(self.mixed_precision):
[2026-03-30 12:49:21](logger.py 179): id=CC_FMNIST_C10CFG_K20_E100_DT_0_6 | Ep. 79/100 - Step 25/273 (2.39 it/s) |#                   | - loss_cc=4.52 - loss_ce=2.105 - loss_ne=0.0163 - loss_div=0.000315 - threshold=0.727 - loss=6.641
/scratch/e0538389/DivClust/engine/trainer.py:41: FutureWarning: `torch.cuda.amp.autocast(args...)` is deprecated. Please use `torch.amp.autocast('cuda', args...)` instead.
  with autocast(self.mixed_precision):
[2026-03-30 12:49:31](logger.py 179): id=CC_FMNIST_C10CFG_K20_E100_DT_0_6 | Ep. 79/100 - Step 50/273 (2.39 it/s) |###                 | - loss_cc=4.524 - loss_ce=2.106 - loss_ne=0.0159 - loss_div=0.000473 - threshold=0.723 - loss=6.646
/scratch/e0538389/DivClust/engine/trainer.py:41: FutureWarning: `torch.cuda.amp.autocast(args...)` is deprecated. Please use `torch.amp.autocast('cuda', args...)` instead.
  with autocast(self.mixed_precision):
/scratch/e0538389/DivClust/engine/trainer.py:41: FutureWarning: `torch.cuda.amp.autocast(args...)` is deprecated. Please use `torch.amp.autocast('cuda', args...)` instead.
  with autocast(self.mixed_precision):
[2026-03-30 12:49:42](logger.py 179): id=CC_FMNIST_C10CFG_K20_E100_DT_0_6 | Ep. 79/100 - Step 75/273 (2.37 it/s) |#####               | - loss_cc=4.522 - loss_ce=2.106 - loss_ne=0.0175 - loss_div=0.000799 - threshold=0.719 - loss=6.646
/scratch/e0538389/DivClust/engine/trainer.py:41: FutureWarning: `torch.cuda.amp.autocast(args...)` is deprecated. Please use `torch.amp.autocast('cuda', args...)` instead.
  with autocast(self.mixed_precision):
[2026-03-30 12:49:52](logger.py 179): id=CC_FMNIST_C10CFG_K20_E100_DT_0_6 | Ep. 79/100 - Step 100/273 (2.38 it/s) |#######             | - loss_cc=4.523 - loss_ce=2.106 - loss_ne=0.0178 - loss_div=0.000661 - threshold=0.719 - loss=6.648
/scratch/e0538389/DivClust/engine/trainer.py:41: FutureWarning: `torch.cuda.amp.autocast(args...)` is deprecated. Please use `torch.amp.autocast('cuda', args...)` instead.
  with autocast(self.mixed_precision):
[2026-03-30 12:50:03](logger.py 179): id=CC_FMNIST_C10CFG_K20_E100_DT_0_6 | Ep. 79/100 - Step 125/273 (2.38 it/s) |#########           | - loss_cc=4.522 - loss_ce=2.106 - loss_ne=0.0174 - loss_div=0.000589 - threshold=0.719 - loss=6.646
/scratch/e0538389/DivClust/engine/trainer.py:41: FutureWarning: `torch.cuda.amp.autocast(args...)` is deprecated. Please use `torch.amp.autocast('cuda', args...)` instead.
  with autocast(self.mixed_precision):
[2026-03-30 12:50:13](logger.py 179): id=CC_FMNIST_C10CFG_K20_E100_DT_0_6 | Ep. 79/100 - Step 150/273 (2.38 it/s) |##########          | - loss_cc=4.523 - loss_ce=2.106 - loss_ne=0.0174 - loss_div=0.000612 - threshold=0.717 - loss=6.647
/scratch/e0538389/DivClust/engine/trainer.py:41: FutureWarning: `torch.cuda.amp.autocast(args...)` is deprecated. Please use `torch.amp.autocast('cuda', args...)` instead.
  with autocast(self.mixed_precision):
/scratch/e0538389/DivClust/engine/trainer.py:41: FutureWarning: `torch.cuda.amp.autocast(args...)` is deprecated. Please use `torch.amp.autocast('cuda', args...)` instead.
  with autocast(self.mixed_precision):
[2026-03-30 12:50:24](logger.py 179): id=CC_FMNIST_C10CFG_K20_E100_DT_0_6 | Ep. 79/100 - Step 175/273 (2.37 it/s) |############        | - loss_cc=4.524 - loss_ce=2.107 - loss_ne=0.0172 - loss_div=0.000571 - threshold=0.717 - loss=6.648
/scratch/e0538389/DivClust/engine/trainer.py:41: FutureWarning: `torch.cuda.amp.autocast(args...)` is deprecated. Please use `torch.amp.autocast('cuda', args...)` instead.
  with autocast(self.mixed_precision):
[2026-03-30 12:50:35](logger.py 179): id=CC_FMNIST_C10CFG_K20_E100_DT_0_6 | Ep. 79/100 - Step 200/273 (2.37 it/s) |##############      | - loss_cc=4.522 - loss_ce=2.106 - loss_ne=0.0172 - loss_div=0.000598 - threshold=0.716 - loss=6.646
/scratch/e0538389/DivClust/engine/trainer.py:41: FutureWarning: `torch.cuda.amp.autocast(args...)` is deprecated. Please use `torch.amp.autocast('cuda', args...)` instead.
  with autocast(self.mixed_precision):
[2026-03-30 12:50:46](logger.py 179): id=CC_FMNIST_C10CFG_K20_E100_DT_0_6 | Ep. 79/100 - Step 225/273 (2.36 it/s) |################    | - loss_cc=4.523 - loss_ce=2.106 - loss_ne=0.017 - loss_div=0.00059 - threshold=0.715 - loss=6.647
/scratch/e0538389/DivClust/engine/trainer.py:41: FutureWarning: `torch.cuda.amp.autocast(args...)` is deprecated. Please use `torch.amp.autocast('cuda', args...)` instead.
  with autocast(self.mixed_precision):
[2026-03-30 12:50:56](logger.py 179): id=CC_FMNIST_C10CFG_K20_E100_DT_0_6 | Ep. 79/100 - Step 250/273 (2.36 it/s) |##################  | - loss_cc=4.523 - loss_ce=2.106 - loss_ne=0.0167 - loss_div=0.000537 - threshold=0.714 - loss=6.646
/scratch/e0538389/DivClust/engine/trainer.py:41: FutureWarning: `torch.cuda.amp.autocast(args...)` is deprecated. Please use `torch.amp.autocast('cuda', args...)` instead.
  with autocast(self.mixed_precision):
[2026-03-30 12:51:06](logger.py 179): id=CC_FMNIST_C10CFG_K20_E100_DT_0_6 | Ep. 79/100 | Time: 00:01 | loss_cc=4.522 - loss_ce=2.107 - loss_ne=0.0168 - loss_div=0.000502 - threshold=0.715 - loss=6.646
[2026-03-30 12:51:09](logger.py 179): id=CC_FMNIST_C10CFG_K20_E100_DT_0_6 | Ep. 80/100 - Step 0/273 (0.0 it/s) |                    | - loss_cc=4.508 - loss_ce=2.099 - loss_ne=0.0242 - loss_div=0.0 - threshold=0.73 - loss=6.632
/scratch/e0538389/DivClust/engine/trainer.py:41: FutureWarning: `torch.cuda.amp.autocast(args...)` is deprecated. Please use `torch.amp.autocast('cuda', args...)` instead.
  with autocast(self.mixed_precision):
/scratch/e0538389/DivClust/engine/trainer.py:41: FutureWarning: `torch.cuda.amp.autocast(args...)` is deprecated. Please use `torch.amp.autocast('cuda', args...)` instead.
  with autocast(self.mixed_precision):
[2026-03-30 12:51:19](logger.py 179): id=CC_FMNIST_C10CFG_K20_E100_DT_0_6 | Ep. 80/100 - Step 25/273 (2.34 it/s) |#                   | - loss_cc=4.52 - loss_ce=2.105 - loss_ne=0.0148 - loss_div=0.000128 - threshold=0.728 - loss=6.64
/scratch/e0538389/DivClust/engine/trainer.py:41: FutureWarning: `torch.cuda.amp.autocast(args...)` is deprecated. Please use `torch.amp.autocast('cuda', args...)` instead.
  with autocast(self.mixed_precision):
[2026-03-30 12:51:30](logger.py 179): id=CC_FMNIST_C10CFG_K20_E100_DT_0_6 | Ep. 80/100 - Step 50/273 (2.33 it/s) |###                 | - loss_cc=4.523 - loss_ce=2.106 - loss_ne=0.0165 - loss_div=0.000273 - threshold=0.724 - loss=6.645
/scratch/e0538389/DivClust/engine/trainer.py:41: FutureWarning: `torch.cuda.amp.autocast(args...)` is deprecated. Please use `torch.amp.autocast('cuda', args...)` instead.
  with autocast(self.mixed_precision):
[2026-03-30 12:51:41](logger.py 179): id=CC_FMNIST_C10CFG_K20_E100_DT_0_6 | Ep. 80/100 - Step 75/273 (2.33 it/s) |#####               | - loss_cc=4.524 - loss_ce=2.106 - loss_ne=0.0162 - loss_div=0.000473 - threshold=0.72 - loss=6.648
/scratch/e0538389/DivClust/engine/trainer.py:41: FutureWarning: `torch.cuda.amp.autocast(args...)` is deprecated. Please use `torch.amp.autocast('cuda', args...)` instead.
  with autocast(self.mixed_precision):
[2026-03-30 12:51:52](logger.py 179): id=CC_FMNIST_C10CFG_K20_E100_DT_0_6 | Ep. 80/100 - Step 100/273 (2.32 it/s) |#######             | - loss_cc=4.525 - loss_ce=2.107 - loss_ne=0.0165 - loss_div=0.000473 - threshold=0.718 - loss=6.649
/scratch/e0538389/DivClust/engine/trainer.py:41: FutureWarning: `torch.cuda.amp.autocast(args...)` is deprecated. Please use `torch.amp.autocast('cuda', args...)` instead.
  with autocast(self.mixed_precision):
/scratch/e0538389/DivClust/engine/trainer.py:41: FutureWarning: `torch.cuda.amp.autocast(args...)` is deprecated. Please use `torch.amp.autocast('cuda', args...)` instead.
  with autocast(self.mixed_precision):
[2026-03-30 12:52:02](logger.py 179): id=CC_FMNIST_C10CFG_K20_E100_DT_0_6 | Ep. 80/100 - Step 125/273 (2.32 it/s) |#########           | - loss_cc=4.524 - loss_ce=2.107 - loss_ne=0.0163 - loss_div=0.000556 - threshold=0.717 - loss=6.648
/scratch/e0538389/DivClust/engine/trainer.py:41: FutureWarning: `torch.cuda.amp.autocast(args...)` is deprecated. Please use `torch.amp.autocast('cuda', args...)` instead.
  with autocast(self.mixed_precision):
[2026-03-30 12:52:13](logger.py 179): id=CC_FMNIST_C10CFG_K20_E100_DT_0_6 | Ep. 80/100 - Step 150/273 (2.32 it/s) |##########          | - loss_cc=4.524 - loss_ce=2.107 - loss_ne=0.0161 - loss_div=0.000524 - threshold=0.716 - loss=6.648
/scratch/e0538389/DivClust/engine/trainer.py:41: FutureWarning: `torch.cuda.amp.autocast(args...)` is deprecated. Please use `torch.amp.autocast('cuda', args...)` instead.
  with autocast(self.mixed_precision):
[2026-03-30 12:52:24](logger.py 179): id=CC_FMNIST_C10CFG_K20_E100_DT_0_6 | Ep. 80/100 - Step 175/273 (2.32 it/s) |############        | - loss_cc=4.524 - loss_ce=2.107 - loss_ne=0.0159 - loss_div=0.000471 - threshold=0.716 - loss=6.647
/scratch/e0538389/DivClust/engine/trainer.py:41: FutureWarning: `torch.cuda.amp.autocast(args...)` is deprecated. Please use `torch.amp.autocast('cuda', args...)` instead.
  with autocast(self.mixed_precision):
[2026-03-30 12:52:35](logger.py 179): id=CC_FMNIST_C10CFG_K20_E100_DT_0_6 | Ep. 80/100 - Step 200/273 (2.31 it/s) |##############      | - loss_cc=4.523 - loss_ce=2.107 - loss_ne=0.016 - loss_div=0.000546 - threshold=0.715 - loss=6.646
/scratch/e0538389/DivClust/engine/trainer.py:41: FutureWarning: `torch.cuda.amp.autocast(args...)` is deprecated. Please use `torch.amp.autocast('cuda', args...)` instead.
  with autocast(self.mixed_precision):
/scratch/e0538389/DivClust/engine/trainer.py:41: FutureWarning: `torch.cuda.amp.autocast(args...)` is deprecated. Please use `torch.amp.autocast('cuda', args...)` instead.
  with autocast(self.mixed_precision):
[2026-03-30 12:52:46](logger.py 179): id=CC_FMNIST_C10CFG_K20_E100_DT_0_6 | Ep. 80/100 - Step 225/273 (2.31 it/s) |################    | - loss_cc=4.522 - loss_ce=2.106 - loss_ne=0.0158 - loss_div=0.0006 - threshold=0.713 - loss=6.645
/scratch/e0538389/DivClust/engine/trainer.py:41: FutureWarning: `torch.cuda.amp.autocast(args...)` is deprecated. Please use `torch.amp.autocast('cuda', args...)` instead.
  with autocast(self.mixed_precision):
[2026-03-30 12:52:57](logger.py 179): id=CC_FMNIST_C10CFG_K20_E100_DT_0_6 | Ep. 80/100 - Step 250/273 (2.31 it/s) |##################  | - loss_cc=4.522 - loss_ce=2.106 - loss_ne=0.0159 - loss_div=0.000549 - threshold=0.713 - loss=6.645
/scratch/e0538389/DivClust/engine/trainer.py:41: FutureWarning: `torch.cuda.amp.autocast(args...)` is deprecated. Please use `torch.amp.autocast('cuda', args...)` instead.
  with autocast(self.mixed_precision):
[2026-03-30 12:53:06](logger.py 179): Evaluating
[2026-03-30 12:53:07](logger.py 179): Eval. step 0 of 274
[2026-03-30 12:53:09](logger.py 179): Eval. step 25 of 274
[2026-03-30 12:53:11](logger.py 179): Eval. step 50 of 274
[2026-03-30 12:53:14](logger.py 179): Eval. step 75 of 274
[2026-03-30 12:53:16](logger.py 179): Eval. step 100 of 274
[2026-03-30 12:53:18](logger.py 179): Eval. step 125 of 274
[2026-03-30 12:53:21](logger.py 179): Eval. step 150 of 274
[2026-03-30 12:53:23](logger.py 179): Eval. step 175 of 274
[2026-03-30 12:53:25](logger.py 179): Eval. step 200 of 274
[2026-03-30 12:53:28](logger.py 179): Eval. step 225 of 274
[2026-03-30 12:53:30](logger.py 179): Eval. step 250 of 274
[2026-03-30 12:53:34](logger.py 179): id=CC_FMNIST_C10CFG_K20_E100_DT_0_6 | Ep. 80/100 | Time: 00:02 | loss_cc=4.523 - loss_ce=2.107 - loss_ne=0.0158 - loss_div=0.000508 - threshold=0.714 - loss=6.646 - eval_confidence=0.902 - cluster_acc_0_eval=42.42 - cluster_nmi_0_eval=0.471 - cluster_ari_0_eval=0.308 - cluster_acc_1_eval=49.3 - cluster_nmi_1_eval=0.494 - cluster_ari_1_eval=0.339 - cluster_acc_2_eval=48.41 - cluster_nmi_2_eval=0.518 - cluster_ari_2_eval=0.349 - cluster_acc_3_eval=50.61 - cluster_nmi_3_eval=0.504 - cluster_ari_3_eval=0.345 - cluster_acc_4_eval=54.45 - cluster_nmi_4_eval=0.541 - cluster_ari_4_eval=0.403 - cluster_acc_5_eval=63.99 - cluster_nmi_5_eval=0.614 - cluster_ari_5_eval=0.515 - cluster_acc_6_eval=55.17 - cluster_nmi_6_eval=0.562 - cluster_ari_6_eval=0.422 - cluster_acc_7_eval=58.75 - cluster_nmi_7_eval=0.575 - cluster_ari_7_eval=0.46 - cluster_acc_8_eval=56.52 - cluster_nmi_8_eval=0.529 - cluster_ari_8_eval=0.411 - cluster_acc_9_eval=55.28 - cluster_nmi_9_eval=0.562 - cluster_ari_9_eval=0.421 - cluster_acc_10_eval=50.39 - cluster_nmi_10_eval=0.528 - cluster_ari_10_eval=0.377 - cluster_acc_11_eval=50.14 - cluster_nmi_11_eval=0.526 - cluster_ari_11_eval=0.375 - cluster_acc_12_eval=52.79 - cluster_nmi_12_eval=0.543 - cluster_ari_12_eval=0.414 - cluster_acc_13_eval=56.58 - cluster_nmi_13_eval=0.539 - cluster_ari_13_eval=0.414 - cluster_acc_14_eval=52.61 - cluster_nmi_14_eval=0.545 - cluster_ari_14_eval=0.39 - cluster_acc_15_eval=56.03 - cluster_nmi_15_eval=0.544 - cluster_ari_15_eval=0.402 - cluster_acc_16_eval=54.76 - cluster_nmi_16_eval=0.54 - cluster_ari_16_eval=0.419 - cluster_acc_17_eval=52.64 - cluster_nmi_17_eval=0.558 - cluster_ari_17_eval=0.403 - cluster_acc_18_eval=54.75 - cluster_nmi_18_eval=0.53 - cluster_ari_18_eval=0.393 - cluster_acc_19_eval=58.95 - cluster_nmi_19_eval=0.557 - cluster_ari_19_eval=0.436 - max_cluster_acc_eval=63.99 - mean_cluster_acc_eval=53.73 - min_cluster_acc_eval=42.42 - max_cluster_nmi_eval=0.614 - mean_cluster_nmi_eval=0.539 - min_cluster_nmi_eval=0.471 - max_cluster_ari_eval=0.515 - mean_cluster_ari_eval=0.4 - min_cluster_ari_eval=0.308 - interclustering_nmi_eval=0.602
/scratch/e0538389/DivClust/engine/trainer.py:41: FutureWarning: `torch.cuda.amp.autocast(args...)` is deprecated. Please use `torch.amp.autocast('cuda', args...)` instead.
  with autocast(self.mixed_precision):
[2026-03-30 12:53:36](logger.py 179): id=CC_FMNIST_C10CFG_K20_E100_DT_0_6 | Ep. 81/100 - Step 0/273 (0.0 it/s) |                    | - loss_cc=4.535 - loss_ce=2.118 - loss_ne=0.0135 - loss_div=0.0 - threshold=0.722 - loss=6.666
/scratch/e0538389/DivClust/engine/trainer.py:41: FutureWarning: `torch.cuda.amp.autocast(args...)` is deprecated. Please use `torch.amp.autocast('cuda', args...)` instead.
  with autocast(self.mixed_precision):
[2026-03-30 12:53:46](logger.py 179): id=CC_FMNIST_C10CFG_K20_E100_DT_0_6 | Ep. 81/100 - Step 25/273 (2.39 it/s) |#                   | - loss_cc=4.519 - loss_ce=2.106 - loss_ne=0.0164 - loss_div=3.37e-05 - threshold=0.728 - loss=6.642
/scratch/e0538389/DivClust/engine/trainer.py:41: FutureWarning: `torch.cuda.amp.autocast(args...)` is deprecated. Please use `torch.amp.autocast('cuda', args...)` instead.
  with autocast(self.mixed_precision):
/scratch/e0538389/DivClust/engine/trainer.py:41: FutureWarning: `torch.cuda.amp.autocast(args...)` is deprecated. Please use `torch.amp.autocast('cuda', args...)` instead.
  with autocast(self.mixed_precision):
[2026-03-30 12:53:57](logger.py 179): id=CC_FMNIST_C10CFG_K20_E100_DT_0_6 | Ep. 81/100 - Step 50/273 (2.33 it/s) |###                 | - loss_cc=4.522 - loss_ce=2.107 - loss_ne=0.017 - loss_div=0.000251 - threshold=0.725 - loss=6.646
/scratch/e0538389/DivClust/engine/trainer.py:41: FutureWarning: `torch.cuda.amp.autocast(args...)` is deprecated. Please use `torch.amp.autocast('cuda', args...)` instead.
  with autocast(self.mixed_precision):
[2026-03-30 12:54:08](logger.py 179): id=CC_FMNIST_C10CFG_K20_E100_DT_0_6 | Ep. 81/100 - Step 75/273 (2.33 it/s) |#####               | - loss_cc=4.525 - loss_ce=2.107 - loss_ne=0.0165 - loss_div=0.000571 - threshold=0.721 - loss=6.649
/scratch/e0538389/DivClust/engine/trainer.py:41: FutureWarning: `torch.cuda.amp.autocast(args...)` is deprecated. Please use `torch.amp.autocast('cuda', args...)` instead.
  with autocast(self.mixed_precision):
[2026-03-30 12:54:19](logger.py 179): id=CC_FMNIST_C10CFG_K20_E100_DT_0_6 | Ep. 81/100 - Step 100/273 (2.33 it/s) |#######             | - loss_cc=4.524 - loss_ce=2.107 - loss_ne=0.0172 - loss_div=0.000789 - threshold=0.717 - loss=6.649
/scratch/e0538389/DivClust/engine/trainer.py:41: FutureWarning: `torch.cuda.amp.autocast(args...)` is deprecated. Please use `torch.amp.autocast('cuda', args...)` instead.
  with autocast(self.mixed_precision):
[2026-03-30 12:54:30](logger.py 179): id=CC_FMNIST_C10CFG_K20_E100_DT_0_6 | Ep. 81/100 - Step 125/273 (2.32 it/s) |#########           | - loss_cc=4.524 - loss_ce=2.107 - loss_ne=0.0167 - loss_div=0.000754 - threshold=0.714 - loss=6.648
/scratch/e0538389/DivClust/engine/trainer.py:41: FutureWarning: `torch.cuda.amp.autocast(args...)` is deprecated. Please use `torch.amp.autocast('cuda', args...)` instead.
  with autocast(self.mixed_precision):
/scratch/e0538389/DivClust/engine/trainer.py:41: FutureWarning: `torch.cuda.amp.autocast(args...)` is deprecated. Please use `torch.amp.autocast('cuda', args...)` instead.
  with autocast(self.mixed_precision):
[2026-03-30 12:54:41](logger.py 179): id=CC_FMNIST_C10CFG_K20_E100_DT_0_6 | Ep. 81/100 - Step 150/273 (2.31 it/s) |##########          | - loss_cc=4.524 - loss_ce=2.107 - loss_ne=0.0167 - loss_div=0.00066 - threshold=0.714 - loss=6.648
/scratch/e0538389/DivClust/engine/trainer.py:41: FutureWarning: `torch.cuda.amp.autocast(args...)` is deprecated. Please use `torch.amp.autocast('cuda', args...)` instead.
  with autocast(self.mixed_precision):
[2026-03-30 12:54:51](logger.py 179): id=CC_FMNIST_C10CFG_K20_E100_DT_0_6 | Ep. 81/100 - Step 175/273 (2.32 it/s) |############        | - loss_cc=4.524 - loss_ce=2.107 - loss_ne=0.0168 - loss_div=0.000643 - threshold=0.714 - loss=6.648
/scratch/e0538389/DivClust/engine/trainer.py:41: FutureWarning: `torch.cuda.amp.autocast(args...)` is deprecated. Please use `torch.amp.autocast('cuda', args...)` instead.
  with autocast(self.mixed_precision):
[2026-03-30 12:55:02](logger.py 179): id=CC_FMNIST_C10CFG_K20_E100_DT_0_6 | Ep. 81/100 - Step 200/273 (2.33 it/s) |##############      | - loss_cc=4.525 - loss_ce=2.107 - loss_ne=0.0166 - loss_div=0.00057 - threshold=0.714 - loss=6.649
/scratch/e0538389/DivClust/engine/trainer.py:41: FutureWarning: `torch.cuda.amp.autocast(args...)` is deprecated. Please use `torch.amp.autocast('cuda', args...)` instead.
  with autocast(self.mixed_precision):
[2026-03-30 12:55:12](logger.py 179): id=CC_FMNIST_C10CFG_K20_E100_DT_0_6 | Ep. 81/100 - Step 225/273 (2.34 it/s) |################    | - loss_cc=4.525 - loss_ce=2.107 - loss_ne=0.0167 - loss_div=0.000513 - threshold=0.716 - loss=6.649
/scratch/e0538389/DivClust/engine/trainer.py:41: FutureWarning: `torch.cuda.amp.autocast(args...)` is deprecated. Please use `torch.amp.autocast('cuda', args...)` instead.
  with autocast(self.mixed_precision):
/scratch/e0538389/DivClust/engine/trainer.py:41: FutureWarning: `torch.cuda.amp.autocast(args...)` is deprecated. Please use `torch.amp.autocast('cuda', args...)` instead.
  with autocast(self.mixed_precision):
[2026-03-30 12:55:23](logger.py 179): id=CC_FMNIST_C10CFG_K20_E100_DT_0_6 | Ep. 81/100 - Step 250/273 (2.33 it/s) |##################  | - loss_cc=4.524 - loss_ce=2.107 - loss_ne=0.0164 - loss_div=0.000507 - threshold=0.716 - loss=6.648
/scratch/e0538389/DivClust/engine/trainer.py:41: FutureWarning: `torch.cuda.amp.autocast(args...)` is deprecated. Please use `torch.amp.autocast('cuda', args...)` instead.
  with autocast(self.mixed_precision):
[2026-03-30 12:55:32](logger.py 179): id=CC_FMNIST_C10CFG_K20_E100_DT_0_6 | Ep. 81/100 | Time: 00:01 | loss_cc=4.524 - loss_ce=2.107 - loss_ne=0.0163 - loss_div=0.000525 - threshold=0.716 - loss=6.648
[2026-03-30 12:55:34](logger.py 179): id=CC_FMNIST_C10CFG_K20_E100_DT_0_6 | Ep. 82/100 - Step 0/273 (0.0 it/s) |                    | - loss_cc=4.585 - loss_ce=2.125 - loss_ne=0.0137 - loss_div=0.000865 - threshold=0.708 - loss=6.724
/scratch/e0538389/DivClust/engine/trainer.py:41: FutureWarning: `torch.cuda.amp.autocast(args...)` is deprecated. Please use `torch.amp.autocast('cuda', args...)` instead.
  with autocast(self.mixed_precision):
[2026-03-30 12:55:45](logger.py 179): id=CC_FMNIST_C10CFG_K20_E100_DT_0_6 | Ep. 82/100 - Step 25/273 (2.26 it/s) |#                   | - loss_cc=4.526 - loss_ce=2.107 - loss_ne=0.0155 - loss_div=0.00107 - threshold=0.704 - loss=6.649
/scratch/e0538389/DivClust/engine/trainer.py:41: FutureWarning: `torch.cuda.amp.autocast(args...)` is deprecated. Please use `torch.amp.autocast('cuda', args...)` instead.
  with autocast(self.mixed_precision):
[2026-03-30 12:55:56](logger.py 179): id=CC_FMNIST_C10CFG_K20_E100_DT_0_6 | Ep. 82/100 - Step 50/273 (2.31 it/s) |###                 | - loss_cc=4.525 - loss_ce=2.107 - loss_ne=0.0152 - loss_div=0.00074 - threshold=0.705 - loss=6.648
/scratch/e0538389/DivClust/engine/trainer.py:41: FutureWarning: `torch.cuda.amp.autocast(args...)` is deprecated. Please use `torch.amp.autocast('cuda', args...)` instead.
  with autocast(self.mixed_precision):
/scratch/e0538389/DivClust/engine/trainer.py:41: FutureWarning: `torch.cuda.amp.autocast(args...)` is deprecated. Please use `torch.amp.autocast('cuda', args...)` instead.
  with autocast(self.mixed_precision):
[2026-03-30 12:56:07](logger.py 179): id=CC_FMNIST_C10CFG_K20_E100_DT_0_6 | Ep. 82/100 - Step 75/273 (2.31 it/s) |#####               | - loss_cc=4.524 - loss_ce=2.107 - loss_ne=0.0152 - loss_div=0.000563 - threshold=0.708 - loss=6.647
/scratch/e0538389/DivClust/engine/trainer.py:41: FutureWarning: `torch.cuda.amp.autocast(args...)` is deprecated. Please use `torch.amp.autocast('cuda', args...)` instead.
  with autocast(self.mixed_precision):
[2026-03-30 12:56:17](logger.py 179): id=CC_FMNIST_C10CFG_K20_E100_DT_0_6 | Ep. 82/100 - Step 100/273 (2.32 it/s) |#######             | - loss_cc=4.523 - loss_ce=2.106 - loss_ne=0.0149 - loss_div=0.000468 - threshold=0.711 - loss=6.645
/scratch/e0538389/DivClust/engine/trainer.py:41: FutureWarning: `torch.cuda.amp.autocast(args...)` is deprecated. Please use `torch.amp.autocast('cuda', args...)` instead.
  with autocast(self.mixed_precision):
[2026-03-30 12:56:28](logger.py 179): id=CC_FMNIST_C10CFG_K20_E100_DT_0_6 | Ep. 82/100 - Step 125/273 (2.32 it/s) |#########           | - loss_cc=4.522 - loss_ce=2.106 - loss_ne=0.0149 - loss_div=0.000431 - threshold=0.712 - loss=6.644
/scratch/e0538389/DivClust/engine/trainer.py:41: FutureWarning: `torch.cuda.amp.autocast(args...)` is deprecated. Please use `torch.amp.autocast('cuda', args...)` instead.
  with autocast(self.mixed_precision):
[2026-03-30 12:56:39](logger.py 179): id=CC_FMNIST_C10CFG_K20_E100_DT_0_6 | Ep. 82/100 - Step 150/273 (2.32 it/s) |##########          | - loss_cc=4.522 - loss_ce=2.106 - loss_ne=0.015 - loss_div=0.000382 - threshold=0.713 - loss=6.643
/scratch/e0538389/DivClust/engine/trainer.py:41: FutureWarning: `torch.cuda.amp.autocast(args...)` is deprecated. Please use `torch.amp.autocast('cuda', args...)` instead.
  with autocast(self.mixed_precision):
/scratch/e0538389/DivClust/engine/trainer.py:41: FutureWarning: `torch.cuda.amp.autocast(args...)` is deprecated. Please use `torch.amp.autocast('cuda', args...)` instead.
  with autocast(self.mixed_precision):
[2026-03-30 12:56:50](logger.py 179): id=CC_FMNIST_C10CFG_K20_E100_DT_0_6 | Ep. 82/100 - Step 175/273 (2.32 it/s) |############        | - loss_cc=4.522 - loss_ce=2.106 - loss_ne=0.0149 - loss_div=0.000487 - threshold=0.712 - loss=6.643
/scratch/e0538389/DivClust/engine/trainer.py:41: FutureWarning: `torch.cuda.amp.autocast(args...)` is deprecated. Please use `torch.amp.autocast('cuda', args...)` instead.
  with autocast(self.mixed_precision):
[2026-03-30 12:57:01](logger.py 179): id=CC_FMNIST_C10CFG_K20_E100_DT_0_6 | Ep. 82/100 - Step 200/273 (2.32 it/s) |##############      | - loss_cc=4.521 - loss_ce=2.105 - loss_ne=0.0151 - loss_div=0.000579 - threshold=0.711 - loss=6.642
/scratch/e0538389/DivClust/engine/trainer.py:41: FutureWarning: `torch.cuda.amp.autocast(args...)` is deprecated. Please use `torch.amp.autocast('cuda', args...)` instead.
  with autocast(self.mixed_precision):
[2026-03-30 12:57:11](logger.py 179): id=CC_FMNIST_C10CFG_K20_E100_DT_0_6 | Ep. 82/100 - Step 225/273 (2.32 it/s) |################    | - loss_cc=4.521 - loss_ce=2.106 - loss_ne=0.0152 - loss_div=0.000591 - threshold=0.71 - loss=6.642
/scratch/e0538389/DivClust/engine/trainer.py:41: FutureWarning: `torch.cuda.amp.autocast(args...)` is deprecated. Please use `torch.amp.autocast('cuda', args...)` instead.
  with autocast(self.mixed_precision):
[2026-03-30 12:57:22](logger.py 179): id=CC_FMNIST_C10CFG_K20_E100_DT_0_6 | Ep. 82/100 - Step 250/273 (2.32 it/s) |##################  | - loss_cc=4.521 - loss_ce=2.106 - loss_ne=0.0153 - loss_div=0.00061 - threshold=0.71 - loss=6.643
/scratch/e0538389/DivClust/engine/trainer.py:41: FutureWarning: `torch.cuda.amp.autocast(args...)` is deprecated. Please use `torch.amp.autocast('cuda', args...)` instead.
  with autocast(self.mixed_precision):
[2026-03-30 12:57:31](logger.py 179): id=CC_FMNIST_C10CFG_K20_E100_DT_0_6 | Ep. 82/100 | Time: 00:01 | loss_cc=4.521 - loss_ce=2.106 - loss_ne=0.0154 - loss_div=0.000581 - threshold=0.71 - loss=6.643
[2026-03-30 12:57:34](logger.py 179): id=CC_FMNIST_C10CFG_K20_E100_DT_0_6 | Ep. 83/100 - Step 0/273 (0.0 it/s) |                    | - loss_cc=4.526 - loss_ce=2.102 - loss_ne=0.0152 - loss_div=0.000381 - threshold=0.714 - loss=6.644
/scratch/e0538389/DivClust/engine/trainer.py:41: FutureWarning: `torch.cuda.amp.autocast(args...)` is deprecated. Please use `torch.amp.autocast('cuda', args...)` instead.
  with autocast(self.mixed_precision):
/scratch/e0538389/DivClust/engine/trainer.py:41: FutureWarning: `torch.cuda.amp.autocast(args...)` is deprecated. Please use `torch.amp.autocast('cuda', args...)` instead.
  with autocast(self.mixed_precision):
[2026-03-30 12:57:45](logger.py 179): id=CC_FMNIST_C10CFG_K20_E100_DT_0_6 | Ep. 83/100 - Step 25/273 (2.28 it/s) |#                   | - loss_cc=4.518 - loss_ce=2.105 - loss_ne=0.0148 - loss_div=7.7e-05 - threshold=0.72 - loss=6.637
/scratch/e0538389/DivClust/engine/trainer.py:41: FutureWarning: `torch.cuda.amp.autocast(args...)` is deprecated. Please use `torch.amp.autocast('cuda', args...)` instead.
  with autocast(self.mixed_precision):
[2026-03-30 12:57:55](logger.py 179): id=CC_FMNIST_C10CFG_K20_E100_DT_0_6 | Ep. 83/100 - Step 50/273 (2.32 it/s) |###                 | - loss_cc=4.519 - loss_ce=2.105 - loss_ne=0.0154 - loss_div=0.00025 - threshold=0.716 - loss=6.64
/scratch/e0538389/DivClust/engine/trainer.py:41: FutureWarning: `torch.cuda.amp.autocast(args...)` is deprecated. Please use `torch.amp.autocast('cuda', args...)` instead.
  with autocast(self.mixed_precision):
[2026-03-30 12:58:06](logger.py 179): id=CC_FMNIST_C10CFG_K20_E100_DT_0_6 | Ep. 83/100 - Step 75/273 (2.34 it/s) |#####               | - loss_cc=4.518 - loss_ce=2.105 - loss_ne=0.0158 - loss_div=0.000647 - threshold=0.711 - loss=6.64
/scratch/e0538389/DivClust/engine/trainer.py:41: FutureWarning: `torch.cuda.amp.autocast(args...)` is deprecated. Please use `torch.amp.autocast('cuda', args...)` instead.
  with autocast(self.mixed_precision):
[2026-03-30 12:58:16](logger.py 179): id=CC_FMNIST_C10CFG_K20_E100_DT_0_6 | Ep. 83/100 - Step 100/273 (2.35 it/s) |#######             | - loss_cc=4.521 - loss_ce=2.106 - loss_ne=0.0159 - loss_div=0.000597 - threshold=0.71 - loss=6.643
/scratch/e0538389/DivClust/engine/trainer.py:41: FutureWarning: `torch.cuda.amp.autocast(args...)` is deprecated. Please use `torch.amp.autocast('cuda', args...)` instead.
  with autocast(self.mixed_precision):
/scratch/e0538389/DivClust/engine/trainer.py:41: FutureWarning: `torch.cuda.amp.autocast(args...)` is deprecated. Please use `torch.amp.autocast('cuda', args...)` instead.
  with autocast(self.mixed_precision):
[2026-03-30 12:58:27](logger.py 179): id=CC_FMNIST_C10CFG_K20_E100_DT_0_6 | Ep. 83/100 - Step 125/273 (2.35 it/s) |#########           | - loss_cc=4.521 - loss_ce=2.106 - loss_ne=0.0159 - loss_div=0.000505 - threshold=0.711 - loss=6.644
/scratch/e0538389/DivClust/engine/trainer.py:41: FutureWarning: `torch.cuda.amp.autocast(args...)` is deprecated. Please use `torch.amp.autocast('cuda', args...)` instead.
  with autocast(self.mixed_precision):
[2026-03-30 12:58:37](logger.py 179): id=CC_FMNIST_C10CFG_K20_E100_DT_0_6 | Ep. 83/100 - Step 150/273 (2.35 it/s) |##########          | - loss_cc=4.522 - loss_ce=2.106 - loss_ne=0.0157 - loss_div=0.000451 - threshold=0.712 - loss=6.645
/scratch/e0538389/DivClust/engine/trainer.py:41: FutureWarning: `torch.cuda.amp.autocast(args...)` is deprecated. Please use `torch.amp.autocast('cuda', args...)` instead.
  with autocast(self.mixed_precision):
[2026-03-30 12:58:48](logger.py 179): id=CC_FMNIST_C10CFG_K20_E100_DT_0_6 | Ep. 83/100 - Step 175/273 (2.36 it/s) |############        | - loss_cc=4.522 - loss_ce=2.106 - loss_ne=0.0157 - loss_div=0.000486 - threshold=0.712 - loss=6.644
/scratch/e0538389/DivClust/engine/trainer.py:41: FutureWarning: `torch.cuda.amp.autocast(args...)` is deprecated. Please use `torch.amp.autocast('cuda', args...)` instead.
  with autocast(self.mixed_precision):
[2026-03-30 12:58:59](logger.py 179): id=CC_FMNIST_C10CFG_K20_E100_DT_0_6 | Ep. 83/100 - Step 200/273 (2.35 it/s) |##############      | - loss_cc=4.522 - loss_ce=2.106 - loss_ne=0.0158 - loss_div=0.000551 - threshold=0.711 - loss=6.644
/scratch/e0538389/DivClust/engine/trainer.py:41: FutureWarning: `torch.cuda.amp.autocast(args...)` is deprecated. Please use `torch.amp.autocast('cuda', args...)` instead.
  with autocast(self.mixed_precision):
/scratch/e0538389/DivClust/engine/trainer.py:41: FutureWarning: `torch.cuda.amp.autocast(args...)` is deprecated. Please use `torch.amp.autocast('cuda', args...)` instead.
  with autocast(self.mixed_precision):
[2026-03-30 12:59:09](logger.py 179): id=CC_FMNIST_C10CFG_K20_E100_DT_0_6 | Ep. 83/100 - Step 225/273 (2.35 it/s) |################    | - loss_cc=4.522 - loss_ce=2.107 - loss_ne=0.0157 - loss_div=0.000521 - threshold=0.71 - loss=6.645
/scratch/e0538389/DivClust/engine/trainer.py:41: FutureWarning: `torch.cuda.amp.autocast(args...)` is deprecated. Please use `torch.amp.autocast('cuda', args...)` instead.
  with autocast(self.mixed_precision):
[2026-03-30 12:59:20](logger.py 179): id=CC_FMNIST_C10CFG_K20_E100_DT_0_6 | Ep. 83/100 - Step 250/273 (2.35 it/s) |##################  | - loss_cc=4.522 - loss_ce=2.106 - loss_ne=0.0158 - loss_div=0.00048 - threshold=0.711 - loss=6.644
/scratch/e0538389/DivClust/engine/trainer.py:41: FutureWarning: `torch.cuda.amp.autocast(args...)` is deprecated. Please use `torch.amp.autocast('cuda', args...)` instead.
  with autocast(self.mixed_precision):
[2026-03-30 12:59:29](logger.py 179): id=CC_FMNIST_C10CFG_K20_E100_DT_0_6 | Ep. 83/100 | Time: 00:01 | loss_cc=4.522 - loss_ce=2.106 - loss_ne=0.0157 - loss_div=0.000459 - threshold=0.711 - loss=6.644
[2026-03-30 12:59:32](logger.py 179): id=CC_FMNIST_C10CFG_K20_E100_DT_0_6 | Ep. 84/100 - Step 0/273 (0.0 it/s) |                    | - loss_cc=4.52 - loss_ce=2.111 - loss_ne=0.00863 - loss_div=0.0 - threshold=0.714 - loss=6.64
/scratch/e0538389/DivClust/engine/trainer.py:41: FutureWarning: `torch.cuda.amp.autocast(args...)` is deprecated. Please use `torch.amp.autocast('cuda', args...)` instead.
  with autocast(self.mixed_precision):
[2026-03-30 12:59:42](logger.py 179): id=CC_FMNIST_C10CFG_K20_E100_DT_0_6 | Ep. 84/100 - Step 25/273 (2.38 it/s) |#                   | - loss_cc=4.523 - loss_ce=2.107 - loss_ne=0.0147 - loss_div=0.000626 - threshold=0.709 - loss=6.645
/scratch/e0538389/DivClust/engine/trainer.py:41: FutureWarning: `torch.cuda.amp.autocast(args...)` is deprecated. Please use `torch.amp.autocast('cuda', args...)` instead.
  with autocast(self.mixed_precision):
/scratch/e0538389/DivClust/engine/trainer.py:41: FutureWarning: `torch.cuda.amp.autocast(args...)` is deprecated. Please use `torch.amp.autocast('cuda', args...)` instead.
  with autocast(self.mixed_precision):
[2026-03-30 12:59:53](logger.py 179): id=CC_FMNIST_C10CFG_K20_E100_DT_0_6 | Ep. 84/100 - Step 50/273 (2.33 it/s) |###                 | - loss_cc=4.522 - loss_ce=2.106 - loss_ne=0.0147 - loss_div=0.00039 - threshold=0.711 - loss=6.643
/scratch/e0538389/DivClust/engine/trainer.py:41: FutureWarning: `torch.cuda.amp.autocast(args...)` is deprecated. Please use `torch.amp.autocast('cuda', args...)` instead.
  with autocast(self.mixed_precision):
[2026-03-30 13:00:04](logger.py 179): id=CC_FMNIST_C10CFG_K20_E100_DT_0_6 | Ep. 84/100 - Step 75/273 (2.33 it/s) |#####               | - loss_cc=4.521 - loss_ce=2.106 - loss_ne=0.0152 - loss_div=0.000296 - threshold=0.714 - loss=6.643
/scratch/e0538389/DivClust/engine/trainer.py:41: FutureWarning: `torch.cuda.amp.autocast(args...)` is deprecated. Please use `torch.amp.autocast('cuda', args...)` instead.
  with autocast(self.mixed_precision):
[2026-03-30 13:00:14](logger.py 179): id=CC_FMNIST_C10CFG_K20_E100_DT_0_6 | Ep. 84/100 - Step 100/273 (2.33 it/s) |#######             | - loss_cc=4.523 - loss_ce=2.106 - loss_ne=0.0157 - loss_div=0.000342 - threshold=0.713 - loss=6.645
/scratch/e0538389/DivClust/engine/trainer.py:41: FutureWarning: `torch.cuda.amp.autocast(args...)` is deprecated. Please use `torch.amp.autocast('cuda', args...)` instead.
  with autocast(self.mixed_precision):
[2026-03-30 13:00:25](logger.py 179): id=CC_FMNIST_C10CFG_K20_E100_DT_0_6 | Ep. 84/100 - Step 125/273 (2.33 it/s) |#########           | - loss_cc=4.522 - loss_ce=2.106 - loss_ne=0.0159 - loss_div=0.000343 - threshold=0.713 - loss=6.644
/scratch/e0538389/DivClust/engine/trainer.py:41: FutureWarning: `torch.cuda.amp.autocast(args...)` is deprecated. Please use `torch.amp.autocast('cuda', args...)` instead.
  with autocast(self.mixed_precision):
/scratch/e0538389/DivClust/engine/trainer.py:41: FutureWarning: `torch.cuda.amp.autocast(args...)` is deprecated. Please use `torch.amp.autocast('cuda', args...)` instead.
  with autocast(self.mixed_precision):
[2026-03-30 13:00:36](logger.py 179): id=CC_FMNIST_C10CFG_K20_E100_DT_0_6 | Ep. 84/100 - Step 150/273 (2.31 it/s) |##########          | - loss_cc=4.524 - loss_ce=2.107 - loss_ne=0.0159 - loss_div=0.000381 - threshold=0.712 - loss=6.647
/scratch/e0538389/DivClust/engine/trainer.py:41: FutureWarning: `torch.cuda.amp.autocast(args...)` is deprecated. Please use `torch.amp.autocast('cuda', args...)` instead.
  with autocast(self.mixed_precision):
[2026-03-30 13:00:47](logger.py 179): id=CC_FMNIST_C10CFG_K20_E100_DT_0_6 | Ep. 84/100 - Step 175/273 (2.31 it/s) |############        | - loss_cc=4.524 - loss_ce=2.107 - loss_ne=0.0159 - loss_div=0.000474 - threshold=0.712 - loss=6.647
/scratch/e0538389/DivClust/engine/trainer.py:41: FutureWarning: `torch.cuda.amp.autocast(args...)` is deprecated. Please use `torch.amp.autocast('cuda', args...)` instead.
  with autocast(self.mixed_precision):
[2026-03-30 13:00:58](logger.py 179): id=CC_FMNIST_C10CFG_K20_E100_DT_0_6 | Ep. 84/100 - Step 200/273 (2.31 it/s) |##############      | - loss_cc=4.523 - loss_ce=2.106 - loss_ne=0.016 - loss_div=0.000648 - threshold=0.711 - loss=6.646
/scratch/e0538389/DivClust/engine/trainer.py:41: FutureWarning: `torch.cuda.amp.autocast(args...)` is deprecated. Please use `torch.amp.autocast('cuda', args...)` instead.
  with autocast(self.mixed_precision):
[2026-03-30 13:01:09](logger.py 179): id=CC_FMNIST_C10CFG_K20_E100_DT_0_6 | Ep. 84/100 - Step 225/273 (2.32 it/s) |################    | - loss_cc=4.523 - loss_ce=2.106 - loss_ne=0.0159 - loss_div=0.000636 - threshold=0.71 - loss=6.646
/scratch/e0538389/DivClust/engine/trainer.py:41: FutureWarning: `torch.cuda.amp.autocast(args...)` is deprecated. Please use `torch.amp.autocast('cuda', args...)` instead.
  with autocast(self.mixed_precision):
/scratch/e0538389/DivClust/engine/trainer.py:41: FutureWarning: `torch.cuda.amp.autocast(args...)` is deprecated. Please use `torch.amp.autocast('cuda', args...)` instead.
  with autocast(self.mixed_precision):
[2026-03-30 13:01:20](logger.py 179): id=CC_FMNIST_C10CFG_K20_E100_DT_0_6 | Ep. 84/100 - Step 250/273 (2.31 it/s) |##################  | - loss_cc=4.523 - loss_ce=2.107 - loss_ne=0.016 - loss_div=0.000581 - threshold=0.71 - loss=6.646
/scratch/e0538389/DivClust/engine/trainer.py:41: FutureWarning: `torch.cuda.amp.autocast(args...)` is deprecated. Please use `torch.amp.autocast('cuda', args...)` instead.
  with autocast(self.mixed_precision):
[2026-03-30 13:01:29](logger.py 179): id=CC_FMNIST_C10CFG_K20_E100_DT_0_6 | Ep. 84/100 | Time: 00:01 | loss_cc=4.524 - loss_ce=2.107 - loss_ne=0.016 - loss_div=0.000534 - threshold=0.711 - loss=6.647
[2026-03-30 13:01:32](logger.py 179): id=CC_FMNIST_C10CFG_K20_E100_DT_0_6 | Ep. 85/100 - Step 0/273 (0.0 it/s) |                    | - loss_cc=4.539 - loss_ce=2.115 - loss_ne=0.0206 - loss_div=0.0 - threshold=0.728 - loss=6.675
/scratch/e0538389/DivClust/engine/trainer.py:41: FutureWarning: `torch.cuda.amp.autocast(args...)` is deprecated. Please use `torch.amp.autocast('cuda', args...)` instead.
  with autocast(self.mixed_precision):
[2026-03-30 13:01:43](logger.py 179): id=CC_FMNIST_C10CFG_K20_E100_DT_0_6 | Ep. 85/100 - Step 25/273 (2.39 it/s) |#                   | - loss_cc=4.515 - loss_ce=2.103 - loss_ne=0.0135 - loss_div=0.0 - threshold=0.725 - loss=6.632
/scratch/e0538389/DivClust/engine/trainer.py:41: FutureWarning: `torch.cuda.amp.autocast(args...)` is deprecated. Please use `torch.amp.autocast('cuda', args...)` instead.
  with autocast(self.mixed_precision):
[2026-03-30 13:01:53](logger.py 179): id=CC_FMNIST_C10CFG_K20_E100_DT_0_6 | Ep. 85/100 - Step 50/273 (2.36 it/s) |###                 | - loss_cc=4.521 - loss_ce=2.106 - loss_ne=0.0143 - loss_div=0.000293 - threshold=0.72 - loss=6.641
/scratch/e0538389/DivClust/engine/trainer.py:41: FutureWarning: `torch.cuda.amp.autocast(args...)` is deprecated. Please use `torch.amp.autocast('cuda', args...)` instead.
  with autocast(self.mixed_precision):
[2026-03-30 13:02:04](logger.py 179): id=CC_FMNIST_C10CFG_K20_E100_DT_0_6 | Ep. 85/100 - Step 75/273 (2.35 it/s) |#####               | - loss_cc=4.522 - loss_ce=2.106 - loss_ne=0.015 - loss_div=0.000551 - threshold=0.716 - loss=6.643
/scratch/e0538389/DivClust/engine/trainer.py:41: FutureWarning: `torch.cuda.amp.autocast(args...)` is deprecated. Please use `torch.amp.autocast('cuda', args...)` instead.
  with autocast(self.mixed_precision):
/scratch/e0538389/DivClust/engine/trainer.py:41: FutureWarning: `torch.cuda.amp.autocast(args...)` is deprecated. Please use `torch.amp.autocast('cuda', args...)` instead.
  with autocast(self.mixed_precision):
[2026-03-30 13:02:14](logger.py 179): id=CC_FMNIST_C10CFG_K20_E100_DT_0_6 | Ep. 85/100 - Step 100/273 (2.36 it/s) |#######             | - loss_cc=4.521 - loss_ce=2.106 - loss_ne=0.015 - loss_div=0.000509 - threshold=0.715 - loss=6.643
/scratch/e0538389/DivClust/engine/trainer.py:41: FutureWarning: `torch.cuda.amp.autocast(args...)` is deprecated. Please use `torch.amp.autocast('cuda', args...)` instead.
  with autocast(self.mixed_precision):
[2026-03-30 13:02:25](logger.py 179): id=CC_FMNIST_C10CFG_K20_E100_DT_0_6 | Ep. 85/100 - Step 125/273 (2.36 it/s) |#########           | - loss_cc=4.521 - loss_ce=2.106 - loss_ne=0.015 - loss_div=0.000601 - threshold=0.714 - loss=6.642
/scratch/e0538389/DivClust/engine/trainer.py:41: FutureWarning: `torch.cuda.amp.autocast(args...)` is deprecated. Please use `torch.amp.autocast('cuda', args...)` instead.
  with autocast(self.mixed_precision):
[2026-03-30 13:02:35](logger.py 179): id=CC_FMNIST_C10CFG_K20_E100_DT_0_6 | Ep. 85/100 - Step 150/273 (2.37 it/s) |##########          | - loss_cc=4.521 - loss_ce=2.106 - loss_ne=0.0151 - loss_div=0.000518 - threshold=0.714 - loss=6.642
/scratch/e0538389/DivClust/engine/trainer.py:41: FutureWarning: `torch.cuda.amp.autocast(args...)` is deprecated. Please use `torch.amp.autocast('cuda', args...)` instead.
  with autocast(self.mixed_precision):
[2026-03-30 13:02:47](logger.py 179): id=CC_FMNIST_C10CFG_K20_E100_DT_0_6 | Ep. 85/100 - Step 175/273 (2.35 it/s) |############        | - loss_cc=4.52 - loss_ce=2.106 - loss_ne=0.0154 - loss_div=0.000527 - threshold=0.714 - loss=6.642
/scratch/e0538389/DivClust/engine/trainer.py:41: FutureWarning: `torch.cuda.amp.autocast(args...)` is deprecated. Please use `torch.amp.autocast('cuda', args...)` instead.
  with autocast(self.mixed_precision):
/scratch/e0538389/DivClust/engine/trainer.py:41: FutureWarning: `torch.cuda.amp.autocast(args...)` is deprecated. Please use `torch.amp.autocast('cuda', args...)` instead.
  with autocast(self.mixed_precision):
[2026-03-30 13:02:57](logger.py 179): id=CC_FMNIST_C10CFG_K20_E100_DT_0_6 | Ep. 85/100 - Step 200/273 (2.35 it/s) |##############      | - loss_cc=4.52 - loss_ce=2.105 - loss_ne=0.0156 - loss_div=0.000528 - threshold=0.713 - loss=6.641
/scratch/e0538389/DivClust/engine/trainer.py:41: FutureWarning: `torch.cuda.amp.autocast(args...)` is deprecated. Please use `torch.amp.autocast('cuda', args...)` instead.
  with autocast(self.mixed_precision):
[2026-03-30 13:03:08](logger.py 179): id=CC_FMNIST_C10CFG_K20_E100_DT_0_6 | Ep. 85/100 - Step 225/273 (2.34 it/s) |################    | - loss_cc=4.52 - loss_ce=2.105 - loss_ne=0.0156 - loss_div=0.000485 - threshold=0.714 - loss=6.642
/scratch/e0538389/DivClust/engine/trainer.py:41: FutureWarning: `torch.cuda.amp.autocast(args...)` is deprecated. Please use `torch.amp.autocast('cuda', args...)` instead.
  with autocast(self.mixed_precision):
[2026-03-30 13:03:19](logger.py 179): id=CC_FMNIST_C10CFG_K20_E100_DT_0_6 | Ep. 85/100 - Step 250/273 (2.34 it/s) |##################  | - loss_cc=4.521 - loss_ce=2.106 - loss_ne=0.0157 - loss_div=0.00046 - threshold=0.714 - loss=6.642
/scratch/e0538389/DivClust/engine/trainer.py:41: FutureWarning: `torch.cuda.amp.autocast(args...)` is deprecated. Please use `torch.amp.autocast('cuda', args...)` instead.
  with autocast(self.mixed_precision):
[2026-03-30 13:03:28](logger.py 179): id=CC_FMNIST_C10CFG_K20_E100_DT_0_6 | Ep. 85/100 | Time: 00:01 | loss_cc=4.521 - loss_ce=2.106 - loss_ne=0.0158 - loss_div=0.000513 - threshold=0.713 - loss=6.642
[2026-03-30 13:03:31](logger.py 179): id=CC_FMNIST_C10CFG_K20_E100_DT_0_6 | Ep. 86/100 - Step 0/273 (0.0 it/s) |                    | - loss_cc=4.517 - loss_ce=2.101 - loss_ne=0.013 - loss_div=0.0 - threshold=0.706 - loss=6.631
/scratch/e0538389/DivClust/engine/trainer.py:41: FutureWarning: `torch.cuda.amp.autocast(args...)` is deprecated. Please use `torch.amp.autocast('cuda', args...)` instead.
  with autocast(self.mixed_precision):
/scratch/e0538389/DivClust/engine/trainer.py:41: FutureWarning: `torch.cuda.amp.autocast(args...)` is deprecated. Please use `torch.amp.autocast('cuda', args...)` instead.
  with autocast(self.mixed_precision):
[2026-03-30 13:03:42](logger.py 179): id=CC_FMNIST_C10CFG_K20_E100_DT_0_6 | Ep. 86/100 - Step 25/273 (2.24 it/s) |#                   | - loss_cc=4.524 - loss_ce=2.107 - loss_ne=0.0159 - loss_div=0.000267 - threshold=0.713 - loss=6.648
/scratch/e0538389/DivClust/engine/trainer.py:41: FutureWarning: `torch.cuda.amp.autocast(args...)` is deprecated. Please use `torch.amp.autocast('cuda', args...)` instead.
  with autocast(self.mixed_precision):
[2026-03-30 13:03:52](logger.py 179): id=CC_FMNIST_C10CFG_K20_E100_DT_0_6 | Ep. 86/100 - Step 50/273 (2.3 it/s) |###                 | - loss_cc=4.523 - loss_ce=2.107 - loss_ne=0.0163 - loss_div=0.000261 - threshold=0.715 - loss=6.646
/scratch/e0538389/DivClust/engine/trainer.py:41: FutureWarning: `torch.cuda.amp.autocast(args...)` is deprecated. Please use `torch.amp.autocast('cuda', args...)` instead.
  with autocast(self.mixed_precision):
[2026-03-30 13:04:03](logger.py 179): id=CC_FMNIST_C10CFG_K20_E100_DT_0_6 | Ep. 86/100 - Step 75/273 (2.31 it/s) |#####               | - loss_cc=4.521 - loss_ce=2.106 - loss_ne=0.0157 - loss_div=0.000382 - threshold=0.713 - loss=6.643
/scratch/e0538389/DivClust/engine/trainer.py:41: FutureWarning: `torch.cuda.amp.autocast(args...)` is deprecated. Please use `torch.amp.autocast('cuda', args...)` instead.
  with autocast(self.mixed_precision):
[2026-03-30 13:04:13](logger.py 179): id=CC_FMNIST_C10CFG_K20_E100_DT_0_6 | Ep. 86/100 - Step 100/273 (2.33 it/s) |#######             | - loss_cc=4.519 - loss_ce=2.106 - loss_ne=0.0157 - loss_div=0.000349 - threshold=0.713 - loss=6.641
/scratch/e0538389/DivClust/engine/trainer.py:41: FutureWarning: `torch.cuda.amp.autocast(args...)` is deprecated. Please use `torch.amp.autocast('cuda', args...)` instead.
  with autocast(self.mixed_precision):
/scratch/e0538389/DivClust/engine/trainer.py:41: FutureWarning: `torch.cuda.amp.autocast(args...)` is deprecated. Please use `torch.amp.autocast('cuda', args...)` instead.
  with autocast(self.mixed_precision):
[2026-03-30 13:04:24](logger.py 179): id=CC_FMNIST_C10CFG_K20_E100_DT_0_6 | Ep. 86/100 - Step 125/273 (2.33 it/s) |#########           | - loss_cc=4.518 - loss_ce=2.105 - loss_ne=0.0157 - loss_div=0.000388 - threshold=0.711 - loss=6.639
/scratch/e0538389/DivClust/engine/trainer.py:41: FutureWarning: `torch.cuda.amp.autocast(args...)` is deprecated. Please use `torch.amp.autocast('cuda', args...)` instead.
  with autocast(self.mixed_precision):
[2026-03-30 13:04:35](logger.py 179): id=CC_FMNIST_C10CFG_K20_E100_DT_0_6 | Ep. 86/100 - Step 150/273 (2.34 it/s) |##########          | - loss_cc=4.517 - loss_ce=2.105 - loss_ne=0.0159 - loss_div=0.000348 - threshold=0.712 - loss=6.639
/scratch/e0538389/DivClust/engine/trainer.py:41: FutureWarning: `torch.cuda.amp.autocast(args...)` is deprecated. Please use `torch.amp.autocast('cuda', args...)` instead.
  with autocast(self.mixed_precision):
[2026-03-30 13:04:45](logger.py 179): id=CC_FMNIST_C10CFG_K20_E100_DT_0_6 | Ep. 86/100 - Step 175/273 (2.35 it/s) |############        | - loss_cc=4.518 - loss_ce=2.105 - loss_ne=0.016 - loss_div=0.000315 - threshold=0.714 - loss=6.64
/scratch/e0538389/DivClust/engine/trainer.py:41: FutureWarning: `torch.cuda.amp.autocast(args...)` is deprecated. Please use `torch.amp.autocast('cuda', args...)` instead.
  with autocast(self.mixed_precision):
[2026-03-30 13:04:56](logger.py 179): id=CC_FMNIST_C10CFG_K20_E100_DT_0_6 | Ep. 86/100 - Step 200/273 (2.35 it/s) |##############      | - loss_cc=4.518 - loss_ce=2.105 - loss_ne=0.0161 - loss_div=0.000299 - threshold=0.715 - loss=6.64
/scratch/e0538389/DivClust/engine/trainer.py:41: FutureWarning: `torch.cuda.amp.autocast(args...)` is deprecated. Please use `torch.amp.autocast('cuda', args...)` instead.
  with autocast(self.mixed_precision):
/scratch/e0538389/DivClust/engine/trainer.py:41: FutureWarning: `torch.cuda.amp.autocast(args...)` is deprecated. Please use `torch.amp.autocast('cuda', args...)` instead.
  with autocast(self.mixed_precision):
[2026-03-30 13:05:06](logger.py 179): id=CC_FMNIST_C10CFG_K20_E100_DT_0_6 | Ep. 86/100 - Step 225/273 (2.35 it/s) |################    | - loss_cc=4.519 - loss_ce=2.105 - loss_ne=0.016 - loss_div=0.000356 - threshold=0.714 - loss=6.641
/scratch/e0538389/DivClust/engine/trainer.py:41: FutureWarning: `torch.cuda.amp.autocast(args...)` is deprecated. Please use `torch.amp.autocast('cuda', args...)` instead.
  with autocast(self.mixed_precision):
[2026-03-30 13:05:17](logger.py 179): id=CC_FMNIST_C10CFG_K20_E100_DT_0_6 | Ep. 86/100 - Step 250/273 (2.35 it/s) |##################  | - loss_cc=4.519 - loss_ce=2.105 - loss_ne=0.016 - loss_div=0.000464 - threshold=0.713 - loss=6.64
/scratch/e0538389/DivClust/engine/trainer.py:41: FutureWarning: `torch.cuda.amp.autocast(args...)` is deprecated. Please use `torch.amp.autocast('cuda', args...)` instead.
  with autocast(self.mixed_precision):
[2026-03-30 13:05:26](logger.py 179): id=CC_FMNIST_C10CFG_K20_E100_DT_0_6 | Ep. 86/100 | Time: 00:01 | loss_cc=4.519 - loss_ce=2.105 - loss_ne=0.016 - loss_div=0.000538 - threshold=0.712 - loss=6.641
[2026-03-30 13:05:28](logger.py 179): id=CC_FMNIST_C10CFG_K20_E100_DT_0_6 | Ep. 87/100 - Step 0/273 (0.0 it/s) |                    | - loss_cc=4.538 - loss_ce=2.111 - loss_ne=0.0139 - loss_div=0.0 - threshold=0.705 - loss=6.663
/scratch/e0538389/DivClust/engine/trainer.py:41: FutureWarning: `torch.cuda.amp.autocast(args...)` is deprecated. Please use `torch.amp.autocast('cuda', args...)` instead.
  with autocast(self.mixed_precision):
[2026-03-30 13:05:39](logger.py 179): id=CC_FMNIST_C10CFG_K20_E100_DT_0_6 | Ep. 87/100 - Step 25/273 (2.39 it/s) |#                   | - loss_cc=4.524 - loss_ce=2.107 - loss_ne=0.015 - loss_div=4.87e-05 - threshold=0.71 - loss=6.647
/scratch/e0538389/DivClust/engine/trainer.py:41: FutureWarning: `torch.cuda.amp.autocast(args...)` is deprecated. Please use `torch.amp.autocast('cuda', args...)` instead.
  with autocast(self.mixed_precision):
/scratch/e0538389/DivClust/engine/trainer.py:41: FutureWarning: `torch.cuda.amp.autocast(args...)` is deprecated. Please use `torch.amp.autocast('cuda', args...)` instead.
  with autocast(self.mixed_precision):
[2026-03-30 13:05:49](logger.py 179): id=CC_FMNIST_C10CFG_K20_E100_DT_0_6 | Ep. 87/100 - Step 50/273 (2.36 it/s) |###                 | - loss_cc=4.522 - loss_ce=2.106 - loss_ne=0.0151 - loss_div=6.11e-05 - threshold=0.714 - loss=6.643
/scratch/e0538389/DivClust/engine/trainer.py:41: FutureWarning: `torch.cuda.amp.autocast(args...)` is deprecated. Please use `torch.amp.autocast('cuda', args...)` instead.
  with autocast(self.mixed_precision):
[2026-03-30 13:06:00](logger.py 179): id=CC_FMNIST_C10CFG_K20_E100_DT_0_6 | Ep. 87/100 - Step 75/273 (2.37 it/s) |#####               | - loss_cc=4.523 - loss_ce=2.107 - loss_ne=0.0152 - loss_div=0.000147 - threshold=0.713 - loss=6.645
/scratch/e0538389/DivClust/engine/trainer.py:41: FutureWarning: `torch.cuda.amp.autocast(args...)` is deprecated. Please use `torch.amp.autocast('cuda', args...)` instead.
  with autocast(self.mixed_precision):
[2026-03-30 13:06:10](logger.py 179): id=CC_FMNIST_C10CFG_K20_E100_DT_0_6 | Ep. 87/100 - Step 100/273 (2.37 it/s) |#######             | - loss_cc=4.523 - loss_ce=2.107 - loss_ne=0.0152 - loss_div=0.000516 - threshold=0.71 - loss=6.645
/scratch/e0538389/DivClust/engine/trainer.py:41: FutureWarning: `torch.cuda.amp.autocast(args...)` is deprecated. Please use `torch.amp.autocast('cuda', args...)` instead.
  with autocast(self.mixed_precision):
[2026-03-30 13:06:21](logger.py 179): id=CC_FMNIST_C10CFG_K20_E100_DT_0_6 | Ep. 87/100 - Step 125/273 (2.36 it/s) |#########           | - loss_cc=4.521 - loss_ce=2.106 - loss_ne=0.0155 - loss_div=0.000528 - threshold=0.708 - loss=6.643
/scratch/e0538389/DivClust/engine/trainer.py:41: FutureWarning: `torch.cuda.amp.autocast(args...)` is deprecated. Please use `torch.amp.autocast('cuda', args...)` instead.
  with autocast(self.mixed_precision):
/scratch/e0538389/DivClust/engine/trainer.py:41: FutureWarning: `torch.cuda.amp.autocast(args...)` is deprecated. Please use `torch.amp.autocast('cuda', args...)` instead.
  with autocast(self.mixed_precision):
[2026-03-30 13:06:32](logger.py 179): id=CC_FMNIST_C10CFG_K20_E100_DT_0_6 | Ep. 87/100 - Step 150/273 (2.34 it/s) |##########          | - loss_cc=4.52 - loss_ce=2.106 - loss_ne=0.0153 - loss_div=0.000453 - threshold=0.709 - loss=6.641
/scratch/e0538389/DivClust/engine/trainer.py:41: FutureWarning: `torch.cuda.amp.autocast(args...)` is deprecated. Please use `torch.amp.autocast('cuda', args...)` instead.
  with autocast(self.mixed_precision):
[2026-03-30 13:06:43](logger.py 179): id=CC_FMNIST_C10CFG_K20_E100_DT_0_6 | Ep. 87/100 - Step 175/273 (2.34 it/s) |############        | - loss_cc=4.52 - loss_ce=2.106 - loss_ne=0.0153 - loss_div=0.0004 - threshold=0.711 - loss=6.641
/scratch/e0538389/DivClust/engine/trainer.py:41: FutureWarning: `torch.cuda.amp.autocast(args...)` is deprecated. Please use `torch.amp.autocast('cuda', args...)` instead.
  with autocast(self.mixed_precision):
[2026-03-30 13:06:54](logger.py 179): id=CC_FMNIST_C10CFG_K20_E100_DT_0_6 | Ep. 87/100 - Step 200/273 (2.34 it/s) |##############      | - loss_cc=4.52 - loss_ce=2.106 - loss_ne=0.0153 - loss_div=0.000356 - threshold=0.712 - loss=6.641
/scratch/e0538389/DivClust/engine/trainer.py:41: FutureWarning: `torch.cuda.amp.autocast(args...)` is deprecated. Please use `torch.amp.autocast('cuda', args...)` instead.
  with autocast(self.mixed_precision):
[2026-03-30 13:07:04](logger.py 179): id=CC_FMNIST_C10CFG_K20_E100_DT_0_6 | Ep. 87/100 - Step 225/273 (2.34 it/s) |################    | - loss_cc=4.52 - loss_ce=2.106 - loss_ne=0.0153 - loss_div=0.00034 - threshold=0.712 - loss=6.641
/scratch/e0538389/DivClust/engine/trainer.py:41: FutureWarning: `torch.cuda.amp.autocast(args...)` is deprecated. Please use `torch.amp.autocast('cuda', args...)` instead.
  with autocast(self.mixed_precision):
/scratch/e0538389/DivClust/engine/trainer.py:41: FutureWarning: `torch.cuda.amp.autocast(args...)` is deprecated. Please use `torch.amp.autocast('cuda', args...)` instead.
  with autocast(self.mixed_precision):
[2026-03-30 13:07:16](logger.py 179): id=CC_FMNIST_C10CFG_K20_E100_DT_0_6 | Ep. 87/100 - Step 250/273 (2.32 it/s) |##################  | - loss_cc=4.52 - loss_ce=2.106 - loss_ne=0.0153 - loss_div=0.000391 - threshold=0.712 - loss=6.642
/scratch/e0538389/DivClust/engine/trainer.py:41: FutureWarning: `torch.cuda.amp.autocast(args...)` is deprecated. Please use `torch.amp.autocast('cuda', args...)` instead.
  with autocast(self.mixed_precision):
[2026-03-30 13:07:25](logger.py 179): id=CC_FMNIST_C10CFG_K20_E100_DT_0_6 | Ep. 87/100 | Time: 00:01 | loss_cc=4.52 - loss_ce=2.106 - loss_ne=0.0151 - loss_div=0.000392 - threshold=0.712 - loss=6.642
[2026-03-30 13:07:28](logger.py 179): id=CC_FMNIST_C10CFG_K20_E100_DT_0_6 | Ep. 88/100 - Step 0/273 (0.0 it/s) |                    | - loss_cc=4.531 - loss_ce=2.114 - loss_ne=0.0204 - loss_div=9.14e-05 - threshold=0.705 - loss=6.665
/scratch/e0538389/DivClust/engine/trainer.py:41: FutureWarning: `torch.cuda.amp.autocast(args...)` is deprecated. Please use `torch.amp.autocast('cuda', args...)` instead.
  with autocast(self.mixed_precision):
[2026-03-30 13:07:39](logger.py 179): id=CC_FMNIST_C10CFG_K20_E100_DT_0_6 | Ep. 88/100 - Step 25/273 (2.32 it/s) |#                   | - loss_cc=4.526 - loss_ce=2.108 - loss_ne=0.0155 - loss_div=0.000675 - threshold=0.707 - loss=6.651
/scratch/e0538389/DivClust/engine/trainer.py:41: FutureWarning: `torch.cuda.amp.autocast(args...)` is deprecated. Please use `torch.amp.autocast('cuda', args...)` instead.
  with autocast(self.mixed_precision):
[2026-03-30 13:07:49](logger.py 179): id=CC_FMNIST_C10CFG_K20_E100_DT_0_6 | Ep. 88/100 - Step 50/273 (2.33 it/s) |###                 | - loss_cc=4.52 - loss_ce=2.106 - loss_ne=0.0149 - loss_div=0.000366 - threshold=0.712 - loss=6.641
/scratch/e0538389/DivClust/engine/trainer.py:41: FutureWarning: `torch.cuda.amp.autocast(args...)` is deprecated. Please use `torch.amp.autocast('cuda', args...)` instead.
  with autocast(self.mixed_precision):
[2026-03-30 13:08:00](logger.py 179): id=CC_FMNIST_C10CFG_K20_E100_DT_0_6 | Ep. 88/100 - Step 75/273 (2.33 it/s) |#####               | - loss_cc=4.516 - loss_ce=2.104 - loss_ne=0.015 - loss_div=0.000246 - threshold=0.716 - loss=6.636
/scratch/e0538389/DivClust/engine/trainer.py:41: FutureWarning: `torch.cuda.amp.autocast(args...)` is deprecated. Please use `torch.amp.autocast('cuda', args...)` instead.
  with autocast(self.mixed_precision):
/scratch/e0538389/DivClust/engine/trainer.py:41: FutureWarning: `torch.cuda.amp.autocast(args...)` is deprecated. Please use `torch.amp.autocast('cuda', args...)` instead.
  with autocast(self.mixed_precision):
[2026-03-30 13:08:11](logger.py 179): id=CC_FMNIST_C10CFG_K20_E100_DT_0_6 | Ep. 88/100 - Step 100/273 (2.3 it/s) |#######             | - loss_cc=4.517 - loss_ce=2.104 - loss_ne=0.0153 - loss_div=0.000282 - threshold=0.716 - loss=6.637
/scratch/e0538389/DivClust/engine/trainer.py:41: FutureWarning: `torch.cuda.amp.autocast(args...)` is deprecated. Please use `torch.amp.autocast('cuda', args...)` instead.
  with autocast(self.mixed_precision):
[2026-03-30 13:08:22](logger.py 179): id=CC_FMNIST_C10CFG_K20_E100_DT_0_6 | Ep. 88/100 - Step 125/273 (2.31 it/s) |#########           | - loss_cc=4.517 - loss_ce=2.104 - loss_ne=0.0155 - loss_div=0.000439 - threshold=0.715 - loss=6.637
/scratch/e0538389/DivClust/engine/trainer.py:41: FutureWarning: `torch.cuda.amp.autocast(args...)` is deprecated. Please use `torch.amp.autocast('cuda', args...)` instead.
  with autocast(self.mixed_precision):
[2026-03-30 13:08:33](logger.py 179): id=CC_FMNIST_C10CFG_K20_E100_DT_0_6 | Ep. 88/100 - Step 150/273 (2.32 it/s) |##########          | - loss_cc=4.517 - loss_ce=2.105 - loss_ne=0.0153 - loss_div=0.000458 - threshold=0.714 - loss=6.637
/scratch/e0538389/DivClust/engine/trainer.py:41: FutureWarning: `torch.cuda.amp.autocast(args...)` is deprecated. Please use `torch.amp.autocast('cuda', args...)` instead.
  with autocast(self.mixed_precision):
[2026-03-30 13:08:43](logger.py 179): id=CC_FMNIST_C10CFG_K20_E100_DT_0_6 | Ep. 88/100 - Step 175/273 (2.32 it/s) |############        | - loss_cc=4.517 - loss_ce=2.105 - loss_ne=0.0155 - loss_div=0.000481 - threshold=0.713 - loss=6.638
/scratch/e0538389/DivClust/engine/trainer.py:41: FutureWarning: `torch.cuda.amp.autocast(args...)` is deprecated. Please use `torch.amp.autocast('cuda', args...)` instead.
  with autocast(self.mixed_precision):
/scratch/e0538389/DivClust/engine/trainer.py:41: FutureWarning: `torch.cuda.amp.autocast(args...)` is deprecated. Please use `torch.amp.autocast('cuda', args...)` instead.
  with autocast(self.mixed_precision):
[2026-03-30 13:08:54](logger.py 179): id=CC_FMNIST_C10CFG_K20_E100_DT_0_6 | Ep. 88/100 - Step 200/273 (2.32 it/s) |##############      | - loss_cc=4.518 - loss_ce=2.105 - loss_ne=0.0154 - loss_div=0.000455 - threshold=0.713 - loss=6.638
/scratch/e0538389/DivClust/engine/trainer.py:41: FutureWarning: `torch.cuda.amp.autocast(args...)` is deprecated. Please use `torch.amp.autocast('cuda', args...)` instead.
  with autocast(self.mixed_precision):
[2026-03-30 13:09:05](logger.py 179): id=CC_FMNIST_C10CFG_K20_E100_DT_0_6 | Ep. 88/100 - Step 225/273 (2.32 it/s) |################    | - loss_cc=4.518 - loss_ce=2.105 - loss_ne=0.0155 - loss_div=0.000415 - threshold=0.714 - loss=6.639
/scratch/e0538389/DivClust/engine/trainer.py:41: FutureWarning: `torch.cuda.amp.autocast(args...)` is deprecated. Please use `torch.amp.autocast('cuda', args...)` instead.
  with autocast(self.mixed_precision):
[2026-03-30 13:09:16](logger.py 179): id=CC_FMNIST_C10CFG_K20_E100_DT_0_6 | Ep. 88/100 - Step 250/273 (2.32 it/s) |##################  | - loss_cc=4.518 - loss_ce=2.105 - loss_ne=0.0154 - loss_div=0.000381 - threshold=0.715 - loss=6.639
/scratch/e0538389/DivClust/engine/trainer.py:41: FutureWarning: `torch.cuda.amp.autocast(args...)` is deprecated. Please use `torch.amp.autocast('cuda', args...)` instead.
  with autocast(self.mixed_precision):
[2026-03-30 13:09:25](logger.py 179): id=CC_FMNIST_C10CFG_K20_E100_DT_0_6 | Ep. 88/100 | Time: 00:01 | loss_cc=4.518 - loss_ce=2.105 - loss_ne=0.0156 - loss_div=0.000352 - threshold=0.716 - loss=6.639
[2026-03-30 13:09:28](logger.py 179): id=CC_FMNIST_C10CFG_K20_E100_DT_0_6 | Ep. 89/100 - Step 0/273 (0.0 it/s) |                    | - loss_cc=4.495 - loss_ce=2.098 - loss_ne=0.0206 - loss_div=0.0 - threshold=0.726 - loss=6.613
/scratch/e0538389/DivClust/engine/trainer.py:41: FutureWarning: `torch.cuda.amp.autocast(args...)` is deprecated. Please use `torch.amp.autocast('cuda', args...)` instead.
  with autocast(self.mixed_precision):
/scratch/e0538389/DivClust/engine/trainer.py:41: FutureWarning: `torch.cuda.amp.autocast(args...)` is deprecated. Please use `torch.amp.autocast('cuda', args...)` instead.
  with autocast(self.mixed_precision):
[2026-03-30 13:09:39](logger.py 179): id=CC_FMNIST_C10CFG_K20_E100_DT_0_6 | Ep. 89/100 - Step 25/273 (2.24 it/s) |#                   | - loss_cc=4.513 - loss_ce=2.103 - loss_ne=0.0145 - loss_div=0.000373 - threshold=0.718 - loss=6.631
/scratch/e0538389/DivClust/engine/trainer.py:41: FutureWarning: `torch.cuda.amp.autocast(args...)` is deprecated. Please use `torch.amp.autocast('cuda', args...)` instead.
  with autocast(self.mixed_precision):
[2026-03-30 13:09:50](logger.py 179): id=CC_FMNIST_C10CFG_K20_E100_DT_0_6 | Ep. 89/100 - Step 50/273 (2.27 it/s) |###                 | - loss_cc=4.514 - loss_ce=2.103 - loss_ne=0.0158 - loss_div=0.000815 - threshold=0.714 - loss=6.634
/scratch/e0538389/DivClust/engine/trainer.py:41: FutureWarning: `torch.cuda.amp.autocast(args...)` is deprecated. Please use `torch.amp.autocast('cuda', args...)` instead.
  with autocast(self.mixed_precision):
[2026-03-30 13:10:00](logger.py 179): id=CC_FMNIST_C10CFG_K20_E100_DT_0_6 | Ep. 89/100 - Step 75/273 (2.29 it/s) |#####               | - loss_cc=4.515 - loss_ce=2.104 - loss_ne=0.016 - loss_div=0.000835 - threshold=0.712 - loss=6.637
/scratch/e0538389/DivClust/engine/trainer.py:41: FutureWarning: `torch.cuda.amp.autocast(args...)` is deprecated. Please use `torch.amp.autocast('cuda', args...)` instead.
  with autocast(self.mixed_precision):
[2026-03-30 13:10:11](logger.py 179): id=CC_FMNIST_C10CFG_K20_E100_DT_0_6 | Ep. 89/100 - Step 100/273 (2.3 it/s) |#######             | - loss_cc=4.515 - loss_ce=2.104 - loss_ne=0.0158 - loss_div=0.000653 - threshold=0.713 - loss=6.636
/scratch/e0538389/DivClust/engine/trainer.py:41: FutureWarning: `torch.cuda.amp.autocast(args...)` is deprecated. Please use `torch.amp.autocast('cuda', args...)` instead.
  with autocast(self.mixed_precision):
/scratch/e0538389/DivClust/engine/trainer.py:41: FutureWarning: `torch.cuda.amp.autocast(args...)` is deprecated. Please use `torch.amp.autocast('cuda', args...)` instead.
  with autocast(self.mixed_precision):
[2026-03-30 13:10:23](logger.py 179): id=CC_FMNIST_C10CFG_K20_E100_DT_0_6 | Ep. 89/100 - Step 125/273 (2.28 it/s) |#########           | - loss_cc=4.517 - loss_ce=2.105 - loss_ne=0.0155 - loss_div=0.000602 - threshold=0.713 - loss=6.639
/scratch/e0538389/DivClust/engine/trainer.py:41: FutureWarning: `torch.cuda.amp.autocast(args...)` is deprecated. Please use `torch.amp.autocast('cuda', args...)` instead.
  with autocast(self.mixed_precision):
[2026-03-30 13:10:33](logger.py 179): id=CC_FMNIST_C10CFG_K20_E100_DT_0_6 | Ep. 89/100 - Step 150/273 (2.3 it/s) |##########          | - loss_cc=4.517 - loss_ce=2.105 - loss_ne=0.0157 - loss_div=0.000687 - threshold=0.711 - loss=6.639
/scratch/e0538389/DivClust/engine/trainer.py:41: FutureWarning: `torch.cuda.amp.autocast(args...)` is deprecated. Please use `torch.amp.autocast('cuda', args...)` instead.
  with autocast(self.mixed_precision):
[2026-03-30 13:10:44](logger.py 179): id=CC_FMNIST_C10CFG_K20_E100_DT_0_6 | Ep. 89/100 - Step 175/273 (2.3 it/s) |############        | - loss_cc=4.517 - loss_ce=2.105 - loss_ne=0.0155 - loss_div=0.000676 - threshold=0.711 - loss=6.639
/scratch/e0538389/DivClust/engine/trainer.py:41: FutureWarning: `torch.cuda.amp.autocast(args...)` is deprecated. Please use `torch.amp.autocast('cuda', args...)` instead.
  with autocast(self.mixed_precision):
[2026-03-30 13:10:54](logger.py 179): id=CC_FMNIST_C10CFG_K20_E100_DT_0_6 | Ep. 89/100 - Step 200/273 (2.31 it/s) |##############      | - loss_cc=4.517 - loss_ce=2.105 - loss_ne=0.0153 - loss_div=0.000615 - threshold=0.711 - loss=6.638
/scratch/e0538389/DivClust/engine/trainer.py:41: FutureWarning: `torch.cuda.amp.autocast(args...)` is deprecated. Please use `torch.amp.autocast('cuda', args...)` instead.
  with autocast(self.mixed_precision):
/scratch/e0538389/DivClust/engine/trainer.py:41: FutureWarning: `torch.cuda.amp.autocast(args...)` is deprecated. Please use `torch.amp.autocast('cuda', args...)` instead.
  with autocast(self.mixed_precision):
[2026-03-30 13:11:05](logger.py 179): id=CC_FMNIST_C10CFG_K20_E100_DT_0_6 | Ep. 89/100 - Step 225/273 (2.3 it/s) |################    | - loss_cc=4.518 - loss_ce=2.105 - loss_ne=0.0153 - loss_div=0.000556 - threshold=0.712 - loss=6.639
/scratch/e0538389/DivClust/engine/trainer.py:41: FutureWarning: `torch.cuda.amp.autocast(args...)` is deprecated. Please use `torch.amp.autocast('cuda', args...)` instead.
  with autocast(self.mixed_precision):
[2026-03-30 13:11:16](logger.py 179): id=CC_FMNIST_C10CFG_K20_E100_DT_0_6 | Ep. 89/100 - Step 250/273 (2.3 it/s) |##################  | - loss_cc=4.518 - loss_ce=2.105 - loss_ne=0.0153 - loss_div=0.00053 - threshold=0.713 - loss=6.639
/scratch/e0538389/DivClust/engine/trainer.py:41: FutureWarning: `torch.cuda.amp.autocast(args...)` is deprecated. Please use `torch.amp.autocast('cuda', args...)` instead.
  with autocast(self.mixed_precision):
[2026-03-30 13:11:26](logger.py 179): id=CC_FMNIST_C10CFG_K20_E100_DT_0_6 | Ep. 89/100 | Time: 00:01 | loss_cc=4.517 - loss_ce=2.105 - loss_ne=0.0153 - loss_div=0.00052 - threshold=0.713 - loss=6.638
[2026-03-30 13:11:28](logger.py 179): id=CC_FMNIST_C10CFG_K20_E100_DT_0_6 | Ep. 90/100 - Step 0/273 (0.0 it/s) |                    | - loss_cc=4.481 - loss_ce=2.086 - loss_ne=0.0213 - loss_div=0.0 - threshold=0.711 - loss=6.589
/scratch/e0538389/DivClust/engine/trainer.py:41: FutureWarning: `torch.cuda.amp.autocast(args...)` is deprecated. Please use `torch.amp.autocast('cuda', args...)` instead.
  with autocast(self.mixed_precision):
[2026-03-30 13:11:39](logger.py 179): id=CC_FMNIST_C10CFG_K20_E100_DT_0_6 | Ep. 90/100 - Step 25/273 (2.32 it/s) |#                   | - loss_cc=4.515 - loss_ce=2.103 - loss_ne=0.0173 - loss_div=0.000938 - threshold=0.706 - loss=6.636
/scratch/e0538389/DivClust/engine/trainer.py:41: FutureWarning: `torch.cuda.amp.autocast(args...)` is deprecated. Please use `torch.amp.autocast('cuda', args...)` instead.
  with autocast(self.mixed_precision):
[2026-03-30 13:11:50](logger.py 179): id=CC_FMNIST_C10CFG_K20_E100_DT_0_6 | Ep. 90/100 - Step 50/273 (2.3 it/s) |###                 | - loss_cc=4.516 - loss_ce=2.103 - loss_ne=0.0162 - loss_div=0.000977 - threshold=0.702 - loss=6.636
/scratch/e0538389/DivClust/engine/trainer.py:41: FutureWarning: `torch.cuda.amp.autocast(args...)` is deprecated. Please use `torch.amp.autocast('cuda', args...)` instead.
  with autocast(self.mixed_precision):
/scratch/e0538389/DivClust/engine/trainer.py:41: FutureWarning: `torch.cuda.amp.autocast(args...)` is deprecated. Please use `torch.amp.autocast('cuda', args...)` instead.
  with autocast(self.mixed_precision):
[2026-03-30 13:12:00](logger.py 179): id=CC_FMNIST_C10CFG_K20_E100_DT_0_6 | Ep. 90/100 - Step 75/273 (2.31 it/s) |#####               | - loss_cc=4.517 - loss_ce=2.104 - loss_ne=0.0163 - loss_div=0.000764 - threshold=0.703 - loss=6.638
/scratch/e0538389/DivClust/engine/trainer.py:41: FutureWarning: `torch.cuda.amp.autocast(args...)` is deprecated. Please use `torch.amp.autocast('cuda', args...)` instead.
  with autocast(self.mixed_precision):
[2026-03-30 13:12:11](logger.py 179): id=CC_FMNIST_C10CFG_K20_E100_DT_0_6 | Ep. 90/100 - Step 100/273 (2.33 it/s) |#######             | - loss_cc=4.517 - loss_ce=2.104 - loss_ne=0.0164 - loss_div=0.000602 - threshold=0.706 - loss=6.638
/scratch/e0538389/DivClust/engine/trainer.py:41: FutureWarning: `torch.cuda.amp.autocast(args...)` is deprecated. Please use `torch.amp.autocast('cuda', args...)` instead.
  with autocast(self.mixed_precision):
[2026-03-30 13:12:21](logger.py 179): id=CC_FMNIST_C10CFG_K20_E100_DT_0_6 | Ep. 90/100 - Step 125/273 (2.34 it/s) |#########           | - loss_cc=4.517 - loss_ce=2.104 - loss_ne=0.0159 - loss_div=0.000515 - threshold=0.707 - loss=6.638
/scratch/e0538389/DivClust/engine/trainer.py:41: FutureWarning: `torch.cuda.amp.autocast(args...)` is deprecated. Please use `torch.amp.autocast('cuda', args...)` instead.
  with autocast(self.mixed_precision):
[2026-03-30 13:12:33](logger.py 179): id=CC_FMNIST_C10CFG_K20_E100_DT_0_6 | Ep. 90/100 - Step 150/273 (2.32 it/s) |##########          | - loss_cc=4.517 - loss_ce=2.104 - loss_ne=0.0158 - loss_div=0.000587 - threshold=0.707 - loss=6.638
/scratch/e0538389/DivClust/engine/trainer.py:41: FutureWarning: `torch.cuda.amp.autocast(args...)` is deprecated. Please use `torch.amp.autocast('cuda', args...)` instead.
  with autocast(self.mixed_precision):
/scratch/e0538389/DivClust/engine/trainer.py:41: FutureWarning: `torch.cuda.amp.autocast(args...)` is deprecated. Please use `torch.amp.autocast('cuda', args...)` instead.
  with autocast(self.mixed_precision):
[2026-03-30 13:12:43](logger.py 179): id=CC_FMNIST_C10CFG_K20_E100_DT_0_6 | Ep. 90/100 - Step 175/273 (2.32 it/s) |############        | - loss_cc=4.517 - loss_ce=2.104 - loss_ne=0.0159 - loss_div=0.000562 - threshold=0.708 - loss=6.638
/scratch/e0538389/DivClust/engine/trainer.py:41: FutureWarning: `torch.cuda.amp.autocast(args...)` is deprecated. Please use `torch.amp.autocast('cuda', args...)` instead.
  with autocast(self.mixed_precision):
[2026-03-30 13:12:54](logger.py 179): id=CC_FMNIST_C10CFG_K20_E100_DT_0_6 | Ep. 90/100 - Step 200/273 (2.33 it/s) |##############      | - loss_cc=4.517 - loss_ce=2.104 - loss_ne=0.0156 - loss_div=0.000497 - threshold=0.709 - loss=6.637
/scratch/e0538389/DivClust/engine/trainer.py:41: FutureWarning: `torch.cuda.amp.autocast(args...)` is deprecated. Please use `torch.amp.autocast('cuda', args...)` instead.
  with autocast(self.mixed_precision):
[2026-03-30 13:13:04](logger.py 179): id=CC_FMNIST_C10CFG_K20_E100_DT_0_6 | Ep. 90/100 - Step 225/273 (2.33 it/s) |################    | - loss_cc=4.516 - loss_ce=2.104 - loss_ne=0.0156 - loss_div=0.000455 - threshold=0.711 - loss=6.636
/scratch/e0538389/DivClust/engine/trainer.py:41: FutureWarning: `torch.cuda.amp.autocast(args...)` is deprecated. Please use `torch.amp.autocast('cuda', args...)` instead.
  with autocast(self.mixed_precision):
[2026-03-30 13:13:16](logger.py 179): id=CC_FMNIST_C10CFG_K20_E100_DT_0_6 | Ep. 90/100 - Step 250/273 (2.32 it/s) |##################  | - loss_cc=4.516 - loss_ce=2.104 - loss_ne=0.0157 - loss_div=0.000455 - threshold=0.711 - loss=6.636
/scratch/e0538389/DivClust/engine/trainer.py:41: FutureWarning: `torch.cuda.amp.autocast(args...)` is deprecated. Please use `torch.amp.autocast('cuda', args...)` instead.
  with autocast(self.mixed_precision):
/scratch/e0538389/DivClust/engine/trainer.py:41: FutureWarning: `torch.cuda.amp.autocast(args...)` is deprecated. Please use `torch.amp.autocast('cuda', args...)` instead.
  with autocast(self.mixed_precision):
[2026-03-30 13:13:25](logger.py 179): Evaluating
[2026-03-30 13:13:26](logger.py 179): Eval. step 0 of 274
[2026-03-30 13:13:28](logger.py 179): Eval. step 25 of 274
[2026-03-30 13:13:30](logger.py 179): Eval. step 50 of 274
[2026-03-30 13:13:33](logger.py 179): Eval. step 75 of 274
[2026-03-30 13:13:35](logger.py 179): Eval. step 100 of 274
[2026-03-30 13:13:37](logger.py 179): Eval. step 125 of 274
[2026-03-30 13:13:40](logger.py 179): Eval. step 150 of 274
[2026-03-30 13:13:42](logger.py 179): Eval. step 175 of 274
[2026-03-30 13:13:44](logger.py 179): Eval. step 200 of 274
[2026-03-30 13:13:47](logger.py 179): Eval. step 225 of 274
[2026-03-30 13:13:49](logger.py 179): Eval. step 250 of 274
[2026-03-30 13:13:53](logger.py 179): id=CC_FMNIST_C10CFG_K20_E100_DT_0_6 | Ep. 90/100 | Time: 00:02 | loss_cc=4.516 - loss_ce=2.104 - loss_ne=0.0156 - loss_div=0.000502 - threshold=0.71 - loss=6.636 - eval_confidence=0.908 - cluster_acc_0_eval=41.06 - cluster_nmi_0_eval=0.464 - cluster_ari_0_eval=0.299 - cluster_acc_1_eval=47.32 - cluster_nmi_1_eval=0.484 - cluster_ari_1_eval=0.316 - cluster_acc_2_eval=48.8 - cluster_nmi_2_eval=0.521 - cluster_ari_2_eval=0.348 - cluster_acc_3_eval=47.58 - cluster_nmi_3_eval=0.497 - cluster_ari_3_eval=0.336 - cluster_acc_4_eval=54.83 - cluster_nmi_4_eval=0.547 - cluster_ari_4_eval=0.403 - cluster_acc_5_eval=63.94 - cluster_nmi_5_eval=0.611 - cluster_ari_5_eval=0.506 - cluster_acc_6_eval=55.45 - cluster_nmi_6_eval=0.563 - cluster_ari_6_eval=0.422 - cluster_acc_7_eval=59.24 - cluster_nmi_7_eval=0.574 - cluster_ari_7_eval=0.46 - cluster_acc_8_eval=57.14 - cluster_nmi_8_eval=0.536 - cluster_ari_8_eval=0.415 - cluster_acc_9_eval=55.7 - cluster_nmi_9_eval=0.56 - cluster_ari_9_eval=0.42 - cluster_acc_10_eval=52.13 - cluster_nmi_10_eval=0.528 - cluster_ari_10_eval=0.376 - cluster_acc_11_eval=49.89 - cluster_nmi_11_eval=0.525 - cluster_ari_11_eval=0.376 - cluster_acc_12_eval=51.73 - cluster_nmi_12_eval=0.535 - cluster_ari_12_eval=0.398 - cluster_acc_13_eval=56.8 - cluster_nmi_13_eval=0.543 - cluster_ari_13_eval=0.424 - cluster_acc_14_eval=52.36 - cluster_nmi_14_eval=0.552 - cluster_ari_14_eval=0.393 - cluster_acc_15_eval=55.07 - cluster_nmi_15_eval=0.537 - cluster_ari_15_eval=0.39 - cluster_acc_16_eval=56.06 - cluster_nmi_16_eval=0.545 - cluster_ari_16_eval=0.416 - cluster_acc_17_eval=52.32 - cluster_nmi_17_eval=0.564 - cluster_ari_17_eval=0.401 - cluster_acc_18_eval=54.6 - cluster_nmi_18_eval=0.53 - cluster_ari_18_eval=0.388 - cluster_acc_19_eval=56.49 - cluster_nmi_19_eval=0.548 - cluster_ari_19_eval=0.415 - max_cluster_acc_eval=63.94 - mean_cluster_acc_eval=53.43 - min_cluster_acc_eval=41.06 - max_cluster_nmi_eval=0.611 - mean_cluster_nmi_eval=0.538 - min_cluster_nmi_eval=0.464 - max_cluster_ari_eval=0.506 - mean_cluster_ari_eval=0.395 - min_cluster_ari_eval=0.299 - interclustering_nmi_eval=0.593
/scratch/e0538389/DivClust/engine/trainer.py:41: FutureWarning: `torch.cuda.amp.autocast(args...)` is deprecated. Please use `torch.amp.autocast('cuda', args...)` instead.
  with autocast(self.mixed_precision):
[2026-03-30 13:13:55](logger.py 179): id=CC_FMNIST_C10CFG_K20_E100_DT_0_6 | Ep. 91/100 - Step 0/273 (0.0 it/s) |                    | - loss_cc=4.516 - loss_ce=2.105 - loss_ne=0.014 - loss_div=0.000248 - threshold=0.696 - loss=6.635
/scratch/e0538389/DivClust/engine/trainer.py:41: FutureWarning: `torch.cuda.amp.autocast(args...)` is deprecated. Please use `torch.amp.autocast('cuda', args...)` instead.
  with autocast(self.mixed_precision):
[2026-03-30 13:14:06](logger.py 179): id=CC_FMNIST_C10CFG_K20_E100_DT_0_6 | Ep. 91/100 - Step 25/273 (2.32 it/s) |#                   | - loss_cc=4.517 - loss_ce=2.105 - loss_ne=0.0156 - loss_div=0.000751 - threshold=0.699 - loss=6.639
/scratch/e0538389/DivClust/engine/trainer.py:41: FutureWarning: `torch.cuda.amp.autocast(args...)` is deprecated. Please use `torch.amp.autocast('cuda', args...)` instead.
  with autocast(self.mixed_precision):
[2026-03-30 13:14:16](logger.py 179): id=CC_FMNIST_C10CFG_K20_E100_DT_0_6 | Ep. 91/100 - Step 50/273 (2.32 it/s) |###                 | - loss_cc=4.518 - loss_ce=2.106 - loss_ne=0.0152 - loss_div=0.000486 - threshold=0.703 - loss=6.64
/scratch/e0538389/DivClust/engine/trainer.py:41: FutureWarning: `torch.cuda.amp.autocast(args...)` is deprecated. Please use `torch.amp.autocast('cuda', args...)` instead.
  with autocast(self.mixed_precision):
[2026-03-30 13:14:27](logger.py 179): id=CC_FMNIST_C10CFG_K20_E100_DT_0_6 | Ep. 91/100 - Step 75/273 (2.32 it/s) |#####               | - loss_cc=4.52 - loss_ce=2.106 - loss_ne=0.0154 - loss_div=0.000352 - threshold=0.707 - loss=6.641
/scratch/e0538389/DivClust/engine/trainer.py:41: FutureWarning: `torch.cuda.amp.autocast(args...)` is deprecated. Please use `torch.amp.autocast('cuda', args...)` instead.
  with autocast(self.mixed_precision):
/scratch/e0538389/DivClust/engine/trainer.py:41: FutureWarning: `torch.cuda.amp.autocast(args...)` is deprecated. Please use `torch.amp.autocast('cuda', args...)` instead.
  with autocast(self.mixed_precision):
[2026-03-30 13:14:38](logger.py 179): id=CC_FMNIST_C10CFG_K20_E100_DT_0_6 | Ep. 91/100 - Step 100/273 (2.3 it/s) |#######             | - loss_cc=4.518 - loss_ce=2.105 - loss_ne=0.0153 - loss_div=0.000275 - threshold=0.711 - loss=6.638
/scratch/e0538389/DivClust/engine/trainer.py:41: FutureWarning: `torch.cuda.amp.autocast(args...)` is deprecated. Please use `torch.amp.autocast('cuda', args...)` instead.
  with autocast(self.mixed_precision):
[2026-03-30 13:14:49](logger.py 179): id=CC_FMNIST_C10CFG_K20_E100_DT_0_6 | Ep. 91/100 - Step 125/273 (2.3 it/s) |#########           | - loss_cc=4.518 - loss_ce=2.105 - loss_ne=0.0152 - loss_div=0.000381 - threshold=0.712 - loss=6.638
/scratch/e0538389/DivClust/engine/trainer.py:41: FutureWarning: `torch.cuda.amp.autocast(args...)` is deprecated. Please use `torch.amp.autocast('cuda', args...)` instead.
  with autocast(self.mixed_precision):
[2026-03-30 13:15:00](logger.py 179): id=CC_FMNIST_C10CFG_K20_E100_DT_0_6 | Ep. 91/100 - Step 150/273 (2.31 it/s) |##########          | - loss_cc=4.519 - loss_ce=2.105 - loss_ne=0.0152 - loss_div=0.000429 - threshold=0.711 - loss=6.64
/scratch/e0538389/DivClust/engine/trainer.py:41: FutureWarning: `torch.cuda.amp.autocast(args...)` is deprecated. Please use `torch.amp.autocast('cuda', args...)` instead.
  with autocast(self.mixed_precision):
[2026-03-30 13:15:11](logger.py 179): id=CC_FMNIST_C10CFG_K20_E100_DT_0_6 | Ep. 91/100 - Step 175/273 (2.31 it/s) |############        | - loss_cc=4.517 - loss_ce=2.105 - loss_ne=0.0153 - loss_div=0.00044 - threshold=0.71 - loss=6.638
/scratch/e0538389/DivClust/engine/trainer.py:41: FutureWarning: `torch.cuda.amp.autocast(args...)` is deprecated. Please use `torch.amp.autocast('cuda', args...)` instead.
  with autocast(self.mixed_precision):
/scratch/e0538389/DivClust/engine/trainer.py:41: FutureWarning: `torch.cuda.amp.autocast(args...)` is deprecated. Please use `torch.amp.autocast('cuda', args...)` instead.
  with autocast(self.mixed_precision):
[2026-03-30 13:15:22](logger.py 179): id=CC_FMNIST_C10CFG_K20_E100_DT_0_6 | Ep. 91/100 - Step 200/273 (2.3 it/s) |##############      | - loss_cc=4.517 - loss_ce=2.105 - loss_ne=0.015 - loss_div=0.00041 - threshold=0.711 - loss=6.637
/scratch/e0538389/DivClust/engine/trainer.py:41: FutureWarning: `torch.cuda.amp.autocast(args...)` is deprecated. Please use `torch.amp.autocast('cuda', args...)` instead.
  with autocast(self.mixed_precision):
[2026-03-30 13:15:33](logger.py 179): id=CC_FMNIST_C10CFG_K20_E100_DT_0_6 | Ep. 91/100 - Step 225/273 (2.3 it/s) |################    | - loss_cc=4.517 - loss_ce=2.105 - loss_ne=0.0152 - loss_div=0.000388 - threshold=0.711 - loss=6.637
/scratch/e0538389/DivClust/engine/trainer.py:41: FutureWarning: `torch.cuda.amp.autocast(args...)` is deprecated. Please use `torch.amp.autocast('cuda', args...)` instead.
  with autocast(self.mixed_precision):
[2026-03-30 13:15:43](logger.py 179): id=CC_FMNIST_C10CFG_K20_E100_DT_0_6 | Ep. 91/100 - Step 250/273 (2.31 it/s) |##################  | - loss_cc=4.517 - loss_ce=2.105 - loss_ne=0.0153 - loss_div=0.000413 - threshold=0.711 - loss=6.638
/scratch/e0538389/DivClust/engine/trainer.py:41: FutureWarning: `torch.cuda.amp.autocast(args...)` is deprecated. Please use `torch.amp.autocast('cuda', args...)` instead.
  with autocast(self.mixed_precision):
[2026-03-30 13:15:53](logger.py 179): id=CC_FMNIST_C10CFG_K20_E100_DT_0_6 | Ep. 91/100 | Time: 00:01 | loss_cc=4.517 - loss_ce=2.105 - loss_ne=0.0153 - loss_div=0.000388 - threshold=0.712 - loss=6.638
[2026-03-30 13:15:55](logger.py 179): id=CC_FMNIST_C10CFG_K20_E100_DT_0_6 | Ep. 92/100 - Step 0/273 (0.0 it/s) |                    | - loss_cc=4.509 - loss_ce=2.103 - loss_ne=0.00949 - loss_div=6.25e-05 - threshold=0.717 - loss=6.622
/scratch/e0538389/DivClust/engine/trainer.py:41: FutureWarning: `torch.cuda.amp.autocast(args...)` is deprecated. Please use `torch.amp.autocast('cuda', args...)` instead.
  with autocast(self.mixed_precision):
/scratch/e0538389/DivClust/engine/trainer.py:41: FutureWarning: `torch.cuda.amp.autocast(args...)` is deprecated. Please use `torch.amp.autocast('cuda', args...)` instead.
  with autocast(self.mixed_precision):
[2026-03-30 13:16:06](logger.py 179): id=CC_FMNIST_C10CFG_K20_E100_DT_0_6 | Ep. 92/100 - Step 25/273 (2.22 it/s) |#                   | - loss_cc=4.513 - loss_ce=2.103 - loss_ne=0.017 - loss_div=0.000354 - threshold=0.71 - loss=6.633
/scratch/e0538389/DivClust/engine/trainer.py:41: FutureWarning: `torch.cuda.amp.autocast(args...)` is deprecated. Please use `torch.amp.autocast('cuda', args...)` instead.
  with autocast(self.mixed_precision):
[2026-03-30 13:16:17](logger.py 179): id=CC_FMNIST_C10CFG_K20_E100_DT_0_6 | Ep. 92/100 - Step 50/273 (2.27 it/s) |###                 | - loss_cc=4.519 - loss_ce=2.105 - loss_ne=0.0155 - loss_div=0.000814 - threshold=0.708 - loss=6.64
/scratch/e0538389/DivClust/engine/trainer.py:41: FutureWarning: `torch.cuda.amp.autocast(args...)` is deprecated. Please use `torch.amp.autocast('cuda', args...)` instead.
  with autocast(self.mixed_precision):
[2026-03-30 13:16:27](logger.py 179): id=CC_FMNIST_C10CFG_K20_E100_DT_0_6 | Ep. 92/100 - Step 75/273 (2.29 it/s) |#####               | - loss_cc=4.517 - loss_ce=2.104 - loss_ne=0.0149 - loss_div=0.000559 - threshold=0.709 - loss=6.637
/scratch/e0538389/DivClust/engine/trainer.py:41: FutureWarning: `torch.cuda.amp.autocast(args...)` is deprecated. Please use `torch.amp.autocast('cuda', args...)` instead.
  with autocast(self.mixed_precision):
[2026-03-30 13:16:38](logger.py 179): id=CC_FMNIST_C10CFG_K20_E100_DT_0_6 | Ep. 92/100 - Step 100/273 (2.3 it/s) |#######             | - loss_cc=4.518 - loss_ce=2.105 - loss_ne=0.0147 - loss_div=0.000433 - threshold=0.712 - loss=6.637
/scratch/e0538389/DivClust/engine/trainer.py:41: FutureWarning: `torch.cuda.amp.autocast(args...)` is deprecated. Please use `torch.amp.autocast('cuda', args...)` instead.
  with autocast(self.mixed_precision):
/scratch/e0538389/DivClust/engine/trainer.py:41: FutureWarning: `torch.cuda.amp.autocast(args...)` is deprecated. Please use `torch.amp.autocast('cuda', args...)` instead.
  with autocast(self.mixed_precision):
[2026-03-30 13:16:49](logger.py 179): id=CC_FMNIST_C10CFG_K20_E100_DT_0_6 | Ep. 92/100 - Step 125/273 (2.3 it/s) |#########           | - loss_cc=4.516 - loss_ce=2.104 - loss_ne=0.0148 - loss_div=0.000406 - threshold=0.713 - loss=6.635
/scratch/e0538389/DivClust/engine/trainer.py:41: FutureWarning: `torch.cuda.amp.autocast(args...)` is deprecated. Please use `torch.amp.autocast('cuda', args...)` instead.
  with autocast(self.mixed_precision):
[2026-03-30 13:17:00](logger.py 179): id=CC_FMNIST_C10CFG_K20_E100_DT_0_6 | Ep. 92/100 - Step 150/273 (2.3 it/s) |##########          | - loss_cc=4.516 - loss_ce=2.104 - loss_ne=0.015 - loss_div=0.000515 - threshold=0.712 - loss=6.636
/scratch/e0538389/DivClust/engine/trainer.py:41: FutureWarning: `torch.cuda.amp.autocast(args...)` is deprecated. Please use `torch.amp.autocast('cuda', args...)` instead.
  with autocast(self.mixed_precision):
[2026-03-30 13:17:11](logger.py 179): id=CC_FMNIST_C10CFG_K20_E100_DT_0_6 | Ep. 92/100 - Step 175/273 (2.3 it/s) |############        | - loss_cc=4.515 - loss_ce=2.104 - loss_ne=0.0149 - loss_div=0.000543 - threshold=0.712 - loss=6.635
/scratch/e0538389/DivClust/engine/trainer.py:41: FutureWarning: `torch.cuda.amp.autocast(args...)` is deprecated. Please use `torch.amp.autocast('cuda', args...)` instead.
  with autocast(self.mixed_precision):
[2026-03-30 13:17:21](logger.py 179): id=CC_FMNIST_C10CFG_K20_E100_DT_0_6 | Ep. 92/100 - Step 200/273 (2.31 it/s) |##############      | - loss_cc=4.515 - loss_ce=2.104 - loss_ne=0.0149 - loss_div=0.000478 - threshold=0.712 - loss=6.634
/scratch/e0538389/DivClust/engine/trainer.py:41: FutureWarning: `torch.cuda.amp.autocast(args...)` is deprecated. Please use `torch.amp.autocast('cuda', args...)` instead.
  with autocast(self.mixed_precision):
/scratch/e0538389/DivClust/engine/trainer.py:41: FutureWarning: `torch.cuda.amp.autocast(args...)` is deprecated. Please use `torch.amp.autocast('cuda', args...)` instead.
  with autocast(self.mixed_precision):
[2026-03-30 13:17:33](logger.py 179): id=CC_FMNIST_C10CFG_K20_E100_DT_0_6 | Ep. 92/100 - Step 225/273 (2.3 it/s) |################    | - loss_cc=4.515 - loss_ce=2.104 - loss_ne=0.015 - loss_div=0.00043 - threshold=0.713 - loss=6.635
/scratch/e0538389/DivClust/engine/trainer.py:41: FutureWarning: `torch.cuda.amp.autocast(args...)` is deprecated. Please use `torch.amp.autocast('cuda', args...)` instead.
  with autocast(self.mixed_precision):
[2026-03-30 13:17:43](logger.py 179): id=CC_FMNIST_C10CFG_K20_E100_DT_0_6 | Ep. 92/100 - Step 250/273 (2.3 it/s) |##################  | - loss_cc=4.515 - loss_ce=2.104 - loss_ne=0.015 - loss_div=0.000401 - threshold=0.715 - loss=6.634
/scratch/e0538389/DivClust/engine/trainer.py:41: FutureWarning: `torch.cuda.amp.autocast(args...)` is deprecated. Please use `torch.amp.autocast('cuda', args...)` instead.
  with autocast(self.mixed_precision):
[2026-03-30 13:17:53](logger.py 179): id=CC_FMNIST_C10CFG_K20_E100_DT_0_6 | Ep. 92/100 | Time: 00:01 | loss_cc=4.515 - loss_ce=2.104 - loss_ne=0.0151 - loss_div=0.000376 - threshold=0.715 - loss=6.634
[2026-03-30 13:17:55](logger.py 179): id=CC_FMNIST_C10CFG_K20_E100_DT_0_6 | Ep. 93/100 - Step 0/273 (0.0 it/s) |                    | - loss_cc=4.53 - loss_ce=2.11 - loss_ne=0.0178 - loss_div=0.00021 - threshold=0.717 - loss=6.658
/scratch/e0538389/DivClust/engine/trainer.py:41: FutureWarning: `torch.cuda.amp.autocast(args...)` is deprecated. Please use `torch.amp.autocast('cuda', args...)` instead.
  with autocast(self.mixed_precision):
[2026-03-30 13:18:05](logger.py 179): id=CC_FMNIST_C10CFG_K20_E100_DT_0_6 | Ep. 93/100 - Step 25/273 (2.33 it/s) |#                   | - loss_cc=4.517 - loss_ce=2.105 - loss_ne=0.0143 - loss_div=0.000754 - threshold=0.712 - loss=6.637
/scratch/e0538389/DivClust/engine/trainer.py:41: FutureWarning: `torch.cuda.amp.autocast(args...)` is deprecated. Please use `torch.amp.autocast('cuda', args...)` instead.
  with autocast(self.mixed_precision):
[2026-03-30 13:18:16](logger.py 179): id=CC_FMNIST_C10CFG_K20_E100_DT_0_6 | Ep. 93/100 - Step 50/273 (2.35 it/s) |###                 | - loss_cc=4.52 - loss_ce=2.106 - loss_ne=0.015 - loss_div=0.00106 - threshold=0.708 - loss=6.642
/scratch/e0538389/DivClust/engine/trainer.py:41: FutureWarning: `torch.cuda.amp.autocast(args...)` is deprecated. Please use `torch.amp.autocast('cuda', args...)` instead.
  with autocast(self.mixed_precision):
/scratch/e0538389/DivClust/engine/trainer.py:41: FutureWarning: `torch.cuda.amp.autocast(args...)` is deprecated. Please use `torch.amp.autocast('cuda', args...)` instead.
  with autocast(self.mixed_precision):
[2026-03-30 13:18:27](logger.py 179): id=CC_FMNIST_C10CFG_K20_E100_DT_0_6 | Ep. 93/100 - Step 75/273 (2.33 it/s) |#####               | - loss_cc=4.518 - loss_ce=2.105 - loss_ne=0.0165 - loss_div=0.000867 - threshold=0.708 - loss=6.641
/scratch/e0538389/DivClust/engine/trainer.py:41: FutureWarning: `torch.cuda.amp.autocast(args...)` is deprecated. Please use `torch.amp.autocast('cuda', args...)` instead.
  with autocast(self.mixed_precision):
[2026-03-30 13:18:37](logger.py 179): id=CC_FMNIST_C10CFG_K20_E100_DT_0_6 | Ep. 93/100 - Step 100/273 (2.35 it/s) |#######             | - loss_cc=4.518 - loss_ce=2.106 - loss_ne=0.0161 - loss_div=0.000735 - threshold=0.707 - loss=6.641
/scratch/e0538389/DivClust/engine/trainer.py:41: FutureWarning: `torch.cuda.amp.autocast(args...)` is deprecated. Please use `torch.amp.autocast('cuda', args...)` instead.
  with autocast(self.mixed_precision):
[2026-03-30 13:18:48](logger.py 179): id=CC_FMNIST_C10CFG_K20_E100_DT_0_6 | Ep. 93/100 - Step 125/273 (2.36 it/s) |#########           | - loss_cc=4.519 - loss_ce=2.106 - loss_ne=0.0159 - loss_div=0.000626 - threshold=0.709 - loss=6.641
/scratch/e0538389/DivClust/engine/trainer.py:41: FutureWarning: `torch.cuda.amp.autocast(args...)` is deprecated. Please use `torch.amp.autocast('cuda', args...)` instead.
  with autocast(self.mixed_precision):
[2026-03-30 13:18:58](logger.py 179): id=CC_FMNIST_C10CFG_K20_E100_DT_0_6 | Ep. 93/100 - Step 150/273 (2.36 it/s) |##########          | - loss_cc=4.519 - loss_ce=2.106 - loss_ne=0.0158 - loss_div=0.0006 - threshold=0.709 - loss=6.641
/scratch/e0538389/DivClust/engine/trainer.py:41: FutureWarning: `torch.cuda.amp.autocast(args...)` is deprecated. Please use `torch.amp.autocast('cuda', args...)` instead.
  with autocast(self.mixed_precision):
/scratch/e0538389/DivClust/engine/trainer.py:41: FutureWarning: `torch.cuda.amp.autocast(args...)` is deprecated. Please use `torch.amp.autocast('cuda', args...)` instead.
  with autocast(self.mixed_precision):
[2026-03-30 13:19:09](logger.py 179): id=CC_FMNIST_C10CFG_K20_E100_DT_0_6 | Ep. 93/100 - Step 175/273 (2.36 it/s) |############        | - loss_cc=4.519 - loss_ce=2.106 - loss_ne=0.0156 - loss_div=0.000726 - threshold=0.708 - loss=6.642
/scratch/e0538389/DivClust/engine/trainer.py:41: FutureWarning: `torch.cuda.amp.autocast(args...)` is deprecated. Please use `torch.amp.autocast('cuda', args...)` instead.
  with autocast(self.mixed_precision):
[2026-03-30 13:19:19](logger.py 179): id=CC_FMNIST_C10CFG_K20_E100_DT_0_6 | Ep. 93/100 - Step 200/273 (2.36 it/s) |##############      | - loss_cc=4.519 - loss_ce=2.106 - loss_ne=0.0156 - loss_div=0.000942 - threshold=0.706 - loss=6.642
/scratch/e0538389/DivClust/engine/trainer.py:41: FutureWarning: `torch.cuda.amp.autocast(args...)` is deprecated. Please use `torch.amp.autocast('cuda', args...)` instead.
  with autocast(self.mixed_precision):
[2026-03-30 13:19:30](logger.py 179): id=CC_FMNIST_C10CFG_K20_E100_DT_0_6 | Ep. 93/100 - Step 225/273 (2.37 it/s) |################    | - loss_cc=4.519 - loss_ce=2.106 - loss_ne=0.0157 - loss_div=0.000941 - threshold=0.704 - loss=6.641
/scratch/e0538389/DivClust/engine/trainer.py:41: FutureWarning: `torch.cuda.amp.autocast(args...)` is deprecated. Please use `torch.amp.autocast('cuda', args...)` instead.
  with autocast(self.mixed_precision):
[2026-03-30 13:19:40](logger.py 179): id=CC_FMNIST_C10CFG_K20_E100_DT_0_6 | Ep. 93/100 - Step 250/273 (2.37 it/s) |##################  | - loss_cc=4.518 - loss_ce=2.106 - loss_ne=0.0157 - loss_div=0.000871 - threshold=0.704 - loss=6.64
/scratch/e0538389/DivClust/engine/trainer.py:41: FutureWarning: `torch.cuda.amp.autocast(args...)` is deprecated. Please use `torch.amp.autocast('cuda', args...)` instead.
  with autocast(self.mixed_precision):
/scratch/e0538389/DivClust/engine/trainer.py:41: FutureWarning: `torch.cuda.amp.autocast(args...)` is deprecated. Please use `torch.amp.autocast('cuda', args...)` instead.
  with autocast(self.mixed_precision):
[2026-03-30 13:19:50](logger.py 179): id=CC_FMNIST_C10CFG_K20_E100_DT_0_6 | Ep. 93/100 | Time: 00:01 | loss_cc=4.519 - loss_ce=2.106 - loss_ne=0.0157 - loss_div=0.000801 - threshold=0.704 - loss=6.641
[2026-03-30 13:19:52](logger.py 179): id=CC_FMNIST_C10CFG_K20_E100_DT_0_6 | Ep. 94/100 - Step 0/273 (0.0 it/s) |                    | - loss_cc=4.517 - loss_ce=2.103 - loss_ne=0.0115 - loss_div=0.0 - threshold=0.716 - loss=6.632
/scratch/e0538389/DivClust/engine/trainer.py:41: FutureWarning: `torch.cuda.amp.autocast(args...)` is deprecated. Please use `torch.amp.autocast('cuda', args...)` instead.
  with autocast(self.mixed_precision):
[2026-03-30 13:20:02](logger.py 179): id=CC_FMNIST_C10CFG_K20_E100_DT_0_6 | Ep. 94/100 - Step 25/273 (2.36 it/s) |#                   | - loss_cc=4.514 - loss_ce=2.104 - loss_ne=0.0168 - loss_div=0.0 - threshold=0.718 - loss=6.635
/scratch/e0538389/DivClust/engine/trainer.py:41: FutureWarning: `torch.cuda.amp.autocast(args...)` is deprecated. Please use `torch.amp.autocast('cuda', args...)` instead.
  with autocast(self.mixed_precision):
[2026-03-30 13:20:13](logger.py 179): id=CC_FMNIST_C10CFG_K20_E100_DT_0_6 | Ep. 94/100 - Step 50/273 (2.34 it/s) |###                 | - loss_cc=4.516 - loss_ce=2.105 - loss_ne=0.0164 - loss_div=2.34e-05 - threshold=0.719 - loss=6.637
/scratch/e0538389/DivClust/engine/trainer.py:41: FutureWarning: `torch.cuda.amp.autocast(args...)` is deprecated. Please use `torch.amp.autocast('cuda', args...)` instead.
  with autocast(self.mixed_precision):
[2026-03-30 13:20:24](logger.py 179): id=CC_FMNIST_C10CFG_K20_E100_DT_0_6 | Ep. 94/100 - Step 75/273 (2.35 it/s) |#####               | - loss_cc=4.516 - loss_ce=2.105 - loss_ne=0.0161 - loss_div=3.64e-05 - threshold=0.72 - loss=6.638
/scratch/e0538389/DivClust/engine/trainer.py:41: FutureWarning: `torch.cuda.amp.autocast(args...)` is deprecated. Please use `torch.amp.autocast('cuda', args...)` instead.
  with autocast(self.mixed_precision):
/scratch/e0538389/DivClust/engine/trainer.py:41: FutureWarning: `torch.cuda.amp.autocast(args...)` is deprecated. Please use `torch.amp.autocast('cuda', args...)` instead.
  with autocast(self.mixed_precision):
[2026-03-30 13:20:35](logger.py 179): id=CC_FMNIST_C10CFG_K20_E100_DT_0_6 | Ep. 94/100 - Step 100/273 (2.33 it/s) |#######             | - loss_cc=4.515 - loss_ce=2.104 - loss_ne=0.0162 - loss_div=0.000231 - threshold=0.719 - loss=6.636
/scratch/e0538389/DivClust/engine/trainer.py:41: FutureWarning: `torch.cuda.amp.autocast(args...)` is deprecated. Please use `torch.amp.autocast('cuda', args...)` instead.
  with autocast(self.mixed_precision):
[2026-03-30 13:20:45](logger.py 179): id=CC_FMNIST_C10CFG_K20_E100_DT_0_6 | Ep. 94/100 - Step 125/273 (2.34 it/s) |#########           | - loss_cc=4.514 - loss_ce=2.104 - loss_ne=0.0157 - loss_div=0.000328 - threshold=0.716 - loss=6.634
/scratch/e0538389/DivClust/engine/trainer.py:41: FutureWarning: `torch.cuda.amp.autocast(args...)` is deprecated. Please use `torch.amp.autocast('cuda', args...)` instead.
  with autocast(self.mixed_precision):
[2026-03-30 13:20:56](logger.py 179): id=CC_FMNIST_C10CFG_K20_E100_DT_0_6 | Ep. 94/100 - Step 150/273 (2.33 it/s) |##########          | - loss_cc=4.515 - loss_ce=2.104 - loss_ne=0.0155 - loss_div=0.000343 - threshold=0.714 - loss=6.635
/scratch/e0538389/DivClust/engine/trainer.py:41: FutureWarning: `torch.cuda.amp.autocast(args...)` is deprecated. Please use `torch.amp.autocast('cuda', args...)` instead.
  with autocast(self.mixed_precision):
[2026-03-30 13:21:07](logger.py 179): id=CC_FMNIST_C10CFG_K20_E100_DT_0_6 | Ep. 94/100 - Step 175/273 (2.33 it/s) |############        | - loss_cc=4.516 - loss_ce=2.104 - loss_ne=0.0154 - loss_div=0.000303 - threshold=0.714 - loss=6.636
/scratch/e0538389/DivClust/engine/trainer.py:41: FutureWarning: `torch.cuda.amp.autocast(args...)` is deprecated. Please use `torch.amp.autocast('cuda', args...)` instead.
  with autocast(self.mixed_precision):
/scratch/e0538389/DivClust/engine/trainer.py:41: FutureWarning: `torch.cuda.amp.autocast(args...)` is deprecated. Please use `torch.amp.autocast('cuda', args...)` instead.
  with autocast(self.mixed_precision):
[2026-03-30 13:21:18](logger.py 179): id=CC_FMNIST_C10CFG_K20_E100_DT_0_6 | Ep. 94/100 - Step 200/273 (2.32 it/s) |##############      | - loss_cc=4.516 - loss_ce=2.104 - loss_ne=0.0154 - loss_div=0.000326 - threshold=0.714 - loss=6.636
/scratch/e0538389/DivClust/engine/trainer.py:41: FutureWarning: `torch.cuda.amp.autocast(args...)` is deprecated. Please use `torch.amp.autocast('cuda', args...)` instead.
  with autocast(self.mixed_precision):
[2026-03-30 13:21:29](logger.py 179): id=CC_FMNIST_C10CFG_K20_E100_DT_0_6 | Ep. 94/100 - Step 225/273 (2.32 it/s) |################    | - loss_cc=4.516 - loss_ce=2.105 - loss_ne=0.0155 - loss_div=0.000415 - threshold=0.712 - loss=6.637
/scratch/e0538389/DivClust/engine/trainer.py:41: FutureWarning: `torch.cuda.amp.autocast(args...)` is deprecated. Please use `torch.amp.autocast('cuda', args...)` instead.
  with autocast(self.mixed_precision):
[2026-03-30 13:21:39](logger.py 179): id=CC_FMNIST_C10CFG_K20_E100_DT_0_6 | Ep. 94/100 - Step 250/273 (2.32 it/s) |##################  | - loss_cc=4.517 - loss_ce=2.105 - loss_ne=0.0155 - loss_div=0.000398 - threshold=0.712 - loss=6.637
/scratch/e0538389/DivClust/engine/trainer.py:41: FutureWarning: `torch.cuda.amp.autocast(args...)` is deprecated. Please use `torch.amp.autocast('cuda', args...)` instead.
  with autocast(self.mixed_precision):
[2026-03-30 13:21:49](logger.py 179): id=CC_FMNIST_C10CFG_K20_E100_DT_0_6 | Ep. 94/100 | Time: 00:01 | loss_cc=4.517 - loss_ce=2.105 - loss_ne=0.0153 - loss_div=0.000375 - threshold=0.713 - loss=6.637
[2026-03-30 13:21:51](logger.py 179): id=CC_FMNIST_C10CFG_K20_E100_DT_0_6 | Ep. 95/100 - Step 0/273 (0.0 it/s) |                    | - loss_cc=4.501 - loss_ce=2.096 - loss_ne=0.0098 - loss_div=0.0 - threshold=0.723 - loss=6.607
/scratch/e0538389/DivClust/engine/trainer.py:41: FutureWarning: `torch.cuda.amp.autocast(args...)` is deprecated. Please use `torch.amp.autocast('cuda', args...)` instead.
  with autocast(self.mixed_precision):
[2026-03-30 13:22:03](logger.py 179): id=CC_FMNIST_C10CFG_K20_E100_DT_0_6 | Ep. 95/100 - Step 25/273 (2.22 it/s) |#                   | - loss_cc=4.522 - loss_ce=2.107 - loss_ne=0.0148 - loss_div=1.23e-05 - threshold=0.728 - loss=6.643
/scratch/e0538389/DivClust/engine/trainer.py:41: FutureWarning: `torch.cuda.amp.autocast(args...)` is deprecated. Please use `torch.amp.autocast('cuda', args...)` instead.
  with autocast(self.mixed_precision):
/scratch/e0538389/DivClust/engine/trainer.py:41: FutureWarning: `torch.cuda.amp.autocast(args...)` is deprecated. Please use `torch.amp.autocast('cuda', args...)` instead.
  with autocast(self.mixed_precision):
[2026-03-30 13:22:13](logger.py 179): id=CC_FMNIST_C10CFG_K20_E100_DT_0_6 | Ep. 95/100 - Step 50/273 (2.27 it/s) |###                 | - loss_cc=4.518 - loss_ce=2.105 - loss_ne=0.0151 - loss_div=3.54e-05 - threshold=0.726 - loss=6.639
/scratch/e0538389/DivClust/engine/trainer.py:41: FutureWarning: `torch.cuda.amp.autocast(args...)` is deprecated. Please use `torch.amp.autocast('cuda', args...)` instead.
  with autocast(self.mixed_precision):
[2026-03-30 13:22:24](logger.py 179): id=CC_FMNIST_C10CFG_K20_E100_DT_0_6 | Ep. 95/100 - Step 75/273 (2.3 it/s) |#####               | - loss_cc=4.519 - loss_ce=2.105 - loss_ne=0.0149 - loss_div=7.5e-05 - threshold=0.726 - loss=6.639
/scratch/e0538389/DivClust/engine/trainer.py:41: FutureWarning: `torch.cuda.amp.autocast(args...)` is deprecated. Please use `torch.amp.autocast('cuda', args...)` instead.
  with autocast(self.mixed_precision):
[2026-03-30 13:22:34](logger.py 179): id=CC_FMNIST_C10CFG_K20_E100_DT_0_6 | Ep. 95/100 - Step 100/273 (2.32 it/s) |#######             | - loss_cc=4.518 - loss_ce=2.105 - loss_ne=0.0152 - loss_div=0.000158 - threshold=0.724 - loss=6.638
/scratch/e0538389/DivClust/engine/trainer.py:41: FutureWarning: `torch.cuda.amp.autocast(args...)` is deprecated. Please use `torch.amp.autocast('cuda', args...)` instead.
  with autocast(self.mixed_precision):
[2026-03-30 13:22:46](logger.py 179): id=CC_FMNIST_C10CFG_K20_E100_DT_0_6 | Ep. 95/100 - Step 125/273 (2.31 it/s) |#########           | - loss_cc=4.517 - loss_ce=2.104 - loss_ne=0.0149 - loss_div=0.00032 - threshold=0.721 - loss=6.636
/scratch/e0538389/DivClust/engine/trainer.py:41: FutureWarning: `torch.cuda.amp.autocast(args...)` is deprecated. Please use `torch.amp.autocast('cuda', args...)` instead.
  with autocast(self.mixed_precision):
/scratch/e0538389/DivClust/engine/trainer.py:41: FutureWarning: `torch.cuda.amp.autocast(args...)` is deprecated. Please use `torch.amp.autocast('cuda', args...)` instead.
  with autocast(self.mixed_precision):
[2026-03-30 13:22:56](logger.py 179): id=CC_FMNIST_C10CFG_K20_E100_DT_0_6 | Ep. 95/100 - Step 150/273 (2.31 it/s) |##########          | - loss_cc=4.516 - loss_ce=2.104 - loss_ne=0.0148 - loss_div=0.000539 - threshold=0.718 - loss=6.636
/scratch/e0538389/DivClust/engine/trainer.py:41: FutureWarning: `torch.cuda.amp.autocast(args...)` is deprecated. Please use `torch.amp.autocast('cuda', args...)` instead.
  with autocast(self.mixed_precision):
[2026-03-30 13:23:07](logger.py 179): id=CC_FMNIST_C10CFG_K20_E100_DT_0_6 | Ep. 95/100 - Step 175/273 (2.31 it/s) |############        | - loss_cc=4.516 - loss_ce=2.104 - loss_ne=0.0149 - loss_div=0.000589 - threshold=0.715 - loss=6.636
/scratch/e0538389/DivClust/engine/trainer.py:41: FutureWarning: `torch.cuda.amp.autocast(args...)` is deprecated. Please use `torch.amp.autocast('cuda', args...)` instead.
  with autocast(self.mixed_precision):
[2026-03-30 13:23:18](logger.py 179): id=CC_FMNIST_C10CFG_K20_E100_DT_0_6 | Ep. 95/100 - Step 200/273 (2.32 it/s) |##############      | - loss_cc=4.516 - loss_ce=2.104 - loss_ne=0.0148 - loss_div=0.000538 - threshold=0.714 - loss=6.636
/scratch/e0538389/DivClust/engine/trainer.py:41: FutureWarning: `torch.cuda.amp.autocast(args...)` is deprecated. Please use `torch.amp.autocast('cuda', args...)` instead.
  with autocast(self.mixed_precision):
[2026-03-30 13:23:29](logger.py 179): id=CC_FMNIST_C10CFG_K20_E100_DT_0_6 | Ep. 95/100 - Step 225/273 (2.3 it/s) |################    | - loss_cc=4.515 - loss_ce=2.104 - loss_ne=0.015 - loss_div=0.00048 - threshold=0.714 - loss=6.634
/scratch/e0538389/DivClust/engine/trainer.py:41: FutureWarning: `torch.cuda.amp.autocast(args...)` is deprecated. Please use `torch.amp.autocast('cuda', args...)` instead.
  with autocast(self.mixed_precision):
/scratch/e0538389/DivClust/engine/trainer.py:41: FutureWarning: `torch.cuda.amp.autocast(args...)` is deprecated. Please use `torch.amp.autocast('cuda', args...)` instead.
  with autocast(self.mixed_precision):
[2026-03-30 13:23:39](logger.py 179): id=CC_FMNIST_C10CFG_K20_E100_DT_0_6 | Ep. 95/100 - Step 250/273 (2.31 it/s) |##################  | - loss_cc=4.515 - loss_ce=2.104 - loss_ne=0.0149 - loss_div=0.000434 - threshold=0.715 - loss=6.635
/scratch/e0538389/DivClust/engine/trainer.py:41: FutureWarning: `torch.cuda.amp.autocast(args...)` is deprecated. Please use `torch.amp.autocast('cuda', args...)` instead.
  with autocast(self.mixed_precision):
[2026-03-30 13:23:49](logger.py 179): id=CC_FMNIST_C10CFG_K20_E100_DT_0_6 | Ep. 95/100 | Time: 00:01 | loss_cc=4.515 - loss_ce=2.104 - loss_ne=0.0149 - loss_div=0.000409 - threshold=0.716 - loss=6.635
[2026-03-30 13:23:51](logger.py 179): id=CC_FMNIST_C10CFG_K20_E100_DT_0_6 | Ep. 96/100 - Step 0/273 (0.0 it/s) |                    | - loss_cc=4.511 - loss_ce=2.097 - loss_ne=0.0147 - loss_div=0.0 - threshold=0.722 - loss=6.622
/scratch/e0538389/DivClust/engine/trainer.py:41: FutureWarning: `torch.cuda.amp.autocast(args...)` is deprecated. Please use `torch.amp.autocast('cuda', args...)` instead.
  with autocast(self.mixed_precision):
[2026-03-30 13:24:01](logger.py 179): id=CC_FMNIST_C10CFG_K20_E100_DT_0_6 | Ep. 96/100 - Step 25/273 (2.39 it/s) |#                   | - loss_cc=4.52 - loss_ce=2.106 - loss_ne=0.0174 - loss_div=0.000368 - threshold=0.718 - loss=6.643
/scratch/e0538389/DivClust/engine/trainer.py:41: FutureWarning: `torch.cuda.amp.autocast(args...)` is deprecated. Please use `torch.amp.autocast('cuda', args...)` instead.
  with autocast(self.mixed_precision):
[2026-03-30 13:24:12](logger.py 179): id=CC_FMNIST_C10CFG_K20_E100_DT_0_6 | Ep. 96/100 - Step 50/273 (2.38 it/s) |###                 | - loss_cc=4.517 - loss_ce=2.105 - loss_ne=0.0155 - loss_div=0.000486 - threshold=0.714 - loss=6.638
/scratch/e0538389/DivClust/engine/trainer.py:41: FutureWarning: `torch.cuda.amp.autocast(args...)` is deprecated. Please use `torch.amp.autocast('cuda', args...)` instead.
  with autocast(self.mixed_precision):
/scratch/e0538389/DivClust/engine/trainer.py:41: FutureWarning: `torch.cuda.amp.autocast(args...)` is deprecated. Please use `torch.amp.autocast('cuda', args...)` instead.
  with autocast(self.mixed_precision):
[2026-03-30 13:24:23](logger.py 179): id=CC_FMNIST_C10CFG_K20_E100_DT_0_6 | Ep. 96/100 - Step 75/273 (2.35 it/s) |#####               | - loss_cc=4.516 - loss_ce=2.105 - loss_ne=0.0156 - loss_div=0.000469 - threshold=0.714 - loss=6.637
/scratch/e0538389/DivClust/engine/trainer.py:41: FutureWarning: `torch.cuda.amp.autocast(args...)` is deprecated. Please use `torch.amp.autocast('cuda', args...)` instead.
  with autocast(self.mixed_precision):
[2026-03-30 13:24:33](logger.py 179): id=CC_FMNIST_C10CFG_K20_E100_DT_0_6 | Ep. 96/100 - Step 100/273 (2.34 it/s) |#######             | - loss_cc=4.517 - loss_ce=2.105 - loss_ne=0.0152 - loss_div=0.000523 - threshold=0.712 - loss=6.638
/scratch/e0538389/DivClust/engine/trainer.py:41: FutureWarning: `torch.cuda.amp.autocast(args...)` is deprecated. Please use `torch.amp.autocast('cuda', args...)` instead.
  with autocast(self.mixed_precision):
[2026-03-30 13:24:44](logger.py 179): id=CC_FMNIST_C10CFG_K20_E100_DT_0_6 | Ep. 96/100 - Step 125/273 (2.34 it/s) |#########           | - loss_cc=4.517 - loss_ce=2.105 - loss_ne=0.0151 - loss_div=0.000549 - threshold=0.71 - loss=6.638
/scratch/e0538389/DivClust/engine/trainer.py:41: FutureWarning: `torch.cuda.amp.autocast(args...)` is deprecated. Please use `torch.amp.autocast('cuda', args...)` instead.
  with autocast(self.mixed_precision):
[2026-03-30 13:24:55](logger.py 179): id=CC_FMNIST_C10CFG_K20_E100_DT_0_6 | Ep. 96/100 - Step 150/273 (2.34 it/s) |##########          | - loss_cc=4.516 - loss_ce=2.105 - loss_ne=0.0151 - loss_div=0.000481 - threshold=0.711 - loss=6.637
/scratch/e0538389/DivClust/engine/trainer.py:41: FutureWarning: `torch.cuda.amp.autocast(args...)` is deprecated. Please use `torch.amp.autocast('cuda', args...)` instead.
  with autocast(self.mixed_precision):
/scratch/e0538389/DivClust/engine/trainer.py:41: FutureWarning: `torch.cuda.amp.autocast(args...)` is deprecated. Please use `torch.amp.autocast('cuda', args...)` instead.
  with autocast(self.mixed_precision):
[2026-03-30 13:25:06](logger.py 179): id=CC_FMNIST_C10CFG_K20_E100_DT_0_6 | Ep. 96/100 - Step 175/273 (2.33 it/s) |############        | - loss_cc=4.515 - loss_ce=2.104 - loss_ne=0.0149 - loss_div=0.000518 - threshold=0.71 - loss=6.635
/scratch/e0538389/DivClust/engine/trainer.py:41: FutureWarning: `torch.cuda.amp.autocast(args...)` is deprecated. Please use `torch.amp.autocast('cuda', args...)` instead.
  with autocast(self.mixed_precision):
[2026-03-30 13:25:16](logger.py 179): id=CC_FMNIST_C10CFG_K20_E100_DT_0_6 | Ep. 96/100 - Step 200/273 (2.33 it/s) |##############      | - loss_cc=4.515 - loss_ce=2.104 - loss_ne=0.0148 - loss_div=0.000543 - threshold=0.709 - loss=6.635
/scratch/e0538389/DivClust/engine/trainer.py:41: FutureWarning: `torch.cuda.amp.autocast(args...)` is deprecated. Please use `torch.amp.autocast('cuda', args...)` instead.
  with autocast(self.mixed_precision):
[2026-03-30 13:25:27](logger.py 179): id=CC_FMNIST_C10CFG_K20_E100_DT_0_6 | Ep. 96/100 - Step 225/273 (2.33 it/s) |################    | - loss_cc=4.514 - loss_ce=2.104 - loss_ne=0.015 - loss_div=0.000533 - threshold=0.709 - loss=6.634
/scratch/e0538389/DivClust/engine/trainer.py:41: FutureWarning: `torch.cuda.amp.autocast(args...)` is deprecated. Please use `torch.amp.autocast('cuda', args...)` instead.
  with autocast(self.mixed_precision):
[2026-03-30 13:25:38](logger.py 179): id=CC_FMNIST_C10CFG_K20_E100_DT_0_6 | Ep. 96/100 - Step 250/273 (2.33 it/s) |##################  | - loss_cc=4.514 - loss_ce=2.104 - loss_ne=0.0151 - loss_div=0.000517 - threshold=0.708 - loss=6.634
/scratch/e0538389/DivClust/engine/trainer.py:41: FutureWarning: `torch.cuda.amp.autocast(args...)` is deprecated. Please use `torch.amp.autocast('cuda', args...)` instead.
  with autocast(self.mixed_precision):
[2026-03-30 13:25:47](logger.py 179): id=CC_FMNIST_C10CFG_K20_E100_DT_0_6 | Ep. 96/100 | Time: 00:01 | loss_cc=4.514 - loss_ce=2.104 - loss_ne=0.0152 - loss_div=0.000478 - threshold=0.709 - loss=6.633
/scratch/e0538389/DivClust/engine/trainer.py:41: FutureWarning: `torch.cuda.amp.autocast(args...)` is deprecated. Please use `torch.amp.autocast('cuda', args...)` instead.
  with autocast(self.mixed_precision):
[2026-03-30 13:25:50](logger.py 179): id=CC_FMNIST_C10CFG_K20_E100_DT_0_6 | Ep. 97/100 - Step 0/273 (0.0 it/s) |                    | - loss_cc=4.516 - loss_ce=2.102 - loss_ne=0.0115 - loss_div=0.0 - threshold=0.722 - loss=6.63
/scratch/e0538389/DivClust/engine/trainer.py:41: FutureWarning: `torch.cuda.amp.autocast(args...)` is deprecated. Please use `torch.amp.autocast('cuda', args...)` instead.
  with autocast(self.mixed_precision):
[2026-03-30 13:26:01](logger.py 179): id=CC_FMNIST_C10CFG_K20_E100_DT_0_6 | Ep. 97/100 - Step 25/273 (2.32 it/s) |#                   | - loss_cc=4.511 - loss_ce=2.103 - loss_ne=0.0148 - loss_div=1.78e-05 - threshold=0.724 - loss=6.628
/scratch/e0538389/DivClust/engine/trainer.py:41: FutureWarning: `torch.cuda.amp.autocast(args...)` is deprecated. Please use `torch.amp.autocast('cuda', args...)` instead.
  with autocast(self.mixed_precision):
[2026-03-30 13:26:11](logger.py 179): id=CC_FMNIST_C10CFG_K20_E100_DT_0_6 | Ep. 97/100 - Step 50/273 (2.32 it/s) |###                 | - loss_cc=4.51 - loss_ce=2.103 - loss_ne=0.0149 - loss_div=1.59e-05 - threshold=0.725 - loss=6.628
/scratch/e0538389/DivClust/engine/trainer.py:41: FutureWarning: `torch.cuda.amp.autocast(args...)` is deprecated. Please use `torch.amp.autocast('cuda', args...)` instead.
  with autocast(self.mixed_precision):
[2026-03-30 13:26:22](logger.py 179): id=CC_FMNIST_C10CFG_K20_E100_DT_0_6 | Ep. 97/100 - Step 75/273 (2.35 it/s) |#####               | - loss_cc=4.511 - loss_ce=2.103 - loss_ne=0.0142 - loss_div=0.00013 - threshold=0.722 - loss=6.629
/scratch/e0538389/DivClust/engine/trainer.py:41: FutureWarning: `torch.cuda.amp.autocast(args...)` is deprecated. Please use `torch.amp.autocast('cuda', args...)` instead.
  with autocast(self.mixed_precision):
/scratch/e0538389/DivClust/engine/trainer.py:41: FutureWarning: `torch.cuda.amp.autocast(args...)` is deprecated. Please use `torch.amp.autocast('cuda', args...)` instead.
  with autocast(self.mixed_precision):
[2026-03-30 13:26:33](logger.py 179): id=CC_FMNIST_C10CFG_K20_E100_DT_0_6 | Ep. 97/100 - Step 100/273 (2.34 it/s) |#######             | - loss_cc=4.511 - loss_ce=2.103 - loss_ne=0.0147 - loss_div=0.000355 - threshold=0.719 - loss=6.629
/scratch/e0538389/DivClust/engine/trainer.py:41: FutureWarning: `torch.cuda.amp.autocast(args...)` is deprecated. Please use `torch.amp.autocast('cuda', args...)` instead.
  with autocast(self.mixed_precision):
[2026-03-30 13:26:43](logger.py 179): id=CC_FMNIST_C10CFG_K20_E100_DT_0_6 | Ep. 97/100 - Step 125/273 (2.34 it/s) |#########           | - loss_cc=4.512 - loss_ce=2.103 - loss_ne=0.0147 - loss_div=0.000317 - threshold=0.717 - loss=6.63
/scratch/e0538389/DivClust/engine/trainer.py:41: FutureWarning: `torch.cuda.amp.autocast(args...)` is deprecated. Please use `torch.amp.autocast('cuda', args...)` instead.
  with autocast(self.mixed_precision):
[2026-03-30 13:26:54](logger.py 179): id=CC_FMNIST_C10CFG_K20_E100_DT_0_6 | Ep. 97/100 - Step 150/273 (2.33 it/s) |##########          | - loss_cc=4.511 - loss_ce=2.103 - loss_ne=0.0148 - loss_div=0.000321 - threshold=0.716 - loss=6.63
/scratch/e0538389/DivClust/engine/trainer.py:41: FutureWarning: `torch.cuda.amp.autocast(args...)` is deprecated. Please use `torch.amp.autocast('cuda', args...)` instead.
  with autocast(self.mixed_precision):
[2026-03-30 13:27:05](logger.py 179): id=CC_FMNIST_C10CFG_K20_E100_DT_0_6 | Ep. 97/100 - Step 175/273 (2.33 it/s) |############        | - loss_cc=4.512 - loss_ce=2.103 - loss_ne=0.0148 - loss_div=0.000383 - threshold=0.715 - loss=6.63
/scratch/e0538389/DivClust/engine/trainer.py:41: FutureWarning: `torch.cuda.amp.autocast(args...)` is deprecated. Please use `torch.amp.autocast('cuda', args...)` instead.
  with autocast(self.mixed_precision):
/scratch/e0538389/DivClust/engine/trainer.py:41: FutureWarning: `torch.cuda.amp.autocast(args...)` is deprecated. Please use `torch.amp.autocast('cuda', args...)` instead.
  with autocast(self.mixed_precision):
[2026-03-30 13:27:16](logger.py 179): id=CC_FMNIST_C10CFG_K20_E100_DT_0_6 | Ep. 97/100 - Step 200/273 (2.32 it/s) |##############      | - loss_cc=4.512 - loss_ce=2.103 - loss_ne=0.0148 - loss_div=0.000455 - threshold=0.714 - loss=6.63
/scratch/e0538389/DivClust/engine/trainer.py:41: FutureWarning: `torch.cuda.amp.autocast(args...)` is deprecated. Please use `torch.amp.autocast('cuda', args...)` instead.
  with autocast(self.mixed_precision):
[2026-03-30 13:27:27](logger.py 179): id=CC_FMNIST_C10CFG_K20_E100_DT_0_6 | Ep. 97/100 - Step 225/273 (2.32 it/s) |################    | - loss_cc=4.512 - loss_ce=2.103 - loss_ne=0.0149 - loss_div=0.00043 - threshold=0.713 - loss=6.631
/scratch/e0538389/DivClust/engine/trainer.py:41: FutureWarning: `torch.cuda.amp.autocast(args...)` is deprecated. Please use `torch.amp.autocast('cuda', args...)` instead.
  with autocast(self.mixed_precision):
[2026-03-30 13:27:38](logger.py 179): id=CC_FMNIST_C10CFG_K20_E100_DT_0_6 | Ep. 97/100 - Step 250/273 (2.32 it/s) |##################  | - loss_cc=4.511 - loss_ce=2.103 - loss_ne=0.0148 - loss_div=0.000477 - threshold=0.713 - loss=6.63
/scratch/e0538389/DivClust/engine/trainer.py:41: FutureWarning: `torch.cuda.amp.autocast(args...)` is deprecated. Please use `torch.amp.autocast('cuda', args...)` instead.
  with autocast(self.mixed_precision):
[2026-03-30 13:27:47](logger.py 179): id=CC_FMNIST_C10CFG_K20_E100_DT_0_6 | Ep. 97/100 | Time: 00:01 | loss_cc=4.512 - loss_ce=2.103 - loss_ne=0.0148 - loss_div=0.00046 - threshold=0.713 - loss=6.63
[2026-03-30 13:27:50](logger.py 179): id=CC_FMNIST_C10CFG_K20_E100_DT_0_6 | Ep. 98/100 - Step 0/273 (0.0 it/s) |                    | - loss_cc=4.521 - loss_ce=2.101 - loss_ne=0.0126 - loss_div=1.39e-05 - threshold=0.714 - loss=6.634
/scratch/e0538389/DivClust/engine/trainer.py:41: FutureWarning: `torch.cuda.amp.autocast(args...)` is deprecated. Please use `torch.amp.autocast('cuda', args...)` instead.
  with autocast(self.mixed_precision):
[2026-03-30 13:28:00](logger.py 179): id=CC_FMNIST_C10CFG_K20_E100_DT_0_6 | Ep. 98/100 - Step 25/273 (2.37 it/s) |#                   | - loss_cc=4.514 - loss_ce=2.104 - loss_ne=0.015 - loss_div=0.000511 - threshold=0.709 - loss=6.634
/scratch/e0538389/DivClust/engine/trainer.py:41: FutureWarning: `torch.cuda.amp.autocast(args...)` is deprecated. Please use `torch.amp.autocast('cuda', args...)` instead.
  with autocast(self.mixed_precision):
/scratch/e0538389/DivClust/engine/trainer.py:41: FutureWarning: `torch.cuda.amp.autocast(args...)` is deprecated. Please use `torch.amp.autocast('cuda', args...)` instead.
  with autocast(self.mixed_precision):
[2026-03-30 13:28:12](logger.py 179): id=CC_FMNIST_C10CFG_K20_E100_DT_0_6 | Ep. 98/100 - Step 50/273 (2.3 it/s) |###                 | - loss_cc=4.512 - loss_ce=2.102 - loss_ne=0.0161 - loss_div=0.000838 - threshold=0.705 - loss=6.631
/scratch/e0538389/DivClust/engine/trainer.py:41: FutureWarning: `torch.cuda.amp.autocast(args...)` is deprecated. Please use `torch.amp.autocast('cuda', args...)` instead.
  with autocast(self.mixed_precision):
[2026-03-30 13:28:22](logger.py 179): id=CC_FMNIST_C10CFG_K20_E100_DT_0_6 | Ep. 98/100 - Step 75/273 (2.31 it/s) |#####               | - loss_cc=4.51 - loss_ce=2.102 - loss_ne=0.0159 - loss_div=0.000587 - threshold=0.707 - loss=6.629
/scratch/e0538389/DivClust/engine/trainer.py:41: FutureWarning: `torch.cuda.amp.autocast(args...)` is deprecated. Please use `torch.amp.autocast('cuda', args...)` instead.
  with autocast(self.mixed_precision):
[2026-03-30 13:28:33](logger.py 179): id=CC_FMNIST_C10CFG_K20_E100_DT_0_6 | Ep. 98/100 - Step 100/273 (2.31 it/s) |#######             | - loss_cc=4.51 - loss_ce=2.103 - loss_ne=0.0154 - loss_div=0.000451 - threshold=0.709 - loss=6.628
/scratch/e0538389/DivClust/engine/trainer.py:41: FutureWarning: `torch.cuda.amp.autocast(args...)` is deprecated. Please use `torch.amp.autocast('cuda', args...)` instead.
  with autocast(self.mixed_precision):
[2026-03-30 13:28:44](logger.py 179): id=CC_FMNIST_C10CFG_K20_E100_DT_0_6 | Ep. 98/100 - Step 125/273 (2.31 it/s) |#########           | - loss_cc=4.511 - loss_ce=2.103 - loss_ne=0.0154 - loss_div=0.000426 - threshold=0.711 - loss=6.629
/scratch/e0538389/DivClust/engine/trainer.py:41: FutureWarning: `torch.cuda.amp.autocast(args...)` is deprecated. Please use `torch.amp.autocast('cuda', args...)` instead.
  with autocast(self.mixed_precision):
/scratch/e0538389/DivClust/engine/trainer.py:41: FutureWarning: `torch.cuda.amp.autocast(args...)` is deprecated. Please use `torch.amp.autocast('cuda', args...)` instead.
  with autocast(self.mixed_precision):
[2026-03-30 13:28:55](logger.py 179): id=CC_FMNIST_C10CFG_K20_E100_DT_0_6 | Ep. 98/100 - Step 150/273 (2.3 it/s) |##########          | - loss_cc=4.511 - loss_ce=2.103 - loss_ne=0.0154 - loss_div=0.000478 - threshold=0.71 - loss=6.63
/scratch/e0538389/DivClust/engine/trainer.py:41: FutureWarning: `torch.cuda.amp.autocast(args...)` is deprecated. Please use `torch.amp.autocast('cuda', args...)` instead.
  with autocast(self.mixed_precision):
[2026-03-30 13:29:06](logger.py 179): id=CC_FMNIST_C10CFG_K20_E100_DT_0_6 | Ep. 98/100 - Step 175/273 (2.3 it/s) |############        | - loss_cc=4.51 - loss_ce=2.103 - loss_ne=0.0155 - loss_div=0.000499 - threshold=0.709 - loss=6.628
/scratch/e0538389/DivClust/engine/trainer.py:41: FutureWarning: `torch.cuda.amp.autocast(args...)` is deprecated. Please use `torch.amp.autocast('cuda', args...)` instead.
  with autocast(self.mixed_precision):
[2026-03-30 13:29:17](logger.py 179): id=CC_FMNIST_C10CFG_K20_E100_DT_0_6 | Ep. 98/100 - Step 200/273 (2.31 it/s) |##############      | - loss_cc=4.509 - loss_ce=2.102 - loss_ne=0.0155 - loss_div=0.00045 - threshold=0.709 - loss=6.628
/scratch/e0538389/DivClust/engine/trainer.py:41: FutureWarning: `torch.cuda.amp.autocast(args...)` is deprecated. Please use `torch.amp.autocast('cuda', args...)` instead.
  with autocast(self.mixed_precision):
[2026-03-30 13:29:27](logger.py 179): id=CC_FMNIST_C10CFG_K20_E100_DT_0_6 | Ep. 98/100 - Step 225/273 (2.31 it/s) |################    | - loss_cc=4.51 - loss_ce=2.102 - loss_ne=0.0154 - loss_div=0.000404 - threshold=0.71 - loss=6.628
/scratch/e0538389/DivClust/engine/trainer.py:41: FutureWarning: `torch.cuda.amp.autocast(args...)` is deprecated. Please use `torch.amp.autocast('cuda', args...)` instead.
  with autocast(self.mixed_precision):
/scratch/e0538389/DivClust/engine/trainer.py:41: FutureWarning: `torch.cuda.amp.autocast(args...)` is deprecated. Please use `torch.amp.autocast('cuda', args...)` instead.
  with autocast(self.mixed_precision):
[2026-03-30 13:29:38](logger.py 179): id=CC_FMNIST_C10CFG_K20_E100_DT_0_6 | Ep. 98/100 - Step 250/273 (2.3 it/s) |##################  | - loss_cc=4.51 - loss_ce=2.103 - loss_ne=0.0154 - loss_div=0.0004 - threshold=0.71 - loss=6.628
/scratch/e0538389/DivClust/engine/trainer.py:41: FutureWarning: `torch.cuda.amp.autocast(args...)` is deprecated. Please use `torch.amp.autocast('cuda', args...)` instead.
  with autocast(self.mixed_precision):
[2026-03-30 13:29:48](logger.py 179): id=CC_FMNIST_C10CFG_K20_E100_DT_0_6 | Ep. 98/100 | Time: 00:01 | loss_cc=4.51 - loss_ce=2.103 - loss_ne=0.0155 - loss_div=0.000446 - threshold=0.71 - loss=6.629
[2026-03-30 13:29:50](logger.py 179): id=CC_FMNIST_C10CFG_K20_E100_DT_0_6 | Ep. 99/100 - Step 0/273 (0.0 it/s) |                    | - loss_cc=4.464 - loss_ce=2.086 - loss_ne=0.0231 - loss_div=0.000687 - threshold=0.699 - loss=6.574
/scratch/e0538389/DivClust/engine/trainer.py:41: FutureWarning: `torch.cuda.amp.autocast(args...)` is deprecated. Please use `torch.amp.autocast('cuda', args...)` instead.
  with autocast(self.mixed_precision):
[2026-03-30 13:30:01](logger.py 179): id=CC_FMNIST_C10CFG_K20_E100_DT_0_6 | Ep. 99/100 - Step 25/273 (2.32 it/s) |#                   | - loss_cc=4.515 - loss_ce=2.105 - loss_ne=0.0154 - loss_div=0.000584 - threshold=0.703 - loss=6.636
/scratch/e0538389/DivClust/engine/trainer.py:41: FutureWarning: `torch.cuda.amp.autocast(args...)` is deprecated. Please use `torch.amp.autocast('cuda', args...)` instead.
  with autocast(self.mixed_precision):
[2026-03-30 13:30:11](logger.py 179): id=CC_FMNIST_C10CFG_K20_E100_DT_0_6 | Ep. 99/100 - Step 50/273 (2.32 it/s) |###                 | - loss_cc=4.516 - loss_ce=2.105 - loss_ne=0.0151 - loss_div=0.000326 - threshold=0.707 - loss=6.636
/scratch/e0538389/DivClust/engine/trainer.py:41: FutureWarning: `torch.cuda.amp.autocast(args...)` is deprecated. Please use `torch.amp.autocast('cuda', args...)` instead.
  with autocast(self.mixed_precision):
/scratch/e0538389/DivClust/engine/trainer.py:41: FutureWarning: `torch.cuda.amp.autocast(args...)` is deprecated. Please use `torch.amp.autocast('cuda', args...)` instead.
  with autocast(self.mixed_precision):
[2026-03-30 13:30:23](logger.py 179): id=CC_FMNIST_C10CFG_K20_E100_DT_0_6 | Ep. 99/100 - Step 75/273 (2.29 it/s) |#####               | - loss_cc=4.514 - loss_ce=2.104 - loss_ne=0.015 - loss_div=0.000272 - threshold=0.711 - loss=6.633
/scratch/e0538389/DivClust/engine/trainer.py:41: FutureWarning: `torch.cuda.amp.autocast(args...)` is deprecated. Please use `torch.amp.autocast('cuda', args...)` instead.
  with autocast(self.mixed_precision):
[2026-03-30 13:30:33](logger.py 179): id=CC_FMNIST_C10CFG_K20_E100_DT_0_6 | Ep. 99/100 - Step 100/273 (2.3 it/s) |#######             | - loss_cc=4.514 - loss_ce=2.104 - loss_ne=0.0153 - loss_div=0.00028 - threshold=0.711 - loss=6.633
/scratch/e0538389/DivClust/engine/trainer.py:41: FutureWarning: `torch.cuda.amp.autocast(args...)` is deprecated. Please use `torch.amp.autocast('cuda', args...)` instead.
  with autocast(self.mixed_precision):
[2026-03-30 13:30:44](logger.py 179): id=CC_FMNIST_C10CFG_K20_E100_DT_0_6 | Ep. 99/100 - Step 125/273 (2.32 it/s) |#########           | - loss_cc=4.514 - loss_ce=2.104 - loss_ne=0.0152 - loss_div=0.000578 - threshold=0.709 - loss=6.634
/scratch/e0538389/DivClust/engine/trainer.py:41: FutureWarning: `torch.cuda.amp.autocast(args...)` is deprecated. Please use `torch.amp.autocast('cuda', args...)` instead.
  with autocast(self.mixed_precision):
[2026-03-30 13:30:54](logger.py 179): id=CC_FMNIST_C10CFG_K20_E100_DT_0_6 | Ep. 99/100 - Step 150/273 (2.33 it/s) |##########          | - loss_cc=4.515 - loss_ce=2.104 - loss_ne=0.0153 - loss_div=0.00058 - threshold=0.709 - loss=6.635
/scratch/e0538389/DivClust/engine/trainer.py:41: FutureWarning: `torch.cuda.amp.autocast(args...)` is deprecated. Please use `torch.amp.autocast('cuda', args...)` instead.
  with autocast(self.mixed_precision):
/scratch/e0538389/DivClust/engine/trainer.py:41: FutureWarning: `torch.cuda.amp.autocast(args...)` is deprecated. Please use `torch.amp.autocast('cuda', args...)` instead.
  with autocast(self.mixed_precision):
[2026-03-30 13:31:05](logger.py 179): id=CC_FMNIST_C10CFG_K20_E100_DT_0_6 | Ep. 99/100 - Step 175/273 (2.33 it/s) |############        | - loss_cc=4.514 - loss_ce=2.104 - loss_ne=0.0153 - loss_div=0.000505 - threshold=0.709 - loss=6.634
/scratch/e0538389/DivClust/engine/trainer.py:41: FutureWarning: `torch.cuda.amp.autocast(args...)` is deprecated. Please use `torch.amp.autocast('cuda', args...)` instead.
  with autocast(self.mixed_precision):
[2026-03-30 13:31:16](logger.py 179): id=CC_FMNIST_C10CFG_K20_E100_DT_0_6 | Ep. 99/100 - Step 200/273 (2.33 it/s) |##############      | - loss_cc=4.514 - loss_ce=2.104 - loss_ne=0.0154 - loss_div=0.000442 - threshold=0.711 - loss=6.634
/scratch/e0538389/DivClust/engine/trainer.py:41: FutureWarning: `torch.cuda.amp.autocast(args...)` is deprecated. Please use `torch.amp.autocast('cuda', args...)` instead.
  with autocast(self.mixed_precision):
[2026-03-30 13:31:27](logger.py 179): id=CC_FMNIST_C10CFG_K20_E100_DT_0_6 | Ep. 99/100 - Step 225/273 (2.33 it/s) |################    | - loss_cc=4.515 - loss_ce=2.104 - loss_ne=0.0153 - loss_div=0.000401 - threshold=0.712 - loss=6.635
/scratch/e0538389/DivClust/engine/trainer.py:41: FutureWarning: `torch.cuda.amp.autocast(args...)` is deprecated. Please use `torch.amp.autocast('cuda', args...)` instead.
  with autocast(self.mixed_precision):
[2026-03-30 13:31:37](logger.py 179): id=CC_FMNIST_C10CFG_K20_E100_DT_0_6 | Ep. 99/100 - Step 250/273 (2.33 it/s) |##################  | - loss_cc=4.515 - loss_ce=2.104 - loss_ne=0.0152 - loss_div=0.000388 - threshold=0.713 - loss=6.635
/scratch/e0538389/DivClust/engine/trainer.py:41: FutureWarning: `torch.cuda.amp.autocast(args...)` is deprecated. Please use `torch.amp.autocast('cuda', args...)` instead.
  with autocast(self.mixed_precision):
[2026-03-30 13:31:47](logger.py 179): Evaluating
[2026-03-30 13:31:47](logger.py 179): Eval. step 0 of 274
[2026-03-30 13:31:49](logger.py 179): Eval. step 25 of 274
[2026-03-30 13:31:52](logger.py 179): Eval. step 50 of 274
[2026-03-30 13:31:54](logger.py 179): Eval. step 75 of 274
[2026-03-30 13:31:56](logger.py 179): Eval. step 100 of 274
[2026-03-30 13:31:59](logger.py 179): Eval. step 125 of 274
[2026-03-30 13:32:01](logger.py 179): Eval. step 150 of 274
[2026-03-30 13:32:03](logger.py 179): Eval. step 175 of 274
[2026-03-30 13:32:06](logger.py 179): Eval. step 200 of 274
[2026-03-30 13:32:08](logger.py 179): Eval. step 225 of 274
[2026-03-30 13:32:10](logger.py 179): Eval. step 250 of 274
[2026-03-30 13:32:15](logger.py 179): id=CC_FMNIST_C10CFG_K20_E100_DT_0_6 | Ep. 99/100 | Time: 00:02 | loss_cc=4.514 - loss_ce=2.104 - loss_ne=0.015 - loss_div=0.0004 - threshold=0.712 - loss=6.633 - eval_confidence=0.901 - cluster_acc_0_eval=42.14 - cluster_nmi_0_eval=0.471 - cluster_ari_0_eval=0.304 - cluster_acc_1_eval=48.8 - cluster_nmi_1_eval=0.494 - cluster_ari_1_eval=0.334 - cluster_acc_2_eval=49.37 - cluster_nmi_2_eval=0.525 - cluster_ari_2_eval=0.352 - cluster_acc_3_eval=49.24 - cluster_nmi_3_eval=0.508 - cluster_ari_3_eval=0.346 - cluster_acc_4_eval=54.64 - cluster_nmi_4_eval=0.544 - cluster_ari_4_eval=0.401 - cluster_acc_5_eval=65.53 - cluster_nmi_5_eval=0.626 - cluster_ari_5_eval=0.528 - cluster_acc_6_eval=55.92 - cluster_nmi_6_eval=0.56 - cluster_ari_6_eval=0.423 - cluster_acc_7_eval=59.31 - cluster_nmi_7_eval=0.578 - cluster_ari_7_eval=0.468 - cluster_acc_8_eval=57.55 - cluster_nmi_8_eval=0.534 - cluster_ari_8_eval=0.416 - cluster_acc_9_eval=56.53 - cluster_nmi_9_eval=0.571 - cluster_ari_9_eval=0.438 - cluster_acc_10_eval=52.32 - cluster_nmi_10_eval=0.534 - cluster_ari_10_eval=0.384 - cluster_acc_11_eval=50.85 - cluster_nmi_11_eval=0.534 - cluster_ari_11_eval=0.388 - cluster_acc_12_eval=52.3 - cluster_nmi_12_eval=0.538 - cluster_ari_12_eval=0.406 - cluster_acc_13_eval=56.72 - cluster_nmi_13_eval=0.545 - cluster_ari_13_eval=0.424 - cluster_acc_14_eval=53.78 - cluster_nmi_14_eval=0.554 - cluster_ari_14_eval=0.398 - cluster_acc_15_eval=56.06 - cluster_nmi_15_eval=0.547 - cluster_ari_15_eval=0.405 - cluster_acc_16_eval=55.51 - cluster_nmi_16_eval=0.55 - cluster_ari_16_eval=0.423 - cluster_acc_17_eval=52.49 - cluster_nmi_17_eval=0.56 - cluster_ari_17_eval=0.399 - cluster_acc_18_eval=56.14 - cluster_nmi_18_eval=0.537 - cluster_ari_18_eval=0.406 - cluster_acc_19_eval=58.44 - cluster_nmi_19_eval=0.556 - cluster_ari_19_eval=0.43 - max_cluster_acc_eval=65.53 - mean_cluster_acc_eval=54.18 - min_cluster_acc_eval=42.14 - max_cluster_nmi_eval=0.626 - mean_cluster_nmi_eval=0.543 - min_cluster_nmi_eval=0.471 - max_cluster_ari_eval=0.528 - mean_cluster_ari_eval=0.404 - min_cluster_ari_eval=0.304 - interclustering_nmi_eval=0.599
END Mon Mar 30 01:32:17 PM +08 2026 DT=0.6 RUN_NAME=CC_FMNIST_C10CFG_K20_E100_DT_0_6
