START Mon Mar 30 10:07:28 AM +08 2026 DT=0.9 RUN_NAME=CC_FMNIST_C10CFG_K20_E100_DT_0_9
[2026-03-30 10:07:59](logger.py 179): Initializing experiment CC_FMNIST_C10CFG_K20_E100_DT_0_9

[2026-03-30 10:07:59](logger.py 179): NMI_interval = 20
[2026-03-30 10:07:59](logger.py 179): NMI_target = 0.9
[2026-03-30 10:07:59](logger.py 179): backbone = resnet34
[2026-03-30 10:07:59](logger.py 179): bash_command = None
[2026-03-30 10:07:59](logger.py 179): batch_size = 256
[2026-03-30 10:07:59](logger.py 179): checkpoint_path = None
[2026-03-30 10:07:59](logger.py 179): classes_no = 10
[2026-03-30 10:07:59](logger.py 179): clustering_framework = cc
[2026-03-30 10:07:59](logger.py 179): clusterings = 20
[2026-03-30 10:07:59](logger.py 179): clusters = 10
[2026-03-30 10:07:59](logger.py 179): complex_arg = None
[2026-03-30 10:07:59](logger.py 179): crop_size = 224
[2026-03-30 10:07:59](logger.py 179): dataset = fashion_mnist
[2026-03-30 10:07:59](logger.py 179): dataset_path = ./data_folder/FashionMNIST
[2026-03-30 10:07:59](logger.py 179): divclust_mbank_size = 10000
[2026-03-30 10:07:59](logger.py 179): entity = default
[2026-03-30 10:07:59](logger.py 179): epochs = 100
[2026-03-30 10:07:59](logger.py 179): eval_interval = 10
[2026-03-30 10:07:59](logger.py 179): f = None
[2026-03-30 10:07:59](logger.py 179): fff = None
[2026-03-30 10:07:59](logger.py 179): gpu = 0
[2026-03-30 10:07:59](logger.py 179): gpus = None
[2026-03-30 10:07:59](logger.py 179): group = fashion_mnist_cifar10cfg_k20
[2026-03-30 10:07:59](logger.py 179): lr = 0.0003
[2026-03-30 10:07:59](logger.py 179): lr_schedule = cosine
[2026-03-30 10:07:59](logger.py 179): mixed_precision = True
[2026-03-30 10:07:59](logger.py 179): notes = None
[2026-03-30 10:07:59](logger.py 179): num_workers = 4
[2026-03-30 10:07:59](logger.py 179): optimizer = adam
[2026-03-30 10:07:59](logger.py 179): output_dir = ./experiments/deep_clustering/CC_FMNIST_C10CFG_K20_E100_DT_0_9
[2026-03-30 10:07:59](logger.py 179): preset = cc_cifar10
[2026-03-30 10:07:59](logger.py 179): proj_dim = 128
[2026-03-30 10:07:59](logger.py 179): project_name = deep_clustering
[2026-03-30 10:07:59](logger.py 179): resume = None
[2026-03-30 10:07:59](logger.py 179): run_id = None
[2026-03-30 10:07:59](logger.py 179): run_name = CC_FMNIST_C10CFG_K20_E100_DT_0_9
[2026-03-30 10:07:59](logger.py 179): seed = 0
[2026-03-30 10:07:59](logger.py 179): tags = None
[2026-03-30 10:07:59](logger.py 179): threshold_rate = 0.99
[2026-03-30 10:07:59](logger.py 179): wandb_mode = off
[2026-03-30 10:07:59](logger.py 179): weight_decay = 0.0
[2026-03-30 10:07:59](logger.py 179): 
[2026-03-30 10:08:00](logger.py 179): Loading data
[2026-03-30 10:08:01](logger.py 179): Loading model
/scratch/e0538389/DivClust/engine/trainer.py:19: FutureWarning: `torch.cuda.amp.GradScaler(args...)` is deprecated. Please use `torch.amp.GradScaler('cuda', args...)` instead.
  self.scaler = GradScaler()
[2026-03-30 10:08:02](logger.py 179): Mixed precision: ON
/scratch/e0538389/DivClust/engine/trainer.py:41: FutureWarning: `torch.cuda.amp.autocast(args...)` is deprecated. Please use `torch.amp.autocast('cuda', args...)` instead.
  with autocast(self.mixed_precision):
[2026-03-30 10:08:10](logger.py 179): id=CC_FMNIST_C10CFG_K20_E100_DT_0_9 | Ep. 0/100 - Step 0/273 (0.0 it/s) |                    | - loss_cc=6.102 - loss_ce=2.943 - loss_ne=0.00699 - loss_div=0.0 - threshold=1.0 - loss=9.052
/scratch/e0538389/DivClust/engine/trainer.py:41: FutureWarning: `torch.cuda.amp.autocast(args...)` is deprecated. Please use `torch.amp.autocast('cuda', args...)` instead.
  with autocast(self.mixed_precision):
/scratch/e0538389/DivClust/engine/trainer.py:41: FutureWarning: `torch.cuda.amp.autocast(args...)` is deprecated. Please use `torch.amp.autocast('cuda', args...)` instead.
  with autocast(self.mixed_precision):
[2026-03-30 10:08:21](logger.py 179): id=CC_FMNIST_C10CFG_K20_E100_DT_0_9 | Ep. 0/100 - Step 25/273 (2.3 it/s) |#                   | - loss_cc=5.649 - loss_ce=2.884 - loss_ne=0.00119 - loss_div=0.0 - threshold=1.0 - loss=8.534
/scratch/e0538389/DivClust/engine/trainer.py:41: FutureWarning: `torch.cuda.amp.autocast(args...)` is deprecated. Please use `torch.amp.autocast('cuda', args...)` instead.
  with autocast(self.mixed_precision):
[2026-03-30 10:08:31](logger.py 179): id=CC_FMNIST_C10CFG_K20_E100_DT_0_9 | Ep. 0/100 - Step 50/273 (2.31 it/s) |###                 | - loss_cc=5.503 - loss_ce=2.767 - loss_ne=0.00228 - loss_div=0.0 - threshold=1.0 - loss=8.272
/scratch/e0538389/DivClust/engine/trainer.py:41: FutureWarning: `torch.cuda.amp.autocast(args...)` is deprecated. Please use `torch.amp.autocast('cuda', args...)` instead.
  with autocast(self.mixed_precision):
[2026-03-30 10:08:42](logger.py 179): id=CC_FMNIST_C10CFG_K20_E100_DT_0_9 | Ep. 0/100 - Step 75/273 (2.31 it/s) |#####               | - loss_cc=5.415 - loss_ce=2.688 - loss_ne=0.00418 - loss_div=0.0 - threshold=1.0 - loss=8.107
/scratch/e0538389/DivClust/engine/trainer.py:41: FutureWarning: `torch.cuda.amp.autocast(args...)` is deprecated. Please use `torch.amp.autocast('cuda', args...)` instead.
  with autocast(self.mixed_precision):
[2026-03-30 10:08:53](logger.py 179): id=CC_FMNIST_C10CFG_K20_E100_DT_0_9 | Ep. 0/100 - Step 100/273 (2.29 it/s) |#######             | - loss_cc=5.354 - loss_ce=2.629 - loss_ne=0.00548 - loss_div=0.0 - threshold=1.0 - loss=7.989
/scratch/e0538389/DivClust/engine/trainer.py:41: FutureWarning: `torch.cuda.amp.autocast(args...)` is deprecated. Please use `torch.amp.autocast('cuda', args...)` instead.
  with autocast(self.mixed_precision):
/scratch/e0538389/DivClust/engine/trainer.py:41: FutureWarning: `torch.cuda.amp.autocast(args...)` is deprecated. Please use `torch.amp.autocast('cuda', args...)` instead.
  with autocast(self.mixed_precision):
[2026-03-30 10:09:04](logger.py 179): id=CC_FMNIST_C10CFG_K20_E100_DT_0_9 | Ep. 0/100 - Step 125/273 (2.3 it/s) |#########           | - loss_cc=5.309 - loss_ce=2.583 - loss_ne=0.00729 - loss_div=0.0 - threshold=1.0 - loss=7.9
/scratch/e0538389/DivClust/engine/trainer.py:41: FutureWarning: `torch.cuda.amp.autocast(args...)` is deprecated. Please use `torch.amp.autocast('cuda', args...)` instead.
  with autocast(self.mixed_precision):
[2026-03-30 10:09:15](logger.py 179): id=CC_FMNIST_C10CFG_K20_E100_DT_0_9 | Ep. 0/100 - Step 150/273 (2.31 it/s) |##########          | - loss_cc=5.273 - loss_ce=2.548 - loss_ne=0.00896 - loss_div=0.0 - threshold=1.0 - loss=7.83
/scratch/e0538389/DivClust/engine/trainer.py:41: FutureWarning: `torch.cuda.amp.autocast(args...)` is deprecated. Please use `torch.amp.autocast('cuda', args...)` instead.
  with autocast(self.mixed_precision):
[2026-03-30 10:09:25](logger.py 179): id=CC_FMNIST_C10CFG_K20_E100_DT_0_9 | Ep. 0/100 - Step 175/273 (2.32 it/s) |############        | - loss_cc=5.243 - loss_ce=2.518 - loss_ne=0.0102 - loss_div=0.0 - threshold=1.0 - loss=7.771
/scratch/e0538389/DivClust/engine/trainer.py:41: FutureWarning: `torch.cuda.amp.autocast(args...)` is deprecated. Please use `torch.amp.autocast('cuda', args...)` instead.
  with autocast(self.mixed_precision):
[2026-03-30 10:09:36](logger.py 179): id=CC_FMNIST_C10CFG_K20_E100_DT_0_9 | Ep. 0/100 - Step 200/273 (2.31 it/s) |##############      | - loss_cc=5.217 - loss_ce=2.495 - loss_ne=0.0112 - loss_div=0.0 - threshold=1.0 - loss=7.724
/scratch/e0538389/DivClust/engine/trainer.py:41: FutureWarning: `torch.cuda.amp.autocast(args...)` is deprecated. Please use `torch.amp.autocast('cuda', args...)` instead.
  with autocast(self.mixed_precision):
/scratch/e0538389/DivClust/engine/trainer.py:41: FutureWarning: `torch.cuda.amp.autocast(args...)` is deprecated. Please use `torch.amp.autocast('cuda', args...)` instead.
  with autocast(self.mixed_precision):
[2026-03-30 10:09:47](logger.py 179): id=CC_FMNIST_C10CFG_K20_E100_DT_0_9 | Ep. 0/100 - Step 225/273 (2.31 it/s) |################    | - loss_cc=5.195 - loss_ce=2.475 - loss_ne=0.0121 - loss_div=0.0 - threshold=1.0 - loss=7.682
/scratch/e0538389/DivClust/engine/trainer.py:41: FutureWarning: `torch.cuda.amp.autocast(args...)` is deprecated. Please use `torch.amp.autocast('cuda', args...)` instead.
  with autocast(self.mixed_precision):
[2026-03-30 10:09:58](logger.py 179): id=CC_FMNIST_C10CFG_K20_E100_DT_0_9 | Ep. 0/100 - Step 250/273 (2.31 it/s) |##################  | - loss_cc=5.175 - loss_ce=2.458 - loss_ne=0.0127 - loss_div=0.0 - threshold=1.0 - loss=7.646
/scratch/e0538389/DivClust/engine/trainer.py:41: FutureWarning: `torch.cuda.amp.autocast(args...)` is deprecated. Please use `torch.amp.autocast('cuda', args...)` instead.
  with autocast(self.mixed_precision):
[2026-03-30 10:10:07](logger.py 179): Evaluating
[2026-03-30 10:10:08](logger.py 179): Eval. step 0 of 274
[2026-03-30 10:10:11](logger.py 179): Eval. step 25 of 274
[2026-03-30 10:10:15](logger.py 179): Eval. step 50 of 274
[2026-03-30 10:10:18](logger.py 179): Eval. step 75 of 274
[2026-03-30 10:10:22](logger.py 179): Eval. step 100 of 274
[2026-03-30 10:10:25](logger.py 179): Eval. step 125 of 274
[2026-03-30 10:10:28](logger.py 179): Eval. step 150 of 274
[2026-03-30 10:10:32](logger.py 179): Eval. step 175 of 274
[2026-03-30 10:10:35](logger.py 179): Eval. step 200 of 274
[2026-03-30 10:10:38](logger.py 179): Eval. step 225 of 274
[2026-03-30 10:10:41](logger.py 179): Eval. step 250 of 274
[2026-03-30 10:10:51](logger.py 179): id=CC_FMNIST_C10CFG_K20_E100_DT_0_9 | Ep. 0/100 | Time: 00:02 | loss_cc=5.159 - loss_ce=2.445 - loss_ne=0.0134 - loss_div=0.0 - threshold=1.0 - loss=7.617 - eval_confidence=0.632 - cluster_acc_0_eval=41.34 - cluster_nmi_0_eval=0.384 - cluster_ari_0_eval=0.255 - cluster_acc_1_eval=39.43 - cluster_nmi_1_eval=0.357 - cluster_ari_1_eval=0.218 - cluster_acc_2_eval=40.68 - cluster_nmi_2_eval=0.367 - cluster_ari_2_eval=0.226 - cluster_acc_3_eval=38.63 - cluster_nmi_3_eval=0.343 - cluster_ari_3_eval=0.203 - cluster_acc_4_eval=42.93 - cluster_nmi_4_eval=0.374 - cluster_ari_4_eval=0.249 - cluster_acc_5_eval=37.27 - cluster_nmi_5_eval=0.348 - cluster_ari_5_eval=0.203 - cluster_acc_6_eval=35.52 - cluster_nmi_6_eval=0.358 - cluster_ari_6_eval=0.224 - cluster_acc_7_eval=39.41 - cluster_nmi_7_eval=0.359 - cluster_ari_7_eval=0.228 - cluster_acc_8_eval=43.04 - cluster_nmi_8_eval=0.381 - cluster_ari_8_eval=0.247 - cluster_acc_9_eval=41.87 - cluster_nmi_9_eval=0.37 - cluster_ari_9_eval=0.243 - cluster_acc_10_eval=42.49 - cluster_nmi_10_eval=0.372 - cluster_ari_10_eval=0.235 - cluster_acc_11_eval=39.47 - cluster_nmi_11_eval=0.367 - cluster_ari_11_eval=0.216 - cluster_acc_12_eval=39.58 - cluster_nmi_12_eval=0.357 - cluster_ari_12_eval=0.218 - cluster_acc_13_eval=39.73 - cluster_nmi_13_eval=0.378 - cluster_ari_13_eval=0.229 - cluster_acc_14_eval=36.86 - cluster_nmi_14_eval=0.353 - cluster_ari_14_eval=0.207 - cluster_acc_15_eval=40.74 - cluster_nmi_15_eval=0.37 - cluster_ari_15_eval=0.236 - cluster_acc_16_eval=37.9 - cluster_nmi_16_eval=0.351 - cluster_ari_16_eval=0.207 - cluster_acc_17_eval=39.8 - cluster_nmi_17_eval=0.364 - cluster_ari_17_eval=0.23 - cluster_acc_18_eval=39.82 - cluster_nmi_18_eval=0.377 - cluster_ari_18_eval=0.234 - cluster_acc_19_eval=34.82 - cluster_nmi_19_eval=0.344 - cluster_ari_19_eval=0.199 - max_cluster_acc_eval=43.04 - mean_cluster_acc_eval=39.57 - min_cluster_acc_eval=34.82 - max_cluster_nmi_eval=0.384 - mean_cluster_nmi_eval=0.364 - min_cluster_nmi_eval=0.343 - max_cluster_ari_eval=0.255 - mean_cluster_ari_eval=0.225 - min_cluster_ari_eval=0.199 - interclustering_nmi_eval=0.679
/scratch/e0538389/DivClust/engine/trainer.py:41: FutureWarning: `torch.cuda.amp.autocast(args...)` is deprecated. Please use `torch.amp.autocast('cuda', args...)` instead.
  with autocast(self.mixed_precision):
[2026-03-30 10:10:54](logger.py 179): id=CC_FMNIST_C10CFG_K20_E100_DT_0_9 | Ep. 1/100 - Step 0/273 (0.0 it/s) |                    | - loss_cc=4.974 - loss_ce=2.293 - loss_ne=0.0159 - loss_div=0.0 - threshold=1.0 - loss=7.283
/scratch/e0538389/DivClust/engine/trainer.py:41: FutureWarning: `torch.cuda.amp.autocast(args...)` is deprecated. Please use `torch.amp.autocast('cuda', args...)` instead.
  with autocast(self.mixed_precision):
[2026-03-30 10:11:04](logger.py 179): id=CC_FMNIST_C10CFG_K20_E100_DT_0_9 | Ep. 1/100 - Step 25/273 (2.33 it/s) |#                   | - loss_cc=4.964 - loss_ce=2.291 - loss_ne=0.0194 - loss_div=0.0 - threshold=1.0 - loss=7.275
/scratch/e0538389/DivClust/engine/trainer.py:41: FutureWarning: `torch.cuda.amp.autocast(args...)` is deprecated. Please use `torch.amp.autocast('cuda', args...)` instead.
  with autocast(self.mixed_precision):
/scratch/e0538389/DivClust/engine/trainer.py:41: FutureWarning: `torch.cuda.amp.autocast(args...)` is deprecated. Please use `torch.amp.autocast('cuda', args...)` instead.
  with autocast(self.mixed_precision):
[2026-03-30 10:11:16](logger.py 179): id=CC_FMNIST_C10CFG_K20_E100_DT_0_9 | Ep. 1/100 - Step 50/273 (2.26 it/s) |###                 | - loss_cc=4.957 - loss_ce=2.288 - loss_ne=0.0203 - loss_div=0.0 - threshold=1.0 - loss=7.265
/scratch/e0538389/DivClust/engine/trainer.py:41: FutureWarning: `torch.cuda.amp.autocast(args...)` is deprecated. Please use `torch.amp.autocast('cuda', args...)` instead.
  with autocast(self.mixed_precision):
[2026-03-30 10:11:26](logger.py 179): id=CC_FMNIST_C10CFG_K20_E100_DT_0_9 | Ep. 1/100 - Step 75/273 (2.29 it/s) |#####               | - loss_cc=4.948 - loss_ce=2.283 - loss_ne=0.0204 - loss_div=0.0 - threshold=1.0 - loss=7.251
/scratch/e0538389/DivClust/engine/trainer.py:41: FutureWarning: `torch.cuda.amp.autocast(args...)` is deprecated. Please use `torch.amp.autocast('cuda', args...)` instead.
  with autocast(self.mixed_precision):
[2026-03-30 10:11:37](logger.py 179): id=CC_FMNIST_C10CFG_K20_E100_DT_0_9 | Ep. 1/100 - Step 100/273 (2.3 it/s) |#######             | - loss_cc=4.944 - loss_ce=2.281 - loss_ne=0.0206 - loss_div=0.0 - threshold=1.0 - loss=7.246
/scratch/e0538389/DivClust/engine/trainer.py:41: FutureWarning: `torch.cuda.amp.autocast(args...)` is deprecated. Please use `torch.amp.autocast('cuda', args...)` instead.
  with autocast(self.mixed_precision):
[2026-03-30 10:11:48](logger.py 179): id=CC_FMNIST_C10CFG_K20_E100_DT_0_9 | Ep. 1/100 - Step 125/273 (2.3 it/s) |#########           | - loss_cc=4.938 - loss_ce=2.277 - loss_ne=0.0211 - loss_div=0.0 - threshold=1.0 - loss=7.236
/scratch/e0538389/DivClust/engine/trainer.py:41: FutureWarning: `torch.cuda.amp.autocast(args...)` is deprecated. Please use `torch.amp.autocast('cuda', args...)` instead.
  with autocast(self.mixed_precision):
/scratch/e0538389/DivClust/engine/trainer.py:41: FutureWarning: `torch.cuda.amp.autocast(args...)` is deprecated. Please use `torch.amp.autocast('cuda', args...)` instead.
  with autocast(self.mixed_precision):
[2026-03-30 10:11:59](logger.py 179): id=CC_FMNIST_C10CFG_K20_E100_DT_0_9 | Ep. 1/100 - Step 150/273 (2.3 it/s) |##########          | - loss_cc=4.934 - loss_ce=2.275 - loss_ne=0.0207 - loss_div=0.0 - threshold=1.0 - loss=7.229
/scratch/e0538389/DivClust/engine/trainer.py:41: FutureWarning: `torch.cuda.amp.autocast(args...)` is deprecated. Please use `torch.amp.autocast('cuda', args...)` instead.
  with autocast(self.mixed_precision):
[2026-03-30 10:12:09](logger.py 179): id=CC_FMNIST_C10CFG_K20_E100_DT_0_9 | Ep. 1/100 - Step 175/273 (2.31 it/s) |############        | - loss_cc=4.928 - loss_ce=2.272 - loss_ne=0.0205 - loss_div=0.0 - threshold=1.0 - loss=7.221
/scratch/e0538389/DivClust/engine/trainer.py:41: FutureWarning: `torch.cuda.amp.autocast(args...)` is deprecated. Please use `torch.amp.autocast('cuda', args...)` instead.
  with autocast(self.mixed_precision):
[2026-03-30 10:12:20](logger.py 179): id=CC_FMNIST_C10CFG_K20_E100_DT_0_9 | Ep. 1/100 - Step 200/273 (2.31 it/s) |##############      | - loss_cc=4.923 - loss_ce=2.269 - loss_ne=0.021 - loss_div=0.0 - threshold=1.0 - loss=7.213
/scratch/e0538389/DivClust/engine/trainer.py:41: FutureWarning: `torch.cuda.amp.autocast(args...)` is deprecated. Please use `torch.amp.autocast('cuda', args...)` instead.
  with autocast(self.mixed_precision):
[2026-03-30 10:12:31](logger.py 179): id=CC_FMNIST_C10CFG_K20_E100_DT_0_9 | Ep. 1/100 - Step 225/273 (2.31 it/s) |################    | - loss_cc=4.919 - loss_ce=2.266 - loss_ne=0.0213 - loss_div=0.0 - threshold=1.0 - loss=7.207
/scratch/e0538389/DivClust/engine/trainer.py:41: FutureWarning: `torch.cuda.amp.autocast(args...)` is deprecated. Please use `torch.amp.autocast('cuda', args...)` instead.
  with autocast(self.mixed_precision):
/scratch/e0538389/DivClust/engine/trainer.py:41: FutureWarning: `torch.cuda.amp.autocast(args...)` is deprecated. Please use `torch.amp.autocast('cuda', args...)` instead.
  with autocast(self.mixed_precision):
[2026-03-30 10:12:42](logger.py 179): id=CC_FMNIST_C10CFG_K20_E100_DT_0_9 | Ep. 1/100 - Step 250/273 (2.31 it/s) |##################  | - loss_cc=4.915 - loss_ce=2.264 - loss_ne=0.0215 - loss_div=0.0 - threshold=1.0 - loss=7.2
/scratch/e0538389/DivClust/engine/trainer.py:41: FutureWarning: `torch.cuda.amp.autocast(args...)` is deprecated. Please use `torch.amp.autocast('cuda', args...)` instead.
  with autocast(self.mixed_precision):
[2026-03-30 10:12:51](logger.py 179): id=CC_FMNIST_C10CFG_K20_E100_DT_0_9 | Ep. 1/100 | Time: 00:01 | loss_cc=4.911 - loss_ce=2.261 - loss_ne=0.0215 - loss_div=0.0 - threshold=1.0 - loss=7.194
[2026-03-30 10:12:54](logger.py 179): id=CC_FMNIST_C10CFG_K20_E100_DT_0_9 | Ep. 2/100 - Step 0/273 (0.0 it/s) |                    | - loss_cc=4.817 - loss_ce=2.211 - loss_ne=0.0352 - loss_div=0.0 - threshold=1.0 - loss=7.064
/scratch/e0538389/DivClust/engine/trainer.py:41: FutureWarning: `torch.cuda.amp.autocast(args...)` is deprecated. Please use `torch.amp.autocast('cuda', args...)` instead.
  with autocast(self.mixed_precision):
[2026-03-30 10:13:05](logger.py 179): id=CC_FMNIST_C10CFG_K20_E100_DT_0_9 | Ep. 2/100 - Step 25/273 (2.28 it/s) |#                   | - loss_cc=4.84 - loss_ce=2.227 - loss_ne=0.0181 - loss_div=0.0 - threshold=1.0 - loss=7.086
/scratch/e0538389/DivClust/engine/trainer.py:41: FutureWarning: `torch.cuda.amp.autocast(args...)` is deprecated. Please use `torch.amp.autocast('cuda', args...)` instead.
  with autocast(self.mixed_precision):
[2026-03-30 10:13:16](logger.py 179): id=CC_FMNIST_C10CFG_K20_E100_DT_0_9 | Ep. 2/100 - Step 50/273 (2.31 it/s) |###                 | - loss_cc=4.841 - loss_ce=2.228 - loss_ne=0.0188 - loss_div=0.0 - threshold=1.0 - loss=7.088
/scratch/e0538389/DivClust/engine/trainer.py:41: FutureWarning: `torch.cuda.amp.autocast(args...)` is deprecated. Please use `torch.amp.autocast('cuda', args...)` instead.
  with autocast(self.mixed_precision):
/scratch/e0538389/DivClust/engine/trainer.py:41: FutureWarning: `torch.cuda.amp.autocast(args...)` is deprecated. Please use `torch.amp.autocast('cuda', args...)` instead.
  with autocast(self.mixed_precision):
[2026-03-30 10:13:27](logger.py 179): id=CC_FMNIST_C10CFG_K20_E100_DT_0_9 | Ep. 2/100 - Step 75/273 (2.27 it/s) |#####               | - loss_cc=4.844 - loss_ce=2.227 - loss_ne=0.0193 - loss_div=0.0 - threshold=1.0 - loss=7.091
/scratch/e0538389/DivClust/engine/trainer.py:41: FutureWarning: `torch.cuda.amp.autocast(args...)` is deprecated. Please use `torch.amp.autocast('cuda', args...)` instead.
  with autocast(self.mixed_precision):
[2026-03-30 10:13:38](logger.py 179): id=CC_FMNIST_C10CFG_K20_E100_DT_0_9 | Ep. 2/100 - Step 100/273 (2.28 it/s) |#######             | - loss_cc=4.841 - loss_ce=2.225 - loss_ne=0.0196 - loss_div=0.0 - threshold=1.0 - loss=7.085
/scratch/e0538389/DivClust/engine/trainer.py:41: FutureWarning: `torch.cuda.amp.autocast(args...)` is deprecated. Please use `torch.amp.autocast('cuda', args...)` instead.
  with autocast(self.mixed_precision):
[2026-03-30 10:13:49](logger.py 179): id=CC_FMNIST_C10CFG_K20_E100_DT_0_9 | Ep. 2/100 - Step 125/273 (2.29 it/s) |#########           | - loss_cc=4.84 - loss_ce=2.224 - loss_ne=0.0208 - loss_div=0.0 - threshold=1.0 - loss=7.084
/scratch/e0538389/DivClust/engine/trainer.py:41: FutureWarning: `torch.cuda.amp.autocast(args...)` is deprecated. Please use `torch.amp.autocast('cuda', args...)` instead.
  with autocast(self.mixed_precision):
[2026-03-30 10:14:00](logger.py 179): id=CC_FMNIST_C10CFG_K20_E100_DT_0_9 | Ep. 2/100 - Step 150/273 (2.29 it/s) |##########          | - loss_cc=4.836 - loss_ce=2.222 - loss_ne=0.0208 - loss_div=0.0 - threshold=1.0 - loss=7.079
/scratch/e0538389/DivClust/engine/trainer.py:41: FutureWarning: `torch.cuda.amp.autocast(args...)` is deprecated. Please use `torch.amp.autocast('cuda', args...)` instead.
  with autocast(self.mixed_precision):
/scratch/e0538389/DivClust/engine/trainer.py:41: FutureWarning: `torch.cuda.amp.autocast(args...)` is deprecated. Please use `torch.amp.autocast('cuda', args...)` instead.
  with autocast(self.mixed_precision):
[2026-03-30 10:14:11](logger.py 179): id=CC_FMNIST_C10CFG_K20_E100_DT_0_9 | Ep. 2/100 - Step 175/273 (2.29 it/s) |############        | - loss_cc=4.833 - loss_ce=2.221 - loss_ne=0.0207 - loss_div=0.0 - threshold=1.0 - loss=7.074
/scratch/e0538389/DivClust/engine/trainer.py:41: FutureWarning: `torch.cuda.amp.autocast(args...)` is deprecated. Please use `torch.amp.autocast('cuda', args...)` instead.
  with autocast(self.mixed_precision):
[2026-03-30 10:14:21](logger.py 179): id=CC_FMNIST_C10CFG_K20_E100_DT_0_9 | Ep. 2/100 - Step 200/273 (2.3 it/s) |##############      | - loss_cc=4.832 - loss_ce=2.22 - loss_ne=0.0208 - loss_div=0.0 - threshold=1.0 - loss=7.073
/scratch/e0538389/DivClust/engine/trainer.py:41: FutureWarning: `torch.cuda.amp.autocast(args...)` is deprecated. Please use `torch.amp.autocast('cuda', args...)` instead.
  with autocast(self.mixed_precision):
[2026-03-30 10:14:32](logger.py 179): id=CC_FMNIST_C10CFG_K20_E100_DT_0_9 | Ep. 2/100 - Step 225/273 (2.3 it/s) |################    | - loss_cc=4.83 - loss_ce=2.218 - loss_ne=0.0214 - loss_div=0.0 - threshold=1.0 - loss=7.07
/scratch/e0538389/DivClust/engine/trainer.py:41: FutureWarning: `torch.cuda.amp.autocast(args...)` is deprecated. Please use `torch.amp.autocast('cuda', args...)` instead.
  with autocast(self.mixed_precision):
[2026-03-30 10:14:43](logger.py 179): id=CC_FMNIST_C10CFG_K20_E100_DT_0_9 | Ep. 2/100 - Step 250/273 (2.31 it/s) |##################  | - loss_cc=4.827 - loss_ce=2.217 - loss_ne=0.0211 - loss_div=0.0 - threshold=1.0 - loss=7.066
/scratch/e0538389/DivClust/engine/trainer.py:41: FutureWarning: `torch.cuda.amp.autocast(args...)` is deprecated. Please use `torch.amp.autocast('cuda', args...)` instead.
  with autocast(self.mixed_precision):
[2026-03-30 10:14:52](logger.py 179): id=CC_FMNIST_C10CFG_K20_E100_DT_0_9 | Ep. 2/100 | Time: 00:01 | loss_cc=4.827 - loss_ce=2.216 - loss_ne=0.0212 - loss_div=0.0 - threshold=1.0 - loss=7.064
[2026-03-30 10:14:55](logger.py 179): id=CC_FMNIST_C10CFG_K20_E100_DT_0_9 | Ep. 3/100 - Step 0/273 (0.0 it/s) |                    | - loss_cc=4.803 - loss_ce=2.2 - loss_ne=0.0195 - loss_div=0.0 - threshold=1.0 - loss=7.022
/scratch/e0538389/DivClust/engine/trainer.py:41: FutureWarning: `torch.cuda.amp.autocast(args...)` is deprecated. Please use `torch.amp.autocast('cuda', args...)` instead.
  with autocast(self.mixed_precision):
/scratch/e0538389/DivClust/engine/trainer.py:41: FutureWarning: `torch.cuda.amp.autocast(args...)` is deprecated. Please use `torch.amp.autocast('cuda', args...)` instead.
  with autocast(self.mixed_precision):
[2026-03-30 10:15:05](logger.py 179): id=CC_FMNIST_C10CFG_K20_E100_DT_0_9 | Ep. 3/100 - Step 25/273 (2.29 it/s) |#                   | - loss_cc=4.81 - loss_ce=2.205 - loss_ne=0.0242 - loss_div=0.0 - threshold=1.0 - loss=7.039
/scratch/e0538389/DivClust/engine/trainer.py:41: FutureWarning: `torch.cuda.amp.autocast(args...)` is deprecated. Please use `torch.amp.autocast('cuda', args...)` instead.
  with autocast(self.mixed_precision):
[2026-03-30 10:15:16](logger.py 179): id=CC_FMNIST_C10CFG_K20_E100_DT_0_9 | Ep. 3/100 - Step 50/273 (2.34 it/s) |###                 | - loss_cc=4.81 - loss_ce=2.205 - loss_ne=0.0218 - loss_div=0.0 - threshold=1.0 - loss=7.037
/scratch/e0538389/DivClust/engine/trainer.py:41: FutureWarning: `torch.cuda.amp.autocast(args...)` is deprecated. Please use `torch.amp.autocast('cuda', args...)` instead.
  with autocast(self.mixed_precision):
[2026-03-30 10:15:27](logger.py 179): id=CC_FMNIST_C10CFG_K20_E100_DT_0_9 | Ep. 3/100 - Step 75/273 (2.35 it/s) |#####               | - loss_cc=4.806 - loss_ce=2.203 - loss_ne=0.0208 - loss_div=0.0 - threshold=1.0 - loss=7.03
/scratch/e0538389/DivClust/engine/trainer.py:41: FutureWarning: `torch.cuda.amp.autocast(args...)` is deprecated. Please use `torch.amp.autocast('cuda', args...)` instead.
  with autocast(self.mixed_precision):
[2026-03-30 10:15:37](logger.py 179): id=CC_FMNIST_C10CFG_K20_E100_DT_0_9 | Ep. 3/100 - Step 100/273 (2.36 it/s) |#######             | - loss_cc=4.802 - loss_ce=2.201 - loss_ne=0.021 - loss_div=0.0 - threshold=1.0 - loss=7.024
/scratch/e0538389/DivClust/engine/trainer.py:41: FutureWarning: `torch.cuda.amp.autocast(args...)` is deprecated. Please use `torch.amp.autocast('cuda', args...)` instead.
  with autocast(self.mixed_precision):
/scratch/e0538389/DivClust/engine/trainer.py:41: FutureWarning: `torch.cuda.amp.autocast(args...)` is deprecated. Please use `torch.amp.autocast('cuda', args...)` instead.
  with autocast(self.mixed_precision):
[2026-03-30 10:15:48](logger.py 179): id=CC_FMNIST_C10CFG_K20_E100_DT_0_9 | Ep. 3/100 - Step 125/273 (2.34 it/s) |#########           | - loss_cc=4.799 - loss_ce=2.2 - loss_ne=0.0207 - loss_div=0.0 - threshold=1.0 - loss=7.02
/scratch/e0538389/DivClust/engine/trainer.py:41: FutureWarning: `torch.cuda.amp.autocast(args...)` is deprecated. Please use `torch.amp.autocast('cuda', args...)` instead.
  with autocast(self.mixed_precision):
[2026-03-30 10:15:59](logger.py 179): id=CC_FMNIST_C10CFG_K20_E100_DT_0_9 | Ep. 3/100 - Step 150/273 (2.33 it/s) |##########          | - loss_cc=4.798 - loss_ce=2.199 - loss_ne=0.0209 - loss_div=0.0 - threshold=1.0 - loss=7.018
/scratch/e0538389/DivClust/engine/trainer.py:41: FutureWarning: `torch.cuda.amp.autocast(args...)` is deprecated. Please use `torch.amp.autocast('cuda', args...)` instead.
  with autocast(self.mixed_precision):
[2026-03-30 10:16:10](logger.py 179): id=CC_FMNIST_C10CFG_K20_E100_DT_0_9 | Ep. 3/100 - Step 175/273 (2.33 it/s) |############        | - loss_cc=4.794 - loss_ce=2.197 - loss_ne=0.0208 - loss_div=0.0 - threshold=1.0 - loss=7.013
/scratch/e0538389/DivClust/engine/trainer.py:41: FutureWarning: `torch.cuda.amp.autocast(args...)` is deprecated. Please use `torch.amp.autocast('cuda', args...)` instead.
  with autocast(self.mixed_precision):
[2026-03-30 10:16:21](logger.py 179): id=CC_FMNIST_C10CFG_K20_E100_DT_0_9 | Ep. 3/100 - Step 200/273 (2.33 it/s) |##############      | - loss_cc=4.792 - loss_ce=2.196 - loss_ne=0.0207 - loss_div=0.0 - threshold=1.0 - loss=7.009
/scratch/e0538389/DivClust/engine/trainer.py:41: FutureWarning: `torch.cuda.amp.autocast(args...)` is deprecated. Please use `torch.amp.autocast('cuda', args...)` instead.
  with autocast(self.mixed_precision):
/scratch/e0538389/DivClust/engine/trainer.py:41: FutureWarning: `torch.cuda.amp.autocast(args...)` is deprecated. Please use `torch.amp.autocast('cuda', args...)` instead.
  with autocast(self.mixed_precision):
[2026-03-30 10:16:32](logger.py 179): id=CC_FMNIST_C10CFG_K20_E100_DT_0_9 | Ep. 3/100 - Step 225/273 (2.31 it/s) |################    | - loss_cc=4.791 - loss_ce=2.196 - loss_ne=0.0206 - loss_div=0.0 - threshold=1.0 - loss=7.007
/scratch/e0538389/DivClust/engine/trainer.py:41: FutureWarning: `torch.cuda.amp.autocast(args...)` is deprecated. Please use `torch.amp.autocast('cuda', args...)` instead.
  with autocast(self.mixed_precision):
[2026-03-30 10:16:43](logger.py 179): id=CC_FMNIST_C10CFG_K20_E100_DT_0_9 | Ep. 3/100 - Step 250/273 (2.31 it/s) |##################  | - loss_cc=4.789 - loss_ce=2.195 - loss_ne=0.0207 - loss_div=0.0 - threshold=1.0 - loss=7.005
/scratch/e0538389/DivClust/engine/trainer.py:41: FutureWarning: `torch.cuda.amp.autocast(args...)` is deprecated. Please use `torch.amp.autocast('cuda', args...)` instead.
  with autocast(self.mixed_precision):
[2026-03-30 10:16:52](logger.py 179): id=CC_FMNIST_C10CFG_K20_E100_DT_0_9 | Ep. 3/100 | Time: 00:01 | loss_cc=4.789 - loss_ce=2.195 - loss_ne=0.0208 - loss_div=0.0 - threshold=1.0 - loss=7.004
[2026-03-30 10:16:54](logger.py 179): id=CC_FMNIST_C10CFG_K20_E100_DT_0_9 | Ep. 4/100 - Step 0/273 (0.0 it/s) |                    | - loss_cc=4.813 - loss_ce=2.208 - loss_ne=0.0211 - loss_div=0.0 - threshold=1.0 - loss=7.042
/scratch/e0538389/DivClust/engine/trainer.py:41: FutureWarning: `torch.cuda.amp.autocast(args...)` is deprecated. Please use `torch.amp.autocast('cuda', args...)` instead.
  with autocast(self.mixed_precision):
[2026-03-30 10:17:05](logger.py 179): id=CC_FMNIST_C10CFG_K20_E100_DT_0_9 | Ep. 4/100 - Step 25/273 (2.34 it/s) |#                   | - loss_cc=4.772 - loss_ce=2.185 - loss_ne=0.0228 - loss_div=0.0 - threshold=1.0 - loss=6.98
/scratch/e0538389/DivClust/engine/trainer.py:41: FutureWarning: `torch.cuda.amp.autocast(args...)` is deprecated. Please use `torch.amp.autocast('cuda', args...)` instead.
  with autocast(self.mixed_precision):
/scratch/e0538389/DivClust/engine/trainer.py:41: FutureWarning: `torch.cuda.amp.autocast(args...)` is deprecated. Please use `torch.amp.autocast('cuda', args...)` instead.
  with autocast(self.mixed_precision):
[2026-03-30 10:17:16](logger.py 179): id=CC_FMNIST_C10CFG_K20_E100_DT_0_9 | Ep. 4/100 - Step 50/273 (2.33 it/s) |###                 | - loss_cc=4.77 - loss_ce=2.187 - loss_ne=0.0213 - loss_div=0.0 - threshold=1.0 - loss=6.978
/scratch/e0538389/DivClust/engine/trainer.py:41: FutureWarning: `torch.cuda.amp.autocast(args...)` is deprecated. Please use `torch.amp.autocast('cuda', args...)` instead.
  with autocast(self.mixed_precision):
[2026-03-30 10:17:26](logger.py 179): id=CC_FMNIST_C10CFG_K20_E100_DT_0_9 | Ep. 4/100 - Step 75/273 (2.32 it/s) |#####               | - loss_cc=4.767 - loss_ce=2.184 - loss_ne=0.0216 - loss_div=0.0 - threshold=1.0 - loss=6.972
/scratch/e0538389/DivClust/engine/trainer.py:41: FutureWarning: `torch.cuda.amp.autocast(args...)` is deprecated. Please use `torch.amp.autocast('cuda', args...)` instead.
  with autocast(self.mixed_precision):
[2026-03-30 10:17:37](logger.py 179): id=CC_FMNIST_C10CFG_K20_E100_DT_0_9 | Ep. 4/100 - Step 100/273 (2.33 it/s) |#######             | - loss_cc=4.766 - loss_ce=2.184 - loss_ne=0.0208 - loss_div=0.0 - threshold=1.0 - loss=6.971
/scratch/e0538389/DivClust/engine/trainer.py:41: FutureWarning: `torch.cuda.amp.autocast(args...)` is deprecated. Please use `torch.amp.autocast('cuda', args...)` instead.
  with autocast(self.mixed_precision):
[2026-03-30 10:17:48](logger.py 179): id=CC_FMNIST_C10CFG_K20_E100_DT_0_9 | Ep. 4/100 - Step 125/273 (2.34 it/s) |#########           | - loss_cc=4.766 - loss_ce=2.184 - loss_ne=0.0212 - loss_div=0.0 - threshold=1.0 - loss=6.971
/scratch/e0538389/DivClust/engine/trainer.py:41: FutureWarning: `torch.cuda.amp.autocast(args...)` is deprecated. Please use `torch.amp.autocast('cuda', args...)` instead.
  with autocast(self.mixed_precision):
/scratch/e0538389/DivClust/engine/trainer.py:41: FutureWarning: `torch.cuda.amp.autocast(args...)` is deprecated. Please use `torch.amp.autocast('cuda', args...)` instead.
  with autocast(self.mixed_precision):
[2026-03-30 10:17:58](logger.py 179): id=CC_FMNIST_C10CFG_K20_E100_DT_0_9 | Ep. 4/100 - Step 150/273 (2.34 it/s) |##########          | - loss_cc=4.765 - loss_ce=2.183 - loss_ne=0.0219 - loss_div=0.0 - threshold=1.0 - loss=6.969
/scratch/e0538389/DivClust/engine/trainer.py:41: FutureWarning: `torch.cuda.amp.autocast(args...)` is deprecated. Please use `torch.amp.autocast('cuda', args...)` instead.
  with autocast(self.mixed_precision):
[2026-03-30 10:18:09](logger.py 179): id=CC_FMNIST_C10CFG_K20_E100_DT_0_9 | Ep. 4/100 - Step 175/273 (2.33 it/s) |############        | - loss_cc=4.761 - loss_ce=2.181 - loss_ne=0.0217 - loss_div=0.0 - threshold=1.0 - loss=6.964
/scratch/e0538389/DivClust/engine/trainer.py:41: FutureWarning: `torch.cuda.amp.autocast(args...)` is deprecated. Please use `torch.amp.autocast('cuda', args...)` instead.
  with autocast(self.mixed_precision):
[2026-03-30 10:18:20](logger.py 179): id=CC_FMNIST_C10CFG_K20_E100_DT_0_9 | Ep. 4/100 - Step 200/273 (2.33 it/s) |##############      | - loss_cc=4.759 - loss_ce=2.181 - loss_ne=0.0217 - loss_div=0.0 - threshold=1.0 - loss=6.962
/scratch/e0538389/DivClust/engine/trainer.py:41: FutureWarning: `torch.cuda.amp.autocast(args...)` is deprecated. Please use `torch.amp.autocast('cuda', args...)` instead.
  with autocast(self.mixed_precision):
[2026-03-30 10:18:31](logger.py 179): id=CC_FMNIST_C10CFG_K20_E100_DT_0_9 | Ep. 4/100 - Step 225/273 (2.33 it/s) |################    | - loss_cc=4.758 - loss_ce=2.18 - loss_ne=0.0217 - loss_div=0.0 - threshold=1.0 - loss=6.96
/scratch/e0538389/DivClust/engine/trainer.py:41: FutureWarning: `torch.cuda.amp.autocast(args...)` is deprecated. Please use `torch.amp.autocast('cuda', args...)` instead.
  with autocast(self.mixed_precision):
/scratch/e0538389/DivClust/engine/trainer.py:41: FutureWarning: `torch.cuda.amp.autocast(args...)` is deprecated. Please use `torch.amp.autocast('cuda', args...)` instead.
  with autocast(self.mixed_precision):
[2026-03-30 10:18:42](logger.py 179): id=CC_FMNIST_C10CFG_K20_E100_DT_0_9 | Ep. 4/100 - Step 250/273 (2.32 it/s) |##################  | - loss_cc=4.757 - loss_ce=2.18 - loss_ne=0.0215 - loss_div=0.0 - threshold=1.0 - loss=6.958
/scratch/e0538389/DivClust/engine/trainer.py:41: FutureWarning: `torch.cuda.amp.autocast(args...)` is deprecated. Please use `torch.amp.autocast('cuda', args...)` instead.
  with autocast(self.mixed_precision):
[2026-03-30 10:18:51](logger.py 179): id=CC_FMNIST_C10CFG_K20_E100_DT_0_9 | Ep. 4/100 | Time: 00:01 | loss_cc=4.755 - loss_ce=2.179 - loss_ne=0.0213 - loss_div=0.0 - threshold=1.0 - loss=6.956
[2026-03-30 10:18:54](logger.py 179): id=CC_FMNIST_C10CFG_K20_E100_DT_0_9 | Ep. 5/100 - Step 0/273 (0.0 it/s) |                    | - loss_cc=4.726 - loss_ce=2.176 - loss_ne=0.016 - loss_div=0.0 - threshold=1.0 - loss=6.918
/scratch/e0538389/DivClust/engine/trainer.py:41: FutureWarning: `torch.cuda.amp.autocast(args...)` is deprecated. Please use `torch.amp.autocast('cuda', args...)` instead.
  with autocast(self.mixed_precision):
[2026-03-30 10:19:05](logger.py 179): id=CC_FMNIST_C10CFG_K20_E100_DT_0_9 | Ep. 5/100 - Step 25/273 (2.35 it/s) |#                   | - loss_cc=4.748 - loss_ce=2.175 - loss_ne=0.0242 - loss_div=0.0 - threshold=1.0 - loss=6.947
/scratch/e0538389/DivClust/engine/trainer.py:41: FutureWarning: `torch.cuda.amp.autocast(args...)` is deprecated. Please use `torch.amp.autocast('cuda', args...)` instead.
  with autocast(self.mixed_precision):
[2026-03-30 10:19:15](logger.py 179): id=CC_FMNIST_C10CFG_K20_E100_DT_0_9 | Ep. 5/100 - Step 50/273 (2.34 it/s) |###                 | - loss_cc=4.746 - loss_ce=2.173 - loss_ne=0.0244 - loss_div=0.0 - threshold=1.0 - loss=6.943
/scratch/e0538389/DivClust/engine/trainer.py:41: FutureWarning: `torch.cuda.amp.autocast(args...)` is deprecated. Please use `torch.amp.autocast('cuda', args...)` instead.
  with autocast(self.mixed_precision):
[2026-03-30 10:19:27](logger.py 179): id=CC_FMNIST_C10CFG_K20_E100_DT_0_9 | Ep. 5/100 - Step 75/273 (2.3 it/s) |#####               | - loss_cc=4.741 - loss_ce=2.172 - loss_ne=0.0234 - loss_div=0.0 - threshold=1.0 - loss=6.936
/scratch/e0538389/DivClust/engine/trainer.py:41: FutureWarning: `torch.cuda.amp.autocast(args...)` is deprecated. Please use `torch.amp.autocast('cuda', args...)` instead.
  with autocast(self.mixed_precision):
/scratch/e0538389/DivClust/engine/trainer.py:41: FutureWarning: `torch.cuda.amp.autocast(args...)` is deprecated. Please use `torch.amp.autocast('cuda', args...)` instead.
  with autocast(self.mixed_precision):
[2026-03-30 10:19:37](logger.py 179): id=CC_FMNIST_C10CFG_K20_E100_DT_0_9 | Ep. 5/100 - Step 100/273 (2.3 it/s) |#######             | - loss_cc=4.739 - loss_ce=2.171 - loss_ne=0.0223 - loss_div=0.0 - threshold=1.0 - loss=6.932
/scratch/e0538389/DivClust/engine/trainer.py:41: FutureWarning: `torch.cuda.amp.autocast(args...)` is deprecated. Please use `torch.amp.autocast('cuda', args...)` instead.
  with autocast(self.mixed_precision):
[2026-03-30 10:19:48](logger.py 179): id=CC_FMNIST_C10CFG_K20_E100_DT_0_9 | Ep. 5/100 - Step 125/273 (2.3 it/s) |#########           | - loss_cc=4.739 - loss_ce=2.171 - loss_ne=0.0217 - loss_div=0.0 - threshold=1.0 - loss=6.931
/scratch/e0538389/DivClust/engine/trainer.py:41: FutureWarning: `torch.cuda.amp.autocast(args...)` is deprecated. Please use `torch.amp.autocast('cuda', args...)` instead.
  with autocast(self.mixed_precision):
[2026-03-30 10:19:59](logger.py 179): id=CC_FMNIST_C10CFG_K20_E100_DT_0_9 | Ep. 5/100 - Step 150/273 (2.3 it/s) |##########          | - loss_cc=4.737 - loss_ce=2.17 - loss_ne=0.0212 - loss_div=0.0 - threshold=1.0 - loss=6.928
/scratch/e0538389/DivClust/engine/trainer.py:41: FutureWarning: `torch.cuda.amp.autocast(args...)` is deprecated. Please use `torch.amp.autocast('cuda', args...)` instead.
  with autocast(self.mixed_precision):
[2026-03-30 10:20:10](logger.py 179): id=CC_FMNIST_C10CFG_K20_E100_DT_0_9 | Ep. 5/100 - Step 175/273 (2.29 it/s) |############        | - loss_cc=4.737 - loss_ce=2.17 - loss_ne=0.0214 - loss_div=0.0 - threshold=1.0 - loss=6.928
/scratch/e0538389/DivClust/engine/trainer.py:41: FutureWarning: `torch.cuda.amp.autocast(args...)` is deprecated. Please use `torch.amp.autocast('cuda', args...)` instead.
  with autocast(self.mixed_precision):
/scratch/e0538389/DivClust/engine/trainer.py:41: FutureWarning: `torch.cuda.amp.autocast(args...)` is deprecated. Please use `torch.amp.autocast('cuda', args...)` instead.
  with autocast(self.mixed_precision):
[2026-03-30 10:20:21](logger.py 179): id=CC_FMNIST_C10CFG_K20_E100_DT_0_9 | Ep. 5/100 - Step 200/273 (2.3 it/s) |##############      | - loss_cc=4.737 - loss_ce=2.17 - loss_ne=0.0213 - loss_div=0.0 - threshold=1.0 - loss=6.928
/scratch/e0538389/DivClust/engine/trainer.py:41: FutureWarning: `torch.cuda.amp.autocast(args...)` is deprecated. Please use `torch.amp.autocast('cuda', args...)` instead.
  with autocast(self.mixed_precision):
[2026-03-30 10:20:32](logger.py 179): id=CC_FMNIST_C10CFG_K20_E100_DT_0_9 | Ep. 5/100 - Step 225/273 (2.3 it/s) |################    | - loss_cc=4.735 - loss_ce=2.169 - loss_ne=0.0215 - loss_div=0.0 - threshold=1.0 - loss=6.925
/scratch/e0538389/DivClust/engine/trainer.py:41: FutureWarning: `torch.cuda.amp.autocast(args...)` is deprecated. Please use `torch.amp.autocast('cuda', args...)` instead.
  with autocast(self.mixed_precision):
[2026-03-30 10:20:42](logger.py 179): id=CC_FMNIST_C10CFG_K20_E100_DT_0_9 | Ep. 5/100 - Step 250/273 (2.3 it/s) |##################  | - loss_cc=4.735 - loss_ce=2.169 - loss_ne=0.0213 - loss_div=0.0 - threshold=1.0 - loss=6.926
/scratch/e0538389/DivClust/engine/trainer.py:41: FutureWarning: `torch.cuda.amp.autocast(args...)` is deprecated. Please use `torch.amp.autocast('cuda', args...)` instead.
  with autocast(self.mixed_precision):
[2026-03-30 10:20:52](logger.py 179): id=CC_FMNIST_C10CFG_K20_E100_DT_0_9 | Ep. 5/100 | Time: 00:01 | loss_cc=4.734 - loss_ce=2.169 - loss_ne=0.0209 - loss_div=0.0 - threshold=1.0 - loss=6.924
[2026-03-30 10:20:54](logger.py 179): id=CC_FMNIST_C10CFG_K20_E100_DT_0_9 | Ep. 6/100 - Step 0/273 (0.0 it/s) |                    | - loss_cc=4.728 - loss_ce=2.164 - loss_ne=0.0344 - loss_div=0.0 - threshold=1.0 - loss=6.926
/scratch/e0538389/DivClust/engine/trainer.py:41: FutureWarning: `torch.cuda.amp.autocast(args...)` is deprecated. Please use `torch.amp.autocast('cuda', args...)` instead.
  with autocast(self.mixed_precision):
/scratch/e0538389/DivClust/engine/trainer.py:41: FutureWarning: `torch.cuda.amp.autocast(args...)` is deprecated. Please use `torch.amp.autocast('cuda', args...)` instead.
  with autocast(self.mixed_precision):
[2026-03-30 10:21:06](logger.py 179): id=CC_FMNIST_C10CFG_K20_E100_DT_0_9 | Ep. 6/100 - Step 25/273 (2.23 it/s) |#                   | - loss_cc=4.724 - loss_ce=2.165 - loss_ne=0.0208 - loss_div=0.0 - threshold=1.0 - loss=6.91
/scratch/e0538389/DivClust/engine/trainer.py:41: FutureWarning: `torch.cuda.amp.autocast(args...)` is deprecated. Please use `torch.amp.autocast('cuda', args...)` instead.
  with autocast(self.mixed_precision):
[2026-03-30 10:21:16](logger.py 179): id=CC_FMNIST_C10CFG_K20_E100_DT_0_9 | Ep. 6/100 - Step 50/273 (2.27 it/s) |###                 | - loss_cc=4.718 - loss_ce=2.162 - loss_ne=0.021 - loss_div=0.0 - threshold=1.0 - loss=6.9
/scratch/e0538389/DivClust/engine/trainer.py:41: FutureWarning: `torch.cuda.amp.autocast(args...)` is deprecated. Please use `torch.amp.autocast('cuda', args...)` instead.
  with autocast(self.mixed_precision):
[2026-03-30 10:21:27](logger.py 179): id=CC_FMNIST_C10CFG_K20_E100_DT_0_9 | Ep. 6/100 - Step 75/273 (2.28 it/s) |#####               | - loss_cc=4.723 - loss_ce=2.164 - loss_ne=0.0209 - loss_div=0.0 - threshold=1.0 - loss=6.907
/scratch/e0538389/DivClust/engine/trainer.py:41: FutureWarning: `torch.cuda.amp.autocast(args...)` is deprecated. Please use `torch.amp.autocast('cuda', args...)` instead.
  with autocast(self.mixed_precision):
[2026-03-30 10:21:38](logger.py 179): id=CC_FMNIST_C10CFG_K20_E100_DT_0_9 | Ep. 6/100 - Step 100/273 (2.29 it/s) |#######             | - loss_cc=4.721 - loss_ce=2.163 - loss_ne=0.021 - loss_div=0.0 - threshold=1.0 - loss=6.906
/scratch/e0538389/DivClust/engine/trainer.py:41: FutureWarning: `torch.cuda.amp.autocast(args...)` is deprecated. Please use `torch.amp.autocast('cuda', args...)` instead.
  with autocast(self.mixed_precision):
/scratch/e0538389/DivClust/engine/trainer.py:41: FutureWarning: `torch.cuda.amp.autocast(args...)` is deprecated. Please use `torch.amp.autocast('cuda', args...)` instead.
  with autocast(self.mixed_precision):
[2026-03-30 10:21:49](logger.py 179): id=CC_FMNIST_C10CFG_K20_E100_DT_0_9 | Ep. 6/100 - Step 125/273 (2.28 it/s) |#########           | - loss_cc=4.72 - loss_ce=2.162 - loss_ne=0.0204 - loss_div=0.0 - threshold=1.0 - loss=6.903
/scratch/e0538389/DivClust/engine/trainer.py:41: FutureWarning: `torch.cuda.amp.autocast(args...)` is deprecated. Please use `torch.amp.autocast('cuda', args...)` instead.
  with autocast(self.mixed_precision):
[2026-03-30 10:22:00](logger.py 179): id=CC_FMNIST_C10CFG_K20_E100_DT_0_9 | Ep. 6/100 - Step 150/273 (2.28 it/s) |##########          | - loss_cc=4.72 - loss_ce=2.162 - loss_ne=0.0205 - loss_div=0.0 - threshold=1.0 - loss=6.903
/scratch/e0538389/DivClust/engine/trainer.py:41: FutureWarning: `torch.cuda.amp.autocast(args...)` is deprecated. Please use `torch.amp.autocast('cuda', args...)` instead.
  with autocast(self.mixed_precision):
[2026-03-30 10:22:11](logger.py 179): id=CC_FMNIST_C10CFG_K20_E100_DT_0_9 | Ep. 6/100 - Step 175/273 (2.29 it/s) |############        | - loss_cc=4.719 - loss_ce=2.162 - loss_ne=0.0204 - loss_div=0.0 - threshold=1.0 - loss=6.902
/scratch/e0538389/DivClust/engine/trainer.py:41: FutureWarning: `torch.cuda.amp.autocast(args...)` is deprecated. Please use `torch.amp.autocast('cuda', args...)` instead.
  with autocast(self.mixed_precision):
[2026-03-30 10:22:21](logger.py 179): id=CC_FMNIST_C10CFG_K20_E100_DT_0_9 | Ep. 6/100 - Step 200/273 (2.3 it/s) |##############      | - loss_cc=4.719 - loss_ce=2.162 - loss_ne=0.0203 - loss_div=0.0 - threshold=1.0 - loss=6.901
/scratch/e0538389/DivClust/engine/trainer.py:41: FutureWarning: `torch.cuda.amp.autocast(args...)` is deprecated. Please use `torch.amp.autocast('cuda', args...)` instead.
  with autocast(self.mixed_precision):
/scratch/e0538389/DivClust/engine/trainer.py:41: FutureWarning: `torch.cuda.amp.autocast(args...)` is deprecated. Please use `torch.amp.autocast('cuda', args...)` instead.
  with autocast(self.mixed_precision):
[2026-03-30 10:22:32](logger.py 179): id=CC_FMNIST_C10CFG_K20_E100_DT_0_9 | Ep. 6/100 - Step 225/273 (2.3 it/s) |################    | - loss_cc=4.718 - loss_ce=2.161 - loss_ne=0.0201 - loss_div=0.0 - threshold=1.0 - loss=6.899
/scratch/e0538389/DivClust/engine/trainer.py:41: FutureWarning: `torch.cuda.amp.autocast(args...)` is deprecated. Please use `torch.amp.autocast('cuda', args...)` instead.
  with autocast(self.mixed_precision):
[2026-03-30 10:22:43](logger.py 179): id=CC_FMNIST_C10CFG_K20_E100_DT_0_9 | Ep. 6/100 - Step 250/273 (2.3 it/s) |##################  | - loss_cc=4.716 - loss_ce=2.161 - loss_ne=0.0203 - loss_div=0.0 - threshold=1.0 - loss=6.897
/scratch/e0538389/DivClust/engine/trainer.py:41: FutureWarning: `torch.cuda.amp.autocast(args...)` is deprecated. Please use `torch.amp.autocast('cuda', args...)` instead.
  with autocast(self.mixed_precision):
[2026-03-30 10:22:52](logger.py 179): id=CC_FMNIST_C10CFG_K20_E100_DT_0_9 | Ep. 6/100 | Time: 00:01 | loss_cc=4.715 - loss_ce=2.16 - loss_ne=0.0204 - loss_div=0.0 - threshold=1.0 - loss=6.896
[2026-03-30 10:22:55](logger.py 179): id=CC_FMNIST_C10CFG_K20_E100_DT_0_9 | Ep. 7/100 - Step 0/273 (0.0 it/s) |                    | - loss_cc=4.702 - loss_ce=2.151 - loss_ne=0.0208 - loss_div=0.0 - threshold=1.0 - loss=6.873
/scratch/e0538389/DivClust/engine/trainer.py:41: FutureWarning: `torch.cuda.amp.autocast(args...)` is deprecated. Please use `torch.amp.autocast('cuda', args...)` instead.
  with autocast(self.mixed_precision):
[2026-03-30 10:23:05](logger.py 179): id=CC_FMNIST_C10CFG_K20_E100_DT_0_9 | Ep. 7/100 - Step 25/273 (2.33 it/s) |#                   | - loss_cc=4.706 - loss_ce=2.157 - loss_ne=0.0211 - loss_div=0.0 - threshold=1.0 - loss=6.884
/scratch/e0538389/DivClust/engine/trainer.py:41: FutureWarning: `torch.cuda.amp.autocast(args...)` is deprecated. Please use `torch.amp.autocast('cuda', args...)` instead.
  with autocast(self.mixed_precision):
/scratch/e0538389/DivClust/engine/trainer.py:41: FutureWarning: `torch.cuda.amp.autocast(args...)` is deprecated. Please use `torch.amp.autocast('cuda', args...)` instead.
  with autocast(self.mixed_precision):
[2026-03-30 10:23:17](logger.py 179): id=CC_FMNIST_C10CFG_K20_E100_DT_0_9 | Ep. 7/100 - Step 50/273 (2.27 it/s) |###                 | - loss_cc=4.705 - loss_ce=2.157 - loss_ne=0.0211 - loss_div=0.0 - threshold=1.0 - loss=6.883
/scratch/e0538389/DivClust/engine/trainer.py:41: FutureWarning: `torch.cuda.amp.autocast(args...)` is deprecated. Please use `torch.amp.autocast('cuda', args...)` instead.
  with autocast(self.mixed_precision):
[2026-03-30 10:23:27](logger.py 179): id=CC_FMNIST_C10CFG_K20_E100_DT_0_9 | Ep. 7/100 - Step 75/273 (2.3 it/s) |#####               | - loss_cc=4.704 - loss_ce=2.156 - loss_ne=0.021 - loss_div=0.0 - threshold=1.0 - loss=6.881
/scratch/e0538389/DivClust/engine/trainer.py:41: FutureWarning: `torch.cuda.amp.autocast(args...)` is deprecated. Please use `torch.amp.autocast('cuda', args...)` instead.
  with autocast(self.mixed_precision):
[2026-03-30 10:23:38](logger.py 179): id=CC_FMNIST_C10CFG_K20_E100_DT_0_9 | Ep. 7/100 - Step 100/273 (2.3 it/s) |#######             | - loss_cc=4.704 - loss_ce=2.156 - loss_ne=0.0215 - loss_div=0.0 - threshold=1.0 - loss=6.881
/scratch/e0538389/DivClust/engine/trainer.py:41: FutureWarning: `torch.cuda.amp.autocast(args...)` is deprecated. Please use `torch.amp.autocast('cuda', args...)` instead.
  with autocast(self.mixed_precision):
[2026-03-30 10:23:49](logger.py 179): id=CC_FMNIST_C10CFG_K20_E100_DT_0_9 | Ep. 7/100 - Step 125/273 (2.31 it/s) |#########           | - loss_cc=4.703 - loss_ce=2.155 - loss_ne=0.0208 - loss_div=0.0 - threshold=1.0 - loss=6.879
/scratch/e0538389/DivClust/engine/trainer.py:41: FutureWarning: `torch.cuda.amp.autocast(args...)` is deprecated. Please use `torch.amp.autocast('cuda', args...)` instead.
  with autocast(self.mixed_precision):
/scratch/e0538389/DivClust/engine/trainer.py:41: FutureWarning: `torch.cuda.amp.autocast(args...)` is deprecated. Please use `torch.amp.autocast('cuda', args...)` instead.
  with autocast(self.mixed_precision):
[2026-03-30 10:23:59](logger.py 179): id=CC_FMNIST_C10CFG_K20_E100_DT_0_9 | Ep. 7/100 - Step 150/273 (2.31 it/s) |##########          | - loss_cc=4.702 - loss_ce=2.155 - loss_ne=0.0203 - loss_div=0.0 - threshold=1.0 - loss=6.877
/scratch/e0538389/DivClust/engine/trainer.py:41: FutureWarning: `torch.cuda.amp.autocast(args...)` is deprecated. Please use `torch.amp.autocast('cuda', args...)` instead.
  with autocast(self.mixed_precision):
[2026-03-30 10:24:10](logger.py 179): id=CC_FMNIST_C10CFG_K20_E100_DT_0_9 | Ep. 7/100 - Step 175/273 (2.32 it/s) |############        | - loss_cc=4.704 - loss_ce=2.155 - loss_ne=0.0203 - loss_div=0.0 - threshold=1.0 - loss=6.879
/scratch/e0538389/DivClust/engine/trainer.py:41: FutureWarning: `torch.cuda.amp.autocast(args...)` is deprecated. Please use `torch.amp.autocast('cuda', args...)` instead.
  with autocast(self.mixed_precision):
[2026-03-30 10:24:21](logger.py 179): id=CC_FMNIST_C10CFG_K20_E100_DT_0_9 | Ep. 7/100 - Step 200/273 (2.32 it/s) |##############      | - loss_cc=4.703 - loss_ce=2.155 - loss_ne=0.0204 - loss_div=0.0 - threshold=1.0 - loss=6.878
/scratch/e0538389/DivClust/engine/trainer.py:41: FutureWarning: `torch.cuda.amp.autocast(args...)` is deprecated. Please use `torch.amp.autocast('cuda', args...)` instead.
  with autocast(self.mixed_precision):
[2026-03-30 10:24:32](logger.py 179): id=CC_FMNIST_C10CFG_K20_E100_DT_0_9 | Ep. 7/100 - Step 225/273 (2.32 it/s) |################    | - loss_cc=4.702 - loss_ce=2.155 - loss_ne=0.0202 - loss_div=0.0 - threshold=1.0 - loss=6.877
/scratch/e0538389/DivClust/engine/trainer.py:41: FutureWarning: `torch.cuda.amp.autocast(args...)` is deprecated. Please use `torch.amp.autocast('cuda', args...)` instead.
  with autocast(self.mixed_precision):
/scratch/e0538389/DivClust/engine/trainer.py:41: FutureWarning: `torch.cuda.amp.autocast(args...)` is deprecated. Please use `torch.amp.autocast('cuda', args...)` instead.
  with autocast(self.mixed_precision):
[2026-03-30 10:24:43](logger.py 179): id=CC_FMNIST_C10CFG_K20_E100_DT_0_9 | Ep. 7/100 - Step 250/273 (2.31 it/s) |##################  | - loss_cc=4.702 - loss_ce=2.154 - loss_ne=0.0201 - loss_div=0.0 - threshold=1.0 - loss=6.876
/scratch/e0538389/DivClust/engine/trainer.py:41: FutureWarning: `torch.cuda.amp.autocast(args...)` is deprecated. Please use `torch.amp.autocast('cuda', args...)` instead.
  with autocast(self.mixed_precision):
[2026-03-30 10:24:52](logger.py 179): id=CC_FMNIST_C10CFG_K20_E100_DT_0_9 | Ep. 7/100 | Time: 00:01 | loss_cc=4.702 - loss_ce=2.154 - loss_ne=0.0203 - loss_div=0.0 - threshold=1.0 - loss=6.876
[2026-03-30 10:24:55](logger.py 179): id=CC_FMNIST_C10CFG_K20_E100_DT_0_9 | Ep. 8/100 - Step 0/273 (0.0 it/s) |                    | - loss_cc=4.695 - loss_ce=2.14 - loss_ne=0.0209 - loss_div=0.0 - threshold=1.0 - loss=6.856
/scratch/e0538389/DivClust/engine/trainer.py:41: FutureWarning: `torch.cuda.amp.autocast(args...)` is deprecated. Please use `torch.amp.autocast('cuda', args...)` instead.
  with autocast(self.mixed_precision):
[2026-03-30 10:25:05](logger.py 179): id=CC_FMNIST_C10CFG_K20_E100_DT_0_9 | Ep. 8/100 - Step 25/273 (2.39 it/s) |#                   | - loss_cc=4.689 - loss_ce=2.148 - loss_ne=0.0174 - loss_div=0.0 - threshold=1.0 - loss=6.855
/scratch/e0538389/DivClust/engine/trainer.py:41: FutureWarning: `torch.cuda.amp.autocast(args...)` is deprecated. Please use `torch.amp.autocast('cuda', args...)` instead.
  with autocast(self.mixed_precision):
[2026-03-30 10:25:16](logger.py 179): id=CC_FMNIST_C10CFG_K20_E100_DT_0_9 | Ep. 8/100 - Step 50/273 (2.39 it/s) |###                 | - loss_cc=4.69 - loss_ce=2.147 - loss_ne=0.0176 - loss_div=0.0 - threshold=1.0 - loss=6.854
/scratch/e0538389/DivClust/engine/trainer.py:41: FutureWarning: `torch.cuda.amp.autocast(args...)` is deprecated. Please use `torch.amp.autocast('cuda', args...)` instead.
  with autocast(self.mixed_precision):
[2026-03-30 10:25:26](logger.py 179): id=CC_FMNIST_C10CFG_K20_E100_DT_0_9 | Ep. 8/100 - Step 75/273 (2.39 it/s) |#####               | - loss_cc=4.687 - loss_ce=2.147 - loss_ne=0.0187 - loss_div=0.0 - threshold=1.0 - loss=6.853
/scratch/e0538389/DivClust/engine/trainer.py:41: FutureWarning: `torch.cuda.amp.autocast(args...)` is deprecated. Please use `torch.amp.autocast('cuda', args...)` instead.
  with autocast(self.mixed_precision):
/scratch/e0538389/DivClust/engine/trainer.py:41: FutureWarning: `torch.cuda.amp.autocast(args...)` is deprecated. Please use `torch.amp.autocast('cuda', args...)` instead.
  with autocast(self.mixed_precision):
[2026-03-30 10:25:37](logger.py 179): id=CC_FMNIST_C10CFG_K20_E100_DT_0_9 | Ep. 8/100 - Step 100/273 (2.36 it/s) |#######             | - loss_cc=4.688 - loss_ce=2.147 - loss_ne=0.0187 - loss_div=0.0 - threshold=1.0 - loss=6.854
/scratch/e0538389/DivClust/engine/trainer.py:41: FutureWarning: `torch.cuda.amp.autocast(args...)` is deprecated. Please use `torch.amp.autocast('cuda', args...)` instead.
  with autocast(self.mixed_precision):
[2026-03-30 10:25:48](logger.py 179): id=CC_FMNIST_C10CFG_K20_E100_DT_0_9 | Ep. 8/100 - Step 125/273 (2.36 it/s) |#########           | - loss_cc=4.688 - loss_ce=2.148 - loss_ne=0.0198 - loss_div=0.0 - threshold=1.0 - loss=6.856
/scratch/e0538389/DivClust/engine/trainer.py:41: FutureWarning: `torch.cuda.amp.autocast(args...)` is deprecated. Please use `torch.amp.autocast('cuda', args...)` instead.
  with autocast(self.mixed_precision):
[2026-03-30 10:25:59](logger.py 179): id=CC_FMNIST_C10CFG_K20_E100_DT_0_9 | Ep. 8/100 - Step 150/273 (2.35 it/s) |##########          | - loss_cc=4.687 - loss_ce=2.148 - loss_ne=0.0201 - loss_div=0.0 - threshold=1.0 - loss=6.855
/scratch/e0538389/DivClust/engine/trainer.py:41: FutureWarning: `torch.cuda.amp.autocast(args...)` is deprecated. Please use `torch.amp.autocast('cuda', args...)` instead.
  with autocast(self.mixed_precision):
[2026-03-30 10:26:09](logger.py 179): id=CC_FMNIST_C10CFG_K20_E100_DT_0_9 | Ep. 8/100 - Step 175/273 (2.35 it/s) |############        | - loss_cc=4.688 - loss_ce=2.148 - loss_ne=0.0201 - loss_div=0.0 - threshold=1.0 - loss=6.856
/scratch/e0538389/DivClust/engine/trainer.py:41: FutureWarning: `torch.cuda.amp.autocast(args...)` is deprecated. Please use `torch.amp.autocast('cuda', args...)` instead.
  with autocast(self.mixed_precision):
/scratch/e0538389/DivClust/engine/trainer.py:41: FutureWarning: `torch.cuda.amp.autocast(args...)` is deprecated. Please use `torch.amp.autocast('cuda', args...)` instead.
  with autocast(self.mixed_precision):
[2026-03-30 10:26:21](logger.py 179): id=CC_FMNIST_C10CFG_K20_E100_DT_0_9 | Ep. 8/100 - Step 200/273 (2.33 it/s) |##############      | - loss_cc=4.688 - loss_ce=2.148 - loss_ne=0.02 - loss_div=0.0 - threshold=1.0 - loss=6.856
/scratch/e0538389/DivClust/engine/trainer.py:41: FutureWarning: `torch.cuda.amp.autocast(args...)` is deprecated. Please use `torch.amp.autocast('cuda', args...)` instead.
  with autocast(self.mixed_precision):
[2026-03-30 10:26:31](logger.py 179): id=CC_FMNIST_C10CFG_K20_E100_DT_0_9 | Ep. 8/100 - Step 225/273 (2.33 it/s) |################    | - loss_cc=4.688 - loss_ce=2.148 - loss_ne=0.0205 - loss_div=0.0 - threshold=1.0 - loss=6.857
/scratch/e0538389/DivClust/engine/trainer.py:41: FutureWarning: `torch.cuda.amp.autocast(args...)` is deprecated. Please use `torch.amp.autocast('cuda', args...)` instead.
  with autocast(self.mixed_precision):
[2026-03-30 10:26:42](logger.py 179): id=CC_FMNIST_C10CFG_K20_E100_DT_0_9 | Ep. 8/100 - Step 250/273 (2.33 it/s) |##################  | - loss_cc=4.687 - loss_ce=2.148 - loss_ne=0.0206 - loss_div=0.0 - threshold=1.0 - loss=6.856
/scratch/e0538389/DivClust/engine/trainer.py:41: FutureWarning: `torch.cuda.amp.autocast(args...)` is deprecated. Please use `torch.amp.autocast('cuda', args...)` instead.
  with autocast(self.mixed_precision):
[2026-03-30 10:26:51](logger.py 179): id=CC_FMNIST_C10CFG_K20_E100_DT_0_9 | Ep. 8/100 | Time: 00:01 | loss_cc=4.687 - loss_ce=2.148 - loss_ne=0.0209 - loss_div=0.0 - threshold=1.0 - loss=6.856
[2026-03-30 10:26:54](logger.py 179): id=CC_FMNIST_C10CFG_K20_E100_DT_0_9 | Ep. 9/100 - Step 0/273 (0.0 it/s) |                    | - loss_cc=4.663 - loss_ce=2.125 - loss_ne=0.0104 - loss_div=0.0 - threshold=1.0 - loss=6.799
/scratch/e0538389/DivClust/engine/trainer.py:41: FutureWarning: `torch.cuda.amp.autocast(args...)` is deprecated. Please use `torch.amp.autocast('cuda', args...)` instead.
  with autocast(self.mixed_precision):
/scratch/e0538389/DivClust/engine/trainer.py:41: FutureWarning: `torch.cuda.amp.autocast(args...)` is deprecated. Please use `torch.amp.autocast('cuda', args...)` instead.
  with autocast(self.mixed_precision):
[2026-03-30 10:27:05](logger.py 179): id=CC_FMNIST_C10CFG_K20_E100_DT_0_9 | Ep. 9/100 - Step 25/273 (2.22 it/s) |#                   | - loss_cc=4.68 - loss_ce=2.144 - loss_ne=0.0176 - loss_div=0.0 - threshold=1.0 - loss=6.841
/scratch/e0538389/DivClust/engine/trainer.py:41: FutureWarning: `torch.cuda.amp.autocast(args...)` is deprecated. Please use `torch.amp.autocast('cuda', args...)` instead.
  with autocast(self.mixed_precision):
[2026-03-30 10:27:16](logger.py 179): id=CC_FMNIST_C10CFG_K20_E100_DT_0_9 | Ep. 9/100 - Step 50/273 (2.27 it/s) |###                 | - loss_cc=4.68 - loss_ce=2.144 - loss_ne=0.0184 - loss_div=0.0 - threshold=1.0 - loss=6.843
/scratch/e0538389/DivClust/engine/trainer.py:41: FutureWarning: `torch.cuda.amp.autocast(args...)` is deprecated. Please use `torch.amp.autocast('cuda', args...)` instead.
  with autocast(self.mixed_precision):
[2026-03-30 10:27:27](logger.py 179): id=CC_FMNIST_C10CFG_K20_E100_DT_0_9 | Ep. 9/100 - Step 75/273 (2.28 it/s) |#####               | - loss_cc=4.679 - loss_ce=2.145 - loss_ne=0.0186 - loss_div=0.0 - threshold=1.0 - loss=6.842
/scratch/e0538389/DivClust/engine/trainer.py:41: FutureWarning: `torch.cuda.amp.autocast(args...)` is deprecated. Please use `torch.amp.autocast('cuda', args...)` instead.
  with autocast(self.mixed_precision):
[2026-03-30 10:27:37](logger.py 179): id=CC_FMNIST_C10CFG_K20_E100_DT_0_9 | Ep. 9/100 - Step 100/273 (2.29 it/s) |#######             | - loss_cc=4.681 - loss_ce=2.145 - loss_ne=0.0194 - loss_div=0.0 - threshold=1.0 - loss=6.845
/scratch/e0538389/DivClust/engine/trainer.py:41: FutureWarning: `torch.cuda.amp.autocast(args...)` is deprecated. Please use `torch.amp.autocast('cuda', args...)` instead.
  with autocast(self.mixed_precision):
/scratch/e0538389/DivClust/engine/trainer.py:41: FutureWarning: `torch.cuda.amp.autocast(args...)` is deprecated. Please use `torch.amp.autocast('cuda', args...)` instead.
  with autocast(self.mixed_precision):
[2026-03-30 10:27:49](logger.py 179): id=CC_FMNIST_C10CFG_K20_E100_DT_0_9 | Ep. 9/100 - Step 125/273 (2.27 it/s) |#########           | - loss_cc=4.682 - loss_ce=2.145 - loss_ne=0.0204 - loss_div=0.0 - threshold=1.0 - loss=6.847
/scratch/e0538389/DivClust/engine/trainer.py:41: FutureWarning: `torch.cuda.amp.autocast(args...)` is deprecated. Please use `torch.amp.autocast('cuda', args...)` instead.
  with autocast(self.mixed_precision):
[2026-03-30 10:28:00](logger.py 179): id=CC_FMNIST_C10CFG_K20_E100_DT_0_9 | Ep. 9/100 - Step 150/273 (2.28 it/s) |##########          | - loss_cc=4.683 - loss_ce=2.146 - loss_ne=0.0209 - loss_div=0.0 - threshold=1.0 - loss=6.849
/scratch/e0538389/DivClust/engine/trainer.py:41: FutureWarning: `torch.cuda.amp.autocast(args...)` is deprecated. Please use `torch.amp.autocast('cuda', args...)` instead.
  with autocast(self.mixed_precision):
[2026-03-30 10:28:10](logger.py 179): id=CC_FMNIST_C10CFG_K20_E100_DT_0_9 | Ep. 9/100 - Step 175/273 (2.29 it/s) |############        | - loss_cc=4.682 - loss_ce=2.145 - loss_ne=0.0209 - loss_div=0.0 - threshold=1.0 - loss=6.848
/scratch/e0538389/DivClust/engine/trainer.py:41: FutureWarning: `torch.cuda.amp.autocast(args...)` is deprecated. Please use `torch.amp.autocast('cuda', args...)` instead.
  with autocast(self.mixed_precision):
[2026-03-30 10:28:21](logger.py 179): id=CC_FMNIST_C10CFG_K20_E100_DT_0_9 | Ep. 9/100 - Step 200/273 (2.29 it/s) |##############      | - loss_cc=4.681 - loss_ce=2.145 - loss_ne=0.0207 - loss_div=0.0 - threshold=1.0 - loss=6.847
/scratch/e0538389/DivClust/engine/trainer.py:41: FutureWarning: `torch.cuda.amp.autocast(args...)` is deprecated. Please use `torch.amp.autocast('cuda', args...)` instead.
  with autocast(self.mixed_precision):
/scratch/e0538389/DivClust/engine/trainer.py:41: FutureWarning: `torch.cuda.amp.autocast(args...)` is deprecated. Please use `torch.amp.autocast('cuda', args...)` instead.
  with autocast(self.mixed_precision):
[2026-03-30 10:28:32](logger.py 179): id=CC_FMNIST_C10CFG_K20_E100_DT_0_9 | Ep. 9/100 - Step 225/273 (2.28 it/s) |################    | - loss_cc=4.68 - loss_ce=2.145 - loss_ne=0.0205 - loss_div=0.0 - threshold=1.0 - loss=6.846
/scratch/e0538389/DivClust/engine/trainer.py:41: FutureWarning: `torch.cuda.amp.autocast(args...)` is deprecated. Please use `torch.amp.autocast('cuda', args...)` instead.
  with autocast(self.mixed_precision):
[2026-03-30 10:28:43](logger.py 179): id=CC_FMNIST_C10CFG_K20_E100_DT_0_9 | Ep. 9/100 - Step 250/273 (2.28 it/s) |##################  | - loss_cc=4.68 - loss_ce=2.145 - loss_ne=0.0207 - loss_div=0.0 - threshold=1.0 - loss=6.845
/scratch/e0538389/DivClust/engine/trainer.py:41: FutureWarning: `torch.cuda.amp.autocast(args...)` is deprecated. Please use `torch.amp.autocast('cuda', args...)` instead.
  with autocast(self.mixed_precision):
[2026-03-30 10:28:53](logger.py 179): id=CC_FMNIST_C10CFG_K20_E100_DT_0_9 | Ep. 9/100 | Time: 00:01 | loss_cc=4.679 - loss_ce=2.144 - loss_ne=0.0204 - loss_div=0.0 - threshold=1.0 - loss=6.843
[2026-03-30 10:28:55](logger.py 179): id=CC_FMNIST_C10CFG_K20_E100_DT_0_9 | Ep. 10/100 - Step 0/273 (0.0 it/s) |                    | - loss_cc=4.685 - loss_ce=2.146 - loss_ne=0.0228 - loss_div=0.0 - threshold=1.0 - loss=6.853
/scratch/e0538389/DivClust/engine/trainer.py:41: FutureWarning: `torch.cuda.amp.autocast(args...)` is deprecated. Please use `torch.amp.autocast('cuda', args...)` instead.
  with autocast(self.mixed_precision):
[2026-03-30 10:29:06](logger.py 179): id=CC_FMNIST_C10CFG_K20_E100_DT_0_9 | Ep. 10/100 - Step 25/273 (2.28 it/s) |#                   | - loss_cc=4.663 - loss_ce=2.135 - loss_ne=0.0183 - loss_div=0.0 - threshold=1.0 - loss=6.817
/scratch/e0538389/DivClust/engine/trainer.py:41: FutureWarning: `torch.cuda.amp.autocast(args...)` is deprecated. Please use `torch.amp.autocast('cuda', args...)` instead.
  with autocast(self.mixed_precision):
[2026-03-30 10:29:17](logger.py 179): id=CC_FMNIST_C10CFG_K20_E100_DT_0_9 | Ep. 10/100 - Step 50/273 (2.28 it/s) |###                 | - loss_cc=4.667 - loss_ce=2.139 - loss_ne=0.0191 - loss_div=0.0 - threshold=1.0 - loss=6.824
/scratch/e0538389/DivClust/engine/trainer.py:41: FutureWarning: `torch.cuda.amp.autocast(args...)` is deprecated. Please use `torch.amp.autocast('cuda', args...)` instead.
  with autocast(self.mixed_precision):
/scratch/e0538389/DivClust/engine/trainer.py:41: FutureWarning: `torch.cuda.amp.autocast(args...)` is deprecated. Please use `torch.amp.autocast('cuda', args...)` instead.
  with autocast(self.mixed_precision):
[2026-03-30 10:29:27](logger.py 179): id=CC_FMNIST_C10CFG_K20_E100_DT_0_9 | Ep. 10/100 - Step 75/273 (2.29 it/s) |#####               | - loss_cc=4.666 - loss_ce=2.139 - loss_ne=0.0197 - loss_div=0.0 - threshold=1.0 - loss=6.825
/scratch/e0538389/DivClust/engine/trainer.py:41: FutureWarning: `torch.cuda.amp.autocast(args...)` is deprecated. Please use `torch.amp.autocast('cuda', args...)` instead.
  with autocast(self.mixed_precision):
[2026-03-30 10:29:38](logger.py 179): id=CC_FMNIST_C10CFG_K20_E100_DT_0_9 | Ep. 10/100 - Step 100/273 (2.29 it/s) |#######             | - loss_cc=4.666 - loss_ce=2.139 - loss_ne=0.0196 - loss_div=0.0 - threshold=1.0 - loss=6.824
/scratch/e0538389/DivClust/engine/trainer.py:41: FutureWarning: `torch.cuda.amp.autocast(args...)` is deprecated. Please use `torch.amp.autocast('cuda', args...)` instead.
  with autocast(self.mixed_precision):
[2026-03-30 10:29:49](logger.py 179): id=CC_FMNIST_C10CFG_K20_E100_DT_0_9 | Ep. 10/100 - Step 125/273 (2.3 it/s) |#########           | - loss_cc=4.669 - loss_ce=2.14 - loss_ne=0.0201 - loss_div=0.0 - threshold=1.0 - loss=6.829
/scratch/e0538389/DivClust/engine/trainer.py:41: FutureWarning: `torch.cuda.amp.autocast(args...)` is deprecated. Please use `torch.amp.autocast('cuda', args...)` instead.
  with autocast(self.mixed_precision):
[2026-03-30 10:30:00](logger.py 179): id=CC_FMNIST_C10CFG_K20_E100_DT_0_9 | Ep. 10/100 - Step 150/273 (2.29 it/s) |##########          | - loss_cc=4.67 - loss_ce=2.14 - loss_ne=0.0201 - loss_div=0.0 - threshold=1.0 - loss=6.83
/scratch/e0538389/DivClust/engine/trainer.py:41: FutureWarning: `torch.cuda.amp.autocast(args...)` is deprecated. Please use `torch.amp.autocast('cuda', args...)` instead.
  with autocast(self.mixed_precision):
/scratch/e0538389/DivClust/engine/trainer.py:41: FutureWarning: `torch.cuda.amp.autocast(args...)` is deprecated. Please use `torch.amp.autocast('cuda', args...)` instead.
  with autocast(self.mixed_precision):
[2026-03-30 10:30:11](logger.py 179): id=CC_FMNIST_C10CFG_K20_E100_DT_0_9 | Ep. 10/100 - Step 175/273 (2.29 it/s) |############        | - loss_cc=4.668 - loss_ce=2.14 - loss_ne=0.0205 - loss_div=0.0 - threshold=1.0 - loss=6.828
/scratch/e0538389/DivClust/engine/trainer.py:41: FutureWarning: `torch.cuda.amp.autocast(args...)` is deprecated. Please use `torch.amp.autocast('cuda', args...)` instead.
  with autocast(self.mixed_precision):
[2026-03-30 10:30:22](logger.py 179): id=CC_FMNIST_C10CFG_K20_E100_DT_0_9 | Ep. 10/100 - Step 200/273 (2.29 it/s) |##############      | - loss_cc=4.668 - loss_ce=2.139 - loss_ne=0.0203 - loss_div=0.0 - threshold=1.0 - loss=6.828
/scratch/e0538389/DivClust/engine/trainer.py:41: FutureWarning: `torch.cuda.amp.autocast(args...)` is deprecated. Please use `torch.amp.autocast('cuda', args...)` instead.
  with autocast(self.mixed_precision):
[2026-03-30 10:30:33](logger.py 179): id=CC_FMNIST_C10CFG_K20_E100_DT_0_9 | Ep. 10/100 - Step 225/273 (2.3 it/s) |################    | - loss_cc=4.668 - loss_ce=2.139 - loss_ne=0.0205 - loss_div=0.0 - threshold=1.0 - loss=6.828
/scratch/e0538389/DivClust/engine/trainer.py:41: FutureWarning: `torch.cuda.amp.autocast(args...)` is deprecated. Please use `torch.amp.autocast('cuda', args...)` instead.
  with autocast(self.mixed_precision):
[2026-03-30 10:30:44](logger.py 179): id=CC_FMNIST_C10CFG_K20_E100_DT_0_9 | Ep. 10/100 - Step 250/273 (2.29 it/s) |##################  | - loss_cc=4.668 - loss_ce=2.139 - loss_ne=0.0205 - loss_div=0.0 - threshold=1.0 - loss=6.828
/scratch/e0538389/DivClust/engine/trainer.py:41: FutureWarning: `torch.cuda.amp.autocast(args...)` is deprecated. Please use `torch.amp.autocast('cuda', args...)` instead.
  with autocast(self.mixed_precision):
/scratch/e0538389/DivClust/engine/trainer.py:41: FutureWarning: `torch.cuda.amp.autocast(args...)` is deprecated. Please use `torch.amp.autocast('cuda', args...)` instead.
  with autocast(self.mixed_precision):
[2026-03-30 10:30:53](logger.py 179): Evaluating
[2026-03-30 10:30:54](logger.py 179): Eval. step 0 of 274
[2026-03-30 10:30:56](logger.py 179): Eval. step 25 of 274
[2026-03-30 10:30:59](logger.py 179): Eval. step 50 of 274
[2026-03-30 10:31:01](logger.py 179): Eval. step 75 of 274
[2026-03-30 10:31:03](logger.py 179): Eval. step 100 of 274
[2026-03-30 10:31:06](logger.py 179): Eval. step 125 of 274
[2026-03-30 10:31:08](logger.py 179): Eval. step 150 of 274
[2026-03-30 10:31:10](logger.py 179): Eval. step 175 of 274
[2026-03-30 10:31:13](logger.py 179): Eval. step 200 of 274
[2026-03-30 10:31:15](logger.py 179): Eval. step 225 of 274
[2026-03-30 10:31:18](logger.py 179): Eval. step 250 of 274
[2026-03-30 10:31:22](logger.py 179): id=CC_FMNIST_C10CFG_K20_E100_DT_0_9 | Ep. 10/100 | Time: 00:02 | loss_cc=4.667 - loss_ce=2.14 - loss_ne=0.0205 - loss_div=0.0 - threshold=1.0 - loss=6.827 - eval_confidence=0.87 - cluster_acc_0_eval=63.15 - cluster_nmi_0_eval=0.591 - cluster_ari_0_eval=0.486 - cluster_acc_1_eval=54.56 - cluster_nmi_1_eval=0.509 - cluster_ari_1_eval=0.38 - cluster_acc_2_eval=62.84 - cluster_nmi_2_eval=0.588 - cluster_ari_2_eval=0.482 - cluster_acc_3_eval=50.54 - cluster_nmi_3_eval=0.488 - cluster_ari_3_eval=0.363 - cluster_acc_4_eval=63.17 - cluster_nmi_4_eval=0.592 - cluster_ari_4_eval=0.487 - cluster_acc_5_eval=63.19 - cluster_nmi_5_eval=0.592 - cluster_ari_5_eval=0.486 - cluster_acc_6_eval=63.14 - cluster_nmi_6_eval=0.591 - cluster_ari_6_eval=0.486 - cluster_acc_7_eval=63.16 - cluster_nmi_7_eval=0.59 - cluster_ari_7_eval=0.484 - cluster_acc_8_eval=63.17 - cluster_nmi_8_eval=0.592 - cluster_ari_8_eval=0.487 - cluster_acc_9_eval=63.2 - cluster_nmi_9_eval=0.591 - cluster_ari_9_eval=0.485 - cluster_acc_10_eval=63.1 - cluster_nmi_10_eval=0.591 - cluster_ari_10_eval=0.486 - cluster_acc_11_eval=52.97 - cluster_nmi_11_eval=0.493 - cluster_ari_11_eval=0.369 - cluster_acc_12_eval=48.99 - cluster_nmi_12_eval=0.486 - cluster_ari_12_eval=0.354 - cluster_acc_13_eval=63.17 - cluster_nmi_13_eval=0.591 - cluster_ari_13_eval=0.485 - cluster_acc_14_eval=63.11 - cluster_nmi_14_eval=0.588 - cluster_ari_14_eval=0.482 - cluster_acc_15_eval=63.24 - cluster_nmi_15_eval=0.59 - cluster_ari_15_eval=0.486 - cluster_acc_16_eval=63.22 - cluster_nmi_16_eval=0.591 - cluster_ari_16_eval=0.486 - cluster_acc_17_eval=63.26 - cluster_nmi_17_eval=0.592 - cluster_ari_17_eval=0.486 - cluster_acc_18_eval=63.12 - cluster_nmi_18_eval=0.59 - cluster_ari_18_eval=0.485 - cluster_acc_19_eval=62.57 - cluster_nmi_19_eval=0.581 - cluster_ari_19_eval=0.472 - max_cluster_acc_eval=63.26 - mean_cluster_acc_eval=60.84 - min_cluster_acc_eval=48.99 - max_cluster_nmi_eval=0.592 - mean_cluster_nmi_eval=0.571 - min_cluster_nmi_eval=0.486 - max_cluster_ari_eval=0.487 - mean_cluster_ari_eval=0.461 - min_cluster_ari_eval=0.354 - interclustering_nmi_eval=0.882
/scratch/e0538389/DivClust/engine/trainer.py:41: FutureWarning: `torch.cuda.amp.autocast(args...)` is deprecated. Please use `torch.amp.autocast('cuda', args...)` instead.
  with autocast(self.mixed_precision):
[2026-03-30 10:31:24](logger.py 179): id=CC_FMNIST_C10CFG_K20_E100_DT_0_9 | Ep. 11/100 - Step 0/273 (0.0 it/s) |                    | - loss_cc=4.679 - loss_ce=2.134 - loss_ne=0.0308 - loss_div=0.0 - threshold=1.0 - loss=6.845
/scratch/e0538389/DivClust/engine/trainer.py:41: FutureWarning: `torch.cuda.amp.autocast(args...)` is deprecated. Please use `torch.amp.autocast('cuda', args...)` instead.
  with autocast(self.mixed_precision):
[2026-03-30 10:31:35](logger.py 179): id=CC_FMNIST_C10CFG_K20_E100_DT_0_9 | Ep. 11/100 - Step 25/273 (2.28 it/s) |#                   | - loss_cc=4.667 - loss_ce=2.141 - loss_ne=0.0214 - loss_div=0.0 - threshold=1.0 - loss=6.829
/scratch/e0538389/DivClust/engine/trainer.py:41: FutureWarning: `torch.cuda.amp.autocast(args...)` is deprecated. Please use `torch.amp.autocast('cuda', args...)` instead.
  with autocast(self.mixed_precision):
[2026-03-30 10:31:45](logger.py 179): id=CC_FMNIST_C10CFG_K20_E100_DT_0_9 | Ep. 11/100 - Step 50/273 (2.29 it/s) |###                 | - loss_cc=4.662 - loss_ce=2.138 - loss_ne=0.0215 - loss_div=0.0 - threshold=1.0 - loss=6.821
/scratch/e0538389/DivClust/engine/trainer.py:41: FutureWarning: `torch.cuda.amp.autocast(args...)` is deprecated. Please use `torch.amp.autocast('cuda', args...)` instead.
  with autocast(self.mixed_precision):
[2026-03-30 10:31:56](logger.py 179): id=CC_FMNIST_C10CFG_K20_E100_DT_0_9 | Ep. 11/100 - Step 75/273 (2.29 it/s) |#####               | - loss_cc=4.664 - loss_ce=2.138 - loss_ne=0.0216 - loss_div=0.0 - threshold=1.0 - loss=6.824
/scratch/e0538389/DivClust/engine/trainer.py:41: FutureWarning: `torch.cuda.amp.autocast(args...)` is deprecated. Please use `torch.amp.autocast('cuda', args...)` instead.
  with autocast(self.mixed_precision):
/scratch/e0538389/DivClust/engine/trainer.py:41: FutureWarning: `torch.cuda.amp.autocast(args...)` is deprecated. Please use `torch.amp.autocast('cuda', args...)` instead.
  with autocast(self.mixed_precision):
[2026-03-30 10:32:08](logger.py 179): id=CC_FMNIST_C10CFG_K20_E100_DT_0_9 | Ep. 11/100 - Step 100/273 (2.27 it/s) |#######             | - loss_cc=4.665 - loss_ce=2.139 - loss_ne=0.0215 - loss_div=0.0 - threshold=1.0 - loss=6.825
/scratch/e0538389/DivClust/engine/trainer.py:41: FutureWarning: `torch.cuda.amp.autocast(args...)` is deprecated. Please use `torch.amp.autocast('cuda', args...)` instead.
  with autocast(self.mixed_precision):
[2026-03-30 10:32:18](logger.py 179): id=CC_FMNIST_C10CFG_K20_E100_DT_0_9 | Ep. 11/100 - Step 125/273 (2.28 it/s) |#########           | - loss_cc=4.664 - loss_ce=2.139 - loss_ne=0.021 - loss_div=0.0 - threshold=1.0 - loss=6.824
/scratch/e0538389/DivClust/engine/trainer.py:41: FutureWarning: `torch.cuda.amp.autocast(args...)` is deprecated. Please use `torch.amp.autocast('cuda', args...)` instead.
  with autocast(self.mixed_precision):
[2026-03-30 10:32:30](logger.py 179): id=CC_FMNIST_C10CFG_K20_E100_DT_0_9 | Ep. 11/100 - Step 150/273 (2.27 it/s) |##########          | - loss_cc=4.663 - loss_ce=2.139 - loss_ne=0.0209 - loss_div=0.0 - threshold=1.0 - loss=6.823
/scratch/e0538389/DivClust/engine/trainer.py:41: FutureWarning: `torch.cuda.amp.autocast(args...)` is deprecated. Please use `torch.amp.autocast('cuda', args...)` instead.
  with autocast(self.mixed_precision):
[2026-03-30 10:32:42](logger.py 179): id=CC_FMNIST_C10CFG_K20_E100_DT_0_9 | Ep. 11/100 - Step 175/273 (2.22 it/s) |############        | - loss_cc=4.663 - loss_ce=2.139 - loss_ne=0.0211 - loss_div=0.0 - threshold=1.0 - loss=6.823
/scratch/e0538389/DivClust/engine/trainer.py:41: FutureWarning: `torch.cuda.amp.autocast(args...)` is deprecated. Please use `torch.amp.autocast('cuda', args...)` instead.
  with autocast(self.mixed_precision):
/scratch/e0538389/DivClust/engine/trainer.py:41: FutureWarning: `torch.cuda.amp.autocast(args...)` is deprecated. Please use `torch.amp.autocast('cuda', args...)` instead.
  with autocast(self.mixed_precision):
[2026-03-30 10:32:56](logger.py 179): id=CC_FMNIST_C10CFG_K20_E100_DT_0_9 | Ep. 11/100 - Step 200/273 (2.17 it/s) |##############      | - loss_cc=4.664 - loss_ce=2.139 - loss_ne=0.0207 - loss_div=0.0 - threshold=1.0 - loss=6.823
/scratch/e0538389/DivClust/engine/trainer.py:41: FutureWarning: `torch.cuda.amp.autocast(args...)` is deprecated. Please use `torch.amp.autocast('cuda', args...)` instead.
  with autocast(self.mixed_precision):
[2026-03-30 10:33:07](logger.py 179): id=CC_FMNIST_C10CFG_K20_E100_DT_0_9 | Ep. 11/100 - Step 225/273 (2.18 it/s) |################    | - loss_cc=4.663 - loss_ce=2.139 - loss_ne=0.0207 - loss_div=0.0 - threshold=1.0 - loss=6.823
/scratch/e0538389/DivClust/engine/trainer.py:41: FutureWarning: `torch.cuda.amp.autocast(args...)` is deprecated. Please use `torch.amp.autocast('cuda', args...)` instead.
  with autocast(self.mixed_precision):
[2026-03-30 10:33:20](logger.py 179): id=CC_FMNIST_C10CFG_K20_E100_DT_0_9 | Ep. 11/100 - Step 250/273 (2.15 it/s) |##################  | - loss_cc=4.663 - loss_ce=2.139 - loss_ne=0.021 - loss_div=0.0 - threshold=1.0 - loss=6.823
/scratch/e0538389/DivClust/engine/trainer.py:41: FutureWarning: `torch.cuda.amp.autocast(args...)` is deprecated. Please use `torch.amp.autocast('cuda', args...)` instead.
  with autocast(self.mixed_precision):
[2026-03-30 10:33:30](logger.py 179): id=CC_FMNIST_C10CFG_K20_E100_DT_0_9 | Ep. 11/100 | Time: 00:02 | loss_cc=4.662 - loss_ce=2.138 - loss_ne=0.0209 - loss_div=0.0 - threshold=1.0 - loss=6.822
[2026-03-30 10:33:33](logger.py 179): id=CC_FMNIST_C10CFG_K20_E100_DT_0_9 | Ep. 12/100 - Step 0/273 (0.0 it/s) |                    | - loss_cc=4.674 - loss_ce=2.14 - loss_ne=0.0104 - loss_div=0.0 - threshold=1.0 - loss=6.824
/scratch/e0538389/DivClust/engine/trainer.py:41: FutureWarning: `torch.cuda.amp.autocast(args...)` is deprecated. Please use `torch.amp.autocast('cuda', args...)` instead.
  with autocast(self.mixed_precision):
/scratch/e0538389/DivClust/engine/trainer.py:41: FutureWarning: `torch.cuda.amp.autocast(args...)` is deprecated. Please use `torch.amp.autocast('cuda', args...)` instead.
  with autocast(self.mixed_precision):
[2026-03-30 10:33:44](logger.py 179): id=CC_FMNIST_C10CFG_K20_E100_DT_0_9 | Ep. 12/100 - Step 25/273 (2.23 it/s) |#                   | - loss_cc=4.661 - loss_ce=2.136 - loss_ne=0.0195 - loss_div=0.0 - threshold=1.0 - loss=6.817
/scratch/e0538389/DivClust/engine/trainer.py:41: FutureWarning: `torch.cuda.amp.autocast(args...)` is deprecated. Please use `torch.amp.autocast('cuda', args...)` instead.
  with autocast(self.mixed_precision):
[2026-03-30 10:33:55](logger.py 179): id=CC_FMNIST_C10CFG_K20_E100_DT_0_9 | Ep. 12/100 - Step 50/273 (2.26 it/s) |###                 | - loss_cc=4.659 - loss_ce=2.137 - loss_ne=0.0182 - loss_div=0.0 - threshold=1.0 - loss=6.814
/scratch/e0538389/DivClust/engine/trainer.py:41: FutureWarning: `torch.cuda.amp.autocast(args...)` is deprecated. Please use `torch.amp.autocast('cuda', args...)` instead.
  with autocast(self.mixed_precision):
[2026-03-30 10:34:05](logger.py 179): id=CC_FMNIST_C10CFG_K20_E100_DT_0_9 | Ep. 12/100 - Step 75/273 (2.3 it/s) |#####               | - loss_cc=4.661 - loss_ce=2.137 - loss_ne=0.0196 - loss_div=0.0 - threshold=1.0 - loss=6.818
/scratch/e0538389/DivClust/engine/trainer.py:41: FutureWarning: `torch.cuda.amp.autocast(args...)` is deprecated. Please use `torch.amp.autocast('cuda', args...)` instead.
  with autocast(self.mixed_precision):
[2026-03-30 10:34:16](logger.py 179): id=CC_FMNIST_C10CFG_K20_E100_DT_0_9 | Ep. 12/100 - Step 100/273 (2.32 it/s) |#######             | - loss_cc=4.661 - loss_ce=2.137 - loss_ne=0.0191 - loss_div=0.0 - threshold=1.0 - loss=6.817
/scratch/e0538389/DivClust/engine/trainer.py:41: FutureWarning: `torch.cuda.amp.autocast(args...)` is deprecated. Please use `torch.amp.autocast('cuda', args...)` instead.
  with autocast(self.mixed_precision):
/scratch/e0538389/DivClust/engine/trainer.py:41: FutureWarning: `torch.cuda.amp.autocast(args...)` is deprecated. Please use `torch.amp.autocast('cuda', args...)` instead.
  with autocast(self.mixed_precision):
[2026-03-30 10:34:27](logger.py 179): id=CC_FMNIST_C10CFG_K20_E100_DT_0_9 | Ep. 12/100 - Step 125/273 (2.3 it/s) |#########           | - loss_cc=4.659 - loss_ce=2.136 - loss_ne=0.019 - loss_div=0.00174 - threshold=1.0 - loss=6.816
/scratch/e0538389/DivClust/engine/trainer.py:41: FutureWarning: `torch.cuda.amp.autocast(args...)` is deprecated. Please use `torch.amp.autocast('cuda', args...)` instead.
  with autocast(self.mixed_precision):
[2026-03-30 10:34:38](logger.py 179): id=CC_FMNIST_C10CFG_K20_E100_DT_0_9 | Ep. 12/100 - Step 150/273 (2.3 it/s) |##########          | - loss_cc=4.658 - loss_ce=2.136 - loss_ne=0.0216 - loss_div=0.00291 - threshold=0.999 - loss=6.819
/scratch/e0538389/DivClust/engine/trainer.py:41: FutureWarning: `torch.cuda.amp.autocast(args...)` is deprecated. Please use `torch.amp.autocast('cuda', args...)` instead.
  with autocast(self.mixed_precision):
[2026-03-30 10:34:49](logger.py 179): id=CC_FMNIST_C10CFG_K20_E100_DT_0_9 | Ep. 12/100 - Step 175/273 (2.3 it/s) |############        | - loss_cc=4.657 - loss_ce=2.136 - loss_ne=0.021 - loss_div=0.0025 - threshold=0.999 - loss=6.817
/scratch/e0538389/DivClust/engine/trainer.py:41: FutureWarning: `torch.cuda.amp.autocast(args...)` is deprecated. Please use `torch.amp.autocast('cuda', args...)` instead.
  with autocast(self.mixed_precision):
[2026-03-30 10:34:59](logger.py 179): id=CC_FMNIST_C10CFG_K20_E100_DT_0_9 | Ep. 12/100 - Step 200/273 (2.3 it/s) |##############      | - loss_cc=4.657 - loss_ce=2.136 - loss_ne=0.0208 - loss_div=0.00219 - threshold=0.999 - loss=6.815
/scratch/e0538389/DivClust/engine/trainer.py:41: FutureWarning: `torch.cuda.amp.autocast(args...)` is deprecated. Please use `torch.amp.autocast('cuda', args...)` instead.
  with autocast(self.mixed_precision):
/scratch/e0538389/DivClust/engine/trainer.py:41: FutureWarning: `torch.cuda.amp.autocast(args...)` is deprecated. Please use `torch.amp.autocast('cuda', args...)` instead.
  with autocast(self.mixed_precision):
[2026-03-30 10:35:10](logger.py 179): id=CC_FMNIST_C10CFG_K20_E100_DT_0_9 | Ep. 12/100 - Step 225/273 (2.3 it/s) |################    | - loss_cc=4.657 - loss_ce=2.136 - loss_ne=0.0207 - loss_div=0.00195 - threshold=0.999 - loss=6.815
/scratch/e0538389/DivClust/engine/trainer.py:41: FutureWarning: `torch.cuda.amp.autocast(args...)` is deprecated. Please use `torch.amp.autocast('cuda', args...)` instead.
  with autocast(self.mixed_precision):
[2026-03-30 10:35:21](logger.py 179): id=CC_FMNIST_C10CFG_K20_E100_DT_0_9 | Ep. 12/100 - Step 250/273 (2.3 it/s) |##################  | - loss_cc=4.657 - loss_ce=2.136 - loss_ne=0.0202 - loss_div=0.00175 - threshold=0.999 - loss=6.815
/scratch/e0538389/DivClust/engine/trainer.py:41: FutureWarning: `torch.cuda.amp.autocast(args...)` is deprecated. Please use `torch.amp.autocast('cuda', args...)` instead.
  with autocast(self.mixed_precision):
[2026-03-30 10:35:31](logger.py 179): id=CC_FMNIST_C10CFG_K20_E100_DT_0_9 | Ep. 12/100 | Time: 00:01 | loss_cc=4.655 - loss_ce=2.136 - loss_ne=0.0202 - loss_div=0.00161 - threshold=0.999 - loss=6.813
[2026-03-30 10:35:33](logger.py 179): id=CC_FMNIST_C10CFG_K20_E100_DT_0_9 | Ep. 13/100 - Step 0/273 (0.0 it/s) |                    | - loss_cc=4.661 - loss_ce=2.139 - loss_ne=0.0268 - loss_div=0.0 - threshold=1.0 - loss=6.826
/scratch/e0538389/DivClust/engine/trainer.py:41: FutureWarning: `torch.cuda.amp.autocast(args...)` is deprecated. Please use `torch.amp.autocast('cuda', args...)` instead.
  with autocast(self.mixed_precision):
[2026-03-30 10:35:44](logger.py 179): id=CC_FMNIST_C10CFG_K20_E100_DT_0_9 | Ep. 13/100 - Step 25/273 (2.31 it/s) |#                   | - loss_cc=4.643 - loss_ce=2.13 - loss_ne=0.0222 - loss_div=0.0 - threshold=1.0 - loss=6.795
/scratch/e0538389/DivClust/engine/trainer.py:41: FutureWarning: `torch.cuda.amp.autocast(args...)` is deprecated. Please use `torch.amp.autocast('cuda', args...)` instead.
  with autocast(self.mixed_precision):
[2026-03-30 10:35:55](logger.py 179): id=CC_FMNIST_C10CFG_K20_E100_DT_0_9 | Ep. 13/100 - Step 50/273 (2.32 it/s) |###                 | - loss_cc=4.647 - loss_ce=2.131 - loss_ne=0.0209 - loss_div=0.0 - threshold=1.0 - loss=6.799
/scratch/e0538389/DivClust/engine/trainer.py:41: FutureWarning: `torch.cuda.amp.autocast(args...)` is deprecated. Please use `torch.amp.autocast('cuda', args...)` instead.
  with autocast(self.mixed_precision):
/scratch/e0538389/DivClust/engine/trainer.py:41: FutureWarning: `torch.cuda.amp.autocast(args...)` is deprecated. Please use `torch.amp.autocast('cuda', args...)` instead.
  with autocast(self.mixed_precision):
[2026-03-30 10:36:06](logger.py 179): id=CC_FMNIST_C10CFG_K20_E100_DT_0_9 | Ep. 13/100 - Step 75/273 (2.28 it/s) |#####               | - loss_cc=4.648 - loss_ce=2.133 - loss_ne=0.0212 - loss_div=0.0 - threshold=1.0 - loss=6.802
/scratch/e0538389/DivClust/engine/trainer.py:41: FutureWarning: `torch.cuda.amp.autocast(args...)` is deprecated. Please use `torch.amp.autocast('cuda', args...)` instead.
  with autocast(self.mixed_precision):
[2026-03-30 10:36:17](logger.py 179): id=CC_FMNIST_C10CFG_K20_E100_DT_0_9 | Ep. 13/100 - Step 100/273 (2.29 it/s) |#######             | - loss_cc=4.647 - loss_ce=2.132 - loss_ne=0.0208 - loss_div=0.0 - threshold=1.0 - loss=6.799
/scratch/e0538389/DivClust/engine/trainer.py:41: FutureWarning: `torch.cuda.amp.autocast(args...)` is deprecated. Please use `torch.amp.autocast('cuda', args...)` instead.
  with autocast(self.mixed_precision):
[2026-03-30 10:36:28](logger.py 179): id=CC_FMNIST_C10CFG_K20_E100_DT_0_9 | Ep. 13/100 - Step 125/273 (2.3 it/s) |#########           | - loss_cc=4.647 - loss_ce=2.132 - loss_ne=0.0202 - loss_div=0.0 - threshold=1.0 - loss=6.799
/scratch/e0538389/DivClust/engine/trainer.py:41: FutureWarning: `torch.cuda.amp.autocast(args...)` is deprecated. Please use `torch.amp.autocast('cuda', args...)` instead.
  with autocast(self.mixed_precision):
[2026-03-30 10:36:39](logger.py 179): id=CC_FMNIST_C10CFG_K20_E100_DT_0_9 | Ep. 13/100 - Step 150/273 (2.3 it/s) |##########          | - loss_cc=4.648 - loss_ce=2.132 - loss_ne=0.0203 - loss_div=0.0 - threshold=1.0 - loss=6.8
/scratch/e0538389/DivClust/engine/trainer.py:41: FutureWarning: `torch.cuda.amp.autocast(args...)` is deprecated. Please use `torch.amp.autocast('cuda', args...)` instead.
  with autocast(self.mixed_precision):
/scratch/e0538389/DivClust/engine/trainer.py:41: FutureWarning: `torch.cuda.amp.autocast(args...)` is deprecated. Please use `torch.amp.autocast('cuda', args...)` instead.
  with autocast(self.mixed_precision):
[2026-03-30 10:36:50](logger.py 179): id=CC_FMNIST_C10CFG_K20_E100_DT_0_9 | Ep. 13/100 - Step 175/273 (2.29 it/s) |############        | - loss_cc=4.648 - loss_ce=2.132 - loss_ne=0.0201 - loss_div=0.0 - threshold=1.0 - loss=6.8
/scratch/e0538389/DivClust/engine/trainer.py:41: FutureWarning: `torch.cuda.amp.autocast(args...)` is deprecated. Please use `torch.amp.autocast('cuda', args...)` instead.
  with autocast(self.mixed_precision):
[2026-03-30 10:37:01](logger.py 179): id=CC_FMNIST_C10CFG_K20_E100_DT_0_9 | Ep. 13/100 - Step 200/273 (2.3 it/s) |##############      | - loss_cc=4.648 - loss_ce=2.132 - loss_ne=0.02 - loss_div=0.0 - threshold=1.0 - loss=6.8
/scratch/e0538389/DivClust/engine/trainer.py:41: FutureWarning: `torch.cuda.amp.autocast(args...)` is deprecated. Please use `torch.amp.autocast('cuda', args...)` instead.
  with autocast(self.mixed_precision):
[2026-03-30 10:37:11](logger.py 179): id=CC_FMNIST_C10CFG_K20_E100_DT_0_9 | Ep. 13/100 - Step 225/273 (2.3 it/s) |################    | - loss_cc=4.647 - loss_ce=2.132 - loss_ne=0.0201 - loss_div=0.0 - threshold=1.0 - loss=6.798
/scratch/e0538389/DivClust/engine/trainer.py:41: FutureWarning: `torch.cuda.amp.autocast(args...)` is deprecated. Please use `torch.amp.autocast('cuda', args...)` instead.
  with autocast(self.mixed_precision):
[2026-03-30 10:37:22](logger.py 179): id=CC_FMNIST_C10CFG_K20_E100_DT_0_9 | Ep. 13/100 - Step 250/273 (2.31 it/s) |##################  | - loss_cc=4.646 - loss_ce=2.132 - loss_ne=0.0212 - loss_div=0.00137 - threshold=0.999 - loss=6.8
/scratch/e0538389/DivClust/engine/trainer.py:41: FutureWarning: `torch.cuda.amp.autocast(args...)` is deprecated. Please use `torch.amp.autocast('cuda', args...)` instead.
  with autocast(self.mixed_precision):
/scratch/e0538389/DivClust/engine/trainer.py:41: FutureWarning: `torch.cuda.amp.autocast(args...)` is deprecated. Please use `torch.amp.autocast('cuda', args...)` instead.
  with autocast(self.mixed_precision):
[2026-03-30 10:37:31](logger.py 179): id=CC_FMNIST_C10CFG_K20_E100_DT_0_9 | Ep. 13/100 | Time: 00:01 | loss_cc=4.646 - loss_ce=2.132 - loss_ne=0.0217 - loss_div=0.00126 - threshold=0.999 - loss=6.8
[2026-03-30 10:37:33](logger.py 179): id=CC_FMNIST_C10CFG_K20_E100_DT_0_9 | Ep. 14/100 - Step 0/273 (0.0 it/s) |                    | - loss_cc=4.638 - loss_ce=2.143 - loss_ne=0.019 - loss_div=0.0 - threshold=1.0 - loss=6.799
/scratch/e0538389/DivClust/engine/trainer.py:41: FutureWarning: `torch.cuda.amp.autocast(args...)` is deprecated. Please use `torch.amp.autocast('cuda', args...)` instead.
  with autocast(self.mixed_precision):
[2026-03-30 10:37:44](logger.py 179): id=CC_FMNIST_C10CFG_K20_E100_DT_0_9 | Ep. 14/100 - Step 25/273 (2.37 it/s) |#                   | - loss_cc=4.646 - loss_ce=2.131 - loss_ne=0.0206 - loss_div=0.0 - threshold=1.0 - loss=6.797
/scratch/e0538389/DivClust/engine/trainer.py:41: FutureWarning: `torch.cuda.amp.autocast(args...)` is deprecated. Please use `torch.amp.autocast('cuda', args...)` instead.
  with autocast(self.mixed_precision):
[2026-03-30 10:37:55](logger.py 179): id=CC_FMNIST_C10CFG_K20_E100_DT_0_9 | Ep. 14/100 - Step 50/273 (2.35 it/s) |###                 | - loss_cc=4.645 - loss_ce=2.131 - loss_ne=0.0181 - loss_div=0.0 - threshold=1.0 - loss=6.795
/scratch/e0538389/DivClust/engine/trainer.py:41: FutureWarning: `torch.cuda.amp.autocast(args...)` is deprecated. Please use `torch.amp.autocast('cuda', args...)` instead.
  with autocast(self.mixed_precision):
[2026-03-30 10:38:05](logger.py 179): id=CC_FMNIST_C10CFG_K20_E100_DT_0_9 | Ep. 14/100 - Step 75/273 (2.33 it/s) |#####               | - loss_cc=4.642 - loss_ce=2.129 - loss_ne=0.0199 - loss_div=0.0 - threshold=1.0 - loss=6.791
/scratch/e0538389/DivClust/engine/trainer.py:41: FutureWarning: `torch.cuda.amp.autocast(args...)` is deprecated. Please use `torch.amp.autocast('cuda', args...)` instead.
  with autocast(self.mixed_precision):
/scratch/e0538389/DivClust/engine/trainer.py:41: FutureWarning: `torch.cuda.amp.autocast(args...)` is deprecated. Please use `torch.amp.autocast('cuda', args...)` instead.
  with autocast(self.mixed_precision):
[2026-03-30 10:38:16](logger.py 179): id=CC_FMNIST_C10CFG_K20_E100_DT_0_9 | Ep. 14/100 - Step 100/273 (2.33 it/s) |#######             | - loss_cc=4.641 - loss_ce=2.129 - loss_ne=0.0193 - loss_div=0.0 - threshold=1.0 - loss=6.79
/scratch/e0538389/DivClust/engine/trainer.py:41: FutureWarning: `torch.cuda.amp.autocast(args...)` is deprecated. Please use `torch.amp.autocast('cuda', args...)` instead.
  with autocast(self.mixed_precision):
[2026-03-30 10:38:27](logger.py 179): id=CC_FMNIST_C10CFG_K20_E100_DT_0_9 | Ep. 14/100 - Step 125/273 (2.34 it/s) |#########           | - loss_cc=4.641 - loss_ce=2.13 - loss_ne=0.0192 - loss_div=0.0 - threshold=1.0 - loss=6.79
/scratch/e0538389/DivClust/engine/trainer.py:41: FutureWarning: `torch.cuda.amp.autocast(args...)` is deprecated. Please use `torch.amp.autocast('cuda', args...)` instead.
  with autocast(self.mixed_precision):
[2026-03-30 10:38:37](logger.py 179): id=CC_FMNIST_C10CFG_K20_E100_DT_0_9 | Ep. 14/100 - Step 150/273 (2.35 it/s) |##########          | - loss_cc=4.64 - loss_ce=2.13 - loss_ne=0.0196 - loss_div=0.0 - threshold=1.0 - loss=6.789
/scratch/e0538389/DivClust/engine/trainer.py:41: FutureWarning: `torch.cuda.amp.autocast(args...)` is deprecated. Please use `torch.amp.autocast('cuda', args...)` instead.
  with autocast(self.mixed_precision):
[2026-03-30 10:38:48](logger.py 179): id=CC_FMNIST_C10CFG_K20_E100_DT_0_9 | Ep. 14/100 - Step 175/273 (2.35 it/s) |############        | - loss_cc=4.64 - loss_ce=2.13 - loss_ne=0.0191 - loss_div=0.0 - threshold=1.0 - loss=6.788
/scratch/e0538389/DivClust/engine/trainer.py:41: FutureWarning: `torch.cuda.amp.autocast(args...)` is deprecated. Please use `torch.amp.autocast('cuda', args...)` instead.
  with autocast(self.mixed_precision):
/scratch/e0538389/DivClust/engine/trainer.py:41: FutureWarning: `torch.cuda.amp.autocast(args...)` is deprecated. Please use `torch.amp.autocast('cuda', args...)` instead.
  with autocast(self.mixed_precision):
[2026-03-30 10:38:58](logger.py 179): id=CC_FMNIST_C10CFG_K20_E100_DT_0_9 | Ep. 14/100 - Step 200/273 (2.35 it/s) |##############      | - loss_cc=4.639 - loss_ce=2.129 - loss_ne=0.0188 - loss_div=0.0 - threshold=1.0 - loss=6.787
/scratch/e0538389/DivClust/engine/trainer.py:41: FutureWarning: `torch.cuda.amp.autocast(args...)` is deprecated. Please use `torch.amp.autocast('cuda', args...)` instead.
  with autocast(self.mixed_precision):
[2026-03-30 10:39:09](logger.py 179): id=CC_FMNIST_C10CFG_K20_E100_DT_0_9 | Ep. 14/100 - Step 225/273 (2.36 it/s) |################    | - loss_cc=4.639 - loss_ce=2.129 - loss_ne=0.0188 - loss_div=0.0 - threshold=1.0 - loss=6.787
/scratch/e0538389/DivClust/engine/trainer.py:41: FutureWarning: `torch.cuda.amp.autocast(args...)` is deprecated. Please use `torch.amp.autocast('cuda', args...)` instead.
  with autocast(self.mixed_precision):
[2026-03-30 10:39:19](logger.py 179): id=CC_FMNIST_C10CFG_K20_E100_DT_0_9 | Ep. 14/100 - Step 250/273 (2.36 it/s) |##################  | - loss_cc=4.639 - loss_ce=2.129 - loss_ne=0.0196 - loss_div=0.000595 - threshold=0.999 - loss=6.788
/scratch/e0538389/DivClust/engine/trainer.py:41: FutureWarning: `torch.cuda.amp.autocast(args...)` is deprecated. Please use `torch.amp.autocast('cuda', args...)` instead.
  with autocast(self.mixed_precision):
[2026-03-30 10:39:29](logger.py 179): id=CC_FMNIST_C10CFG_K20_E100_DT_0_9 | Ep. 14/100 | Time: 00:01 | loss_cc=4.64 - loss_ce=2.129 - loss_ne=0.02 - loss_div=0.000562 - threshold=0.999 - loss=6.789
[2026-03-30 10:39:31](logger.py 179): id=CC_FMNIST_C10CFG_K20_E100_DT_0_9 | Ep. 15/100 - Step 0/273 (0.0 it/s) |                    | - loss_cc=4.698 - loss_ce=2.154 - loss_ne=0.0197 - loss_div=0.0 - threshold=1.0 - loss=6.871
/scratch/e0538389/DivClust/engine/trainer.py:41: FutureWarning: `torch.cuda.amp.autocast(args...)` is deprecated. Please use `torch.amp.autocast('cuda', args...)` instead.
  with autocast(self.mixed_precision):
[2026-03-30 10:39:42](logger.py 179): id=CC_FMNIST_C10CFG_K20_E100_DT_0_9 | Ep. 15/100 - Step 25/273 (2.32 it/s) |#                   | - loss_cc=4.637 - loss_ce=2.131 - loss_ne=0.0202 - loss_div=0.0 - threshold=1.0 - loss=6.788
/scratch/e0538389/DivClust/engine/trainer.py:41: FutureWarning: `torch.cuda.amp.autocast(args...)` is deprecated. Please use `torch.amp.autocast('cuda', args...)` instead.
  with autocast(self.mixed_precision):
/scratch/e0538389/DivClust/engine/trainer.py:41: FutureWarning: `torch.cuda.amp.autocast(args...)` is deprecated. Please use `torch.amp.autocast('cuda', args...)` instead.
  with autocast(self.mixed_precision):
[2026-03-30 10:39:53](logger.py 179): id=CC_FMNIST_C10CFG_K20_E100_DT_0_9 | Ep. 15/100 - Step 50/273 (2.35 it/s) |###                 | - loss_cc=4.635 - loss_ce=2.131 - loss_ne=0.0187 - loss_div=0.0 - threshold=1.0 - loss=6.785
/scratch/e0538389/DivClust/engine/trainer.py:41: FutureWarning: `torch.cuda.amp.autocast(args...)` is deprecated. Please use `torch.amp.autocast('cuda', args...)` instead.
  with autocast(self.mixed_precision):
[2026-03-30 10:40:03](logger.py 179): id=CC_FMNIST_C10CFG_K20_E100_DT_0_9 | Ep. 15/100 - Step 75/273 (2.36 it/s) |#####               | - loss_cc=4.636 - loss_ce=2.131 - loss_ne=0.0197 - loss_div=0.0 - threshold=1.0 - loss=6.787
/scratch/e0538389/DivClust/engine/trainer.py:41: FutureWarning: `torch.cuda.amp.autocast(args...)` is deprecated. Please use `torch.amp.autocast('cuda', args...)` instead.
  with autocast(self.mixed_precision):
[2026-03-30 10:40:14](logger.py 179): id=CC_FMNIST_C10CFG_K20_E100_DT_0_9 | Ep. 15/100 - Step 100/273 (2.37 it/s) |#######             | - loss_cc=4.634 - loss_ce=2.13 - loss_ne=0.0205 - loss_div=0.0 - threshold=1.0 - loss=6.784
/scratch/e0538389/DivClust/engine/trainer.py:41: FutureWarning: `torch.cuda.amp.autocast(args...)` is deprecated. Please use `torch.amp.autocast('cuda', args...)` instead.
  with autocast(self.mixed_precision):
[2026-03-30 10:40:24](logger.py 179): id=CC_FMNIST_C10CFG_K20_E100_DT_0_9 | Ep. 15/100 - Step 125/273 (2.36 it/s) |#########           | - loss_cc=4.634 - loss_ce=2.129 - loss_ne=0.0203 - loss_div=0.0 - threshold=1.0 - loss=6.784
/scratch/e0538389/DivClust/engine/trainer.py:41: FutureWarning: `torch.cuda.amp.autocast(args...)` is deprecated. Please use `torch.amp.autocast('cuda', args...)` instead.
  with autocast(self.mixed_precision):
/scratch/e0538389/DivClust/engine/trainer.py:41: FutureWarning: `torch.cuda.amp.autocast(args...)` is deprecated. Please use `torch.amp.autocast('cuda', args...)` instead.
  with autocast(self.mixed_precision):
[2026-03-30 10:40:35](logger.py 179): id=CC_FMNIST_C10CFG_K20_E100_DT_0_9 | Ep. 15/100 - Step 150/273 (2.36 it/s) |##########          | - loss_cc=4.636 - loss_ce=2.129 - loss_ne=0.0206 - loss_div=0.0 - threshold=1.0 - loss=6.785
/scratch/e0538389/DivClust/engine/trainer.py:41: FutureWarning: `torch.cuda.amp.autocast(args...)` is deprecated. Please use `torch.amp.autocast('cuda', args...)` instead.
  with autocast(self.mixed_precision):
[2026-03-30 10:40:46](logger.py 179): id=CC_FMNIST_C10CFG_K20_E100_DT_0_9 | Ep. 15/100 - Step 175/273 (2.35 it/s) |############        | - loss_cc=4.636 - loss_ce=2.129 - loss_ne=0.0205 - loss_div=0.0 - threshold=1.0 - loss=6.785
/scratch/e0538389/DivClust/engine/trainer.py:41: FutureWarning: `torch.cuda.amp.autocast(args...)` is deprecated. Please use `torch.amp.autocast('cuda', args...)` instead.
  with autocast(self.mixed_precision):
[2026-03-30 10:40:56](logger.py 179): id=CC_FMNIST_C10CFG_K20_E100_DT_0_9 | Ep. 15/100 - Step 200/273 (2.35 it/s) |##############      | - loss_cc=4.635 - loss_ce=2.128 - loss_ne=0.0203 - loss_div=0.0 - threshold=1.0 - loss=6.784
/scratch/e0538389/DivClust/engine/trainer.py:41: FutureWarning: `torch.cuda.amp.autocast(args...)` is deprecated. Please use `torch.amp.autocast('cuda', args...)` instead.
  with autocast(self.mixed_precision):
[2026-03-30 10:41:07](logger.py 179): id=CC_FMNIST_C10CFG_K20_E100_DT_0_9 | Ep. 15/100 - Step 225/273 (2.34 it/s) |################    | - loss_cc=4.635 - loss_ce=2.128 - loss_ne=0.0204 - loss_div=0.0 - threshold=1.0 - loss=6.783
/scratch/e0538389/DivClust/engine/trainer.py:41: FutureWarning: `torch.cuda.amp.autocast(args...)` is deprecated. Please use `torch.amp.autocast('cuda', args...)` instead.
  with autocast(self.mixed_precision):
/scratch/e0538389/DivClust/engine/trainer.py:41: FutureWarning: `torch.cuda.amp.autocast(args...)` is deprecated. Please use `torch.amp.autocast('cuda', args...)` instead.
  with autocast(self.mixed_precision):
[2026-03-30 10:41:18](logger.py 179): id=CC_FMNIST_C10CFG_K20_E100_DT_0_9 | Ep. 15/100 - Step 250/273 (2.34 it/s) |##################  | - loss_cc=4.635 - loss_ce=2.128 - loss_ne=0.0203 - loss_div=0.000421 - threshold=1.0 - loss=6.783
/scratch/e0538389/DivClust/engine/trainer.py:41: FutureWarning: `torch.cuda.amp.autocast(args...)` is deprecated. Please use `torch.amp.autocast('cuda', args...)` instead.
  with autocast(self.mixed_precision):
[2026-03-30 10:41:28](logger.py 179): id=CC_FMNIST_C10CFG_K20_E100_DT_0_9 | Ep. 15/100 | Time: 00:01 | loss_cc=4.634 - loss_ce=2.127 - loss_ne=0.0211 - loss_div=0.000397 - threshold=0.999 - loss=6.783
[2026-03-30 10:41:30](logger.py 179): id=CC_FMNIST_C10CFG_K20_E100_DT_0_9 | Ep. 16/100 - Step 0/273 (0.0 it/s) |                    | - loss_cc=4.702 - loss_ce=2.142 - loss_ne=0.0339 - loss_div=0.0 - threshold=1.0 - loss=6.878
/scratch/e0538389/DivClust/engine/trainer.py:41: FutureWarning: `torch.cuda.amp.autocast(args...)` is deprecated. Please use `torch.amp.autocast('cuda', args...)` instead.
  with autocast(self.mixed_precision):
[2026-03-30 10:41:41](logger.py 179): id=CC_FMNIST_C10CFG_K20_E100_DT_0_9 | Ep. 16/100 - Step 25/273 (2.37 it/s) |#                   | - loss_cc=4.636 - loss_ce=2.127 - loss_ne=0.0202 - loss_div=0.0 - threshold=1.0 - loss=6.783
/scratch/e0538389/DivClust/engine/trainer.py:41: FutureWarning: `torch.cuda.amp.autocast(args...)` is deprecated. Please use `torch.amp.autocast('cuda', args...)` instead.
  with autocast(self.mixed_precision):
[2026-03-30 10:41:52](logger.py 179): id=CC_FMNIST_C10CFG_K20_E100_DT_0_9 | Ep. 16/100 - Step 50/273 (2.34 it/s) |###                 | - loss_cc=4.633 - loss_ce=2.127 - loss_ne=0.0202 - loss_div=0.0 - threshold=1.0 - loss=6.78
/scratch/e0538389/DivClust/engine/trainer.py:41: FutureWarning: `torch.cuda.amp.autocast(args...)` is deprecated. Please use `torch.amp.autocast('cuda', args...)` instead.
  with autocast(self.mixed_precision):
/scratch/e0538389/DivClust/engine/trainer.py:41: FutureWarning: `torch.cuda.amp.autocast(args...)` is deprecated. Please use `torch.amp.autocast('cuda', args...)` instead.
  with autocast(self.mixed_precision):
[2026-03-30 10:42:03](logger.py 179): id=CC_FMNIST_C10CFG_K20_E100_DT_0_9 | Ep. 16/100 - Step 75/273 (2.32 it/s) |#####               | - loss_cc=4.633 - loss_ce=2.126 - loss_ne=0.0192 - loss_div=0.0 - threshold=1.0 - loss=6.778
/scratch/e0538389/DivClust/engine/trainer.py:41: FutureWarning: `torch.cuda.amp.autocast(args...)` is deprecated. Please use `torch.amp.autocast('cuda', args...)` instead.
  with autocast(self.mixed_precision):
[2026-03-30 10:42:13](logger.py 179): id=CC_FMNIST_C10CFG_K20_E100_DT_0_9 | Ep. 16/100 - Step 100/273 (2.32 it/s) |#######             | - loss_cc=4.632 - loss_ce=2.125 - loss_ne=0.02 - loss_div=0.0 - threshold=1.0 - loss=6.777
/scratch/e0538389/DivClust/engine/trainer.py:41: FutureWarning: `torch.cuda.amp.autocast(args...)` is deprecated. Please use `torch.amp.autocast('cuda', args...)` instead.
  with autocast(self.mixed_precision):
[2026-03-30 10:42:24](logger.py 179): id=CC_FMNIST_C10CFG_K20_E100_DT_0_9 | Ep. 16/100 - Step 125/273 (2.32 it/s) |#########           | - loss_cc=4.633 - loss_ce=2.126 - loss_ne=0.0201 - loss_div=0.0 - threshold=1.0 - loss=6.779
/scratch/e0538389/DivClust/engine/trainer.py:41: FutureWarning: `torch.cuda.amp.autocast(args...)` is deprecated. Please use `torch.amp.autocast('cuda', args...)` instead.
  with autocast(self.mixed_precision):
[2026-03-30 10:42:35](logger.py 179): id=CC_FMNIST_C10CFG_K20_E100_DT_0_9 | Ep. 16/100 - Step 150/273 (2.33 it/s) |##########          | - loss_cc=4.632 - loss_ce=2.126 - loss_ne=0.0198 - loss_div=0.0 - threshold=1.0 - loss=6.778
/scratch/e0538389/DivClust/engine/trainer.py:41: FutureWarning: `torch.cuda.amp.autocast(args...)` is deprecated. Please use `torch.amp.autocast('cuda', args...)` instead.
  with autocast(self.mixed_precision):
/scratch/e0538389/DivClust/engine/trainer.py:41: FutureWarning: `torch.cuda.amp.autocast(args...)` is deprecated. Please use `torch.amp.autocast('cuda', args...)` instead.
  with autocast(self.mixed_precision):
[2026-03-30 10:42:46](logger.py 179): id=CC_FMNIST_C10CFG_K20_E100_DT_0_9 | Ep. 16/100 - Step 175/273 (2.33 it/s) |############        | - loss_cc=4.632 - loss_ce=2.126 - loss_ne=0.0198 - loss_div=0.0 - threshold=1.0 - loss=6.777
/scratch/e0538389/DivClust/engine/trainer.py:41: FutureWarning: `torch.cuda.amp.autocast(args...)` is deprecated. Please use `torch.amp.autocast('cuda', args...)` instead.
  with autocast(self.mixed_precision):
[2026-03-30 10:42:56](logger.py 179): id=CC_FMNIST_C10CFG_K20_E100_DT_0_9 | Ep. 16/100 - Step 200/273 (2.33 it/s) |##############      | - loss_cc=4.633 - loss_ce=2.126 - loss_ne=0.0196 - loss_div=0.0 - threshold=1.0 - loss=6.778
/scratch/e0538389/DivClust/engine/trainer.py:41: FutureWarning: `torch.cuda.amp.autocast(args...)` is deprecated. Please use `torch.amp.autocast('cuda', args...)` instead.
  with autocast(self.mixed_precision):
[2026-03-30 10:43:07](logger.py 179): id=CC_FMNIST_C10CFG_K20_E100_DT_0_9 | Ep. 16/100 - Step 225/273 (2.33 it/s) |################    | - loss_cc=4.631 - loss_ce=2.125 - loss_ne=0.0195 - loss_div=0.0 - threshold=1.0 - loss=6.776
/scratch/e0538389/DivClust/engine/trainer.py:41: FutureWarning: `torch.cuda.amp.autocast(args...)` is deprecated. Please use `torch.amp.autocast('cuda', args...)` instead.
  with autocast(self.mixed_precision):
[2026-03-30 10:43:18](logger.py 179): id=CC_FMNIST_C10CFG_K20_E100_DT_0_9 | Ep. 16/100 - Step 250/273 (2.33 it/s) |##################  | - loss_cc=4.632 - loss_ce=2.125 - loss_ne=0.0196 - loss_div=0.000356 - threshold=0.999 - loss=6.777
/scratch/e0538389/DivClust/engine/trainer.py:41: FutureWarning: `torch.cuda.amp.autocast(args...)` is deprecated. Please use `torch.amp.autocast('cuda', args...)` instead.
  with autocast(self.mixed_precision):
[2026-03-30 10:43:28](logger.py 179): id=CC_FMNIST_C10CFG_K20_E100_DT_0_9 | Ep. 16/100 | Time: 00:01 | loss_cc=4.631 - loss_ce=2.126 - loss_ne=0.0195 - loss_div=0.000327 - threshold=0.999 - loss=6.777
/scratch/e0538389/DivClust/engine/trainer.py:41: FutureWarning: `torch.cuda.amp.autocast(args...)` is deprecated. Please use `torch.amp.autocast('cuda', args...)` instead.
  with autocast(self.mixed_precision):
[2026-03-30 10:43:30](logger.py 179): id=CC_FMNIST_C10CFG_K20_E100_DT_0_9 | Ep. 17/100 - Step 0/273 (0.0 it/s) |                    | - loss_cc=4.607 - loss_ce=2.125 - loss_ne=0.0203 - loss_div=0.0 - threshold=1.0 - loss=6.753
/scratch/e0538389/DivClust/engine/trainer.py:41: FutureWarning: `torch.cuda.amp.autocast(args...)` is deprecated. Please use `torch.amp.autocast('cuda', args...)` instead.
  with autocast(self.mixed_precision):
[2026-03-30 10:43:41](logger.py 179): id=CC_FMNIST_C10CFG_K20_E100_DT_0_9 | Ep. 17/100 - Step 25/273 (2.35 it/s) |#                   | - loss_cc=4.633 - loss_ce=2.124 - loss_ne=0.019 - loss_div=0.0 - threshold=1.0 - loss=6.776
/scratch/e0538389/DivClust/engine/trainer.py:41: FutureWarning: `torch.cuda.amp.autocast(args...)` is deprecated. Please use `torch.amp.autocast('cuda', args...)` instead.
  with autocast(self.mixed_precision):
[2026-03-30 10:43:51](logger.py 179): id=CC_FMNIST_C10CFG_K20_E100_DT_0_9 | Ep. 17/100 - Step 50/273 (2.36 it/s) |###                 | - loss_cc=4.637 - loss_ce=2.127 - loss_ne=0.0181 - loss_div=0.0 - threshold=1.0 - loss=6.781
/scratch/e0538389/DivClust/engine/trainer.py:41: FutureWarning: `torch.cuda.amp.autocast(args...)` is deprecated. Please use `torch.amp.autocast('cuda', args...)` instead.
  with autocast(self.mixed_precision):
[2026-03-30 10:44:02](logger.py 179): id=CC_FMNIST_C10CFG_K20_E100_DT_0_9 | Ep. 17/100 - Step 75/273 (2.35 it/s) |#####               | - loss_cc=4.638 - loss_ce=2.127 - loss_ne=0.0195 - loss_div=0.0 - threshold=1.0 - loss=6.784
/scratch/e0538389/DivClust/engine/trainer.py:41: FutureWarning: `torch.cuda.amp.autocast(args...)` is deprecated. Please use `torch.amp.autocast('cuda', args...)` instead.
  with autocast(self.mixed_precision):
/scratch/e0538389/DivClust/engine/trainer.py:41: FutureWarning: `torch.cuda.amp.autocast(args...)` is deprecated. Please use `torch.amp.autocast('cuda', args...)` instead.
  with autocast(self.mixed_precision):
[2026-03-30 10:44:13](logger.py 179): id=CC_FMNIST_C10CFG_K20_E100_DT_0_9 | Ep. 17/100 - Step 100/273 (2.34 it/s) |#######             | - loss_cc=4.638 - loss_ce=2.128 - loss_ne=0.0193 - loss_div=0.0 - threshold=1.0 - loss=6.785
/scratch/e0538389/DivClust/engine/trainer.py:41: FutureWarning: `torch.cuda.amp.autocast(args...)` is deprecated. Please use `torch.amp.autocast('cuda', args...)` instead.
  with autocast(self.mixed_precision):
[2026-03-30 10:44:23](logger.py 179): id=CC_FMNIST_C10CFG_K20_E100_DT_0_9 | Ep. 17/100 - Step 125/273 (2.34 it/s) |#########           | - loss_cc=4.637 - loss_ce=2.127 - loss_ne=0.0191 - loss_div=0.0 - threshold=1.0 - loss=6.783
/scratch/e0538389/DivClust/engine/trainer.py:41: FutureWarning: `torch.cuda.amp.autocast(args...)` is deprecated. Please use `torch.amp.autocast('cuda', args...)` instead.
  with autocast(self.mixed_precision):
[2026-03-30 10:44:34](logger.py 179): id=CC_FMNIST_C10CFG_K20_E100_DT_0_9 | Ep. 17/100 - Step 150/273 (2.34 it/s) |##########          | - loss_cc=4.636 - loss_ce=2.127 - loss_ne=0.0194 - loss_div=0.0 - threshold=1.0 - loss=6.782
/scratch/e0538389/DivClust/engine/trainer.py:41: FutureWarning: `torch.cuda.amp.autocast(args...)` is deprecated. Please use `torch.amp.autocast('cuda', args...)` instead.
  with autocast(self.mixed_precision):
[2026-03-30 10:44:45](logger.py 179): id=CC_FMNIST_C10CFG_K20_E100_DT_0_9 | Ep. 17/100 - Step 175/273 (2.33 it/s) |############        | - loss_cc=4.636 - loss_ce=2.127 - loss_ne=0.0195 - loss_div=0.0 - threshold=1.0 - loss=6.783
/scratch/e0538389/DivClust/engine/trainer.py:41: FutureWarning: `torch.cuda.amp.autocast(args...)` is deprecated. Please use `torch.amp.autocast('cuda', args...)` instead.
  with autocast(self.mixed_precision):
/scratch/e0538389/DivClust/engine/trainer.py:41: FutureWarning: `torch.cuda.amp.autocast(args...)` is deprecated. Please use `torch.amp.autocast('cuda', args...)` instead.
  with autocast(self.mixed_precision):
[2026-03-30 10:44:56](logger.py 179): id=CC_FMNIST_C10CFG_K20_E100_DT_0_9 | Ep. 17/100 - Step 200/273 (2.33 it/s) |##############      | - loss_cc=4.634 - loss_ce=2.127 - loss_ne=0.0196 - loss_div=0.0 - threshold=1.0 - loss=6.78
/scratch/e0538389/DivClust/engine/trainer.py:41: FutureWarning: `torch.cuda.amp.autocast(args...)` is deprecated. Please use `torch.amp.autocast('cuda', args...)` instead.
  with autocast(self.mixed_precision):
[2026-03-30 10:45:07](logger.py 179): id=CC_FMNIST_C10CFG_K20_E100_DT_0_9 | Ep. 17/100 - Step 225/273 (2.33 it/s) |################    | - loss_cc=4.634 - loss_ce=2.126 - loss_ne=0.0198 - loss_div=0.000354 - threshold=1.0 - loss=6.781
/scratch/e0538389/DivClust/engine/trainer.py:41: FutureWarning: `torch.cuda.amp.autocast(args...)` is deprecated. Please use `torch.amp.autocast('cuda', args...)` instead.
  with autocast(self.mixed_precision):
[2026-03-30 10:45:17](logger.py 179): id=CC_FMNIST_C10CFG_K20_E100_DT_0_9 | Ep. 17/100 - Step 250/273 (2.33 it/s) |##################  | - loss_cc=4.633 - loss_ce=2.126 - loss_ne=0.0199 - loss_div=0.000322 - threshold=0.999 - loss=6.779
/scratch/e0538389/DivClust/engine/trainer.py:41: FutureWarning: `torch.cuda.amp.autocast(args...)` is deprecated. Please use `torch.amp.autocast('cuda', args...)` instead.
  with autocast(self.mixed_precision):
[2026-03-30 10:45:27](logger.py 179): id=CC_FMNIST_C10CFG_K20_E100_DT_0_9 | Ep. 17/100 | Time: 00:01 | loss_cc=4.632 - loss_ce=2.126 - loss_ne=0.02 - loss_div=0.000296 - threshold=0.999 - loss=6.778
[2026-03-30 10:45:30](logger.py 179): id=CC_FMNIST_C10CFG_K20_E100_DT_0_9 | Ep. 18/100 - Step 0/273 (0.0 it/s) |                    | - loss_cc=4.664 - loss_ce=2.146 - loss_ne=0.0228 - loss_div=0.0 - threshold=1.0 - loss=6.833
/scratch/e0538389/DivClust/engine/trainer.py:41: FutureWarning: `torch.cuda.amp.autocast(args...)` is deprecated. Please use `torch.amp.autocast('cuda', args...)` instead.
  with autocast(self.mixed_precision):
[2026-03-30 10:45:40](logger.py 179): id=CC_FMNIST_C10CFG_K20_E100_DT_0_9 | Ep. 18/100 - Step 25/273 (2.31 it/s) |#                   | - loss_cc=4.628 - loss_ce=2.125 - loss_ne=0.0181 - loss_div=0.0 - threshold=1.0 - loss=6.771
/scratch/e0538389/DivClust/engine/trainer.py:41: FutureWarning: `torch.cuda.amp.autocast(args...)` is deprecated. Please use `torch.amp.autocast('cuda', args...)` instead.
  with autocast(self.mixed_precision):
/scratch/e0538389/DivClust/engine/trainer.py:41: FutureWarning: `torch.cuda.amp.autocast(args...)` is deprecated. Please use `torch.amp.autocast('cuda', args...)` instead.
  with autocast(self.mixed_precision):
[2026-03-30 10:45:52](logger.py 179): id=CC_FMNIST_C10CFG_K20_E100_DT_0_9 | Ep. 18/100 - Step 50/273 (2.27 it/s) |###                 | - loss_cc=4.625 - loss_ce=2.124 - loss_ne=0.0185 - loss_div=0.0 - threshold=1.0 - loss=6.768
/scratch/e0538389/DivClust/engine/trainer.py:41: FutureWarning: `torch.cuda.amp.autocast(args...)` is deprecated. Please use `torch.amp.autocast('cuda', args...)` instead.
  with autocast(self.mixed_precision):
[2026-03-30 10:46:02](logger.py 179): id=CC_FMNIST_C10CFG_K20_E100_DT_0_9 | Ep. 18/100 - Step 75/273 (2.3 it/s) |#####               | - loss_cc=4.623 - loss_ce=2.123 - loss_ne=0.019 - loss_div=0.0 - threshold=1.0 - loss=6.765
/scratch/e0538389/DivClust/engine/trainer.py:41: FutureWarning: `torch.cuda.amp.autocast(args...)` is deprecated. Please use `torch.amp.autocast('cuda', args...)` instead.
  with autocast(self.mixed_precision):
[2026-03-30 10:46:13](logger.py 179): id=CC_FMNIST_C10CFG_K20_E100_DT_0_9 | Ep. 18/100 - Step 100/273 (2.3 it/s) |#######             | - loss_cc=4.623 - loss_ce=2.123 - loss_ne=0.0188 - loss_div=0.0 - threshold=1.0 - loss=6.765
/scratch/e0538389/DivClust/engine/trainer.py:41: FutureWarning: `torch.cuda.amp.autocast(args...)` is deprecated. Please use `torch.amp.autocast('cuda', args...)` instead.
  with autocast(self.mixed_precision):
[2026-03-30 10:46:24](logger.py 179): id=CC_FMNIST_C10CFG_K20_E100_DT_0_9 | Ep. 18/100 - Step 125/273 (2.31 it/s) |#########           | - loss_cc=4.623 - loss_ce=2.123 - loss_ne=0.0191 - loss_div=0.0 - threshold=1.0 - loss=6.765
/scratch/e0538389/DivClust/engine/trainer.py:41: FutureWarning: `torch.cuda.amp.autocast(args...)` is deprecated. Please use `torch.amp.autocast('cuda', args...)` instead.
  with autocast(self.mixed_precision):
/scratch/e0538389/DivClust/engine/trainer.py:41: FutureWarning: `torch.cuda.amp.autocast(args...)` is deprecated. Please use `torch.amp.autocast('cuda', args...)` instead.
  with autocast(self.mixed_precision):
[2026-03-30 10:46:35](logger.py 179): id=CC_FMNIST_C10CFG_K20_E100_DT_0_9 | Ep. 18/100 - Step 150/273 (2.3 it/s) |##########          | - loss_cc=4.622 - loss_ce=2.122 - loss_ne=0.0192 - loss_div=0.0 - threshold=1.0 - loss=6.764
/scratch/e0538389/DivClust/engine/trainer.py:41: FutureWarning: `torch.cuda.amp.autocast(args...)` is deprecated. Please use `torch.amp.autocast('cuda', args...)` instead.
  with autocast(self.mixed_precision):
[2026-03-30 10:46:46](logger.py 179): id=CC_FMNIST_C10CFG_K20_E100_DT_0_9 | Ep. 18/100 - Step 175/273 (2.3 it/s) |############        | - loss_cc=4.622 - loss_ce=2.122 - loss_ne=0.0192 - loss_div=0.0 - threshold=1.0 - loss=6.764
/scratch/e0538389/DivClust/engine/trainer.py:41: FutureWarning: `torch.cuda.amp.autocast(args...)` is deprecated. Please use `torch.amp.autocast('cuda', args...)` instead.
  with autocast(self.mixed_precision):
[2026-03-30 10:46:56](logger.py 179): id=CC_FMNIST_C10CFG_K20_E100_DT_0_9 | Ep. 18/100 - Step 200/273 (2.3 it/s) |##############      | - loss_cc=4.622 - loss_ce=2.122 - loss_ne=0.0191 - loss_div=0.0 - threshold=1.0 - loss=6.764
/scratch/e0538389/DivClust/engine/trainer.py:41: FutureWarning: `torch.cuda.amp.autocast(args...)` is deprecated. Please use `torch.amp.autocast('cuda', args...)` instead.
  with autocast(self.mixed_precision):
[2026-03-30 10:47:07](logger.py 179): id=CC_FMNIST_C10CFG_K20_E100_DT_0_9 | Ep. 18/100 - Step 225/273 (2.3 it/s) |################    | - loss_cc=4.622 - loss_ce=2.122 - loss_ne=0.0193 - loss_div=0.0003 - threshold=0.999 - loss=6.764
/scratch/e0538389/DivClust/engine/trainer.py:41: FutureWarning: `torch.cuda.amp.autocast(args...)` is deprecated. Please use `torch.amp.autocast('cuda', args...)` instead.
  with autocast(self.mixed_precision):
/scratch/e0538389/DivClust/engine/trainer.py:41: FutureWarning: `torch.cuda.amp.autocast(args...)` is deprecated. Please use `torch.amp.autocast('cuda', args...)` instead.
  with autocast(self.mixed_precision):
[2026-03-30 10:47:18](logger.py 179): id=CC_FMNIST_C10CFG_K20_E100_DT_0_9 | Ep. 18/100 - Step 250/273 (2.3 it/s) |##################  | - loss_cc=4.622 - loss_ce=2.122 - loss_ne=0.019 - loss_div=0.00027 - threshold=0.999 - loss=6.763
/scratch/e0538389/DivClust/engine/trainer.py:41: FutureWarning: `torch.cuda.amp.autocast(args...)` is deprecated. Please use `torch.amp.autocast('cuda', args...)` instead.
  with autocast(self.mixed_precision):
[2026-03-30 10:47:28](logger.py 179): id=CC_FMNIST_C10CFG_K20_E100_DT_0_9 | Ep. 18/100 | Time: 00:01 | loss_cc=4.622 - loss_ce=2.122 - loss_ne=0.0189 - loss_div=0.000248 - threshold=0.999 - loss=6.763
[2026-03-30 10:47:30](logger.py 179): id=CC_FMNIST_C10CFG_K20_E100_DT_0_9 | Ep. 19/100 - Step 0/273 (0.0 it/s) |                    | - loss_cc=4.641 - loss_ce=2.131 - loss_ne=0.0219 - loss_div=0.0 - threshold=1.0 - loss=6.794
/scratch/e0538389/DivClust/engine/trainer.py:41: FutureWarning: `torch.cuda.amp.autocast(args...)` is deprecated. Please use `torch.amp.autocast('cuda', args...)` instead.
  with autocast(self.mixed_precision):
[2026-03-30 10:47:41](logger.py 179): id=CC_FMNIST_C10CFG_K20_E100_DT_0_9 | Ep. 19/100 - Step 25/273 (2.31 it/s) |#                   | - loss_cc=4.617 - loss_ce=2.121 - loss_ne=0.0206 - loss_div=0.0 - threshold=1.0 - loss=6.758
/scratch/e0538389/DivClust/engine/trainer.py:41: FutureWarning: `torch.cuda.amp.autocast(args...)` is deprecated. Please use `torch.amp.autocast('cuda', args...)` instead.
  with autocast(self.mixed_precision):
[2026-03-30 10:47:52](logger.py 179): id=CC_FMNIST_C10CFG_K20_E100_DT_0_9 | Ep. 19/100 - Step 50/273 (2.32 it/s) |###                 | - loss_cc=4.617 - loss_ce=2.121 - loss_ne=0.0202 - loss_div=0.0 - threshold=1.0 - loss=6.759
/scratch/e0538389/DivClust/engine/trainer.py:41: FutureWarning: `torch.cuda.amp.autocast(args...)` is deprecated. Please use `torch.amp.autocast('cuda', args...)` instead.
  with autocast(self.mixed_precision):
/scratch/e0538389/DivClust/engine/trainer.py:41: FutureWarning: `torch.cuda.amp.autocast(args...)` is deprecated. Please use `torch.amp.autocast('cuda', args...)` instead.
  with autocast(self.mixed_precision):
[2026-03-30 10:48:03](logger.py 179): id=CC_FMNIST_C10CFG_K20_E100_DT_0_9 | Ep. 19/100 - Step 75/273 (2.3 it/s) |#####               | - loss_cc=4.617 - loss_ce=2.121 - loss_ne=0.019 - loss_div=0.0 - threshold=1.0 - loss=6.757
/scratch/e0538389/DivClust/engine/trainer.py:41: FutureWarning: `torch.cuda.amp.autocast(args...)` is deprecated. Please use `torch.amp.autocast('cuda', args...)` instead.
  with autocast(self.mixed_precision):
[2026-03-30 10:48:14](logger.py 179): id=CC_FMNIST_C10CFG_K20_E100_DT_0_9 | Ep. 19/100 - Step 100/273 (2.31 it/s) |#######             | - loss_cc=4.618 - loss_ce=2.121 - loss_ne=0.0194 - loss_div=0.0 - threshold=1.0 - loss=6.759
/scratch/e0538389/DivClust/engine/trainer.py:41: FutureWarning: `torch.cuda.amp.autocast(args...)` is deprecated. Please use `torch.amp.autocast('cuda', args...)` instead.
  with autocast(self.mixed_precision):
[2026-03-30 10:48:24](logger.py 179): id=CC_FMNIST_C10CFG_K20_E100_DT_0_9 | Ep. 19/100 - Step 125/273 (2.31 it/s) |#########           | - loss_cc=4.619 - loss_ce=2.121 - loss_ne=0.0194 - loss_div=0.0 - threshold=1.0 - loss=6.759
/scratch/e0538389/DivClust/engine/trainer.py:41: FutureWarning: `torch.cuda.amp.autocast(args...)` is deprecated. Please use `torch.amp.autocast('cuda', args...)` instead.
  with autocast(self.mixed_precision):
[2026-03-30 10:48:35](logger.py 179): id=CC_FMNIST_C10CFG_K20_E100_DT_0_9 | Ep. 19/100 - Step 150/273 (2.31 it/s) |##########          | - loss_cc=4.619 - loss_ce=2.121 - loss_ne=0.0194 - loss_div=0.0 - threshold=1.0 - loss=6.759
/scratch/e0538389/DivClust/engine/trainer.py:41: FutureWarning: `torch.cuda.amp.autocast(args...)` is deprecated. Please use `torch.amp.autocast('cuda', args...)` instead.
  with autocast(self.mixed_precision):
/scratch/e0538389/DivClust/engine/trainer.py:41: FutureWarning: `torch.cuda.amp.autocast(args...)` is deprecated. Please use `torch.amp.autocast('cuda', args...)` instead.
  with autocast(self.mixed_precision):
[2026-03-30 10:48:46](logger.py 179): id=CC_FMNIST_C10CFG_K20_E100_DT_0_9 | Ep. 19/100 - Step 175/273 (2.31 it/s) |############        | - loss_cc=4.619 - loss_ce=2.121 - loss_ne=0.0198 - loss_div=0.0 - threshold=1.0 - loss=6.76
/scratch/e0538389/DivClust/engine/trainer.py:41: FutureWarning: `torch.cuda.amp.autocast(args...)` is deprecated. Please use `torch.amp.autocast('cuda', args...)` instead.
  with autocast(self.mixed_precision):
[2026-03-30 10:48:57](logger.py 179): id=CC_FMNIST_C10CFG_K20_E100_DT_0_9 | Ep. 19/100 - Step 200/273 (2.31 it/s) |##############      | - loss_cc=4.618 - loss_ce=2.121 - loss_ne=0.0201 - loss_div=0.0 - threshold=1.0 - loss=6.759
/scratch/e0538389/DivClust/engine/trainer.py:41: FutureWarning: `torch.cuda.amp.autocast(args...)` is deprecated. Please use `torch.amp.autocast('cuda', args...)` instead.
  with autocast(self.mixed_precision):
[2026-03-30 10:49:07](logger.py 179): id=CC_FMNIST_C10CFG_K20_E100_DT_0_9 | Ep. 19/100 - Step 225/273 (2.32 it/s) |################    | - loss_cc=4.617 - loss_ce=2.121 - loss_ne=0.0203 - loss_div=0.000368 - threshold=0.999 - loss=6.759
/scratch/e0538389/DivClust/engine/trainer.py:41: FutureWarning: `torch.cuda.amp.autocast(args...)` is deprecated. Please use `torch.amp.autocast('cuda', args...)` instead.
  with autocast(self.mixed_precision):
[2026-03-30 10:49:18](logger.py 179): id=CC_FMNIST_C10CFG_K20_E100_DT_0_9 | Ep. 19/100 - Step 250/273 (2.32 it/s) |##################  | - loss_cc=4.617 - loss_ce=2.121 - loss_ne=0.0203 - loss_div=0.000331 - threshold=0.999 - loss=6.758
/scratch/e0538389/DivClust/engine/trainer.py:41: FutureWarning: `torch.cuda.amp.autocast(args...)` is deprecated. Please use `torch.amp.autocast('cuda', args...)` instead.
  with autocast(self.mixed_precision):
[2026-03-30 10:49:27](logger.py 179): id=CC_FMNIST_C10CFG_K20_E100_DT_0_9 | Ep. 19/100 | Time: 00:01 | loss_cc=4.617 - loss_ce=2.121 - loss_ne=0.0204 - loss_div=0.000305 - threshold=0.999 - loss=6.759
[2026-03-30 10:49:30](logger.py 179): id=CC_FMNIST_C10CFG_K20_E100_DT_0_9 | Ep. 20/100 - Step 0/273 (0.0 it/s) |                    | - loss_cc=4.631 - loss_ce=2.127 - loss_ne=0.0208 - loss_div=0.0 - threshold=1.0 - loss=6.779
/scratch/e0538389/DivClust/engine/trainer.py:41: FutureWarning: `torch.cuda.amp.autocast(args...)` is deprecated. Please use `torch.amp.autocast('cuda', args...)` instead.
  with autocast(self.mixed_precision):
/scratch/e0538389/DivClust/engine/trainer.py:41: FutureWarning: `torch.cuda.amp.autocast(args...)` is deprecated. Please use `torch.amp.autocast('cuda', args...)` instead.
  with autocast(self.mixed_precision):
[2026-03-30 10:49:41](logger.py 179): id=CC_FMNIST_C10CFG_K20_E100_DT_0_9 | Ep. 20/100 - Step 25/273 (2.38 it/s) |#                   | - loss_cc=4.615 - loss_ce=2.118 - loss_ne=0.0182 - loss_div=0.0 - threshold=1.0 - loss=6.752
/scratch/e0538389/DivClust/engine/trainer.py:41: FutureWarning: `torch.cuda.amp.autocast(args...)` is deprecated. Please use `torch.amp.autocast('cuda', args...)` instead.
  with autocast(self.mixed_precision):
[2026-03-30 10:49:51](logger.py 179): id=CC_FMNIST_C10CFG_K20_E100_DT_0_9 | Ep. 20/100 - Step 50/273 (2.39 it/s) |###                 | - loss_cc=4.614 - loss_ce=2.119 - loss_ne=0.017 - loss_div=0.0 - threshold=1.0 - loss=6.75
/scratch/e0538389/DivClust/engine/trainer.py:41: FutureWarning: `torch.cuda.amp.autocast(args...)` is deprecated. Please use `torch.amp.autocast('cuda', args...)` instead.
  with autocast(self.mixed_precision):
[2026-03-30 10:50:02](logger.py 179): id=CC_FMNIST_C10CFG_K20_E100_DT_0_9 | Ep. 20/100 - Step 75/273 (2.36 it/s) |#####               | - loss_cc=4.616 - loss_ce=2.12 - loss_ne=0.0178 - loss_div=0.0 - threshold=1.0 - loss=6.754
/scratch/e0538389/DivClust/engine/trainer.py:41: FutureWarning: `torch.cuda.amp.autocast(args...)` is deprecated. Please use `torch.amp.autocast('cuda', args...)` instead.
  with autocast(self.mixed_precision):
[2026-03-30 10:50:13](logger.py 179): id=CC_FMNIST_C10CFG_K20_E100_DT_0_9 | Ep. 20/100 - Step 100/273 (2.33 it/s) |#######             | - loss_cc=4.615 - loss_ce=2.119 - loss_ne=0.0187 - loss_div=0.0 - threshold=1.0 - loss=6.753
/scratch/e0538389/DivClust/engine/trainer.py:41: FutureWarning: `torch.cuda.amp.autocast(args...)` is deprecated. Please use `torch.amp.autocast('cuda', args...)` instead.
  with autocast(self.mixed_precision):
/scratch/e0538389/DivClust/engine/trainer.py:41: FutureWarning: `torch.cuda.amp.autocast(args...)` is deprecated. Please use `torch.amp.autocast('cuda', args...)` instead.
  with autocast(self.mixed_precision):
[2026-03-30 10:50:24](logger.py 179): id=CC_FMNIST_C10CFG_K20_E100_DT_0_9 | Ep. 20/100 - Step 125/273 (2.34 it/s) |#########           | - loss_cc=4.614 - loss_ce=2.119 - loss_ne=0.0189 - loss_div=0.0 - threshold=1.0 - loss=6.752
/scratch/e0538389/DivClust/engine/trainer.py:41: FutureWarning: `torch.cuda.amp.autocast(args...)` is deprecated. Please use `torch.amp.autocast('cuda', args...)` instead.
  with autocast(self.mixed_precision):
[2026-03-30 10:50:34](logger.py 179): id=CC_FMNIST_C10CFG_K20_E100_DT_0_9 | Ep. 20/100 - Step 150/273 (2.35 it/s) |##########          | - loss_cc=4.613 - loss_ce=2.119 - loss_ne=0.019 - loss_div=0.0 - threshold=1.0 - loss=6.751
/scratch/e0538389/DivClust/engine/trainer.py:41: FutureWarning: `torch.cuda.amp.autocast(args...)` is deprecated. Please use `torch.amp.autocast('cuda', args...)` instead.
  with autocast(self.mixed_precision):
[2026-03-30 10:50:45](logger.py 179): id=CC_FMNIST_C10CFG_K20_E100_DT_0_9 | Ep. 20/100 - Step 175/273 (2.35 it/s) |############        | - loss_cc=4.615 - loss_ce=2.119 - loss_ne=0.0189 - loss_div=0.0 - threshold=1.0 - loss=6.753
/scratch/e0538389/DivClust/engine/trainer.py:41: FutureWarning: `torch.cuda.amp.autocast(args...)` is deprecated. Please use `torch.amp.autocast('cuda', args...)` instead.
  with autocast(self.mixed_precision):
[2026-03-30 10:50:56](logger.py 179): id=CC_FMNIST_C10CFG_K20_E100_DT_0_9 | Ep. 20/100 - Step 200/273 (2.34 it/s) |##############      | - loss_cc=4.615 - loss_ce=2.12 - loss_ne=0.0191 - loss_div=0.00025 - threshold=0.999 - loss=6.754
/scratch/e0538389/DivClust/engine/trainer.py:41: FutureWarning: `torch.cuda.amp.autocast(args...)` is deprecated. Please use `torch.amp.autocast('cuda', args...)` instead.
  with autocast(self.mixed_precision):
/scratch/e0538389/DivClust/engine/trainer.py:41: FutureWarning: `torch.cuda.amp.autocast(args...)` is deprecated. Please use `torch.amp.autocast('cuda', args...)` instead.
  with autocast(self.mixed_precision):
[2026-03-30 10:51:07](logger.py 179): id=CC_FMNIST_C10CFG_K20_E100_DT_0_9 | Ep. 20/100 - Step 225/273 (2.34 it/s) |################    | - loss_cc=4.614 - loss_ce=2.119 - loss_ne=0.0192 - loss_div=0.000222 - threshold=0.999 - loss=6.753
/scratch/e0538389/DivClust/engine/trainer.py:41: FutureWarning: `torch.cuda.amp.autocast(args...)` is deprecated. Please use `torch.amp.autocast('cuda', args...)` instead.
  with autocast(self.mixed_precision):
[2026-03-30 10:51:17](logger.py 179): id=CC_FMNIST_C10CFG_K20_E100_DT_0_9 | Ep. 20/100 - Step 250/273 (2.34 it/s) |##################  | - loss_cc=4.615 - loss_ce=2.119 - loss_ne=0.0193 - loss_div=0.0002 - threshold=0.999 - loss=6.753
/scratch/e0538389/DivClust/engine/trainer.py:41: FutureWarning: `torch.cuda.amp.autocast(args...)` is deprecated. Please use `torch.amp.autocast('cuda', args...)` instead.
  with autocast(self.mixed_precision):
[2026-03-30 10:51:27](logger.py 179): Evaluating
[2026-03-30 10:51:28](logger.py 179): Eval. step 0 of 274
[2026-03-30 10:51:30](logger.py 179): Eval. step 25 of 274
[2026-03-30 10:51:32](logger.py 179): Eval. step 50 of 274
[2026-03-30 10:51:35](logger.py 179): Eval. step 75 of 274
[2026-03-30 10:51:37](logger.py 179): Eval. step 100 of 274
[2026-03-30 10:51:39](logger.py 179): Eval. step 125 of 274
[2026-03-30 10:51:42](logger.py 179): Eval. step 150 of 274
[2026-03-30 10:51:44](logger.py 179): Eval. step 175 of 274
[2026-03-30 10:51:47](logger.py 179): Eval. step 200 of 274
[2026-03-30 10:51:49](logger.py 179): Eval. step 225 of 274
[2026-03-30 10:51:51](logger.py 179): Eval. step 250 of 274
[2026-03-30 10:51:55](logger.py 179): id=CC_FMNIST_C10CFG_K20_E100_DT_0_9 | Ep. 20/100 | Time: 00:02 | loss_cc=4.614 - loss_ce=2.119 - loss_ne=0.0193 - loss_div=0.000184 - threshold=0.999 - loss=6.753 - eval_confidence=0.899 - cluster_acc_0_eval=64.77 - cluster_nmi_0_eval=0.609 - cluster_ari_0_eval=0.506 - cluster_acc_1_eval=63.11 - cluster_nmi_1_eval=0.601 - cluster_ari_1_eval=0.49 - cluster_acc_2_eval=62.9 - cluster_nmi_2_eval=0.595 - cluster_ari_2_eval=0.487 - cluster_acc_3_eval=64.46 - cluster_nmi_3_eval=0.603 - cluster_ari_3_eval=0.496 - cluster_acc_4_eval=63.37 - cluster_nmi_4_eval=0.604 - cluster_ari_4_eval=0.499 - cluster_acc_5_eval=63.49 - cluster_nmi_5_eval=0.601 - cluster_ari_5_eval=0.496 - cluster_acc_6_eval=63.64 - cluster_nmi_6_eval=0.605 - cluster_ari_6_eval=0.498 - cluster_acc_7_eval=62.38 - cluster_nmi_7_eval=0.599 - cluster_ari_7_eval=0.496 - cluster_acc_8_eval=64.51 - cluster_nmi_8_eval=0.601 - cluster_ari_8_eval=0.494 - cluster_acc_9_eval=64.1 - cluster_nmi_9_eval=0.603 - cluster_ari_9_eval=0.501 - cluster_acc_10_eval=65.47 - cluster_nmi_10_eval=0.612 - cluster_ari_10_eval=0.51 - cluster_acc_11_eval=64.36 - cluster_nmi_11_eval=0.604 - cluster_ari_11_eval=0.5 - cluster_acc_12_eval=63.35 - cluster_nmi_12_eval=0.592 - cluster_ari_12_eval=0.486 - cluster_acc_13_eval=64.8 - cluster_nmi_13_eval=0.604 - cluster_ari_13_eval=0.497 - cluster_acc_14_eval=64.99 - cluster_nmi_14_eval=0.606 - cluster_ari_14_eval=0.499 - cluster_acc_15_eval=63.6 - cluster_nmi_15_eval=0.6 - cluster_ari_15_eval=0.498 - cluster_acc_16_eval=64.84 - cluster_nmi_16_eval=0.607 - cluster_ari_16_eval=0.501 - cluster_acc_17_eval=63.56 - cluster_nmi_17_eval=0.6 - cluster_ari_17_eval=0.496 - cluster_acc_18_eval=62.91 - cluster_nmi_18_eval=0.594 - cluster_ari_18_eval=0.486 - cluster_acc_19_eval=62.89 - cluster_nmi_19_eval=0.592 - cluster_ari_19_eval=0.488 - max_cluster_acc_eval=65.47 - mean_cluster_acc_eval=63.87 - min_cluster_acc_eval=62.38 - max_cluster_nmi_eval=0.612 - mean_cluster_nmi_eval=0.602 - min_cluster_nmi_eval=0.592 - max_cluster_ari_eval=0.51 - mean_cluster_ari_eval=0.496 - min_cluster_ari_eval=0.486 - interclustering_nmi_eval=0.874
/scratch/e0538389/DivClust/engine/trainer.py:41: FutureWarning: `torch.cuda.amp.autocast(args...)` is deprecated. Please use `torch.amp.autocast('cuda', args...)` instead.
  with autocast(self.mixed_precision):
[2026-03-30 10:51:57](logger.py 179): id=CC_FMNIST_C10CFG_K20_E100_DT_0_9 | Ep. 21/100 - Step 0/273 (0.0 it/s) |                    | - loss_cc=4.591 - loss_ce=2.108 - loss_ne=0.0127 - loss_div=0.0 - threshold=1.0 - loss=6.712
/scratch/e0538389/DivClust/engine/trainer.py:41: FutureWarning: `torch.cuda.amp.autocast(args...)` is deprecated. Please use `torch.amp.autocast('cuda', args...)` instead.
  with autocast(self.mixed_precision):
[2026-03-30 10:52:08](logger.py 179): id=CC_FMNIST_C10CFG_K20_E100_DT_0_9 | Ep. 21/100 - Step 25/273 (2.31 it/s) |#                   | - loss_cc=4.608 - loss_ce=2.116 - loss_ne=0.021 - loss_div=0.0 - threshold=1.0 - loss=6.745
/scratch/e0538389/DivClust/engine/trainer.py:41: FutureWarning: `torch.cuda.amp.autocast(args...)` is deprecated. Please use `torch.amp.autocast('cuda', args...)` instead.
  with autocast(self.mixed_precision):
/scratch/e0538389/DivClust/engine/trainer.py:41: FutureWarning: `torch.cuda.amp.autocast(args...)` is deprecated. Please use `torch.amp.autocast('cuda', args...)` instead.
  with autocast(self.mixed_precision):
[2026-03-30 10:52:19](logger.py 179): id=CC_FMNIST_C10CFG_K20_E100_DT_0_9 | Ep. 21/100 - Step 50/273 (2.27 it/s) |###                 | - loss_cc=4.61 - loss_ce=2.118 - loss_ne=0.0217 - loss_div=0.0 - threshold=1.0 - loss=6.75
/scratch/e0538389/DivClust/engine/trainer.py:41: FutureWarning: `torch.cuda.amp.autocast(args...)` is deprecated. Please use `torch.amp.autocast('cuda', args...)` instead.
  with autocast(self.mixed_precision):
[2026-03-30 10:52:30](logger.py 179): id=CC_FMNIST_C10CFG_K20_E100_DT_0_9 | Ep. 21/100 - Step 75/273 (2.29 it/s) |#####               | - loss_cc=4.609 - loss_ce=2.118 - loss_ne=0.0201 - loss_div=0.0 - threshold=1.0 - loss=6.747
/scratch/e0538389/DivClust/engine/trainer.py:41: FutureWarning: `torch.cuda.amp.autocast(args...)` is deprecated. Please use `torch.amp.autocast('cuda', args...)` instead.
  with autocast(self.mixed_precision):
[2026-03-30 10:52:41](logger.py 179): id=CC_FMNIST_C10CFG_K20_E100_DT_0_9 | Ep. 21/100 - Step 100/273 (2.3 it/s) |#######             | - loss_cc=4.609 - loss_ce=2.118 - loss_ne=0.0201 - loss_div=0.0 - threshold=1.0 - loss=6.747
/scratch/e0538389/DivClust/engine/trainer.py:41: FutureWarning: `torch.cuda.amp.autocast(args...)` is deprecated. Please use `torch.amp.autocast('cuda', args...)` instead.
  with autocast(self.mixed_precision):
[2026-03-30 10:52:52](logger.py 179): id=CC_FMNIST_C10CFG_K20_E100_DT_0_9 | Ep. 21/100 - Step 125/273 (2.3 it/s) |#########           | - loss_cc=4.611 - loss_ce=2.119 - loss_ne=0.0204 - loss_div=0.0 - threshold=1.0 - loss=6.75
/scratch/e0538389/DivClust/engine/trainer.py:41: FutureWarning: `torch.cuda.amp.autocast(args...)` is deprecated. Please use `torch.amp.autocast('cuda', args...)` instead.
  with autocast(self.mixed_precision):
/scratch/e0538389/DivClust/engine/trainer.py:41: FutureWarning: `torch.cuda.amp.autocast(args...)` is deprecated. Please use `torch.amp.autocast('cuda', args...)` instead.
  with autocast(self.mixed_precision):
[2026-03-30 10:53:03](logger.py 179): id=CC_FMNIST_C10CFG_K20_E100_DT_0_9 | Ep. 21/100 - Step 150/273 (2.29 it/s) |##########          | - loss_cc=4.613 - loss_ce=2.119 - loss_ne=0.0209 - loss_div=0.000413 - threshold=1.0 - loss=6.753
/scratch/e0538389/DivClust/engine/trainer.py:41: FutureWarning: `torch.cuda.amp.autocast(args...)` is deprecated. Please use `torch.amp.autocast('cuda', args...)` instead.
  with autocast(self.mixed_precision):
[2026-03-30 10:53:13](logger.py 179): id=CC_FMNIST_C10CFG_K20_E100_DT_0_9 | Ep. 21/100 - Step 175/273 (2.3 it/s) |############        | - loss_cc=4.613 - loss_ce=2.119 - loss_ne=0.0212 - loss_div=0.000358 - threshold=0.999 - loss=6.754
/scratch/e0538389/DivClust/engine/trainer.py:41: FutureWarning: `torch.cuda.amp.autocast(args...)` is deprecated. Please use `torch.amp.autocast('cuda', args...)` instead.
  with autocast(self.mixed_precision):
[2026-03-30 10:53:24](logger.py 179): id=CC_FMNIST_C10CFG_K20_E100_DT_0_9 | Ep. 21/100 - Step 200/273 (2.31 it/s) |##############      | - loss_cc=4.613 - loss_ce=2.12 - loss_ne=0.0213 - loss_div=0.000314 - threshold=0.999 - loss=6.754
/scratch/e0538389/DivClust/engine/trainer.py:41: FutureWarning: `torch.cuda.amp.autocast(args...)` is deprecated. Please use `torch.amp.autocast('cuda', args...)` instead.
  with autocast(self.mixed_precision):
[2026-03-30 10:53:34](logger.py 179): id=CC_FMNIST_C10CFG_K20_E100_DT_0_9 | Ep. 21/100 - Step 225/273 (2.32 it/s) |################    | - loss_cc=4.612 - loss_ce=2.119 - loss_ne=0.0212 - loss_div=0.000279 - threshold=0.999 - loss=6.753
/scratch/e0538389/DivClust/engine/trainer.py:41: FutureWarning: `torch.cuda.amp.autocast(args...)` is deprecated. Please use `torch.amp.autocast('cuda', args...)` instead.
  with autocast(self.mixed_precision):
/scratch/e0538389/DivClust/engine/trainer.py:41: FutureWarning: `torch.cuda.amp.autocast(args...)` is deprecated. Please use `torch.amp.autocast('cuda', args...)` instead.
  with autocast(self.mixed_precision):
[2026-03-30 10:53:45](logger.py 179): id=CC_FMNIST_C10CFG_K20_E100_DT_0_9 | Ep. 21/100 - Step 250/273 (2.32 it/s) |##################  | - loss_cc=4.613 - loss_ce=2.12 - loss_ne=0.0214 - loss_div=0.000251 - threshold=0.999 - loss=6.754
/scratch/e0538389/DivClust/engine/trainer.py:41: FutureWarning: `torch.cuda.amp.autocast(args...)` is deprecated. Please use `torch.amp.autocast('cuda', args...)` instead.
  with autocast(self.mixed_precision):
[2026-03-30 10:53:55](logger.py 179): id=CC_FMNIST_C10CFG_K20_E100_DT_0_9 | Ep. 21/100 | Time: 00:01 | loss_cc=4.613 - loss_ce=2.12 - loss_ne=0.0211 - loss_div=0.000231 - threshold=0.999 - loss=6.754
[2026-03-30 10:53:57](logger.py 179): id=CC_FMNIST_C10CFG_K20_E100_DT_0_9 | Ep. 22/100 - Step 0/273 (0.0 it/s) |                    | - loss_cc=4.635 - loss_ce=2.121 - loss_ne=0.018 - loss_div=0.0 - threshold=1.0 - loss=6.774
/scratch/e0538389/DivClust/engine/trainer.py:41: FutureWarning: `torch.cuda.amp.autocast(args...)` is deprecated. Please use `torch.amp.autocast('cuda', args...)` instead.
  with autocast(self.mixed_precision):
[2026-03-30 10:54:08](logger.py 179): id=CC_FMNIST_C10CFG_K20_E100_DT_0_9 | Ep. 22/100 - Step 25/273 (2.32 it/s) |#                   | - loss_cc=4.613 - loss_ce=2.119 - loss_ne=0.022 - loss_div=0.0 - threshold=1.0 - loss=6.753
/scratch/e0538389/DivClust/engine/trainer.py:41: FutureWarning: `torch.cuda.amp.autocast(args...)` is deprecated. Please use `torch.amp.autocast('cuda', args...)` instead.
  with autocast(self.mixed_precision):
[2026-03-30 10:54:19](logger.py 179): id=CC_FMNIST_C10CFG_K20_E100_DT_0_9 | Ep. 22/100 - Step 50/273 (2.32 it/s) |###                 | - loss_cc=4.614 - loss_ce=2.12 - loss_ne=0.0198 - loss_div=0.0 - threshold=1.0 - loss=6.754
/scratch/e0538389/DivClust/engine/trainer.py:41: FutureWarning: `torch.cuda.amp.autocast(args...)` is deprecated. Please use `torch.amp.autocast('cuda', args...)` instead.
  with autocast(self.mixed_precision):
/scratch/e0538389/DivClust/engine/trainer.py:41: FutureWarning: `torch.cuda.amp.autocast(args...)` is deprecated. Please use `torch.amp.autocast('cuda', args...)` instead.
  with autocast(self.mixed_precision):
[2026-03-30 10:54:30](logger.py 179): id=CC_FMNIST_C10CFG_K20_E100_DT_0_9 | Ep. 22/100 - Step 75/273 (2.32 it/s) |#####               | - loss_cc=4.61 - loss_ce=2.119 - loss_ne=0.0202 - loss_div=0.0 - threshold=1.0 - loss=6.749
/scratch/e0538389/DivClust/engine/trainer.py:41: FutureWarning: `torch.cuda.amp.autocast(args...)` is deprecated. Please use `torch.amp.autocast('cuda', args...)` instead.
  with autocast(self.mixed_precision):
[2026-03-30 10:54:40](logger.py 179): id=CC_FMNIST_C10CFG_K20_E100_DT_0_9 | Ep. 22/100 - Step 100/273 (2.34 it/s) |#######             | - loss_cc=4.611 - loss_ce=2.119 - loss_ne=0.0194 - loss_div=0.0 - threshold=1.0 - loss=6.75
/scratch/e0538389/DivClust/engine/trainer.py:41: FutureWarning: `torch.cuda.amp.autocast(args...)` is deprecated. Please use `torch.amp.autocast('cuda', args...)` instead.
  with autocast(self.mixed_precision):
[2026-03-30 10:54:51](logger.py 179): id=CC_FMNIST_C10CFG_K20_E100_DT_0_9 | Ep. 22/100 - Step 125/273 (2.35 it/s) |#########           | - loss_cc=4.611 - loss_ce=2.119 - loss_ne=0.0189 - loss_div=0.0 - threshold=1.0 - loss=6.749
/scratch/e0538389/DivClust/engine/trainer.py:41: FutureWarning: `torch.cuda.amp.autocast(args...)` is deprecated. Please use `torch.amp.autocast('cuda', args...)` instead.
  with autocast(self.mixed_precision):
[2026-03-30 10:55:01](logger.py 179): id=CC_FMNIST_C10CFG_K20_E100_DT_0_9 | Ep. 22/100 - Step 150/273 (2.34 it/s) |##########          | - loss_cc=4.609 - loss_ce=2.119 - loss_ne=0.0188 - loss_div=0.0 - threshold=1.0 - loss=6.747
/scratch/e0538389/DivClust/engine/trainer.py:41: FutureWarning: `torch.cuda.amp.autocast(args...)` is deprecated. Please use `torch.amp.autocast('cuda', args...)` instead.
  with autocast(self.mixed_precision):
/scratch/e0538389/DivClust/engine/trainer.py:41: FutureWarning: `torch.cuda.amp.autocast(args...)` is deprecated. Please use `torch.amp.autocast('cuda', args...)` instead.
  with autocast(self.mixed_precision):
[2026-03-30 10:55:12](logger.py 179): id=CC_FMNIST_C10CFG_K20_E100_DT_0_9 | Ep. 22/100 - Step 175/273 (2.33 it/s) |############        | - loss_cc=4.609 - loss_ce=2.119 - loss_ne=0.0189 - loss_div=0.000347 - threshold=0.999 - loss=6.747
/scratch/e0538389/DivClust/engine/trainer.py:41: FutureWarning: `torch.cuda.amp.autocast(args...)` is deprecated. Please use `torch.amp.autocast('cuda', args...)` instead.
  with autocast(self.mixed_precision):
[2026-03-30 10:55:23](logger.py 179): id=CC_FMNIST_C10CFG_K20_E100_DT_0_9 | Ep. 22/100 - Step 200/273 (2.33 it/s) |##############      | - loss_cc=4.609 - loss_ce=2.119 - loss_ne=0.0189 - loss_div=0.000304 - threshold=0.999 - loss=6.747
/scratch/e0538389/DivClust/engine/trainer.py:41: FutureWarning: `torch.cuda.amp.autocast(args...)` is deprecated. Please use `torch.amp.autocast('cuda', args...)` instead.
  with autocast(self.mixed_precision):
[2026-03-30 10:55:34](logger.py 179): id=CC_FMNIST_C10CFG_K20_E100_DT_0_9 | Ep. 22/100 - Step 225/273 (2.33 it/s) |################    | - loss_cc=4.608 - loss_ce=2.118 - loss_ne=0.0188 - loss_div=0.000271 - threshold=0.999 - loss=6.746
/scratch/e0538389/DivClust/engine/trainer.py:41: FutureWarning: `torch.cuda.amp.autocast(args...)` is deprecated. Please use `torch.amp.autocast('cuda', args...)` instead.
  with autocast(self.mixed_precision):
[2026-03-30 10:55:44](logger.py 179): id=CC_FMNIST_C10CFG_K20_E100_DT_0_9 | Ep. 22/100 - Step 250/273 (2.34 it/s) |##################  | - loss_cc=4.608 - loss_ce=2.118 - loss_ne=0.0187 - loss_div=0.000244 - threshold=0.999 - loss=6.745
/scratch/e0538389/DivClust/engine/trainer.py:41: FutureWarning: `torch.cuda.amp.autocast(args...)` is deprecated. Please use `torch.amp.autocast('cuda', args...)` instead.
  with autocast(self.mixed_precision):
[2026-03-30 10:55:54](logger.py 179): id=CC_FMNIST_C10CFG_K20_E100_DT_0_9 | Ep. 22/100 | Time: 00:01 | loss_cc=4.608 - loss_ce=2.118 - loss_ne=0.0187 - loss_div=0.000224 - threshold=0.999 - loss=6.745
[2026-03-30 10:55:56](logger.py 179): id=CC_FMNIST_C10CFG_K20_E100_DT_0_9 | Ep. 23/100 - Step 0/273 (0.0 it/s) |                    | - loss_cc=4.623 - loss_ce=2.111 - loss_ne=0.0129 - loss_div=0.0 - threshold=1.0 - loss=6.747
/scratch/e0538389/DivClust/engine/trainer.py:41: FutureWarning: `torch.cuda.amp.autocast(args...)` is deprecated. Please use `torch.amp.autocast('cuda', args...)` instead.
  with autocast(self.mixed_precision):
/scratch/e0538389/DivClust/engine/trainer.py:41: FutureWarning: `torch.cuda.amp.autocast(args...)` is deprecated. Please use `torch.amp.autocast('cuda', args...)` instead.
  with autocast(self.mixed_precision):
[2026-03-30 10:56:07](logger.py 179): id=CC_FMNIST_C10CFG_K20_E100_DT_0_9 | Ep. 23/100 - Step 25/273 (2.26 it/s) |#                   | - loss_cc=4.609 - loss_ce=2.118 - loss_ne=0.019 - loss_div=0.0 - threshold=1.0 - loss=6.745
/scratch/e0538389/DivClust/engine/trainer.py:41: FutureWarning: `torch.cuda.amp.autocast(args...)` is deprecated. Please use `torch.amp.autocast('cuda', args...)` instead.
  with autocast(self.mixed_precision):
[2026-03-30 10:56:18](logger.py 179): id=CC_FMNIST_C10CFG_K20_E100_DT_0_9 | Ep. 23/100 - Step 50/273 (2.31 it/s) |###                 | - loss_cc=4.609 - loss_ce=2.117 - loss_ne=0.0197 - loss_div=0.0 - threshold=1.0 - loss=6.746
/scratch/e0538389/DivClust/engine/trainer.py:41: FutureWarning: `torch.cuda.amp.autocast(args...)` is deprecated. Please use `torch.amp.autocast('cuda', args...)` instead.
  with autocast(self.mixed_precision):
[2026-03-30 10:56:28](logger.py 179): id=CC_FMNIST_C10CFG_K20_E100_DT_0_9 | Ep. 23/100 - Step 75/273 (2.34 it/s) |#####               | - loss_cc=4.607 - loss_ce=2.117 - loss_ne=0.0203 - loss_div=0.0 - threshold=1.0 - loss=6.744
/scratch/e0538389/DivClust/engine/trainer.py:41: FutureWarning: `torch.cuda.amp.autocast(args...)` is deprecated. Please use `torch.amp.autocast('cuda', args...)` instead.
  with autocast(self.mixed_precision):
[2026-03-30 10:56:39](logger.py 179): id=CC_FMNIST_C10CFG_K20_E100_DT_0_9 | Ep. 23/100 - Step 100/273 (2.35 it/s) |#######             | - loss_cc=4.604 - loss_ce=2.116 - loss_ne=0.0201 - loss_div=0.0 - threshold=1.0 - loss=6.74
/scratch/e0538389/DivClust/engine/trainer.py:41: FutureWarning: `torch.cuda.amp.autocast(args...)` is deprecated. Please use `torch.amp.autocast('cuda', args...)` instead.
  with autocast(self.mixed_precision):
/scratch/e0538389/DivClust/engine/trainer.py:41: FutureWarning: `torch.cuda.amp.autocast(args...)` is deprecated. Please use `torch.amp.autocast('cuda', args...)` instead.
  with autocast(self.mixed_precision):
[2026-03-30 10:56:49](logger.py 179): id=CC_FMNIST_C10CFG_K20_E100_DT_0_9 | Ep. 23/100 - Step 125/273 (2.34 it/s) |#########           | - loss_cc=4.603 - loss_ce=2.116 - loss_ne=0.0195 - loss_div=0.000362 - threshold=1.0 - loss=6.739
/scratch/e0538389/DivClust/engine/trainer.py:41: FutureWarning: `torch.cuda.amp.autocast(args...)` is deprecated. Please use `torch.amp.autocast('cuda', args...)` instead.
  with autocast(self.mixed_precision):
[2026-03-30 10:57:00](logger.py 179): id=CC_FMNIST_C10CFG_K20_E100_DT_0_9 | Ep. 23/100 - Step 150/273 (2.35 it/s) |##########          | - loss_cc=4.603 - loss_ce=2.116 - loss_ne=0.0196 - loss_div=0.000306 - threshold=0.999 - loss=6.739
/scratch/e0538389/DivClust/engine/trainer.py:41: FutureWarning: `torch.cuda.amp.autocast(args...)` is deprecated. Please use `torch.amp.autocast('cuda', args...)` instead.
  with autocast(self.mixed_precision):
[2026-03-30 10:57:10](logger.py 179): id=CC_FMNIST_C10CFG_K20_E100_DT_0_9 | Ep. 23/100 - Step 175/273 (2.36 it/s) |############        | - loss_cc=4.602 - loss_ce=2.116 - loss_ne=0.0188 - loss_div=0.000262 - threshold=0.999 - loss=6.737
/scratch/e0538389/DivClust/engine/trainer.py:41: FutureWarning: `torch.cuda.amp.autocast(args...)` is deprecated. Please use `torch.amp.autocast('cuda', args...)` instead.
  with autocast(self.mixed_precision):
[2026-03-30 10:57:21](logger.py 179): id=CC_FMNIST_C10CFG_K20_E100_DT_0_9 | Ep. 23/100 - Step 200/273 (2.36 it/s) |##############      | - loss_cc=4.602 - loss_ce=2.116 - loss_ne=0.0193 - loss_div=0.00023 - threshold=0.999 - loss=6.738
/scratch/e0538389/DivClust/engine/trainer.py:41: FutureWarning: `torch.cuda.amp.autocast(args...)` is deprecated. Please use `torch.amp.autocast('cuda', args...)` instead.
  with autocast(self.mixed_precision):
/scratch/e0538389/DivClust/engine/trainer.py:41: FutureWarning: `torch.cuda.amp.autocast(args...)` is deprecated. Please use `torch.amp.autocast('cuda', args...)` instead.
  with autocast(self.mixed_precision):
[2026-03-30 10:57:32](logger.py 179): id=CC_FMNIST_C10CFG_K20_E100_DT_0_9 | Ep. 23/100 - Step 225/273 (2.36 it/s) |################    | - loss_cc=4.603 - loss_ce=2.116 - loss_ne=0.0196 - loss_div=0.000204 - threshold=0.999 - loss=6.738
/scratch/e0538389/DivClust/engine/trainer.py:41: FutureWarning: `torch.cuda.amp.autocast(args...)` is deprecated. Please use `torch.amp.autocast('cuda', args...)` instead.
  with autocast(self.mixed_precision):
[2026-03-30 10:57:42](logger.py 179): id=CC_FMNIST_C10CFG_K20_E100_DT_0_9 | Ep. 23/100 - Step 250/273 (2.36 it/s) |##################  | - loss_cc=4.603 - loss_ce=2.116 - loss_ne=0.0194 - loss_div=0.000184 - threshold=0.999 - loss=6.738
/scratch/e0538389/DivClust/engine/trainer.py:41: FutureWarning: `torch.cuda.amp.autocast(args...)` is deprecated. Please use `torch.amp.autocast('cuda', args...)` instead.
  with autocast(self.mixed_precision):
[2026-03-30 10:57:52](logger.py 179): id=CC_FMNIST_C10CFG_K20_E100_DT_0_9 | Ep. 23/100 | Time: 00:01 | loss_cc=4.603 - loss_ce=2.116 - loss_ne=0.0195 - loss_div=0.000169 - threshold=0.999 - loss=6.738
[2026-03-30 10:57:54](logger.py 179): id=CC_FMNIST_C10CFG_K20_E100_DT_0_9 | Ep. 24/100 - Step 0/273 (0.0 it/s) |                    | - loss_cc=4.579 - loss_ce=2.109 - loss_ne=0.00835 - loss_div=0.0 - threshold=1.0 - loss=6.697
/scratch/e0538389/DivClust/engine/trainer.py:41: FutureWarning: `torch.cuda.amp.autocast(args...)` is deprecated. Please use `torch.amp.autocast('cuda', args...)` instead.
  with autocast(self.mixed_precision):
[2026-03-30 10:58:05](logger.py 179): id=CC_FMNIST_C10CFG_K20_E100_DT_0_9 | Ep. 24/100 - Step 25/273 (2.32 it/s) |#                   | - loss_cc=4.597 - loss_ce=2.113 - loss_ne=0.0168 - loss_div=0.0 - threshold=1.0 - loss=6.728
/scratch/e0538389/DivClust/engine/trainer.py:41: FutureWarning: `torch.cuda.amp.autocast(args...)` is deprecated. Please use `torch.amp.autocast('cuda', args...)` instead.
  with autocast(self.mixed_precision):
/scratch/e0538389/DivClust/engine/trainer.py:41: FutureWarning: `torch.cuda.amp.autocast(args...)` is deprecated. Please use `torch.amp.autocast('cuda', args...)` instead.
  with autocast(self.mixed_precision):
[2026-03-30 10:58:16](logger.py 179): id=CC_FMNIST_C10CFG_K20_E100_DT_0_9 | Ep. 24/100 - Step 50/273 (2.28 it/s) |###                 | - loss_cc=4.602 - loss_ce=2.115 - loss_ne=0.0194 - loss_div=0.000634 - threshold=0.996 - loss=6.738
/scratch/e0538389/DivClust/engine/trainer.py:41: FutureWarning: `torch.cuda.amp.autocast(args...)` is deprecated. Please use `torch.amp.autocast('cuda', args...)` instead.
  with autocast(self.mixed_precision):
[2026-03-30 10:58:27](logger.py 179): id=CC_FMNIST_C10CFG_K20_E100_DT_0_9 | Ep. 24/100 - Step 75/273 (2.3 it/s) |#####               | - loss_cc=4.601 - loss_ce=2.115 - loss_ne=0.0186 - loss_div=0.000426 - threshold=0.997 - loss=6.735
/scratch/e0538389/DivClust/engine/trainer.py:41: FutureWarning: `torch.cuda.amp.autocast(args...)` is deprecated. Please use `torch.amp.autocast('cuda', args...)` instead.
  with autocast(self.mixed_precision):
[2026-03-30 10:58:38](logger.py 179): id=CC_FMNIST_C10CFG_K20_E100_DT_0_9 | Ep. 24/100 - Step 100/273 (2.3 it/s) |#######             | - loss_cc=4.599 - loss_ce=2.114 - loss_ne=0.0196 - loss_div=0.00032 - threshold=0.998 - loss=6.733
/scratch/e0538389/DivClust/engine/trainer.py:41: FutureWarning: `torch.cuda.amp.autocast(args...)` is deprecated. Please use `torch.amp.autocast('cuda', args...)` instead.
  with autocast(self.mixed_precision):
[2026-03-30 10:58:48](logger.py 179): id=CC_FMNIST_C10CFG_K20_E100_DT_0_9 | Ep. 24/100 - Step 125/273 (2.31 it/s) |#########           | - loss_cc=4.6 - loss_ce=2.115 - loss_ne=0.0192 - loss_div=0.000257 - threshold=0.998 - loss=6.734
/scratch/e0538389/DivClust/engine/trainer.py:41: FutureWarning: `torch.cuda.amp.autocast(args...)` is deprecated. Please use `torch.amp.autocast('cuda', args...)` instead.
  with autocast(self.mixed_precision):
/scratch/e0538389/DivClust/engine/trainer.py:41: FutureWarning: `torch.cuda.amp.autocast(args...)` is deprecated. Please use `torch.amp.autocast('cuda', args...)` instead.
  with autocast(self.mixed_precision):
[2026-03-30 10:59:00](logger.py 179): id=CC_FMNIST_C10CFG_K20_E100_DT_0_9 | Ep. 24/100 - Step 150/273 (2.3 it/s) |##########          | - loss_cc=4.598 - loss_ce=2.114 - loss_ne=0.0189 - loss_div=0.000214 - threshold=0.999 - loss=6.732
/scratch/e0538389/DivClust/engine/trainer.py:41: FutureWarning: `torch.cuda.amp.autocast(args...)` is deprecated. Please use `torch.amp.autocast('cuda', args...)` instead.
  with autocast(self.mixed_precision):
[2026-03-30 10:59:10](logger.py 179): id=CC_FMNIST_C10CFG_K20_E100_DT_0_9 | Ep. 24/100 - Step 175/273 (2.3 it/s) |############        | - loss_cc=4.598 - loss_ce=2.114 - loss_ne=0.0187 - loss_div=0.000184 - threshold=0.999 - loss=6.732
/scratch/e0538389/DivClust/engine/trainer.py:41: FutureWarning: `torch.cuda.amp.autocast(args...)` is deprecated. Please use `torch.amp.autocast('cuda', args...)` instead.
  with autocast(self.mixed_precision):
[2026-03-30 10:59:21](logger.py 179): id=CC_FMNIST_C10CFG_K20_E100_DT_0_9 | Ep. 24/100 - Step 200/273 (2.3 it/s) |##############      | - loss_cc=4.598 - loss_ce=2.114 - loss_ne=0.0187 - loss_div=0.000161 - threshold=0.999 - loss=6.731
/scratch/e0538389/DivClust/engine/trainer.py:41: FutureWarning: `torch.cuda.amp.autocast(args...)` is deprecated. Please use `torch.amp.autocast('cuda', args...)` instead.
  with autocast(self.mixed_precision):
[2026-03-30 10:59:32](logger.py 179): id=CC_FMNIST_C10CFG_K20_E100_DT_0_9 | Ep. 24/100 - Step 225/273 (2.3 it/s) |################    | - loss_cc=4.599 - loss_ce=2.114 - loss_ne=0.0183 - loss_div=0.000143 - threshold=0.999 - loss=6.731
/scratch/e0538389/DivClust/engine/trainer.py:41: FutureWarning: `torch.cuda.amp.autocast(args...)` is deprecated. Please use `torch.amp.autocast('cuda', args...)` instead.
  with autocast(self.mixed_precision):
/scratch/e0538389/DivClust/engine/trainer.py:41: FutureWarning: `torch.cuda.amp.autocast(args...)` is deprecated. Please use `torch.amp.autocast('cuda', args...)` instead.
  with autocast(self.mixed_precision):
[2026-03-30 10:59:43](logger.py 179): id=CC_FMNIST_C10CFG_K20_E100_DT_0_9 | Ep. 24/100 - Step 250/273 (2.3 it/s) |##################  | - loss_cc=4.598 - loss_ce=2.114 - loss_ne=0.0182 - loss_div=0.000129 - threshold=0.999 - loss=6.731
/scratch/e0538389/DivClust/engine/trainer.py:41: FutureWarning: `torch.cuda.amp.autocast(args...)` is deprecated. Please use `torch.amp.autocast('cuda', args...)` instead.
  with autocast(self.mixed_precision):
[2026-03-30 10:59:53](logger.py 179): id=CC_FMNIST_C10CFG_K20_E100_DT_0_9 | Ep. 24/100 | Time: 00:01 | loss_cc=4.599 - loss_ce=2.114 - loss_ne=0.0181 - loss_div=0.000244 - threshold=0.999 - loss=6.732
[2026-03-30 10:59:55](logger.py 179): id=CC_FMNIST_C10CFG_K20_E100_DT_0_9 | Ep. 25/100 - Step 0/273 (0.0 it/s) |                    | - loss_cc=4.638 - loss_ce=2.132 - loss_ne=0.0464 - loss_div=0.000412 - threshold=0.99 - loss=6.817
/scratch/e0538389/DivClust/engine/trainer.py:41: FutureWarning: `torch.cuda.amp.autocast(args...)` is deprecated. Please use `torch.amp.autocast('cuda', args...)` instead.
  with autocast(self.mixed_precision):
[2026-03-30 11:00:06](logger.py 179): id=CC_FMNIST_C10CFG_K20_E100_DT_0_9 | Ep. 25/100 - Step 25/273 (2.32 it/s) |#                   | - loss_cc=4.603 - loss_ce=2.118 - loss_ne=0.0245 - loss_div=1.77e-05 - threshold=0.994 - loss=6.746
/scratch/e0538389/DivClust/engine/trainer.py:41: FutureWarning: `torch.cuda.amp.autocast(args...)` is deprecated. Please use `torch.amp.autocast('cuda', args...)` instead.
  with autocast(self.mixed_precision):
[2026-03-30 11:00:17](logger.py 179): id=CC_FMNIST_C10CFG_K20_E100_DT_0_9 | Ep. 25/100 - Step 50/273 (2.35 it/s) |###                 | - loss_cc=4.599 - loss_ce=2.115 - loss_ne=0.0217 - loss_div=9e-06 - threshold=0.997 - loss=6.736
/scratch/e0538389/DivClust/engine/trainer.py:41: FutureWarning: `torch.cuda.amp.autocast(args...)` is deprecated. Please use `torch.amp.autocast('cuda', args...)` instead.
  with autocast(self.mixed_precision):
[2026-03-30 11:00:27](logger.py 179): id=CC_FMNIST_C10CFG_K20_E100_DT_0_9 | Ep. 25/100 - Step 75/273 (2.34 it/s) |#####               | - loss_cc=4.6 - loss_ce=2.116 - loss_ne=0.0205 - loss_div=6.04e-06 - threshold=0.998 - loss=6.736
/scratch/e0538389/DivClust/engine/trainer.py:41: FutureWarning: `torch.cuda.amp.autocast(args...)` is deprecated. Please use `torch.amp.autocast('cuda', args...)` instead.
  with autocast(self.mixed_precision):
/scratch/e0538389/DivClust/engine/trainer.py:41: FutureWarning: `torch.cuda.amp.autocast(args...)` is deprecated. Please use `torch.amp.autocast('cuda', args...)` instead.
  with autocast(self.mixed_precision):
[2026-03-30 11:00:38](logger.py 179): id=CC_FMNIST_C10CFG_K20_E100_DT_0_9 | Ep. 25/100 - Step 100/273 (2.35 it/s) |#######             | - loss_cc=4.599 - loss_ce=2.115 - loss_ne=0.0199 - loss_div=4.54e-06 - threshold=0.998 - loss=6.734
/scratch/e0538389/DivClust/engine/trainer.py:41: FutureWarning: `torch.cuda.amp.autocast(args...)` is deprecated. Please use `torch.amp.autocast('cuda', args...)` instead.
  with autocast(self.mixed_precision):
[2026-03-30 11:00:49](logger.py 179): id=CC_FMNIST_C10CFG_K20_E100_DT_0_9 | Ep. 25/100 - Step 125/273 (2.35 it/s) |#########           | - loss_cc=4.598 - loss_ce=2.115 - loss_ne=0.0194 - loss_div=3.64e-06 - threshold=0.999 - loss=6.733
/scratch/e0538389/DivClust/engine/trainer.py:41: FutureWarning: `torch.cuda.amp.autocast(args...)` is deprecated. Please use `torch.amp.autocast('cuda', args...)` instead.
  with autocast(self.mixed_precision):
[2026-03-30 11:00:59](logger.py 179): id=CC_FMNIST_C10CFG_K20_E100_DT_0_9 | Ep. 25/100 - Step 150/273 (2.34 it/s) |##########          | - loss_cc=4.598 - loss_ce=2.115 - loss_ne=0.0196 - loss_div=3.04e-06 - threshold=0.999 - loss=6.733
/scratch/e0538389/DivClust/engine/trainer.py:41: FutureWarning: `torch.cuda.amp.autocast(args...)` is deprecated. Please use `torch.amp.autocast('cuda', args...)` instead.
  with autocast(self.mixed_precision):
[2026-03-30 11:01:11](logger.py 179): id=CC_FMNIST_C10CFG_K20_E100_DT_0_9 | Ep. 25/100 - Step 175/273 (2.33 it/s) |############        | - loss_cc=4.6 - loss_ce=2.115 - loss_ne=0.0197 - loss_div=2.61e-06 - threshold=0.999 - loss=6.735
/scratch/e0538389/DivClust/engine/trainer.py:41: FutureWarning: `torch.cuda.amp.autocast(args...)` is deprecated. Please use `torch.amp.autocast('cuda', args...)` instead.
  with autocast(self.mixed_precision):
/scratch/e0538389/DivClust/engine/trainer.py:41: FutureWarning: `torch.cuda.amp.autocast(args...)` is deprecated. Please use `torch.amp.autocast('cuda', args...)` instead.
  with autocast(self.mixed_precision):
[2026-03-30 11:01:21](logger.py 179): id=CC_FMNIST_C10CFG_K20_E100_DT_0_9 | Ep. 25/100 - Step 200/273 (2.33 it/s) |##############      | - loss_cc=4.599 - loss_ce=2.115 - loss_ne=0.0193 - loss_div=2.28e-06 - threshold=0.999 - loss=6.733
/scratch/e0538389/DivClust/engine/trainer.py:41: FutureWarning: `torch.cuda.amp.autocast(args...)` is deprecated. Please use `torch.amp.autocast('cuda', args...)` instead.
  with autocast(self.mixed_precision):
[2026-03-30 11:01:32](logger.py 179): id=CC_FMNIST_C10CFG_K20_E100_DT_0_9 | Ep. 25/100 - Step 225/273 (2.33 it/s) |################    | - loss_cc=4.598 - loss_ce=2.115 - loss_ne=0.0191 - loss_div=0.000213 - threshold=0.999 - loss=6.732
/scratch/e0538389/DivClust/engine/trainer.py:41: FutureWarning: `torch.cuda.amp.autocast(args...)` is deprecated. Please use `torch.amp.autocast('cuda', args...)` instead.
  with autocast(self.mixed_precision):
[2026-03-30 11:01:43](logger.py 179): id=CC_FMNIST_C10CFG_K20_E100_DT_0_9 | Ep. 25/100 - Step 250/273 (2.32 it/s) |##################  | - loss_cc=4.598 - loss_ce=2.115 - loss_ne=0.0192 - loss_div=0.000192 - threshold=0.999 - loss=6.732
/scratch/e0538389/DivClust/engine/trainer.py:41: FutureWarning: `torch.cuda.amp.autocast(args...)` is deprecated. Please use `torch.amp.autocast('cuda', args...)` instead.
  with autocast(self.mixed_precision):
[2026-03-30 11:01:52](logger.py 179): id=CC_FMNIST_C10CFG_K20_E100_DT_0_9 | Ep. 25/100 | Time: 00:01 | loss_cc=4.598 - loss_ce=2.115 - loss_ne=0.0191 - loss_div=0.000177 - threshold=0.999 - loss=6.732
[2026-03-30 11:01:55](logger.py 179): id=CC_FMNIST_C10CFG_K20_E100_DT_0_9 | Ep. 26/100 - Step 0/273 (0.0 it/s) |                    | - loss_cc=4.563 - loss_ce=2.096 - loss_ne=0.0123 - loss_div=0.0 - threshold=1.0 - loss=6.671
/scratch/e0538389/DivClust/engine/trainer.py:41: FutureWarning: `torch.cuda.amp.autocast(args...)` is deprecated. Please use `torch.amp.autocast('cuda', args...)` instead.
  with autocast(self.mixed_precision):
/scratch/e0538389/DivClust/engine/trainer.py:41: FutureWarning: `torch.cuda.amp.autocast(args...)` is deprecated. Please use `torch.amp.autocast('cuda', args...)` instead.
  with autocast(self.mixed_precision):
[2026-03-30 11:02:06](logger.py 179): id=CC_FMNIST_C10CFG_K20_E100_DT_0_9 | Ep. 26/100 - Step 25/273 (2.22 it/s) |#                   | - loss_cc=4.594 - loss_ce=2.112 - loss_ne=0.0206 - loss_div=0.0 - threshold=1.0 - loss=6.727
/scratch/e0538389/DivClust/engine/trainer.py:41: FutureWarning: `torch.cuda.amp.autocast(args...)` is deprecated. Please use `torch.amp.autocast('cuda', args...)` instead.
  with autocast(self.mixed_precision):
[2026-03-30 11:02:17](logger.py 179): id=CC_FMNIST_C10CFG_K20_E100_DT_0_9 | Ep. 26/100 - Step 50/273 (2.27 it/s) |###                 | - loss_cc=4.591 - loss_ce=2.112 - loss_ne=0.0181 - loss_div=0.0 - threshold=1.0 - loss=6.721
/scratch/e0538389/DivClust/engine/trainer.py:41: FutureWarning: `torch.cuda.amp.autocast(args...)` is deprecated. Please use `torch.amp.autocast('cuda', args...)` instead.
  with autocast(self.mixed_precision):
[2026-03-30 11:02:28](logger.py 179): id=CC_FMNIST_C10CFG_K20_E100_DT_0_9 | Ep. 26/100 - Step 75/273 (2.28 it/s) |#####               | - loss_cc=4.593 - loss_ce=2.112 - loss_ne=0.0188 - loss_div=0.0 - threshold=1.0 - loss=6.724
/scratch/e0538389/DivClust/engine/trainer.py:41: FutureWarning: `torch.cuda.amp.autocast(args...)` is deprecated. Please use `torch.amp.autocast('cuda', args...)` instead.
  with autocast(self.mixed_precision):
[2026-03-30 11:02:39](logger.py 179): id=CC_FMNIST_C10CFG_K20_E100_DT_0_9 | Ep. 26/100 - Step 100/273 (2.29 it/s) |#######             | - loss_cc=4.595 - loss_ce=2.113 - loss_ne=0.0183 - loss_div=0.0 - threshold=1.0 - loss=6.726
/scratch/e0538389/DivClust/engine/trainer.py:41: FutureWarning: `torch.cuda.amp.autocast(args...)` is deprecated. Please use `torch.amp.autocast('cuda', args...)` instead.
  with autocast(self.mixed_precision):
/scratch/e0538389/DivClust/engine/trainer.py:41: FutureWarning: `torch.cuda.amp.autocast(args...)` is deprecated. Please use `torch.amp.autocast('cuda', args...)` instead.
  with autocast(self.mixed_precision):
[2026-03-30 11:02:50](logger.py 179): id=CC_FMNIST_C10CFG_K20_E100_DT_0_9 | Ep. 26/100 - Step 125/273 (2.28 it/s) |#########           | - loss_cc=4.594 - loss_ce=2.113 - loss_ne=0.0185 - loss_div=0.0 - threshold=1.0 - loss=6.726
/scratch/e0538389/DivClust/engine/trainer.py:41: FutureWarning: `torch.cuda.amp.autocast(args...)` is deprecated. Please use `torch.amp.autocast('cuda', args...)` instead.
  with autocast(self.mixed_precision):
[2026-03-30 11:03:01](logger.py 179): id=CC_FMNIST_C10CFG_K20_E100_DT_0_9 | Ep. 26/100 - Step 150/273 (2.29 it/s) |##########          | - loss_cc=4.594 - loss_ce=2.113 - loss_ne=0.0187 - loss_div=0.0 - threshold=1.0 - loss=6.725
/scratch/e0538389/DivClust/engine/trainer.py:41: FutureWarning: `torch.cuda.amp.autocast(args...)` is deprecated. Please use `torch.amp.autocast('cuda', args...)` instead.
  with autocast(self.mixed_precision):
[2026-03-30 11:03:12](logger.py 179): id=CC_FMNIST_C10CFG_K20_E100_DT_0_9 | Ep. 26/100 - Step 175/273 (2.29 it/s) |############        | - loss_cc=4.595 - loss_ce=2.114 - loss_ne=0.019 - loss_div=0.000115 - threshold=0.999 - loss=6.728
/scratch/e0538389/DivClust/engine/trainer.py:41: FutureWarning: `torch.cuda.amp.autocast(args...)` is deprecated. Please use `torch.amp.autocast('cuda', args...)` instead.
  with autocast(self.mixed_precision):
[2026-03-30 11:03:22](logger.py 179): id=CC_FMNIST_C10CFG_K20_E100_DT_0_9 | Ep. 26/100 - Step 200/273 (2.3 it/s) |##############      | - loss_cc=4.595 - loss_ce=2.114 - loss_ne=0.0188 - loss_div=0.000102 - threshold=0.999 - loss=6.728
/scratch/e0538389/DivClust/engine/trainer.py:41: FutureWarning: `torch.cuda.amp.autocast(args...)` is deprecated. Please use `torch.amp.autocast('cuda', args...)` instead.
  with autocast(self.mixed_precision):
/scratch/e0538389/DivClust/engine/trainer.py:41: FutureWarning: `torch.cuda.amp.autocast(args...)` is deprecated. Please use `torch.amp.autocast('cuda', args...)` instead.
  with autocast(self.mixed_precision):
[2026-03-30 11:03:33](logger.py 179): id=CC_FMNIST_C10CFG_K20_E100_DT_0_9 | Ep. 26/100 - Step 225/273 (2.29 it/s) |################    | - loss_cc=4.595 - loss_ce=2.114 - loss_ne=0.0186 - loss_div=9.11e-05 - threshold=0.999 - loss=6.727
/scratch/e0538389/DivClust/engine/trainer.py:41: FutureWarning: `torch.cuda.amp.autocast(args...)` is deprecated. Please use `torch.amp.autocast('cuda', args...)` instead.
  with autocast(self.mixed_precision):
[2026-03-30 11:03:44](logger.py 179): id=CC_FMNIST_C10CFG_K20_E100_DT_0_9 | Ep. 26/100 - Step 250/273 (2.3 it/s) |##################  | - loss_cc=4.596 - loss_ce=2.114 - loss_ne=0.0185 - loss_div=8.2e-05 - threshold=0.999 - loss=6.728
/scratch/e0538389/DivClust/engine/trainer.py:41: FutureWarning: `torch.cuda.amp.autocast(args...)` is deprecated. Please use `torch.amp.autocast('cuda', args...)` instead.
  with autocast(self.mixed_precision):
[2026-03-30 11:03:53](logger.py 179): id=CC_FMNIST_C10CFG_K20_E100_DT_0_9 | Ep. 26/100 | Time: 00:01 | loss_cc=4.595 - loss_ce=2.114 - loss_ne=0.0184 - loss_div=7.54e-05 - threshold=0.999 - loss=6.728
[2026-03-30 11:03:55](logger.py 179): id=CC_FMNIST_C10CFG_K20_E100_DT_0_9 | Ep. 27/100 - Step 0/273 (0.0 it/s) |                    | - loss_cc=4.567 - loss_ce=2.102 - loss_ne=0.0191 - loss_div=0.0 - threshold=1.0 - loss=6.688
/scratch/e0538389/DivClust/engine/trainer.py:41: FutureWarning: `torch.cuda.amp.autocast(args...)` is deprecated. Please use `torch.amp.autocast('cuda', args...)` instead.
  with autocast(self.mixed_precision):
[2026-03-30 11:04:06](logger.py 179): id=CC_FMNIST_C10CFG_K20_E100_DT_0_9 | Ep. 27/100 - Step 25/273 (2.31 it/s) |#                   | - loss_cc=4.593 - loss_ce=2.113 - loss_ne=0.0193 - loss_div=0.0 - threshold=1.0 - loss=6.725
/scratch/e0538389/DivClust/engine/trainer.py:41: FutureWarning: `torch.cuda.amp.autocast(args...)` is deprecated. Please use `torch.amp.autocast('cuda', args...)` instead.
  with autocast(self.mixed_precision):
/scratch/e0538389/DivClust/engine/trainer.py:41: FutureWarning: `torch.cuda.amp.autocast(args...)` is deprecated. Please use `torch.amp.autocast('cuda', args...)` instead.
  with autocast(self.mixed_precision):
[2026-03-30 11:04:17](logger.py 179): id=CC_FMNIST_C10CFG_K20_E100_DT_0_9 | Ep. 27/100 - Step 50/273 (2.29 it/s) |###                 | - loss_cc=4.593 - loss_ce=2.112 - loss_ne=0.018 - loss_div=0.0 - threshold=1.0 - loss=6.724
/scratch/e0538389/DivClust/engine/trainer.py:41: FutureWarning: `torch.cuda.amp.autocast(args...)` is deprecated. Please use `torch.amp.autocast('cuda', args...)` instead.
  with autocast(self.mixed_precision):
[2026-03-30 11:04:27](logger.py 179): id=CC_FMNIST_C10CFG_K20_E100_DT_0_9 | Ep. 27/100 - Step 75/273 (2.32 it/s) |#####               | - loss_cc=4.593 - loss_ce=2.112 - loss_ne=0.0185 - loss_div=0.0 - threshold=1.0 - loss=6.724
/scratch/e0538389/DivClust/engine/trainer.py:41: FutureWarning: `torch.cuda.amp.autocast(args...)` is deprecated. Please use `torch.amp.autocast('cuda', args...)` instead.
  with autocast(self.mixed_precision):
[2026-03-30 11:04:38](logger.py 179): id=CC_FMNIST_C10CFG_K20_E100_DT_0_9 | Ep. 27/100 - Step 100/273 (2.32 it/s) |#######             | - loss_cc=4.595 - loss_ce=2.113 - loss_ne=0.0186 - loss_div=0.0 - threshold=1.0 - loss=6.726
/scratch/e0538389/DivClust/engine/trainer.py:41: FutureWarning: `torch.cuda.amp.autocast(args...)` is deprecated. Please use `torch.amp.autocast('cuda', args...)` instead.
  with autocast(self.mixed_precision):
[2026-03-30 11:04:49](logger.py 179): id=CC_FMNIST_C10CFG_K20_E100_DT_0_9 | Ep. 27/100 - Step 125/273 (2.32 it/s) |#########           | - loss_cc=4.595 - loss_ce=2.113 - loss_ne=0.0191 - loss_div=0.000227 - threshold=0.999 - loss=6.727
/scratch/e0538389/DivClust/engine/trainer.py:41: FutureWarning: `torch.cuda.amp.autocast(args...)` is deprecated. Please use `torch.amp.autocast('cuda', args...)` instead.
  with autocast(self.mixed_precision):
/scratch/e0538389/DivClust/engine/trainer.py:41: FutureWarning: `torch.cuda.amp.autocast(args...)` is deprecated. Please use `torch.amp.autocast('cuda', args...)` instead.
  with autocast(self.mixed_precision):
[2026-03-30 11:05:00](logger.py 179): id=CC_FMNIST_C10CFG_K20_E100_DT_0_9 | Ep. 27/100 - Step 150/273 (2.3 it/s) |##########          | - loss_cc=4.595 - loss_ce=2.113 - loss_ne=0.0191 - loss_div=0.00019 - threshold=0.999 - loss=6.727
/scratch/e0538389/DivClust/engine/trainer.py:41: FutureWarning: `torch.cuda.amp.autocast(args...)` is deprecated. Please use `torch.amp.autocast('cuda', args...)` instead.
  with autocast(self.mixed_precision):
[2026-03-30 11:05:11](logger.py 179): id=CC_FMNIST_C10CFG_K20_E100_DT_0_9 | Ep. 27/100 - Step 175/273 (2.31 it/s) |############        | - loss_cc=4.595 - loss_ce=2.113 - loss_ne=0.0192 - loss_div=0.000163 - threshold=0.999 - loss=6.727
/scratch/e0538389/DivClust/engine/trainer.py:41: FutureWarning: `torch.cuda.amp.autocast(args...)` is deprecated. Please use `torch.amp.autocast('cuda', args...)` instead.
  with autocast(self.mixed_precision):
[2026-03-30 11:05:22](logger.py 179): id=CC_FMNIST_C10CFG_K20_E100_DT_0_9 | Ep. 27/100 - Step 200/273 (2.31 it/s) |##############      | - loss_cc=4.594 - loss_ce=2.113 - loss_ne=0.0193 - loss_div=0.000143 - threshold=0.999 - loss=6.726
/scratch/e0538389/DivClust/engine/trainer.py:41: FutureWarning: `torch.cuda.amp.autocast(args...)` is deprecated. Please use `torch.amp.autocast('cuda', args...)` instead.
  with autocast(self.mixed_precision):
[2026-03-30 11:05:32](logger.py 179): id=CC_FMNIST_C10CFG_K20_E100_DT_0_9 | Ep. 27/100 - Step 225/273 (2.31 it/s) |################    | - loss_cc=4.594 - loss_ce=2.113 - loss_ne=0.0196 - loss_div=0.000127 - threshold=0.999 - loss=6.727
/scratch/e0538389/DivClust/engine/trainer.py:41: FutureWarning: `torch.cuda.amp.autocast(args...)` is deprecated. Please use `torch.amp.autocast('cuda', args...)` instead.
  with autocast(self.mixed_precision):
/scratch/e0538389/DivClust/engine/trainer.py:41: FutureWarning: `torch.cuda.amp.autocast(args...)` is deprecated. Please use `torch.amp.autocast('cuda', args...)` instead.
  with autocast(self.mixed_precision):
[2026-03-30 11:05:44](logger.py 179): id=CC_FMNIST_C10CFG_K20_E100_DT_0_9 | Ep. 27/100 - Step 250/273 (2.3 it/s) |##################  | - loss_cc=4.594 - loss_ce=2.113 - loss_ne=0.0195 - loss_div=0.000114 - threshold=0.999 - loss=6.727
/scratch/e0538389/DivClust/engine/trainer.py:41: FutureWarning: `torch.cuda.amp.autocast(args...)` is deprecated. Please use `torch.amp.autocast('cuda', args...)` instead.
  with autocast(self.mixed_precision):
[2026-03-30 11:05:53](logger.py 179): id=CC_FMNIST_C10CFG_K20_E100_DT_0_9 | Ep. 27/100 | Time: 00:01 | loss_cc=4.593 - loss_ce=2.113 - loss_ne=0.0195 - loss_div=0.000105 - threshold=0.999 - loss=6.726
[2026-03-30 11:05:56](logger.py 179): id=CC_FMNIST_C10CFG_K20_E100_DT_0_9 | Ep. 28/100 - Step 0/273 (0.0 it/s) |                    | - loss_cc=4.577 - loss_ce=2.124 - loss_ne=0.0122 - loss_div=0.0 - threshold=1.0 - loss=6.713
/scratch/e0538389/DivClust/engine/trainer.py:41: FutureWarning: `torch.cuda.amp.autocast(args...)` is deprecated. Please use `torch.amp.autocast('cuda', args...)` instead.
  with autocast(self.mixed_precision):
[2026-03-30 11:06:06](logger.py 179): id=CC_FMNIST_C10CFG_K20_E100_DT_0_9 | Ep. 28/100 - Step 25/273 (2.37 it/s) |#                   | - loss_cc=4.589 - loss_ce=2.112 - loss_ne=0.0167 - loss_div=0.0 - threshold=1.0 - loss=6.717
/scratch/e0538389/DivClust/engine/trainer.py:41: FutureWarning: `torch.cuda.amp.autocast(args...)` is deprecated. Please use `torch.amp.autocast('cuda', args...)` instead.
  with autocast(self.mixed_precision):
[2026-03-30 11:06:17](logger.py 179): id=CC_FMNIST_C10CFG_K20_E100_DT_0_9 | Ep. 28/100 - Step 50/273 (2.36 it/s) |###                 | - loss_cc=4.591 - loss_ce=2.113 - loss_ne=0.017 - loss_div=0.0 - threshold=1.0 - loss=6.721
/scratch/e0538389/DivClust/engine/trainer.py:41: FutureWarning: `torch.cuda.amp.autocast(args...)` is deprecated. Please use `torch.amp.autocast('cuda', args...)` instead.
  with autocast(self.mixed_precision):
[2026-03-30 11:06:28](logger.py 179): id=CC_FMNIST_C10CFG_K20_E100_DT_0_9 | Ep. 28/100 - Step 75/273 (2.35 it/s) |#####               | - loss_cc=4.592 - loss_ce=2.113 - loss_ne=0.0175 - loss_div=0.0 - threshold=1.0 - loss=6.722
/scratch/e0538389/DivClust/engine/trainer.py:41: FutureWarning: `torch.cuda.amp.autocast(args...)` is deprecated. Please use `torch.amp.autocast('cuda', args...)` instead.
  with autocast(self.mixed_precision):
/scratch/e0538389/DivClust/engine/trainer.py:41: FutureWarning: `torch.cuda.amp.autocast(args...)` is deprecated. Please use `torch.amp.autocast('cuda', args...)` instead.
  with autocast(self.mixed_precision):
[2026-03-30 11:06:39](logger.py 179): id=CC_FMNIST_C10CFG_K20_E100_DT_0_9 | Ep. 28/100 - Step 100/273 (2.32 it/s) |#######             | - loss_cc=4.593 - loss_ce=2.114 - loss_ne=0.0178 - loss_div=0.000341 - threshold=0.998 - loss=6.724
/scratch/e0538389/DivClust/engine/trainer.py:41: FutureWarning: `torch.cuda.amp.autocast(args...)` is deprecated. Please use `torch.amp.autocast('cuda', args...)` instead.
  with autocast(self.mixed_precision):
[2026-03-30 11:06:49](logger.py 179): id=CC_FMNIST_C10CFG_K20_E100_DT_0_9 | Ep. 28/100 - Step 125/273 (2.33 it/s) |#########           | - loss_cc=4.591 - loss_ce=2.113 - loss_ne=0.0175 - loss_div=0.000273 - threshold=0.998 - loss=6.722
/scratch/e0538389/DivClust/engine/trainer.py:41: FutureWarning: `torch.cuda.amp.autocast(args...)` is deprecated. Please use `torch.amp.autocast('cuda', args...)` instead.
  with autocast(self.mixed_precision):
[2026-03-30 11:07:00](logger.py 179): id=CC_FMNIST_C10CFG_K20_E100_DT_0_9 | Ep. 28/100 - Step 150/273 (2.33 it/s) |##########          | - loss_cc=4.592 - loss_ce=2.114 - loss_ne=0.0176 - loss_div=0.000228 - threshold=0.999 - loss=6.723
/scratch/e0538389/DivClust/engine/trainer.py:41: FutureWarning: `torch.cuda.amp.autocast(args...)` is deprecated. Please use `torch.amp.autocast('cuda', args...)` instead.
  with autocast(self.mixed_precision):
[2026-03-30 11:07:11](logger.py 179): id=CC_FMNIST_C10CFG_K20_E100_DT_0_9 | Ep. 28/100 - Step 175/273 (2.33 it/s) |############        | - loss_cc=4.592 - loss_ce=2.113 - loss_ne=0.0177 - loss_div=0.000196 - threshold=0.999 - loss=6.723
/scratch/e0538389/DivClust/engine/trainer.py:41: FutureWarning: `torch.cuda.amp.autocast(args...)` is deprecated. Please use `torch.amp.autocast('cuda', args...)` instead.
  with autocast(self.mixed_precision):
/scratch/e0538389/DivClust/engine/trainer.py:41: FutureWarning: `torch.cuda.amp.autocast(args...)` is deprecated. Please use `torch.amp.autocast('cuda', args...)` instead.
  with autocast(self.mixed_precision):
[2026-03-30 11:07:22](logger.py 179): id=CC_FMNIST_C10CFG_K20_E100_DT_0_9 | Ep. 28/100 - Step 200/273 (2.32 it/s) |##############      | - loss_cc=4.591 - loss_ce=2.113 - loss_ne=0.0174 - loss_div=0.000171 - threshold=0.999 - loss=6.722
/scratch/e0538389/DivClust/engine/trainer.py:41: FutureWarning: `torch.cuda.amp.autocast(args...)` is deprecated. Please use `torch.amp.autocast('cuda', args...)` instead.
  with autocast(self.mixed_precision):
[2026-03-30 11:07:33](logger.py 179): id=CC_FMNIST_C10CFG_K20_E100_DT_0_9 | Ep. 28/100 - Step 225/273 (2.32 it/s) |################    | - loss_cc=4.591 - loss_ce=2.113 - loss_ne=0.0178 - loss_div=0.000152 - threshold=0.999 - loss=6.722
/scratch/e0538389/DivClust/engine/trainer.py:41: FutureWarning: `torch.cuda.amp.autocast(args...)` is deprecated. Please use `torch.amp.autocast('cuda', args...)` instead.
  with autocast(self.mixed_precision):
[2026-03-30 11:07:43](logger.py 179): id=CC_FMNIST_C10CFG_K20_E100_DT_0_9 | Ep. 28/100 - Step 250/273 (2.32 it/s) |##################  | - loss_cc=4.59 - loss_ce=2.113 - loss_ne=0.0177 - loss_div=0.000137 - threshold=0.999 - loss=6.72
/scratch/e0538389/DivClust/engine/trainer.py:41: FutureWarning: `torch.cuda.amp.autocast(args...)` is deprecated. Please use `torch.amp.autocast('cuda', args...)` instead.
  with autocast(self.mixed_precision):
[2026-03-30 11:07:53](logger.py 179): id=CC_FMNIST_C10CFG_K20_E100_DT_0_9 | Ep. 28/100 | Time: 00:01 | loss_cc=4.589 - loss_ce=2.113 - loss_ne=0.0178 - loss_div=0.000126 - threshold=0.999 - loss=6.719
[2026-03-30 11:07:55](logger.py 179): id=CC_FMNIST_C10CFG_K20_E100_DT_0_9 | Ep. 29/100 - Step 0/273 (0.0 it/s) |                    | - loss_cc=4.579 - loss_ce=2.107 - loss_ne=0.0203 - loss_div=0.0 - threshold=1.0 - loss=6.706
/scratch/e0538389/DivClust/engine/trainer.py:41: FutureWarning: `torch.cuda.amp.autocast(args...)` is deprecated. Please use `torch.amp.autocast('cuda', args...)` instead.
  with autocast(self.mixed_precision):
/scratch/e0538389/DivClust/engine/trainer.py:41: FutureWarning: `torch.cuda.amp.autocast(args...)` is deprecated. Please use `torch.amp.autocast('cuda', args...)` instead.
  with autocast(self.mixed_precision):
[2026-03-30 11:08:06](logger.py 179): id=CC_FMNIST_C10CFG_K20_E100_DT_0_9 | Ep. 29/100 - Step 25/273 (2.33 it/s) |#                   | - loss_cc=4.584 - loss_ce=2.109 - loss_ne=0.0185 - loss_div=0.0 - threshold=1.0 - loss=6.712
/scratch/e0538389/DivClust/engine/trainer.py:41: FutureWarning: `torch.cuda.amp.autocast(args...)` is deprecated. Please use `torch.amp.autocast('cuda', args...)` instead.
  with autocast(self.mixed_precision):
[2026-03-30 11:08:17](logger.py 179): id=CC_FMNIST_C10CFG_K20_E100_DT_0_9 | Ep. 29/100 - Step 50/273 (2.33 it/s) |###                 | - loss_cc=4.585 - loss_ce=2.109 - loss_ne=0.0181 - loss_div=0.000593 - threshold=0.998 - loss=6.713
/scratch/e0538389/DivClust/engine/trainer.py:41: FutureWarning: `torch.cuda.amp.autocast(args...)` is deprecated. Please use `torch.amp.autocast('cuda', args...)` instead.
  with autocast(self.mixed_precision):
[2026-03-30 11:08:27](logger.py 179): id=CC_FMNIST_C10CFG_K20_E100_DT_0_9 | Ep. 29/100 - Step 75/273 (2.34 it/s) |#####               | - loss_cc=4.588 - loss_ce=2.111 - loss_ne=0.0191 - loss_div=0.0004 - threshold=0.997 - loss=6.719
/scratch/e0538389/DivClust/engine/trainer.py:41: FutureWarning: `torch.cuda.amp.autocast(args...)` is deprecated. Please use `torch.amp.autocast('cuda', args...)` instead.
  with autocast(self.mixed_precision):
[2026-03-30 11:08:38](logger.py 179): id=CC_FMNIST_C10CFG_K20_E100_DT_0_9 | Ep. 29/100 - Step 100/273 (2.34 it/s) |#######             | - loss_cc=4.59 - loss_ce=2.113 - loss_ne=0.0188 - loss_div=0.000301 - threshold=0.998 - loss=6.722
/scratch/e0538389/DivClust/engine/trainer.py:41: FutureWarning: `torch.cuda.amp.autocast(args...)` is deprecated. Please use `torch.amp.autocast('cuda', args...)` instead.
  with autocast(self.mixed_precision):
/scratch/e0538389/DivClust/engine/trainer.py:41: FutureWarning: `torch.cuda.amp.autocast(args...)` is deprecated. Please use `torch.amp.autocast('cuda', args...)` instead.
  with autocast(self.mixed_precision):
[2026-03-30 11:08:49](logger.py 179): id=CC_FMNIST_C10CFG_K20_E100_DT_0_9 | Ep. 29/100 - Step 125/273 (2.32 it/s) |#########           | - loss_cc=4.589 - loss_ce=2.112 - loss_ne=0.0186 - loss_div=0.000242 - threshold=0.998 - loss=6.72
/scratch/e0538389/DivClust/engine/trainer.py:41: FutureWarning: `torch.cuda.amp.autocast(args...)` is deprecated. Please use `torch.amp.autocast('cuda', args...)` instead.
  with autocast(self.mixed_precision):
[2026-03-30 11:09:00](logger.py 179): id=CC_FMNIST_C10CFG_K20_E100_DT_0_9 | Ep. 29/100 - Step 150/273 (2.32 it/s) |##########          | - loss_cc=4.588 - loss_ce=2.111 - loss_ne=0.0186 - loss_div=0.000202 - threshold=0.999 - loss=6.718
/scratch/e0538389/DivClust/engine/trainer.py:41: FutureWarning: `torch.cuda.amp.autocast(args...)` is deprecated. Please use `torch.amp.autocast('cuda', args...)` instead.
  with autocast(self.mixed_precision):
[2026-03-30 11:09:11](logger.py 179): id=CC_FMNIST_C10CFG_K20_E100_DT_0_9 | Ep. 29/100 - Step 175/273 (2.33 it/s) |############        | - loss_cc=4.589 - loss_ce=2.112 - loss_ne=0.0186 - loss_div=0.000173 - threshold=0.999 - loss=6.719
/scratch/e0538389/DivClust/engine/trainer.py:41: FutureWarning: `torch.cuda.amp.autocast(args...)` is deprecated. Please use `torch.amp.autocast('cuda', args...)` instead.
  with autocast(self.mixed_precision):
[2026-03-30 11:09:21](logger.py 179): id=CC_FMNIST_C10CFG_K20_E100_DT_0_9 | Ep. 29/100 - Step 200/273 (2.33 it/s) |##############      | - loss_cc=4.588 - loss_ce=2.111 - loss_ne=0.0186 - loss_div=0.000151 - threshold=0.999 - loss=6.718
/scratch/e0538389/DivClust/engine/trainer.py:41: FutureWarning: `torch.cuda.amp.autocast(args...)` is deprecated. Please use `torch.amp.autocast('cuda', args...)` instead.
  with autocast(self.mixed_precision):
/scratch/e0538389/DivClust/engine/trainer.py:41: FutureWarning: `torch.cuda.amp.autocast(args...)` is deprecated. Please use `torch.amp.autocast('cuda', args...)` instead.
  with autocast(self.mixed_precision):
[2026-03-30 11:09:33](logger.py 179): id=CC_FMNIST_C10CFG_K20_E100_DT_0_9 | Ep. 29/100 - Step 225/273 (2.32 it/s) |################    | - loss_cc=4.589 - loss_ce=2.112 - loss_ne=0.0185 - loss_div=0.000135 - threshold=0.999 - loss=6.72
/scratch/e0538389/DivClust/engine/trainer.py:41: FutureWarning: `torch.cuda.amp.autocast(args...)` is deprecated. Please use `torch.amp.autocast('cuda', args...)` instead.
  with autocast(self.mixed_precision):
[2026-03-30 11:09:43](logger.py 179): id=CC_FMNIST_C10CFG_K20_E100_DT_0_9 | Ep. 29/100 - Step 250/273 (2.32 it/s) |##################  | - loss_cc=4.59 - loss_ce=2.112 - loss_ne=0.0188 - loss_div=0.000319 - threshold=0.999 - loss=6.721
/scratch/e0538389/DivClust/engine/trainer.py:41: FutureWarning: `torch.cuda.amp.autocast(args...)` is deprecated. Please use `torch.amp.autocast('cuda', args...)` instead.
  with autocast(self.mixed_precision):
[2026-03-30 11:09:53](logger.py 179): id=CC_FMNIST_C10CFG_K20_E100_DT_0_9 | Ep. 29/100 | Time: 00:01 | loss_cc=4.59 - loss_ce=2.112 - loss_ne=0.0191 - loss_div=0.000294 - threshold=0.999 - loss=6.721
[2026-03-30 11:09:56](logger.py 179): id=CC_FMNIST_C10CFG_K20_E100_DT_0_9 | Ep. 30/100 - Step 0/273 (0.0 it/s) |                    | - loss_cc=4.58 - loss_ce=2.112 - loss_ne=0.0105 - loss_div=0.0 - threshold=1.0 - loss=6.702
/scratch/e0538389/DivClust/engine/trainer.py:41: FutureWarning: `torch.cuda.amp.autocast(args...)` is deprecated. Please use `torch.amp.autocast('cuda', args...)` instead.
  with autocast(self.mixed_precision):
[2026-03-30 11:10:06](logger.py 179): id=CC_FMNIST_C10CFG_K20_E100_DT_0_9 | Ep. 30/100 - Step 25/273 (2.32 it/s) |#                   | - loss_cc=4.585 - loss_ce=2.109 - loss_ne=0.0173 - loss_div=0.0 - threshold=1.0 - loss=6.712
/scratch/e0538389/DivClust/engine/trainer.py:41: FutureWarning: `torch.cuda.amp.autocast(args...)` is deprecated. Please use `torch.amp.autocast('cuda', args...)` instead.
  with autocast(self.mixed_precision):
[2026-03-30 11:10:17](logger.py 179): id=CC_FMNIST_C10CFG_K20_E100_DT_0_9 | Ep. 30/100 - Step 50/273 (2.32 it/s) |###                 | - loss_cc=4.587 - loss_ce=2.111 - loss_ne=0.0177 - loss_div=0.0 - threshold=1.0 - loss=6.715
/scratch/e0538389/DivClust/engine/trainer.py:41: FutureWarning: `torch.cuda.amp.autocast(args...)` is deprecated. Please use `torch.amp.autocast('cuda', args...)` instead.
  with autocast(self.mixed_precision):
/scratch/e0538389/DivClust/engine/trainer.py:41: FutureWarning: `torch.cuda.amp.autocast(args...)` is deprecated. Please use `torch.amp.autocast('cuda', args...)` instead.
  with autocast(self.mixed_precision):
[2026-03-30 11:10:28](logger.py 179): id=CC_FMNIST_C10CFG_K20_E100_DT_0_9 | Ep. 30/100 - Step 75/273 (2.34 it/s) |#####               | - loss_cc=4.587 - loss_ce=2.112 - loss_ne=0.0178 - loss_div=0.0 - threshold=1.0 - loss=6.717
/scratch/e0538389/DivClust/engine/trainer.py:41: FutureWarning: `torch.cuda.amp.autocast(args...)` is deprecated. Please use `torch.amp.autocast('cuda', args...)` instead.
  with autocast(self.mixed_precision):
[2026-03-30 11:10:38](logger.py 179): id=CC_FMNIST_C10CFG_K20_E100_DT_0_9 | Ep. 30/100 - Step 100/273 (2.35 it/s) |#######             | - loss_cc=4.587 - loss_ce=2.112 - loss_ne=0.0187 - loss_div=0.0 - threshold=1.0 - loss=6.717
/scratch/e0538389/DivClust/engine/trainer.py:41: FutureWarning: `torch.cuda.amp.autocast(args...)` is deprecated. Please use `torch.amp.autocast('cuda', args...)` instead.
  with autocast(self.mixed_precision):
[2026-03-30 11:10:49](logger.py 179): id=CC_FMNIST_C10CFG_K20_E100_DT_0_9 | Ep. 30/100 - Step 125/273 (2.35 it/s) |#########           | - loss_cc=4.586 - loss_ce=2.111 - loss_ne=0.0182 - loss_div=0.0 - threshold=1.0 - loss=6.715
/scratch/e0538389/DivClust/engine/trainer.py:41: FutureWarning: `torch.cuda.amp.autocast(args...)` is deprecated. Please use `torch.amp.autocast('cuda', args...)` instead.
  with autocast(self.mixed_precision):
[2026-03-30 11:11:00](logger.py 179): id=CC_FMNIST_C10CFG_K20_E100_DT_0_9 | Ep. 30/100 - Step 150/273 (2.33 it/s) |##########          | - loss_cc=4.586 - loss_ce=2.111 - loss_ne=0.0186 - loss_div=0.0 - threshold=1.0 - loss=6.716
/scratch/e0538389/DivClust/engine/trainer.py:41: FutureWarning: `torch.cuda.amp.autocast(args...)` is deprecated. Please use `torch.amp.autocast('cuda', args...)` instead.
  with autocast(self.mixed_precision):
/scratch/e0538389/DivClust/engine/trainer.py:41: FutureWarning: `torch.cuda.amp.autocast(args...)` is deprecated. Please use `torch.amp.autocast('cuda', args...)` instead.
  with autocast(self.mixed_precision):
[2026-03-30 11:11:11](logger.py 179): id=CC_FMNIST_C10CFG_K20_E100_DT_0_9 | Ep. 30/100 - Step 175/273 (2.33 it/s) |############        | - loss_cc=4.587 - loss_ce=2.111 - loss_ne=0.0184 - loss_div=0.0 - threshold=1.0 - loss=6.716
/scratch/e0538389/DivClust/engine/trainer.py:41: FutureWarning: `torch.cuda.amp.autocast(args...)` is deprecated. Please use `torch.amp.autocast('cuda', args...)` instead.
  with autocast(self.mixed_precision):
[2026-03-30 11:11:21](logger.py 179): id=CC_FMNIST_C10CFG_K20_E100_DT_0_9 | Ep. 30/100 - Step 200/273 (2.33 it/s) |##############      | - loss_cc=4.587 - loss_ce=2.111 - loss_ne=0.0189 - loss_div=0.0 - threshold=1.0 - loss=6.717
/scratch/e0538389/DivClust/engine/trainer.py:41: FutureWarning: `torch.cuda.amp.autocast(args...)` is deprecated. Please use `torch.amp.autocast('cuda', args...)` instead.
  with autocast(self.mixed_precision):
[2026-03-30 11:11:32](logger.py 179): id=CC_FMNIST_C10CFG_K20_E100_DT_0_9 | Ep. 30/100 - Step 225/273 (2.33 it/s) |################    | - loss_cc=4.586 - loss_ce=2.111 - loss_ne=0.0186 - loss_div=0.0 - threshold=1.0 - loss=6.716
/scratch/e0538389/DivClust/engine/trainer.py:41: FutureWarning: `torch.cuda.amp.autocast(args...)` is deprecated. Please use `torch.amp.autocast('cuda', args...)` instead.
  with autocast(self.mixed_precision):
[2026-03-30 11:11:43](logger.py 179): id=CC_FMNIST_C10CFG_K20_E100_DT_0_9 | Ep. 30/100 - Step 250/273 (2.33 it/s) |##################  | - loss_cc=4.587 - loss_ce=2.111 - loss_ne=0.0185 - loss_div=0.0 - threshold=1.0 - loss=6.717
/scratch/e0538389/DivClust/engine/trainer.py:41: FutureWarning: `torch.cuda.amp.autocast(args...)` is deprecated. Please use `torch.amp.autocast('cuda', args...)` instead.
  with autocast(self.mixed_precision):
/scratch/e0538389/DivClust/engine/trainer.py:41: FutureWarning: `torch.cuda.amp.autocast(args...)` is deprecated. Please use `torch.amp.autocast('cuda', args...)` instead.
  with autocast(self.mixed_precision):
[2026-03-30 11:11:52](logger.py 179): Evaluating
[2026-03-30 11:11:53](logger.py 179): Eval. step 0 of 274
[2026-03-30 11:11:55](logger.py 179): Eval. step 25 of 274
[2026-03-30 11:11:57](logger.py 179): Eval. step 50 of 274
[2026-03-30 11:12:00](logger.py 179): Eval. step 75 of 274
[2026-03-30 11:12:02](logger.py 179): Eval. step 100 of 274
[2026-03-30 11:12:04](logger.py 179): Eval. step 125 of 274
[2026-03-30 11:12:07](logger.py 179): Eval. step 150 of 274
[2026-03-30 11:12:09](logger.py 179): Eval. step 175 of 274
[2026-03-30 11:12:12](logger.py 179): Eval. step 200 of 274
[2026-03-30 11:12:14](logger.py 179): Eval. step 225 of 274
[2026-03-30 11:12:16](logger.py 179): Eval. step 250 of 274
[2026-03-30 11:12:20](logger.py 179): id=CC_FMNIST_C10CFG_K20_E100_DT_0_9 | Ep. 30/100 | Time: 00:02 | loss_cc=4.587 - loss_ce=2.111 - loss_ne=0.0186 - loss_div=0.000135 - threshold=1.0 - loss=6.718 - eval_confidence=0.896 - cluster_acc_0_eval=64.83 - cluster_nmi_0_eval=0.618 - cluster_ari_0_eval=0.519 - cluster_acc_1_eval=64.3 - cluster_nmi_1_eval=0.618 - cluster_ari_1_eval=0.521 - cluster_acc_2_eval=64.78 - cluster_nmi_2_eval=0.619 - cluster_ari_2_eval=0.522 - cluster_acc_3_eval=65.26 - cluster_nmi_3_eval=0.618 - cluster_ari_3_eval=0.52 - cluster_acc_4_eval=63.6 - cluster_nmi_4_eval=0.612 - cluster_ari_4_eval=0.513 - cluster_acc_5_eval=64.48 - cluster_nmi_5_eval=0.614 - cluster_ari_5_eval=0.514 - cluster_acc_6_eval=65.26 - cluster_nmi_6_eval=0.622 - cluster_ari_6_eval=0.527 - cluster_acc_7_eval=63.86 - cluster_nmi_7_eval=0.615 - cluster_ari_7_eval=0.518 - cluster_acc_8_eval=65.38 - cluster_nmi_8_eval=0.616 - cluster_ari_8_eval=0.516 - cluster_acc_9_eval=65.02 - cluster_nmi_9_eval=0.619 - cluster_ari_9_eval=0.523 - cluster_acc_10_eval=65.49 - cluster_nmi_10_eval=0.623 - cluster_ari_10_eval=0.527 - cluster_acc_11_eval=65.15 - cluster_nmi_11_eval=0.617 - cluster_ari_11_eval=0.52 - cluster_acc_12_eval=64.77 - cluster_nmi_12_eval=0.617 - cluster_ari_12_eval=0.52 - cluster_acc_13_eval=66.22 - cluster_nmi_13_eval=0.621 - cluster_ari_13_eval=0.523 - cluster_acc_14_eval=66.35 - cluster_nmi_14_eval=0.625 - cluster_ari_14_eval=0.531 - cluster_acc_15_eval=64.34 - cluster_nmi_15_eval=0.614 - cluster_ari_15_eval=0.516 - cluster_acc_16_eval=65.36 - cluster_nmi_16_eval=0.622 - cluster_ari_16_eval=0.525 - cluster_acc_17_eval=64.23 - cluster_nmi_17_eval=0.615 - cluster_ari_17_eval=0.516 - cluster_acc_18_eval=64.28 - cluster_nmi_18_eval=0.609 - cluster_ari_18_eval=0.509 - cluster_acc_19_eval=64.48 - cluster_nmi_19_eval=0.611 - cluster_ari_19_eval=0.516 - max_cluster_acc_eval=66.35 - mean_cluster_acc_eval=64.87 - min_cluster_acc_eval=63.6 - max_cluster_nmi_eval=0.625 - mean_cluster_nmi_eval=0.617 - min_cluster_nmi_eval=0.609 - max_cluster_ari_eval=0.531 - mean_cluster_ari_eval=0.52 - min_cluster_ari_eval=0.509 - interclustering_nmi_eval=0.894
/scratch/e0538389/DivClust/engine/trainer.py:41: FutureWarning: `torch.cuda.amp.autocast(args...)` is deprecated. Please use `torch.amp.autocast('cuda', args...)` instead.
  with autocast(self.mixed_precision):
[2026-03-30 11:12:22](logger.py 179): id=CC_FMNIST_C10CFG_K20_E100_DT_0_9 | Ep. 31/100 - Step 0/273 (0.0 it/s) |                    | - loss_cc=4.547 - loss_ce=2.1 - loss_ne=0.0282 - loss_div=0.00502 - threshold=0.99 - loss=6.68
/scratch/e0538389/DivClust/engine/trainer.py:41: FutureWarning: `torch.cuda.amp.autocast(args...)` is deprecated. Please use `torch.amp.autocast('cuda', args...)` instead.
  with autocast(self.mixed_precision):
[2026-03-30 11:12:33](logger.py 179): id=CC_FMNIST_C10CFG_K20_E100_DT_0_9 | Ep. 31/100 - Step 25/273 (2.3 it/s) |#                   | - loss_cc=4.581 - loss_ce=2.11 - loss_ne=0.0223 - loss_div=0.000233 - threshold=0.993 - loss=6.713
/scratch/e0538389/DivClust/engine/trainer.py:41: FutureWarning: `torch.cuda.amp.autocast(args...)` is deprecated. Please use `torch.amp.autocast('cuda', args...)` instead.
  with autocast(self.mixed_precision):
[2026-03-30 11:12:44](logger.py 179): id=CC_FMNIST_C10CFG_K20_E100_DT_0_9 | Ep. 31/100 - Step 50/273 (2.31 it/s) |###                 | - loss_cc=4.581 - loss_ce=2.109 - loss_ne=0.0212 - loss_div=0.000119 - threshold=0.997 - loss=6.711
/scratch/e0538389/DivClust/engine/trainer.py:41: FutureWarning: `torch.cuda.amp.autocast(args...)` is deprecated. Please use `torch.amp.autocast('cuda', args...)` instead.
  with autocast(self.mixed_precision):
[2026-03-30 11:12:55](logger.py 179): id=CC_FMNIST_C10CFG_K20_E100_DT_0_9 | Ep. 31/100 - Step 75/273 (2.31 it/s) |#####               | - loss_cc=4.581 - loss_ce=2.11 - loss_ne=0.0193 - loss_div=7.98e-05 - threshold=0.998 - loss=6.71
/scratch/e0538389/DivClust/engine/trainer.py:41: FutureWarning: `torch.cuda.amp.autocast(args...)` is deprecated. Please use `torch.amp.autocast('cuda', args...)` instead.
  with autocast(self.mixed_precision):
/scratch/e0538389/DivClust/engine/trainer.py:41: FutureWarning: `torch.cuda.amp.autocast(args...)` is deprecated. Please use `torch.amp.autocast('cuda', args...)` instead.
  with autocast(self.mixed_precision):
[2026-03-30 11:13:05](logger.py 179): id=CC_FMNIST_C10CFG_K20_E100_DT_0_9 | Ep. 31/100 - Step 100/273 (2.32 it/s) |#######             | - loss_cc=4.581 - loss_ce=2.11 - loss_ne=0.0195 - loss_div=6e-05 - threshold=0.998 - loss=6.71
/scratch/e0538389/DivClust/engine/trainer.py:41: FutureWarning: `torch.cuda.amp.autocast(args...)` is deprecated. Please use `torch.amp.autocast('cuda', args...)` instead.
  with autocast(self.mixed_precision):
[2026-03-30 11:13:16](logger.py 179): id=CC_FMNIST_C10CFG_K20_E100_DT_0_9 | Ep. 31/100 - Step 125/273 (2.32 it/s) |#########           | - loss_cc=4.583 - loss_ce=2.11 - loss_ne=0.0191 - loss_div=4.81e-05 - threshold=0.999 - loss=6.712
/scratch/e0538389/DivClust/engine/trainer.py:41: FutureWarning: `torch.cuda.amp.autocast(args...)` is deprecated. Please use `torch.amp.autocast('cuda', args...)` instead.
  with autocast(self.mixed_precision):
[2026-03-30 11:13:27](logger.py 179): id=CC_FMNIST_C10CFG_K20_E100_DT_0_9 | Ep. 31/100 - Step 150/273 (2.32 it/s) |##########          | - loss_cc=4.584 - loss_ce=2.111 - loss_ne=0.0193 - loss_div=4.01e-05 - threshold=0.999 - loss=6.714
/scratch/e0538389/DivClust/engine/trainer.py:41: FutureWarning: `torch.cuda.amp.autocast(args...)` is deprecated. Please use `torch.amp.autocast('cuda', args...)` instead.
  with autocast(self.mixed_precision):
[2026-03-30 11:13:38](logger.py 179): id=CC_FMNIST_C10CFG_K20_E100_DT_0_9 | Ep. 31/100 - Step 175/273 (2.32 it/s) |############        | - loss_cc=4.584 - loss_ce=2.111 - loss_ne=0.0186 - loss_div=3.44e-05 - threshold=0.999 - loss=6.714
/scratch/e0538389/DivClust/engine/trainer.py:41: FutureWarning: `torch.cuda.amp.autocast(args...)` is deprecated. Please use `torch.amp.autocast('cuda', args...)` instead.
  with autocast(self.mixed_precision):
/scratch/e0538389/DivClust/engine/trainer.py:41: FutureWarning: `torch.cuda.amp.autocast(args...)` is deprecated. Please use `torch.amp.autocast('cuda', args...)` instead.
  with autocast(self.mixed_precision):
[2026-03-30 11:13:48](logger.py 179): id=CC_FMNIST_C10CFG_K20_E100_DT_0_9 | Ep. 31/100 - Step 200/273 (2.32 it/s) |##############      | - loss_cc=4.584 - loss_ce=2.11 - loss_ne=0.0184 - loss_div=3.02e-05 - threshold=0.999 - loss=6.713
/scratch/e0538389/DivClust/engine/trainer.py:41: FutureWarning: `torch.cuda.amp.autocast(args...)` is deprecated. Please use `torch.amp.autocast('cuda', args...)` instead.
  with autocast(self.mixed_precision):
[2026-03-30 11:13:59](logger.py 179): id=CC_FMNIST_C10CFG_K20_E100_DT_0_9 | Ep. 31/100 - Step 225/273 (2.33 it/s) |################    | - loss_cc=4.583 - loss_ce=2.11 - loss_ne=0.0185 - loss_div=2.68e-05 - threshold=0.999 - loss=6.712
/scratch/e0538389/DivClust/engine/trainer.py:41: FutureWarning: `torch.cuda.amp.autocast(args...)` is deprecated. Please use `torch.amp.autocast('cuda', args...)` instead.
  with autocast(self.mixed_precision):
[2026-03-30 11:14:09](logger.py 179): id=CC_FMNIST_C10CFG_K20_E100_DT_0_9 | Ep. 31/100 - Step 250/273 (2.34 it/s) |##################  | - loss_cc=4.583 - loss_ce=2.11 - loss_ne=0.0184 - loss_div=2.41e-05 - threshold=0.999 - loss=6.711
/scratch/e0538389/DivClust/engine/trainer.py:41: FutureWarning: `torch.cuda.amp.autocast(args...)` is deprecated. Please use `torch.amp.autocast('cuda', args...)` instead.
  with autocast(self.mixed_precision):
[2026-03-30 11:14:18](logger.py 179): id=CC_FMNIST_C10CFG_K20_E100_DT_0_9 | Ep. 31/100 | Time: 00:01 | loss_cc=4.583 - loss_ce=2.11 - loss_ne=0.0183 - loss_div=2.22e-05 - threshold=0.999 - loss=6.712
[2026-03-30 11:14:20](logger.py 179): id=CC_FMNIST_C10CFG_K20_E100_DT_0_9 | Ep. 32/100 - Step 0/273 (0.0 it/s) |                    | - loss_cc=4.611 - loss_ce=2.133 - loss_ne=0.0268 - loss_div=0.0 - threshold=1.0 - loss=6.771
/scratch/e0538389/DivClust/engine/trainer.py:41: FutureWarning: `torch.cuda.amp.autocast(args...)` is deprecated. Please use `torch.amp.autocast('cuda', args...)` instead.
  with autocast(self.mixed_precision):
/scratch/e0538389/DivClust/engine/trainer.py:41: FutureWarning: `torch.cuda.amp.autocast(args...)` is deprecated. Please use `torch.amp.autocast('cuda', args...)` instead.
  with autocast(self.mixed_precision):
[2026-03-30 11:14:31](logger.py 179): id=CC_FMNIST_C10CFG_K20_E100_DT_0_9 | Ep. 32/100 - Step 25/273 (2.28 it/s) |#                   | - loss_cc=4.58 - loss_ce=2.109 - loss_ne=0.0163 - loss_div=0.00192 - threshold=0.999 - loss=6.708
/scratch/e0538389/DivClust/engine/trainer.py:41: FutureWarning: `torch.cuda.amp.autocast(args...)` is deprecated. Please use `torch.amp.autocast('cuda', args...)` instead.
  with autocast(self.mixed_precision):
[2026-03-30 11:14:42](logger.py 179): id=CC_FMNIST_C10CFG_K20_E100_DT_0_9 | Ep. 32/100 - Step 50/273 (2.33 it/s) |###                 | - loss_cc=4.582 - loss_ce=2.109 - loss_ne=0.018 - loss_div=0.00144 - threshold=0.996 - loss=6.711
/scratch/e0538389/DivClust/engine/trainer.py:41: FutureWarning: `torch.cuda.amp.autocast(args...)` is deprecated. Please use `torch.amp.autocast('cuda', args...)` instead.
  with autocast(self.mixed_precision):
[2026-03-30 11:14:52](logger.py 179): id=CC_FMNIST_C10CFG_K20_E100_DT_0_9 | Ep. 32/100 - Step 75/273 (2.35 it/s) |#####               | - loss_cc=4.581 - loss_ce=2.11 - loss_ne=0.0188 - loss_div=0.000966 - threshold=0.997 - loss=6.71
/scratch/e0538389/DivClust/engine/trainer.py:41: FutureWarning: `torch.cuda.amp.autocast(args...)` is deprecated. Please use `torch.amp.autocast('cuda', args...)` instead.
  with autocast(self.mixed_precision):
[2026-03-30 11:15:03](logger.py 179): id=CC_FMNIST_C10CFG_K20_E100_DT_0_9 | Ep. 32/100 - Step 100/273 (2.35 it/s) |#######             | - loss_cc=4.581 - loss_ce=2.11 - loss_ne=0.0183 - loss_div=0.000727 - threshold=0.998 - loss=6.709
/scratch/e0538389/DivClust/engine/trainer.py:41: FutureWarning: `torch.cuda.amp.autocast(args...)` is deprecated. Please use `torch.amp.autocast('cuda', args...)` instead.
  with autocast(self.mixed_precision):
/scratch/e0538389/DivClust/engine/trainer.py:41: FutureWarning: `torch.cuda.amp.autocast(args...)` is deprecated. Please use `torch.amp.autocast('cuda', args...)` instead.
  with autocast(self.mixed_precision):
[2026-03-30 11:15:14](logger.py 179): id=CC_FMNIST_C10CFG_K20_E100_DT_0_9 | Ep. 32/100 - Step 125/273 (2.33 it/s) |#########           | - loss_cc=4.58 - loss_ce=2.109 - loss_ne=0.0184 - loss_div=0.000582 - threshold=0.998 - loss=6.708
/scratch/e0538389/DivClust/engine/trainer.py:41: FutureWarning: `torch.cuda.amp.autocast(args...)` is deprecated. Please use `torch.amp.autocast('cuda', args...)` instead.
  with autocast(self.mixed_precision):
[2026-03-30 11:15:25](logger.py 179): id=CC_FMNIST_C10CFG_K20_E100_DT_0_9 | Ep. 32/100 - Step 150/273 (2.34 it/s) |##########          | - loss_cc=4.579 - loss_ce=2.109 - loss_ne=0.0185 - loss_div=0.000486 - threshold=0.999 - loss=6.707
/scratch/e0538389/DivClust/engine/trainer.py:41: FutureWarning: `torch.cuda.amp.autocast(args...)` is deprecated. Please use `torch.amp.autocast('cuda', args...)` instead.
  with autocast(self.mixed_precision):
[2026-03-30 11:15:35](logger.py 179): id=CC_FMNIST_C10CFG_K20_E100_DT_0_9 | Ep. 32/100 - Step 175/273 (2.33 it/s) |############        | - loss_cc=4.579 - loss_ce=2.109 - loss_ne=0.0185 - loss_div=0.000417 - threshold=0.999 - loss=6.706
/scratch/e0538389/DivClust/engine/trainer.py:41: FutureWarning: `torch.cuda.amp.autocast(args...)` is deprecated. Please use `torch.amp.autocast('cuda', args...)` instead.
  with autocast(self.mixed_precision):
[2026-03-30 11:15:46](logger.py 179): id=CC_FMNIST_C10CFG_K20_E100_DT_0_9 | Ep. 32/100 - Step 200/273 (2.33 it/s) |##############      | - loss_cc=4.579 - loss_ce=2.109 - loss_ne=0.0185 - loss_div=0.000365 - threshold=0.999 - loss=6.706
/scratch/e0538389/DivClust/engine/trainer.py:41: FutureWarning: `torch.cuda.amp.autocast(args...)` is deprecated. Please use `torch.amp.autocast('cuda', args...)` instead.
  with autocast(self.mixed_precision):
/scratch/e0538389/DivClust/engine/trainer.py:41: FutureWarning: `torch.cuda.amp.autocast(args...)` is deprecated. Please use `torch.amp.autocast('cuda', args...)` instead.
  with autocast(self.mixed_precision):
[2026-03-30 11:15:57](logger.py 179): id=CC_FMNIST_C10CFG_K20_E100_DT_0_9 | Ep. 32/100 - Step 225/273 (2.32 it/s) |################    | - loss_cc=4.579 - loss_ce=2.109 - loss_ne=0.018 - loss_div=0.000325 - threshold=0.999 - loss=6.706
/scratch/e0538389/DivClust/engine/trainer.py:41: FutureWarning: `torch.cuda.amp.autocast(args...)` is deprecated. Please use `torch.amp.autocast('cuda', args...)` instead.
  with autocast(self.mixed_precision):
[2026-03-30 11:16:08](logger.py 179): id=CC_FMNIST_C10CFG_K20_E100_DT_0_9 | Ep. 32/100 - Step 250/273 (2.32 it/s) |##################  | - loss_cc=4.58 - loss_ce=2.109 - loss_ne=0.018 - loss_div=0.000292 - threshold=0.999 - loss=6.707
/scratch/e0538389/DivClust/engine/trainer.py:41: FutureWarning: `torch.cuda.amp.autocast(args...)` is deprecated. Please use `torch.amp.autocast('cuda', args...)` instead.
  with autocast(self.mixed_precision):
[2026-03-30 11:16:17](logger.py 179): id=CC_FMNIST_C10CFG_K20_E100_DT_0_9 | Ep. 32/100 | Time: 00:01 | loss_cc=4.58 - loss_ce=2.109 - loss_ne=0.018 - loss_div=0.000269 - threshold=0.999 - loss=6.707
[2026-03-30 11:16:19](logger.py 179): id=CC_FMNIST_C10CFG_K20_E100_DT_0_9 | Ep. 33/100 - Step 0/273 (0.0 it/s) |                    | - loss_cc=4.605 - loss_ce=2.114 - loss_ne=0.0138 - loss_div=0.0 - threshold=1.0 - loss=6.732
/scratch/e0538389/DivClust/engine/trainer.py:41: FutureWarning: `torch.cuda.amp.autocast(args...)` is deprecated. Please use `torch.amp.autocast('cuda', args...)` instead.
  with autocast(self.mixed_precision):
[2026-03-30 11:16:30](logger.py 179): id=CC_FMNIST_C10CFG_K20_E100_DT_0_9 | Ep. 33/100 - Step 25/273 (2.33 it/s) |#                   | - loss_cc=4.582 - loss_ce=2.109 - loss_ne=0.0151 - loss_div=0.0 - threshold=1.0 - loss=6.707
/scratch/e0538389/DivClust/engine/trainer.py:41: FutureWarning: `torch.cuda.amp.autocast(args...)` is deprecated. Please use `torch.amp.autocast('cuda', args...)` instead.
  with autocast(self.mixed_precision):
[2026-03-30 11:16:41](logger.py 179): id=CC_FMNIST_C10CFG_K20_E100_DT_0_9 | Ep. 33/100 - Step 50/273 (2.32 it/s) |###                 | - loss_cc=4.58 - loss_ce=2.108 - loss_ne=0.0179 - loss_div=0.000858 - threshold=0.996 - loss=6.707
/scratch/e0538389/DivClust/engine/trainer.py:41: FutureWarning: `torch.cuda.amp.autocast(args...)` is deprecated. Please use `torch.amp.autocast('cuda', args...)` instead.
  with autocast(self.mixed_precision):
/scratch/e0538389/DivClust/engine/trainer.py:41: FutureWarning: `torch.cuda.amp.autocast(args...)` is deprecated. Please use `torch.amp.autocast('cuda', args...)` instead.
  with autocast(self.mixed_precision):
[2026-03-30 11:16:52](logger.py 179): id=CC_FMNIST_C10CFG_K20_E100_DT_0_9 | Ep. 33/100 - Step 75/273 (2.3 it/s) |#####               | - loss_cc=4.58 - loss_ce=2.109 - loss_ne=0.0183 - loss_div=0.000576 - threshold=0.997 - loss=6.708
/scratch/e0538389/DivClust/engine/trainer.py:41: FutureWarning: `torch.cuda.amp.autocast(args...)` is deprecated. Please use `torch.amp.autocast('cuda', args...)` instead.
  with autocast(self.mixed_precision):
[2026-03-30 11:17:03](logger.py 179): id=CC_FMNIST_C10CFG_K20_E100_DT_0_9 | Ep. 33/100 - Step 100/273 (2.31 it/s) |#######             | - loss_cc=4.581 - loss_ce=2.109 - loss_ne=0.0178 - loss_div=0.000433 - threshold=0.998 - loss=6.708
/scratch/e0538389/DivClust/engine/trainer.py:41: FutureWarning: `torch.cuda.amp.autocast(args...)` is deprecated. Please use `torch.amp.autocast('cuda', args...)` instead.
  with autocast(self.mixed_precision):
[2026-03-30 11:17:13](logger.py 179): id=CC_FMNIST_C10CFG_K20_E100_DT_0_9 | Ep. 33/100 - Step 125/273 (2.31 it/s) |#########           | - loss_cc=4.58 - loss_ce=2.109 - loss_ne=0.0177 - loss_div=0.000347 - threshold=0.998 - loss=6.708
/scratch/e0538389/DivClust/engine/trainer.py:41: FutureWarning: `torch.cuda.amp.autocast(args...)` is deprecated. Please use `torch.amp.autocast('cuda', args...)` instead.
  with autocast(self.mixed_precision):
[2026-03-30 11:17:24](logger.py 179): id=CC_FMNIST_C10CFG_K20_E100_DT_0_9 | Ep. 33/100 - Step 150/273 (2.33 it/s) |##########          | - loss_cc=4.579 - loss_ce=2.109 - loss_ne=0.0172 - loss_div=0.00029 - threshold=0.999 - loss=6.706
/scratch/e0538389/DivClust/engine/trainer.py:41: FutureWarning: `torch.cuda.amp.autocast(args...)` is deprecated. Please use `torch.amp.autocast('cuda', args...)` instead.
  with autocast(self.mixed_precision):
/scratch/e0538389/DivClust/engine/trainer.py:41: FutureWarning: `torch.cuda.amp.autocast(args...)` is deprecated. Please use `torch.amp.autocast('cuda', args...)` instead.
  with autocast(self.mixed_precision):
[2026-03-30 11:17:35](logger.py 179): id=CC_FMNIST_C10CFG_K20_E100_DT_0_9 | Ep. 33/100 - Step 175/273 (2.33 it/s) |############        | - loss_cc=4.58 - loss_ce=2.109 - loss_ne=0.0174 - loss_div=0.000249 - threshold=0.999 - loss=6.706
/scratch/e0538389/DivClust/engine/trainer.py:41: FutureWarning: `torch.cuda.amp.autocast(args...)` is deprecated. Please use `torch.amp.autocast('cuda', args...)` instead.
  with autocast(self.mixed_precision):
[2026-03-30 11:17:45](logger.py 179): id=CC_FMNIST_C10CFG_K20_E100_DT_0_9 | Ep. 33/100 - Step 200/273 (2.33 it/s) |##############      | - loss_cc=4.58 - loss_ce=2.109 - loss_ne=0.0178 - loss_div=0.000218 - threshold=0.999 - loss=6.707
/scratch/e0538389/DivClust/engine/trainer.py:41: FutureWarning: `torch.cuda.amp.autocast(args...)` is deprecated. Please use `torch.amp.autocast('cuda', args...)` instead.
  with autocast(self.mixed_precision):
[2026-03-30 11:17:56](logger.py 179): id=CC_FMNIST_C10CFG_K20_E100_DT_0_9 | Ep. 33/100 - Step 225/273 (2.33 it/s) |################    | - loss_cc=4.582 - loss_ce=2.109 - loss_ne=0.0178 - loss_div=0.000194 - threshold=0.999 - loss=6.709
/scratch/e0538389/DivClust/engine/trainer.py:41: FutureWarning: `torch.cuda.amp.autocast(args...)` is deprecated. Please use `torch.amp.autocast('cuda', args...)` instead.
  with autocast(self.mixed_precision):
[2026-03-30 11:18:07](logger.py 179): id=CC_FMNIST_C10CFG_K20_E100_DT_0_9 | Ep. 33/100 - Step 250/273 (2.33 it/s) |##################  | - loss_cc=4.582 - loss_ce=2.109 - loss_ne=0.0179 - loss_div=0.000174 - threshold=0.999 - loss=6.709
/scratch/e0538389/DivClust/engine/trainer.py:41: FutureWarning: `torch.cuda.amp.autocast(args...)` is deprecated. Please use `torch.amp.autocast('cuda', args...)` instead.
  with autocast(self.mixed_precision):
/scratch/e0538389/DivClust/engine/trainer.py:41: FutureWarning: `torch.cuda.amp.autocast(args...)` is deprecated. Please use `torch.amp.autocast('cuda', args...)` instead.
  with autocast(self.mixed_precision):
[2026-03-30 11:18:17](logger.py 179): id=CC_FMNIST_C10CFG_K20_E100_DT_0_9 | Ep. 33/100 | Time: 00:01 | loss_cc=4.581 - loss_ce=2.109 - loss_ne=0.0178 - loss_div=0.000237 - threshold=0.999 - loss=6.709
[2026-03-30 11:18:19](logger.py 179): id=CC_FMNIST_C10CFG_K20_E100_DT_0_9 | Ep. 34/100 - Step 0/273 (0.0 it/s) |                    | - loss_cc=4.527 - loss_ce=2.088 - loss_ne=0.0103 - loss_div=0.00386 - threshold=0.99 - loss=6.63
/scratch/e0538389/DivClust/engine/trainer.py:41: FutureWarning: `torch.cuda.amp.autocast(args...)` is deprecated. Please use `torch.amp.autocast('cuda', args...)` instead.
  with autocast(self.mixed_precision):
[2026-03-30 11:18:30](logger.py 179): id=CC_FMNIST_C10CFG_K20_E100_DT_0_9 | Ep. 34/100 - Step 25/273 (2.31 it/s) |#                   | - loss_cc=4.568 - loss_ce=2.106 - loss_ne=0.0182 - loss_div=0.000477 - threshold=0.993 - loss=6.692
/scratch/e0538389/DivClust/engine/trainer.py:41: FutureWarning: `torch.cuda.amp.autocast(args...)` is deprecated. Please use `torch.amp.autocast('cuda', args...)` instead.
  with autocast(self.mixed_precision):
[2026-03-30 11:18:40](logger.py 179): id=CC_FMNIST_C10CFG_K20_E100_DT_0_9 | Ep. 34/100 - Step 50/273 (2.34 it/s) |###                 | - loss_cc=4.573 - loss_ce=2.107 - loss_ne=0.0198 - loss_div=0.000243 - threshold=0.996 - loss=6.701
/scratch/e0538389/DivClust/engine/trainer.py:41: FutureWarning: `torch.cuda.amp.autocast(args...)` is deprecated. Please use `torch.amp.autocast('cuda', args...)` instead.
  with autocast(self.mixed_precision):
[2026-03-30 11:18:51](logger.py 179): id=CC_FMNIST_C10CFG_K20_E100_DT_0_9 | Ep. 34/100 - Step 75/273 (2.33 it/s) |#####               | - loss_cc=4.572 - loss_ce=2.106 - loss_ne=0.0193 - loss_div=0.000163 - threshold=0.998 - loss=6.698
/scratch/e0538389/DivClust/engine/trainer.py:41: FutureWarning: `torch.cuda.amp.autocast(args...)` is deprecated. Please use `torch.amp.autocast('cuda', args...)` instead.
  with autocast(self.mixed_precision):
/scratch/e0538389/DivClust/engine/trainer.py:41: FutureWarning: `torch.cuda.amp.autocast(args...)` is deprecated. Please use `torch.amp.autocast('cuda', args...)` instead.
  with autocast(self.mixed_precision):
[2026-03-30 11:19:02](logger.py 179): id=CC_FMNIST_C10CFG_K20_E100_DT_0_9 | Ep. 34/100 - Step 100/273 (2.32 it/s) |#######             | - loss_cc=4.573 - loss_ce=2.107 - loss_ne=0.0188 - loss_div=0.000123 - threshold=0.998 - loss=6.7
/scratch/e0538389/DivClust/engine/trainer.py:41: FutureWarning: `torch.cuda.amp.autocast(args...)` is deprecated. Please use `torch.amp.autocast('cuda', args...)` instead.
  with autocast(self.mixed_precision):
[2026-03-30 11:19:12](logger.py 179): id=CC_FMNIST_C10CFG_K20_E100_DT_0_9 | Ep. 34/100 - Step 125/273 (2.33 it/s) |#########           | - loss_cc=4.576 - loss_ce=2.108 - loss_ne=0.0184 - loss_div=9.85e-05 - threshold=0.999 - loss=6.703
/scratch/e0538389/DivClust/engine/trainer.py:41: FutureWarning: `torch.cuda.amp.autocast(args...)` is deprecated. Please use `torch.amp.autocast('cuda', args...)` instead.
  with autocast(self.mixed_precision):
[2026-03-30 11:19:23](logger.py 179): id=CC_FMNIST_C10CFG_K20_E100_DT_0_9 | Ep. 34/100 - Step 150/273 (2.33 it/s) |##########          | - loss_cc=4.576 - loss_ce=2.108 - loss_ne=0.0185 - loss_div=8.22e-05 - threshold=0.999 - loss=6.702
/scratch/e0538389/DivClust/engine/trainer.py:41: FutureWarning: `torch.cuda.amp.autocast(args...)` is deprecated. Please use `torch.amp.autocast('cuda', args...)` instead.
  with autocast(self.mixed_precision):
[2026-03-30 11:19:34](logger.py 179): id=CC_FMNIST_C10CFG_K20_E100_DT_0_9 | Ep. 34/100 - Step 175/273 (2.33 it/s) |############        | - loss_cc=4.576 - loss_ce=2.108 - loss_ne=0.0189 - loss_div=7.05e-05 - threshold=0.999 - loss=6.703
/scratch/e0538389/DivClust/engine/trainer.py:41: FutureWarning: `torch.cuda.amp.autocast(args...)` is deprecated. Please use `torch.amp.autocast('cuda', args...)` instead.
  with autocast(self.mixed_precision):
/scratch/e0538389/DivClust/engine/trainer.py:41: FutureWarning: `torch.cuda.amp.autocast(args...)` is deprecated. Please use `torch.amp.autocast('cuda', args...)` instead.
  with autocast(self.mixed_precision):
[2026-03-30 11:19:45](logger.py 179): id=CC_FMNIST_C10CFG_K20_E100_DT_0_9 | Ep. 34/100 - Step 200/273 (2.32 it/s) |##############      | - loss_cc=4.576 - loss_ce=2.108 - loss_ne=0.0192 - loss_div=6.17e-05 - threshold=0.999 - loss=6.703
/scratch/e0538389/DivClust/engine/trainer.py:41: FutureWarning: `torch.cuda.amp.autocast(args...)` is deprecated. Please use `torch.amp.autocast('cuda', args...)` instead.
  with autocast(self.mixed_precision):
[2026-03-30 11:19:55](logger.py 179): id=CC_FMNIST_C10CFG_K20_E100_DT_0_9 | Ep. 34/100 - Step 225/273 (2.33 it/s) |################    | - loss_cc=4.576 - loss_ce=2.108 - loss_ne=0.019 - loss_div=5.49e-05 - threshold=0.999 - loss=6.703
/scratch/e0538389/DivClust/engine/trainer.py:41: FutureWarning: `torch.cuda.amp.autocast(args...)` is deprecated. Please use `torch.amp.autocast('cuda', args...)` instead.
  with autocast(self.mixed_precision):
[2026-03-30 11:20:06](logger.py 179): id=CC_FMNIST_C10CFG_K20_E100_DT_0_9 | Ep. 34/100 - Step 250/273 (2.34 it/s) |##################  | - loss_cc=4.577 - loss_ce=2.108 - loss_ne=0.0189 - loss_div=4.94e-05 - threshold=0.999 - loss=6.704
/scratch/e0538389/DivClust/engine/trainer.py:41: FutureWarning: `torch.cuda.amp.autocast(args...)` is deprecated. Please use `torch.amp.autocast('cuda', args...)` instead.
  with autocast(self.mixed_precision):
[2026-03-30 11:20:15](logger.py 179): id=CC_FMNIST_C10CFG_K20_E100_DT_0_9 | Ep. 34/100 | Time: 00:01 | loss_cc=4.577 - loss_ce=2.108 - loss_ne=0.0189 - loss_div=0.000143 - threshold=0.999 - loss=6.704
[2026-03-30 11:20:17](logger.py 179): id=CC_FMNIST_C10CFG_K20_E100_DT_0_9 | Ep. 35/100 - Step 0/273 (0.0 it/s) |                    | - loss_cc=4.571 - loss_ce=2.11 - loss_ne=0.0106 - loss_div=0.0 - threshold=0.99 - loss=6.692
/scratch/e0538389/DivClust/engine/trainer.py:41: FutureWarning: `torch.cuda.amp.autocast(args...)` is deprecated. Please use `torch.amp.autocast('cuda', args...)` instead.
  with autocast(self.mixed_precision):
[2026-03-30 11:20:28](logger.py 179): id=CC_FMNIST_C10CFG_K20_E100_DT_0_9 | Ep. 35/100 - Step 25/273 (2.21 it/s) |#                   | - loss_cc=4.566 - loss_ce=2.104 - loss_ne=0.0149 - loss_div=0.0 - threshold=0.998 - loss=6.685
/scratch/e0538389/DivClust/engine/trainer.py:41: FutureWarning: `torch.cuda.amp.autocast(args...)` is deprecated. Please use `torch.amp.autocast('cuda', args...)` instead.
  with autocast(self.mixed_precision):
/scratch/e0538389/DivClust/engine/trainer.py:41: FutureWarning: `torch.cuda.amp.autocast(args...)` is deprecated. Please use `torch.amp.autocast('cuda', args...)` instead.
  with autocast(self.mixed_precision):
[2026-03-30 11:20:39](logger.py 179): id=CC_FMNIST_C10CFG_K20_E100_DT_0_9 | Ep. 35/100 - Step 50/273 (2.26 it/s) |###                 | - loss_cc=4.567 - loss_ce=2.105 - loss_ne=0.0171 - loss_div=0.0 - threshold=0.999 - loss=6.689
/scratch/e0538389/DivClust/engine/trainer.py:41: FutureWarning: `torch.cuda.amp.autocast(args...)` is deprecated. Please use `torch.amp.autocast('cuda', args...)` instead.
  with autocast(self.mixed_precision):
[2026-03-30 11:20:50](logger.py 179): id=CC_FMNIST_C10CFG_K20_E100_DT_0_9 | Ep. 35/100 - Step 75/273 (2.28 it/s) |#####               | - loss_cc=4.568 - loss_ce=2.105 - loss_ne=0.0164 - loss_div=0.0 - threshold=0.999 - loss=6.689
/scratch/e0538389/DivClust/engine/trainer.py:41: FutureWarning: `torch.cuda.amp.autocast(args...)` is deprecated. Please use `torch.amp.autocast('cuda', args...)` instead.
  with autocast(self.mixed_precision):
[2026-03-30 11:21:01](logger.py 179): id=CC_FMNIST_C10CFG_K20_E100_DT_0_9 | Ep. 35/100 - Step 100/273 (2.29 it/s) |#######             | - loss_cc=4.57 - loss_ce=2.107 - loss_ne=0.017 - loss_div=0.0 - threshold=0.999 - loss=6.694
/scratch/e0538389/DivClust/engine/trainer.py:41: FutureWarning: `torch.cuda.amp.autocast(args...)` is deprecated. Please use `torch.amp.autocast('cuda', args...)` instead.
  with autocast(self.mixed_precision):
[2026-03-30 11:21:11](logger.py 179): id=CC_FMNIST_C10CFG_K20_E100_DT_0_9 | Ep. 35/100 - Step 125/273 (2.3 it/s) |#########           | - loss_cc=4.572 - loss_ce=2.107 - loss_ne=0.0174 - loss_div=0.0 - threshold=1.0 - loss=6.697
/scratch/e0538389/DivClust/engine/trainer.py:41: FutureWarning: `torch.cuda.amp.autocast(args...)` is deprecated. Please use `torch.amp.autocast('cuda', args...)` instead.
  with autocast(self.mixed_precision):
/scratch/e0538389/DivClust/engine/trainer.py:41: FutureWarning: `torch.cuda.amp.autocast(args...)` is deprecated. Please use `torch.amp.autocast('cuda', args...)` instead.
  with autocast(self.mixed_precision):
[2026-03-30 11:21:22](logger.py 179): id=CC_FMNIST_C10CFG_K20_E100_DT_0_9 | Ep. 35/100 - Step 150/273 (2.31 it/s) |##########          | - loss_cc=4.574 - loss_ce=2.108 - loss_ne=0.0171 - loss_div=0.0 - threshold=1.0 - loss=6.699
/scratch/e0538389/DivClust/engine/trainer.py:41: FutureWarning: `torch.cuda.amp.autocast(args...)` is deprecated. Please use `torch.amp.autocast('cuda', args...)` instead.
  with autocast(self.mixed_precision):
[2026-03-30 11:21:33](logger.py 179): id=CC_FMNIST_C10CFG_K20_E100_DT_0_9 | Ep. 35/100 - Step 175/273 (2.32 it/s) |############        | - loss_cc=4.575 - loss_ce=2.109 - loss_ne=0.0171 - loss_div=0.0 - threshold=1.0 - loss=6.701
/scratch/e0538389/DivClust/engine/trainer.py:41: FutureWarning: `torch.cuda.amp.autocast(args...)` is deprecated. Please use `torch.amp.autocast('cuda', args...)` instead.
  with autocast(self.mixed_precision):
[2026-03-30 11:21:43](logger.py 179): id=CC_FMNIST_C10CFG_K20_E100_DT_0_9 | Ep. 35/100 - Step 200/273 (2.32 it/s) |##############      | - loss_cc=4.575 - loss_ce=2.109 - loss_ne=0.017 - loss_div=0.0 - threshold=1.0 - loss=6.701
/scratch/e0538389/DivClust/engine/trainer.py:41: FutureWarning: `torch.cuda.amp.autocast(args...)` is deprecated. Please use `torch.amp.autocast('cuda', args...)` instead.
  with autocast(self.mixed_precision):
[2026-03-30 11:21:54](logger.py 179): id=CC_FMNIST_C10CFG_K20_E100_DT_0_9 | Ep. 35/100 - Step 225/273 (2.32 it/s) |################    | - loss_cc=4.575 - loss_ce=2.109 - loss_ne=0.0172 - loss_div=0.000189 - threshold=0.999 - loss=6.701
/scratch/e0538389/DivClust/engine/trainer.py:41: FutureWarning: `torch.cuda.amp.autocast(args...)` is deprecated. Please use `torch.amp.autocast('cuda', args...)` instead.
  with autocast(self.mixed_precision):
/scratch/e0538389/DivClust/engine/trainer.py:41: FutureWarning: `torch.cuda.amp.autocast(args...)` is deprecated. Please use `torch.amp.autocast('cuda', args...)` instead.
  with autocast(self.mixed_precision):
[2026-03-30 11:22:05](logger.py 179): id=CC_FMNIST_C10CFG_K20_E100_DT_0_9 | Ep. 35/100 - Step 250/273 (2.32 it/s) |##################  | - loss_cc=4.575 - loss_ce=2.108 - loss_ne=0.0173 - loss_div=0.00017 - threshold=0.999 - loss=6.7
/scratch/e0538389/DivClust/engine/trainer.py:41: FutureWarning: `torch.cuda.amp.autocast(args...)` is deprecated. Please use `torch.amp.autocast('cuda', args...)` instead.
  with autocast(self.mixed_precision):
[2026-03-30 11:22:14](logger.py 179): id=CC_FMNIST_C10CFG_K20_E100_DT_0_9 | Ep. 35/100 | Time: 00:01 | loss_cc=4.575 - loss_ce=2.108 - loss_ne=0.0172 - loss_div=0.000156 - threshold=0.999 - loss=6.701
[2026-03-30 11:22:17](logger.py 179): id=CC_FMNIST_C10CFG_K20_E100_DT_0_9 | Ep. 36/100 - Step 0/273 (0.0 it/s) |                    | - loss_cc=4.541 - loss_ce=2.094 - loss_ne=0.00618 - loss_div=0.0 - threshold=1.0 - loss=6.641
/scratch/e0538389/DivClust/engine/trainer.py:41: FutureWarning: `torch.cuda.amp.autocast(args...)` is deprecated. Please use `torch.amp.autocast('cuda', args...)` instead.
  with autocast(self.mixed_precision):
[2026-03-30 11:22:28](logger.py 179): id=CC_FMNIST_C10CFG_K20_E100_DT_0_9 | Ep. 36/100 - Step 25/273 (2.32 it/s) |#                   | - loss_cc=4.572 - loss_ce=2.106 - loss_ne=0.0171 - loss_div=0.0 - threshold=1.0 - loss=6.695
/scratch/e0538389/DivClust/engine/trainer.py:41: FutureWarning: `torch.cuda.amp.autocast(args...)` is deprecated. Please use `torch.amp.autocast('cuda', args...)` instead.
  with autocast(self.mixed_precision):
[2026-03-30 11:22:39](logger.py 179): id=CC_FMNIST_C10CFG_K20_E100_DT_0_9 | Ep. 36/100 - Step 50/273 (2.32 it/s) |###                 | - loss_cc=4.577 - loss_ce=2.108 - loss_ne=0.0159 - loss_div=0.0 - threshold=1.0 - loss=6.701
/scratch/e0538389/DivClust/engine/trainer.py:41: FutureWarning: `torch.cuda.amp.autocast(args...)` is deprecated. Please use `torch.amp.autocast('cuda', args...)` instead.
  with autocast(self.mixed_precision):
/scratch/e0538389/DivClust/engine/trainer.py:41: FutureWarning: `torch.cuda.amp.autocast(args...)` is deprecated. Please use `torch.amp.autocast('cuda', args...)` instead.
  with autocast(self.mixed_precision):
[2026-03-30 11:22:50](logger.py 179): id=CC_FMNIST_C10CFG_K20_E100_DT_0_9 | Ep. 36/100 - Step 75/273 (2.31 it/s) |#####               | - loss_cc=4.577 - loss_ce=2.108 - loss_ne=0.0169 - loss_div=0.0 - threshold=1.0 - loss=6.702
/scratch/e0538389/DivClust/engine/trainer.py:41: FutureWarning: `torch.cuda.amp.autocast(args...)` is deprecated. Please use `torch.amp.autocast('cuda', args...)` instead.
  with autocast(self.mixed_precision):
[2026-03-30 11:23:00](logger.py 179): id=CC_FMNIST_C10CFG_K20_E100_DT_0_9 | Ep. 36/100 - Step 100/273 (2.33 it/s) |#######             | - loss_cc=4.575 - loss_ce=2.108 - loss_ne=0.0183 - loss_div=0.0 - threshold=1.0 - loss=6.701
/scratch/e0538389/DivClust/engine/trainer.py:41: FutureWarning: `torch.cuda.amp.autocast(args...)` is deprecated. Please use `torch.amp.autocast('cuda', args...)` instead.
  with autocast(self.mixed_precision):
[2026-03-30 11:23:10](logger.py 179): id=CC_FMNIST_C10CFG_K20_E100_DT_0_9 | Ep. 36/100 - Step 125/273 (2.34 it/s) |#########           | - loss_cc=4.577 - loss_ce=2.108 - loss_ne=0.0187 - loss_div=0.0 - threshold=1.0 - loss=6.704
/scratch/e0538389/DivClust/engine/trainer.py:41: FutureWarning: `torch.cuda.amp.autocast(args...)` is deprecated. Please use `torch.amp.autocast('cuda', args...)` instead.
  with autocast(self.mixed_precision):
[2026-03-30 11:23:21](logger.py 179): id=CC_FMNIST_C10CFG_K20_E100_DT_0_9 | Ep. 36/100 - Step 150/273 (2.35 it/s) |##########          | - loss_cc=4.577 - loss_ce=2.108 - loss_ne=0.0183 - loss_div=0.0 - threshold=1.0 - loss=6.703
/scratch/e0538389/DivClust/engine/trainer.py:41: FutureWarning: `torch.cuda.amp.autocast(args...)` is deprecated. Please use `torch.amp.autocast('cuda', args...)` instead.
  with autocast(self.mixed_precision):
/scratch/e0538389/DivClust/engine/trainer.py:41: FutureWarning: `torch.cuda.amp.autocast(args...)` is deprecated. Please use `torch.amp.autocast('cuda', args...)` instead.
  with autocast(self.mixed_precision):
[2026-03-30 11:23:32](logger.py 179): id=CC_FMNIST_C10CFG_K20_E100_DT_0_9 | Ep. 36/100 - Step 175/273 (2.35 it/s) |############        | - loss_cc=4.576 - loss_ce=2.108 - loss_ne=0.0185 - loss_div=0.000245 - threshold=1.0 - loss=6.702
/scratch/e0538389/DivClust/engine/trainer.py:41: FutureWarning: `torch.cuda.amp.autocast(args...)` is deprecated. Please use `torch.amp.autocast('cuda', args...)` instead.
  with autocast(self.mixed_precision):
[2026-03-30 11:23:42](logger.py 179): id=CC_FMNIST_C10CFG_K20_E100_DT_0_9 | Ep. 36/100 - Step 200/273 (2.35 it/s) |##############      | - loss_cc=4.576 - loss_ce=2.108 - loss_ne=0.0182 - loss_div=0.000242 - threshold=0.999 - loss=6.702
/scratch/e0538389/DivClust/engine/trainer.py:41: FutureWarning: `torch.cuda.amp.autocast(args...)` is deprecated. Please use `torch.amp.autocast('cuda', args...)` instead.
  with autocast(self.mixed_precision):
[2026-03-30 11:23:53](logger.py 179): id=CC_FMNIST_C10CFG_K20_E100_DT_0_9 | Ep. 36/100 - Step 225/273 (2.36 it/s) |################    | - loss_cc=4.575 - loss_ce=2.108 - loss_ne=0.0182 - loss_div=0.000215 - threshold=0.999 - loss=6.701
/scratch/e0538389/DivClust/engine/trainer.py:41: FutureWarning: `torch.cuda.amp.autocast(args...)` is deprecated. Please use `torch.amp.autocast('cuda', args...)` instead.
  with autocast(self.mixed_precision):
[2026-03-30 11:24:03](logger.py 179): id=CC_FMNIST_C10CFG_K20_E100_DT_0_9 | Ep. 36/100 - Step 250/273 (2.36 it/s) |##################  | - loss_cc=4.575 - loss_ce=2.107 - loss_ne=0.0181 - loss_div=0.000194 - threshold=0.999 - loss=6.7
/scratch/e0538389/DivClust/engine/trainer.py:41: FutureWarning: `torch.cuda.amp.autocast(args...)` is deprecated. Please use `torch.amp.autocast('cuda', args...)` instead.
  with autocast(self.mixed_precision):
[2026-03-30 11:24:13](logger.py 179): id=CC_FMNIST_C10CFG_K20_E100_DT_0_9 | Ep. 36/100 | Time: 00:01 | loss_cc=4.575 - loss_ce=2.108 - loss_ne=0.0181 - loss_div=0.000178 - threshold=0.999 - loss=6.701
/scratch/e0538389/DivClust/engine/trainer.py:41: FutureWarning: `torch.cuda.amp.autocast(args...)` is deprecated. Please use `torch.amp.autocast('cuda', args...)` instead.
  with autocast(self.mixed_precision):
[2026-03-30 11:24:15](logger.py 179): id=CC_FMNIST_C10CFG_K20_E100_DT_0_9 | Ep. 37/100 - Step 0/273 (0.0 it/s) |                    | - loss_cc=4.586 - loss_ce=2.121 - loss_ne=0.00825 - loss_div=0.0 - threshold=1.0 - loss=6.715
/scratch/e0538389/DivClust/engine/trainer.py:41: FutureWarning: `torch.cuda.amp.autocast(args...)` is deprecated. Please use `torch.amp.autocast('cuda', args...)` instead.
  with autocast(self.mixed_precision):
[2026-03-30 11:24:25](logger.py 179): id=CC_FMNIST_C10CFG_K20_E100_DT_0_9 | Ep. 37/100 - Step 25/273 (2.37 it/s) |#                   | - loss_cc=4.57 - loss_ce=2.108 - loss_ne=0.0169 - loss_div=0.0 - threshold=1.0 - loss=6.695
/scratch/e0538389/DivClust/engine/trainer.py:41: FutureWarning: `torch.cuda.amp.autocast(args...)` is deprecated. Please use `torch.amp.autocast('cuda', args...)` instead.
  with autocast(self.mixed_precision):
[2026-03-30 11:24:36](logger.py 179): id=CC_FMNIST_C10CFG_K20_E100_DT_0_9 | Ep. 37/100 - Step 50/273 (2.38 it/s) |###                 | - loss_cc=4.566 - loss_ce=2.106 - loss_ne=0.0172 - loss_div=0.0 - threshold=1.0 - loss=6.689
/scratch/e0538389/DivClust/engine/trainer.py:41: FutureWarning: `torch.cuda.amp.autocast(args...)` is deprecated. Please use `torch.amp.autocast('cuda', args...)` instead.
  with autocast(self.mixed_precision):
[2026-03-30 11:24:46](logger.py 179): id=CC_FMNIST_C10CFG_K20_E100_DT_0_9 | Ep. 37/100 - Step 75/273 (2.38 it/s) |#####               | - loss_cc=4.568 - loss_ce=2.106 - loss_ne=0.0169 - loss_div=0.0 - threshold=1.0 - loss=6.691
/scratch/e0538389/DivClust/engine/trainer.py:41: FutureWarning: `torch.cuda.amp.autocast(args...)` is deprecated. Please use `torch.amp.autocast('cuda', args...)` instead.
  with autocast(self.mixed_precision):
/scratch/e0538389/DivClust/engine/trainer.py:41: FutureWarning: `torch.cuda.amp.autocast(args...)` is deprecated. Please use `torch.amp.autocast('cuda', args...)` instead.
  with autocast(self.mixed_precision):
[2026-03-30 11:24:57](logger.py 179): id=CC_FMNIST_C10CFG_K20_E100_DT_0_9 | Ep. 37/100 - Step 100/273 (2.37 it/s) |#######             | - loss_cc=4.57 - loss_ce=2.107 - loss_ne=0.0169 - loss_div=0.0 - threshold=1.0 - loss=6.694
/scratch/e0538389/DivClust/engine/trainer.py:41: FutureWarning: `torch.cuda.amp.autocast(args...)` is deprecated. Please use `torch.amp.autocast('cuda', args...)` instead.
  with autocast(self.mixed_precision):
[2026-03-30 11:25:07](logger.py 179): id=CC_FMNIST_C10CFG_K20_E100_DT_0_9 | Ep. 37/100 - Step 125/273 (2.38 it/s) |#########           | - loss_cc=4.569 - loss_ce=2.107 - loss_ne=0.0169 - loss_div=0.0 - threshold=1.0 - loss=6.693
/scratch/e0538389/DivClust/engine/trainer.py:41: FutureWarning: `torch.cuda.amp.autocast(args...)` is deprecated. Please use `torch.amp.autocast('cuda', args...)` instead.
  with autocast(self.mixed_precision):
[2026-03-30 11:25:18](logger.py 179): id=CC_FMNIST_C10CFG_K20_E100_DT_0_9 | Ep. 37/100 - Step 150/273 (2.38 it/s) |##########          | - loss_cc=4.571 - loss_ce=2.107 - loss_ne=0.0172 - loss_div=0.0 - threshold=1.0 - loss=6.695
/scratch/e0538389/DivClust/engine/trainer.py:41: FutureWarning: `torch.cuda.amp.autocast(args...)` is deprecated. Please use `torch.amp.autocast('cuda', args...)` instead.
  with autocast(self.mixed_precision):
[2026-03-30 11:25:28](logger.py 179): id=CC_FMNIST_C10CFG_K20_E100_DT_0_9 | Ep. 37/100 - Step 175/273 (2.38 it/s) |############        | - loss_cc=4.57 - loss_ce=2.106 - loss_ne=0.0174 - loss_div=0.0 - threshold=1.0 - loss=6.694
/scratch/e0538389/DivClust/engine/trainer.py:41: FutureWarning: `torch.cuda.amp.autocast(args...)` is deprecated. Please use `torch.amp.autocast('cuda', args...)` instead.
  with autocast(self.mixed_precision):
/scratch/e0538389/DivClust/engine/trainer.py:41: FutureWarning: `torch.cuda.amp.autocast(args...)` is deprecated. Please use `torch.amp.autocast('cuda', args...)` instead.
  with autocast(self.mixed_precision):
[2026-03-30 11:25:39](logger.py 179): id=CC_FMNIST_C10CFG_K20_E100_DT_0_9 | Ep. 37/100 - Step 200/273 (2.37 it/s) |##############      | - loss_cc=4.571 - loss_ce=2.106 - loss_ne=0.0175 - loss_div=8.8e-05 - threshold=1.0 - loss=6.695
/scratch/e0538389/DivClust/engine/trainer.py:41: FutureWarning: `torch.cuda.amp.autocast(args...)` is deprecated. Please use `torch.amp.autocast('cuda', args...)` instead.
  with autocast(self.mixed_precision):
[2026-03-30 11:25:49](logger.py 179): id=CC_FMNIST_C10CFG_K20_E100_DT_0_9 | Ep. 37/100 - Step 225/273 (2.38 it/s) |################    | - loss_cc=4.571 - loss_ce=2.107 - loss_ne=0.0176 - loss_div=0.000123 - threshold=0.999 - loss=6.695
/scratch/e0538389/DivClust/engine/trainer.py:41: FutureWarning: `torch.cuda.amp.autocast(args...)` is deprecated. Please use `torch.amp.autocast('cuda', args...)` instead.
  with autocast(self.mixed_precision):
[2026-03-30 11:26:00](logger.py 179): id=CC_FMNIST_C10CFG_K20_E100_DT_0_9 | Ep. 37/100 - Step 250/273 (2.38 it/s) |##################  | - loss_cc=4.572 - loss_ce=2.107 - loss_ne=0.0176 - loss_div=0.00011 - threshold=0.999 - loss=6.696
/scratch/e0538389/DivClust/engine/trainer.py:41: FutureWarning: `torch.cuda.amp.autocast(args...)` is deprecated. Please use `torch.amp.autocast('cuda', args...)` instead.
  with autocast(self.mixed_precision):
[2026-03-30 11:26:09](logger.py 179): id=CC_FMNIST_C10CFG_K20_E100_DT_0_9 | Ep. 37/100 | Time: 00:01 | loss_cc=4.571 - loss_ce=2.107 - loss_ne=0.0177 - loss_div=0.000101 - threshold=0.999 - loss=6.696
[2026-03-30 11:26:12](logger.py 179): id=CC_FMNIST_C10CFG_K20_E100_DT_0_9 | Ep. 38/100 - Step 0/273 (0.0 it/s) |                    | - loss_cc=4.578 - loss_ce=2.111 - loss_ne=0.022 - loss_div=0.0 - threshold=1.0 - loss=6.712
/scratch/e0538389/DivClust/engine/trainer.py:41: FutureWarning: `torch.cuda.amp.autocast(args...)` is deprecated. Please use `torch.amp.autocast('cuda', args...)` instead.
  with autocast(self.mixed_precision):
[2026-03-30 11:26:23](logger.py 179): id=CC_FMNIST_C10CFG_K20_E100_DT_0_9 | Ep. 38/100 - Step 25/273 (2.29 it/s) |#                   | - loss_cc=4.572 - loss_ce=2.107 - loss_ne=0.0197 - loss_div=0.0 - threshold=1.0 - loss=6.699
/scratch/e0538389/DivClust/engine/trainer.py:41: FutureWarning: `torch.cuda.amp.autocast(args...)` is deprecated. Please use `torch.amp.autocast('cuda', args...)` instead.
  with autocast(self.mixed_precision):
/scratch/e0538389/DivClust/engine/trainer.py:41: FutureWarning: `torch.cuda.amp.autocast(args...)` is deprecated. Please use `torch.amp.autocast('cuda', args...)` instead.
  with autocast(self.mixed_precision):
[2026-03-30 11:26:34](logger.py 179): id=CC_FMNIST_C10CFG_K20_E100_DT_0_9 | Ep. 38/100 - Step 50/273 (2.26 it/s) |###                 | - loss_cc=4.569 - loss_ce=2.106 - loss_ne=0.0197 - loss_div=0.0 - threshold=1.0 - loss=6.695
/scratch/e0538389/DivClust/engine/trainer.py:41: FutureWarning: `torch.cuda.amp.autocast(args...)` is deprecated. Please use `torch.amp.autocast('cuda', args...)` instead.
  with autocast(self.mixed_precision):
[2026-03-30 11:26:45](logger.py 179): id=CC_FMNIST_C10CFG_K20_E100_DT_0_9 | Ep. 38/100 - Step 75/273 (2.28 it/s) |#####               | - loss_cc=4.567 - loss_ce=2.105 - loss_ne=0.0181 - loss_div=0.0 - threshold=1.0 - loss=6.69
/scratch/e0538389/DivClust/engine/trainer.py:41: FutureWarning: `torch.cuda.amp.autocast(args...)` is deprecated. Please use `torch.amp.autocast('cuda', args...)` instead.
  with autocast(self.mixed_precision):
[2026-03-30 11:26:55](logger.py 179): id=CC_FMNIST_C10CFG_K20_E100_DT_0_9 | Ep. 38/100 - Step 100/273 (2.29 it/s) |#######             | - loss_cc=4.57 - loss_ce=2.106 - loss_ne=0.0176 - loss_div=0.0 - threshold=1.0 - loss=6.694
/scratch/e0538389/DivClust/engine/trainer.py:41: FutureWarning: `torch.cuda.amp.autocast(args...)` is deprecated. Please use `torch.amp.autocast('cuda', args...)` instead.
  with autocast(self.mixed_precision):
[2026-03-30 11:27:06](logger.py 179): id=CC_FMNIST_C10CFG_K20_E100_DT_0_9 | Ep. 38/100 - Step 125/273 (2.3 it/s) |#########           | - loss_cc=4.571 - loss_ce=2.106 - loss_ne=0.018 - loss_div=0.0 - threshold=1.0 - loss=6.695
/scratch/e0538389/DivClust/engine/trainer.py:41: FutureWarning: `torch.cuda.amp.autocast(args...)` is deprecated. Please use `torch.amp.autocast('cuda', args...)` instead.
  with autocast(self.mixed_precision):
/scratch/e0538389/DivClust/engine/trainer.py:41: FutureWarning: `torch.cuda.amp.autocast(args...)` is deprecated. Please use `torch.amp.autocast('cuda', args...)` instead.
  with autocast(self.mixed_precision):
[2026-03-30 11:27:17](logger.py 179): id=CC_FMNIST_C10CFG_K20_E100_DT_0_9 | Ep. 38/100 - Step 150/273 (2.28 it/s) |##########          | - loss_cc=4.571 - loss_ce=2.106 - loss_ne=0.0178 - loss_div=0.0 - threshold=1.0 - loss=6.694
/scratch/e0538389/DivClust/engine/trainer.py:41: FutureWarning: `torch.cuda.amp.autocast(args...)` is deprecated. Please use `torch.amp.autocast('cuda', args...)` instead.
  with autocast(self.mixed_precision):
[2026-03-30 11:27:28](logger.py 179): id=CC_FMNIST_C10CFG_K20_E100_DT_0_9 | Ep. 38/100 - Step 175/273 (2.29 it/s) |############        | - loss_cc=4.57 - loss_ce=2.106 - loss_ne=0.0179 - loss_div=0.000331 - threshold=0.999 - loss=6.695
/scratch/e0538389/DivClust/engine/trainer.py:41: FutureWarning: `torch.cuda.amp.autocast(args...)` is deprecated. Please use `torch.amp.autocast('cuda', args...)` instead.
  with autocast(self.mixed_precision):
[2026-03-30 11:27:39](logger.py 179): id=CC_FMNIST_C10CFG_K20_E100_DT_0_9 | Ep. 38/100 - Step 200/273 (2.29 it/s) |##############      | - loss_cc=4.57 - loss_ce=2.106 - loss_ne=0.0183 - loss_div=0.00029 - threshold=0.999 - loss=6.694
/scratch/e0538389/DivClust/engine/trainer.py:41: FutureWarning: `torch.cuda.amp.autocast(args...)` is deprecated. Please use `torch.amp.autocast('cuda', args...)` instead.
  with autocast(self.mixed_precision):
[2026-03-30 11:27:50](logger.py 179): id=CC_FMNIST_C10CFG_K20_E100_DT_0_9 | Ep. 38/100 - Step 225/273 (2.3 it/s) |################    | - loss_cc=4.57 - loss_ce=2.106 - loss_ne=0.0186 - loss_div=0.000258 - threshold=0.999 - loss=6.695
/scratch/e0538389/DivClust/engine/trainer.py:41: FutureWarning: `torch.cuda.amp.autocast(args...)` is deprecated. Please use `torch.amp.autocast('cuda', args...)` instead.
  with autocast(self.mixed_precision):
/scratch/e0538389/DivClust/engine/trainer.py:41: FutureWarning: `torch.cuda.amp.autocast(args...)` is deprecated. Please use `torch.amp.autocast('cuda', args...)` instead.
  with autocast(self.mixed_precision):
[2026-03-30 11:28:00](logger.py 179): id=CC_FMNIST_C10CFG_K20_E100_DT_0_9 | Ep. 38/100 - Step 250/273 (2.3 it/s) |##################  | - loss_cc=4.57 - loss_ce=2.106 - loss_ne=0.0184 - loss_div=0.000232 - threshold=0.999 - loss=6.694
/scratch/e0538389/DivClust/engine/trainer.py:41: FutureWarning: `torch.cuda.amp.autocast(args...)` is deprecated. Please use `torch.amp.autocast('cuda', args...)` instead.
  with autocast(self.mixed_precision):
[2026-03-30 11:28:10](logger.py 179): id=CC_FMNIST_C10CFG_K20_E100_DT_0_9 | Ep. 38/100 | Time: 00:01 | loss_cc=4.569 - loss_ce=2.105 - loss_ne=0.0185 - loss_div=0.000214 - threshold=0.999 - loss=6.693
[2026-03-30 11:28:12](logger.py 179): id=CC_FMNIST_C10CFG_K20_E100_DT_0_9 | Ep. 39/100 - Step 0/273 (0.0 it/s) |                    | - loss_cc=4.619 - loss_ce=2.114 - loss_ne=0.0241 - loss_div=0.0 - threshold=1.0 - loss=6.758
/scratch/e0538389/DivClust/engine/trainer.py:41: FutureWarning: `torch.cuda.amp.autocast(args...)` is deprecated. Please use `torch.amp.autocast('cuda', args...)` instead.
  with autocast(self.mixed_precision):
[2026-03-30 11:28:23](logger.py 179): id=CC_FMNIST_C10CFG_K20_E100_DT_0_9 | Ep. 39/100 - Step 25/273 (2.31 it/s) |#                   | - loss_cc=4.571 - loss_ce=2.104 - loss_ne=0.0182 - loss_div=0.0 - threshold=1.0 - loss=6.692
/scratch/e0538389/DivClust/engine/trainer.py:41: FutureWarning: `torch.cuda.amp.autocast(args...)` is deprecated. Please use `torch.amp.autocast('cuda', args...)` instead.
  with autocast(self.mixed_precision):
[2026-03-30 11:28:34](logger.py 179): id=CC_FMNIST_C10CFG_K20_E100_DT_0_9 | Ep. 39/100 - Step 50/273 (2.32 it/s) |###                 | - loss_cc=4.572 - loss_ce=2.106 - loss_ne=0.0184 - loss_div=0.0 - threshold=1.0 - loss=6.696
/scratch/e0538389/DivClust/engine/trainer.py:41: FutureWarning: `torch.cuda.amp.autocast(args...)` is deprecated. Please use `torch.amp.autocast('cuda', args...)` instead.
  with autocast(self.mixed_precision):
/scratch/e0538389/DivClust/engine/trainer.py:41: FutureWarning: `torch.cuda.amp.autocast(args...)` is deprecated. Please use `torch.amp.autocast('cuda', args...)` instead.
  with autocast(self.mixed_precision):
[2026-03-30 11:28:45](logger.py 179): id=CC_FMNIST_C10CFG_K20_E100_DT_0_9 | Ep. 39/100 - Step 75/273 (2.29 it/s) |#####               | - loss_cc=4.573 - loss_ce=2.106 - loss_ne=0.0181 - loss_div=0.0 - threshold=1.0 - loss=6.697
/scratch/e0538389/DivClust/engine/trainer.py:41: FutureWarning: `torch.cuda.amp.autocast(args...)` is deprecated. Please use `torch.amp.autocast('cuda', args...)` instead.
  with autocast(self.mixed_precision):
[2026-03-30 11:28:56](logger.py 179): id=CC_FMNIST_C10CFG_K20_E100_DT_0_9 | Ep. 39/100 - Step 100/273 (2.3 it/s) |#######             | - loss_cc=4.572 - loss_ce=2.106 - loss_ne=0.0178 - loss_div=0.0 - threshold=1.0 - loss=6.696
/scratch/e0538389/DivClust/engine/trainer.py:41: FutureWarning: `torch.cuda.amp.autocast(args...)` is deprecated. Please use `torch.amp.autocast('cuda', args...)` instead.
  with autocast(self.mixed_precision):
[2026-03-30 11:29:07](logger.py 179): id=CC_FMNIST_C10CFG_K20_E100_DT_0_9 | Ep. 39/100 - Step 125/273 (2.3 it/s) |#########           | - loss_cc=4.573 - loss_ce=2.106 - loss_ne=0.0185 - loss_div=0.0 - threshold=1.0 - loss=6.698
/scratch/e0538389/DivClust/engine/trainer.py:41: FutureWarning: `torch.cuda.amp.autocast(args...)` is deprecated. Please use `torch.amp.autocast('cuda', args...)` instead.
  with autocast(self.mixed_precision):
[2026-03-30 11:29:17](logger.py 179): id=CC_FMNIST_C10CFG_K20_E100_DT_0_9 | Ep. 39/100 - Step 150/273 (2.31 it/s) |##########          | - loss_cc=4.572 - loss_ce=2.106 - loss_ne=0.0181 - loss_div=0.0 - threshold=1.0 - loss=6.696
/scratch/e0538389/DivClust/engine/trainer.py:41: FutureWarning: `torch.cuda.amp.autocast(args...)` is deprecated. Please use `torch.amp.autocast('cuda', args...)` instead.
  with autocast(self.mixed_precision):
/scratch/e0538389/DivClust/engine/trainer.py:41: FutureWarning: `torch.cuda.amp.autocast(args...)` is deprecated. Please use `torch.amp.autocast('cuda', args...)` instead.
  with autocast(self.mixed_precision):
[2026-03-30 11:29:28](logger.py 179): id=CC_FMNIST_C10CFG_K20_E100_DT_0_9 | Ep. 39/100 - Step 175/273 (2.3 it/s) |############        | - loss_cc=4.57 - loss_ce=2.106 - loss_ne=0.0178 - loss_div=0.000168 - threshold=1.0 - loss=6.694
/scratch/e0538389/DivClust/engine/trainer.py:41: FutureWarning: `torch.cuda.amp.autocast(args...)` is deprecated. Please use `torch.amp.autocast('cuda', args...)` instead.
  with autocast(self.mixed_precision):
[2026-03-30 11:29:39](logger.py 179): id=CC_FMNIST_C10CFG_K20_E100_DT_0_9 | Ep. 39/100 - Step 200/273 (2.3 it/s) |##############      | - loss_cc=4.571 - loss_ce=2.106 - loss_ne=0.0179 - loss_div=0.000208 - threshold=0.999 - loss=6.695
/scratch/e0538389/DivClust/engine/trainer.py:41: FutureWarning: `torch.cuda.amp.autocast(args...)` is deprecated. Please use `torch.amp.autocast('cuda', args...)` instead.
  with autocast(self.mixed_precision):
[2026-03-30 11:29:50](logger.py 179): id=CC_FMNIST_C10CFG_K20_E100_DT_0_9 | Ep. 39/100 - Step 225/273 (2.3 it/s) |################    | - loss_cc=4.571 - loss_ce=2.106 - loss_ne=0.0177 - loss_div=0.000185 - threshold=0.999 - loss=6.695
/scratch/e0538389/DivClust/engine/trainer.py:41: FutureWarning: `torch.cuda.amp.autocast(args...)` is deprecated. Please use `torch.amp.autocast('cuda', args...)` instead.
  with autocast(self.mixed_precision):
[2026-03-30 11:30:01](logger.py 179): id=CC_FMNIST_C10CFG_K20_E100_DT_0_9 | Ep. 39/100 - Step 250/273 (2.3 it/s) |##################  | - loss_cc=4.57 - loss_ce=2.106 - loss_ne=0.0178 - loss_div=0.000167 - threshold=0.999 - loss=6.694
/scratch/e0538389/DivClust/engine/trainer.py:41: FutureWarning: `torch.cuda.amp.autocast(args...)` is deprecated. Please use `torch.amp.autocast('cuda', args...)` instead.
  with autocast(self.mixed_precision):
[2026-03-30 11:30:10](logger.py 179): id=CC_FMNIST_C10CFG_K20_E100_DT_0_9 | Ep. 39/100 | Time: 00:01 | loss_cc=4.57 - loss_ce=2.106 - loss_ne=0.0176 - loss_div=0.000153 - threshold=0.999 - loss=6.694
[2026-03-30 11:30:12](logger.py 179): id=CC_FMNIST_C10CFG_K20_E100_DT_0_9 | Ep. 40/100 - Step 0/273 (0.0 it/s) |                    | - loss_cc=4.576 - loss_ce=2.109 - loss_ne=0.0121 - loss_div=0.0 - threshold=1.0 - loss=6.697
/scratch/e0538389/DivClust/engine/trainer.py:41: FutureWarning: `torch.cuda.amp.autocast(args...)` is deprecated. Please use `torch.amp.autocast('cuda', args...)` instead.
  with autocast(self.mixed_precision):
/scratch/e0538389/DivClust/engine/trainer.py:41: FutureWarning: `torch.cuda.amp.autocast(args...)` is deprecated. Please use `torch.amp.autocast('cuda', args...)` instead.
  with autocast(self.mixed_precision):
[2026-03-30 11:30:23](logger.py 179): id=CC_FMNIST_C10CFG_K20_E100_DT_0_9 | Ep. 40/100 - Step 25/273 (2.32 it/s) |#                   | - loss_cc=4.563 - loss_ce=2.103 - loss_ne=0.0146 - loss_div=0.0 - threshold=1.0 - loss=6.68
/scratch/e0538389/DivClust/engine/trainer.py:41: FutureWarning: `torch.cuda.amp.autocast(args...)` is deprecated. Please use `torch.amp.autocast('cuda', args...)` instead.
  with autocast(self.mixed_precision):
[2026-03-30 11:30:34](logger.py 179): id=CC_FMNIST_C10CFG_K20_E100_DT_0_9 | Ep. 40/100 - Step 50/273 (2.32 it/s) |###                 | - loss_cc=4.566 - loss_ce=2.105 - loss_ne=0.0151 - loss_div=0.0 - threshold=1.0 - loss=6.686
/scratch/e0538389/DivClust/engine/trainer.py:41: FutureWarning: `torch.cuda.amp.autocast(args...)` is deprecated. Please use `torch.amp.autocast('cuda', args...)` instead.
  with autocast(self.mixed_precision):
[2026-03-30 11:30:45](logger.py 179): id=CC_FMNIST_C10CFG_K20_E100_DT_0_9 | Ep. 40/100 - Step 75/273 (2.32 it/s) |#####               | - loss_cc=4.566 - loss_ce=2.104 - loss_ne=0.0158 - loss_div=0.0 - threshold=1.0 - loss=6.686
/scratch/e0538389/DivClust/engine/trainer.py:41: FutureWarning: `torch.cuda.amp.autocast(args...)` is deprecated. Please use `torch.amp.autocast('cuda', args...)` instead.
  with autocast(self.mixed_precision):
[2026-03-30 11:30:56](logger.py 179): id=CC_FMNIST_C10CFG_K20_E100_DT_0_9 | Ep. 40/100 - Step 100/273 (2.3 it/s) |#######             | - loss_cc=4.566 - loss_ce=2.105 - loss_ne=0.0165 - loss_div=0.0 - threshold=1.0 - loss=6.687
/scratch/e0538389/DivClust/engine/trainer.py:41: FutureWarning: `torch.cuda.amp.autocast(args...)` is deprecated. Please use `torch.amp.autocast('cuda', args...)` instead.
  with autocast(self.mixed_precision):
/scratch/e0538389/DivClust/engine/trainer.py:41: FutureWarning: `torch.cuda.amp.autocast(args...)` is deprecated. Please use `torch.amp.autocast('cuda', args...)` instead.
  with autocast(self.mixed_precision):
[2026-03-30 11:31:06](logger.py 179): id=CC_FMNIST_C10CFG_K20_E100_DT_0_9 | Ep. 40/100 - Step 125/273 (2.31 it/s) |#########           | - loss_cc=4.567 - loss_ce=2.104 - loss_ne=0.0163 - loss_div=0.0 - threshold=1.0 - loss=6.688
/scratch/e0538389/DivClust/engine/trainer.py:41: FutureWarning: `torch.cuda.amp.autocast(args...)` is deprecated. Please use `torch.amp.autocast('cuda', args...)` instead.
  with autocast(self.mixed_precision):
[2026-03-30 11:31:17](logger.py 179): id=CC_FMNIST_C10CFG_K20_E100_DT_0_9 | Ep. 40/100 - Step 150/273 (2.32 it/s) |##########          | - loss_cc=4.566 - loss_ce=2.104 - loss_ne=0.0164 - loss_div=0.0 - threshold=1.0 - loss=6.687
/scratch/e0538389/DivClust/engine/trainer.py:41: FutureWarning: `torch.cuda.amp.autocast(args...)` is deprecated. Please use `torch.amp.autocast('cuda', args...)` instead.
  with autocast(self.mixed_precision):
[2026-03-30 11:31:27](logger.py 179): id=CC_FMNIST_C10CFG_K20_E100_DT_0_9 | Ep. 40/100 - Step 175/273 (2.33 it/s) |############        | - loss_cc=4.567 - loss_ce=2.104 - loss_ne=0.0167 - loss_div=0.0 - threshold=1.0 - loss=6.688
/scratch/e0538389/DivClust/engine/trainer.py:41: FutureWarning: `torch.cuda.amp.autocast(args...)` is deprecated. Please use `torch.amp.autocast('cuda', args...)` instead.
  with autocast(self.mixed_precision):
[2026-03-30 11:31:38](logger.py 179): id=CC_FMNIST_C10CFG_K20_E100_DT_0_9 | Ep. 40/100 - Step 200/273 (2.33 it/s) |##############      | - loss_cc=4.567 - loss_ce=2.104 - loss_ne=0.017 - loss_div=0.000128 - threshold=0.999 - loss=6.688
/scratch/e0538389/DivClust/engine/trainer.py:41: FutureWarning: `torch.cuda.amp.autocast(args...)` is deprecated. Please use `torch.amp.autocast('cuda', args...)` instead.
  with autocast(self.mixed_precision):
/scratch/e0538389/DivClust/engine/trainer.py:41: FutureWarning: `torch.cuda.amp.autocast(args...)` is deprecated. Please use `torch.amp.autocast('cuda', args...)` instead.
  with autocast(self.mixed_precision):
[2026-03-30 11:31:49](logger.py 179): id=CC_FMNIST_C10CFG_K20_E100_DT_0_9 | Ep. 40/100 - Step 225/273 (2.33 it/s) |################    | - loss_cc=4.568 - loss_ce=2.105 - loss_ne=0.0172 - loss_div=0.000114 - threshold=0.999 - loss=6.69
/scratch/e0538389/DivClust/engine/trainer.py:41: FutureWarning: `torch.cuda.amp.autocast(args...)` is deprecated. Please use `torch.amp.autocast('cuda', args...)` instead.
  with autocast(self.mixed_precision):
[2026-03-30 11:32:00](logger.py 179): id=CC_FMNIST_C10CFG_K20_E100_DT_0_9 | Ep. 40/100 - Step 250/273 (2.33 it/s) |##################  | - loss_cc=4.568 - loss_ce=2.105 - loss_ne=0.0173 - loss_div=0.000103 - threshold=0.999 - loss=6.69
/scratch/e0538389/DivClust/engine/trainer.py:41: FutureWarning: `torch.cuda.amp.autocast(args...)` is deprecated. Please use `torch.amp.autocast('cuda', args...)` instead.
  with autocast(self.mixed_precision):
[2026-03-30 11:32:09](logger.py 179): Evaluating
[2026-03-30 11:32:10](logger.py 179): Eval. step 0 of 274
[2026-03-30 11:32:12](logger.py 179): Eval. step 25 of 274
[2026-03-30 11:32:14](logger.py 179): Eval. step 50 of 274
[2026-03-30 11:32:17](logger.py 179): Eval. step 75 of 274
[2026-03-30 11:32:19](logger.py 179): Eval. step 100 of 274
[2026-03-30 11:32:21](logger.py 179): Eval. step 125 of 274
[2026-03-30 11:32:24](logger.py 179): Eval. step 150 of 274
[2026-03-30 11:32:26](logger.py 179): Eval. step 175 of 274
[2026-03-30 11:32:28](logger.py 179): Eval. step 200 of 274
[2026-03-30 11:32:31](logger.py 179): Eval. step 225 of 274
[2026-03-30 11:32:33](logger.py 179): Eval. step 250 of 274
[2026-03-30 11:32:37](logger.py 179): id=CC_FMNIST_C10CFG_K20_E100_DT_0_9 | Ep. 40/100 | Time: 00:02 | loss_cc=4.568 - loss_ce=2.105 - loss_ne=0.0173 - loss_div=9.46e-05 - threshold=0.999 - loss=6.69 - eval_confidence=0.854 - cluster_acc_0_eval=63.0 - cluster_nmi_0_eval=0.6 - cluster_ari_0_eval=0.495 - cluster_acc_1_eval=62.47 - cluster_nmi_1_eval=0.605 - cluster_ari_1_eval=0.496 - cluster_acc_2_eval=62.39 - cluster_nmi_2_eval=0.603 - cluster_ari_2_eval=0.49 - cluster_acc_3_eval=63.75 - cluster_nmi_3_eval=0.603 - cluster_ari_3_eval=0.498 - cluster_acc_4_eval=61.58 - cluster_nmi_4_eval=0.602 - cluster_ari_4_eval=0.492 - cluster_acc_5_eval=61.91 - cluster_nmi_5_eval=0.595 - cluster_ari_5_eval=0.482 - cluster_acc_6_eval=62.86 - cluster_nmi_6_eval=0.597 - cluster_ari_6_eval=0.491 - cluster_acc_7_eval=61.36 - cluster_nmi_7_eval=0.595 - cluster_ari_7_eval=0.486 - cluster_acc_8_eval=63.44 - cluster_nmi_8_eval=0.591 - cluster_ari_8_eval=0.485 - cluster_acc_9_eval=62.69 - cluster_nmi_9_eval=0.594 - cluster_ari_9_eval=0.491 - cluster_acc_10_eval=63.7 - cluster_nmi_10_eval=0.602 - cluster_ari_10_eval=0.503 - cluster_acc_11_eval=63.1 - cluster_nmi_11_eval=0.598 - cluster_ari_11_eval=0.497 - cluster_acc_12_eval=62.95 - cluster_nmi_12_eval=0.603 - cluster_ari_12_eval=0.496 - cluster_acc_13_eval=64.25 - cluster_nmi_13_eval=0.603 - cluster_ari_13_eval=0.495 - cluster_acc_14_eval=64.53 - cluster_nmi_14_eval=0.602 - cluster_ari_14_eval=0.499 - cluster_acc_15_eval=62.81 - cluster_nmi_15_eval=0.596 - cluster_ari_15_eval=0.488 - cluster_acc_16_eval=63.69 - cluster_nmi_16_eval=0.609 - cluster_ari_16_eval=0.5 - cluster_acc_17_eval=62.2 - cluster_nmi_17_eval=0.594 - cluster_ari_17_eval=0.481 - cluster_acc_18_eval=61.79 - cluster_nmi_18_eval=0.585 - cluster_ari_18_eval=0.475 - cluster_acc_19_eval=62.39 - cluster_nmi_19_eval=0.586 - cluster_ari_19_eval=0.479 - max_cluster_acc_eval=64.53 - mean_cluster_acc_eval=62.84 - min_cluster_acc_eval=61.36 - max_cluster_nmi_eval=0.609 - mean_cluster_nmi_eval=0.598 - min_cluster_nmi_eval=0.585 - max_cluster_ari_eval=0.503 - mean_cluster_ari_eval=0.491 - min_cluster_ari_eval=0.475 - interclustering_nmi_eval=0.866
/scratch/e0538389/DivClust/engine/trainer.py:41: FutureWarning: `torch.cuda.amp.autocast(args...)` is deprecated. Please use `torch.amp.autocast('cuda', args...)` instead.
  with autocast(self.mixed_precision):
[2026-03-30 11:32:39](logger.py 179): id=CC_FMNIST_C10CFG_K20_E100_DT_0_9 | Ep. 41/100 - Step 0/273 (0.0 it/s) |                    | - loss_cc=4.563 - loss_ce=2.102 - loss_ne=0.0251 - loss_div=0.0 - threshold=1.0 - loss=6.69
/scratch/e0538389/DivClust/engine/trainer.py:41: FutureWarning: `torch.cuda.amp.autocast(args...)` is deprecated. Please use `torch.amp.autocast('cuda', args...)` instead.
  with autocast(self.mixed_precision):
[2026-03-30 11:32:50](logger.py 179): id=CC_FMNIST_C10CFG_K20_E100_DT_0_9 | Ep. 41/100 - Step 25/273 (2.3 it/s) |#                   | - loss_cc=4.573 - loss_ce=2.106 - loss_ne=0.0164 - loss_div=0.0 - threshold=1.0 - loss=6.695
/scratch/e0538389/DivClust/engine/trainer.py:41: FutureWarning: `torch.cuda.amp.autocast(args...)` is deprecated. Please use `torch.amp.autocast('cuda', args...)` instead.
  with autocast(self.mixed_precision):
/scratch/e0538389/DivClust/engine/trainer.py:41: FutureWarning: `torch.cuda.amp.autocast(args...)` is deprecated. Please use `torch.amp.autocast('cuda', args...)` instead.
  with autocast(self.mixed_precision):
[2026-03-30 11:33:01](logger.py 179): id=CC_FMNIST_C10CFG_K20_E100_DT_0_9 | Ep. 41/100 - Step 50/273 (2.27 it/s) |###                 | - loss_cc=4.569 - loss_ce=2.106 - loss_ne=0.0165 - loss_div=0.0 - threshold=1.0 - loss=6.692
/scratch/e0538389/DivClust/engine/trainer.py:41: FutureWarning: `torch.cuda.amp.autocast(args...)` is deprecated. Please use `torch.amp.autocast('cuda', args...)` instead.
  with autocast(self.mixed_precision):
[2026-03-30 11:33:12](logger.py 179): id=CC_FMNIST_C10CFG_K20_E100_DT_0_9 | Ep. 41/100 - Step 75/273 (2.28 it/s) |#####               | - loss_cc=4.568 - loss_ce=2.106 - loss_ne=0.017 - loss_div=0.0 - threshold=1.0 - loss=6.691
/scratch/e0538389/DivClust/engine/trainer.py:41: FutureWarning: `torch.cuda.amp.autocast(args...)` is deprecated. Please use `torch.amp.autocast('cuda', args...)` instead.
  with autocast(self.mixed_precision):
[2026-03-30 11:33:23](logger.py 179): id=CC_FMNIST_C10CFG_K20_E100_DT_0_9 | Ep. 41/100 - Step 100/273 (2.31 it/s) |#######             | - loss_cc=4.568 - loss_ce=2.106 - loss_ne=0.0174 - loss_div=0.0 - threshold=1.0 - loss=6.691
/scratch/e0538389/DivClust/engine/trainer.py:41: FutureWarning: `torch.cuda.amp.autocast(args...)` is deprecated. Please use `torch.amp.autocast('cuda', args...)` instead.
  with autocast(self.mixed_precision):
[2026-03-30 11:33:33](logger.py 179): id=CC_FMNIST_C10CFG_K20_E100_DT_0_9 | Ep. 41/100 - Step 125/273 (2.32 it/s) |#########           | - loss_cc=4.568 - loss_ce=2.106 - loss_ne=0.0173 - loss_div=0.0 - threshold=1.0 - loss=6.691
/scratch/e0538389/DivClust/engine/trainer.py:41: FutureWarning: `torch.cuda.amp.autocast(args...)` is deprecated. Please use `torch.amp.autocast('cuda', args...)` instead.
  with autocast(self.mixed_precision):
/scratch/e0538389/DivClust/engine/trainer.py:41: FutureWarning: `torch.cuda.amp.autocast(args...)` is deprecated. Please use `torch.amp.autocast('cuda', args...)` instead.
  with autocast(self.mixed_precision):
[2026-03-30 11:33:44](logger.py 179): id=CC_FMNIST_C10CFG_K20_E100_DT_0_9 | Ep. 41/100 - Step 150/273 (2.31 it/s) |##########          | - loss_cc=4.568 - loss_ce=2.106 - loss_ne=0.0171 - loss_div=0.000246 - threshold=1.0 - loss=6.691
/scratch/e0538389/DivClust/engine/trainer.py:41: FutureWarning: `torch.cuda.amp.autocast(args...)` is deprecated. Please use `torch.amp.autocast('cuda', args...)` instead.
  with autocast(self.mixed_precision):
[2026-03-30 11:33:55](logger.py 179): id=CC_FMNIST_C10CFG_K20_E100_DT_0_9 | Ep. 41/100 - Step 175/273 (2.31 it/s) |############        | - loss_cc=4.568 - loss_ce=2.105 - loss_ne=0.0172 - loss_div=0.000226 - threshold=0.999 - loss=6.69
/scratch/e0538389/DivClust/engine/trainer.py:41: FutureWarning: `torch.cuda.amp.autocast(args...)` is deprecated. Please use `torch.amp.autocast('cuda', args...)` instead.
  with autocast(self.mixed_precision):
[2026-03-30 11:34:06](logger.py 179): id=CC_FMNIST_C10CFG_K20_E100_DT_0_9 | Ep. 41/100 - Step 200/273 (2.31 it/s) |##############      | - loss_cc=4.568 - loss_ce=2.106 - loss_ne=0.0173 - loss_div=0.000198 - threshold=0.999 - loss=6.692
/scratch/e0538389/DivClust/engine/trainer.py:41: FutureWarning: `torch.cuda.amp.autocast(args...)` is deprecated. Please use `torch.amp.autocast('cuda', args...)` instead.
  with autocast(self.mixed_precision):
[2026-03-30 11:34:17](logger.py 179): id=CC_FMNIST_C10CFG_K20_E100_DT_0_9 | Ep. 41/100 - Step 225/273 (2.31 it/s) |################    | - loss_cc=4.569 - loss_ce=2.105 - loss_ne=0.0173 - loss_div=0.000176 - threshold=0.999 - loss=6.691
/scratch/e0538389/DivClust/engine/trainer.py:41: FutureWarning: `torch.cuda.amp.autocast(args...)` is deprecated. Please use `torch.amp.autocast('cuda', args...)` instead.
  with autocast(self.mixed_precision):
/scratch/e0538389/DivClust/engine/trainer.py:41: FutureWarning: `torch.cuda.amp.autocast(args...)` is deprecated. Please use `torch.amp.autocast('cuda', args...)` instead.
  with autocast(self.mixed_precision):
[2026-03-30 11:34:28](logger.py 179): id=CC_FMNIST_C10CFG_K20_E100_DT_0_9 | Ep. 41/100 - Step 250/273 (2.31 it/s) |##################  | - loss_cc=4.568 - loss_ce=2.105 - loss_ne=0.0172 - loss_div=0.000158 - threshold=0.999 - loss=6.69
/scratch/e0538389/DivClust/engine/trainer.py:41: FutureWarning: `torch.cuda.amp.autocast(args...)` is deprecated. Please use `torch.amp.autocast('cuda', args...)` instead.
  with autocast(self.mixed_precision):
[2026-03-30 11:34:37](logger.py 179): id=CC_FMNIST_C10CFG_K20_E100_DT_0_9 | Ep. 41/100 | Time: 00:01 | loss_cc=4.568 - loss_ce=2.105 - loss_ne=0.0172 - loss_div=0.000146 - threshold=0.999 - loss=6.69
[2026-03-30 11:34:40](logger.py 179): id=CC_FMNIST_C10CFG_K20_E100_DT_0_9 | Ep. 42/100 - Step 0/273 (0.0 it/s) |                    | - loss_cc=4.551 - loss_ce=2.105 - loss_ne=0.00768 - loss_div=0.0 - threshold=1.0 - loss=6.663
/scratch/e0538389/DivClust/engine/trainer.py:41: FutureWarning: `torch.cuda.amp.autocast(args...)` is deprecated. Please use `torch.amp.autocast('cuda', args...)` instead.
  with autocast(self.mixed_precision):
[2026-03-30 11:34:51](logger.py 179): id=CC_FMNIST_C10CFG_K20_E100_DT_0_9 | Ep. 42/100 - Step 25/273 (2.32 it/s) |#                   | - loss_cc=4.564 - loss_ce=2.104 - loss_ne=0.018 - loss_div=0.0 - threshold=1.0 - loss=6.685
/scratch/e0538389/DivClust/engine/trainer.py:41: FutureWarning: `torch.cuda.amp.autocast(args...)` is deprecated. Please use `torch.amp.autocast('cuda', args...)` instead.
  with autocast(self.mixed_precision):
[2026-03-30 11:35:01](logger.py 179): id=CC_FMNIST_C10CFG_K20_E100_DT_0_9 | Ep. 42/100 - Step 50/273 (2.35 it/s) |###                 | - loss_cc=4.564 - loss_ce=2.102 - loss_ne=0.0179 - loss_div=0.0 - threshold=1.0 - loss=6.684
/scratch/e0538389/DivClust/engine/trainer.py:41: FutureWarning: `torch.cuda.amp.autocast(args...)` is deprecated. Please use `torch.amp.autocast('cuda', args...)` instead.
  with autocast(self.mixed_precision):
/scratch/e0538389/DivClust/engine/trainer.py:41: FutureWarning: `torch.cuda.amp.autocast(args...)` is deprecated. Please use `torch.amp.autocast('cuda', args...)` instead.
  with autocast(self.mixed_precision):
[2026-03-30 11:35:12](logger.py 179): id=CC_FMNIST_C10CFG_K20_E100_DT_0_9 | Ep. 42/100 - Step 75/273 (2.31 it/s) |#####               | - loss_cc=4.566 - loss_ce=2.104 - loss_ne=0.018 - loss_div=0.0 - threshold=1.0 - loss=6.687
/scratch/e0538389/DivClust/engine/trainer.py:41: FutureWarning: `torch.cuda.amp.autocast(args...)` is deprecated. Please use `torch.amp.autocast('cuda', args...)` instead.
  with autocast(self.mixed_precision):
[2026-03-30 11:35:23](logger.py 179): id=CC_FMNIST_C10CFG_K20_E100_DT_0_9 | Ep. 42/100 - Step 100/273 (2.31 it/s) |#######             | - loss_cc=4.564 - loss_ce=2.103 - loss_ne=0.0181 - loss_div=0.0 - threshold=1.0 - loss=6.686
/scratch/e0538389/DivClust/engine/trainer.py:41: FutureWarning: `torch.cuda.amp.autocast(args...)` is deprecated. Please use `torch.amp.autocast('cuda', args...)` instead.
  with autocast(self.mixed_precision):
[2026-03-30 11:35:34](logger.py 179): id=CC_FMNIST_C10CFG_K20_E100_DT_0_9 | Ep. 42/100 - Step 125/273 (2.31 it/s) |#########           | - loss_cc=4.564 - loss_ce=2.104 - loss_ne=0.0179 - loss_div=0.0 - threshold=1.0 - loss=6.686
/scratch/e0538389/DivClust/engine/trainer.py:41: FutureWarning: `torch.cuda.amp.autocast(args...)` is deprecated. Please use `torch.amp.autocast('cuda', args...)` instead.
  with autocast(self.mixed_precision):
[2026-03-30 11:35:45](logger.py 179): id=CC_FMNIST_C10CFG_K20_E100_DT_0_9 | Ep. 42/100 - Step 150/273 (2.32 it/s) |##########          | - loss_cc=4.565 - loss_ce=2.104 - loss_ne=0.0184 - loss_div=0.000244 - threshold=0.999 - loss=6.687
/scratch/e0538389/DivClust/engine/trainer.py:41: FutureWarning: `torch.cuda.amp.autocast(args...)` is deprecated. Please use `torch.amp.autocast('cuda', args...)` instead.
  with autocast(self.mixed_precision):
/scratch/e0538389/DivClust/engine/trainer.py:41: FutureWarning: `torch.cuda.amp.autocast(args...)` is deprecated. Please use `torch.amp.autocast('cuda', args...)` instead.
  with autocast(self.mixed_precision):
[2026-03-30 11:35:56](logger.py 179): id=CC_FMNIST_C10CFG_K20_E100_DT_0_9 | Ep. 42/100 - Step 175/273 (2.3 it/s) |############        | - loss_cc=4.565 - loss_ce=2.104 - loss_ne=0.0182 - loss_div=0.000211 - threshold=0.999 - loss=6.688
/scratch/e0538389/DivClust/engine/trainer.py:41: FutureWarning: `torch.cuda.amp.autocast(args...)` is deprecated. Please use `torch.amp.autocast('cuda', args...)` instead.
  with autocast(self.mixed_precision):
[2026-03-30 11:36:06](logger.py 179): id=CC_FMNIST_C10CFG_K20_E100_DT_0_9 | Ep. 42/100 - Step 200/273 (2.31 it/s) |##############      | - loss_cc=4.565 - loss_ce=2.105 - loss_ne=0.0182 - loss_div=0.000185 - threshold=0.999 - loss=6.689
/scratch/e0538389/DivClust/engine/trainer.py:41: FutureWarning: `torch.cuda.amp.autocast(args...)` is deprecated. Please use `torch.amp.autocast('cuda', args...)` instead.
  with autocast(self.mixed_precision):
[2026-03-30 11:36:17](logger.py 179): id=CC_FMNIST_C10CFG_K20_E100_DT_0_9 | Ep. 42/100 - Step 225/273 (2.32 it/s) |################    | - loss_cc=4.565 - loss_ce=2.105 - loss_ne=0.0182 - loss_div=0.000164 - threshold=0.999 - loss=6.689
/scratch/e0538389/DivClust/engine/trainer.py:41: FutureWarning: `torch.cuda.amp.autocast(args...)` is deprecated. Please use `torch.amp.autocast('cuda', args...)` instead.
  with autocast(self.mixed_precision):
[2026-03-30 11:36:27](logger.py 179): id=CC_FMNIST_C10CFG_K20_E100_DT_0_9 | Ep. 42/100 - Step 250/273 (2.33 it/s) |##################  | - loss_cc=4.565 - loss_ce=2.105 - loss_ne=0.0182 - loss_div=0.000148 - threshold=0.999 - loss=6.689
/scratch/e0538389/DivClust/engine/trainer.py:41: FutureWarning: `torch.cuda.amp.autocast(args...)` is deprecated. Please use `torch.amp.autocast('cuda', args...)` instead.
  with autocast(self.mixed_precision):
[2026-03-30 11:36:37](logger.py 179): id=CC_FMNIST_C10CFG_K20_E100_DT_0_9 | Ep. 42/100 | Time: 00:01 | loss_cc=4.565 - loss_ce=2.105 - loss_ne=0.0182 - loss_div=0.000136 - threshold=0.999 - loss=6.688
[2026-03-30 11:36:39](logger.py 179): id=CC_FMNIST_C10CFG_K20_E100_DT_0_9 | Ep. 43/100 - Step 0/273 (0.0 it/s) |                    | - loss_cc=4.567 - loss_ce=2.106 - loss_ne=0.0175 - loss_div=0.0 - threshold=1.0 - loss=6.691
/scratch/e0538389/DivClust/engine/trainer.py:41: FutureWarning: `torch.cuda.amp.autocast(args...)` is deprecated. Please use `torch.amp.autocast('cuda', args...)` instead.
  with autocast(self.mixed_precision):
/scratch/e0538389/DivClust/engine/trainer.py:41: FutureWarning: `torch.cuda.amp.autocast(args...)` is deprecated. Please use `torch.amp.autocast('cuda', args...)` instead.
  with autocast(self.mixed_precision):
[2026-03-30 11:36:50](logger.py 179): id=CC_FMNIST_C10CFG_K20_E100_DT_0_9 | Ep. 43/100 - Step 25/273 (2.27 it/s) |#                   | - loss_cc=4.559 - loss_ce=2.102 - loss_ne=0.0152 - loss_div=0.0 - threshold=1.0 - loss=6.676
/scratch/e0538389/DivClust/engine/trainer.py:41: FutureWarning: `torch.cuda.amp.autocast(args...)` is deprecated. Please use `torch.amp.autocast('cuda', args...)` instead.
  with autocast(self.mixed_precision):
[2026-03-30 11:37:01](logger.py 179): id=CC_FMNIST_C10CFG_K20_E100_DT_0_9 | Ep. 43/100 - Step 50/273 (2.32 it/s) |###                 | - loss_cc=4.562 - loss_ce=2.103 - loss_ne=0.0156 - loss_div=0.0 - threshold=1.0 - loss=6.681
/scratch/e0538389/DivClust/engine/trainer.py:41: FutureWarning: `torch.cuda.amp.autocast(args...)` is deprecated. Please use `torch.amp.autocast('cuda', args...)` instead.
  with autocast(self.mixed_precision):
[2026-03-30 11:37:11](logger.py 179): id=CC_FMNIST_C10CFG_K20_E100_DT_0_9 | Ep. 43/100 - Step 75/273 (2.34 it/s) |#####               | - loss_cc=4.561 - loss_ce=2.104 - loss_ne=0.0167 - loss_div=0.0 - threshold=1.0 - loss=6.682
/scratch/e0538389/DivClust/engine/trainer.py:41: FutureWarning: `torch.cuda.amp.autocast(args...)` is deprecated. Please use `torch.amp.autocast('cuda', args...)` instead.
  with autocast(self.mixed_precision):
[2026-03-30 11:37:22](logger.py 179): id=CC_FMNIST_C10CFG_K20_E100_DT_0_9 | Ep. 43/100 - Step 100/273 (2.34 it/s) |#######             | - loss_cc=4.561 - loss_ce=2.104 - loss_ne=0.0167 - loss_div=0.0 - threshold=1.0 - loss=6.682
/scratch/e0538389/DivClust/engine/trainer.py:41: FutureWarning: `torch.cuda.amp.autocast(args...)` is deprecated. Please use `torch.amp.autocast('cuda', args...)` instead.
  with autocast(self.mixed_precision):
/scratch/e0538389/DivClust/engine/trainer.py:41: FutureWarning: `torch.cuda.amp.autocast(args...)` is deprecated. Please use `torch.amp.autocast('cuda', args...)` instead.
  with autocast(self.mixed_precision):
[2026-03-30 11:37:33](logger.py 179): id=CC_FMNIST_C10CFG_K20_E100_DT_0_9 | Ep. 43/100 - Step 125/273 (2.31 it/s) |#########           | - loss_cc=4.563 - loss_ce=2.104 - loss_ne=0.0168 - loss_div=0.000247 - threshold=1.0 - loss=6.684
/scratch/e0538389/DivClust/engine/trainer.py:41: FutureWarning: `torch.cuda.amp.autocast(args...)` is deprecated. Please use `torch.amp.autocast('cuda', args...)` instead.
  with autocast(self.mixed_precision):
[2026-03-30 11:37:44](logger.py 179): id=CC_FMNIST_C10CFG_K20_E100_DT_0_9 | Ep. 43/100 - Step 150/273 (2.31 it/s) |##########          | - loss_cc=4.563 - loss_ce=2.104 - loss_ne=0.0169 - loss_div=0.000215 - threshold=0.999 - loss=6.684
/scratch/e0538389/DivClust/engine/trainer.py:41: FutureWarning: `torch.cuda.amp.autocast(args...)` is deprecated. Please use `torch.amp.autocast('cuda', args...)` instead.
  with autocast(self.mixed_precision):
[2026-03-30 11:37:55](logger.py 179): id=CC_FMNIST_C10CFG_K20_E100_DT_0_9 | Ep. 43/100 - Step 175/273 (2.31 it/s) |############        | - loss_cc=4.562 - loss_ce=2.104 - loss_ne=0.0168 - loss_div=0.000185 - threshold=0.999 - loss=6.682
/scratch/e0538389/DivClust/engine/trainer.py:41: FutureWarning: `torch.cuda.amp.autocast(args...)` is deprecated. Please use `torch.amp.autocast('cuda', args...)` instead.
  with autocast(self.mixed_precision):
[2026-03-30 11:38:05](logger.py 179): id=CC_FMNIST_C10CFG_K20_E100_DT_0_9 | Ep. 43/100 - Step 200/273 (2.31 it/s) |##############      | - loss_cc=4.562 - loss_ce=2.104 - loss_ne=0.0168 - loss_div=0.000162 - threshold=0.999 - loss=6.683
/scratch/e0538389/DivClust/engine/trainer.py:41: FutureWarning: `torch.cuda.amp.autocast(args...)` is deprecated. Please use `torch.amp.autocast('cuda', args...)` instead.
  with autocast(self.mixed_precision):
/scratch/e0538389/DivClust/engine/trainer.py:41: FutureWarning: `torch.cuda.amp.autocast(args...)` is deprecated. Please use `torch.amp.autocast('cuda', args...)` instead.
  with autocast(self.mixed_precision):
[2026-03-30 11:38:16](logger.py 179): id=CC_FMNIST_C10CFG_K20_E100_DT_0_9 | Ep. 43/100 - Step 225/273 (2.31 it/s) |################    | - loss_cc=4.562 - loss_ce=2.104 - loss_ne=0.0167 - loss_div=0.000144 - threshold=0.999 - loss=6.683
/scratch/e0538389/DivClust/engine/trainer.py:41: FutureWarning: `torch.cuda.amp.autocast(args...)` is deprecated. Please use `torch.amp.autocast('cuda', args...)` instead.
  with autocast(self.mixed_precision):
[2026-03-30 11:38:27](logger.py 179): id=CC_FMNIST_C10CFG_K20_E100_DT_0_9 | Ep. 43/100 - Step 250/273 (2.32 it/s) |##################  | - loss_cc=4.562 - loss_ce=2.104 - loss_ne=0.0168 - loss_div=0.000129 - threshold=0.999 - loss=6.683
/scratch/e0538389/DivClust/engine/trainer.py:41: FutureWarning: `torch.cuda.amp.autocast(args...)` is deprecated. Please use `torch.amp.autocast('cuda', args...)` instead.
  with autocast(self.mixed_precision):
[2026-03-30 11:38:36](logger.py 179): id=CC_FMNIST_C10CFG_K20_E100_DT_0_9 | Ep. 43/100 | Time: 00:01 | loss_cc=4.563 - loss_ce=2.104 - loss_ne=0.0169 - loss_div=0.000119 - threshold=0.999 - loss=6.683
[2026-03-30 11:38:38](logger.py 179): id=CC_FMNIST_C10CFG_K20_E100_DT_0_9 | Ep. 44/100 - Step 0/273 (0.0 it/s) |                    | - loss_cc=4.54 - loss_ce=2.103 - loss_ne=0.0196 - loss_div=0.0 - threshold=1.0 - loss=6.663
/scratch/e0538389/DivClust/engine/trainer.py:41: FutureWarning: `torch.cuda.amp.autocast(args...)` is deprecated. Please use `torch.amp.autocast('cuda', args...)` instead.
  with autocast(self.mixed_precision):
[2026-03-30 11:38:49](logger.py 179): id=CC_FMNIST_C10CFG_K20_E100_DT_0_9 | Ep. 44/100 - Step 25/273 (2.32 it/s) |#                   | - loss_cc=4.563 - loss_ce=2.105 - loss_ne=0.0217 - loss_div=0.0 - threshold=1.0 - loss=6.69
/scratch/e0538389/DivClust/engine/trainer.py:41: FutureWarning: `torch.cuda.amp.autocast(args...)` is deprecated. Please use `torch.amp.autocast('cuda', args...)` instead.
  with autocast(self.mixed_precision):
/scratch/e0538389/DivClust/engine/trainer.py:41: FutureWarning: `torch.cuda.amp.autocast(args...)` is deprecated. Please use `torch.amp.autocast('cuda', args...)` instead.
  with autocast(self.mixed_precision):
[2026-03-30 11:39:00](logger.py 179): id=CC_FMNIST_C10CFG_K20_E100_DT_0_9 | Ep. 44/100 - Step 50/273 (2.29 it/s) |###                 | - loss_cc=4.567 - loss_ce=2.106 - loss_ne=0.0199 - loss_div=0.0 - threshold=1.0 - loss=6.693
/scratch/e0538389/DivClust/engine/trainer.py:41: FutureWarning: `torch.cuda.amp.autocast(args...)` is deprecated. Please use `torch.amp.autocast('cuda', args...)` instead.
  with autocast(self.mixed_precision):
[2026-03-30 11:39:11](logger.py 179): id=CC_FMNIST_C10CFG_K20_E100_DT_0_9 | Ep. 44/100 - Step 75/273 (2.31 it/s) |#####               | - loss_cc=4.564 - loss_ce=2.105 - loss_ne=0.0188 - loss_div=0.0 - threshold=1.0 - loss=6.688
/scratch/e0538389/DivClust/engine/trainer.py:41: FutureWarning: `torch.cuda.amp.autocast(args...)` is deprecated. Please use `torch.amp.autocast('cuda', args...)` instead.
  with autocast(self.mixed_precision):
[2026-03-30 11:39:21](logger.py 179): id=CC_FMNIST_C10CFG_K20_E100_DT_0_9 | Ep. 44/100 - Step 100/273 (2.31 it/s) |#######             | - loss_cc=4.562 - loss_ce=2.104 - loss_ne=0.019 - loss_div=0.0 - threshold=1.0 - loss=6.686
/scratch/e0538389/DivClust/engine/trainer.py:41: FutureWarning: `torch.cuda.amp.autocast(args...)` is deprecated. Please use `torch.amp.autocast('cuda', args...)` instead.
  with autocast(self.mixed_precision):
[2026-03-30 11:39:32](logger.py 179): id=CC_FMNIST_C10CFG_K20_E100_DT_0_9 | Ep. 44/100 - Step 125/273 (2.31 it/s) |#########           | - loss_cc=4.564 - loss_ce=2.105 - loss_ne=0.0189 - loss_div=0.0 - threshold=1.0 - loss=6.688
/scratch/e0538389/DivClust/engine/trainer.py:41: FutureWarning: `torch.cuda.amp.autocast(args...)` is deprecated. Please use `torch.amp.autocast('cuda', args...)` instead.
  with autocast(self.mixed_precision):
/scratch/e0538389/DivClust/engine/trainer.py:41: FutureWarning: `torch.cuda.amp.autocast(args...)` is deprecated. Please use `torch.amp.autocast('cuda', args...)` instead.
  with autocast(self.mixed_precision):
[2026-03-30 11:39:43](logger.py 179): id=CC_FMNIST_C10CFG_K20_E100_DT_0_9 | Ep. 44/100 - Step 150/273 (2.32 it/s) |##########          | - loss_cc=4.564 - loss_ce=2.104 - loss_ne=0.0192 - loss_div=0.0 - threshold=1.0 - loss=6.687
/scratch/e0538389/DivClust/engine/trainer.py:41: FutureWarning: `torch.cuda.amp.autocast(args...)` is deprecated. Please use `torch.amp.autocast('cuda', args...)` instead.
  with autocast(self.mixed_precision):
[2026-03-30 11:39:53](logger.py 179): id=CC_FMNIST_C10CFG_K20_E100_DT_0_9 | Ep. 44/100 - Step 175/273 (2.33 it/s) |############        | - loss_cc=4.565 - loss_ce=2.104 - loss_ne=0.0189 - loss_div=0.0003 - threshold=1.0 - loss=6.688
/scratch/e0538389/DivClust/engine/trainer.py:41: FutureWarning: `torch.cuda.amp.autocast(args...)` is deprecated. Please use `torch.amp.autocast('cuda', args...)` instead.
  with autocast(self.mixed_precision):
[2026-03-30 11:40:04](logger.py 179): id=CC_FMNIST_C10CFG_K20_E100_DT_0_9 | Ep. 44/100 - Step 200/273 (2.33 it/s) |##############      | - loss_cc=4.564 - loss_ce=2.104 - loss_ne=0.0186 - loss_div=0.000263 - threshold=0.999 - loss=6.687
/scratch/e0538389/DivClust/engine/trainer.py:41: FutureWarning: `torch.cuda.amp.autocast(args...)` is deprecated. Please use `torch.amp.autocast('cuda', args...)` instead.
  with autocast(self.mixed_precision):
[2026-03-30 11:40:15](logger.py 179): id=CC_FMNIST_C10CFG_K20_E100_DT_0_9 | Ep. 44/100 - Step 225/273 (2.33 it/s) |################    | - loss_cc=4.564 - loss_ce=2.104 - loss_ne=0.0181 - loss_div=0.000234 - threshold=0.999 - loss=6.686
/scratch/e0538389/DivClust/engine/trainer.py:41: FutureWarning: `torch.cuda.amp.autocast(args...)` is deprecated. Please use `torch.amp.autocast('cuda', args...)` instead.
  with autocast(self.mixed_precision):
/scratch/e0538389/DivClust/engine/trainer.py:41: FutureWarning: `torch.cuda.amp.autocast(args...)` is deprecated. Please use `torch.amp.autocast('cuda', args...)` instead.
  with autocast(self.mixed_precision):
[2026-03-30 11:40:26](logger.py 179): id=CC_FMNIST_C10CFG_K20_E100_DT_0_9 | Ep. 44/100 - Step 250/273 (2.32 it/s) |##################  | - loss_cc=4.564 - loss_ce=2.104 - loss_ne=0.0179 - loss_div=0.000211 - threshold=0.999 - loss=6.686
/scratch/e0538389/DivClust/engine/trainer.py:41: FutureWarning: `torch.cuda.amp.autocast(args...)` is deprecated. Please use `torch.amp.autocast('cuda', args...)` instead.
  with autocast(self.mixed_precision):
[2026-03-30 11:40:35](logger.py 179): id=CC_FMNIST_C10CFG_K20_E100_DT_0_9 | Ep. 44/100 | Time: 00:01 | loss_cc=4.564 - loss_ce=2.104 - loss_ne=0.0178 - loss_div=0.000194 - threshold=0.999 - loss=6.686
[2026-03-30 11:40:37](logger.py 179): id=CC_FMNIST_C10CFG_K20_E100_DT_0_9 | Ep. 45/100 - Step 0/273 (0.0 it/s) |                    | - loss_cc=4.583 - loss_ce=2.103 - loss_ne=0.014 - loss_div=0.0 - threshold=1.0 - loss=6.699
/scratch/e0538389/DivClust/engine/trainer.py:41: FutureWarning: `torch.cuda.amp.autocast(args...)` is deprecated. Please use `torch.amp.autocast('cuda', args...)` instead.
  with autocast(self.mixed_precision):
[2026-03-30 11:40:48](logger.py 179): id=CC_FMNIST_C10CFG_K20_E100_DT_0_9 | Ep. 45/100 - Step 25/273 (2.31 it/s) |#                   | - loss_cc=4.56 - loss_ce=2.102 - loss_ne=0.0179 - loss_div=0.0 - threshold=1.0 - loss=6.68
/scratch/e0538389/DivClust/engine/trainer.py:41: FutureWarning: `torch.cuda.amp.autocast(args...)` is deprecated. Please use `torch.amp.autocast('cuda', args...)` instead.
  with autocast(self.mixed_precision):
[2026-03-30 11:40:59](logger.py 179): id=CC_FMNIST_C10CFG_K20_E100_DT_0_9 | Ep. 45/100 - Step 50/273 (2.31 it/s) |###                 | - loss_cc=4.561 - loss_ce=2.103 - loss_ne=0.0183 - loss_div=0.0 - threshold=1.0 - loss=6.683
/scratch/e0538389/DivClust/engine/trainer.py:41: FutureWarning: `torch.cuda.amp.autocast(args...)` is deprecated. Please use `torch.amp.autocast('cuda', args...)` instead.
  with autocast(self.mixed_precision):
[2026-03-30 11:41:10](logger.py 179): id=CC_FMNIST_C10CFG_K20_E100_DT_0_9 | Ep. 45/100 - Step 75/273 (2.32 it/s) |#####               | - loss_cc=4.562 - loss_ce=2.103 - loss_ne=0.0178 - loss_div=0.0 - threshold=1.0 - loss=6.682
/scratch/e0538389/DivClust/engine/trainer.py:41: FutureWarning: `torch.cuda.amp.autocast(args...)` is deprecated. Please use `torch.amp.autocast('cuda', args...)` instead.
  with autocast(self.mixed_precision):
/scratch/e0538389/DivClust/engine/trainer.py:41: FutureWarning: `torch.cuda.amp.autocast(args...)` is deprecated. Please use `torch.amp.autocast('cuda', args...)` instead.
  with autocast(self.mixed_precision):
[2026-03-30 11:41:20](logger.py 179): id=CC_FMNIST_C10CFG_K20_E100_DT_0_9 | Ep. 45/100 - Step 100/273 (2.32 it/s) |#######             | - loss_cc=4.563 - loss_ce=2.103 - loss_ne=0.0177 - loss_div=0.0 - threshold=1.0 - loss=6.684
/scratch/e0538389/DivClust/engine/trainer.py:41: FutureWarning: `torch.cuda.amp.autocast(args...)` is deprecated. Please use `torch.amp.autocast('cuda', args...)` instead.
  with autocast(self.mixed_precision):
[2026-03-30 11:41:31](logger.py 179): id=CC_FMNIST_C10CFG_K20_E100_DT_0_9 | Ep. 45/100 - Step 125/273 (2.32 it/s) |#########           | - loss_cc=4.563 - loss_ce=2.103 - loss_ne=0.0183 - loss_div=0.0 - threshold=1.0 - loss=6.684
/scratch/e0538389/DivClust/engine/trainer.py:41: FutureWarning: `torch.cuda.amp.autocast(args...)` is deprecated. Please use `torch.amp.autocast('cuda', args...)` instead.
  with autocast(self.mixed_precision):
[2026-03-30 11:41:42](logger.py 179): id=CC_FMNIST_C10CFG_K20_E100_DT_0_9 | Ep. 45/100 - Step 150/273 (2.32 it/s) |##########          | - loss_cc=4.562 - loss_ce=2.103 - loss_ne=0.018 - loss_div=0.0 - threshold=1.0 - loss=6.683
/scratch/e0538389/DivClust/engine/trainer.py:41: FutureWarning: `torch.cuda.amp.autocast(args...)` is deprecated. Please use `torch.amp.autocast('cuda', args...)` instead.
  with autocast(self.mixed_precision):
[2026-03-30 11:41:53](logger.py 179): id=CC_FMNIST_C10CFG_K20_E100_DT_0_9 | Ep. 45/100 - Step 175/273 (2.31 it/s) |############        | - loss_cc=4.563 - loss_ce=2.104 - loss_ne=0.0178 - loss_div=0.0 - threshold=1.0 - loss=6.684
/scratch/e0538389/DivClust/engine/trainer.py:41: FutureWarning: `torch.cuda.amp.autocast(args...)` is deprecated. Please use `torch.amp.autocast('cuda', args...)` instead.
  with autocast(self.mixed_precision):
/scratch/e0538389/DivClust/engine/trainer.py:41: FutureWarning: `torch.cuda.amp.autocast(args...)` is deprecated. Please use `torch.amp.autocast('cuda', args...)` instead.
  with autocast(self.mixed_precision):
[2026-03-30 11:42:03](logger.py 179): id=CC_FMNIST_C10CFG_K20_E100_DT_0_9 | Ep. 45/100 - Step 200/273 (2.32 it/s) |##############      | - loss_cc=4.563 - loss_ce=2.104 - loss_ne=0.0179 - loss_div=0.0 - threshold=1.0 - loss=6.685
/scratch/e0538389/DivClust/engine/trainer.py:41: FutureWarning: `torch.cuda.amp.autocast(args...)` is deprecated. Please use `torch.amp.autocast('cuda', args...)` instead.
  with autocast(self.mixed_precision):
[2026-03-30 11:42:14](logger.py 179): id=CC_FMNIST_C10CFG_K20_E100_DT_0_9 | Ep. 45/100 - Step 225/273 (2.32 it/s) |################    | - loss_cc=4.563 - loss_ce=2.104 - loss_ne=0.0179 - loss_div=0.000258 - threshold=1.0 - loss=6.685
/scratch/e0538389/DivClust/engine/trainer.py:41: FutureWarning: `torch.cuda.amp.autocast(args...)` is deprecated. Please use `torch.amp.autocast('cuda', args...)` instead.
  with autocast(self.mixed_precision):
[2026-03-30 11:42:25](logger.py 179): id=CC_FMNIST_C10CFG_K20_E100_DT_0_9 | Ep. 45/100 - Step 250/273 (2.32 it/s) |##################  | - loss_cc=4.563 - loss_ce=2.103 - loss_ne=0.0177 - loss_div=0.000233 - threshold=0.999 - loss=6.684
/scratch/e0538389/DivClust/engine/trainer.py:41: FutureWarning: `torch.cuda.amp.autocast(args...)` is deprecated. Please use `torch.amp.autocast('cuda', args...)` instead.
  with autocast(self.mixed_precision):
[2026-03-30 11:42:35](logger.py 179): id=CC_FMNIST_C10CFG_K20_E100_DT_0_9 | Ep. 45/100 | Time: 00:01 | loss_cc=4.562 - loss_ce=2.103 - loss_ne=0.0178 - loss_div=0.000214 - threshold=0.999 - loss=6.684
[2026-03-30 11:42:37](logger.py 179): id=CC_FMNIST_C10CFG_K20_E100_DT_0_9 | Ep. 46/100 - Step 0/273 (0.0 it/s) |                    | - loss_cc=4.561 - loss_ce=2.097 - loss_ne=0.0131 - loss_div=0.0 - threshold=1.0 - loss=6.671
/scratch/e0538389/DivClust/engine/trainer.py:41: FutureWarning: `torch.cuda.amp.autocast(args...)` is deprecated. Please use `torch.amp.autocast('cuda', args...)` instead.
  with autocast(self.mixed_precision):
/scratch/e0538389/DivClust/engine/trainer.py:41: FutureWarning: `torch.cuda.amp.autocast(args...)` is deprecated. Please use `torch.amp.autocast('cuda', args...)` instead.
  with autocast(self.mixed_precision):
[2026-03-30 11:42:48](logger.py 179): id=CC_FMNIST_C10CFG_K20_E100_DT_0_9 | Ep. 46/100 - Step 25/273 (2.33 it/s) |#                   | - loss_cc=4.56 - loss_ce=2.102 - loss_ne=0.0168 - loss_div=0.0 - threshold=1.0 - loss=6.679
/scratch/e0538389/DivClust/engine/trainer.py:41: FutureWarning: `torch.cuda.amp.autocast(args...)` is deprecated. Please use `torch.amp.autocast('cuda', args...)` instead.
  with autocast(self.mixed_precision):
[2026-03-30 11:42:58](logger.py 179): id=CC_FMNIST_C10CFG_K20_E100_DT_0_9 | Ep. 46/100 - Step 50/273 (2.36 it/s) |###                 | - loss_cc=4.561 - loss_ce=2.104 - loss_ne=0.017 - loss_div=0.0 - threshold=1.0 - loss=6.683
/scratch/e0538389/DivClust/engine/trainer.py:41: FutureWarning: `torch.cuda.amp.autocast(args...)` is deprecated. Please use `torch.amp.autocast('cuda', args...)` instead.
  with autocast(self.mixed_precision):
[2026-03-30 11:43:09](logger.py 179): id=CC_FMNIST_C10CFG_K20_E100_DT_0_9 | Ep. 46/100 - Step 75/273 (2.37 it/s) |#####               | - loss_cc=4.561 - loss_ce=2.104 - loss_ne=0.0174 - loss_div=0.0 - threshold=1.0 - loss=6.683
/scratch/e0538389/DivClust/engine/trainer.py:41: FutureWarning: `torch.cuda.amp.autocast(args...)` is deprecated. Please use `torch.amp.autocast('cuda', args...)` instead.
  with autocast(self.mixed_precision):
[2026-03-30 11:43:19](logger.py 179): id=CC_FMNIST_C10CFG_K20_E100_DT_0_9 | Ep. 46/100 - Step 100/273 (2.37 it/s) |#######             | - loss_cc=4.562 - loss_ce=2.104 - loss_ne=0.0177 - loss_div=0.0 - threshold=1.0 - loss=6.684
/scratch/e0538389/DivClust/engine/trainer.py:41: FutureWarning: `torch.cuda.amp.autocast(args...)` is deprecated. Please use `torch.amp.autocast('cuda', args...)` instead.
  with autocast(self.mixed_precision):
/scratch/e0538389/DivClust/engine/trainer.py:41: FutureWarning: `torch.cuda.amp.autocast(args...)` is deprecated. Please use `torch.amp.autocast('cuda', args...)` instead.
  with autocast(self.mixed_precision):
[2026-03-30 11:43:30](logger.py 179): id=CC_FMNIST_C10CFG_K20_E100_DT_0_9 | Ep. 46/100 - Step 125/273 (2.35 it/s) |#########           | - loss_cc=4.563 - loss_ce=2.104 - loss_ne=0.0175 - loss_div=0.0 - threshold=1.0 - loss=6.685
/scratch/e0538389/DivClust/engine/trainer.py:41: FutureWarning: `torch.cuda.amp.autocast(args...)` is deprecated. Please use `torch.amp.autocast('cuda', args...)` instead.
  with autocast(self.mixed_precision):
[2026-03-30 11:43:41](logger.py 179): id=CC_FMNIST_C10CFG_K20_E100_DT_0_9 | Ep. 46/100 - Step 150/273 (2.35 it/s) |##########          | - loss_cc=4.563 - loss_ce=2.104 - loss_ne=0.0174 - loss_div=0.0 - threshold=1.0 - loss=6.684
/scratch/e0538389/DivClust/engine/trainer.py:41: FutureWarning: `torch.cuda.amp.autocast(args...)` is deprecated. Please use `torch.amp.autocast('cuda', args...)` instead.
  with autocast(self.mixed_precision):
[2026-03-30 11:43:51](logger.py 179): id=CC_FMNIST_C10CFG_K20_E100_DT_0_9 | Ep. 46/100 - Step 175/273 (2.35 it/s) |############        | - loss_cc=4.563 - loss_ce=2.104 - loss_ne=0.0171 - loss_div=0.0 - threshold=1.0 - loss=6.684
/scratch/e0538389/DivClust/engine/trainer.py:41: FutureWarning: `torch.cuda.amp.autocast(args...)` is deprecated. Please use `torch.amp.autocast('cuda', args...)` instead.
  with autocast(self.mixed_precision):
[2026-03-30 11:44:02](logger.py 179): id=CC_FMNIST_C10CFG_K20_E100_DT_0_9 | Ep. 46/100 - Step 200/273 (2.34 it/s) |##############      | - loss_cc=4.563 - loss_ce=2.104 - loss_ne=0.0174 - loss_div=0.0 - threshold=1.0 - loss=6.684
/scratch/e0538389/DivClust/engine/trainer.py:41: FutureWarning: `torch.cuda.amp.autocast(args...)` is deprecated. Please use `torch.amp.autocast('cuda', args...)` instead.
  with autocast(self.mixed_precision):
/scratch/e0538389/DivClust/engine/trainer.py:41: FutureWarning: `torch.cuda.amp.autocast(args...)` is deprecated. Please use `torch.amp.autocast('cuda', args...)` instead.
  with autocast(self.mixed_precision):
[2026-03-30 11:44:13](logger.py 179): id=CC_FMNIST_C10CFG_K20_E100_DT_0_9 | Ep. 46/100 - Step 225/273 (2.33 it/s) |################    | - loss_cc=4.563 - loss_ce=2.104 - loss_ne=0.0173 - loss_div=0.00015 - threshold=1.0 - loss=6.684
/scratch/e0538389/DivClust/engine/trainer.py:41: FutureWarning: `torch.cuda.amp.autocast(args...)` is deprecated. Please use `torch.amp.autocast('cuda', args...)` instead.
  with autocast(self.mixed_precision):
[2026-03-30 11:44:24](logger.py 179): id=CC_FMNIST_C10CFG_K20_E100_DT_0_9 | Ep. 46/100 - Step 250/273 (2.33 it/s) |##################  | - loss_cc=4.562 - loss_ce=2.104 - loss_ne=0.0173 - loss_div=0.000145 - threshold=0.999 - loss=6.684
/scratch/e0538389/DivClust/engine/trainer.py:41: FutureWarning: `torch.cuda.amp.autocast(args...)` is deprecated. Please use `torch.amp.autocast('cuda', args...)` instead.
  with autocast(self.mixed_precision):
[2026-03-30 11:44:34](logger.py 179): id=CC_FMNIST_C10CFG_K20_E100_DT_0_9 | Ep. 46/100 | Time: 00:01 | loss_cc=4.562 - loss_ce=2.104 - loss_ne=0.0171 - loss_div=0.000133 - threshold=0.999 - loss=6.683
[2026-03-30 11:44:36](logger.py 179): id=CC_FMNIST_C10CFG_K20_E100_DT_0_9 | Ep. 47/100 - Step 0/273 (0.0 it/s) |                    | - loss_cc=4.537 - loss_ce=2.098 - loss_ne=0.0259 - loss_div=0.0 - threshold=1.0 - loss=6.66
/scratch/e0538389/DivClust/engine/trainer.py:41: FutureWarning: `torch.cuda.amp.autocast(args...)` is deprecated. Please use `torch.amp.autocast('cuda', args...)` instead.
  with autocast(self.mixed_precision):
[2026-03-30 11:44:47](logger.py 179): id=CC_FMNIST_C10CFG_K20_E100_DT_0_9 | Ep. 47/100 - Step 25/273 (2.39 it/s) |#                   | - loss_cc=4.55 - loss_ce=2.098 - loss_ne=0.0173 - loss_div=0.0 - threshold=1.0 - loss=6.666
/scratch/e0538389/DivClust/engine/trainer.py:41: FutureWarning: `torch.cuda.amp.autocast(args...)` is deprecated. Please use `torch.amp.autocast('cuda', args...)` instead.
  with autocast(self.mixed_precision):
/scratch/e0538389/DivClust/engine/trainer.py:41: FutureWarning: `torch.cuda.amp.autocast(args...)` is deprecated. Please use `torch.amp.autocast('cuda', args...)` instead.
  with autocast(self.mixed_precision):
[2026-03-30 11:44:57](logger.py 179): id=CC_FMNIST_C10CFG_K20_E100_DT_0_9 | Ep. 47/100 - Step 50/273 (2.34 it/s) |###                 | - loss_cc=4.554 - loss_ce=2.099 - loss_ne=0.0164 - loss_div=0.0 - threshold=1.0 - loss=6.669
/scratch/e0538389/DivClust/engine/trainer.py:41: FutureWarning: `torch.cuda.amp.autocast(args...)` is deprecated. Please use `torch.amp.autocast('cuda', args...)` instead.
  with autocast(self.mixed_precision):
[2026-03-30 11:45:08](logger.py 179): id=CC_FMNIST_C10CFG_K20_E100_DT_0_9 | Ep. 47/100 - Step 75/273 (2.34 it/s) |#####               | - loss_cc=4.556 - loss_ce=2.101 - loss_ne=0.0163 - loss_div=0.0 - threshold=1.0 - loss=6.674
/scratch/e0538389/DivClust/engine/trainer.py:41: FutureWarning: `torch.cuda.amp.autocast(args...)` is deprecated. Please use `torch.amp.autocast('cuda', args...)` instead.
  with autocast(self.mixed_precision):
[2026-03-30 11:45:19](logger.py 179): id=CC_FMNIST_C10CFG_K20_E100_DT_0_9 | Ep. 47/100 - Step 100/273 (2.35 it/s) |#######             | - loss_cc=4.557 - loss_ce=2.102 - loss_ne=0.0162 - loss_div=0.0 - threshold=1.0 - loss=6.675
/scratch/e0538389/DivClust/engine/trainer.py:41: FutureWarning: `torch.cuda.amp.autocast(args...)` is deprecated. Please use `torch.amp.autocast('cuda', args...)` instead.
  with autocast(self.mixed_precision):
[2026-03-30 11:45:29](logger.py 179): id=CC_FMNIST_C10CFG_K20_E100_DT_0_9 | Ep. 47/100 - Step 125/273 (2.36 it/s) |#########           | - loss_cc=4.558 - loss_ce=2.102 - loss_ne=0.0164 - loss_div=0.0 - threshold=1.0 - loss=6.677
/scratch/e0538389/DivClust/engine/trainer.py:41: FutureWarning: `torch.cuda.amp.autocast(args...)` is deprecated. Please use `torch.amp.autocast('cuda', args...)` instead.
  with autocast(self.mixed_precision):
/scratch/e0538389/DivClust/engine/trainer.py:41: FutureWarning: `torch.cuda.amp.autocast(args...)` is deprecated. Please use `torch.amp.autocast('cuda', args...)` instead.
  with autocast(self.mixed_precision):
[2026-03-30 11:45:40](logger.py 179): id=CC_FMNIST_C10CFG_K20_E100_DT_0_9 | Ep. 47/100 - Step 150/273 (2.35 it/s) |##########          | - loss_cc=4.559 - loss_ce=2.103 - loss_ne=0.0163 - loss_div=0.0 - threshold=1.0 - loss=6.678
/scratch/e0538389/DivClust/engine/trainer.py:41: FutureWarning: `torch.cuda.amp.autocast(args...)` is deprecated. Please use `torch.amp.autocast('cuda', args...)` instead.
  with autocast(self.mixed_precision):
[2026-03-30 11:45:50](logger.py 179): id=CC_FMNIST_C10CFG_K20_E100_DT_0_9 | Ep. 47/100 - Step 175/273 (2.36 it/s) |############        | - loss_cc=4.559 - loss_ce=2.102 - loss_ne=0.0163 - loss_div=0.000135 - threshold=1.0 - loss=6.677
/scratch/e0538389/DivClust/engine/trainer.py:41: FutureWarning: `torch.cuda.amp.autocast(args...)` is deprecated. Please use `torch.amp.autocast('cuda', args...)` instead.
  with autocast(self.mixed_precision):
[2026-03-30 11:46:01](logger.py 179): id=CC_FMNIST_C10CFG_K20_E100_DT_0_9 | Ep. 47/100 - Step 200/273 (2.36 it/s) |##############      | - loss_cc=4.559 - loss_ce=2.102 - loss_ne=0.0165 - loss_div=0.000124 - threshold=0.999 - loss=6.678
/scratch/e0538389/DivClust/engine/trainer.py:41: FutureWarning: `torch.cuda.amp.autocast(args...)` is deprecated. Please use `torch.amp.autocast('cuda', args...)` instead.
  with autocast(self.mixed_precision):
[2026-03-30 11:46:11](logger.py 179): id=CC_FMNIST_C10CFG_K20_E100_DT_0_9 | Ep. 47/100 - Step 225/273 (2.36 it/s) |################    | - loss_cc=4.559 - loss_ce=2.102 - loss_ne=0.0167 - loss_div=0.00011 - threshold=0.999 - loss=6.678
/scratch/e0538389/DivClust/engine/trainer.py:41: FutureWarning: `torch.cuda.amp.autocast(args...)` is deprecated. Please use `torch.amp.autocast('cuda', args...)` instead.
  with autocast(self.mixed_precision):
/scratch/e0538389/DivClust/engine/trainer.py:41: FutureWarning: `torch.cuda.amp.autocast(args...)` is deprecated. Please use `torch.amp.autocast('cuda', args...)` instead.
  with autocast(self.mixed_precision):
[2026-03-30 11:46:22](logger.py 179): id=CC_FMNIST_C10CFG_K20_E100_DT_0_9 | Ep. 47/100 - Step 250/273 (2.36 it/s) |##################  | - loss_cc=4.559 - loss_ce=2.103 - loss_ne=0.0167 - loss_div=9.9e-05 - threshold=0.999 - loss=6.679
/scratch/e0538389/DivClust/engine/trainer.py:41: FutureWarning: `torch.cuda.amp.autocast(args...)` is deprecated. Please use `torch.amp.autocast('cuda', args...)` instead.
  with autocast(self.mixed_precision):
[2026-03-30 11:46:31](logger.py 179): id=CC_FMNIST_C10CFG_K20_E100_DT_0_9 | Ep. 47/100 | Time: 00:01 | loss_cc=4.56 - loss_ce=2.103 - loss_ne=0.0171 - loss_div=9.1e-05 - threshold=0.999 - loss=6.68
[2026-03-30 11:46:34](logger.py 179): id=CC_FMNIST_C10CFG_K20_E100_DT_0_9 | Ep. 48/100 - Step 0/273 (0.0 it/s) |                    | - loss_cc=4.562 - loss_ce=2.112 - loss_ne=0.0118 - loss_div=0.0 - threshold=1.0 - loss=6.686
/scratch/e0538389/DivClust/engine/trainer.py:41: FutureWarning: `torch.cuda.amp.autocast(args...)` is deprecated. Please use `torch.amp.autocast('cuda', args...)` instead.
  with autocast(self.mixed_precision):
[2026-03-30 11:46:44](logger.py 179): id=CC_FMNIST_C10CFG_K20_E100_DT_0_9 | Ep. 48/100 - Step 25/273 (2.37 it/s) |#                   | - loss_cc=4.56 - loss_ce=2.105 - loss_ne=0.0138 - loss_div=0.0 - threshold=1.0 - loss=6.679
/scratch/e0538389/DivClust/engine/trainer.py:41: FutureWarning: `torch.cuda.amp.autocast(args...)` is deprecated. Please use `torch.amp.autocast('cuda', args...)` instead.
  with autocast(self.mixed_precision):
[2026-03-30 11:46:55](logger.py 179): id=CC_FMNIST_C10CFG_K20_E100_DT_0_9 | Ep. 48/100 - Step 50/273 (2.38 it/s) |###                 | - loss_cc=4.561 - loss_ce=2.105 - loss_ne=0.0171 - loss_div=0.0 - threshold=1.0 - loss=6.683
/scratch/e0538389/DivClust/engine/trainer.py:41: FutureWarning: `torch.cuda.amp.autocast(args...)` is deprecated. Please use `torch.amp.autocast('cuda', args...)` instead.
  with autocast(self.mixed_precision):
[2026-03-30 11:47:05](logger.py 179): id=CC_FMNIST_C10CFG_K20_E100_DT_0_9 | Ep. 48/100 - Step 75/273 (2.38 it/s) |#####               | - loss_cc=4.562 - loss_ce=2.105 - loss_ne=0.0171 - loss_div=0.0 - threshold=1.0 - loss=6.683
/scratch/e0538389/DivClust/engine/trainer.py:41: FutureWarning: `torch.cuda.amp.autocast(args...)` is deprecated. Please use `torch.amp.autocast('cuda', args...)` instead.
  with autocast(self.mixed_precision):
/scratch/e0538389/DivClust/engine/trainer.py:41: FutureWarning: `torch.cuda.amp.autocast(args...)` is deprecated. Please use `torch.amp.autocast('cuda', args...)` instead.
  with autocast(self.mixed_precision):
[2026-03-30 11:47:16](logger.py 179): id=CC_FMNIST_C10CFG_K20_E100_DT_0_9 | Ep. 48/100 - Step 100/273 (2.36 it/s) |#######             | - loss_cc=4.561 - loss_ce=2.104 - loss_ne=0.0169 - loss_div=0.0 - threshold=1.0 - loss=6.681
/scratch/e0538389/DivClust/engine/trainer.py:41: FutureWarning: `torch.cuda.amp.autocast(args...)` is deprecated. Please use `torch.amp.autocast('cuda', args...)` instead.
  with autocast(self.mixed_precision):
[2026-03-30 11:47:27](logger.py 179): id=CC_FMNIST_C10CFG_K20_E100_DT_0_9 | Ep. 48/100 - Step 125/273 (2.35 it/s) |#########           | - loss_cc=4.56 - loss_ce=2.103 - loss_ne=0.0167 - loss_div=0.000217 - threshold=0.999 - loss=6.679
/scratch/e0538389/DivClust/engine/trainer.py:41: FutureWarning: `torch.cuda.amp.autocast(args...)` is deprecated. Please use `torch.amp.autocast('cuda', args...)` instead.
  with autocast(self.mixed_precision):
[2026-03-30 11:47:38](logger.py 179): id=CC_FMNIST_C10CFG_K20_E100_DT_0_9 | Ep. 48/100 - Step 150/273 (2.34 it/s) |##########          | - loss_cc=4.558 - loss_ce=2.102 - loss_ne=0.0171 - loss_div=0.000181 - threshold=0.999 - loss=6.678
/scratch/e0538389/DivClust/engine/trainer.py:41: FutureWarning: `torch.cuda.amp.autocast(args...)` is deprecated. Please use `torch.amp.autocast('cuda', args...)` instead.
  with autocast(self.mixed_precision):
[2026-03-30 11:47:48](logger.py 179): id=CC_FMNIST_C10CFG_K20_E100_DT_0_9 | Ep. 48/100 - Step 175/273 (2.35 it/s) |############        | - loss_cc=4.558 - loss_ce=2.103 - loss_ne=0.0169 - loss_div=0.000156 - threshold=0.999 - loss=6.678
/scratch/e0538389/DivClust/engine/trainer.py:41: FutureWarning: `torch.cuda.amp.autocast(args...)` is deprecated. Please use `torch.amp.autocast('cuda', args...)` instead.
  with autocast(self.mixed_precision):
/scratch/e0538389/DivClust/engine/trainer.py:41: FutureWarning: `torch.cuda.amp.autocast(args...)` is deprecated. Please use `torch.amp.autocast('cuda', args...)` instead.
  with autocast(self.mixed_precision):
[2026-03-30 11:47:59](logger.py 179): id=CC_FMNIST_C10CFG_K20_E100_DT_0_9 | Ep. 48/100 - Step 200/273 (2.34 it/s) |##############      | - loss_cc=4.558 - loss_ce=2.103 - loss_ne=0.017 - loss_div=0.000136 - threshold=0.999 - loss=6.678
/scratch/e0538389/DivClust/engine/trainer.py:41: FutureWarning: `torch.cuda.amp.autocast(args...)` is deprecated. Please use `torch.amp.autocast('cuda', args...)` instead.
  with autocast(self.mixed_precision):
[2026-03-30 11:48:10](logger.py 179): id=CC_FMNIST_C10CFG_K20_E100_DT_0_9 | Ep. 48/100 - Step 225/273 (2.35 it/s) |################    | - loss_cc=4.558 - loss_ce=2.102 - loss_ne=0.0169 - loss_div=0.000121 - threshold=0.999 - loss=6.677
/scratch/e0538389/DivClust/engine/trainer.py:41: FutureWarning: `torch.cuda.amp.autocast(args...)` is deprecated. Please use `torch.amp.autocast('cuda', args...)` instead.
  with autocast(self.mixed_precision):
[2026-03-30 11:48:20](logger.py 179): id=CC_FMNIST_C10CFG_K20_E100_DT_0_9 | Ep. 48/100 - Step 250/273 (2.35 it/s) |##################  | - loss_cc=4.557 - loss_ce=2.102 - loss_ne=0.0169 - loss_div=0.000109 - threshold=0.999 - loss=6.676
/scratch/e0538389/DivClust/engine/trainer.py:41: FutureWarning: `torch.cuda.amp.autocast(args...)` is deprecated. Please use `torch.amp.autocast('cuda', args...)` instead.
  with autocast(self.mixed_precision):
[2026-03-30 11:48:29](logger.py 179): id=CC_FMNIST_C10CFG_K20_E100_DT_0_9 | Ep. 48/100 | Time: 00:01 | loss_cc=4.557 - loss_ce=2.102 - loss_ne=0.0168 - loss_div=0.0001 - threshold=0.999 - loss=6.676
[2026-03-30 11:48:32](logger.py 179): id=CC_FMNIST_C10CFG_K20_E100_DT_0_9 | Ep. 49/100 - Step 0/273 (0.0 it/s) |                    | - loss_cc=4.555 - loss_ce=2.099 - loss_ne=0.00455 - loss_div=0.0 - threshold=1.0 - loss=6.658
/scratch/e0538389/DivClust/engine/trainer.py:41: FutureWarning: `torch.cuda.amp.autocast(args...)` is deprecated. Please use `torch.amp.autocast('cuda', args...)` instead.
  with autocast(self.mixed_precision):
/scratch/e0538389/DivClust/engine/trainer.py:41: FutureWarning: `torch.cuda.amp.autocast(args...)` is deprecated. Please use `torch.amp.autocast('cuda', args...)` instead.
  with autocast(self.mixed_precision):
[2026-03-30 11:48:43](logger.py 179): id=CC_FMNIST_C10CFG_K20_E100_DT_0_9 | Ep. 49/100 - Step 25/273 (2.21 it/s) |#                   | - loss_cc=4.56 - loss_ce=2.105 - loss_ne=0.0178 - loss_div=0.0 - threshold=1.0 - loss=6.683
/scratch/e0538389/DivClust/engine/trainer.py:41: FutureWarning: `torch.cuda.amp.autocast(args...)` is deprecated. Please use `torch.amp.autocast('cuda', args...)` instead.
  with autocast(self.mixed_precision):
[2026-03-30 11:48:54](logger.py 179): id=CC_FMNIST_C10CFG_K20_E100_DT_0_9 | Ep. 49/100 - Step 50/273 (2.29 it/s) |###                 | - loss_cc=4.555 - loss_ce=2.103 - loss_ne=0.0172 - loss_div=0.0 - threshold=1.0 - loss=6.676
/scratch/e0538389/DivClust/engine/trainer.py:41: FutureWarning: `torch.cuda.amp.autocast(args...)` is deprecated. Please use `torch.amp.autocast('cuda', args...)` instead.
  with autocast(self.mixed_precision):
[2026-03-30 11:49:04](logger.py 179): id=CC_FMNIST_C10CFG_K20_E100_DT_0_9 | Ep. 49/100 - Step 75/273 (2.32 it/s) |#####               | - loss_cc=4.556 - loss_ce=2.102 - loss_ne=0.0166 - loss_div=0.000234 - threshold=0.998 - loss=6.675
/scratch/e0538389/DivClust/engine/trainer.py:41: FutureWarning: `torch.cuda.amp.autocast(args...)` is deprecated. Please use `torch.amp.autocast('cuda', args...)` instead.
  with autocast(self.mixed_precision):
[2026-03-30 11:49:15](logger.py 179): id=CC_FMNIST_C10CFG_K20_E100_DT_0_9 | Ep. 49/100 - Step 100/273 (2.34 it/s) |#######             | - loss_cc=4.555 - loss_ce=2.102 - loss_ne=0.0165 - loss_div=0.000178 - threshold=0.998 - loss=6.673
/scratch/e0538389/DivClust/engine/trainer.py:41: FutureWarning: `torch.cuda.amp.autocast(args...)` is deprecated. Please use `torch.amp.autocast('cuda', args...)` instead.
  with autocast(self.mixed_precision):
/scratch/e0538389/DivClust/engine/trainer.py:41: FutureWarning: `torch.cuda.amp.autocast(args...)` is deprecated. Please use `torch.amp.autocast('cuda', args...)` instead.
  with autocast(self.mixed_precision):
[2026-03-30 11:49:25](logger.py 179): id=CC_FMNIST_C10CFG_K20_E100_DT_0_9 | Ep. 49/100 - Step 125/273 (2.34 it/s) |#########           | - loss_cc=4.553 - loss_ce=2.101 - loss_ne=0.0169 - loss_div=0.000143 - threshold=0.998 - loss=6.671
/scratch/e0538389/DivClust/engine/trainer.py:41: FutureWarning: `torch.cuda.amp.autocast(args...)` is deprecated. Please use `torch.amp.autocast('cuda', args...)` instead.
  with autocast(self.mixed_precision):
[2026-03-30 11:49:36](logger.py 179): id=CC_FMNIST_C10CFG_K20_E100_DT_0_9 | Ep. 49/100 - Step 150/273 (2.35 it/s) |##########          | - loss_cc=4.554 - loss_ce=2.102 - loss_ne=0.0165 - loss_div=0.000119 - threshold=0.999 - loss=6.673
/scratch/e0538389/DivClust/engine/trainer.py:41: FutureWarning: `torch.cuda.amp.autocast(args...)` is deprecated. Please use `torch.amp.autocast('cuda', args...)` instead.
  with autocast(self.mixed_precision):
[2026-03-30 11:49:46](logger.py 179): id=CC_FMNIST_C10CFG_K20_E100_DT_0_9 | Ep. 49/100 - Step 175/273 (2.35 it/s) |############        | - loss_cc=4.555 - loss_ce=2.102 - loss_ne=0.0163 - loss_div=0.000102 - threshold=0.999 - loss=6.673
/scratch/e0538389/DivClust/engine/trainer.py:41: FutureWarning: `torch.cuda.amp.autocast(args...)` is deprecated. Please use `torch.amp.autocast('cuda', args...)` instead.
  with autocast(self.mixed_precision):
[2026-03-30 11:49:57](logger.py 179): id=CC_FMNIST_C10CFG_K20_E100_DT_0_9 | Ep. 49/100 - Step 200/273 (2.35 it/s) |##############      | - loss_cc=4.555 - loss_ce=2.102 - loss_ne=0.016 - loss_div=8.96e-05 - threshold=0.999 - loss=6.673
/scratch/e0538389/DivClust/engine/trainer.py:41: FutureWarning: `torch.cuda.amp.autocast(args...)` is deprecated. Please use `torch.amp.autocast('cuda', args...)` instead.
  with autocast(self.mixed_precision):
/scratch/e0538389/DivClust/engine/trainer.py:41: FutureWarning: `torch.cuda.amp.autocast(args...)` is deprecated. Please use `torch.amp.autocast('cuda', args...)` instead.
  with autocast(self.mixed_precision):
[2026-03-30 11:50:08](logger.py 179): id=CC_FMNIST_C10CFG_K20_E100_DT_0_9 | Ep. 49/100 - Step 225/273 (2.35 it/s) |################    | - loss_cc=4.555 - loss_ce=2.102 - loss_ne=0.0163 - loss_div=7.97e-05 - threshold=0.999 - loss=6.674
/scratch/e0538389/DivClust/engine/trainer.py:41: FutureWarning: `torch.cuda.amp.autocast(args...)` is deprecated. Please use `torch.amp.autocast('cuda', args...)` instead.
  with autocast(self.mixed_precision):
[2026-03-30 11:50:18](logger.py 179): id=CC_FMNIST_C10CFG_K20_E100_DT_0_9 | Ep. 49/100 - Step 250/273 (2.35 it/s) |##################  | - loss_cc=4.556 - loss_ce=2.102 - loss_ne=0.0163 - loss_div=7.17e-05 - threshold=0.999 - loss=6.675
/scratch/e0538389/DivClust/engine/trainer.py:41: FutureWarning: `torch.cuda.amp.autocast(args...)` is deprecated. Please use `torch.amp.autocast('cuda', args...)` instead.
  with autocast(self.mixed_precision):
[2026-03-30 11:50:28](logger.py 179): id=CC_FMNIST_C10CFG_K20_E100_DT_0_9 | Ep. 49/100 | Time: 00:01 | loss_cc=4.555 - loss_ce=2.102 - loss_ne=0.0165 - loss_div=6.59e-05 - threshold=0.999 - loss=6.674
[2026-03-30 11:50:30](logger.py 179): id=CC_FMNIST_C10CFG_K20_E100_DT_0_9 | Ep. 50/100 - Step 0/273 (0.0 it/s) |                    | - loss_cc=4.549 - loss_ce=2.088 - loss_ne=0.0105 - loss_div=0.0 - threshold=1.0 - loss=6.647
/scratch/e0538389/DivClust/engine/trainer.py:41: FutureWarning: `torch.cuda.amp.autocast(args...)` is deprecated. Please use `torch.amp.autocast('cuda', args...)` instead.
  with autocast(self.mixed_precision):
[2026-03-30 11:50:41](logger.py 179): id=CC_FMNIST_C10CFG_K20_E100_DT_0_9 | Ep. 50/100 - Step 25/273 (2.38 it/s) |#                   | - loss_cc=4.553 - loss_ce=2.104 - loss_ne=0.016 - loss_div=0.0 - threshold=1.0 - loss=6.672
/scratch/e0538389/DivClust/engine/trainer.py:41: FutureWarning: `torch.cuda.amp.autocast(args...)` is deprecated. Please use `torch.amp.autocast('cuda', args...)` instead.
  with autocast(self.mixed_precision):
[2026-03-30 11:50:52](logger.py 179): id=CC_FMNIST_C10CFG_K20_E100_DT_0_9 | Ep. 50/100 - Step 50/273 (2.35 it/s) |###                 | - loss_cc=4.554 - loss_ce=2.102 - loss_ne=0.0164 - loss_div=0.000124 - threshold=1.0 - loss=6.673
/scratch/e0538389/DivClust/engine/trainer.py:41: FutureWarning: `torch.cuda.amp.autocast(args...)` is deprecated. Please use `torch.amp.autocast('cuda', args...)` instead.
  with autocast(self.mixed_precision):
/scratch/e0538389/DivClust/engine/trainer.py:41: FutureWarning: `torch.cuda.amp.autocast(args...)` is deprecated. Please use `torch.amp.autocast('cuda', args...)` instead.
  with autocast(self.mixed_precision):
[2026-03-30 11:51:02](logger.py 179): id=CC_FMNIST_C10CFG_K20_E100_DT_0_9 | Ep. 50/100 - Step 75/273 (2.36 it/s) |#####               | - loss_cc=4.554 - loss_ce=2.102 - loss_ne=0.0167 - loss_div=0.000412 - threshold=0.997 - loss=6.673
/scratch/e0538389/DivClust/engine/trainer.py:41: FutureWarning: `torch.cuda.amp.autocast(args...)` is deprecated. Please use `torch.amp.autocast('cuda', args...)` instead.
  with autocast(self.mixed_precision):
[2026-03-30 11:51:13](logger.py 179): id=CC_FMNIST_C10CFG_K20_E100_DT_0_9 | Ep. 50/100 - Step 100/273 (2.37 it/s) |#######             | - loss_cc=4.552 - loss_ce=2.101 - loss_ne=0.017 - loss_div=0.00031 - threshold=0.998 - loss=6.67
/scratch/e0538389/DivClust/engine/trainer.py:41: FutureWarning: `torch.cuda.amp.autocast(args...)` is deprecated. Please use `torch.amp.autocast('cuda', args...)` instead.
  with autocast(self.mixed_precision):
[2026-03-30 11:51:23](logger.py 179): id=CC_FMNIST_C10CFG_K20_E100_DT_0_9 | Ep. 50/100 - Step 125/273 (2.37 it/s) |#########           | - loss_cc=4.553 - loss_ce=2.102 - loss_ne=0.0168 - loss_div=0.000249 - threshold=0.998 - loss=6.671
/scratch/e0538389/DivClust/engine/trainer.py:41: FutureWarning: `torch.cuda.amp.autocast(args...)` is deprecated. Please use `torch.amp.autocast('cuda', args...)` instead.
  with autocast(self.mixed_precision):
[2026-03-30 11:51:34](logger.py 179): id=CC_FMNIST_C10CFG_K20_E100_DT_0_9 | Ep. 50/100 - Step 150/273 (2.36 it/s) |##########          | - loss_cc=4.553 - loss_ce=2.102 - loss_ne=0.0168 - loss_div=0.000208 - threshold=0.999 - loss=6.672
/scratch/e0538389/DivClust/engine/trainer.py:41: FutureWarning: `torch.cuda.amp.autocast(args...)` is deprecated. Please use `torch.amp.autocast('cuda', args...)` instead.
  with autocast(self.mixed_precision):
/scratch/e0538389/DivClust/engine/trainer.py:41: FutureWarning: `torch.cuda.amp.autocast(args...)` is deprecated. Please use `torch.amp.autocast('cuda', args...)` instead.
  with autocast(self.mixed_precision):
[2026-03-30 11:51:45](logger.py 179): id=CC_FMNIST_C10CFG_K20_E100_DT_0_9 | Ep. 50/100 - Step 175/273 (2.35 it/s) |############        | - loss_cc=4.554 - loss_ce=2.102 - loss_ne=0.0168 - loss_div=0.000178 - threshold=0.999 - loss=6.673
/scratch/e0538389/DivClust/engine/trainer.py:41: FutureWarning: `torch.cuda.amp.autocast(args...)` is deprecated. Please use `torch.amp.autocast('cuda', args...)` instead.
  with autocast(self.mixed_precision):
[2026-03-30 11:51:55](logger.py 179): id=CC_FMNIST_C10CFG_K20_E100_DT_0_9 | Ep. 50/100 - Step 200/273 (2.35 it/s) |##############      | - loss_cc=4.554 - loss_ce=2.102 - loss_ne=0.0166 - loss_div=0.000156 - threshold=0.999 - loss=6.673
/scratch/e0538389/DivClust/engine/trainer.py:41: FutureWarning: `torch.cuda.amp.autocast(args...)` is deprecated. Please use `torch.amp.autocast('cuda', args...)` instead.
  with autocast(self.mixed_precision):
[2026-03-30 11:52:06](logger.py 179): id=CC_FMNIST_C10CFG_K20_E100_DT_0_9 | Ep. 50/100 - Step 225/273 (2.34 it/s) |################    | - loss_cc=4.554 - loss_ce=2.102 - loss_ne=0.0167 - loss_div=0.000139 - threshold=0.999 - loss=6.672
/scratch/e0538389/DivClust/engine/trainer.py:41: FutureWarning: `torch.cuda.amp.autocast(args...)` is deprecated. Please use `torch.amp.autocast('cuda', args...)` instead.
  with autocast(self.mixed_precision):
[2026-03-30 11:52:18](logger.py 179): id=CC_FMNIST_C10CFG_K20_E100_DT_0_9 | Ep. 50/100 - Step 250/273 (2.33 it/s) |##################  | - loss_cc=4.554 - loss_ce=2.102 - loss_ne=0.0167 - loss_div=0.000125 - threshold=0.999 - loss=6.672
/scratch/e0538389/DivClust/engine/trainer.py:41: FutureWarning: `torch.cuda.amp.autocast(args...)` is deprecated. Please use `torch.amp.autocast('cuda', args...)` instead.
  with autocast(self.mixed_precision):
/scratch/e0538389/DivClust/engine/trainer.py:41: FutureWarning: `torch.cuda.amp.autocast(args...)` is deprecated. Please use `torch.amp.autocast('cuda', args...)` instead.
  with autocast(self.mixed_precision):
[2026-03-30 11:52:27](logger.py 179): Evaluating
[2026-03-30 11:52:27](logger.py 179): Eval. step 0 of 274
[2026-03-30 11:52:30](logger.py 179): Eval. step 25 of 274
[2026-03-30 11:52:32](logger.py 179): Eval. step 50 of 274
[2026-03-30 11:52:35](logger.py 179): Eval. step 75 of 274
[2026-03-30 11:52:37](logger.py 179): Eval. step 100 of 274
[2026-03-30 11:52:39](logger.py 179): Eval. step 125 of 274
[2026-03-30 11:52:42](logger.py 179): Eval. step 150 of 274
[2026-03-30 11:52:44](logger.py 179): Eval. step 175 of 274
[2026-03-30 11:52:46](logger.py 179): Eval. step 200 of 274
[2026-03-30 11:52:49](logger.py 179): Eval. step 225 of 274
[2026-03-30 11:52:51](logger.py 179): Eval. step 250 of 274
[2026-03-30 11:52:55](logger.py 179): id=CC_FMNIST_C10CFG_K20_E100_DT_0_9 | Ep. 50/100 | Time: 00:02 | loss_cc=4.554 - loss_ce=2.102 - loss_ne=0.0166 - loss_div=0.000115 - threshold=0.999 - loss=6.672 - eval_confidence=0.892 - cluster_acc_0_eval=63.08 - cluster_nmi_0_eval=0.616 - cluster_ari_0_eval=0.502 - cluster_acc_1_eval=63.43 - cluster_nmi_1_eval=0.623 - cluster_ari_1_eval=0.51 - cluster_acc_2_eval=63.34 - cluster_nmi_2_eval=0.623 - cluster_ari_2_eval=0.504 - cluster_acc_3_eval=63.25 - cluster_nmi_3_eval=0.62 - cluster_ari_3_eval=0.505 - cluster_acc_4_eval=62.76 - cluster_nmi_4_eval=0.619 - cluster_ari_4_eval=0.504 - cluster_acc_5_eval=62.91 - cluster_nmi_5_eval=0.613 - cluster_ari_5_eval=0.494 - cluster_acc_6_eval=63.21 - cluster_nmi_6_eval=0.616 - cluster_ari_6_eval=0.5 - cluster_acc_7_eval=62.94 - cluster_nmi_7_eval=0.619 - cluster_ari_7_eval=0.505 - cluster_acc_8_eval=63.24 - cluster_nmi_8_eval=0.614 - cluster_ari_8_eval=0.499 - cluster_acc_9_eval=63.84 - cluster_nmi_9_eval=0.621 - cluster_ari_9_eval=0.512 - cluster_acc_10_eval=64.38 - cluster_nmi_10_eval=0.623 - cluster_ari_10_eval=0.519 - cluster_acc_11_eval=63.45 - cluster_nmi_11_eval=0.618 - cluster_ari_11_eval=0.51 - cluster_acc_12_eval=63.45 - cluster_nmi_12_eval=0.623 - cluster_ari_12_eval=0.507 - cluster_acc_13_eval=65.03 - cluster_nmi_13_eval=0.624 - cluster_ari_13_eval=0.504 - cluster_acc_14_eval=65.48 - cluster_nmi_14_eval=0.628 - cluster_ari_14_eval=0.519 - cluster_acc_15_eval=63.27 - cluster_nmi_15_eval=0.621 - cluster_ari_15_eval=0.504 - cluster_acc_16_eval=63.99 - cluster_nmi_16_eval=0.624 - cluster_ari_16_eval=0.509 - cluster_acc_17_eval=63.02 - cluster_nmi_17_eval=0.616 - cluster_ari_17_eval=0.497 - cluster_acc_18_eval=62.43 - cluster_nmi_18_eval=0.612 - cluster_ari_18_eval=0.494 - cluster_acc_19_eval=62.85 - cluster_nmi_19_eval=0.608 - cluster_ari_19_eval=0.491 - max_cluster_acc_eval=65.48 - mean_cluster_acc_eval=63.47 - min_cluster_acc_eval=62.43 - max_cluster_nmi_eval=0.628 - mean_cluster_nmi_eval=0.619 - min_cluster_nmi_eval=0.608 - max_cluster_ari_eval=0.519 - mean_cluster_ari_eval=0.504 - min_cluster_ari_eval=0.491 - interclustering_nmi_eval=0.889
/scratch/e0538389/DivClust/engine/trainer.py:41: FutureWarning: `torch.cuda.amp.autocast(args...)` is deprecated. Please use `torch.amp.autocast('cuda', args...)` instead.
  with autocast(self.mixed_precision):
[2026-03-30 11:52:57](logger.py 179): id=CC_FMNIST_C10CFG_K20_E100_DT_0_9 | Ep. 51/100 - Step 0/273 (0.0 it/s) |                    | - loss_cc=4.544 - loss_ce=2.086 - loss_ne=0.00934 - loss_div=0.0 - threshold=1.0 - loss=6.639
/scratch/e0538389/DivClust/engine/trainer.py:41: FutureWarning: `torch.cuda.amp.autocast(args...)` is deprecated. Please use `torch.amp.autocast('cuda', args...)` instead.
  with autocast(self.mixed_precision):
[2026-03-30 11:53:08](logger.py 179): id=CC_FMNIST_C10CFG_K20_E100_DT_0_9 | Ep. 51/100 - Step 25/273 (2.31 it/s) |#                   | - loss_cc=4.562 - loss_ce=2.103 - loss_ne=0.0162 - loss_div=0.000473 - threshold=0.997 - loss=6.682
/scratch/e0538389/DivClust/engine/trainer.py:41: FutureWarning: `torch.cuda.amp.autocast(args...)` is deprecated. Please use `torch.amp.autocast('cuda', args...)` instead.
  with autocast(self.mixed_precision):
[2026-03-30 11:53:19](logger.py 179): id=CC_FMNIST_C10CFG_K20_E100_DT_0_9 | Ep. 51/100 - Step 50/273 (2.31 it/s) |###                 | - loss_cc=4.56 - loss_ce=2.104 - loss_ne=0.0172 - loss_div=0.000272 - threshold=0.996 - loss=6.682
/scratch/e0538389/DivClust/engine/trainer.py:41: FutureWarning: `torch.cuda.amp.autocast(args...)` is deprecated. Please use `torch.amp.autocast('cuda', args...)` instead.
  with autocast(self.mixed_precision):
[2026-03-30 11:53:29](logger.py 179): id=CC_FMNIST_C10CFG_K20_E100_DT_0_9 | Ep. 51/100 - Step 75/273 (2.32 it/s) |#####               | - loss_cc=4.558 - loss_ce=2.103 - loss_ne=0.0174 - loss_div=0.000183 - threshold=0.997 - loss=6.678
/scratch/e0538389/DivClust/engine/trainer.py:41: FutureWarning: `torch.cuda.amp.autocast(args...)` is deprecated. Please use `torch.amp.autocast('cuda', args...)` instead.
  with autocast(self.mixed_precision):
/scratch/e0538389/DivClust/engine/trainer.py:41: FutureWarning: `torch.cuda.amp.autocast(args...)` is deprecated. Please use `torch.amp.autocast('cuda', args...)` instead.
  with autocast(self.mixed_precision):
[2026-03-30 11:53:40](logger.py 179): id=CC_FMNIST_C10CFG_K20_E100_DT_0_9 | Ep. 51/100 - Step 100/273 (2.32 it/s) |#######             | - loss_cc=4.557 - loss_ce=2.102 - loss_ne=0.0177 - loss_div=0.000137 - threshold=0.998 - loss=6.678
/scratch/e0538389/DivClust/engine/trainer.py:41: FutureWarning: `torch.cuda.amp.autocast(args...)` is deprecated. Please use `torch.amp.autocast('cuda', args...)` instead.
  with autocast(self.mixed_precision):
[2026-03-30 11:53:51](logger.py 179): id=CC_FMNIST_C10CFG_K20_E100_DT_0_9 | Ep. 51/100 - Step 125/273 (2.33 it/s) |#########           | - loss_cc=4.556 - loss_ce=2.102 - loss_ne=0.0173 - loss_div=0.00011 - threshold=0.998 - loss=6.675
/scratch/e0538389/DivClust/engine/trainer.py:41: FutureWarning: `torch.cuda.amp.autocast(args...)` is deprecated. Please use `torch.amp.autocast('cuda', args...)` instead.
  with autocast(self.mixed_precision):
[2026-03-30 11:54:01](logger.py 179): id=CC_FMNIST_C10CFG_K20_E100_DT_0_9 | Ep. 51/100 - Step 150/273 (2.33 it/s) |##########          | - loss_cc=4.554 - loss_ce=2.102 - loss_ne=0.0173 - loss_div=9.19e-05 - threshold=0.999 - loss=6.673
/scratch/e0538389/DivClust/engine/trainer.py:41: FutureWarning: `torch.cuda.amp.autocast(args...)` is deprecated. Please use `torch.amp.autocast('cuda', args...)` instead.
  with autocast(self.mixed_precision):
[2026-03-30 11:54:12](logger.py 179): id=CC_FMNIST_C10CFG_K20_E100_DT_0_9 | Ep. 51/100 - Step 175/273 (2.33 it/s) |############        | - loss_cc=4.554 - loss_ce=2.101 - loss_ne=0.017 - loss_div=7.88e-05 - threshold=0.999 - loss=6.673
/scratch/e0538389/DivClust/engine/trainer.py:41: FutureWarning: `torch.cuda.amp.autocast(args...)` is deprecated. Please use `torch.amp.autocast('cuda', args...)` instead.
  with autocast(self.mixed_precision):
/scratch/e0538389/DivClust/engine/trainer.py:41: FutureWarning: `torch.cuda.amp.autocast(args...)` is deprecated. Please use `torch.amp.autocast('cuda', args...)` instead.
  with autocast(self.mixed_precision):
[2026-03-30 11:54:23](logger.py 179): id=CC_FMNIST_C10CFG_K20_E100_DT_0_9 | Ep. 51/100 - Step 200/273 (2.32 it/s) |##############      | - loss_cc=4.554 - loss_ce=2.101 - loss_ne=0.0171 - loss_div=6.9e-05 - threshold=0.999 - loss=6.673
/scratch/e0538389/DivClust/engine/trainer.py:41: FutureWarning: `torch.cuda.amp.autocast(args...)` is deprecated. Please use `torch.amp.autocast('cuda', args...)` instead.
  with autocast(self.mixed_precision):
[2026-03-30 11:54:34](logger.py 179): id=CC_FMNIST_C10CFG_K20_E100_DT_0_9 | Ep. 51/100 - Step 225/273 (2.33 it/s) |################    | - loss_cc=4.554 - loss_ce=2.102 - loss_ne=0.0171 - loss_div=6.14e-05 - threshold=0.999 - loss=6.673
/scratch/e0538389/DivClust/engine/trainer.py:41: FutureWarning: `torch.cuda.amp.autocast(args...)` is deprecated. Please use `torch.amp.autocast('cuda', args...)` instead.
  with autocast(self.mixed_precision):
[2026-03-30 11:54:44](logger.py 179): id=CC_FMNIST_C10CFG_K20_E100_DT_0_9 | Ep. 51/100 - Step 250/273 (2.33 it/s) |##################  | - loss_cc=4.554 - loss_ce=2.101 - loss_ne=0.0172 - loss_div=0.00016 - threshold=0.999 - loss=6.673
/scratch/e0538389/DivClust/engine/trainer.py:41: FutureWarning: `torch.cuda.amp.autocast(args...)` is deprecated. Please use `torch.amp.autocast('cuda', args...)` instead.
  with autocast(self.mixed_precision):
[2026-03-30 11:54:54](logger.py 179): id=CC_FMNIST_C10CFG_K20_E100_DT_0_9 | Ep. 51/100 | Time: 00:01 | loss_cc=4.553 - loss_ce=2.101 - loss_ne=0.0171 - loss_div=0.000149 - threshold=0.999 - loss=6.672
[2026-03-30 11:54:56](logger.py 179): id=CC_FMNIST_C10CFG_K20_E100_DT_0_9 | Ep. 52/100 - Step 0/273 (0.0 it/s) |                    | - loss_cc=4.582 - loss_ce=2.121 - loss_ne=0.0119 - loss_div=0.0 - threshold=1.0 - loss=6.715
/scratch/e0538389/DivClust/engine/trainer.py:41: FutureWarning: `torch.cuda.amp.autocast(args...)` is deprecated. Please use `torch.amp.autocast('cuda', args...)` instead.
  with autocast(self.mixed_precision):
/scratch/e0538389/DivClust/engine/trainer.py:41: FutureWarning: `torch.cuda.amp.autocast(args...)` is deprecated. Please use `torch.amp.autocast('cuda', args...)` instead.
  with autocast(self.mixed_precision):
[2026-03-30 11:55:07](logger.py 179): id=CC_FMNIST_C10CFG_K20_E100_DT_0_9 | Ep. 52/100 - Step 25/273 (2.22 it/s) |#                   | - loss_cc=4.553 - loss_ce=2.102 - loss_ne=0.017 - loss_div=0.0 - threshold=1.0 - loss=6.672
/scratch/e0538389/DivClust/engine/trainer.py:41: FutureWarning: `torch.cuda.amp.autocast(args...)` is deprecated. Please use `torch.amp.autocast('cuda', args...)` instead.
  with autocast(self.mixed_precision):
[2026-03-30 11:55:17](logger.py 179): id=CC_FMNIST_C10CFG_K20_E100_DT_0_9 | Ep. 52/100 - Step 50/273 (2.29 it/s) |###                 | - loss_cc=4.553 - loss_ce=2.101 - loss_ne=0.0163 - loss_div=0.0 - threshold=1.0 - loss=6.671
/scratch/e0538389/DivClust/engine/trainer.py:41: FutureWarning: `torch.cuda.amp.autocast(args...)` is deprecated. Please use `torch.amp.autocast('cuda', args...)` instead.
  with autocast(self.mixed_precision):
[2026-03-30 11:55:28](logger.py 179): id=CC_FMNIST_C10CFG_K20_E100_DT_0_9 | Ep. 52/100 - Step 75/273 (2.32 it/s) |#####               | - loss_cc=4.554 - loss_ce=2.101 - loss_ne=0.0163 - loss_div=0.0 - threshold=1.0 - loss=6.671
/scratch/e0538389/DivClust/engine/trainer.py:41: FutureWarning: `torch.cuda.amp.autocast(args...)` is deprecated. Please use `torch.amp.autocast('cuda', args...)` instead.
  with autocast(self.mixed_precision):
[2026-03-30 11:55:38](logger.py 179): id=CC_FMNIST_C10CFG_K20_E100_DT_0_9 | Ep. 52/100 - Step 100/273 (2.34 it/s) |#######             | - loss_cc=4.554 - loss_ce=2.101 - loss_ne=0.0176 - loss_div=0.0 - threshold=1.0 - loss=6.672
/scratch/e0538389/DivClust/engine/trainer.py:41: FutureWarning: `torch.cuda.amp.autocast(args...)` is deprecated. Please use `torch.amp.autocast('cuda', args...)` instead.
  with autocast(self.mixed_precision):
/scratch/e0538389/DivClust/engine/trainer.py:41: FutureWarning: `torch.cuda.amp.autocast(args...)` is deprecated. Please use `torch.amp.autocast('cuda', args...)` instead.
  with autocast(self.mixed_precision):
[2026-03-30 11:55:49](logger.py 179): id=CC_FMNIST_C10CFG_K20_E100_DT_0_9 | Ep. 52/100 - Step 125/273 (2.32 it/s) |#########           | - loss_cc=4.554 - loss_ce=2.101 - loss_ne=0.0172 - loss_div=0.0 - threshold=1.0 - loss=6.672
/scratch/e0538389/DivClust/engine/trainer.py:41: FutureWarning: `torch.cuda.amp.autocast(args...)` is deprecated. Please use `torch.amp.autocast('cuda', args...)` instead.
  with autocast(self.mixed_precision):
[2026-03-30 11:56:00](logger.py 179): id=CC_FMNIST_C10CFG_K20_E100_DT_0_9 | Ep. 52/100 - Step 150/273 (2.32 it/s) |##########          | - loss_cc=4.552 - loss_ce=2.101 - loss_ne=0.0167 - loss_div=0.0 - threshold=1.0 - loss=6.67
/scratch/e0538389/DivClust/engine/trainer.py:41: FutureWarning: `torch.cuda.amp.autocast(args...)` is deprecated. Please use `torch.amp.autocast('cuda', args...)` instead.
  with autocast(self.mixed_precision):
[2026-03-30 11:56:11](logger.py 179): id=CC_FMNIST_C10CFG_K20_E100_DT_0_9 | Ep. 52/100 - Step 175/273 (2.32 it/s) |############        | - loss_cc=4.552 - loss_ce=2.101 - loss_ne=0.0167 - loss_div=0.0 - threshold=1.0 - loss=6.67
/scratch/e0538389/DivClust/engine/trainer.py:41: FutureWarning: `torch.cuda.amp.autocast(args...)` is deprecated. Please use `torch.amp.autocast('cuda', args...)` instead.
  with autocast(self.mixed_precision):
[2026-03-30 11:56:22](logger.py 179): id=CC_FMNIST_C10CFG_K20_E100_DT_0_9 | Ep. 52/100 - Step 200/273 (2.32 it/s) |##############      | - loss_cc=4.552 - loss_ce=2.101 - loss_ne=0.0163 - loss_div=0.0 - threshold=1.0 - loss=6.669
/scratch/e0538389/DivClust/engine/trainer.py:41: FutureWarning: `torch.cuda.amp.autocast(args...)` is deprecated. Please use `torch.amp.autocast('cuda', args...)` instead.
  with autocast(self.mixed_precision):
/scratch/e0538389/DivClust/engine/trainer.py:41: FutureWarning: `torch.cuda.amp.autocast(args...)` is deprecated. Please use `torch.amp.autocast('cuda', args...)` instead.
  with autocast(self.mixed_precision):
[2026-03-30 11:56:33](logger.py 179): id=CC_FMNIST_C10CFG_K20_E100_DT_0_9 | Ep. 52/100 - Step 225/273 (2.31 it/s) |################    | - loss_cc=4.552 - loss_ce=2.101 - loss_ne=0.0163 - loss_div=0.0 - threshold=1.0 - loss=6.669
/scratch/e0538389/DivClust/engine/trainer.py:41: FutureWarning: `torch.cuda.amp.autocast(args...)` is deprecated. Please use `torch.amp.autocast('cuda', args...)` instead.
  with autocast(self.mixed_precision):
[2026-03-30 11:56:44](logger.py 179): id=CC_FMNIST_C10CFG_K20_E100_DT_0_9 | Ep. 52/100 - Step 250/273 (2.31 it/s) |##################  | - loss_cc=4.551 - loss_ce=2.101 - loss_ne=0.0162 - loss_div=0.0 - threshold=1.0 - loss=6.668
/scratch/e0538389/DivClust/engine/trainer.py:41: FutureWarning: `torch.cuda.amp.autocast(args...)` is deprecated. Please use `torch.amp.autocast('cuda', args...)` instead.
  with autocast(self.mixed_precision):
[2026-03-30 11:56:53](logger.py 179): id=CC_FMNIST_C10CFG_K20_E100_DT_0_9 | Ep. 52/100 | Time: 00:01 | loss_cc=4.55 - loss_ce=2.1 - loss_ne=0.0165 - loss_div=6.62e-05 - threshold=1.0 - loss=6.667
[2026-03-30 11:56:56](logger.py 179): id=CC_FMNIST_C10CFG_K20_E100_DT_0_9 | Ep. 53/100 - Step 0/273 (0.0 it/s) |                    | - loss_cc=4.555 - loss_ce=2.101 - loss_ne=0.00421 - loss_div=0.0 - threshold=0.99 - loss=6.661
/scratch/e0538389/DivClust/engine/trainer.py:41: FutureWarning: `torch.cuda.amp.autocast(args...)` is deprecated. Please use `torch.amp.autocast('cuda', args...)` instead.
  with autocast(self.mixed_precision):
[2026-03-30 11:57:06](logger.py 179): id=CC_FMNIST_C10CFG_K20_E100_DT_0_9 | Ep. 53/100 - Step 25/273 (2.33 it/s) |#                   | - loss_cc=4.554 - loss_ce=2.103 - loss_ne=0.0183 - loss_div=3.64e-05 - threshold=0.996 - loss=6.675
/scratch/e0538389/DivClust/engine/trainer.py:41: FutureWarning: `torch.cuda.amp.autocast(args...)` is deprecated. Please use `torch.amp.autocast('cuda', args...)` instead.
  with autocast(self.mixed_precision):
[2026-03-30 11:57:17](logger.py 179): id=CC_FMNIST_C10CFG_K20_E100_DT_0_9 | Ep. 53/100 - Step 50/273 (2.35 it/s) |###                 | - loss_cc=4.552 - loss_ce=2.102 - loss_ne=0.0194 - loss_div=1.85e-05 - threshold=0.998 - loss=6.674
/scratch/e0538389/DivClust/engine/trainer.py:41: FutureWarning: `torch.cuda.amp.autocast(args...)` is deprecated. Please use `torch.amp.autocast('cuda', args...)` instead.
  with autocast(self.mixed_precision):
/scratch/e0538389/DivClust/engine/trainer.py:41: FutureWarning: `torch.cuda.amp.autocast(args...)` is deprecated. Please use `torch.amp.autocast('cuda', args...)` instead.
  with autocast(self.mixed_precision):
[2026-03-30 11:57:28](logger.py 179): id=CC_FMNIST_C10CFG_K20_E100_DT_0_9 | Ep. 53/100 - Step 75/273 (2.33 it/s) |#####               | - loss_cc=4.552 - loss_ce=2.102 - loss_ne=0.0177 - loss_div=1.24e-05 - threshold=0.999 - loss=6.671
/scratch/e0538389/DivClust/engine/trainer.py:41: FutureWarning: `torch.cuda.amp.autocast(args...)` is deprecated. Please use `torch.amp.autocast('cuda', args...)` instead.
  with autocast(self.mixed_precision):
[2026-03-30 11:57:38](logger.py 179): id=CC_FMNIST_C10CFG_K20_E100_DT_0_9 | Ep. 53/100 - Step 100/273 (2.34 it/s) |#######             | - loss_cc=4.55 - loss_ce=2.101 - loss_ne=0.0169 - loss_div=9.36e-06 - threshold=0.999 - loss=6.668
/scratch/e0538389/DivClust/engine/trainer.py:41: FutureWarning: `torch.cuda.amp.autocast(args...)` is deprecated. Please use `torch.amp.autocast('cuda', args...)` instead.
  with autocast(self.mixed_precision):
[2026-03-30 11:57:49](logger.py 179): id=CC_FMNIST_C10CFG_K20_E100_DT_0_9 | Ep. 53/100 - Step 125/273 (2.34 it/s) |#########           | - loss_cc=4.55 - loss_ce=2.101 - loss_ne=0.0164 - loss_div=7.5e-06 - threshold=0.999 - loss=6.667
/scratch/e0538389/DivClust/engine/trainer.py:41: FutureWarning: `torch.cuda.amp.autocast(args...)` is deprecated. Please use `torch.amp.autocast('cuda', args...)` instead.
  with autocast(self.mixed_precision):
[2026-03-30 11:58:00](logger.py 179): id=CC_FMNIST_C10CFG_K20_E100_DT_0_9 | Ep. 53/100 - Step 150/273 (2.33 it/s) |##########          | - loss_cc=4.551 - loss_ce=2.101 - loss_ne=0.017 - loss_div=6.26e-06 - threshold=0.999 - loss=6.669
/scratch/e0538389/DivClust/engine/trainer.py:41: FutureWarning: `torch.cuda.amp.autocast(args...)` is deprecated. Please use `torch.amp.autocast('cuda', args...)` instead.
  with autocast(self.mixed_precision):
/scratch/e0538389/DivClust/engine/trainer.py:41: FutureWarning: `torch.cuda.amp.autocast(args...)` is deprecated. Please use `torch.amp.autocast('cuda', args...)` instead.
  with autocast(self.mixed_precision):
[2026-03-30 11:58:11](logger.py 179): id=CC_FMNIST_C10CFG_K20_E100_DT_0_9 | Ep. 53/100 - Step 175/273 (2.33 it/s) |############        | - loss_cc=4.55 - loss_ce=2.101 - loss_ne=0.0168 - loss_div=5.37e-06 - threshold=0.999 - loss=6.668
/scratch/e0538389/DivClust/engine/trainer.py:41: FutureWarning: `torch.cuda.amp.autocast(args...)` is deprecated. Please use `torch.amp.autocast('cuda', args...)` instead.
  with autocast(self.mixed_precision):
[2026-03-30 11:58:21](logger.py 179): id=CC_FMNIST_C10CFG_K20_E100_DT_0_9 | Ep. 53/100 - Step 200/273 (2.33 it/s) |##############      | - loss_cc=4.55 - loss_ce=2.101 - loss_ne=0.0169 - loss_div=7.97e-05 - threshold=0.999 - loss=6.668
/scratch/e0538389/DivClust/engine/trainer.py:41: FutureWarning: `torch.cuda.amp.autocast(args...)` is deprecated. Please use `torch.amp.autocast('cuda', args...)` instead.
  with autocast(self.mixed_precision):
[2026-03-30 11:58:32](logger.py 179): id=CC_FMNIST_C10CFG_K20_E100_DT_0_9 | Ep. 53/100 - Step 225/273 (2.33 it/s) |################    | - loss_cc=4.549 - loss_ce=2.101 - loss_ne=0.017 - loss_div=8.02e-05 - threshold=0.999 - loss=6.667
/scratch/e0538389/DivClust/engine/trainer.py:41: FutureWarning: `torch.cuda.amp.autocast(args...)` is deprecated. Please use `torch.amp.autocast('cuda', args...)` instead.
  with autocast(self.mixed_precision):
[2026-03-30 11:58:43](logger.py 179): id=CC_FMNIST_C10CFG_K20_E100_DT_0_9 | Ep. 53/100 - Step 250/273 (2.33 it/s) |##################  | - loss_cc=4.55 - loss_ce=2.101 - loss_ne=0.0172 - loss_div=7.22e-05 - threshold=0.999 - loss=6.668
/scratch/e0538389/DivClust/engine/trainer.py:41: FutureWarning: `torch.cuda.amp.autocast(args...)` is deprecated. Please use `torch.amp.autocast('cuda', args...)` instead.
  with autocast(self.mixed_precision):
/scratch/e0538389/DivClust/engine/trainer.py:41: FutureWarning: `torch.cuda.amp.autocast(args...)` is deprecated. Please use `torch.amp.autocast('cuda', args...)` instead.
  with autocast(self.mixed_precision):
[2026-03-30 11:58:53](logger.py 179): id=CC_FMNIST_C10CFG_K20_E100_DT_0_9 | Ep. 53/100 | Time: 00:01 | loss_cc=4.55 - loss_ce=2.101 - loss_ne=0.0172 - loss_div=6.64e-05 - threshold=0.999 - loss=6.668
[2026-03-30 11:58:55](logger.py 179): id=CC_FMNIST_C10CFG_K20_E100_DT_0_9 | Ep. 54/100 - Step 0/273 (0.0 it/s) |                    | - loss_cc=4.529 - loss_ce=2.09 - loss_ne=0.0193 - loss_div=0.0 - threshold=1.0 - loss=6.639
/scratch/e0538389/DivClust/engine/trainer.py:41: FutureWarning: `torch.cuda.amp.autocast(args...)` is deprecated. Please use `torch.amp.autocast('cuda', args...)` instead.
  with autocast(self.mixed_precision):
[2026-03-30 11:59:05](logger.py 179): id=CC_FMNIST_C10CFG_K20_E100_DT_0_9 | Ep. 54/100 - Step 25/273 (2.38 it/s) |#                   | - loss_cc=4.551 - loss_ce=2.101 - loss_ne=0.0163 - loss_div=0.0 - threshold=1.0 - loss=6.668
/scratch/e0538389/DivClust/engine/trainer.py:41: FutureWarning: `torch.cuda.amp.autocast(args...)` is deprecated. Please use `torch.amp.autocast('cuda', args...)` instead.
  with autocast(self.mixed_precision):
[2026-03-30 11:59:16](logger.py 179): id=CC_FMNIST_C10CFG_K20_E100_DT_0_9 | Ep. 54/100 - Step 50/273 (2.35 it/s) |###                 | - loss_cc=4.545 - loss_ce=2.099 - loss_ne=0.0155 - loss_div=0.0 - threshold=1.0 - loss=6.66
/scratch/e0538389/DivClust/engine/trainer.py:41: FutureWarning: `torch.cuda.amp.autocast(args...)` is deprecated. Please use `torch.amp.autocast('cuda', args...)` instead.
  with autocast(self.mixed_precision):
[2026-03-30 11:59:26](logger.py 179): id=CC_FMNIST_C10CFG_K20_E100_DT_0_9 | Ep. 54/100 - Step 75/273 (2.36 it/s) |#####               | - loss_cc=4.547 - loss_ce=2.1 - loss_ne=0.0161 - loss_div=0.0 - threshold=1.0 - loss=6.663
/scratch/e0538389/DivClust/engine/trainer.py:41: FutureWarning: `torch.cuda.amp.autocast(args...)` is deprecated. Please use `torch.amp.autocast('cuda', args...)` instead.
  with autocast(self.mixed_precision):
/scratch/e0538389/DivClust/engine/trainer.py:41: FutureWarning: `torch.cuda.amp.autocast(args...)` is deprecated. Please use `torch.amp.autocast('cuda', args...)` instead.
  with autocast(self.mixed_precision):
[2026-03-30 11:59:37](logger.py 179): id=CC_FMNIST_C10CFG_K20_E100_DT_0_9 | Ep. 54/100 - Step 100/273 (2.35 it/s) |#######             | - loss_cc=4.548 - loss_ce=2.1 - loss_ne=0.0169 - loss_div=0.0 - threshold=1.0 - loss=6.664
/scratch/e0538389/DivClust/engine/trainer.py:41: FutureWarning: `torch.cuda.amp.autocast(args...)` is deprecated. Please use `torch.amp.autocast('cuda', args...)` instead.
  with autocast(self.mixed_precision):
[2026-03-30 11:59:47](logger.py 179): id=CC_FMNIST_C10CFG_K20_E100_DT_0_9 | Ep. 54/100 - Step 125/273 (2.36 it/s) |#########           | - loss_cc=4.548 - loss_ce=2.1 - loss_ne=0.0163 - loss_div=0.0 - threshold=1.0 - loss=6.665
/scratch/e0538389/DivClust/engine/trainer.py:41: FutureWarning: `torch.cuda.amp.autocast(args...)` is deprecated. Please use `torch.amp.autocast('cuda', args...)` instead.
  with autocast(self.mixed_precision):
[2026-03-30 11:59:58](logger.py 179): id=CC_FMNIST_C10CFG_K20_E100_DT_0_9 | Ep. 54/100 - Step 150/273 (2.37 it/s) |##########          | - loss_cc=4.549 - loss_ce=2.1 - loss_ne=0.0165 - loss_div=0.0 - threshold=1.0 - loss=6.666
/scratch/e0538389/DivClust/engine/trainer.py:41: FutureWarning: `torch.cuda.amp.autocast(args...)` is deprecated. Please use `torch.amp.autocast('cuda', args...)` instead.
  with autocast(self.mixed_precision):
[2026-03-30 12:00:08](logger.py 179): id=CC_FMNIST_C10CFG_K20_E100_DT_0_9 | Ep. 54/100 - Step 175/273 (2.37 it/s) |############        | - loss_cc=4.549 - loss_ce=2.1 - loss_ne=0.0163 - loss_div=0.0 - threshold=1.0 - loss=6.666
/scratch/e0538389/DivClust/engine/trainer.py:41: FutureWarning: `torch.cuda.amp.autocast(args...)` is deprecated. Please use `torch.amp.autocast('cuda', args...)` instead.
  with autocast(self.mixed_precision):
/scratch/e0538389/DivClust/engine/trainer.py:41: FutureWarning: `torch.cuda.amp.autocast(args...)` is deprecated. Please use `torch.amp.autocast('cuda', args...)` instead.
  with autocast(self.mixed_precision):
[2026-03-30 12:00:19](logger.py 179): id=CC_FMNIST_C10CFG_K20_E100_DT_0_9 | Ep. 54/100 - Step 200/273 (2.36 it/s) |##############      | - loss_cc=4.549 - loss_ce=2.1 - loss_ne=0.0161 - loss_div=0.000109 - threshold=0.999 - loss=6.666
/scratch/e0538389/DivClust/engine/trainer.py:41: FutureWarning: `torch.cuda.amp.autocast(args...)` is deprecated. Please use `torch.amp.autocast('cuda', args...)` instead.
  with autocast(self.mixed_precision):
[2026-03-30 12:00:30](logger.py 179): id=CC_FMNIST_C10CFG_K20_E100_DT_0_9 | Ep. 54/100 - Step 225/273 (2.36 it/s) |################    | - loss_cc=4.55 - loss_ce=2.101 - loss_ne=0.016 - loss_div=9.69e-05 - threshold=0.999 - loss=6.667
/scratch/e0538389/DivClust/engine/trainer.py:41: FutureWarning: `torch.cuda.amp.autocast(args...)` is deprecated. Please use `torch.amp.autocast('cuda', args...)` instead.
  with autocast(self.mixed_precision):
[2026-03-30 12:00:41](logger.py 179): id=CC_FMNIST_C10CFG_K20_E100_DT_0_9 | Ep. 54/100 - Step 250/273 (2.36 it/s) |##################  | - loss_cc=4.55 - loss_ce=2.101 - loss_ne=0.0157 - loss_div=8.72e-05 - threshold=0.999 - loss=6.667
/scratch/e0538389/DivClust/engine/trainer.py:41: FutureWarning: `torch.cuda.amp.autocast(args...)` is deprecated. Please use `torch.amp.autocast('cuda', args...)` instead.
  with autocast(self.mixed_precision):
[2026-03-30 12:00:50](logger.py 179): id=CC_FMNIST_C10CFG_K20_E100_DT_0_9 | Ep. 54/100 | Time: 00:01 | loss_cc=4.55 - loss_ce=2.1 - loss_ne=0.0157 - loss_div=8.02e-05 - threshold=0.999 - loss=6.667
[2026-03-30 12:00:53](logger.py 179): id=CC_FMNIST_C10CFG_K20_E100_DT_0_9 | Ep. 55/100 - Step 0/273 (0.0 it/s) |                    | - loss_cc=4.545 - loss_ce=2.092 - loss_ne=0.0176 - loss_div=0.0 - threshold=1.0 - loss=6.654
/scratch/e0538389/DivClust/engine/trainer.py:41: FutureWarning: `torch.cuda.amp.autocast(args...)` is deprecated. Please use `torch.amp.autocast('cuda', args...)` instead.
  with autocast(self.mixed_precision):
[2026-03-30 12:01:03](logger.py 179): id=CC_FMNIST_C10CFG_K20_E100_DT_0_9 | Ep. 55/100 - Step 25/273 (2.31 it/s) |#                   | - loss_cc=4.549 - loss_ce=2.099 - loss_ne=0.0173 - loss_div=0.0 - threshold=1.0 - loss=6.665
/scratch/e0538389/DivClust/engine/trainer.py:41: FutureWarning: `torch.cuda.amp.autocast(args...)` is deprecated. Please use `torch.amp.autocast('cuda', args...)` instead.
  with autocast(self.mixed_precision):
/scratch/e0538389/DivClust/engine/trainer.py:41: FutureWarning: `torch.cuda.amp.autocast(args...)` is deprecated. Please use `torch.amp.autocast('cuda', args...)` instead.
  with autocast(self.mixed_precision):
[2026-03-30 12:01:14](logger.py 179): id=CC_FMNIST_C10CFG_K20_E100_DT_0_9 | Ep. 55/100 - Step 50/273 (2.33 it/s) |###                 | - loss_cc=4.549 - loss_ce=2.1 - loss_ne=0.0168 - loss_div=0.0 - threshold=1.0 - loss=6.665
/scratch/e0538389/DivClust/engine/trainer.py:41: FutureWarning: `torch.cuda.amp.autocast(args...)` is deprecated. Please use `torch.amp.autocast('cuda', args...)` instead.
  with autocast(self.mixed_precision):
[2026-03-30 12:01:25](logger.py 179): id=CC_FMNIST_C10CFG_K20_E100_DT_0_9 | Ep. 55/100 - Step 75/273 (2.32 it/s) |#####               | - loss_cc=4.549 - loss_ce=2.1 - loss_ne=0.017 - loss_div=0.0 - threshold=1.0 - loss=6.666
/scratch/e0538389/DivClust/engine/trainer.py:41: FutureWarning: `torch.cuda.amp.autocast(args...)` is deprecated. Please use `torch.amp.autocast('cuda', args...)` instead.
  with autocast(self.mixed_precision):
[2026-03-30 12:01:36](logger.py 179): id=CC_FMNIST_C10CFG_K20_E100_DT_0_9 | Ep. 55/100 - Step 100/273 (2.32 it/s) |#######             | - loss_cc=4.549 - loss_ce=2.1 - loss_ne=0.0169 - loss_div=0.0 - threshold=1.0 - loss=6.666
/scratch/e0538389/DivClust/engine/trainer.py:41: FutureWarning: `torch.cuda.amp.autocast(args...)` is deprecated. Please use `torch.amp.autocast('cuda', args...)` instead.
  with autocast(self.mixed_precision):
[2026-03-30 12:01:47](logger.py 179): id=CC_FMNIST_C10CFG_K20_E100_DT_0_9 | Ep. 55/100 - Step 125/273 (2.31 it/s) |#########           | - loss_cc=4.55 - loss_ce=2.1 - loss_ne=0.0169 - loss_div=0.0 - threshold=1.0 - loss=6.667
/scratch/e0538389/DivClust/engine/trainer.py:41: FutureWarning: `torch.cuda.amp.autocast(args...)` is deprecated. Please use `torch.amp.autocast('cuda', args...)` instead.
  with autocast(self.mixed_precision):
/scratch/e0538389/DivClust/engine/trainer.py:41: FutureWarning: `torch.cuda.amp.autocast(args...)` is deprecated. Please use `torch.amp.autocast('cuda', args...)` instead.
  with autocast(self.mixed_precision):
[2026-03-30 12:01:57](logger.py 179): id=CC_FMNIST_C10CFG_K20_E100_DT_0_9 | Ep. 55/100 - Step 150/273 (2.33 it/s) |##########          | - loss_cc=4.549 - loss_ce=2.1 - loss_ne=0.0166 - loss_div=0.000215 - threshold=1.0 - loss=6.665
/scratch/e0538389/DivClust/engine/trainer.py:41: FutureWarning: `torch.cuda.amp.autocast(args...)` is deprecated. Please use `torch.amp.autocast('cuda', args...)` instead.
  with autocast(self.mixed_precision):
[2026-03-30 12:02:08](logger.py 179): id=CC_FMNIST_C10CFG_K20_E100_DT_0_9 | Ep. 55/100 - Step 175/273 (2.33 it/s) |############        | - loss_cc=4.548 - loss_ce=2.099 - loss_ne=0.0164 - loss_div=0.000187 - threshold=0.999 - loss=6.664
/scratch/e0538389/DivClust/engine/trainer.py:41: FutureWarning: `torch.cuda.amp.autocast(args...)` is deprecated. Please use `torch.amp.autocast('cuda', args...)` instead.
  with autocast(self.mixed_precision):
[2026-03-30 12:02:18](logger.py 179): id=CC_FMNIST_C10CFG_K20_E100_DT_0_9 | Ep. 55/100 - Step 200/273 (2.34 it/s) |##############      | - loss_cc=4.548 - loss_ce=2.099 - loss_ne=0.0167 - loss_div=0.000163 - threshold=0.999 - loss=6.664
/scratch/e0538389/DivClust/engine/trainer.py:41: FutureWarning: `torch.cuda.amp.autocast(args...)` is deprecated. Please use `torch.amp.autocast('cuda', args...)` instead.
  with autocast(self.mixed_precision):
[2026-03-30 12:02:29](logger.py 179): id=CC_FMNIST_C10CFG_K20_E100_DT_0_9 | Ep. 55/100 - Step 225/273 (2.33 it/s) |################    | - loss_cc=4.548 - loss_ce=2.1 - loss_ne=0.0167 - loss_div=0.000145 - threshold=0.999 - loss=6.665
/scratch/e0538389/DivClust/engine/trainer.py:41: FutureWarning: `torch.cuda.amp.autocast(args...)` is deprecated. Please use `torch.amp.autocast('cuda', args...)` instead.
  with autocast(self.mixed_precision):
/scratch/e0538389/DivClust/engine/trainer.py:41: FutureWarning: `torch.cuda.amp.autocast(args...)` is deprecated. Please use `torch.amp.autocast('cuda', args...)` instead.
  with autocast(self.mixed_precision):
[2026-03-30 12:02:40](logger.py 179): id=CC_FMNIST_C10CFG_K20_E100_DT_0_9 | Ep. 55/100 - Step 250/273 (2.33 it/s) |##################  | - loss_cc=4.548 - loss_ce=2.1 - loss_ne=0.0163 - loss_div=0.000131 - threshold=0.999 - loss=6.664
/scratch/e0538389/DivClust/engine/trainer.py:41: FutureWarning: `torch.cuda.amp.autocast(args...)` is deprecated. Please use `torch.amp.autocast('cuda', args...)` instead.
  with autocast(self.mixed_precision):
[2026-03-30 12:02:49](logger.py 179): id=CC_FMNIST_C10CFG_K20_E100_DT_0_9 | Ep. 55/100 | Time: 00:01 | loss_cc=4.547 - loss_ce=2.099 - loss_ne=0.0163 - loss_div=0.00012 - threshold=0.999 - loss=6.663
[2026-03-30 12:02:52](logger.py 179): id=CC_FMNIST_C10CFG_K20_E100_DT_0_9 | Ep. 56/100 - Step 0/273 (0.0 it/s) |                    | - loss_cc=4.588 - loss_ce=2.109 - loss_ne=0.0151 - loss_div=0.0 - threshold=1.0 - loss=6.713
/scratch/e0538389/DivClust/engine/trainer.py:41: FutureWarning: `torch.cuda.amp.autocast(args...)` is deprecated. Please use `torch.amp.autocast('cuda', args...)` instead.
  with autocast(self.mixed_precision):
[2026-03-30 12:03:03](logger.py 179): id=CC_FMNIST_C10CFG_K20_E100_DT_0_9 | Ep. 56/100 - Step 25/273 (2.3 it/s) |#                   | - loss_cc=4.554 - loss_ce=2.101 - loss_ne=0.0157 - loss_div=0.0 - threshold=1.0 - loss=6.67
/scratch/e0538389/DivClust/engine/trainer.py:41: FutureWarning: `torch.cuda.amp.autocast(args...)` is deprecated. Please use `torch.amp.autocast('cuda', args...)` instead.
  with autocast(self.mixed_precision):
[2026-03-30 12:03:13](logger.py 179): id=CC_FMNIST_C10CFG_K20_E100_DT_0_9 | Ep. 56/100 - Step 50/273 (2.31 it/s) |###                 | - loss_cc=4.55 - loss_ce=2.1 - loss_ne=0.0162 - loss_div=0.0 - threshold=1.0 - loss=6.666
/scratch/e0538389/DivClust/engine/trainer.py:41: FutureWarning: `torch.cuda.amp.autocast(args...)` is deprecated. Please use `torch.amp.autocast('cuda', args...)` instead.
  with autocast(self.mixed_precision):
/scratch/e0538389/DivClust/engine/trainer.py:41: FutureWarning: `torch.cuda.amp.autocast(args...)` is deprecated. Please use `torch.amp.autocast('cuda', args...)` instead.
  with autocast(self.mixed_precision):
[2026-03-30 12:03:24](logger.py 179): id=CC_FMNIST_C10CFG_K20_E100_DT_0_9 | Ep. 56/100 - Step 75/273 (2.3 it/s) |#####               | - loss_cc=4.551 - loss_ce=2.1 - loss_ne=0.0166 - loss_div=0.0 - threshold=1.0 - loss=6.668
/scratch/e0538389/DivClust/engine/trainer.py:41: FutureWarning: `torch.cuda.amp.autocast(args...)` is deprecated. Please use `torch.amp.autocast('cuda', args...)` instead.
  with autocast(self.mixed_precision):
[2026-03-30 12:03:35](logger.py 179): id=CC_FMNIST_C10CFG_K20_E100_DT_0_9 | Ep. 56/100 - Step 100/273 (2.31 it/s) |#######             | - loss_cc=4.55 - loss_ce=2.1 - loss_ne=0.0156 - loss_div=0.0 - threshold=1.0 - loss=6.666
/scratch/e0538389/DivClust/engine/trainer.py:41: FutureWarning: `torch.cuda.amp.autocast(args...)` is deprecated. Please use `torch.amp.autocast('cuda', args...)` instead.
  with autocast(self.mixed_precision):
[2026-03-30 12:03:46](logger.py 179): id=CC_FMNIST_C10CFG_K20_E100_DT_0_9 | Ep. 56/100 - Step 125/273 (2.32 it/s) |#########           | - loss_cc=4.548 - loss_ce=2.1 - loss_ne=0.0159 - loss_div=0.0 - threshold=1.0 - loss=6.664
/scratch/e0538389/DivClust/engine/trainer.py:41: FutureWarning: `torch.cuda.amp.autocast(args...)` is deprecated. Please use `torch.amp.autocast('cuda', args...)` instead.
  with autocast(self.mixed_precision):
[2026-03-30 12:03:56](logger.py 179): id=CC_FMNIST_C10CFG_K20_E100_DT_0_9 | Ep. 56/100 - Step 150/273 (2.33 it/s) |##########          | - loss_cc=4.547 - loss_ce=2.1 - loss_ne=0.0159 - loss_div=0.0 - threshold=1.0 - loss=6.663
/scratch/e0538389/DivClust/engine/trainer.py:41: FutureWarning: `torch.cuda.amp.autocast(args...)` is deprecated. Please use `torch.amp.autocast('cuda', args...)` instead.
  with autocast(self.mixed_precision):
/scratch/e0538389/DivClust/engine/trainer.py:41: FutureWarning: `torch.cuda.amp.autocast(args...)` is deprecated. Please use `torch.amp.autocast('cuda', args...)` instead.
  with autocast(self.mixed_precision):
[2026-03-30 12:04:07](logger.py 179): id=CC_FMNIST_C10CFG_K20_E100_DT_0_9 | Ep. 56/100 - Step 175/273 (2.33 it/s) |############        | - loss_cc=4.547 - loss_ce=2.099 - loss_ne=0.0155 - loss_div=0.0 - threshold=1.0 - loss=6.661
/scratch/e0538389/DivClust/engine/trainer.py:41: FutureWarning: `torch.cuda.amp.autocast(args...)` is deprecated. Please use `torch.amp.autocast('cuda', args...)` instead.
  with autocast(self.mixed_precision):
[2026-03-30 12:04:17](logger.py 179): id=CC_FMNIST_C10CFG_K20_E100_DT_0_9 | Ep. 56/100 - Step 200/273 (2.34 it/s) |##############      | - loss_cc=4.546 - loss_ce=2.099 - loss_ne=0.0157 - loss_div=0.0 - threshold=1.0 - loss=6.661
/scratch/e0538389/DivClust/engine/trainer.py:41: FutureWarning: `torch.cuda.amp.autocast(args...)` is deprecated. Please use `torch.amp.autocast('cuda', args...)` instead.
  with autocast(self.mixed_precision):
[2026-03-30 12:04:28](logger.py 179): id=CC_FMNIST_C10CFG_K20_E100_DT_0_9 | Ep. 56/100 - Step 225/273 (2.34 it/s) |################    | - loss_cc=4.546 - loss_ce=2.099 - loss_ne=0.0159 - loss_div=9.05e-05 - threshold=0.999 - loss=6.661
/scratch/e0538389/DivClust/engine/trainer.py:41: FutureWarning: `torch.cuda.amp.autocast(args...)` is deprecated. Please use `torch.amp.autocast('cuda', args...)` instead.
  with autocast(self.mixed_precision):
[2026-03-30 12:04:39](logger.py 179): id=CC_FMNIST_C10CFG_K20_E100_DT_0_9 | Ep. 56/100 - Step 250/273 (2.34 it/s) |##################  | - loss_cc=4.546 - loss_ce=2.099 - loss_ne=0.0159 - loss_div=8.2e-05 - threshold=0.999 - loss=6.661
/scratch/e0538389/DivClust/engine/trainer.py:41: FutureWarning: `torch.cuda.amp.autocast(args...)` is deprecated. Please use `torch.amp.autocast('cuda', args...)` instead.
  with autocast(self.mixed_precision):
[2026-03-30 12:04:49](logger.py 179): id=CC_FMNIST_C10CFG_K20_E100_DT_0_9 | Ep. 56/100 | Time: 00:01 | loss_cc=4.547 - loss_ce=2.099 - loss_ne=0.0159 - loss_div=7.54e-05 - threshold=0.999 - loss=6.661
/scratch/e0538389/DivClust/engine/trainer.py:41: FutureWarning: `torch.cuda.amp.autocast(args...)` is deprecated. Please use `torch.amp.autocast('cuda', args...)` instead.
  with autocast(self.mixed_precision):
[2026-03-30 12:04:51](logger.py 179): id=CC_FMNIST_C10CFG_K20_E100_DT_0_9 | Ep. 57/100 - Step 0/273 (0.0 it/s) |                    | - loss_cc=4.553 - loss_ce=2.102 - loss_ne=0.00535 - loss_div=0.0 - threshold=1.0 - loss=6.66
/scratch/e0538389/DivClust/engine/trainer.py:41: FutureWarning: `torch.cuda.amp.autocast(args...)` is deprecated. Please use `torch.amp.autocast('cuda', args...)` instead.
  with autocast(self.mixed_precision):
[2026-03-30 12:05:02](logger.py 179): id=CC_FMNIST_C10CFG_K20_E100_DT_0_9 | Ep. 57/100 - Step 25/273 (2.37 it/s) |#                   | - loss_cc=4.545 - loss_ce=2.099 - loss_ne=0.0134 - loss_div=0.0 - threshold=1.0 - loss=6.657
/scratch/e0538389/DivClust/engine/trainer.py:41: FutureWarning: `torch.cuda.amp.autocast(args...)` is deprecated. Please use `torch.amp.autocast('cuda', args...)` instead.
  with autocast(self.mixed_precision):
[2026-03-30 12:05:12](logger.py 179): id=CC_FMNIST_C10CFG_K20_E100_DT_0_9 | Ep. 57/100 - Step 50/273 (2.37 it/s) |###                 | - loss_cc=4.552 - loss_ce=2.101 - loss_ne=0.0153 - loss_div=0.0 - threshold=1.0 - loss=6.669
/scratch/e0538389/DivClust/engine/trainer.py:41: FutureWarning: `torch.cuda.amp.autocast(args...)` is deprecated. Please use `torch.amp.autocast('cuda', args...)` instead.
  with autocast(self.mixed_precision):
[2026-03-30 12:05:23](logger.py 179): id=CC_FMNIST_C10CFG_K20_E100_DT_0_9 | Ep. 57/100 - Step 75/273 (2.38 it/s) |#####               | - loss_cc=4.551 - loss_ce=2.1 - loss_ne=0.016 - loss_div=0.0 - threshold=1.0 - loss=6.667
/scratch/e0538389/DivClust/engine/trainer.py:41: FutureWarning: `torch.cuda.amp.autocast(args...)` is deprecated. Please use `torch.amp.autocast('cuda', args...)` instead.
  with autocast(self.mixed_precision):
/scratch/e0538389/DivClust/engine/trainer.py:41: FutureWarning: `torch.cuda.amp.autocast(args...)` is deprecated. Please use `torch.amp.autocast('cuda', args...)` instead.
  with autocast(self.mixed_precision):
[2026-03-30 12:05:33](logger.py 179): id=CC_FMNIST_C10CFG_K20_E100_DT_0_9 | Ep. 57/100 - Step 100/273 (2.37 it/s) |#######             | - loss_cc=4.55 - loss_ce=2.1 - loss_ne=0.0162 - loss_div=0.0 - threshold=1.0 - loss=6.666
/scratch/e0538389/DivClust/engine/trainer.py:41: FutureWarning: `torch.cuda.amp.autocast(args...)` is deprecated. Please use `torch.amp.autocast('cuda', args...)` instead.
  with autocast(self.mixed_precision):
[2026-03-30 12:05:44](logger.py 179): id=CC_FMNIST_C10CFG_K20_E100_DT_0_9 | Ep. 57/100 - Step 125/273 (2.36 it/s) |#########           | - loss_cc=4.549 - loss_ce=2.1 - loss_ne=0.0162 - loss_div=0.0 - threshold=1.0 - loss=6.665
/scratch/e0538389/DivClust/engine/trainer.py:41: FutureWarning: `torch.cuda.amp.autocast(args...)` is deprecated. Please use `torch.amp.autocast('cuda', args...)` instead.
  with autocast(self.mixed_precision):
[2026-03-30 12:05:55](logger.py 179): id=CC_FMNIST_C10CFG_K20_E100_DT_0_9 | Ep. 57/100 - Step 150/273 (2.36 it/s) |##########          | - loss_cc=4.548 - loss_ce=2.099 - loss_ne=0.0162 - loss_div=0.0 - threshold=1.0 - loss=6.664
/scratch/e0538389/DivClust/engine/trainer.py:41: FutureWarning: `torch.cuda.amp.autocast(args...)` is deprecated. Please use `torch.amp.autocast('cuda', args...)` instead.
  with autocast(self.mixed_precision):
[2026-03-30 12:06:05](logger.py 179): id=CC_FMNIST_C10CFG_K20_E100_DT_0_9 | Ep. 57/100 - Step 175/273 (2.36 it/s) |############        | - loss_cc=4.548 - loss_ce=2.099 - loss_ne=0.0164 - loss_div=0.0 - threshold=1.0 - loss=6.663
/scratch/e0538389/DivClust/engine/trainer.py:41: FutureWarning: `torch.cuda.amp.autocast(args...)` is deprecated. Please use `torch.amp.autocast('cuda', args...)` instead.
  with autocast(self.mixed_precision):
/scratch/e0538389/DivClust/engine/trainer.py:41: FutureWarning: `torch.cuda.amp.autocast(args...)` is deprecated. Please use `torch.amp.autocast('cuda', args...)` instead.
  with autocast(self.mixed_precision):
[2026-03-30 12:06:16](logger.py 179): id=CC_FMNIST_C10CFG_K20_E100_DT_0_9 | Ep. 57/100 - Step 200/273 (2.36 it/s) |##############      | - loss_cc=4.547 - loss_ce=2.098 - loss_ne=0.0166 - loss_div=0.000111 - threshold=0.999 - loss=6.662
/scratch/e0538389/DivClust/engine/trainer.py:41: FutureWarning: `torch.cuda.amp.autocast(args...)` is deprecated. Please use `torch.amp.autocast('cuda', args...)` instead.
  with autocast(self.mixed_precision):
[2026-03-30 12:06:27](logger.py 179): id=CC_FMNIST_C10CFG_K20_E100_DT_0_9 | Ep. 57/100 - Step 225/273 (2.35 it/s) |################    | - loss_cc=4.547 - loss_ce=2.098 - loss_ne=0.0169 - loss_div=9.85e-05 - threshold=0.999 - loss=6.663
/scratch/e0538389/DivClust/engine/trainer.py:41: FutureWarning: `torch.cuda.amp.autocast(args...)` is deprecated. Please use `torch.amp.autocast('cuda', args...)` instead.
  with autocast(self.mixed_precision):
[2026-03-30 12:06:38](logger.py 179): id=CC_FMNIST_C10CFG_K20_E100_DT_0_9 | Ep. 57/100 - Step 250/273 (2.35 it/s) |##################  | - loss_cc=4.547 - loss_ce=2.098 - loss_ne=0.0171 - loss_div=8.87e-05 - threshold=0.999 - loss=6.662
/scratch/e0538389/DivClust/engine/trainer.py:41: FutureWarning: `torch.cuda.amp.autocast(args...)` is deprecated. Please use `torch.amp.autocast('cuda', args...)` instead.
  with autocast(self.mixed_precision):
[2026-03-30 12:06:47](logger.py 179): id=CC_FMNIST_C10CFG_K20_E100_DT_0_9 | Ep. 57/100 | Time: 00:01 | loss_cc=4.547 - loss_ce=2.098 - loss_ne=0.017 - loss_div=8.15e-05 - threshold=0.999 - loss=6.662
[2026-03-30 12:06:50](logger.py 179): id=CC_FMNIST_C10CFG_K20_E100_DT_0_9 | Ep. 58/100 - Step 0/273 (0.0 it/s) |                    | - loss_cc=4.565 - loss_ce=2.107 - loss_ne=0.0227 - loss_div=0.0 - threshold=1.0 - loss=6.695
/scratch/e0538389/DivClust/engine/trainer.py:41: FutureWarning: `torch.cuda.amp.autocast(args...)` is deprecated. Please use `torch.amp.autocast('cuda', args...)` instead.
  with autocast(self.mixed_precision):
[2026-03-30 12:07:00](logger.py 179): id=CC_FMNIST_C10CFG_K20_E100_DT_0_9 | Ep. 58/100 - Step 25/273 (2.38 it/s) |#                   | - loss_cc=4.539 - loss_ce=2.095 - loss_ne=0.0162 - loss_div=0.0 - threshold=1.0 - loss=6.649
/scratch/e0538389/DivClust/engine/trainer.py:41: FutureWarning: `torch.cuda.amp.autocast(args...)` is deprecated. Please use `torch.amp.autocast('cuda', args...)` instead.
  with autocast(self.mixed_precision):
/scratch/e0538389/DivClust/engine/trainer.py:41: FutureWarning: `torch.cuda.amp.autocast(args...)` is deprecated. Please use `torch.amp.autocast('cuda', args...)` instead.
  with autocast(self.mixed_precision):
[2026-03-30 12:07:11](logger.py 179): id=CC_FMNIST_C10CFG_K20_E100_DT_0_9 | Ep. 58/100 - Step 50/273 (2.35 it/s) |###                 | - loss_cc=4.542 - loss_ce=2.096 - loss_ne=0.017 - loss_div=0.0 - threshold=1.0 - loss=6.655
/scratch/e0538389/DivClust/engine/trainer.py:41: FutureWarning: `torch.cuda.amp.autocast(args...)` is deprecated. Please use `torch.amp.autocast('cuda', args...)` instead.
  with autocast(self.mixed_precision):
[2026-03-30 12:07:22](logger.py 179): id=CC_FMNIST_C10CFG_K20_E100_DT_0_9 | Ep. 58/100 - Step 75/273 (2.34 it/s) |#####               | - loss_cc=4.543 - loss_ce=2.098 - loss_ne=0.0168 - loss_div=0.0 - threshold=1.0 - loss=6.658
/scratch/e0538389/DivClust/engine/trainer.py:41: FutureWarning: `torch.cuda.amp.autocast(args...)` is deprecated. Please use `torch.amp.autocast('cuda', args...)` instead.
  with autocast(self.mixed_precision):
[2026-03-30 12:07:33](logger.py 179): id=CC_FMNIST_C10CFG_K20_E100_DT_0_9 | Ep. 58/100 - Step 100/273 (2.33 it/s) |#######             | - loss_cc=4.544 - loss_ce=2.097 - loss_ne=0.0162 - loss_div=0.0 - threshold=1.0 - loss=6.658
/scratch/e0538389/DivClust/engine/trainer.py:41: FutureWarning: `torch.cuda.amp.autocast(args...)` is deprecated. Please use `torch.amp.autocast('cuda', args...)` instead.
  with autocast(self.mixed_precision):
[2026-03-30 12:07:44](logger.py 179): id=CC_FMNIST_C10CFG_K20_E100_DT_0_9 | Ep. 58/100 - Step 125/273 (2.33 it/s) |#########           | - loss_cc=4.544 - loss_ce=2.097 - loss_ne=0.0168 - loss_div=0.00015 - threshold=0.998 - loss=6.658
/scratch/e0538389/DivClust/engine/trainer.py:41: FutureWarning: `torch.cuda.amp.autocast(args...)` is deprecated. Please use `torch.amp.autocast('cuda', args...)` instead.
  with autocast(self.mixed_precision):
/scratch/e0538389/DivClust/engine/trainer.py:41: FutureWarning: `torch.cuda.amp.autocast(args...)` is deprecated. Please use `torch.amp.autocast('cuda', args...)` instead.
  with autocast(self.mixed_precision):
[2026-03-30 12:07:55](logger.py 179): id=CC_FMNIST_C10CFG_K20_E100_DT_0_9 | Ep. 58/100 - Step 150/273 (2.31 it/s) |##########          | - loss_cc=4.544 - loss_ce=2.098 - loss_ne=0.0168 - loss_div=0.000125 - threshold=0.999 - loss=6.658
/scratch/e0538389/DivClust/engine/trainer.py:41: FutureWarning: `torch.cuda.amp.autocast(args...)` is deprecated. Please use `torch.amp.autocast('cuda', args...)` instead.
  with autocast(self.mixed_precision):
[2026-03-30 12:08:06](logger.py 179): id=CC_FMNIST_C10CFG_K20_E100_DT_0_9 | Ep. 58/100 - Step 175/273 (2.31 it/s) |############        | - loss_cc=4.544 - loss_ce=2.098 - loss_ne=0.0165 - loss_div=0.000107 - threshold=0.999 - loss=6.658
/scratch/e0538389/DivClust/engine/trainer.py:41: FutureWarning: `torch.cuda.amp.autocast(args...)` is deprecated. Please use `torch.amp.autocast('cuda', args...)` instead.
  with autocast(self.mixed_precision):
[2026-03-30 12:08:16](logger.py 179): id=CC_FMNIST_C10CFG_K20_E100_DT_0_9 | Ep. 58/100 - Step 200/273 (2.32 it/s) |##############      | - loss_cc=4.544 - loss_ce=2.098 - loss_ne=0.0163 - loss_div=9.4e-05 - threshold=0.999 - loss=6.658
/scratch/e0538389/DivClust/engine/trainer.py:41: FutureWarning: `torch.cuda.amp.autocast(args...)` is deprecated. Please use `torch.amp.autocast('cuda', args...)` instead.
  with autocast(self.mixed_precision):
[2026-03-30 12:08:27](logger.py 179): id=CC_FMNIST_C10CFG_K20_E100_DT_0_9 | Ep. 58/100 - Step 225/273 (2.31 it/s) |################    | - loss_cc=4.545 - loss_ce=2.098 - loss_ne=0.0165 - loss_div=8.36e-05 - threshold=0.999 - loss=6.66
/scratch/e0538389/DivClust/engine/trainer.py:41: FutureWarning: `torch.cuda.amp.autocast(args...)` is deprecated. Please use `torch.amp.autocast('cuda', args...)` instead.
  with autocast(self.mixed_precision):
/scratch/e0538389/DivClust/engine/trainer.py:41: FutureWarning: `torch.cuda.amp.autocast(args...)` is deprecated. Please use `torch.amp.autocast('cuda', args...)` instead.
  with autocast(self.mixed_precision):
[2026-03-30 12:08:38](logger.py 179): id=CC_FMNIST_C10CFG_K20_E100_DT_0_9 | Ep. 58/100 - Step 250/273 (2.31 it/s) |##################  | - loss_cc=4.545 - loss_ce=2.099 - loss_ne=0.0166 - loss_div=7.53e-05 - threshold=0.999 - loss=6.66
/scratch/e0538389/DivClust/engine/trainer.py:41: FutureWarning: `torch.cuda.amp.autocast(args...)` is deprecated. Please use `torch.amp.autocast('cuda', args...)` instead.
  with autocast(self.mixed_precision):
[2026-03-30 12:08:48](logger.py 179): id=CC_FMNIST_C10CFG_K20_E100_DT_0_9 | Ep. 58/100 | Time: 00:01 | loss_cc=4.545 - loss_ce=2.099 - loss_ne=0.0165 - loss_div=6.92e-05 - threshold=0.999 - loss=6.661
[2026-03-30 12:08:50](logger.py 179): id=CC_FMNIST_C10CFG_K20_E100_DT_0_9 | Ep. 59/100 - Step 0/273 (0.0 it/s) |                    | - loss_cc=4.52 - loss_ce=2.091 - loss_ne=0.0181 - loss_div=0.0 - threshold=1.0 - loss=6.629
/scratch/e0538389/DivClust/engine/trainer.py:41: FutureWarning: `torch.cuda.amp.autocast(args...)` is deprecated. Please use `torch.amp.autocast('cuda', args...)` instead.
  with autocast(self.mixed_precision):
[2026-03-30 12:09:01](logger.py 179): id=CC_FMNIST_C10CFG_K20_E100_DT_0_9 | Ep. 59/100 - Step 25/273 (2.39 it/s) |#                   | - loss_cc=4.542 - loss_ce=2.097 - loss_ne=0.0146 - loss_div=0.0 - threshold=1.0 - loss=6.653
/scratch/e0538389/DivClust/engine/trainer.py:41: FutureWarning: `torch.cuda.amp.autocast(args...)` is deprecated. Please use `torch.amp.autocast('cuda', args...)` instead.
  with autocast(self.mixed_precision):
[2026-03-30 12:09:11](logger.py 179): id=CC_FMNIST_C10CFG_K20_E100_DT_0_9 | Ep. 59/100 - Step 50/273 (2.38 it/s) |###                 | - loss_cc=4.544 - loss_ce=2.098 - loss_ne=0.0154 - loss_div=0.000363 - threshold=0.996 - loss=6.658
/scratch/e0538389/DivClust/engine/trainer.py:41: FutureWarning: `torch.cuda.amp.autocast(args...)` is deprecated. Please use `torch.amp.autocast('cuda', args...)` instead.
  with autocast(self.mixed_precision):
/scratch/e0538389/DivClust/engine/trainer.py:41: FutureWarning: `torch.cuda.amp.autocast(args...)` is deprecated. Please use `torch.amp.autocast('cuda', args...)` instead.
  with autocast(self.mixed_precision):
[2026-03-30 12:09:22](logger.py 179): id=CC_FMNIST_C10CFG_K20_E100_DT_0_9 | Ep. 59/100 - Step 75/273 (2.36 it/s) |#####               | - loss_cc=4.545 - loss_ce=2.099 - loss_ne=0.0154 - loss_div=0.000244 - threshold=0.997 - loss=6.659
/scratch/e0538389/DivClust/engine/trainer.py:41: FutureWarning: `torch.cuda.amp.autocast(args...)` is deprecated. Please use `torch.amp.autocast('cuda', args...)` instead.
  with autocast(self.mixed_precision):
[2026-03-30 12:09:32](logger.py 179): id=CC_FMNIST_C10CFG_K20_E100_DT_0_9 | Ep. 59/100 - Step 100/273 (2.36 it/s) |#######             | - loss_cc=4.542 - loss_ce=2.098 - loss_ne=0.0154 - loss_div=0.000183 - threshold=0.998 - loss=6.655
/scratch/e0538389/DivClust/engine/trainer.py:41: FutureWarning: `torch.cuda.amp.autocast(args...)` is deprecated. Please use `torch.amp.autocast('cuda', args...)` instead.
  with autocast(self.mixed_precision):
[2026-03-30 12:09:43](logger.py 179): id=CC_FMNIST_C10CFG_K20_E100_DT_0_9 | Ep. 59/100 - Step 125/273 (2.37 it/s) |#########           | - loss_cc=4.542 - loss_ce=2.097 - loss_ne=0.0155 - loss_div=0.000147 - threshold=0.998 - loss=6.655
/scratch/e0538389/DivClust/engine/trainer.py:41: FutureWarning: `torch.cuda.amp.autocast(args...)` is deprecated. Please use `torch.amp.autocast('cuda', args...)` instead.
  with autocast(self.mixed_precision):
[2026-03-30 12:09:53](logger.py 179): id=CC_FMNIST_C10CFG_K20_E100_DT_0_9 | Ep. 59/100 - Step 150/273 (2.37 it/s) |##########          | - loss_cc=4.542 - loss_ce=2.097 - loss_ne=0.0156 - loss_div=0.000123 - threshold=0.999 - loss=6.655
/scratch/e0538389/DivClust/engine/trainer.py:41: FutureWarning: `torch.cuda.amp.autocast(args...)` is deprecated. Please use `torch.amp.autocast('cuda', args...)` instead.
  with autocast(self.mixed_precision):
/scratch/e0538389/DivClust/engine/trainer.py:41: FutureWarning: `torch.cuda.amp.autocast(args...)` is deprecated. Please use `torch.amp.autocast('cuda', args...)` instead.
  with autocast(self.mixed_precision):
[2026-03-30 12:10:04](logger.py 179): id=CC_FMNIST_C10CFG_K20_E100_DT_0_9 | Ep. 59/100 - Step 175/273 (2.36 it/s) |############        | - loss_cc=4.544 - loss_ce=2.098 - loss_ne=0.0155 - loss_div=0.000105 - threshold=0.999 - loss=6.658
/scratch/e0538389/DivClust/engine/trainer.py:41: FutureWarning: `torch.cuda.amp.autocast(args...)` is deprecated. Please use `torch.amp.autocast('cuda', args...)` instead.
  with autocast(self.mixed_precision):
[2026-03-30 12:10:15](logger.py 179): id=CC_FMNIST_C10CFG_K20_E100_DT_0_9 | Ep. 59/100 - Step 200/273 (2.36 it/s) |##############      | - loss_cc=4.543 - loss_ce=2.098 - loss_ne=0.0156 - loss_div=9.22e-05 - threshold=0.999 - loss=6.656
/scratch/e0538389/DivClust/engine/trainer.py:41: FutureWarning: `torch.cuda.amp.autocast(args...)` is deprecated. Please use `torch.amp.autocast('cuda', args...)` instead.
  with autocast(self.mixed_precision):
[2026-03-30 12:10:25](logger.py 179): id=CC_FMNIST_C10CFG_K20_E100_DT_0_9 | Ep. 59/100 - Step 225/273 (2.36 it/s) |################    | - loss_cc=4.543 - loss_ce=2.098 - loss_ne=0.0154 - loss_div=8.2e-05 - threshold=0.999 - loss=6.656
/scratch/e0538389/DivClust/engine/trainer.py:41: FutureWarning: `torch.cuda.amp.autocast(args...)` is deprecated. Please use `torch.amp.autocast('cuda', args...)` instead.
  with autocast(self.mixed_precision):
[2026-03-30 12:10:36](logger.py 179): id=CC_FMNIST_C10CFG_K20_E100_DT_0_9 | Ep. 59/100 - Step 250/273 (2.36 it/s) |##################  | - loss_cc=4.543 - loss_ce=2.098 - loss_ne=0.0156 - loss_div=7.38e-05 - threshold=0.999 - loss=6.657
/scratch/e0538389/DivClust/engine/trainer.py:41: FutureWarning: `torch.cuda.amp.autocast(args...)` is deprecated. Please use `torch.amp.autocast('cuda', args...)` instead.
  with autocast(self.mixed_precision):
[2026-03-30 12:10:45](logger.py 179): id=CC_FMNIST_C10CFG_K20_E100_DT_0_9 | Ep. 59/100 | Time: 00:01 | loss_cc=4.544 - loss_ce=2.098 - loss_ne=0.0156 - loss_div=0.000141 - threshold=0.999 - loss=6.658
[2026-03-30 12:10:48](logger.py 179): id=CC_FMNIST_C10CFG_K20_E100_DT_0_9 | Ep. 60/100 - Step 0/273 (0.0 it/s) |                    | - loss_cc=4.533 - loss_ce=2.097 - loss_ne=0.0239 - loss_div=0.0 - threshold=1.0 - loss=6.654
/scratch/e0538389/DivClust/engine/trainer.py:41: FutureWarning: `torch.cuda.amp.autocast(args...)` is deprecated. Please use `torch.amp.autocast('cuda', args...)` instead.
  with autocast(self.mixed_precision):
/scratch/e0538389/DivClust/engine/trainer.py:41: FutureWarning: `torch.cuda.amp.autocast(args...)` is deprecated. Please use `torch.amp.autocast('cuda', args...)` instead.
  with autocast(self.mixed_precision):
[2026-03-30 12:10:59](logger.py 179): id=CC_FMNIST_C10CFG_K20_E100_DT_0_9 | Ep. 60/100 - Step 25/273 (2.31 it/s) |#                   | - loss_cc=4.54 - loss_ce=2.098 - loss_ne=0.0145 - loss_div=0.0 - threshold=1.0 - loss=6.653
/scratch/e0538389/DivClust/engine/trainer.py:41: FutureWarning: `torch.cuda.amp.autocast(args...)` is deprecated. Please use `torch.amp.autocast('cuda', args...)` instead.
  with autocast(self.mixed_precision):
[2026-03-30 12:11:10](logger.py 179): id=CC_FMNIST_C10CFG_K20_E100_DT_0_9 | Ep. 60/100 - Step 50/273 (2.31 it/s) |###                 | - loss_cc=4.542 - loss_ce=2.098 - loss_ne=0.0151 - loss_div=0.0 - threshold=1.0 - loss=6.655
/scratch/e0538389/DivClust/engine/trainer.py:41: FutureWarning: `torch.cuda.amp.autocast(args...)` is deprecated. Please use `torch.amp.autocast('cuda', args...)` instead.
  with autocast(self.mixed_precision):
[2026-03-30 12:11:21](logger.py 179): id=CC_FMNIST_C10CFG_K20_E100_DT_0_9 | Ep. 60/100 - Step 75/273 (2.32 it/s) |#####               | - loss_cc=4.543 - loss_ce=2.099 - loss_ne=0.0154 - loss_div=0.0 - threshold=1.0 - loss=6.657
/scratch/e0538389/DivClust/engine/trainer.py:41: FutureWarning: `torch.cuda.amp.autocast(args...)` is deprecated. Please use `torch.amp.autocast('cuda', args...)` instead.
  with autocast(self.mixed_precision):
[2026-03-30 12:11:31](logger.py 179): id=CC_FMNIST_C10CFG_K20_E100_DT_0_9 | Ep. 60/100 - Step 100/273 (2.32 it/s) |#######             | - loss_cc=4.543 - loss_ce=2.098 - loss_ne=0.0159 - loss_div=0.0 - threshold=1.0 - loss=6.657
/scratch/e0538389/DivClust/engine/trainer.py:41: FutureWarning: `torch.cuda.amp.autocast(args...)` is deprecated. Please use `torch.amp.autocast('cuda', args...)` instead.
  with autocast(self.mixed_precision):
/scratch/e0538389/DivClust/engine/trainer.py:41: FutureWarning: `torch.cuda.amp.autocast(args...)` is deprecated. Please use `torch.amp.autocast('cuda', args...)` instead.
  with autocast(self.mixed_precision):
[2026-03-30 12:11:42](logger.py 179): id=CC_FMNIST_C10CFG_K20_E100_DT_0_9 | Ep. 60/100 - Step 125/273 (2.33 it/s) |#########           | - loss_cc=4.544 - loss_ce=2.099 - loss_ne=0.0156 - loss_div=0.0 - threshold=1.0 - loss=6.658
/scratch/e0538389/DivClust/engine/trainer.py:41: FutureWarning: `torch.cuda.amp.autocast(args...)` is deprecated. Please use `torch.amp.autocast('cuda', args...)` instead.
  with autocast(self.mixed_precision):
[2026-03-30 12:11:52](logger.py 179): id=CC_FMNIST_C10CFG_K20_E100_DT_0_9 | Ep. 60/100 - Step 150/273 (2.34 it/s) |##########          | - loss_cc=4.544 - loss_ce=2.098 - loss_ne=0.0156 - loss_div=0.0 - threshold=1.0 - loss=6.658
/scratch/e0538389/DivClust/engine/trainer.py:41: FutureWarning: `torch.cuda.amp.autocast(args...)` is deprecated. Please use `torch.amp.autocast('cuda', args...)` instead.
  with autocast(self.mixed_precision):
[2026-03-30 12:12:03](logger.py 179): id=CC_FMNIST_C10CFG_K20_E100_DT_0_9 | Ep. 60/100 - Step 175/273 (2.34 it/s) |############        | - loss_cc=4.543 - loss_ce=2.098 - loss_ne=0.0158 - loss_div=0.0 - threshold=1.0 - loss=6.657
/scratch/e0538389/DivClust/engine/trainer.py:41: FutureWarning: `torch.cuda.amp.autocast(args...)` is deprecated. Please use `torch.amp.autocast('cuda', args...)` instead.
  with autocast(self.mixed_precision):
[2026-03-30 12:12:14](logger.py 179): id=CC_FMNIST_C10CFG_K20_E100_DT_0_9 | Ep. 60/100 - Step 200/273 (2.34 it/s) |##############      | - loss_cc=4.543 - loss_ce=2.098 - loss_ne=0.0157 - loss_div=0.0 - threshold=1.0 - loss=6.657
/scratch/e0538389/DivClust/engine/trainer.py:41: FutureWarning: `torch.cuda.amp.autocast(args...)` is deprecated. Please use `torch.amp.autocast('cuda', args...)` instead.
  with autocast(self.mixed_precision):
/scratch/e0538389/DivClust/engine/trainer.py:41: FutureWarning: `torch.cuda.amp.autocast(args...)` is deprecated. Please use `torch.amp.autocast('cuda', args...)` instead.
  with autocast(self.mixed_precision):
[2026-03-30 12:12:24](logger.py 179): id=CC_FMNIST_C10CFG_K20_E100_DT_0_9 | Ep. 60/100 - Step 225/273 (2.34 it/s) |################    | - loss_cc=4.542 - loss_ce=2.098 - loss_ne=0.0159 - loss_div=0.0 - threshold=1.0 - loss=6.657
/scratch/e0538389/DivClust/engine/trainer.py:41: FutureWarning: `torch.cuda.amp.autocast(args...)` is deprecated. Please use `torch.amp.autocast('cuda', args...)` instead.
  with autocast(self.mixed_precision):
[2026-03-30 12:12:35](logger.py 179): id=CC_FMNIST_C10CFG_K20_E100_DT_0_9 | Ep. 60/100 - Step 250/273 (2.34 it/s) |##################  | - loss_cc=4.543 - loss_ce=2.099 - loss_ne=0.0161 - loss_div=0.0 - threshold=1.0 - loss=6.657
/scratch/e0538389/DivClust/engine/trainer.py:41: FutureWarning: `torch.cuda.amp.autocast(args...)` is deprecated. Please use `torch.amp.autocast('cuda', args...)` instead.
  with autocast(self.mixed_precision):
[2026-03-30 12:12:44](logger.py 179): Evaluating
[2026-03-30 12:12:45](logger.py 179): Eval. step 0 of 274
[2026-03-30 12:12:47](logger.py 179): Eval. step 25 of 274
[2026-03-30 12:12:50](logger.py 179): Eval. step 50 of 274
[2026-03-30 12:12:52](logger.py 179): Eval. step 75 of 274
[2026-03-30 12:12:54](logger.py 179): Eval. step 100 of 274
[2026-03-30 12:12:57](logger.py 179): Eval. step 125 of 274
[2026-03-30 12:12:59](logger.py 179): Eval. step 150 of 274
[2026-03-30 12:13:01](logger.py 179): Eval. step 175 of 274
[2026-03-30 12:13:04](logger.py 179): Eval. step 200 of 274
[2026-03-30 12:13:06](logger.py 179): Eval. step 225 of 274
[2026-03-30 12:13:08](logger.py 179): Eval. step 250 of 274
[2026-03-30 12:13:12](logger.py 179): id=CC_FMNIST_C10CFG_K20_E100_DT_0_9 | Ep. 60/100 | Time: 00:02 | loss_cc=4.542 - loss_ce=2.098 - loss_ne=0.016 - loss_div=0.0 - threshold=1.0 - loss=6.656 - eval_confidence=0.899 - cluster_acc_0_eval=65.29 - cluster_nmi_0_eval=0.628 - cluster_ari_0_eval=0.529 - cluster_acc_1_eval=65.36 - cluster_nmi_1_eval=0.635 - cluster_ari_1_eval=0.538 - cluster_acc_2_eval=65.24 - cluster_nmi_2_eval=0.631 - cluster_ari_2_eval=0.535 - cluster_acc_3_eval=65.55 - cluster_nmi_3_eval=0.628 - cluster_ari_3_eval=0.531 - cluster_acc_4_eval=64.34 - cluster_nmi_4_eval=0.627 - cluster_ari_4_eval=0.527 - cluster_acc_5_eval=64.89 - cluster_nmi_5_eval=0.625 - cluster_ari_5_eval=0.525 - cluster_acc_6_eval=65.82 - cluster_nmi_6_eval=0.634 - cluster_ari_6_eval=0.537 - cluster_acc_7_eval=64.7 - cluster_nmi_7_eval=0.633 - cluster_ari_7_eval=0.536 - cluster_acc_8_eval=65.8 - cluster_nmi_8_eval=0.628 - cluster_ari_8_eval=0.53 - cluster_acc_9_eval=65.45 - cluster_nmi_9_eval=0.63 - cluster_ari_9_eval=0.535 - cluster_acc_10_eval=66.01 - cluster_nmi_10_eval=0.634 - cluster_ari_10_eval=0.54 - cluster_acc_11_eval=65.63 - cluster_nmi_11_eval=0.632 - cluster_ari_11_eval=0.535 - cluster_acc_12_eval=65.5 - cluster_nmi_12_eval=0.631 - cluster_ari_12_eval=0.536 - cluster_acc_13_eval=66.5 - cluster_nmi_13_eval=0.631 - cluster_ari_13_eval=0.533 - cluster_acc_14_eval=66.99 - cluster_nmi_14_eval=0.637 - cluster_ari_14_eval=0.542 - cluster_acc_15_eval=65.6 - cluster_nmi_15_eval=0.633 - cluster_ari_15_eval=0.535 - cluster_acc_16_eval=66.19 - cluster_nmi_16_eval=0.633 - cluster_ari_16_eval=0.537 - cluster_acc_17_eval=64.95 - cluster_nmi_17_eval=0.625 - cluster_ari_17_eval=0.527 - cluster_acc_18_eval=64.8 - cluster_nmi_18_eval=0.624 - cluster_ari_18_eval=0.524 - cluster_acc_19_eval=65.21 - cluster_nmi_19_eval=0.624 - cluster_ari_19_eval=0.527 - max_cluster_acc_eval=66.99 - mean_cluster_acc_eval=65.49 - min_cluster_acc_eval=64.34 - max_cluster_nmi_eval=0.637 - mean_cluster_nmi_eval=0.63 - min_cluster_nmi_eval=0.624 - max_cluster_ari_eval=0.542 - mean_cluster_ari_eval=0.533 - min_cluster_ari_eval=0.524 - interclustering_nmi_eval=0.899
/scratch/e0538389/DivClust/engine/trainer.py:41: FutureWarning: `torch.cuda.amp.autocast(args...)` is deprecated. Please use `torch.amp.autocast('cuda', args...)` instead.
  with autocast(self.mixed_precision):
[2026-03-30 12:13:14](logger.py 179): id=CC_FMNIST_C10CFG_K20_E100_DT_0_9 | Ep. 61/100 - Step 0/273 (0.0 it/s) |                    | - loss_cc=4.551 - loss_ce=2.112 - loss_ne=0.0123 - loss_div=0.0 - threshold=1.0 - loss=6.674
/scratch/e0538389/DivClust/engine/trainer.py:41: FutureWarning: `torch.cuda.amp.autocast(args...)` is deprecated. Please use `torch.amp.autocast('cuda', args...)` instead.
  with autocast(self.mixed_precision):
[2026-03-30 12:13:25](logger.py 179): id=CC_FMNIST_C10CFG_K20_E100_DT_0_9 | Ep. 61/100 - Step 25/273 (2.31 it/s) |#                   | - loss_cc=4.548 - loss_ce=2.101 - loss_ne=0.0171 - loss_div=0.0 - threshold=1.0 - loss=6.666
/scratch/e0538389/DivClust/engine/trainer.py:41: FutureWarning: `torch.cuda.amp.autocast(args...)` is deprecated. Please use `torch.amp.autocast('cuda', args...)` instead.
  with autocast(self.mixed_precision):
/scratch/e0538389/DivClust/engine/trainer.py:41: FutureWarning: `torch.cuda.amp.autocast(args...)` is deprecated. Please use `torch.amp.autocast('cuda', args...)` instead.
  with autocast(self.mixed_precision):
[2026-03-30 12:13:36](logger.py 179): id=CC_FMNIST_C10CFG_K20_E100_DT_0_9 | Ep. 61/100 - Step 50/273 (2.27 it/s) |###                 | - loss_cc=4.548 - loss_ce=2.1 - loss_ne=0.0163 - loss_div=0.000549 - threshold=0.996 - loss=6.665
/scratch/e0538389/DivClust/engine/trainer.py:41: FutureWarning: `torch.cuda.amp.autocast(args...)` is deprecated. Please use `torch.amp.autocast('cuda', args...)` instead.
  with autocast(self.mixed_precision):
[2026-03-30 12:13:47](logger.py 179): id=CC_FMNIST_C10CFG_K20_E100_DT_0_9 | Ep. 61/100 - Step 75/273 (2.28 it/s) |#####               | - loss_cc=4.546 - loss_ce=2.1 - loss_ne=0.0175 - loss_div=0.000369 - threshold=0.997 - loss=6.664
/scratch/e0538389/DivClust/engine/trainer.py:41: FutureWarning: `torch.cuda.amp.autocast(args...)` is deprecated. Please use `torch.amp.autocast('cuda', args...)` instead.
  with autocast(self.mixed_precision):
[2026-03-30 12:13:58](logger.py 179): id=CC_FMNIST_C10CFG_K20_E100_DT_0_9 | Ep. 61/100 - Step 100/273 (2.29 it/s) |#######             | - loss_cc=4.544 - loss_ce=2.099 - loss_ne=0.0166 - loss_div=0.000277 - threshold=0.998 - loss=6.66
/scratch/e0538389/DivClust/engine/trainer.py:41: FutureWarning: `torch.cuda.amp.autocast(args...)` is deprecated. Please use `torch.amp.autocast('cuda', args...)` instead.
  with autocast(self.mixed_precision):
[2026-03-30 12:14:09](logger.py 179): id=CC_FMNIST_C10CFG_K20_E100_DT_0_9 | Ep. 61/100 - Step 125/273 (2.3 it/s) |#########           | - loss_cc=4.545 - loss_ce=2.098 - loss_ne=0.0161 - loss_div=0.000222 - threshold=0.998 - loss=6.659
/scratch/e0538389/DivClust/engine/trainer.py:41: FutureWarning: `torch.cuda.amp.autocast(args...)` is deprecated. Please use `torch.amp.autocast('cuda', args...)` instead.
  with autocast(self.mixed_precision):
/scratch/e0538389/DivClust/engine/trainer.py:41: FutureWarning: `torch.cuda.amp.autocast(args...)` is deprecated. Please use `torch.amp.autocast('cuda', args...)` instead.
  with autocast(self.mixed_precision):
[2026-03-30 12:14:19](logger.py 179): id=CC_FMNIST_C10CFG_K20_E100_DT_0_9 | Ep. 61/100 - Step 150/273 (2.29 it/s) |##########          | - loss_cc=4.544 - loss_ce=2.098 - loss_ne=0.0159 - loss_div=0.000185 - threshold=0.999 - loss=6.657
/scratch/e0538389/DivClust/engine/trainer.py:41: FutureWarning: `torch.cuda.amp.autocast(args...)` is deprecated. Please use `torch.amp.autocast('cuda', args...)` instead.
  with autocast(self.mixed_precision):
[2026-03-30 12:14:30](logger.py 179): id=CC_FMNIST_C10CFG_K20_E100_DT_0_9 | Ep. 61/100 - Step 175/273 (2.3 it/s) |############        | - loss_cc=4.543 - loss_ce=2.098 - loss_ne=0.0159 - loss_div=0.000159 - threshold=0.999 - loss=6.656
/scratch/e0538389/DivClust/engine/trainer.py:41: FutureWarning: `torch.cuda.amp.autocast(args...)` is deprecated. Please use `torch.amp.autocast('cuda', args...)` instead.
  with autocast(self.mixed_precision):
[2026-03-30 12:14:41](logger.py 179): id=CC_FMNIST_C10CFG_K20_E100_DT_0_9 | Ep. 61/100 - Step 200/273 (2.3 it/s) |##############      | - loss_cc=4.542 - loss_ce=2.097 - loss_ne=0.0159 - loss_div=0.000139 - threshold=0.999 - loss=6.656
/scratch/e0538389/DivClust/engine/trainer.py:41: FutureWarning: `torch.cuda.amp.autocast(args...)` is deprecated. Please use `torch.amp.autocast('cuda', args...)` instead.
  with autocast(self.mixed_precision):
[2026-03-30 12:14:52](logger.py 179): id=CC_FMNIST_C10CFG_K20_E100_DT_0_9 | Ep. 61/100 - Step 225/273 (2.31 it/s) |################    | - loss_cc=4.542 - loss_ce=2.098 - loss_ne=0.0161 - loss_div=0.000124 - threshold=0.999 - loss=6.656
/scratch/e0538389/DivClust/engine/trainer.py:41: FutureWarning: `torch.cuda.amp.autocast(args...)` is deprecated. Please use `torch.amp.autocast('cuda', args...)` instead.
  with autocast(self.mixed_precision):
/scratch/e0538389/DivClust/engine/trainer.py:41: FutureWarning: `torch.cuda.amp.autocast(args...)` is deprecated. Please use `torch.amp.autocast('cuda', args...)` instead.
  with autocast(self.mixed_precision):
[2026-03-30 12:15:02](logger.py 179): id=CC_FMNIST_C10CFG_K20_E100_DT_0_9 | Ep. 61/100 - Step 250/273 (2.31 it/s) |##################  | - loss_cc=4.543 - loss_ce=2.098 - loss_ne=0.016 - loss_div=0.000112 - threshold=0.999 - loss=6.657
/scratch/e0538389/DivClust/engine/trainer.py:41: FutureWarning: `torch.cuda.amp.autocast(args...)` is deprecated. Please use `torch.amp.autocast('cuda', args...)` instead.
  with autocast(self.mixed_precision):
[2026-03-30 12:15:12](logger.py 179): id=CC_FMNIST_C10CFG_K20_E100_DT_0_9 | Ep. 61/100 | Time: 00:01 | loss_cc=4.542 - loss_ce=2.098 - loss_ne=0.0159 - loss_div=0.000103 - threshold=0.999 - loss=6.656
[2026-03-30 12:15:14](logger.py 179): id=CC_FMNIST_C10CFG_K20_E100_DT_0_9 | Ep. 62/100 - Step 0/273 (0.0 it/s) |                    | - loss_cc=4.513 - loss_ce=2.081 - loss_ne=0.0109 - loss_div=0.0 - threshold=1.0 - loss=6.605
/scratch/e0538389/DivClust/engine/trainer.py:41: FutureWarning: `torch.cuda.amp.autocast(args...)` is deprecated. Please use `torch.amp.autocast('cuda', args...)` instead.
  with autocast(self.mixed_precision):
[2026-03-30 12:15:24](logger.py 179): id=CC_FMNIST_C10CFG_K20_E100_DT_0_9 | Ep. 62/100 - Step 25/273 (2.39 it/s) |#                   | - loss_cc=4.545 - loss_ce=2.1 - loss_ne=0.0179 - loss_div=0.0 - threshold=1.0 - loss=6.662
/scratch/e0538389/DivClust/engine/trainer.py:41: FutureWarning: `torch.cuda.amp.autocast(args...)` is deprecated. Please use `torch.amp.autocast('cuda', args...)` instead.
  with autocast(self.mixed_precision):
[2026-03-30 12:15:35](logger.py 179): id=CC_FMNIST_C10CFG_K20_E100_DT_0_9 | Ep. 62/100 - Step 50/273 (2.38 it/s) |###                 | - loss_cc=4.545 - loss_ce=2.099 - loss_ne=0.0177 - loss_div=0.000521 - threshold=0.997 - loss=6.662
/scratch/e0538389/DivClust/engine/trainer.py:41: FutureWarning: `torch.cuda.amp.autocast(args...)` is deprecated. Please use `torch.amp.autocast('cuda', args...)` instead.
  with autocast(self.mixed_precision):
/scratch/e0538389/DivClust/engine/trainer.py:41: FutureWarning: `torch.cuda.amp.autocast(args...)` is deprecated. Please use `torch.amp.autocast('cuda', args...)` instead.
  with autocast(self.mixed_precision):
[2026-03-30 12:15:45](logger.py 179): id=CC_FMNIST_C10CFG_K20_E100_DT_0_9 | Ep. 62/100 - Step 75/273 (2.36 it/s) |#####               | - loss_cc=4.544 - loss_ce=2.098 - loss_ne=0.0174 - loss_div=0.000349 - threshold=0.997 - loss=6.66
/scratch/e0538389/DivClust/engine/trainer.py:41: FutureWarning: `torch.cuda.amp.autocast(args...)` is deprecated. Please use `torch.amp.autocast('cuda', args...)` instead.
  with autocast(self.mixed_precision):
[2026-03-30 12:15:56](logger.py 179): id=CC_FMNIST_C10CFG_K20_E100_DT_0_9 | Ep. 62/100 - Step 100/273 (2.37 it/s) |#######             | - loss_cc=4.543 - loss_ce=2.098 - loss_ne=0.0169 - loss_div=0.000263 - threshold=0.998 - loss=6.658
/scratch/e0538389/DivClust/engine/trainer.py:41: FutureWarning: `torch.cuda.amp.autocast(args...)` is deprecated. Please use `torch.amp.autocast('cuda', args...)` instead.
  with autocast(self.mixed_precision):
[2026-03-30 12:16:07](logger.py 179): id=CC_FMNIST_C10CFG_K20_E100_DT_0_9 | Ep. 62/100 - Step 125/273 (2.36 it/s) |#########           | - loss_cc=4.543 - loss_ce=2.098 - loss_ne=0.0172 - loss_div=0.000211 - threshold=0.998 - loss=6.659
/scratch/e0538389/DivClust/engine/trainer.py:41: FutureWarning: `torch.cuda.amp.autocast(args...)` is deprecated. Please use `torch.amp.autocast('cuda', args...)` instead.
  with autocast(self.mixed_precision):
[2026-03-30 12:16:17](logger.py 179): id=CC_FMNIST_C10CFG_K20_E100_DT_0_9 | Ep. 62/100 - Step 150/273 (2.36 it/s) |##########          | - loss_cc=4.544 - loss_ce=2.098 - loss_ne=0.0171 - loss_div=0.000176 - threshold=0.999 - loss=6.66
/scratch/e0538389/DivClust/engine/trainer.py:41: FutureWarning: `torch.cuda.amp.autocast(args...)` is deprecated. Please use `torch.amp.autocast('cuda', args...)` instead.
  with autocast(self.mixed_precision):
/scratch/e0538389/DivClust/engine/trainer.py:41: FutureWarning: `torch.cuda.amp.autocast(args...)` is deprecated. Please use `torch.amp.autocast('cuda', args...)` instead.
  with autocast(self.mixed_precision):
[2026-03-30 12:16:28](logger.py 179): id=CC_FMNIST_C10CFG_K20_E100_DT_0_9 | Ep. 62/100 - Step 175/273 (2.34 it/s) |############        | - loss_cc=4.544 - loss_ce=2.099 - loss_ne=0.0173 - loss_div=0.000151 - threshold=0.999 - loss=6.66
/scratch/e0538389/DivClust/engine/trainer.py:41: FutureWarning: `torch.cuda.amp.autocast(args...)` is deprecated. Please use `torch.amp.autocast('cuda', args...)` instead.
  with autocast(self.mixed_precision):
[2026-03-30 12:16:39](logger.py 179): id=CC_FMNIST_C10CFG_K20_E100_DT_0_9 | Ep. 62/100 - Step 200/273 (2.34 it/s) |##############      | - loss_cc=4.544 - loss_ce=2.099 - loss_ne=0.0172 - loss_div=0.000132 - threshold=0.999 - loss=6.66
/scratch/e0538389/DivClust/engine/trainer.py:41: FutureWarning: `torch.cuda.amp.autocast(args...)` is deprecated. Please use `torch.amp.autocast('cuda', args...)` instead.
  with autocast(self.mixed_precision):
[2026-03-30 12:16:50](logger.py 179): id=CC_FMNIST_C10CFG_K20_E100_DT_0_9 | Ep. 62/100 - Step 225/273 (2.34 it/s) |################    | - loss_cc=4.544 - loss_ce=2.099 - loss_ne=0.0173 - loss_div=0.000117 - threshold=0.999 - loss=6.66
/scratch/e0538389/DivClust/engine/trainer.py:41: FutureWarning: `torch.cuda.amp.autocast(args...)` is deprecated. Please use `torch.amp.autocast('cuda', args...)` instead.
  with autocast(self.mixed_precision):
[2026-03-30 12:17:01](logger.py 179): id=CC_FMNIST_C10CFG_K20_E100_DT_0_9 | Ep. 62/100 - Step 250/273 (2.34 it/s) |##################  | - loss_cc=4.543 - loss_ce=2.099 - loss_ne=0.0169 - loss_div=0.000106 - threshold=0.999 - loss=6.659
/scratch/e0538389/DivClust/engine/trainer.py:41: FutureWarning: `torch.cuda.amp.autocast(args...)` is deprecated. Please use `torch.amp.autocast('cuda', args...)` instead.
  with autocast(self.mixed_precision):
[2026-03-30 12:17:10](logger.py 179): id=CC_FMNIST_C10CFG_K20_E100_DT_0_9 | Ep. 62/100 | Time: 00:01 | loss_cc=4.543 - loss_ce=2.099 - loss_ne=0.0167 - loss_div=9.73e-05 - threshold=0.999 - loss=6.658
[2026-03-30 12:17:13](logger.py 179): id=CC_FMNIST_C10CFG_K20_E100_DT_0_9 | Ep. 63/100 - Step 0/273 (0.0 it/s) |                    | - loss_cc=4.565 - loss_ce=2.092 - loss_ne=0.0184 - loss_div=0.0 - threshold=1.0 - loss=6.675
/scratch/e0538389/DivClust/engine/trainer.py:41: FutureWarning: `torch.cuda.amp.autocast(args...)` is deprecated. Please use `torch.amp.autocast('cuda', args...)` instead.
  with autocast(self.mixed_precision):
/scratch/e0538389/DivClust/engine/trainer.py:41: FutureWarning: `torch.cuda.amp.autocast(args...)` is deprecated. Please use `torch.amp.autocast('cuda', args...)` instead.
  with autocast(self.mixed_precision):
[2026-03-30 12:17:24](logger.py 179): id=CC_FMNIST_C10CFG_K20_E100_DT_0_9 | Ep. 63/100 - Step 25/273 (2.22 it/s) |#                   | - loss_cc=4.54 - loss_ce=2.096 - loss_ne=0.0167 - loss_div=0.00166 - threshold=0.998 - loss=6.655
/scratch/e0538389/DivClust/engine/trainer.py:41: FutureWarning: `torch.cuda.amp.autocast(args...)` is deprecated. Please use `torch.amp.autocast('cuda', args...)` instead.
  with autocast(self.mixed_precision):
[2026-03-30 12:17:34](logger.py 179): id=CC_FMNIST_C10CFG_K20_E100_DT_0_9 | Ep. 63/100 - Step 50/273 (2.3 it/s) |###                 | - loss_cc=4.54 - loss_ce=2.097 - loss_ne=0.0173 - loss_div=0.000846 - threshold=0.996 - loss=6.656
/scratch/e0538389/DivClust/engine/trainer.py:41: FutureWarning: `torch.cuda.amp.autocast(args...)` is deprecated. Please use `torch.amp.autocast('cuda', args...)` instead.
  with autocast(self.mixed_precision):
[2026-03-30 12:17:45](logger.py 179): id=CC_FMNIST_C10CFG_K20_E100_DT_0_9 | Ep. 63/100 - Step 75/273 (2.32 it/s) |#####               | - loss_cc=4.542 - loss_ce=2.098 - loss_ne=0.0169 - loss_div=0.000568 - threshold=0.997 - loss=6.657
/scratch/e0538389/DivClust/engine/trainer.py:41: FutureWarning: `torch.cuda.amp.autocast(args...)` is deprecated. Please use `torch.amp.autocast('cuda', args...)` instead.
  with autocast(self.mixed_precision):
[2026-03-30 12:17:55](logger.py 179): id=CC_FMNIST_C10CFG_K20_E100_DT_0_9 | Ep. 63/100 - Step 100/273 (2.34 it/s) |#######             | - loss_cc=4.542 - loss_ce=2.098 - loss_ne=0.0159 - loss_div=0.000427 - threshold=0.998 - loss=6.657
/scratch/e0538389/DivClust/engine/trainer.py:41: FutureWarning: `torch.cuda.amp.autocast(args...)` is deprecated. Please use `torch.amp.autocast('cuda', args...)` instead.
  with autocast(self.mixed_precision):
/scratch/e0538389/DivClust/engine/trainer.py:41: FutureWarning: `torch.cuda.amp.autocast(args...)` is deprecated. Please use `torch.amp.autocast('cuda', args...)` instead.
  with autocast(self.mixed_precision):
[2026-03-30 12:18:06](logger.py 179): id=CC_FMNIST_C10CFG_K20_E100_DT_0_9 | Ep. 63/100 - Step 125/273 (2.34 it/s) |#########           | - loss_cc=4.542 - loss_ce=2.098 - loss_ne=0.0161 - loss_div=0.000342 - threshold=0.998 - loss=6.656
/scratch/e0538389/DivClust/engine/trainer.py:41: FutureWarning: `torch.cuda.amp.autocast(args...)` is deprecated. Please use `torch.amp.autocast('cuda', args...)` instead.
  with autocast(self.mixed_precision):
[2026-03-30 12:18:16](logger.py 179): id=CC_FMNIST_C10CFG_K20_E100_DT_0_9 | Ep. 63/100 - Step 150/273 (2.35 it/s) |##########          | - loss_cc=4.54 - loss_ce=2.097 - loss_ne=0.0158 - loss_div=0.000286 - threshold=0.999 - loss=6.653
/scratch/e0538389/DivClust/engine/trainer.py:41: FutureWarning: `torch.cuda.amp.autocast(args...)` is deprecated. Please use `torch.amp.autocast('cuda', args...)` instead.
  with autocast(self.mixed_precision):
[2026-03-30 12:18:27](logger.py 179): id=CC_FMNIST_C10CFG_K20_E100_DT_0_9 | Ep. 63/100 - Step 175/273 (2.35 it/s) |############        | - loss_cc=4.541 - loss_ce=2.097 - loss_ne=0.0156 - loss_div=0.000245 - threshold=0.999 - loss=6.654
/scratch/e0538389/DivClust/engine/trainer.py:41: FutureWarning: `torch.cuda.amp.autocast(args...)` is deprecated. Please use `torch.amp.autocast('cuda', args...)` instead.
  with autocast(self.mixed_precision):
[2026-03-30 12:18:37](logger.py 179): id=CC_FMNIST_C10CFG_K20_E100_DT_0_9 | Ep. 63/100 - Step 200/273 (2.36 it/s) |##############      | - loss_cc=4.541 - loss_ce=2.097 - loss_ne=0.0156 - loss_div=0.000215 - threshold=0.999 - loss=6.654
/scratch/e0538389/DivClust/engine/trainer.py:41: FutureWarning: `torch.cuda.amp.autocast(args...)` is deprecated. Please use `torch.amp.autocast('cuda', args...)` instead.
  with autocast(self.mixed_precision):
/scratch/e0538389/DivClust/engine/trainer.py:41: FutureWarning: `torch.cuda.amp.autocast(args...)` is deprecated. Please use `torch.amp.autocast('cuda', args...)` instead.
  with autocast(self.mixed_precision):
[2026-03-30 12:18:48](logger.py 179): id=CC_FMNIST_C10CFG_K20_E100_DT_0_9 | Ep. 63/100 - Step 225/273 (2.35 it/s) |################    | - loss_cc=4.541 - loss_ce=2.098 - loss_ne=0.0155 - loss_div=0.000191 - threshold=0.999 - loss=6.654
/scratch/e0538389/DivClust/engine/trainer.py:41: FutureWarning: `torch.cuda.amp.autocast(args...)` is deprecated. Please use `torch.amp.autocast('cuda', args...)` instead.
  with autocast(self.mixed_precision):
[2026-03-30 12:18:59](logger.py 179): id=CC_FMNIST_C10CFG_K20_E100_DT_0_9 | Ep. 63/100 - Step 250/273 (2.35 it/s) |##################  | - loss_cc=4.539 - loss_ce=2.097 - loss_ne=0.0156 - loss_div=0.000172 - threshold=0.999 - loss=6.652
/scratch/e0538389/DivClust/engine/trainer.py:41: FutureWarning: `torch.cuda.amp.autocast(args...)` is deprecated. Please use `torch.amp.autocast('cuda', args...)` instead.
  with autocast(self.mixed_precision):
[2026-03-30 12:19:09](logger.py 179): id=CC_FMNIST_C10CFG_K20_E100_DT_0_9 | Ep. 63/100 | Time: 00:01 | loss_cc=4.539 - loss_ce=2.097 - loss_ne=0.0157 - loss_div=0.000158 - threshold=0.999 - loss=6.651
[2026-03-30 12:19:11](logger.py 179): id=CC_FMNIST_C10CFG_K20_E100_DT_0_9 | Ep. 64/100 - Step 0/273 (0.0 it/s) |                    | - loss_cc=4.543 - loss_ce=2.105 - loss_ne=0.0143 - loss_div=0.0 - threshold=1.0 - loss=6.662
/scratch/e0538389/DivClust/engine/trainer.py:41: FutureWarning: `torch.cuda.amp.autocast(args...)` is deprecated. Please use `torch.amp.autocast('cuda', args...)` instead.
  with autocast(self.mixed_precision):
[2026-03-30 12:19:22](logger.py 179): id=CC_FMNIST_C10CFG_K20_E100_DT_0_9 | Ep. 64/100 - Step 25/273 (2.3 it/s) |#                   | - loss_cc=4.541 - loss_ce=2.096 - loss_ne=0.0139 - loss_div=0.000564 - threshold=0.993 - loss=6.651
/scratch/e0538389/DivClust/engine/trainer.py:41: FutureWarning: `torch.cuda.amp.autocast(args...)` is deprecated. Please use `torch.amp.autocast('cuda', args...)` instead.
  with autocast(self.mixed_precision):
/scratch/e0538389/DivClust/engine/trainer.py:41: FutureWarning: `torch.cuda.amp.autocast(args...)` is deprecated. Please use `torch.amp.autocast('cuda', args...)` instead.
  with autocast(self.mixed_precision):
[2026-03-30 12:19:33](logger.py 179): id=CC_FMNIST_C10CFG_K20_E100_DT_0_9 | Ep. 64/100 - Step 50/273 (2.26 it/s) |###                 | - loss_cc=4.54 - loss_ce=2.098 - loss_ne=0.0162 - loss_div=0.000296 - threshold=0.996 - loss=6.654
/scratch/e0538389/DivClust/engine/trainer.py:41: FutureWarning: `torch.cuda.amp.autocast(args...)` is deprecated. Please use `torch.amp.autocast('cuda', args...)` instead.
  with autocast(self.mixed_precision):
[2026-03-30 12:19:44](logger.py 179): id=CC_FMNIST_C10CFG_K20_E100_DT_0_9 | Ep. 64/100 - Step 75/273 (2.28 it/s) |#####               | - loss_cc=4.538 - loss_ce=2.097 - loss_ne=0.016 - loss_div=0.000198 - threshold=0.997 - loss=6.651
/scratch/e0538389/DivClust/engine/trainer.py:41: FutureWarning: `torch.cuda.amp.autocast(args...)` is deprecated. Please use `torch.amp.autocast('cuda', args...)` instead.
  with autocast(self.mixed_precision):
[2026-03-30 12:19:55](logger.py 179): id=CC_FMNIST_C10CFG_K20_E100_DT_0_9 | Ep. 64/100 - Step 100/273 (2.29 it/s) |#######             | - loss_cc=4.538 - loss_ce=2.097 - loss_ne=0.0156 - loss_div=0.000149 - threshold=0.998 - loss=6.651
/scratch/e0538389/DivClust/engine/trainer.py:41: FutureWarning: `torch.cuda.amp.autocast(args...)` is deprecated. Please use `torch.amp.autocast('cuda', args...)` instead.
  with autocast(self.mixed_precision):
[2026-03-30 12:20:05](logger.py 179): id=CC_FMNIST_C10CFG_K20_E100_DT_0_9 | Ep. 64/100 - Step 125/273 (2.3 it/s) |#########           | - loss_cc=4.539 - loss_ce=2.097 - loss_ne=0.0156 - loss_div=0.00012 - threshold=0.998 - loss=6.652
/scratch/e0538389/DivClust/engine/trainer.py:41: FutureWarning: `torch.cuda.amp.autocast(args...)` is deprecated. Please use `torch.amp.autocast('cuda', args...)` instead.
  with autocast(self.mixed_precision):
/scratch/e0538389/DivClust/engine/trainer.py:41: FutureWarning: `torch.cuda.amp.autocast(args...)` is deprecated. Please use `torch.amp.autocast('cuda', args...)` instead.
  with autocast(self.mixed_precision):
[2026-03-30 12:20:16](logger.py 179): id=CC_FMNIST_C10CFG_K20_E100_DT_0_9 | Ep. 64/100 - Step 150/273 (2.29 it/s) |##########          | - loss_cc=4.538 - loss_ce=2.097 - loss_ne=0.0155 - loss_div=9.99e-05 - threshold=0.999 - loss=6.65
/scratch/e0538389/DivClust/engine/trainer.py:41: FutureWarning: `torch.cuda.amp.autocast(args...)` is deprecated. Please use `torch.amp.autocast('cuda', args...)` instead.
  with autocast(self.mixed_precision):
[2026-03-30 12:20:27](logger.py 179): id=CC_FMNIST_C10CFG_K20_E100_DT_0_9 | Ep. 64/100 - Step 175/273 (2.3 it/s) |############        | - loss_cc=4.538 - loss_ce=2.097 - loss_ne=0.0155 - loss_div=8.57e-05 - threshold=0.999 - loss=6.651
/scratch/e0538389/DivClust/engine/trainer.py:41: FutureWarning: `torch.cuda.amp.autocast(args...)` is deprecated. Please use `torch.amp.autocast('cuda', args...)` instead.
  with autocast(self.mixed_precision):
[2026-03-30 12:20:38](logger.py 179): id=CC_FMNIST_C10CFG_K20_E100_DT_0_9 | Ep. 64/100 - Step 200/273 (2.3 it/s) |##############      | - loss_cc=4.538 - loss_ce=2.097 - loss_ne=0.0161 - loss_div=7.5e-05 - threshold=0.999 - loss=6.652
/scratch/e0538389/DivClust/engine/trainer.py:41: FutureWarning: `torch.cuda.amp.autocast(args...)` is deprecated. Please use `torch.amp.autocast('cuda', args...)` instead.
  with autocast(self.mixed_precision):
[2026-03-30 12:20:48](logger.py 179): id=CC_FMNIST_C10CFG_K20_E100_DT_0_9 | Ep. 64/100 - Step 225/273 (2.31 it/s) |################    | - loss_cc=4.538 - loss_ce=2.097 - loss_ne=0.0159 - loss_div=6.67e-05 - threshold=0.999 - loss=6.652
/scratch/e0538389/DivClust/engine/trainer.py:41: FutureWarning: `torch.cuda.amp.autocast(args...)` is deprecated. Please use `torch.amp.autocast('cuda', args...)` instead.
  with autocast(self.mixed_precision):
/scratch/e0538389/DivClust/engine/trainer.py:41: FutureWarning: `torch.cuda.amp.autocast(args...)` is deprecated. Please use `torch.amp.autocast('cuda', args...)` instead.
  with autocast(self.mixed_precision):
[2026-03-30 12:20:59](logger.py 179): id=CC_FMNIST_C10CFG_K20_E100_DT_0_9 | Ep. 64/100 - Step 250/273 (2.3 it/s) |##################  | - loss_cc=4.538 - loss_ce=2.097 - loss_ne=0.0161 - loss_div=6.01e-05 - threshold=0.999 - loss=6.651
/scratch/e0538389/DivClust/engine/trainer.py:41: FutureWarning: `torch.cuda.amp.autocast(args...)` is deprecated. Please use `torch.amp.autocast('cuda', args...)` instead.
  with autocast(self.mixed_precision):
[2026-03-30 12:21:09](logger.py 179): id=CC_FMNIST_C10CFG_K20_E100_DT_0_9 | Ep. 64/100 | Time: 00:01 | loss_cc=4.538 - loss_ce=2.097 - loss_ne=0.0161 - loss_div=5.52e-05 - threshold=0.999 - loss=6.651
[2026-03-30 12:21:12](logger.py 179): id=CC_FMNIST_C10CFG_K20_E100_DT_0_9 | Ep. 65/100 - Step 0/273 (0.0 it/s) |                    | - loss_cc=4.572 - loss_ce=2.116 - loss_ne=0.0105 - loss_div=0.0 - threshold=1.0 - loss=6.698
/scratch/e0538389/DivClust/engine/trainer.py:41: FutureWarning: `torch.cuda.amp.autocast(args...)` is deprecated. Please use `torch.amp.autocast('cuda', args...)` instead.
  with autocast(self.mixed_precision):
[2026-03-30 12:21:22](logger.py 179): id=CC_FMNIST_C10CFG_K20_E100_DT_0_9 | Ep. 65/100 - Step 25/273 (2.38 it/s) |#                   | - loss_cc=4.543 - loss_ce=2.099 - loss_ne=0.0155 - loss_div=0.00113 - threshold=0.996 - loss=6.658
/scratch/e0538389/DivClust/engine/trainer.py:41: FutureWarning: `torch.cuda.amp.autocast(args...)` is deprecated. Please use `torch.amp.autocast('cuda', args...)` instead.
  with autocast(self.mixed_precision):
[2026-03-30 12:21:33](logger.py 179): id=CC_FMNIST_C10CFG_K20_E100_DT_0_9 | Ep. 65/100 - Step 50/273 (2.35 it/s) |###                 | - loss_cc=4.541 - loss_ce=2.099 - loss_ne=0.0155 - loss_div=0.000578 - threshold=0.996 - loss=6.656
/scratch/e0538389/DivClust/engine/trainer.py:41: FutureWarning: `torch.cuda.amp.autocast(args...)` is deprecated. Please use `torch.amp.autocast('cuda', args...)` instead.
  with autocast(self.mixed_precision):
[2026-03-30 12:21:44](logger.py 179): id=CC_FMNIST_C10CFG_K20_E100_DT_0_9 | Ep. 65/100 - Step 75/273 (2.32 it/s) |#####               | - loss_cc=4.54 - loss_ce=2.098 - loss_ne=0.0159 - loss_div=0.000388 - threshold=0.997 - loss=6.654
/scratch/e0538389/DivClust/engine/trainer.py:41: FutureWarning: `torch.cuda.amp.autocast(args...)` is deprecated. Please use `torch.amp.autocast('cuda', args...)` instead.
  with autocast(self.mixed_precision):
/scratch/e0538389/DivClust/engine/trainer.py:41: FutureWarning: `torch.cuda.amp.autocast(args...)` is deprecated. Please use `torch.amp.autocast('cuda', args...)` instead.
  with autocast(self.mixed_precision):
[2026-03-30 12:21:55](logger.py 179): id=CC_FMNIST_C10CFG_K20_E100_DT_0_9 | Ep. 65/100 - Step 100/273 (2.34 it/s) |#######             | - loss_cc=4.538 - loss_ce=2.097 - loss_ne=0.0164 - loss_div=0.000292 - threshold=0.998 - loss=6.652
/scratch/e0538389/DivClust/engine/trainer.py:41: FutureWarning: `torch.cuda.amp.autocast(args...)` is deprecated. Please use `torch.amp.autocast('cuda', args...)` instead.
  with autocast(self.mixed_precision):
[2026-03-30 12:22:05](logger.py 179): id=CC_FMNIST_C10CFG_K20_E100_DT_0_9 | Ep. 65/100 - Step 125/273 (2.33 it/s) |#########           | - loss_cc=4.539 - loss_ce=2.098 - loss_ne=0.0166 - loss_div=0.000234 - threshold=0.998 - loss=6.654
/scratch/e0538389/DivClust/engine/trainer.py:41: FutureWarning: `torch.cuda.amp.autocast(args...)` is deprecated. Please use `torch.amp.autocast('cuda', args...)` instead.
  with autocast(self.mixed_precision):
[2026-03-30 12:22:16](logger.py 179): id=CC_FMNIST_C10CFG_K20_E100_DT_0_9 | Ep. 65/100 - Step 150/273 (2.33 it/s) |##########          | - loss_cc=4.539 - loss_ce=2.098 - loss_ne=0.0166 - loss_div=0.000195 - threshold=0.999 - loss=6.653
/scratch/e0538389/DivClust/engine/trainer.py:41: FutureWarning: `torch.cuda.amp.autocast(args...)` is deprecated. Please use `torch.amp.autocast('cuda', args...)` instead.
  with autocast(self.mixed_precision):
[2026-03-30 12:22:27](logger.py 179): id=CC_FMNIST_C10CFG_K20_E100_DT_0_9 | Ep. 65/100 - Step 175/273 (2.32 it/s) |############        | - loss_cc=4.538 - loss_ce=2.097 - loss_ne=0.0169 - loss_div=0.000168 - threshold=0.999 - loss=6.653
/scratch/e0538389/DivClust/engine/trainer.py:41: FutureWarning: `torch.cuda.amp.autocast(args...)` is deprecated. Please use `torch.amp.autocast('cuda', args...)` instead.
  with autocast(self.mixed_precision):
/scratch/e0538389/DivClust/engine/trainer.py:41: FutureWarning: `torch.cuda.amp.autocast(args...)` is deprecated. Please use `torch.amp.autocast('cuda', args...)` instead.
  with autocast(self.mixed_precision):
[2026-03-30 12:22:38](logger.py 179): id=CC_FMNIST_C10CFG_K20_E100_DT_0_9 | Ep. 65/100 - Step 200/273 (2.32 it/s) |##############      | - loss_cc=4.538 - loss_ce=2.097 - loss_ne=0.0168 - loss_div=0.000147 - threshold=0.999 - loss=6.652
/scratch/e0538389/DivClust/engine/trainer.py:41: FutureWarning: `torch.cuda.amp.autocast(args...)` is deprecated. Please use `torch.amp.autocast('cuda', args...)` instead.
  with autocast(self.mixed_precision):
[2026-03-30 12:22:49](logger.py 179): id=CC_FMNIST_C10CFG_K20_E100_DT_0_9 | Ep. 65/100 - Step 225/273 (2.32 it/s) |################    | - loss_cc=4.537 - loss_ce=2.097 - loss_ne=0.0166 - loss_div=0.00013 - threshold=0.999 - loss=6.651
/scratch/e0538389/DivClust/engine/trainer.py:41: FutureWarning: `torch.cuda.amp.autocast(args...)` is deprecated. Please use `torch.amp.autocast('cuda', args...)` instead.
  with autocast(self.mixed_precision):
[2026-03-30 12:22:59](logger.py 179): id=CC_FMNIST_C10CFG_K20_E100_DT_0_9 | Ep. 65/100 - Step 250/273 (2.33 it/s) |##################  | - loss_cc=4.537 - loss_ce=2.097 - loss_ne=0.0165 - loss_div=0.000117 - threshold=0.999 - loss=6.651
/scratch/e0538389/DivClust/engine/trainer.py:41: FutureWarning: `torch.cuda.amp.autocast(args...)` is deprecated. Please use `torch.amp.autocast('cuda', args...)` instead.
  with autocast(self.mixed_precision):
[2026-03-30 12:23:09](logger.py 179): id=CC_FMNIST_C10CFG_K20_E100_DT_0_9 | Ep. 65/100 | Time: 00:01 | loss_cc=4.537 - loss_ce=2.097 - loss_ne=0.0163 - loss_div=0.000108 - threshold=0.999 - loss=6.65
[2026-03-30 12:23:11](logger.py 179): id=CC_FMNIST_C10CFG_K20_E100_DT_0_9 | Ep. 66/100 - Step 0/273 (0.0 it/s) |                    | - loss_cc=4.564 - loss_ce=2.109 - loss_ne=0.0186 - loss_div=0.0 - threshold=1.0 - loss=6.692
/scratch/e0538389/DivClust/engine/trainer.py:41: FutureWarning: `torch.cuda.amp.autocast(args...)` is deprecated. Please use `torch.amp.autocast('cuda', args...)` instead.
  with autocast(self.mixed_precision):
/scratch/e0538389/DivClust/engine/trainer.py:41: FutureWarning: `torch.cuda.amp.autocast(args...)` is deprecated. Please use `torch.amp.autocast('cuda', args...)` instead.
  with autocast(self.mixed_precision):
[2026-03-30 12:23:22](logger.py 179): id=CC_FMNIST_C10CFG_K20_E100_DT_0_9 | Ep. 66/100 - Step 25/273 (2.32 it/s) |#                   | - loss_cc=4.532 - loss_ce=2.095 - loss_ne=0.0189 - loss_div=0.00103 - threshold=0.992 - loss=6.647
/scratch/e0538389/DivClust/engine/trainer.py:41: FutureWarning: `torch.cuda.amp.autocast(args...)` is deprecated. Please use `torch.amp.autocast('cuda', args...)` instead.
  with autocast(self.mixed_precision):
[2026-03-30 12:23:32](logger.py 179): id=CC_FMNIST_C10CFG_K20_E100_DT_0_9 | Ep. 66/100 - Step 50/273 (2.34 it/s) |###                 | - loss_cc=4.538 - loss_ce=2.096 - loss_ne=0.0185 - loss_div=0.000527 - threshold=0.996 - loss=6.653
/scratch/e0538389/DivClust/engine/trainer.py:41: FutureWarning: `torch.cuda.amp.autocast(args...)` is deprecated. Please use `torch.amp.autocast('cuda', args...)` instead.
  with autocast(self.mixed_precision):
[2026-03-30 12:23:43](logger.py 179): id=CC_FMNIST_C10CFG_K20_E100_DT_0_9 | Ep. 66/100 - Step 75/273 (2.35 it/s) |#####               | - loss_cc=4.537 - loss_ce=2.096 - loss_ne=0.0174 - loss_div=0.000354 - threshold=0.997 - loss=6.65
/scratch/e0538389/DivClust/engine/trainer.py:41: FutureWarning: `torch.cuda.amp.autocast(args...)` is deprecated. Please use `torch.amp.autocast('cuda', args...)` instead.
  with autocast(self.mixed_precision):
[2026-03-30 12:23:53](logger.py 179): id=CC_FMNIST_C10CFG_K20_E100_DT_0_9 | Ep. 66/100 - Step 100/273 (2.36 it/s) |#######             | - loss_cc=4.538 - loss_ce=2.096 - loss_ne=0.0167 - loss_div=0.000266 - threshold=0.998 - loss=6.652
/scratch/e0538389/DivClust/engine/trainer.py:41: FutureWarning: `torch.cuda.amp.autocast(args...)` is deprecated. Please use `torch.amp.autocast('cuda', args...)` instead.
  with autocast(self.mixed_precision):
/scratch/e0538389/DivClust/engine/trainer.py:41: FutureWarning: `torch.cuda.amp.autocast(args...)` is deprecated. Please use `torch.amp.autocast('cuda', args...)` instead.
  with autocast(self.mixed_precision):
[2026-03-30 12:24:04](logger.py 179): id=CC_FMNIST_C10CFG_K20_E100_DT_0_9 | Ep. 66/100 - Step 125/273 (2.36 it/s) |#########           | - loss_cc=4.538 - loss_ce=2.097 - loss_ne=0.0167 - loss_div=0.000213 - threshold=0.998 - loss=6.652
/scratch/e0538389/DivClust/engine/trainer.py:41: FutureWarning: `torch.cuda.amp.autocast(args...)` is deprecated. Please use `torch.amp.autocast('cuda', args...)` instead.
  with autocast(self.mixed_precision):
[2026-03-30 12:24:15](logger.py 179): id=CC_FMNIST_C10CFG_K20_E100_DT_0_9 | Ep. 66/100 - Step 150/273 (2.36 it/s) |##########          | - loss_cc=4.537 - loss_ce=2.096 - loss_ne=0.0166 - loss_div=0.000178 - threshold=0.999 - loss=6.65
/scratch/e0538389/DivClust/engine/trainer.py:41: FutureWarning: `torch.cuda.amp.autocast(args...)` is deprecated. Please use `torch.amp.autocast('cuda', args...)` instead.
  with autocast(self.mixed_precision):
[2026-03-30 12:24:25](logger.py 179): id=CC_FMNIST_C10CFG_K20_E100_DT_0_9 | Ep. 66/100 - Step 175/273 (2.36 it/s) |############        | - loss_cc=4.537 - loss_ce=2.096 - loss_ne=0.0167 - loss_div=0.000153 - threshold=0.999 - loss=6.65
/scratch/e0538389/DivClust/engine/trainer.py:41: FutureWarning: `torch.cuda.amp.autocast(args...)` is deprecated. Please use `torch.amp.autocast('cuda', args...)` instead.
  with autocast(self.mixed_precision):
[2026-03-30 12:24:36](logger.py 179): id=CC_FMNIST_C10CFG_K20_E100_DT_0_9 | Ep. 66/100 - Step 200/273 (2.36 it/s) |##############      | - loss_cc=4.537 - loss_ce=2.096 - loss_ne=0.0165 - loss_div=0.000134 - threshold=0.999 - loss=6.649
/scratch/e0538389/DivClust/engine/trainer.py:41: FutureWarning: `torch.cuda.amp.autocast(args...)` is deprecated. Please use `torch.amp.autocast('cuda', args...)` instead.
  with autocast(self.mixed_precision):
/scratch/e0538389/DivClust/engine/trainer.py:41: FutureWarning: `torch.cuda.amp.autocast(args...)` is deprecated. Please use `torch.amp.autocast('cuda', args...)` instead.
  with autocast(self.mixed_precision):
[2026-03-30 12:24:47](logger.py 179): id=CC_FMNIST_C10CFG_K20_E100_DT_0_9 | Ep. 66/100 - Step 225/273 (2.35 it/s) |################    | - loss_cc=4.537 - loss_ce=2.096 - loss_ne=0.0164 - loss_div=0.000119 - threshold=0.999 - loss=6.65
/scratch/e0538389/DivClust/engine/trainer.py:41: FutureWarning: `torch.cuda.amp.autocast(args...)` is deprecated. Please use `torch.amp.autocast('cuda', args...)` instead.
  with autocast(self.mixed_precision):
[2026-03-30 12:24:57](logger.py 179): id=CC_FMNIST_C10CFG_K20_E100_DT_0_9 | Ep. 66/100 - Step 250/273 (2.35 it/s) |##################  | - loss_cc=4.537 - loss_ce=2.096 - loss_ne=0.0164 - loss_div=0.000107 - threshold=0.999 - loss=6.649
/scratch/e0538389/DivClust/engine/trainer.py:41: FutureWarning: `torch.cuda.amp.autocast(args...)` is deprecated. Please use `torch.amp.autocast('cuda', args...)` instead.
  with autocast(self.mixed_precision):
[2026-03-30 12:25:07](logger.py 179): id=CC_FMNIST_C10CFG_K20_E100_DT_0_9 | Ep. 66/100 | Time: 00:01 | loss_cc=4.537 - loss_ce=2.096 - loss_ne=0.0166 - loss_div=9.85e-05 - threshold=0.999 - loss=6.65
[2026-03-30 12:25:09](logger.py 179): id=CC_FMNIST_C10CFG_K20_E100_DT_0_9 | Ep. 67/100 - Step 0/273 (0.0 it/s) |                    | - loss_cc=4.545 - loss_ce=2.096 - loss_ne=0.016 - loss_div=0.0 - threshold=1.0 - loss=6.657
/scratch/e0538389/DivClust/engine/trainer.py:41: FutureWarning: `torch.cuda.amp.autocast(args...)` is deprecated. Please use `torch.amp.autocast('cuda', args...)` instead.
  with autocast(self.mixed_precision):
[2026-03-30 12:25:20](logger.py 179): id=CC_FMNIST_C10CFG_K20_E100_DT_0_9 | Ep. 67/100 - Step 25/273 (2.31 it/s) |#                   | - loss_cc=4.539 - loss_ce=2.099 - loss_ne=0.0137 - loss_div=0.0 - threshold=1.0 - loss=6.652
/scratch/e0538389/DivClust/engine/trainer.py:41: FutureWarning: `torch.cuda.amp.autocast(args...)` is deprecated. Please use `torch.amp.autocast('cuda', args...)` instead.
  with autocast(self.mixed_precision):
/scratch/e0538389/DivClust/engine/trainer.py:41: FutureWarning: `torch.cuda.amp.autocast(args...)` is deprecated. Please use `torch.amp.autocast('cuda', args...)` instead.
  with autocast(self.mixed_precision):
[2026-03-30 12:25:31](logger.py 179): id=CC_FMNIST_C10CFG_K20_E100_DT_0_9 | Ep. 67/100 - Step 50/273 (2.26 it/s) |###                 | - loss_cc=4.536 - loss_ce=2.096 - loss_ne=0.0135 - loss_div=0.000182 - threshold=1.0 - loss=6.646
/scratch/e0538389/DivClust/engine/trainer.py:41: FutureWarning: `torch.cuda.amp.autocast(args...)` is deprecated. Please use `torch.amp.autocast('cuda', args...)` instead.
  with autocast(self.mixed_precision):
[2026-03-30 12:25:42](logger.py 179): id=CC_FMNIST_C10CFG_K20_E100_DT_0_9 | Ep. 67/100 - Step 75/273 (2.28 it/s) |#####               | - loss_cc=4.536 - loss_ce=2.096 - loss_ne=0.0141 - loss_div=0.000285 - threshold=0.997 - loss=6.647
/scratch/e0538389/DivClust/engine/trainer.py:41: FutureWarning: `torch.cuda.amp.autocast(args...)` is deprecated. Please use `torch.amp.autocast('cuda', args...)` instead.
  with autocast(self.mixed_precision):
[2026-03-30 12:25:53](logger.py 179): id=CC_FMNIST_C10CFG_K20_E100_DT_0_9 | Ep. 67/100 - Step 100/273 (2.29 it/s) |#######             | - loss_cc=4.535 - loss_ce=2.096 - loss_ne=0.0146 - loss_div=0.000215 - threshold=0.998 - loss=6.646
/scratch/e0538389/DivClust/engine/trainer.py:41: FutureWarning: `torch.cuda.amp.autocast(args...)` is deprecated. Please use `torch.amp.autocast('cuda', args...)` instead.
  with autocast(self.mixed_precision):
[2026-03-30 12:26:04](logger.py 179): id=CC_FMNIST_C10CFG_K20_E100_DT_0_9 | Ep. 67/100 - Step 125/273 (2.29 it/s) |#########           | - loss_cc=4.535 - loss_ce=2.096 - loss_ne=0.0147 - loss_div=0.000172 - threshold=0.998 - loss=6.646
/scratch/e0538389/DivClust/engine/trainer.py:41: FutureWarning: `torch.cuda.amp.autocast(args...)` is deprecated. Please use `torch.amp.autocast('cuda', args...)` instead.
  with autocast(self.mixed_precision):
/scratch/e0538389/DivClust/engine/trainer.py:41: FutureWarning: `torch.cuda.amp.autocast(args...)` is deprecated. Please use `torch.amp.autocast('cuda', args...)` instead.
  with autocast(self.mixed_precision):
[2026-03-30 12:26:15](logger.py 179): id=CC_FMNIST_C10CFG_K20_E100_DT_0_9 | Ep. 67/100 - Step 150/273 (2.29 it/s) |##########          | - loss_cc=4.536 - loss_ce=2.096 - loss_ne=0.015 - loss_div=0.000144 - threshold=0.999 - loss=6.648
/scratch/e0538389/DivClust/engine/trainer.py:41: FutureWarning: `torch.cuda.amp.autocast(args...)` is deprecated. Please use `torch.amp.autocast('cuda', args...)` instead.
  with autocast(self.mixed_precision):
[2026-03-30 12:26:25](logger.py 179): id=CC_FMNIST_C10CFG_K20_E100_DT_0_9 | Ep. 67/100 - Step 175/273 (2.3 it/s) |############        | - loss_cc=4.536 - loss_ce=2.096 - loss_ne=0.015 - loss_div=0.000123 - threshold=0.999 - loss=6.647
/scratch/e0538389/DivClust/engine/trainer.py:41: FutureWarning: `torch.cuda.amp.autocast(args...)` is deprecated. Please use `torch.amp.autocast('cuda', args...)` instead.
  with autocast(self.mixed_precision):
[2026-03-30 12:26:36](logger.py 179): id=CC_FMNIST_C10CFG_K20_E100_DT_0_9 | Ep. 67/100 - Step 200/273 (2.31 it/s) |##############      | - loss_cc=4.537 - loss_ce=2.096 - loss_ne=0.0151 - loss_div=0.000108 - threshold=0.999 - loss=6.648
/scratch/e0538389/DivClust/engine/trainer.py:41: FutureWarning: `torch.cuda.amp.autocast(args...)` is deprecated. Please use `torch.amp.autocast('cuda', args...)` instead.
  with autocast(self.mixed_precision):
[2026-03-30 12:26:47](logger.py 179): id=CC_FMNIST_C10CFG_K20_E100_DT_0_9 | Ep. 67/100 - Step 225/273 (2.31 it/s) |################    | - loss_cc=4.538 - loss_ce=2.096 - loss_ne=0.015 - loss_div=9.59e-05 - threshold=0.999 - loss=6.649
/scratch/e0538389/DivClust/engine/trainer.py:41: FutureWarning: `torch.cuda.amp.autocast(args...)` is deprecated. Please use `torch.amp.autocast('cuda', args...)` instead.
  with autocast(self.mixed_precision):
/scratch/e0538389/DivClust/engine/trainer.py:41: FutureWarning: `torch.cuda.amp.autocast(args...)` is deprecated. Please use `torch.amp.autocast('cuda', args...)` instead.
  with autocast(self.mixed_precision):
[2026-03-30 12:26:58](logger.py 179): id=CC_FMNIST_C10CFG_K20_E100_DT_0_9 | Ep. 67/100 - Step 250/273 (2.31 it/s) |##################  | - loss_cc=4.537 - loss_ce=2.097 - loss_ne=0.015 - loss_div=0.000151 - threshold=0.998 - loss=6.649
/scratch/e0538389/DivClust/engine/trainer.py:41: FutureWarning: `torch.cuda.amp.autocast(args...)` is deprecated. Please use `torch.amp.autocast('cuda', args...)` instead.
  with autocast(self.mixed_precision):
[2026-03-30 12:27:07](logger.py 179): id=CC_FMNIST_C10CFG_K20_E100_DT_0_9 | Ep. 67/100 | Time: 00:01 | loss_cc=4.538 - loss_ce=2.097 - loss_ne=0.0152 - loss_div=0.000139 - threshold=0.999 - loss=6.65
[2026-03-30 12:27:09](logger.py 179): id=CC_FMNIST_C10CFG_K20_E100_DT_0_9 | Ep. 68/100 - Step 0/273 (0.0 it/s) |                    | - loss_cc=4.497 - loss_ce=2.085 - loss_ne=0.02 - loss_div=0.0 - threshold=1.0 - loss=6.601
/scratch/e0538389/DivClust/engine/trainer.py:41: FutureWarning: `torch.cuda.amp.autocast(args...)` is deprecated. Please use `torch.amp.autocast('cuda', args...)` instead.
  with autocast(self.mixed_precision):
[2026-03-30 12:27:20](logger.py 179): id=CC_FMNIST_C10CFG_K20_E100_DT_0_9 | Ep. 68/100 - Step 25/273 (2.31 it/s) |#                   | - loss_cc=4.532 - loss_ce=2.096 - loss_ne=0.0147 - loss_div=0.0 - threshold=1.0 - loss=6.643
/scratch/e0538389/DivClust/engine/trainer.py:41: FutureWarning: `torch.cuda.amp.autocast(args...)` is deprecated. Please use `torch.amp.autocast('cuda', args...)` instead.
  with autocast(self.mixed_precision):
[2026-03-30 12:27:30](logger.py 179): id=CC_FMNIST_C10CFG_K20_E100_DT_0_9 | Ep. 68/100 - Step 50/273 (2.35 it/s) |###                 | - loss_cc=4.536 - loss_ce=2.098 - loss_ne=0.0152 - loss_div=0.0 - threshold=1.0 - loss=6.649
/scratch/e0538389/DivClust/engine/trainer.py:41: FutureWarning: `torch.cuda.amp.autocast(args...)` is deprecated. Please use `torch.amp.autocast('cuda', args...)` instead.
  with autocast(self.mixed_precision):
[2026-03-30 12:27:41](logger.py 179): id=CC_FMNIST_C10CFG_K20_E100_DT_0_9 | Ep. 68/100 - Step 75/273 (2.36 it/s) |#####               | - loss_cc=4.533 - loss_ce=2.096 - loss_ne=0.0155 - loss_div=0.0 - threshold=1.0 - loss=6.645
/scratch/e0538389/DivClust/engine/trainer.py:41: FutureWarning: `torch.cuda.amp.autocast(args...)` is deprecated. Please use `torch.amp.autocast('cuda', args...)` instead.
  with autocast(self.mixed_precision):
/scratch/e0538389/DivClust/engine/trainer.py:41: FutureWarning: `torch.cuda.amp.autocast(args...)` is deprecated. Please use `torch.amp.autocast('cuda', args...)` instead.
  with autocast(self.mixed_precision):
[2026-03-30 12:27:51](logger.py 179): id=CC_FMNIST_C10CFG_K20_E100_DT_0_9 | Ep. 68/100 - Step 100/273 (2.35 it/s) |#######             | - loss_cc=4.535 - loss_ce=2.097 - loss_ne=0.0153 - loss_div=0.0 - threshold=1.0 - loss=6.647
/scratch/e0538389/DivClust/engine/trainer.py:41: FutureWarning: `torch.cuda.amp.autocast(args...)` is deprecated. Please use `torch.amp.autocast('cuda', args...)` instead.
  with autocast(self.mixed_precision):
[2026-03-30 12:28:02](logger.py 179): id=CC_FMNIST_C10CFG_K20_E100_DT_0_9 | Ep. 68/100 - Step 125/273 (2.36 it/s) |#########           | - loss_cc=4.534 - loss_ce=2.097 - loss_ne=0.0155 - loss_div=0.0 - threshold=1.0 - loss=6.646
/scratch/e0538389/DivClust/engine/trainer.py:41: FutureWarning: `torch.cuda.amp.autocast(args...)` is deprecated. Please use `torch.amp.autocast('cuda', args...)` instead.
  with autocast(self.mixed_precision):
[2026-03-30 12:28:12](logger.py 179): id=CC_FMNIST_C10CFG_K20_E100_DT_0_9 | Ep. 68/100 - Step 150/273 (2.36 it/s) |##########          | - loss_cc=4.533 - loss_ce=2.096 - loss_ne=0.0158 - loss_div=0.0 - threshold=1.0 - loss=6.645
/scratch/e0538389/DivClust/engine/trainer.py:41: FutureWarning: `torch.cuda.amp.autocast(args...)` is deprecated. Please use `torch.amp.autocast('cuda', args...)` instead.
  with autocast(self.mixed_precision):
[2026-03-30 12:28:23](logger.py 179): id=CC_FMNIST_C10CFG_K20_E100_DT_0_9 | Ep. 68/100 - Step 175/273 (2.36 it/s) |############        | - loss_cc=4.534 - loss_ce=2.096 - loss_ne=0.0158 - loss_div=0.0 - threshold=1.0 - loss=6.646
/scratch/e0538389/DivClust/engine/trainer.py:41: FutureWarning: `torch.cuda.amp.autocast(args...)` is deprecated. Please use `torch.amp.autocast('cuda', args...)` instead.
  with autocast(self.mixed_precision):
/scratch/e0538389/DivClust/engine/trainer.py:41: FutureWarning: `torch.cuda.amp.autocast(args...)` is deprecated. Please use `torch.amp.autocast('cuda', args...)` instead.
  with autocast(self.mixed_precision):
[2026-03-30 12:28:34](logger.py 179): id=CC_FMNIST_C10CFG_K20_E100_DT_0_9 | Ep. 68/100 - Step 200/273 (2.34 it/s) |##############      | - loss_cc=4.533 - loss_ce=2.096 - loss_ne=0.0159 - loss_div=0.0 - threshold=1.0 - loss=6.645
/scratch/e0538389/DivClust/engine/trainer.py:41: FutureWarning: `torch.cuda.amp.autocast(args...)` is deprecated. Please use `torch.amp.autocast('cuda', args...)` instead.
  with autocast(self.mixed_precision):
[2026-03-30 12:28:45](logger.py 179): id=CC_FMNIST_C10CFG_K20_E100_DT_0_9 | Ep. 68/100 - Step 225/273 (2.34 it/s) |################    | - loss_cc=4.535 - loss_ce=2.096 - loss_ne=0.0161 - loss_div=0.000169 - threshold=1.0 - loss=6.647
/scratch/e0538389/DivClust/engine/trainer.py:41: FutureWarning: `torch.cuda.amp.autocast(args...)` is deprecated. Please use `torch.amp.autocast('cuda', args...)` instead.
  with autocast(self.mixed_precision):
[2026-03-30 12:28:56](logger.py 179): id=CC_FMNIST_C10CFG_K20_E100_DT_0_9 | Ep. 68/100 - Step 250/273 (2.34 it/s) |##################  | - loss_cc=4.535 - loss_ce=2.096 - loss_ne=0.016 - loss_div=0.000154 - threshold=0.999 - loss=6.647
/scratch/e0538389/DivClust/engine/trainer.py:41: FutureWarning: `torch.cuda.amp.autocast(args...)` is deprecated. Please use `torch.amp.autocast('cuda', args...)` instead.
  with autocast(self.mixed_precision):
[2026-03-30 12:29:05](logger.py 179): id=CC_FMNIST_C10CFG_K20_E100_DT_0_9 | Ep. 68/100 | Time: 00:01 | loss_cc=4.534 - loss_ce=2.096 - loss_ne=0.016 - loss_div=0.000142 - threshold=0.999 - loss=6.646
[2026-03-30 12:29:08](logger.py 179): id=CC_FMNIST_C10CFG_K20_E100_DT_0_9 | Ep. 69/100 - Step 0/273 (0.0 it/s) |                    | - loss_cc=4.549 - loss_ce=2.101 - loss_ne=0.0212 - loss_div=0.0 - threshold=1.0 - loss=6.672
/scratch/e0538389/DivClust/engine/trainer.py:41: FutureWarning: `torch.cuda.amp.autocast(args...)` is deprecated. Please use `torch.amp.autocast('cuda', args...)` instead.
  with autocast(self.mixed_precision):
/scratch/e0538389/DivClust/engine/trainer.py:41: FutureWarning: `torch.cuda.amp.autocast(args...)` is deprecated. Please use `torch.amp.autocast('cuda', args...)` instead.
  with autocast(self.mixed_precision):
[2026-03-30 12:29:19](logger.py 179): id=CC_FMNIST_C10CFG_K20_E100_DT_0_9 | Ep. 69/100 - Step 25/273 (2.21 it/s) |#                   | - loss_cc=4.539 - loss_ce=2.096 - loss_ne=0.0135 - loss_div=0.0 - threshold=1.0 - loss=6.649
/scratch/e0538389/DivClust/engine/trainer.py:41: FutureWarning: `torch.cuda.amp.autocast(args...)` is deprecated. Please use `torch.amp.autocast('cuda', args...)` instead.
  with autocast(self.mixed_precision):
[2026-03-30 12:29:30](logger.py 179): id=CC_FMNIST_C10CFG_K20_E100_DT_0_9 | Ep. 69/100 - Step 50/273 (2.27 it/s) |###                 | - loss_cc=4.541 - loss_ce=2.097 - loss_ne=0.0137 - loss_div=0.0 - threshold=1.0 - loss=6.652
/scratch/e0538389/DivClust/engine/trainer.py:41: FutureWarning: `torch.cuda.amp.autocast(args...)` is deprecated. Please use `torch.amp.autocast('cuda', args...)` instead.
  with autocast(self.mixed_precision):
[2026-03-30 12:29:41](logger.py 179): id=CC_FMNIST_C10CFG_K20_E100_DT_0_9 | Ep. 69/100 - Step 75/273 (2.28 it/s) |#####               | - loss_cc=4.541 - loss_ce=2.098 - loss_ne=0.0146 - loss_div=0.0 - threshold=1.0 - loss=6.653
/scratch/e0538389/DivClust/engine/trainer.py:41: FutureWarning: `torch.cuda.amp.autocast(args...)` is deprecated. Please use `torch.amp.autocast('cuda', args...)` instead.
  with autocast(self.mixed_precision):
[2026-03-30 12:29:52](logger.py 179): id=CC_FMNIST_C10CFG_K20_E100_DT_0_9 | Ep. 69/100 - Step 100/273 (2.3 it/s) |#######             | - loss_cc=4.539 - loss_ce=2.097 - loss_ne=0.0142 - loss_div=0.0 - threshold=1.0 - loss=6.65
/scratch/e0538389/DivClust/engine/trainer.py:41: FutureWarning: `torch.cuda.amp.autocast(args...)` is deprecated. Please use `torch.amp.autocast('cuda', args...)` instead.
  with autocast(self.mixed_precision):
/scratch/e0538389/DivClust/engine/trainer.py:41: FutureWarning: `torch.cuda.amp.autocast(args...)` is deprecated. Please use `torch.amp.autocast('cuda', args...)` instead.
  with autocast(self.mixed_precision):
[2026-03-30 12:30:02](logger.py 179): id=CC_FMNIST_C10CFG_K20_E100_DT_0_9 | Ep. 69/100 - Step 125/273 (2.3 it/s) |#########           | - loss_cc=4.538 - loss_ce=2.097 - loss_ne=0.0146 - loss_div=0.0 - threshold=1.0 - loss=6.65
/scratch/e0538389/DivClust/engine/trainer.py:41: FutureWarning: `torch.cuda.amp.autocast(args...)` is deprecated. Please use `torch.amp.autocast('cuda', args...)` instead.
  with autocast(self.mixed_precision):
[2026-03-30 12:30:13](logger.py 179): id=CC_FMNIST_C10CFG_K20_E100_DT_0_9 | Ep. 69/100 - Step 150/273 (2.31 it/s) |##########          | - loss_cc=4.537 - loss_ce=2.097 - loss_ne=0.0146 - loss_div=0.0 - threshold=1.0 - loss=6.649
/scratch/e0538389/DivClust/engine/trainer.py:41: FutureWarning: `torch.cuda.amp.autocast(args...)` is deprecated. Please use `torch.amp.autocast('cuda', args...)` instead.
  with autocast(self.mixed_precision):
[2026-03-30 12:30:24](logger.py 179): id=CC_FMNIST_C10CFG_K20_E100_DT_0_9 | Ep. 69/100 - Step 175/273 (2.32 it/s) |############        | - loss_cc=4.538 - loss_ce=2.097 - loss_ne=0.0147 - loss_div=0.0 - threshold=1.0 - loss=6.649
/scratch/e0538389/DivClust/engine/trainer.py:41: FutureWarning: `torch.cuda.amp.autocast(args...)` is deprecated. Please use `torch.amp.autocast('cuda', args...)` instead.
  with autocast(self.mixed_precision):
[2026-03-30 12:30:34](logger.py 179): id=CC_FMNIST_C10CFG_K20_E100_DT_0_9 | Ep. 69/100 - Step 200/273 (2.33 it/s) |##############      | - loss_cc=4.537 - loss_ce=2.097 - loss_ne=0.0149 - loss_div=0.0 - threshold=1.0 - loss=6.649
/scratch/e0538389/DivClust/engine/trainer.py:41: FutureWarning: `torch.cuda.amp.autocast(args...)` is deprecated. Please use `torch.amp.autocast('cuda', args...)` instead.
  with autocast(self.mixed_precision):
/scratch/e0538389/DivClust/engine/trainer.py:41: FutureWarning: `torch.cuda.amp.autocast(args...)` is deprecated. Please use `torch.amp.autocast('cuda', args...)` instead.
  with autocast(self.mixed_precision):
[2026-03-30 12:30:45](logger.py 179): id=CC_FMNIST_C10CFG_K20_E100_DT_0_9 | Ep. 69/100 - Step 225/273 (2.32 it/s) |################    | - loss_cc=4.537 - loss_ce=2.097 - loss_ne=0.0148 - loss_div=9.58e-05 - threshold=0.999 - loss=6.648
/scratch/e0538389/DivClust/engine/trainer.py:41: FutureWarning: `torch.cuda.amp.autocast(args...)` is deprecated. Please use `torch.amp.autocast('cuda', args...)` instead.
  with autocast(self.mixed_precision):
[2026-03-30 12:30:56](logger.py 179): id=CC_FMNIST_C10CFG_K20_E100_DT_0_9 | Ep. 69/100 - Step 250/273 (2.32 it/s) |##################  | - loss_cc=4.536 - loss_ce=2.096 - loss_ne=0.0147 - loss_div=8.63e-05 - threshold=0.999 - loss=6.648
/scratch/e0538389/DivClust/engine/trainer.py:41: FutureWarning: `torch.cuda.amp.autocast(args...)` is deprecated. Please use `torch.amp.autocast('cuda', args...)` instead.
  with autocast(self.mixed_precision):
[2026-03-30 12:31:05](logger.py 179): id=CC_FMNIST_C10CFG_K20_E100_DT_0_9 | Ep. 69/100 | Time: 00:01 | loss_cc=4.536 - loss_ce=2.096 - loss_ne=0.0146 - loss_div=7.93e-05 - threshold=0.999 - loss=6.647
[2026-03-30 12:31:07](logger.py 179): id=CC_FMNIST_C10CFG_K20_E100_DT_0_9 | Ep. 70/100 - Step 0/273 (0.0 it/s) |                    | - loss_cc=4.514 - loss_ce=2.09 - loss_ne=0.00892 - loss_div=0.0 - threshold=1.0 - loss=6.612
/scratch/e0538389/DivClust/engine/trainer.py:41: FutureWarning: `torch.cuda.amp.autocast(args...)` is deprecated. Please use `torch.amp.autocast('cuda', args...)` instead.
  with autocast(self.mixed_precision):
[2026-03-30 12:31:18](logger.py 179): id=CC_FMNIST_C10CFG_K20_E100_DT_0_9 | Ep. 70/100 - Step 25/273 (2.31 it/s) |#                   | - loss_cc=4.537 - loss_ce=2.098 - loss_ne=0.0155 - loss_div=0.0 - threshold=1.0 - loss=6.65
/scratch/e0538389/DivClust/engine/trainer.py:41: FutureWarning: `torch.cuda.amp.autocast(args...)` is deprecated. Please use `torch.amp.autocast('cuda', args...)` instead.
  with autocast(self.mixed_precision):
[2026-03-30 12:31:29](logger.py 179): id=CC_FMNIST_C10CFG_K20_E100_DT_0_9 | Ep. 70/100 - Step 50/273 (2.27 it/s) |###                 | - loss_cc=4.536 - loss_ce=2.098 - loss_ne=0.0149 - loss_div=0.0 - threshold=1.0 - loss=6.65
/scratch/e0538389/DivClust/engine/trainer.py:41: FutureWarning: `torch.cuda.amp.autocast(args...)` is deprecated. Please use `torch.amp.autocast('cuda', args...)` instead.
  with autocast(self.mixed_precision):
/scratch/e0538389/DivClust/engine/trainer.py:41: FutureWarning: `torch.cuda.amp.autocast(args...)` is deprecated. Please use `torch.amp.autocast('cuda', args...)` instead.
  with autocast(self.mixed_precision):
[2026-03-30 12:31:40](logger.py 179): id=CC_FMNIST_C10CFG_K20_E100_DT_0_9 | Ep. 70/100 - Step 75/273 (2.29 it/s) |#####               | - loss_cc=4.536 - loss_ce=2.098 - loss_ne=0.0157 - loss_div=0.0 - threshold=1.0 - loss=6.65
/scratch/e0538389/DivClust/engine/trainer.py:41: FutureWarning: `torch.cuda.amp.autocast(args...)` is deprecated. Please use `torch.amp.autocast('cuda', args...)` instead.
  with autocast(self.mixed_precision):
[2026-03-30 12:31:51](logger.py 179): id=CC_FMNIST_C10CFG_K20_E100_DT_0_9 | Ep. 70/100 - Step 100/273 (2.3 it/s) |#######             | - loss_cc=4.535 - loss_ce=2.097 - loss_ne=0.0149 - loss_div=0.0 - threshold=1.0 - loss=6.647
/scratch/e0538389/DivClust/engine/trainer.py:41: FutureWarning: `torch.cuda.amp.autocast(args...)` is deprecated. Please use `torch.amp.autocast('cuda', args...)` instead.
  with autocast(self.mixed_precision):
[2026-03-30 12:32:02](logger.py 179): id=CC_FMNIST_C10CFG_K20_E100_DT_0_9 | Ep. 70/100 - Step 125/273 (2.31 it/s) |#########           | - loss_cc=4.534 - loss_ce=2.097 - loss_ne=0.0149 - loss_div=0.0 - threshold=1.0 - loss=6.646
/scratch/e0538389/DivClust/engine/trainer.py:41: FutureWarning: `torch.cuda.amp.autocast(args...)` is deprecated. Please use `torch.amp.autocast('cuda', args...)` instead.
  with autocast(self.mixed_precision):
[2026-03-30 12:32:13](logger.py 179): id=CC_FMNIST_C10CFG_K20_E100_DT_0_9 | Ep. 70/100 - Step 150/273 (2.29 it/s) |##########          | - loss_cc=4.534 - loss_ce=2.096 - loss_ne=0.0148 - loss_div=0.0 - threshold=1.0 - loss=6.646
/scratch/e0538389/DivClust/engine/trainer.py:41: FutureWarning: `torch.cuda.amp.autocast(args...)` is deprecated. Please use `torch.amp.autocast('cuda', args...)` instead.
  with autocast(self.mixed_precision):
/scratch/e0538389/DivClust/engine/trainer.py:41: FutureWarning: `torch.cuda.amp.autocast(args...)` is deprecated. Please use `torch.amp.autocast('cuda', args...)` instead.
  with autocast(self.mixed_precision):
[2026-03-30 12:32:24](logger.py 179): id=CC_FMNIST_C10CFG_K20_E100_DT_0_9 | Ep. 70/100 - Step 175/273 (2.3 it/s) |############        | - loss_cc=4.534 - loss_ce=2.097 - loss_ne=0.015 - loss_div=0.0 - threshold=1.0 - loss=6.646
/scratch/e0538389/DivClust/engine/trainer.py:41: FutureWarning: `torch.cuda.amp.autocast(args...)` is deprecated. Please use `torch.amp.autocast('cuda', args...)` instead.
  with autocast(self.mixed_precision):
[2026-03-30 12:32:34](logger.py 179): id=CC_FMNIST_C10CFG_K20_E100_DT_0_9 | Ep. 70/100 - Step 200/273 (2.3 it/s) |##############      | - loss_cc=4.534 - loss_ce=2.097 - loss_ne=0.0149 - loss_div=0.0 - threshold=1.0 - loss=6.646
/scratch/e0538389/DivClust/engine/trainer.py:41: FutureWarning: `torch.cuda.amp.autocast(args...)` is deprecated. Please use `torch.amp.autocast('cuda', args...)` instead.
  with autocast(self.mixed_precision):
[2026-03-30 12:32:45](logger.py 179): id=CC_FMNIST_C10CFG_K20_E100_DT_0_9 | Ep. 70/100 - Step 225/273 (2.31 it/s) |################    | - loss_cc=4.535 - loss_ce=2.097 - loss_ne=0.0148 - loss_div=0.0 - threshold=1.0 - loss=6.647
/scratch/e0538389/DivClust/engine/trainer.py:41: FutureWarning: `torch.cuda.amp.autocast(args...)` is deprecated. Please use `torch.amp.autocast('cuda', args...)` instead.
  with autocast(self.mixed_precision):
[2026-03-30 12:32:56](logger.py 179): id=CC_FMNIST_C10CFG_K20_E100_DT_0_9 | Ep. 70/100 - Step 250/273 (2.31 it/s) |##################  | - loss_cc=4.536 - loss_ce=2.097 - loss_ne=0.0151 - loss_div=1.91e-05 - threshold=1.0 - loss=6.648
/scratch/e0538389/DivClust/engine/trainer.py:41: FutureWarning: `torch.cuda.amp.autocast(args...)` is deprecated. Please use `torch.amp.autocast('cuda', args...)` instead.
  with autocast(self.mixed_precision):
/scratch/e0538389/DivClust/engine/trainer.py:41: FutureWarning: `torch.cuda.amp.autocast(args...)` is deprecated. Please use `torch.amp.autocast('cuda', args...)` instead.
  with autocast(self.mixed_precision):
[2026-03-30 12:33:05](logger.py 179): Evaluating
[2026-03-30 12:33:06](logger.py 179): Eval. step 0 of 274
[2026-03-30 12:33:08](logger.py 179): Eval. step 25 of 274
[2026-03-30 12:33:10](logger.py 179): Eval. step 50 of 274
[2026-03-30 12:33:13](logger.py 179): Eval. step 75 of 274
[2026-03-30 12:33:15](logger.py 179): Eval. step 100 of 274
[2026-03-30 12:33:17](logger.py 179): Eval. step 125 of 274
[2026-03-30 12:33:20](logger.py 179): Eval. step 150 of 274
[2026-03-30 12:33:22](logger.py 179): Eval. step 175 of 274
[2026-03-30 12:33:24](logger.py 179): Eval. step 200 of 274
[2026-03-30 12:33:27](logger.py 179): Eval. step 225 of 274
[2026-03-30 12:33:29](logger.py 179): Eval. step 250 of 274
[2026-03-30 12:33:33](logger.py 179): id=CC_FMNIST_C10CFG_K20_E100_DT_0_9 | Ep. 70/100 | Time: 00:02 | loss_cc=4.536 - loss_ce=2.097 - loss_ne=0.0153 - loss_div=7.79e-05 - threshold=0.999 - loss=6.648 - eval_confidence=0.898 - cluster_acc_0_eval=64.28 - cluster_nmi_0_eval=0.622 - cluster_ari_0_eval=0.518 - cluster_acc_1_eval=64.72 - cluster_nmi_1_eval=0.637 - cluster_ari_1_eval=0.538 - cluster_acc_2_eval=64.95 - cluster_nmi_2_eval=0.638 - cluster_ari_2_eval=0.541 - cluster_acc_3_eval=65.01 - cluster_nmi_3_eval=0.627 - cluster_ari_3_eval=0.525 - cluster_acc_4_eval=63.49 - cluster_nmi_4_eval=0.628 - cluster_ari_4_eval=0.526 - cluster_acc_5_eval=63.98 - cluster_nmi_5_eval=0.622 - cluster_ari_5_eval=0.517 - cluster_acc_6_eval=65.53 - cluster_nmi_6_eval=0.636 - cluster_ari_6_eval=0.539 - cluster_acc_7_eval=63.8 - cluster_nmi_7_eval=0.636 - cluster_ari_7_eval=0.54 - cluster_acc_8_eval=65.51 - cluster_nmi_8_eval=0.627 - cluster_ari_8_eval=0.525 - cluster_acc_9_eval=64.57 - cluster_nmi_9_eval=0.63 - cluster_ari_9_eval=0.533 - cluster_acc_10_eval=65.8 - cluster_nmi_10_eval=0.635 - cluster_ari_10_eval=0.54 - cluster_acc_11_eval=65.54 - cluster_nmi_11_eval=0.634 - cluster_ari_11_eval=0.536 - cluster_acc_12_eval=65.02 - cluster_nmi_12_eval=0.636 - cluster_ari_12_eval=0.54 - cluster_acc_13_eval=66.65 - cluster_nmi_13_eval=0.633 - cluster_ari_13_eval=0.533 - cluster_acc_14_eval=66.61 - cluster_nmi_14_eval=0.641 - cluster_ari_14_eval=0.545 - cluster_acc_15_eval=64.49 - cluster_nmi_15_eval=0.633 - cluster_ari_15_eval=0.535 - cluster_acc_16_eval=66.11 - cluster_nmi_16_eval=0.634 - cluster_ari_16_eval=0.538 - cluster_acc_17_eval=64.34 - cluster_nmi_17_eval=0.626 - cluster_ari_17_eval=0.528 - cluster_acc_18_eval=63.91 - cluster_nmi_18_eval=0.622 - cluster_ari_18_eval=0.518 - cluster_acc_19_eval=64.33 - cluster_nmi_19_eval=0.624 - cluster_ari_19_eval=0.528 - max_cluster_acc_eval=66.65 - mean_cluster_acc_eval=64.93 - min_cluster_acc_eval=63.49 - max_cluster_nmi_eval=0.641 - mean_cluster_nmi_eval=0.631 - min_cluster_nmi_eval=0.622 - max_cluster_ari_eval=0.545 - mean_cluster_ari_eval=0.532 - min_cluster_ari_eval=0.517 - interclustering_nmi_eval=0.874
/scratch/e0538389/DivClust/engine/trainer.py:41: FutureWarning: `torch.cuda.amp.autocast(args...)` is deprecated. Please use `torch.amp.autocast('cuda', args...)` instead.
  with autocast(self.mixed_precision):
[2026-03-30 12:33:35](logger.py 179): id=CC_FMNIST_C10CFG_K20_E100_DT_0_9 | Ep. 71/100 - Step 0/273 (0.0 it/s) |                    | - loss_cc=4.554 - loss_ce=2.097 - loss_ne=0.00907 - loss_div=0.0 - threshold=1.0 - loss=6.66
/scratch/e0538389/DivClust/engine/trainer.py:41: FutureWarning: `torch.cuda.amp.autocast(args...)` is deprecated. Please use `torch.amp.autocast('cuda', args...)` instead.
  with autocast(self.mixed_precision):
[2026-03-30 12:33:46](logger.py 179): id=CC_FMNIST_C10CFG_K20_E100_DT_0_9 | Ep. 71/100 - Step 25/273 (2.28 it/s) |#                   | - loss_cc=4.542 - loss_ce=2.098 - loss_ne=0.0135 - loss_div=0.0 - threshold=1.0 - loss=6.654
/scratch/e0538389/DivClust/engine/trainer.py:41: FutureWarning: `torch.cuda.amp.autocast(args...)` is deprecated. Please use `torch.amp.autocast('cuda', args...)` instead.
  with autocast(self.mixed_precision):
[2026-03-30 12:33:57](logger.py 179): id=CC_FMNIST_C10CFG_K20_E100_DT_0_9 | Ep. 71/100 - Step 50/273 (2.3 it/s) |###                 | - loss_cc=4.536 - loss_ce=2.096 - loss_ne=0.0135 - loss_div=0.0 - threshold=1.0 - loss=6.645
/scratch/e0538389/DivClust/engine/trainer.py:41: FutureWarning: `torch.cuda.amp.autocast(args...)` is deprecated. Please use `torch.amp.autocast('cuda', args...)` instead.
  with autocast(self.mixed_precision):
[2026-03-30 12:34:07](logger.py 179): id=CC_FMNIST_C10CFG_K20_E100_DT_0_9 | Ep. 71/100 - Step 75/273 (2.32 it/s) |#####               | - loss_cc=4.533 - loss_ce=2.095 - loss_ne=0.0135 - loss_div=0.0 - threshold=1.0 - loss=6.642
/scratch/e0538389/DivClust/engine/trainer.py:41: FutureWarning: `torch.cuda.amp.autocast(args...)` is deprecated. Please use `torch.amp.autocast('cuda', args...)` instead.
  with autocast(self.mixed_precision):
/scratch/e0538389/DivClust/engine/trainer.py:41: FutureWarning: `torch.cuda.amp.autocast(args...)` is deprecated. Please use `torch.amp.autocast('cuda', args...)` instead.
  with autocast(self.mixed_precision):
[2026-03-30 12:34:18](logger.py 179): id=CC_FMNIST_C10CFG_K20_E100_DT_0_9 | Ep. 71/100 - Step 100/273 (2.31 it/s) |#######             | - loss_cc=4.532 - loss_ce=2.095 - loss_ne=0.0138 - loss_div=0.0 - threshold=1.0 - loss=6.641
/scratch/e0538389/DivClust/engine/trainer.py:41: FutureWarning: `torch.cuda.amp.autocast(args...)` is deprecated. Please use `torch.amp.autocast('cuda', args...)` instead.
  with autocast(self.mixed_precision):
[2026-03-30 12:34:29](logger.py 179): id=CC_FMNIST_C10CFG_K20_E100_DT_0_9 | Ep. 71/100 - Step 125/273 (2.31 it/s) |#########           | - loss_cc=4.531 - loss_ce=2.094 - loss_ne=0.0141 - loss_div=0.0 - threshold=1.0 - loss=6.639
/scratch/e0538389/DivClust/engine/trainer.py:41: FutureWarning: `torch.cuda.amp.autocast(args...)` is deprecated. Please use `torch.amp.autocast('cuda', args...)` instead.
  with autocast(self.mixed_precision):
[2026-03-30 12:34:40](logger.py 179): id=CC_FMNIST_C10CFG_K20_E100_DT_0_9 | Ep. 71/100 - Step 150/273 (2.32 it/s) |##########          | - loss_cc=4.532 - loss_ce=2.095 - loss_ne=0.0143 - loss_div=0.0001 - threshold=0.999 - loss=6.641
/scratch/e0538389/DivClust/engine/trainer.py:41: FutureWarning: `torch.cuda.amp.autocast(args...)` is deprecated. Please use `torch.amp.autocast('cuda', args...)` instead.
  with autocast(self.mixed_precision):
[2026-03-30 12:34:50](logger.py 179): id=CC_FMNIST_C10CFG_K20_E100_DT_0_9 | Ep. 71/100 - Step 175/273 (2.32 it/s) |############        | - loss_cc=4.531 - loss_ce=2.095 - loss_ne=0.0143 - loss_div=8.58e-05 - threshold=0.999 - loss=6.64
/scratch/e0538389/DivClust/engine/trainer.py:41: FutureWarning: `torch.cuda.amp.autocast(args...)` is deprecated. Please use `torch.amp.autocast('cuda', args...)` instead.
  with autocast(self.mixed_precision):
/scratch/e0538389/DivClust/engine/trainer.py:41: FutureWarning: `torch.cuda.amp.autocast(args...)` is deprecated. Please use `torch.amp.autocast('cuda', args...)` instead.
  with autocast(self.mixed_precision):
[2026-03-30 12:35:02](logger.py 179): id=CC_FMNIST_C10CFG_K20_E100_DT_0_9 | Ep. 71/100 - Step 200/273 (2.31 it/s) |##############      | - loss_cc=4.532 - loss_ce=2.095 - loss_ne=0.0145 - loss_div=7.51e-05 - threshold=0.999 - loss=6.641
/scratch/e0538389/DivClust/engine/trainer.py:41: FutureWarning: `torch.cuda.amp.autocast(args...)` is deprecated. Please use `torch.amp.autocast('cuda', args...)` instead.
  with autocast(self.mixed_precision):
[2026-03-30 12:35:13](logger.py 179): id=CC_FMNIST_C10CFG_K20_E100_DT_0_9 | Ep. 71/100 - Step 225/273 (2.31 it/s) |################    | - loss_cc=4.532 - loss_ce=2.095 - loss_ne=0.0144 - loss_div=6.68e-05 - threshold=0.999 - loss=6.642
/scratch/e0538389/DivClust/engine/trainer.py:41: FutureWarning: `torch.cuda.amp.autocast(args...)` is deprecated. Please use `torch.amp.autocast('cuda', args...)` instead.
  with autocast(self.mixed_precision):
[2026-03-30 12:35:23](logger.py 179): id=CC_FMNIST_C10CFG_K20_E100_DT_0_9 | Ep. 71/100 - Step 250/273 (2.31 it/s) |##################  | - loss_cc=4.532 - loss_ce=2.095 - loss_ne=0.0144 - loss_div=6.01e-05 - threshold=0.999 - loss=6.641
/scratch/e0538389/DivClust/engine/trainer.py:41: FutureWarning: `torch.cuda.amp.autocast(args...)` is deprecated. Please use `torch.amp.autocast('cuda', args...)` instead.
  with autocast(self.mixed_precision):
[2026-03-30 12:35:33](logger.py 179): id=CC_FMNIST_C10CFG_K20_E100_DT_0_9 | Ep. 71/100 | Time: 00:01 | loss_cc=4.532 - loss_ce=2.095 - loss_ne=0.0145 - loss_div=5.53e-05 - threshold=0.999 - loss=6.642
[2026-03-30 12:35:35](logger.py 179): id=CC_FMNIST_C10CFG_K20_E100_DT_0_9 | Ep. 72/100 - Step 0/273 (0.0 it/s) |                    | - loss_cc=4.55 - loss_ce=2.107 - loss_ne=0.0133 - loss_div=0.0 - threshold=1.0 - loss=6.671
/scratch/e0538389/DivClust/engine/trainer.py:41: FutureWarning: `torch.cuda.amp.autocast(args...)` is deprecated. Please use `torch.amp.autocast('cuda', args...)` instead.
  with autocast(self.mixed_precision):
/scratch/e0538389/DivClust/engine/trainer.py:41: FutureWarning: `torch.cuda.amp.autocast(args...)` is deprecated. Please use `torch.amp.autocast('cuda', args...)` instead.
  with autocast(self.mixed_precision):
[2026-03-30 12:35:46](logger.py 179): id=CC_FMNIST_C10CFG_K20_E100_DT_0_9 | Ep. 72/100 - Step 25/273 (2.26 it/s) |#                   | - loss_cc=4.526 - loss_ce=2.094 - loss_ne=0.016 - loss_div=0.0 - threshold=1.0 - loss=6.636
/scratch/e0538389/DivClust/engine/trainer.py:41: FutureWarning: `torch.cuda.amp.autocast(args...)` is deprecated. Please use `torch.amp.autocast('cuda', args...)` instead.
  with autocast(self.mixed_precision):
[2026-03-30 12:35:56](logger.py 179): id=CC_FMNIST_C10CFG_K20_E100_DT_0_9 | Ep. 72/100 - Step 50/273 (2.32 it/s) |###                 | - loss_cc=4.529 - loss_ce=2.095 - loss_ne=0.0142 - loss_div=0.0 - threshold=1.0 - loss=6.638
/scratch/e0538389/DivClust/engine/trainer.py:41: FutureWarning: `torch.cuda.amp.autocast(args...)` is deprecated. Please use `torch.amp.autocast('cuda', args...)` instead.
  with autocast(self.mixed_precision):
[2026-03-30 12:36:07](logger.py 179): id=CC_FMNIST_C10CFG_K20_E100_DT_0_9 | Ep. 72/100 - Step 75/273 (2.34 it/s) |#####               | - loss_cc=4.531 - loss_ce=2.096 - loss_ne=0.0148 - loss_div=0.0 - threshold=1.0 - loss=6.642
/scratch/e0538389/DivClust/engine/trainer.py:41: FutureWarning: `torch.cuda.amp.autocast(args...)` is deprecated. Please use `torch.amp.autocast('cuda', args...)` instead.
  with autocast(self.mixed_precision):
[2026-03-30 12:36:17](logger.py 179): id=CC_FMNIST_C10CFG_K20_E100_DT_0_9 | Ep. 72/100 - Step 100/273 (2.35 it/s) |#######             | - loss_cc=4.53 - loss_ce=2.095 - loss_ne=0.0152 - loss_div=0.0 - threshold=1.0 - loss=6.641
/scratch/e0538389/DivClust/engine/trainer.py:41: FutureWarning: `torch.cuda.amp.autocast(args...)` is deprecated. Please use `torch.amp.autocast('cuda', args...)` instead.
  with autocast(self.mixed_precision):
/scratch/e0538389/DivClust/engine/trainer.py:41: FutureWarning: `torch.cuda.amp.autocast(args...)` is deprecated. Please use `torch.amp.autocast('cuda', args...)` instead.
  with autocast(self.mixed_precision):
[2026-03-30 12:36:28](logger.py 179): id=CC_FMNIST_C10CFG_K20_E100_DT_0_9 | Ep. 72/100 - Step 125/273 (2.34 it/s) |#########           | - loss_cc=4.53 - loss_ce=2.095 - loss_ne=0.0155 - loss_div=0.000223 - threshold=0.998 - loss=6.641
/scratch/e0538389/DivClust/engine/trainer.py:41: FutureWarning: `torch.cuda.amp.autocast(args...)` is deprecated. Please use `torch.amp.autocast('cuda', args...)` instead.
  with autocast(self.mixed_precision):
[2026-03-30 12:36:39](logger.py 179): id=CC_FMNIST_C10CFG_K20_E100_DT_0_9 | Ep. 72/100 - Step 150/273 (2.35 it/s) |##########          | - loss_cc=4.53 - loss_ce=2.095 - loss_ne=0.0161 - loss_div=0.000186 - threshold=0.999 - loss=6.642
/scratch/e0538389/DivClust/engine/trainer.py:41: FutureWarning: `torch.cuda.amp.autocast(args...)` is deprecated. Please use `torch.amp.autocast('cuda', args...)` instead.
  with autocast(self.mixed_precision):
[2026-03-30 12:36:50](logger.py 179): id=CC_FMNIST_C10CFG_K20_E100_DT_0_9 | Ep. 72/100 - Step 175/273 (2.34 it/s) |############        | - loss_cc=4.531 - loss_ce=2.096 - loss_ne=0.0162 - loss_div=0.00016 - threshold=0.999 - loss=6.643
/scratch/e0538389/DivClust/engine/trainer.py:41: FutureWarning: `torch.cuda.amp.autocast(args...)` is deprecated. Please use `torch.amp.autocast('cuda', args...)` instead.
  with autocast(self.mixed_precision):
[2026-03-30 12:37:00](logger.py 179): id=CC_FMNIST_C10CFG_K20_E100_DT_0_9 | Ep. 72/100 - Step 200/273 (2.35 it/s) |##############      | - loss_cc=4.531 - loss_ce=2.096 - loss_ne=0.0162 - loss_div=0.00014 - threshold=0.999 - loss=6.643
/scratch/e0538389/DivClust/engine/trainer.py:41: FutureWarning: `torch.cuda.amp.autocast(args...)` is deprecated. Please use `torch.amp.autocast('cuda', args...)` instead.
  with autocast(self.mixed_precision):
/scratch/e0538389/DivClust/engine/trainer.py:41: FutureWarning: `torch.cuda.amp.autocast(args...)` is deprecated. Please use `torch.amp.autocast('cuda', args...)` instead.
  with autocast(self.mixed_precision):
[2026-03-30 12:37:11](logger.py 179): id=CC_FMNIST_C10CFG_K20_E100_DT_0_9 | Ep. 72/100 - Step 225/273 (2.33 it/s) |################    | - loss_cc=4.53 - loss_ce=2.096 - loss_ne=0.016 - loss_div=0.000125 - threshold=0.999 - loss=6.642
/scratch/e0538389/DivClust/engine/trainer.py:41: FutureWarning: `torch.cuda.amp.autocast(args...)` is deprecated. Please use `torch.amp.autocast('cuda', args...)` instead.
  with autocast(self.mixed_precision):
[2026-03-30 12:37:22](logger.py 179): id=CC_FMNIST_C10CFG_K20_E100_DT_0_9 | Ep. 72/100 - Step 250/273 (2.34 it/s) |##################  | - loss_cc=4.53 - loss_ce=2.096 - loss_ne=0.0161 - loss_div=0.000112 - threshold=0.999 - loss=6.642
/scratch/e0538389/DivClust/engine/trainer.py:41: FutureWarning: `torch.cuda.amp.autocast(args...)` is deprecated. Please use `torch.amp.autocast('cuda', args...)` instead.
  with autocast(self.mixed_precision):
[2026-03-30 12:37:31](logger.py 179): id=CC_FMNIST_C10CFG_K20_E100_DT_0_9 | Ep. 72/100 | Time: 00:01 | loss_cc=4.53 - loss_ce=2.096 - loss_ne=0.016 - loss_div=0.000103 - threshold=0.999 - loss=6.641
[2026-03-30 12:37:34](logger.py 179): id=CC_FMNIST_C10CFG_K20_E100_DT_0_9 | Ep. 73/100 - Step 0/273 (0.0 it/s) |                    | - loss_cc=4.553 - loss_ce=2.094 - loss_ne=0.00736 - loss_div=0.0 - threshold=1.0 - loss=6.654
/scratch/e0538389/DivClust/engine/trainer.py:41: FutureWarning: `torch.cuda.amp.autocast(args...)` is deprecated. Please use `torch.amp.autocast('cuda', args...)` instead.
  with autocast(self.mixed_precision):
[2026-03-30 12:37:45](logger.py 179): id=CC_FMNIST_C10CFG_K20_E100_DT_0_9 | Ep. 73/100 - Step 25/273 (2.31 it/s) |#                   | - loss_cc=4.532 - loss_ce=2.095 - loss_ne=0.0174 - loss_div=0.0 - threshold=1.0 - loss=6.644
/scratch/e0538389/DivClust/engine/trainer.py:41: FutureWarning: `torch.cuda.amp.autocast(args...)` is deprecated. Please use `torch.amp.autocast('cuda', args...)` instead.
  with autocast(self.mixed_precision):
[2026-03-30 12:37:56](logger.py 179): id=CC_FMNIST_C10CFG_K20_E100_DT_0_9 | Ep. 73/100 - Step 50/273 (2.31 it/s) |###                 | - loss_cc=4.535 - loss_ce=2.096 - loss_ne=0.0167 - loss_div=0.0 - threshold=1.0 - loss=6.648
/scratch/e0538389/DivClust/engine/trainer.py:41: FutureWarning: `torch.cuda.amp.autocast(args...)` is deprecated. Please use `torch.amp.autocast('cuda', args...)` instead.
  with autocast(self.mixed_precision):
/scratch/e0538389/DivClust/engine/trainer.py:41: FutureWarning: `torch.cuda.amp.autocast(args...)` is deprecated. Please use `torch.amp.autocast('cuda', args...)` instead.
  with autocast(self.mixed_precision):
[2026-03-30 12:38:07](logger.py 179): id=CC_FMNIST_C10CFG_K20_E100_DT_0_9 | Ep. 73/100 - Step 75/273 (2.31 it/s) |#####               | - loss_cc=4.533 - loss_ce=2.096 - loss_ne=0.0157 - loss_div=0.0 - threshold=1.0 - loss=6.645
/scratch/e0538389/DivClust/engine/trainer.py:41: FutureWarning: `torch.cuda.amp.autocast(args...)` is deprecated. Please use `torch.amp.autocast('cuda', args...)` instead.
  with autocast(self.mixed_precision):
[2026-03-30 12:38:18](logger.py 179): id=CC_FMNIST_C10CFG_K20_E100_DT_0_9 | Ep. 73/100 - Step 100/273 (2.32 it/s) |#######             | - loss_cc=4.533 - loss_ce=2.096 - loss_ne=0.0153 - loss_div=0.0 - threshold=1.0 - loss=6.644
/scratch/e0538389/DivClust/engine/trainer.py:41: FutureWarning: `torch.cuda.amp.autocast(args...)` is deprecated. Please use `torch.amp.autocast('cuda', args...)` instead.
  with autocast(self.mixed_precision):
[2026-03-30 12:38:28](logger.py 179): id=CC_FMNIST_C10CFG_K20_E100_DT_0_9 | Ep. 73/100 - Step 125/273 (2.33 it/s) |#########           | - loss_cc=4.533 - loss_ce=2.096 - loss_ne=0.015 - loss_div=0.0 - threshold=1.0 - loss=6.644
/scratch/e0538389/DivClust/engine/trainer.py:41: FutureWarning: `torch.cuda.amp.autocast(args...)` is deprecated. Please use `torch.amp.autocast('cuda', args...)` instead.
  with autocast(self.mixed_precision):
[2026-03-30 12:38:39](logger.py 179): id=CC_FMNIST_C10CFG_K20_E100_DT_0_9 | Ep. 73/100 - Step 150/273 (2.34 it/s) |##########          | - loss_cc=4.532 - loss_ce=2.096 - loss_ne=0.0153 - loss_div=0.0 - threshold=1.0 - loss=6.644
/scratch/e0538389/DivClust/engine/trainer.py:41: FutureWarning: `torch.cuda.amp.autocast(args...)` is deprecated. Please use `torch.amp.autocast('cuda', args...)` instead.
  with autocast(self.mixed_precision):
/scratch/e0538389/DivClust/engine/trainer.py:41: FutureWarning: `torch.cuda.amp.autocast(args...)` is deprecated. Please use `torch.amp.autocast('cuda', args...)` instead.
  with autocast(self.mixed_precision):
[2026-03-30 12:38:50](logger.py 179): id=CC_FMNIST_C10CFG_K20_E100_DT_0_9 | Ep. 73/100 - Step 175/273 (2.32 it/s) |############        | - loss_cc=4.533 - loss_ce=2.096 - loss_ne=0.0154 - loss_div=0.000231 - threshold=0.999 - loss=6.644
/scratch/e0538389/DivClust/engine/trainer.py:41: FutureWarning: `torch.cuda.amp.autocast(args...)` is deprecated. Please use `torch.amp.autocast('cuda', args...)` instead.
  with autocast(self.mixed_precision):
[2026-03-30 12:39:01](logger.py 179): id=CC_FMNIST_C10CFG_K20_E100_DT_0_9 | Ep. 73/100 - Step 200/273 (2.32 it/s) |##############      | - loss_cc=4.534 - loss_ce=2.096 - loss_ne=0.0156 - loss_div=0.000202 - threshold=0.999 - loss=6.646
/scratch/e0538389/DivClust/engine/trainer.py:41: FutureWarning: `torch.cuda.amp.autocast(args...)` is deprecated. Please use `torch.amp.autocast('cuda', args...)` instead.
  with autocast(self.mixed_precision):
[2026-03-30 12:39:11](logger.py 179): id=CC_FMNIST_C10CFG_K20_E100_DT_0_9 | Ep. 73/100 - Step 225/273 (2.33 it/s) |################    | - loss_cc=4.533 - loss_ce=2.096 - loss_ne=0.0157 - loss_div=0.00018 - threshold=0.999 - loss=6.645
/scratch/e0538389/DivClust/engine/trainer.py:41: FutureWarning: `torch.cuda.amp.autocast(args...)` is deprecated. Please use `torch.amp.autocast('cuda', args...)` instead.
  with autocast(self.mixed_precision):
[2026-03-30 12:39:22](logger.py 179): id=CC_FMNIST_C10CFG_K20_E100_DT_0_9 | Ep. 73/100 - Step 250/273 (2.33 it/s) |##################  | - loss_cc=4.534 - loss_ce=2.097 - loss_ne=0.0157 - loss_div=0.000162 - threshold=0.999 - loss=6.646
/scratch/e0538389/DivClust/engine/trainer.py:41: FutureWarning: `torch.cuda.amp.autocast(args...)` is deprecated. Please use `torch.amp.autocast('cuda', args...)` instead.
  with autocast(self.mixed_precision):
/scratch/e0538389/DivClust/engine/trainer.py:41: FutureWarning: `torch.cuda.amp.autocast(args...)` is deprecated. Please use `torch.amp.autocast('cuda', args...)` instead.
  with autocast(self.mixed_precision):
[2026-03-30 12:39:31](logger.py 179): id=CC_FMNIST_C10CFG_K20_E100_DT_0_9 | Ep. 73/100 | Time: 00:01 | loss_cc=4.534 - loss_ce=2.097 - loss_ne=0.0156 - loss_div=0.000149 - threshold=0.999 - loss=6.646
[2026-03-30 12:39:34](logger.py 179): id=CC_FMNIST_C10CFG_K20_E100_DT_0_9 | Ep. 74/100 - Step 0/273 (0.0 it/s) |                    | - loss_cc=4.536 - loss_ce=2.098 - loss_ne=0.0149 - loss_div=0.0 - threshold=1.0 - loss=6.649
/scratch/e0538389/DivClust/engine/trainer.py:41: FutureWarning: `torch.cuda.amp.autocast(args...)` is deprecated. Please use `torch.amp.autocast('cuda', args...)` instead.
  with autocast(self.mixed_precision):
[2026-03-30 12:39:44](logger.py 179): id=CC_FMNIST_C10CFG_K20_E100_DT_0_9 | Ep. 74/100 - Step 25/273 (2.39 it/s) |#                   | - loss_cc=4.527 - loss_ce=2.094 - loss_ne=0.0172 - loss_div=0.0 - threshold=1.0 - loss=6.638
/scratch/e0538389/DivClust/engine/trainer.py:41: FutureWarning: `torch.cuda.amp.autocast(args...)` is deprecated. Please use `torch.amp.autocast('cuda', args...)` instead.
  with autocast(self.mixed_precision):
[2026-03-30 12:39:55](logger.py 179): id=CC_FMNIST_C10CFG_K20_E100_DT_0_9 | Ep. 74/100 - Step 50/273 (2.39 it/s) |###                 | - loss_cc=4.529 - loss_ce=2.095 - loss_ne=0.0155 - loss_div=0.0 - threshold=1.0 - loss=6.639
/scratch/e0538389/DivClust/engine/trainer.py:41: FutureWarning: `torch.cuda.amp.autocast(args...)` is deprecated. Please use `torch.amp.autocast('cuda', args...)` instead.
  with autocast(self.mixed_precision):
[2026-03-30 12:40:05](logger.py 179): id=CC_FMNIST_C10CFG_K20_E100_DT_0_9 | Ep. 74/100 - Step 75/273 (2.39 it/s) |#####               | - loss_cc=4.532 - loss_ce=2.096 - loss_ne=0.0151 - loss_div=0.0 - threshold=1.0 - loss=6.643
/scratch/e0538389/DivClust/engine/trainer.py:41: FutureWarning: `torch.cuda.amp.autocast(args...)` is deprecated. Please use `torch.amp.autocast('cuda', args...)` instead.
  with autocast(self.mixed_precision):
/scratch/e0538389/DivClust/engine/trainer.py:41: FutureWarning: `torch.cuda.amp.autocast(args...)` is deprecated. Please use `torch.amp.autocast('cuda', args...)` instead.
  with autocast(self.mixed_precision):
[2026-03-30 12:40:16](logger.py 179): id=CC_FMNIST_C10CFG_K20_E100_DT_0_9 | Ep. 74/100 - Step 100/273 (2.36 it/s) |#######             | - loss_cc=4.531 - loss_ce=2.096 - loss_ne=0.0152 - loss_div=0.0 - threshold=1.0 - loss=6.643
/scratch/e0538389/DivClust/engine/trainer.py:41: FutureWarning: `torch.cuda.amp.autocast(args...)` is deprecated. Please use `torch.amp.autocast('cuda', args...)` instead.
  with autocast(self.mixed_precision):
[2026-03-30 12:40:27](logger.py 179): id=CC_FMNIST_C10CFG_K20_E100_DT_0_9 | Ep. 74/100 - Step 125/273 (2.35 it/s) |#########           | - loss_cc=4.531 - loss_ce=2.095 - loss_ne=0.0154 - loss_div=0.0 - threshold=1.0 - loss=6.642
/scratch/e0538389/DivClust/engine/trainer.py:41: FutureWarning: `torch.cuda.amp.autocast(args...)` is deprecated. Please use `torch.amp.autocast('cuda', args...)` instead.
  with autocast(self.mixed_precision):
[2026-03-30 12:40:38](logger.py 179): id=CC_FMNIST_C10CFG_K20_E100_DT_0_9 | Ep. 74/100 - Step 150/273 (2.35 it/s) |##########          | - loss_cc=4.532 - loss_ce=2.096 - loss_ne=0.0155 - loss_div=0.0 - threshold=1.0 - loss=6.643
/scratch/e0538389/DivClust/engine/trainer.py:41: FutureWarning: `torch.cuda.amp.autocast(args...)` is deprecated. Please use `torch.amp.autocast('cuda', args...)` instead.
  with autocast(self.mixed_precision):
[2026-03-30 12:40:48](logger.py 179): id=CC_FMNIST_C10CFG_K20_E100_DT_0_9 | Ep. 74/100 - Step 175/273 (2.35 it/s) |############        | - loss_cc=4.531 - loss_ce=2.095 - loss_ne=0.0154 - loss_div=0.0 - threshold=1.0 - loss=6.642
/scratch/e0538389/DivClust/engine/trainer.py:41: FutureWarning: `torch.cuda.amp.autocast(args...)` is deprecated. Please use `torch.amp.autocast('cuda', args...)` instead.
  with autocast(self.mixed_precision):
/scratch/e0538389/DivClust/engine/trainer.py:41: FutureWarning: `torch.cuda.amp.autocast(args...)` is deprecated. Please use `torch.amp.autocast('cuda', args...)` instead.
  with autocast(self.mixed_precision):
[2026-03-30 12:40:59](logger.py 179): id=CC_FMNIST_C10CFG_K20_E100_DT_0_9 | Ep. 74/100 - Step 200/273 (2.35 it/s) |##############      | - loss_cc=4.531 - loss_ce=2.096 - loss_ne=0.0153 - loss_div=5.97e-05 - threshold=1.0 - loss=6.642
/scratch/e0538389/DivClust/engine/trainer.py:41: FutureWarning: `torch.cuda.amp.autocast(args...)` is deprecated. Please use `torch.amp.autocast('cuda', args...)` instead.
  with autocast(self.mixed_precision):
[2026-03-30 12:41:10](logger.py 179): id=CC_FMNIST_C10CFG_K20_E100_DT_0_9 | Ep. 74/100 - Step 225/273 (2.34 it/s) |################    | - loss_cc=4.531 - loss_ce=2.096 - loss_ne=0.0151 - loss_div=0.000108 - threshold=0.999 - loss=6.642
/scratch/e0538389/DivClust/engine/trainer.py:41: FutureWarning: `torch.cuda.amp.autocast(args...)` is deprecated. Please use `torch.amp.autocast('cuda', args...)` instead.
  with autocast(self.mixed_precision):
[2026-03-30 12:41:21](logger.py 179): id=CC_FMNIST_C10CFG_K20_E100_DT_0_9 | Ep. 74/100 - Step 250/273 (2.34 it/s) |##################  | - loss_cc=4.531 - loss_ce=2.096 - loss_ne=0.0151 - loss_div=9.72e-05 - threshold=0.999 - loss=6.642
/scratch/e0538389/DivClust/engine/trainer.py:41: FutureWarning: `torch.cuda.amp.autocast(args...)` is deprecated. Please use `torch.amp.autocast('cuda', args...)` instead.
  with autocast(self.mixed_precision):
[2026-03-30 12:41:30](logger.py 179): id=CC_FMNIST_C10CFG_K20_E100_DT_0_9 | Ep. 74/100 | Time: 00:01 | loss_cc=4.531 - loss_ce=2.096 - loss_ne=0.0151 - loss_div=8.94e-05 - threshold=0.999 - loss=6.642
[2026-03-30 12:41:33](logger.py 179): id=CC_FMNIST_C10CFG_K20_E100_DT_0_9 | Ep. 75/100 - Step 0/273 (0.0 it/s) |                    | - loss_cc=4.504 - loss_ce=2.095 - loss_ne=0.0121 - loss_div=0.0 - threshold=1.0 - loss=6.611
/scratch/e0538389/DivClust/engine/trainer.py:41: FutureWarning: `torch.cuda.amp.autocast(args...)` is deprecated. Please use `torch.amp.autocast('cuda', args...)` instead.
  with autocast(self.mixed_precision):
[2026-03-30 12:41:44](logger.py 179): id=CC_FMNIST_C10CFG_K20_E100_DT_0_9 | Ep. 75/100 - Step 25/273 (2.27 it/s) |#                   | - loss_cc=4.528 - loss_ce=2.094 - loss_ne=0.0149 - loss_div=0.0 - threshold=1.0 - loss=6.637
/scratch/e0538389/DivClust/engine/trainer.py:41: FutureWarning: `torch.cuda.amp.autocast(args...)` is deprecated. Please use `torch.amp.autocast('cuda', args...)` instead.
  with autocast(self.mixed_precision):
/scratch/e0538389/DivClust/engine/trainer.py:41: FutureWarning: `torch.cuda.amp.autocast(args...)` is deprecated. Please use `torch.amp.autocast('cuda', args...)` instead.
  with autocast(self.mixed_precision):
[2026-03-30 12:41:55](logger.py 179): id=CC_FMNIST_C10CFG_K20_E100_DT_0_9 | Ep. 75/100 - Step 50/273 (2.3 it/s) |###                 | - loss_cc=4.527 - loss_ce=2.095 - loss_ne=0.0153 - loss_div=0.0 - threshold=1.0 - loss=6.637
/scratch/e0538389/DivClust/engine/trainer.py:41: FutureWarning: `torch.cuda.amp.autocast(args...)` is deprecated. Please use `torch.amp.autocast('cuda', args...)` instead.
  with autocast(self.mixed_precision):
[2026-03-30 12:42:06](logger.py 179): id=CC_FMNIST_C10CFG_K20_E100_DT_0_9 | Ep. 75/100 - Step 75/273 (2.3 it/s) |#####               | - loss_cc=4.528 - loss_ce=2.096 - loss_ne=0.0161 - loss_div=0.0 - threshold=1.0 - loss=6.64
/scratch/e0538389/DivClust/engine/trainer.py:41: FutureWarning: `torch.cuda.amp.autocast(args...)` is deprecated. Please use `torch.amp.autocast('cuda', args...)` instead.
  with autocast(self.mixed_precision):
[2026-03-30 12:42:16](logger.py 179): id=CC_FMNIST_C10CFG_K20_E100_DT_0_9 | Ep. 75/100 - Step 100/273 (2.3 it/s) |#######             | - loss_cc=4.528 - loss_ce=2.096 - loss_ne=0.016 - loss_div=0.0 - threshold=1.0 - loss=6.639
/scratch/e0538389/DivClust/engine/trainer.py:41: FutureWarning: `torch.cuda.amp.autocast(args...)` is deprecated. Please use `torch.amp.autocast('cuda', args...)` instead.
  with autocast(self.mixed_precision):
[2026-03-30 12:42:28](logger.py 179): id=CC_FMNIST_C10CFG_K20_E100_DT_0_9 | Ep. 75/100 - Step 125/273 (2.3 it/s) |#########           | - loss_cc=4.529 - loss_ce=2.095 - loss_ne=0.0156 - loss_div=7.72e-05 - threshold=1.0 - loss=6.639
/scratch/e0538389/DivClust/engine/trainer.py:41: FutureWarning: `torch.cuda.amp.autocast(args...)` is deprecated. Please use `torch.amp.autocast('cuda', args...)` instead.
  with autocast(self.mixed_precision):
/scratch/e0538389/DivClust/engine/trainer.py:41: FutureWarning: `torch.cuda.amp.autocast(args...)` is deprecated. Please use `torch.amp.autocast('cuda', args...)` instead.
  with autocast(self.mixed_precision):
[2026-03-30 12:42:38](logger.py 179): id=CC_FMNIST_C10CFG_K20_E100_DT_0_9 | Ep. 75/100 - Step 150/273 (2.31 it/s) |##########          | - loss_cc=4.53 - loss_ce=2.095 - loss_ne=0.0154 - loss_div=0.000154 - threshold=0.999 - loss=6.641
/scratch/e0538389/DivClust/engine/trainer.py:41: FutureWarning: `torch.cuda.amp.autocast(args...)` is deprecated. Please use `torch.amp.autocast('cuda', args...)` instead.
  with autocast(self.mixed_precision):
[2026-03-30 12:42:49](logger.py 179): id=CC_FMNIST_C10CFG_K20_E100_DT_0_9 | Ep. 75/100 - Step 175/273 (2.31 it/s) |############        | - loss_cc=4.529 - loss_ce=2.095 - loss_ne=0.0157 - loss_div=0.000132 - threshold=0.999 - loss=6.64
/scratch/e0538389/DivClust/engine/trainer.py:41: FutureWarning: `torch.cuda.amp.autocast(args...)` is deprecated. Please use `torch.amp.autocast('cuda', args...)` instead.
  with autocast(self.mixed_precision):
[2026-03-30 12:42:59](logger.py 179): id=CC_FMNIST_C10CFG_K20_E100_DT_0_9 | Ep. 75/100 - Step 200/273 (2.32 it/s) |##############      | - loss_cc=4.529 - loss_ce=2.095 - loss_ne=0.0157 - loss_div=0.000116 - threshold=0.999 - loss=6.64
/scratch/e0538389/DivClust/engine/trainer.py:41: FutureWarning: `torch.cuda.amp.autocast(args...)` is deprecated. Please use `torch.amp.autocast('cuda', args...)` instead.
  with autocast(self.mixed_precision):
[2026-03-30 12:43:10](logger.py 179): id=CC_FMNIST_C10CFG_K20_E100_DT_0_9 | Ep. 75/100 - Step 225/273 (2.31 it/s) |################    | - loss_cc=4.529 - loss_ce=2.095 - loss_ne=0.0158 - loss_div=0.000103 - threshold=0.999 - loss=6.64
/scratch/e0538389/DivClust/engine/trainer.py:41: FutureWarning: `torch.cuda.amp.autocast(args...)` is deprecated. Please use `torch.amp.autocast('cuda', args...)` instead.
  with autocast(self.mixed_precision):
/scratch/e0538389/DivClust/engine/trainer.py:41: FutureWarning: `torch.cuda.amp.autocast(args...)` is deprecated. Please use `torch.amp.autocast('cuda', args...)` instead.
  with autocast(self.mixed_precision):
[2026-03-30 12:43:21](logger.py 179): id=CC_FMNIST_C10CFG_K20_E100_DT_0_9 | Ep. 75/100 - Step 250/273 (2.31 it/s) |##################  | - loss_cc=4.529 - loss_ce=2.096 - loss_ne=0.016 - loss_div=9.25e-05 - threshold=0.999 - loss=6.641
/scratch/e0538389/DivClust/engine/trainer.py:41: FutureWarning: `torch.cuda.amp.autocast(args...)` is deprecated. Please use `torch.amp.autocast('cuda', args...)` instead.
  with autocast(self.mixed_precision):
[2026-03-30 12:43:31](logger.py 179): id=CC_FMNIST_C10CFG_K20_E100_DT_0_9 | Ep. 75/100 | Time: 00:01 | loss_cc=4.53 - loss_ce=2.096 - loss_ne=0.0159 - loss_div=8.5e-05 - threshold=0.999 - loss=6.642
[2026-03-30 12:43:33](logger.py 179): id=CC_FMNIST_C10CFG_K20_E100_DT_0_9 | Ep. 76/100 - Step 0/273 (0.0 it/s) |                    | - loss_cc=4.518 - loss_ce=2.09 - loss_ne=0.0251 - loss_div=0.0 - threshold=1.0 - loss=6.633
/scratch/e0538389/DivClust/engine/trainer.py:41: FutureWarning: `torch.cuda.amp.autocast(args...)` is deprecated. Please use `torch.amp.autocast('cuda', args...)` instead.
  with autocast(self.mixed_precision):
[2026-03-30 12:43:44](logger.py 179): id=CC_FMNIST_C10CFG_K20_E100_DT_0_9 | Ep. 76/100 - Step 25/273 (2.36 it/s) |#                   | - loss_cc=4.527 - loss_ce=2.093 - loss_ne=0.0149 - loss_div=0.0 - threshold=1.0 - loss=6.635
/scratch/e0538389/DivClust/engine/trainer.py:41: FutureWarning: `torch.cuda.amp.autocast(args...)` is deprecated. Please use `torch.amp.autocast('cuda', args...)` instead.
  with autocast(self.mixed_precision):
[2026-03-30 12:43:54](logger.py 179): id=CC_FMNIST_C10CFG_K20_E100_DT_0_9 | Ep. 76/100 - Step 50/273 (2.38 it/s) |###                 | - loss_cc=4.53 - loss_ce=2.094 - loss_ne=0.016 - loss_div=0.0 - threshold=1.0 - loss=6.64
/scratch/e0538389/DivClust/engine/trainer.py:41: FutureWarning: `torch.cuda.amp.autocast(args...)` is deprecated. Please use `torch.amp.autocast('cuda', args...)` instead.
  with autocast(self.mixed_precision):
/scratch/e0538389/DivClust/engine/trainer.py:41: FutureWarning: `torch.cuda.amp.autocast(args...)` is deprecated. Please use `torch.amp.autocast('cuda', args...)` instead.
  with autocast(self.mixed_precision):
[2026-03-30 12:44:05](logger.py 179): id=CC_FMNIST_C10CFG_K20_E100_DT_0_9 | Ep. 76/100 - Step 75/273 (2.36 it/s) |#####               | - loss_cc=4.531 - loss_ce=2.094 - loss_ne=0.0156 - loss_div=0.000351 - threshold=0.997 - loss=6.641
/scratch/e0538389/DivClust/engine/trainer.py:41: FutureWarning: `torch.cuda.amp.autocast(args...)` is deprecated. Please use `torch.amp.autocast('cuda', args...)` instead.
  with autocast(self.mixed_precision):
[2026-03-30 12:44:16](logger.py 179): id=CC_FMNIST_C10CFG_K20_E100_DT_0_9 | Ep. 76/100 - Step 100/273 (2.35 it/s) |#######             | - loss_cc=4.529 - loss_ce=2.094 - loss_ne=0.0156 - loss_div=0.000264 - threshold=0.998 - loss=6.639
/scratch/e0538389/DivClust/engine/trainer.py:41: FutureWarning: `torch.cuda.amp.autocast(args...)` is deprecated. Please use `torch.amp.autocast('cuda', args...)` instead.
  with autocast(self.mixed_precision):
[2026-03-30 12:44:27](logger.py 179): id=CC_FMNIST_C10CFG_K20_E100_DT_0_9 | Ep. 76/100 - Step 125/273 (2.34 it/s) |#########           | - loss_cc=4.531 - loss_ce=2.095 - loss_ne=0.0153 - loss_div=0.000212 - threshold=0.998 - loss=6.641
/scratch/e0538389/DivClust/engine/trainer.py:41: FutureWarning: `torch.cuda.amp.autocast(args...)` is deprecated. Please use `torch.amp.autocast('cuda', args...)` instead.
  with autocast(self.mixed_precision):
[2026-03-30 12:44:37](logger.py 179): id=CC_FMNIST_C10CFG_K20_E100_DT_0_9 | Ep. 76/100 - Step 150/273 (2.35 it/s) |##########          | - loss_cc=4.53 - loss_ce=2.094 - loss_ne=0.0148 - loss_div=0.000177 - threshold=0.999 - loss=6.639
/scratch/e0538389/DivClust/engine/trainer.py:41: FutureWarning: `torch.cuda.amp.autocast(args...)` is deprecated. Please use `torch.amp.autocast('cuda', args...)` instead.
  with autocast(self.mixed_precision):
/scratch/e0538389/DivClust/engine/trainer.py:41: FutureWarning: `torch.cuda.amp.autocast(args...)` is deprecated. Please use `torch.amp.autocast('cuda', args...)` instead.
  with autocast(self.mixed_precision):
[2026-03-30 12:44:48](logger.py 179): id=CC_FMNIST_C10CFG_K20_E100_DT_0_9 | Ep. 76/100 - Step 175/273 (2.33 it/s) |############        | - loss_cc=4.529 - loss_ce=2.094 - loss_ne=0.015 - loss_div=0.000152 - threshold=0.999 - loss=6.639
/scratch/e0538389/DivClust/engine/trainer.py:41: FutureWarning: `torch.cuda.amp.autocast(args...)` is deprecated. Please use `torch.amp.autocast('cuda', args...)` instead.
  with autocast(self.mixed_precision):
[2026-03-30 12:44:59](logger.py 179): id=CC_FMNIST_C10CFG_K20_E100_DT_0_9 | Ep. 76/100 - Step 200/273 (2.33 it/s) |##############      | - loss_cc=4.53 - loss_ce=2.094 - loss_ne=0.0151 - loss_div=0.000133 - threshold=0.999 - loss=6.639
/scratch/e0538389/DivClust/engine/trainer.py:41: FutureWarning: `torch.cuda.amp.autocast(args...)` is deprecated. Please use `torch.amp.autocast('cuda', args...)` instead.
  with autocast(self.mixed_precision):
[2026-03-30 12:45:10](logger.py 179): id=CC_FMNIST_C10CFG_K20_E100_DT_0_9 | Ep. 76/100 - Step 225/273 (2.34 it/s) |################    | - loss_cc=4.529 - loss_ce=2.094 - loss_ne=0.015 - loss_div=0.000118 - threshold=0.999 - loss=6.638
/scratch/e0538389/DivClust/engine/trainer.py:41: FutureWarning: `torch.cuda.amp.autocast(args...)` is deprecated. Please use `torch.amp.autocast('cuda', args...)` instead.
  with autocast(self.mixed_precision):
[2026-03-30 12:45:20](logger.py 179): id=CC_FMNIST_C10CFG_K20_E100_DT_0_9 | Ep. 76/100 - Step 250/273 (2.34 it/s) |##################  | - loss_cc=4.529 - loss_ce=2.094 - loss_ne=0.0152 - loss_div=0.000106 - threshold=0.999 - loss=6.638
/scratch/e0538389/DivClust/engine/trainer.py:41: FutureWarning: `torch.cuda.amp.autocast(args...)` is deprecated. Please use `torch.amp.autocast('cuda', args...)` instead.
  with autocast(self.mixed_precision):
[2026-03-30 12:45:30](logger.py 179): id=CC_FMNIST_C10CFG_K20_E100_DT_0_9 | Ep. 76/100 | Time: 00:01 | loss_cc=4.528 - loss_ce=2.094 - loss_ne=0.0151 - loss_div=9.77e-05 - threshold=0.999 - loss=6.637
/scratch/e0538389/DivClust/engine/trainer.py:41: FutureWarning: `torch.cuda.amp.autocast(args...)` is deprecated. Please use `torch.amp.autocast('cuda', args...)` instead.
  with autocast(self.mixed_precision):
[2026-03-30 12:45:33](logger.py 179): id=CC_FMNIST_C10CFG_K20_E100_DT_0_9 | Ep. 77/100 - Step 0/273 (0.0 it/s) |                    | - loss_cc=4.567 - loss_ce=2.109 - loss_ne=0.0219 - loss_div=0.0 - threshold=1.0 - loss=6.698
/scratch/e0538389/DivClust/engine/trainer.py:41: FutureWarning: `torch.cuda.amp.autocast(args...)` is deprecated. Please use `torch.amp.autocast('cuda', args...)` instead.
  with autocast(self.mixed_precision):
[2026-03-30 12:45:43](logger.py 179): id=CC_FMNIST_C10CFG_K20_E100_DT_0_9 | Ep. 77/100 - Step 25/273 (2.32 it/s) |#                   | - loss_cc=4.534 - loss_ce=2.095 - loss_ne=0.0165 - loss_div=0.0 - threshold=1.0 - loss=6.646
/scratch/e0538389/DivClust/engine/trainer.py:41: FutureWarning: `torch.cuda.amp.autocast(args...)` is deprecated. Please use `torch.amp.autocast('cuda', args...)` instead.
  with autocast(self.mixed_precision):
[2026-03-30 12:45:54](logger.py 179): id=CC_FMNIST_C10CFG_K20_E100_DT_0_9 | Ep. 77/100 - Step 50/273 (2.32 it/s) |###                 | - loss_cc=4.532 - loss_ce=2.096 - loss_ne=0.0153 - loss_div=0.0 - threshold=1.0 - loss=6.642
/scratch/e0538389/DivClust/engine/trainer.py:41: FutureWarning: `torch.cuda.amp.autocast(args...)` is deprecated. Please use `torch.amp.autocast('cuda', args...)` instead.
  with autocast(self.mixed_precision):
[2026-03-30 12:46:05](logger.py 179): id=CC_FMNIST_C10CFG_K20_E100_DT_0_9 | Ep. 77/100 - Step 75/273 (2.32 it/s) |#####               | - loss_cc=4.53 - loss_ce=2.095 - loss_ne=0.0152 - loss_div=0.000314 - threshold=0.998 - loss=6.641
/scratch/e0538389/DivClust/engine/trainer.py:41: FutureWarning: `torch.cuda.amp.autocast(args...)` is deprecated. Please use `torch.amp.autocast('cuda', args...)` instead.
  with autocast(self.mixed_precision):
/scratch/e0538389/DivClust/engine/trainer.py:41: FutureWarning: `torch.cuda.amp.autocast(args...)` is deprecated. Please use `torch.amp.autocast('cuda', args...)` instead.
  with autocast(self.mixed_precision):
[2026-03-30 12:46:16](logger.py 179): id=CC_FMNIST_C10CFG_K20_E100_DT_0_9 | Ep. 77/100 - Step 100/273 (2.32 it/s) |#######             | - loss_cc=4.528 - loss_ce=2.095 - loss_ne=0.0151 - loss_div=0.000237 - threshold=0.998 - loss=6.638
/scratch/e0538389/DivClust/engine/trainer.py:41: FutureWarning: `torch.cuda.amp.autocast(args...)` is deprecated. Please use `torch.amp.autocast('cuda', args...)` instead.
  with autocast(self.mixed_precision):
[2026-03-30 12:46:26](logger.py 179): id=CC_FMNIST_C10CFG_K20_E100_DT_0_9 | Ep. 77/100 - Step 125/273 (2.32 it/s) |#########           | - loss_cc=4.528 - loss_ce=2.095 - loss_ne=0.0152 - loss_div=0.00019 - threshold=0.998 - loss=6.638
/scratch/e0538389/DivClust/engine/trainer.py:41: FutureWarning: `torch.cuda.amp.autocast(args...)` is deprecated. Please use `torch.amp.autocast('cuda', args...)` instead.
  with autocast(self.mixed_precision):
[2026-03-30 12:46:39](logger.py 179): id=CC_FMNIST_C10CFG_K20_E100_DT_0_9 | Ep. 77/100 - Step 150/273 (2.24 it/s) |##########          | - loss_cc=4.528 - loss_ce=2.094 - loss_ne=0.015 - loss_div=0.000158 - threshold=0.999 - loss=6.637
/scratch/e0538389/DivClust/engine/trainer.py:41: FutureWarning: `torch.cuda.amp.autocast(args...)` is deprecated. Please use `torch.amp.autocast('cuda', args...)` instead.
  with autocast(self.mixed_precision):
[2026-03-30 12:46:51](logger.py 179): id=CC_FMNIST_C10CFG_K20_E100_DT_0_9 | Ep. 77/100 - Step 175/273 (2.22 it/s) |############        | - loss_cc=4.529 - loss_ce=2.095 - loss_ne=0.0151 - loss_div=0.000136 - threshold=0.999 - loss=6.639
/scratch/e0538389/DivClust/engine/trainer.py:41: FutureWarning: `torch.cuda.amp.autocast(args...)` is deprecated. Please use `torch.amp.autocast('cuda', args...)` instead.
  with autocast(self.mixed_precision):
/scratch/e0538389/DivClust/engine/trainer.py:41: FutureWarning: `torch.cuda.amp.autocast(args...)` is deprecated. Please use `torch.amp.autocast('cuda', args...)` instead.
  with autocast(self.mixed_precision):
[2026-03-30 12:47:03](logger.py 179): id=CC_FMNIST_C10CFG_K20_E100_DT_0_9 | Ep. 77/100 - Step 200/273 (2.21 it/s) |##############      | - loss_cc=4.528 - loss_ce=2.095 - loss_ne=0.015 - loss_div=0.000119 - threshold=0.999 - loss=6.638
/scratch/e0538389/DivClust/engine/trainer.py:41: FutureWarning: `torch.cuda.amp.autocast(args...)` is deprecated. Please use `torch.amp.autocast('cuda', args...)` instead.
  with autocast(self.mixed_precision):
[2026-03-30 12:47:15](logger.py 179): id=CC_FMNIST_C10CFG_K20_E100_DT_0_9 | Ep. 77/100 - Step 225/273 (2.19 it/s) |################    | - loss_cc=4.528 - loss_ce=2.095 - loss_ne=0.015 - loss_div=0.000106 - threshold=0.999 - loss=6.638
/scratch/e0538389/DivClust/engine/trainer.py:41: FutureWarning: `torch.cuda.amp.autocast(args...)` is deprecated. Please use `torch.amp.autocast('cuda', args...)` instead.
  with autocast(self.mixed_precision):
[2026-03-30 12:47:27](logger.py 179): id=CC_FMNIST_C10CFG_K20_E100_DT_0_9 | Ep. 77/100 - Step 250/273 (2.18 it/s) |##################  | - loss_cc=4.529 - loss_ce=2.095 - loss_ne=0.0148 - loss_div=9.52e-05 - threshold=0.999 - loss=6.639
/scratch/e0538389/DivClust/engine/trainer.py:41: FutureWarning: `torch.cuda.amp.autocast(args...)` is deprecated. Please use `torch.amp.autocast('cuda', args...)` instead.
  with autocast(self.mixed_precision):
[2026-03-30 12:47:37](logger.py 179): id=CC_FMNIST_C10CFG_K20_E100_DT_0_9 | Ep. 77/100 | Time: 00:02 | loss_cc=4.529 - loss_ce=2.095 - loss_ne=0.015 - loss_div=8.75e-05 - threshold=0.999 - loss=6.64
[2026-03-30 12:47:40](logger.py 179): id=CC_FMNIST_C10CFG_K20_E100_DT_0_9 | Ep. 78/100 - Step 0/273 (0.0 it/s) |                    | - loss_cc=4.56 - loss_ce=2.098 - loss_ne=0.0124 - loss_div=0.0 - threshold=1.0 - loss=6.67
/scratch/e0538389/DivClust/engine/trainer.py:41: FutureWarning: `torch.cuda.amp.autocast(args...)` is deprecated. Please use `torch.amp.autocast('cuda', args...)` instead.
  with autocast(self.mixed_precision):
[2026-03-30 12:47:52](logger.py 179): id=CC_FMNIST_C10CFG_K20_E100_DT_0_9 | Ep. 78/100 - Step 25/273 (2.08 it/s) |#                   | - loss_cc=4.532 - loss_ce=2.096 - loss_ne=0.0141 - loss_div=0.0 - threshold=1.0 - loss=6.643
/scratch/e0538389/DivClust/engine/trainer.py:41: FutureWarning: `torch.cuda.amp.autocast(args...)` is deprecated. Please use `torch.amp.autocast('cuda', args...)` instead.
  with autocast(self.mixed_precision):
/scratch/e0538389/DivClust/engine/trainer.py:41: FutureWarning: `torch.cuda.amp.autocast(args...)` is deprecated. Please use `torch.amp.autocast('cuda', args...)` instead.
  with autocast(self.mixed_precision):
[2026-03-30 12:48:05](logger.py 179): id=CC_FMNIST_C10CFG_K20_E100_DT_0_9 | Ep. 78/100 - Step 50/273 (2.0 it/s) |###                 | - loss_cc=4.531 - loss_ce=2.096 - loss_ne=0.0149 - loss_div=0.0 - threshold=1.0 - loss=6.643
/scratch/e0538389/DivClust/engine/trainer.py:41: FutureWarning: `torch.cuda.amp.autocast(args...)` is deprecated. Please use `torch.amp.autocast('cuda', args...)` instead.
  with autocast(self.mixed_precision):
[2026-03-30 12:48:16](logger.py 179): id=CC_FMNIST_C10CFG_K20_E100_DT_0_9 | Ep. 78/100 - Step 75/273 (2.04 it/s) |#####               | - loss_cc=4.53 - loss_ce=2.095 - loss_ne=0.0147 - loss_div=0.0 - threshold=1.0 - loss=6.64
/scratch/e0538389/DivClust/engine/trainer.py:41: FutureWarning: `torch.cuda.amp.autocast(args...)` is deprecated. Please use `torch.amp.autocast('cuda', args...)` instead.
  with autocast(self.mixed_precision):
[2026-03-30 12:48:28](logger.py 179): id=CC_FMNIST_C10CFG_K20_E100_DT_0_9 | Ep. 78/100 - Step 100/273 (2.05 it/s) |#######             | - loss_cc=4.529 - loss_ce=2.095 - loss_ne=0.0155 - loss_div=0.0 - threshold=1.0 - loss=6.64
/scratch/e0538389/DivClust/engine/trainer.py:41: FutureWarning: `torch.cuda.amp.autocast(args...)` is deprecated. Please use `torch.amp.autocast('cuda', args...)` instead.
  with autocast(self.mixed_precision):
[2026-03-30 12:48:40](logger.py 179): id=CC_FMNIST_C10CFG_K20_E100_DT_0_9 | Ep. 78/100 - Step 125/273 (2.06 it/s) |#########           | - loss_cc=4.528 - loss_ce=2.095 - loss_ne=0.0153 - loss_div=0.0 - threshold=1.0 - loss=6.638
/scratch/e0538389/DivClust/engine/trainer.py:41: FutureWarning: `torch.cuda.amp.autocast(args...)` is deprecated. Please use `torch.amp.autocast('cuda', args...)` instead.
  with autocast(self.mixed_precision):
/scratch/e0538389/DivClust/engine/trainer.py:41: FutureWarning: `torch.cuda.amp.autocast(args...)` is deprecated. Please use `torch.amp.autocast('cuda', args...)` instead.
  with autocast(self.mixed_precision):
[2026-03-30 12:48:52](logger.py 179): id=CC_FMNIST_C10CFG_K20_E100_DT_0_9 | Ep. 78/100 - Step 150/273 (2.08 it/s) |##########          | - loss_cc=4.528 - loss_ce=2.095 - loss_ne=0.0153 - loss_div=0.000143 - threshold=0.999 - loss=6.638
/scratch/e0538389/DivClust/engine/trainer.py:41: FutureWarning: `torch.cuda.amp.autocast(args...)` is deprecated. Please use `torch.amp.autocast('cuda', args...)` instead.
  with autocast(self.mixed_precision):
[2026-03-30 12:49:04](logger.py 179): id=CC_FMNIST_C10CFG_K20_E100_DT_0_9 | Ep. 78/100 - Step 175/273 (2.08 it/s) |############        | - loss_cc=4.527 - loss_ce=2.094 - loss_ne=0.0155 - loss_div=0.000123 - threshold=0.999 - loss=6.637
/scratch/e0538389/DivClust/engine/trainer.py:41: FutureWarning: `torch.cuda.amp.autocast(args...)` is deprecated. Please use `torch.amp.autocast('cuda', args...)` instead.
  with autocast(self.mixed_precision):
[2026-03-30 12:49:15](logger.py 179): id=CC_FMNIST_C10CFG_K20_E100_DT_0_9 | Ep. 78/100 - Step 200/273 (2.11 it/s) |##############      | - loss_cc=4.529 - loss_ce=2.095 - loss_ne=0.0156 - loss_div=0.000108 - threshold=0.999 - loss=6.639
/scratch/e0538389/DivClust/engine/trainer.py:41: FutureWarning: `torch.cuda.amp.autocast(args...)` is deprecated. Please use `torch.amp.autocast('cuda', args...)` instead.
  with autocast(self.mixed_precision):
[2026-03-30 12:49:25](logger.py 179): id=CC_FMNIST_C10CFG_K20_E100_DT_0_9 | Ep. 78/100 - Step 225/273 (2.13 it/s) |################    | - loss_cc=4.529 - loss_ce=2.095 - loss_ne=0.0156 - loss_div=9.58e-05 - threshold=0.999 - loss=6.64
/scratch/e0538389/DivClust/engine/trainer.py:41: FutureWarning: `torch.cuda.amp.autocast(args...)` is deprecated. Please use `torch.amp.autocast('cuda', args...)` instead.
  with autocast(self.mixed_precision):
/scratch/e0538389/DivClust/engine/trainer.py:41: FutureWarning: `torch.cuda.amp.autocast(args...)` is deprecated. Please use `torch.amp.autocast('cuda', args...)` instead.
  with autocast(self.mixed_precision):
[2026-03-30 12:49:37](logger.py 179): id=CC_FMNIST_C10CFG_K20_E100_DT_0_9 | Ep. 78/100 - Step 250/273 (2.14 it/s) |##################  | - loss_cc=4.529 - loss_ce=2.095 - loss_ne=0.0154 - loss_div=8.63e-05 - threshold=0.999 - loss=6.64
/scratch/e0538389/DivClust/engine/trainer.py:41: FutureWarning: `torch.cuda.amp.autocast(args...)` is deprecated. Please use `torch.amp.autocast('cuda', args...)` instead.
  with autocast(self.mixed_precision):
[2026-03-30 12:49:46](logger.py 179): id=CC_FMNIST_C10CFG_K20_E100_DT_0_9 | Ep. 78/100 | Time: 00:02 | loss_cc=4.529 - loss_ce=2.095 - loss_ne=0.0153 - loss_div=7.93e-05 - threshold=0.999 - loss=6.639
[2026-03-30 12:49:49](logger.py 179): id=CC_FMNIST_C10CFG_K20_E100_DT_0_9 | Ep. 79/100 - Step 0/273 (0.0 it/s) |                    | - loss_cc=4.526 - loss_ce=2.097 - loss_ne=0.0315 - loss_div=0.0 - threshold=1.0 - loss=6.655
/scratch/e0538389/DivClust/engine/trainer.py:41: FutureWarning: `torch.cuda.amp.autocast(args...)` is deprecated. Please use `torch.amp.autocast('cuda', args...)` instead.
  with autocast(self.mixed_precision):
[2026-03-30 12:49:59](logger.py 179): id=CC_FMNIST_C10CFG_K20_E100_DT_0_9 | Ep. 79/100 - Step 25/273 (2.31 it/s) |#                   | - loss_cc=4.524 - loss_ce=2.091 - loss_ne=0.0153 - loss_div=0.0 - threshold=1.0 - loss=6.63
/scratch/e0538389/DivClust/engine/trainer.py:41: FutureWarning: `torch.cuda.amp.autocast(args...)` is deprecated. Please use `torch.amp.autocast('cuda', args...)` instead.
  with autocast(self.mixed_precision):
[2026-03-30 12:50:10](logger.py 179): id=CC_FMNIST_C10CFG_K20_E100_DT_0_9 | Ep. 79/100 - Step 50/273 (2.31 it/s) |###                 | - loss_cc=4.527 - loss_ce=2.093 - loss_ne=0.0146 - loss_div=0.0 - threshold=1.0 - loss=6.634
/scratch/e0538389/DivClust/engine/trainer.py:41: FutureWarning: `torch.cuda.amp.autocast(args...)` is deprecated. Please use `torch.amp.autocast('cuda', args...)` instead.
  with autocast(self.mixed_precision):
/scratch/e0538389/DivClust/engine/trainer.py:41: FutureWarning: `torch.cuda.amp.autocast(args...)` is deprecated. Please use `torch.amp.autocast('cuda', args...)` instead.
  with autocast(self.mixed_precision):
[2026-03-30 12:50:21](logger.py 179): id=CC_FMNIST_C10CFG_K20_E100_DT_0_9 | Ep. 79/100 - Step 75/273 (2.28 it/s) |#####               | - loss_cc=4.526 - loss_ce=2.093 - loss_ne=0.0162 - loss_div=0.0 - threshold=1.0 - loss=6.636
/scratch/e0538389/DivClust/engine/trainer.py:41: FutureWarning: `torch.cuda.amp.autocast(args...)` is deprecated. Please use `torch.amp.autocast('cuda', args...)` instead.
  with autocast(self.mixed_precision):
[2026-03-30 12:50:32](logger.py 179): id=CC_FMNIST_C10CFG_K20_E100_DT_0_9 | Ep. 79/100 - Step 100/273 (2.3 it/s) |#######             | - loss_cc=4.527 - loss_ce=2.094 - loss_ne=0.0163 - loss_div=0.0 - threshold=1.0 - loss=6.637
/scratch/e0538389/DivClust/engine/trainer.py:41: FutureWarning: `torch.cuda.amp.autocast(args...)` is deprecated. Please use `torch.amp.autocast('cuda', args...)` instead.
  with autocast(self.mixed_precision):
[2026-03-30 12:50:43](logger.py 179): id=CC_FMNIST_C10CFG_K20_E100_DT_0_9 | Ep. 79/100 - Step 125/273 (2.32 it/s) |#########           | - loss_cc=4.526 - loss_ce=2.094 - loss_ne=0.0162 - loss_div=0.0 - threshold=1.0 - loss=6.636
/scratch/e0538389/DivClust/engine/trainer.py:41: FutureWarning: `torch.cuda.amp.autocast(args...)` is deprecated. Please use `torch.amp.autocast('cuda', args...)` instead.
  with autocast(self.mixed_precision):
[2026-03-30 12:50:53](logger.py 179): id=CC_FMNIST_C10CFG_K20_E100_DT_0_9 | Ep. 79/100 - Step 150/273 (2.33 it/s) |##########          | - loss_cc=4.527 - loss_ce=2.094 - loss_ne=0.0162 - loss_div=0.0 - threshold=1.0 - loss=6.638
/scratch/e0538389/DivClust/engine/trainer.py:41: FutureWarning: `torch.cuda.amp.autocast(args...)` is deprecated. Please use `torch.amp.autocast('cuda', args...)` instead.
  with autocast(self.mixed_precision):
/scratch/e0538389/DivClust/engine/trainer.py:41: FutureWarning: `torch.cuda.amp.autocast(args...)` is deprecated. Please use `torch.amp.autocast('cuda', args...)` instead.
  with autocast(self.mixed_precision):
[2026-03-30 12:51:04](logger.py 179): id=CC_FMNIST_C10CFG_K20_E100_DT_0_9 | Ep. 79/100 - Step 175/273 (2.31 it/s) |############        | - loss_cc=4.528 - loss_ce=2.094 - loss_ne=0.016 - loss_div=8.88e-05 - threshold=1.0 - loss=6.638
/scratch/e0538389/DivClust/engine/trainer.py:41: FutureWarning: `torch.cuda.amp.autocast(args...)` is deprecated. Please use `torch.amp.autocast('cuda', args...)` instead.
  with autocast(self.mixed_precision):
[2026-03-30 12:51:15](logger.py 179): id=CC_FMNIST_C10CFG_K20_E100_DT_0_9 | Ep. 79/100 - Step 200/273 (2.31 it/s) |##############      | - loss_cc=4.527 - loss_ce=2.094 - loss_ne=0.016 - loss_div=0.000126 - threshold=0.999 - loss=6.637
/scratch/e0538389/DivClust/engine/trainer.py:41: FutureWarning: `torch.cuda.amp.autocast(args...)` is deprecated. Please use `torch.amp.autocast('cuda', args...)` instead.
  with autocast(self.mixed_precision):
[2026-03-30 12:51:26](logger.py 179): id=CC_FMNIST_C10CFG_K20_E100_DT_0_9 | Ep. 79/100 - Step 225/273 (2.31 it/s) |################    | - loss_cc=4.527 - loss_ce=2.094 - loss_ne=0.0157 - loss_div=0.000112 - threshold=0.999 - loss=6.637
/scratch/e0538389/DivClust/engine/trainer.py:41: FutureWarning: `torch.cuda.amp.autocast(args...)` is deprecated. Please use `torch.amp.autocast('cuda', args...)` instead.
  with autocast(self.mixed_precision):
[2026-03-30 12:51:36](logger.py 179): id=CC_FMNIST_C10CFG_K20_E100_DT_0_9 | Ep. 79/100 - Step 250/273 (2.32 it/s) |##################  | - loss_cc=4.526 - loss_ce=2.094 - loss_ne=0.0155 - loss_div=0.000101 - threshold=0.999 - loss=6.636
/scratch/e0538389/DivClust/engine/trainer.py:41: FutureWarning: `torch.cuda.amp.autocast(args...)` is deprecated. Please use `torch.amp.autocast('cuda', args...)` instead.
  with autocast(self.mixed_precision):
[2026-03-30 12:51:45](logger.py 179): id=CC_FMNIST_C10CFG_K20_E100_DT_0_9 | Ep. 79/100 | Time: 00:01 | loss_cc=4.526 - loss_ce=2.094 - loss_ne=0.0156 - loss_div=9.3e-05 - threshold=0.999 - loss=6.636
[2026-03-30 12:51:48](logger.py 179): id=CC_FMNIST_C10CFG_K20_E100_DT_0_9 | Ep. 80/100 - Step 0/273 (0.0 it/s) |                    | - loss_cc=4.512 - loss_ce=2.096 - loss_ne=0.0202 - loss_div=0.0 - threshold=1.0 - loss=6.627
/scratch/e0538389/DivClust/engine/trainer.py:41: FutureWarning: `torch.cuda.amp.autocast(args...)` is deprecated. Please use `torch.amp.autocast('cuda', args...)` instead.
  with autocast(self.mixed_precision):
/scratch/e0538389/DivClust/engine/trainer.py:41: FutureWarning: `torch.cuda.amp.autocast(args...)` is deprecated. Please use `torch.amp.autocast('cuda', args...)` instead.
  with autocast(self.mixed_precision):
[2026-03-30 12:51:59](logger.py 179): id=CC_FMNIST_C10CFG_K20_E100_DT_0_9 | Ep. 80/100 - Step 25/273 (2.31 it/s) |#                   | - loss_cc=4.524 - loss_ce=2.092 - loss_ne=0.0143 - loss_div=0.0 - threshold=1.0 - loss=6.631
/scratch/e0538389/DivClust/engine/trainer.py:41: FutureWarning: `torch.cuda.amp.autocast(args...)` is deprecated. Please use `torch.amp.autocast('cuda', args...)` instead.
  with autocast(self.mixed_precision):
[2026-03-30 12:52:09](logger.py 179): id=CC_FMNIST_C10CFG_K20_E100_DT_0_9 | Ep. 80/100 - Step 50/273 (2.34 it/s) |###                 | - loss_cc=4.527 - loss_ce=2.093 - loss_ne=0.0156 - loss_div=0.0 - threshold=1.0 - loss=6.636
/scratch/e0538389/DivClust/engine/trainer.py:41: FutureWarning: `torch.cuda.amp.autocast(args...)` is deprecated. Please use `torch.amp.autocast('cuda', args...)` instead.
  with autocast(self.mixed_precision):
[2026-03-30 12:52:20](logger.py 179): id=CC_FMNIST_C10CFG_K20_E100_DT_0_9 | Ep. 80/100 - Step 75/273 (2.35 it/s) |#####               | - loss_cc=4.529 - loss_ce=2.094 - loss_ne=0.0152 - loss_div=0.0 - threshold=1.0 - loss=6.639
/scratch/e0538389/DivClust/engine/trainer.py:41: FutureWarning: `torch.cuda.amp.autocast(args...)` is deprecated. Please use `torch.amp.autocast('cuda', args...)` instead.
  with autocast(self.mixed_precision):
[2026-03-30 12:52:31](logger.py 179): id=CC_FMNIST_C10CFG_K20_E100_DT_0_9 | Ep. 80/100 - Step 100/273 (2.32 it/s) |#######             | - loss_cc=4.529 - loss_ce=2.094 - loss_ne=0.0156 - loss_div=0.0 - threshold=1.0 - loss=6.639
/scratch/e0538389/DivClust/engine/trainer.py:41: FutureWarning: `torch.cuda.amp.autocast(args...)` is deprecated. Please use `torch.amp.autocast('cuda', args...)` instead.
  with autocast(self.mixed_precision):
/scratch/e0538389/DivClust/engine/trainer.py:41: FutureWarning: `torch.cuda.amp.autocast(args...)` is deprecated. Please use `torch.amp.autocast('cuda', args...)` instead.
  with autocast(self.mixed_precision):
[2026-03-30 12:52:42](logger.py 179): id=CC_FMNIST_C10CFG_K20_E100_DT_0_9 | Ep. 80/100 - Step 125/273 (2.32 it/s) |#########           | - loss_cc=4.528 - loss_ce=2.094 - loss_ne=0.0152 - loss_div=0.0 - threshold=1.0 - loss=6.638
/scratch/e0538389/DivClust/engine/trainer.py:41: FutureWarning: `torch.cuda.amp.autocast(args...)` is deprecated. Please use `torch.amp.autocast('cuda', args...)` instead.
  with autocast(self.mixed_precision):
[2026-03-30 12:52:52](logger.py 179): id=CC_FMNIST_C10CFG_K20_E100_DT_0_9 | Ep. 80/100 - Step 150/273 (2.33 it/s) |##########          | - loss_cc=4.528 - loss_ce=2.094 - loss_ne=0.015 - loss_div=0.0 - threshold=1.0 - loss=6.638
/scratch/e0538389/DivClust/engine/trainer.py:41: FutureWarning: `torch.cuda.amp.autocast(args...)` is deprecated. Please use `torch.amp.autocast('cuda', args...)` instead.
  with autocast(self.mixed_precision):
[2026-03-30 12:53:03](logger.py 179): id=CC_FMNIST_C10CFG_K20_E100_DT_0_9 | Ep. 80/100 - Step 175/273 (2.34 it/s) |############        | - loss_cc=4.528 - loss_ce=2.095 - loss_ne=0.0147 - loss_div=0.0 - threshold=1.0 - loss=6.638
/scratch/e0538389/DivClust/engine/trainer.py:41: FutureWarning: `torch.cuda.amp.autocast(args...)` is deprecated. Please use `torch.amp.autocast('cuda', args...)` instead.
  with autocast(self.mixed_precision):
[2026-03-30 12:53:14](logger.py 179): id=CC_FMNIST_C10CFG_K20_E100_DT_0_9 | Ep. 80/100 - Step 200/273 (2.33 it/s) |##############      | - loss_cc=4.527 - loss_ce=2.094 - loss_ne=0.0149 - loss_div=9.16e-05 - threshold=0.999 - loss=6.636
/scratch/e0538389/DivClust/engine/trainer.py:41: FutureWarning: `torch.cuda.amp.autocast(args...)` is deprecated. Please use `torch.amp.autocast('cuda', args...)` instead.
  with autocast(self.mixed_precision):
/scratch/e0538389/DivClust/engine/trainer.py:41: FutureWarning: `torch.cuda.amp.autocast(args...)` is deprecated. Please use `torch.amp.autocast('cuda', args...)` instead.
  with autocast(self.mixed_precision):
[2026-03-30 12:53:25](logger.py 179): id=CC_FMNIST_C10CFG_K20_E100_DT_0_9 | Ep. 80/100 - Step 225/273 (2.32 it/s) |################    | - loss_cc=4.526 - loss_ce=2.094 - loss_ne=0.0146 - loss_div=8.15e-05 - threshold=0.999 - loss=6.635
/scratch/e0538389/DivClust/engine/trainer.py:41: FutureWarning: `torch.cuda.amp.autocast(args...)` is deprecated. Please use `torch.amp.autocast('cuda', args...)` instead.
  with autocast(self.mixed_precision):
[2026-03-30 12:53:35](logger.py 179): id=CC_FMNIST_C10CFG_K20_E100_DT_0_9 | Ep. 80/100 - Step 250/273 (2.33 it/s) |##################  | - loss_cc=4.527 - loss_ce=2.094 - loss_ne=0.0145 - loss_div=7.34e-05 - threshold=0.999 - loss=6.635
/scratch/e0538389/DivClust/engine/trainer.py:41: FutureWarning: `torch.cuda.amp.autocast(args...)` is deprecated. Please use `torch.amp.autocast('cuda', args...)` instead.
  with autocast(self.mixed_precision):
[2026-03-30 12:53:44](logger.py 179): Evaluating
[2026-03-30 12:53:45](logger.py 179): Eval. step 0 of 274
[2026-03-30 12:53:47](logger.py 179): Eval. step 25 of 274
[2026-03-30 12:53:50](logger.py 179): Eval. step 50 of 274
[2026-03-30 12:53:52](logger.py 179): Eval. step 75 of 274
[2026-03-30 12:53:54](logger.py 179): Eval. step 100 of 274
[2026-03-30 12:53:57](logger.py 179): Eval. step 125 of 274
[2026-03-30 12:53:59](logger.py 179): Eval. step 150 of 274
[2026-03-30 12:54:01](logger.py 179): Eval. step 175 of 274
[2026-03-30 12:54:04](logger.py 179): Eval. step 200 of 274
[2026-03-30 12:54:06](logger.py 179): Eval. step 225 of 274
[2026-03-30 12:54:08](logger.py 179): Eval. step 250 of 274
[2026-03-30 12:54:12](logger.py 179): id=CC_FMNIST_C10CFG_K20_E100_DT_0_9 | Ep. 80/100 | Time: 00:02 | loss_cc=4.527 - loss_ce=2.094 - loss_ne=0.0145 - loss_div=6.75e-05 - threshold=0.999 - loss=6.635 - eval_confidence=0.899 - cluster_acc_0_eval=64.07 - cluster_nmi_0_eval=0.625 - cluster_ari_0_eval=0.513 - cluster_acc_1_eval=64.03 - cluster_nmi_1_eval=0.632 - cluster_ari_1_eval=0.519 - cluster_acc_2_eval=63.97 - cluster_nmi_2_eval=0.631 - cluster_ari_2_eval=0.511 - cluster_acc_3_eval=64.04 - cluster_nmi_3_eval=0.624 - cluster_ari_3_eval=0.508 - cluster_acc_4_eval=63.73 - cluster_nmi_4_eval=0.626 - cluster_ari_4_eval=0.513 - cluster_acc_5_eval=63.16 - cluster_nmi_5_eval=0.621 - cluster_ari_5_eval=0.5 - cluster_acc_6_eval=63.99 - cluster_nmi_6_eval=0.629 - cluster_ari_6_eval=0.513 - cluster_acc_7_eval=63.5 - cluster_nmi_7_eval=0.631 - cluster_ari_7_eval=0.516 - cluster_acc_8_eval=64.31 - cluster_nmi_8_eval=0.624 - cluster_ari_8_eval=0.51 - cluster_acc_9_eval=64.53 - cluster_nmi_9_eval=0.627 - cluster_ari_9_eval=0.517 - cluster_acc_10_eval=64.97 - cluster_nmi_10_eval=0.629 - cluster_ari_10_eval=0.523 - cluster_acc_11_eval=64.48 - cluster_nmi_11_eval=0.627 - cluster_ari_11_eval=0.519 - cluster_acc_12_eval=64.3 - cluster_nmi_12_eval=0.63 - cluster_ari_12_eval=0.514 - cluster_acc_13_eval=65.13 - cluster_nmi_13_eval=0.628 - cluster_ari_13_eval=0.509 - cluster_acc_14_eval=66.58 - cluster_nmi_14_eval=0.641 - cluster_ari_14_eval=0.531 - cluster_acc_15_eval=64.35 - cluster_nmi_15_eval=0.63 - cluster_ari_15_eval=0.513 - cluster_acc_16_eval=64.67 - cluster_nmi_16_eval=0.633 - cluster_ari_16_eval=0.517 - cluster_acc_17_eval=63.9 - cluster_nmi_17_eval=0.62 - cluster_ari_17_eval=0.499 - cluster_acc_18_eval=63.44 - cluster_nmi_18_eval=0.617 - cluster_ari_18_eval=0.5 - cluster_acc_19_eval=63.25 - cluster_nmi_19_eval=0.616 - cluster_ari_19_eval=0.495 - max_cluster_acc_eval=66.58 - mean_cluster_acc_eval=64.22 - min_cluster_acc_eval=63.16 - max_cluster_nmi_eval=0.641 - mean_cluster_nmi_eval=0.627 - min_cluster_nmi_eval=0.616 - max_cluster_ari_eval=0.531 - mean_cluster_ari_eval=0.512 - min_cluster_ari_eval=0.495 - interclustering_nmi_eval=0.871
/scratch/e0538389/DivClust/engine/trainer.py:41: FutureWarning: `torch.cuda.amp.autocast(args...)` is deprecated. Please use `torch.amp.autocast('cuda', args...)` instead.
  with autocast(self.mixed_precision):
[2026-03-30 12:54:15](logger.py 179): id=CC_FMNIST_C10CFG_K20_E100_DT_0_9 | Ep. 81/100 - Step 0/273 (0.0 it/s) |                    | - loss_cc=4.537 - loss_ce=2.111 - loss_ne=0.00775 - loss_div=0.0 - threshold=1.0 - loss=6.656
/scratch/e0538389/DivClust/engine/trainer.py:41: FutureWarning: `torch.cuda.amp.autocast(args...)` is deprecated. Please use `torch.amp.autocast('cuda', args...)` instead.
  with autocast(self.mixed_precision):
[2026-03-30 12:54:25](logger.py 179): id=CC_FMNIST_C10CFG_K20_E100_DT_0_9 | Ep. 81/100 - Step 25/273 (2.34 it/s) |#                   | - loss_cc=4.524 - loss_ce=2.094 - loss_ne=0.0152 - loss_div=0.0 - threshold=1.0 - loss=6.633
/scratch/e0538389/DivClust/engine/trainer.py:41: FutureWarning: `torch.cuda.amp.autocast(args...)` is deprecated. Please use `torch.amp.autocast('cuda', args...)` instead.
  with autocast(self.mixed_precision):
/scratch/e0538389/DivClust/engine/trainer.py:41: FutureWarning: `torch.cuda.amp.autocast(args...)` is deprecated. Please use `torch.amp.autocast('cuda', args...)` instead.
  with autocast(self.mixed_precision):
[2026-03-30 12:54:36](logger.py 179): id=CC_FMNIST_C10CFG_K20_E100_DT_0_9 | Ep. 81/100 - Step 50/273 (2.3 it/s) |###                 | - loss_cc=4.527 - loss_ce=2.095 - loss_ne=0.0162 - loss_div=0.0 - threshold=1.0 - loss=6.639
/scratch/e0538389/DivClust/engine/trainer.py:41: FutureWarning: `torch.cuda.amp.autocast(args...)` is deprecated. Please use `torch.amp.autocast('cuda', args...)` instead.
  with autocast(self.mixed_precision):
[2026-03-30 12:54:47](logger.py 179): id=CC_FMNIST_C10CFG_K20_E100_DT_0_9 | Ep. 81/100 - Step 75/273 (2.31 it/s) |#####               | - loss_cc=4.529 - loss_ce=2.096 - loss_ne=0.0154 - loss_div=0.0 - threshold=1.0 - loss=6.641
/scratch/e0538389/DivClust/engine/trainer.py:41: FutureWarning: `torch.cuda.amp.autocast(args...)` is deprecated. Please use `torch.amp.autocast('cuda', args...)` instead.
  with autocast(self.mixed_precision):
[2026-03-30 12:54:58](logger.py 179): id=CC_FMNIST_C10CFG_K20_E100_DT_0_9 | Ep. 81/100 - Step 100/273 (2.31 it/s) |#######             | - loss_cc=4.528 - loss_ce=2.095 - loss_ne=0.0162 - loss_div=0.0 - threshold=1.0 - loss=6.639
/scratch/e0538389/DivClust/engine/trainer.py:41: FutureWarning: `torch.cuda.amp.autocast(args...)` is deprecated. Please use `torch.amp.autocast('cuda', args...)` instead.
  with autocast(self.mixed_precision):
[2026-03-30 12:55:08](logger.py 179): id=CC_FMNIST_C10CFG_K20_E100_DT_0_9 | Ep. 81/100 - Step 125/273 (2.33 it/s) |#########           | - loss_cc=4.528 - loss_ce=2.095 - loss_ne=0.0158 - loss_div=0.0 - threshold=1.0 - loss=6.638
/scratch/e0538389/DivClust/engine/trainer.py:41: FutureWarning: `torch.cuda.amp.autocast(args...)` is deprecated. Please use `torch.amp.autocast('cuda', args...)` instead.
  with autocast(self.mixed_precision):
/scratch/e0538389/DivClust/engine/trainer.py:41: FutureWarning: `torch.cuda.amp.autocast(args...)` is deprecated. Please use `torch.amp.autocast('cuda', args...)` instead.
  with autocast(self.mixed_precision):
[2026-03-30 12:55:19](logger.py 179): id=CC_FMNIST_C10CFG_K20_E100_DT_0_9 | Ep. 81/100 - Step 150/273 (2.33 it/s) |##########          | - loss_cc=4.527 - loss_ce=2.094 - loss_ne=0.0158 - loss_div=0.000126 - threshold=0.999 - loss=6.637
/scratch/e0538389/DivClust/engine/trainer.py:41: FutureWarning: `torch.cuda.amp.autocast(args...)` is deprecated. Please use `torch.amp.autocast('cuda', args...)` instead.
  with autocast(self.mixed_precision):
[2026-03-30 12:55:30](logger.py 179): id=CC_FMNIST_C10CFG_K20_E100_DT_0_9 | Ep. 81/100 - Step 175/273 (2.33 it/s) |############        | - loss_cc=4.526 - loss_ce=2.094 - loss_ne=0.0159 - loss_div=0.000108 - threshold=0.999 - loss=6.637
/scratch/e0538389/DivClust/engine/trainer.py:41: FutureWarning: `torch.cuda.amp.autocast(args...)` is deprecated. Please use `torch.amp.autocast('cuda', args...)` instead.
  with autocast(self.mixed_precision):
[2026-03-30 12:55:41](logger.py 179): id=CC_FMNIST_C10CFG_K20_E100_DT_0_9 | Ep. 81/100 - Step 200/273 (2.32 it/s) |##############      | - loss_cc=4.527 - loss_ce=2.095 - loss_ne=0.0158 - loss_div=9.46e-05 - threshold=0.999 - loss=6.638
/scratch/e0538389/DivClust/engine/trainer.py:41: FutureWarning: `torch.cuda.amp.autocast(args...)` is deprecated. Please use `torch.amp.autocast('cuda', args...)` instead.
  with autocast(self.mixed_precision):
[2026-03-30 12:55:51](logger.py 179): id=CC_FMNIST_C10CFG_K20_E100_DT_0_9 | Ep. 81/100 - Step 225/273 (2.32 it/s) |################    | - loss_cc=4.527 - loss_ce=2.095 - loss_ne=0.0161 - loss_div=8.42e-05 - threshold=0.999 - loss=6.638
/scratch/e0538389/DivClust/engine/trainer.py:41: FutureWarning: `torch.cuda.amp.autocast(args...)` is deprecated. Please use `torch.amp.autocast('cuda', args...)` instead.
  with autocast(self.mixed_precision):
/scratch/e0538389/DivClust/engine/trainer.py:41: FutureWarning: `torch.cuda.amp.autocast(args...)` is deprecated. Please use `torch.amp.autocast('cuda', args...)` instead.
  with autocast(self.mixed_precision):
[2026-03-30 12:56:02](logger.py 179): id=CC_FMNIST_C10CFG_K20_E100_DT_0_9 | Ep. 81/100 - Step 250/273 (2.32 it/s) |##################  | - loss_cc=4.527 - loss_ce=2.095 - loss_ne=0.0157 - loss_div=7.58e-05 - threshold=0.999 - loss=6.637
/scratch/e0538389/DivClust/engine/trainer.py:41: FutureWarning: `torch.cuda.amp.autocast(args...)` is deprecated. Please use `torch.amp.autocast('cuda', args...)` instead.
  with autocast(self.mixed_precision):
[2026-03-30 12:56:12](logger.py 179): id=CC_FMNIST_C10CFG_K20_E100_DT_0_9 | Ep. 81/100 | Time: 00:01 | loss_cc=4.527 - loss_ce=2.095 - loss_ne=0.0156 - loss_div=6.97e-05 - threshold=0.999 - loss=6.637
[2026-03-30 12:56:14](logger.py 179): id=CC_FMNIST_C10CFG_K20_E100_DT_0_9 | Ep. 82/100 - Step 0/273 (0.0 it/s) |                    | - loss_cc=4.582 - loss_ce=2.108 - loss_ne=0.0121 - loss_div=0.0 - threshold=1.0 - loss=6.702
/scratch/e0538389/DivClust/engine/trainer.py:41: FutureWarning: `torch.cuda.amp.autocast(args...)` is deprecated. Please use `torch.amp.autocast('cuda', args...)` instead.
  with autocast(self.mixed_precision):
[2026-03-30 12:56:24](logger.py 179): id=CC_FMNIST_C10CFG_K20_E100_DT_0_9 | Ep. 82/100 - Step 25/273 (2.38 it/s) |#                   | - loss_cc=4.529 - loss_ce=2.096 - loss_ne=0.0142 - loss_div=0.0 - threshold=1.0 - loss=6.638
/scratch/e0538389/DivClust/engine/trainer.py:41: FutureWarning: `torch.cuda.amp.autocast(args...)` is deprecated. Please use `torch.amp.autocast('cuda', args...)` instead.
  with autocast(self.mixed_precision):
[2026-03-30 12:56:35](logger.py 179): id=CC_FMNIST_C10CFG_K20_E100_DT_0_9 | Ep. 82/100 - Step 50/273 (2.35 it/s) |###                 | - loss_cc=4.529 - loss_ce=2.095 - loss_ne=0.0135 - loss_div=0.0 - threshold=1.0 - loss=6.637
/scratch/e0538389/DivClust/engine/trainer.py:41: FutureWarning: `torch.cuda.amp.autocast(args...)` is deprecated. Please use `torch.amp.autocast('cuda', args...)` instead.
  with autocast(self.mixed_precision):
/scratch/e0538389/DivClust/engine/trainer.py:41: FutureWarning: `torch.cuda.amp.autocast(args...)` is deprecated. Please use `torch.amp.autocast('cuda', args...)` instead.
  with autocast(self.mixed_precision):
[2026-03-30 12:56:46](logger.py 179): id=CC_FMNIST_C10CFG_K20_E100_DT_0_9 | Ep. 82/100 - Step 75/273 (2.33 it/s) |#####               | - loss_cc=4.528 - loss_ce=2.095 - loss_ne=0.0134 - loss_div=0.0 - threshold=1.0 - loss=6.636
/scratch/e0538389/DivClust/engine/trainer.py:41: FutureWarning: `torch.cuda.amp.autocast(args...)` is deprecated. Please use `torch.amp.autocast('cuda', args...)` instead.
  with autocast(self.mixed_precision):
[2026-03-30 12:56:56](logger.py 179): id=CC_FMNIST_C10CFG_K20_E100_DT_0_9 | Ep. 82/100 - Step 100/273 (2.35 it/s) |#######             | - loss_cc=4.526 - loss_ce=2.094 - loss_ne=0.0135 - loss_div=0.000229 - threshold=0.999 - loss=6.634
/scratch/e0538389/DivClust/engine/trainer.py:41: FutureWarning: `torch.cuda.amp.autocast(args...)` is deprecated. Please use `torch.amp.autocast('cuda', args...)` instead.
  with autocast(self.mixed_precision):
[2026-03-30 12:57:07](logger.py 179): id=CC_FMNIST_C10CFG_K20_E100_DT_0_9 | Ep. 82/100 - Step 125/273 (2.35 it/s) |#########           | - loss_cc=4.526 - loss_ce=2.094 - loss_ne=0.0136 - loss_div=0.000188 - threshold=0.998 - loss=6.634
/scratch/e0538389/DivClust/engine/trainer.py:41: FutureWarning: `torch.cuda.amp.autocast(args...)` is deprecated. Please use `torch.amp.autocast('cuda', args...)` instead.
  with autocast(self.mixed_precision):
[2026-03-30 12:57:17](logger.py 179): id=CC_FMNIST_C10CFG_K20_E100_DT_0_9 | Ep. 82/100 - Step 150/273 (2.36 it/s) |##########          | - loss_cc=4.525 - loss_ce=2.094 - loss_ne=0.0137 - loss_div=0.000157 - threshold=0.999 - loss=6.633
/scratch/e0538389/DivClust/engine/trainer.py:41: FutureWarning: `torch.cuda.amp.autocast(args...)` is deprecated. Please use `torch.amp.autocast('cuda', args...)` instead.
  with autocast(self.mixed_precision):
/scratch/e0538389/DivClust/engine/trainer.py:41: FutureWarning: `torch.cuda.amp.autocast(args...)` is deprecated. Please use `torch.amp.autocast('cuda', args...)` instead.
  with autocast(self.mixed_precision):
[2026-03-30 12:57:28](logger.py 179): id=CC_FMNIST_C10CFG_K20_E100_DT_0_9 | Ep. 82/100 - Step 175/273 (2.35 it/s) |############        | - loss_cc=4.525 - loss_ce=2.094 - loss_ne=0.0137 - loss_div=0.000135 - threshold=0.999 - loss=6.632
/scratch/e0538389/DivClust/engine/trainer.py:41: FutureWarning: `torch.cuda.amp.autocast(args...)` is deprecated. Please use `torch.amp.autocast('cuda', args...)` instead.
  with autocast(self.mixed_precision):
[2026-03-30 12:57:39](logger.py 179): id=CC_FMNIST_C10CFG_K20_E100_DT_0_9 | Ep. 82/100 - Step 200/273 (2.36 it/s) |##############      | - loss_cc=4.524 - loss_ce=2.093 - loss_ne=0.0141 - loss_div=0.000118 - threshold=0.999 - loss=6.631
/scratch/e0538389/DivClust/engine/trainer.py:41: FutureWarning: `torch.cuda.amp.autocast(args...)` is deprecated. Please use `torch.amp.autocast('cuda', args...)` instead.
  with autocast(self.mixed_precision):
[2026-03-30 12:57:50](logger.py 179): id=CC_FMNIST_C10CFG_K20_E100_DT_0_9 | Ep. 82/100 - Step 225/273 (2.35 it/s) |################    | - loss_cc=4.524 - loss_ce=2.093 - loss_ne=0.0141 - loss_div=0.000105 - threshold=0.999 - loss=6.631
/scratch/e0538389/DivClust/engine/trainer.py:41: FutureWarning: `torch.cuda.amp.autocast(args...)` is deprecated. Please use `torch.amp.autocast('cuda', args...)` instead.
  with autocast(self.mixed_precision):
[2026-03-30 12:58:00](logger.py 179): id=CC_FMNIST_C10CFG_K20_E100_DT_0_9 | Ep. 82/100 - Step 250/273 (2.35 it/s) |##################  | - loss_cc=4.524 - loss_ce=2.093 - loss_ne=0.0141 - loss_div=9.44e-05 - threshold=0.999 - loss=6.631
/scratch/e0538389/DivClust/engine/trainer.py:41: FutureWarning: `torch.cuda.amp.autocast(args...)` is deprecated. Please use `torch.amp.autocast('cuda', args...)` instead.
  with autocast(self.mixed_precision):
[2026-03-30 12:58:10](logger.py 179): id=CC_FMNIST_C10CFG_K20_E100_DT_0_9 | Ep. 82/100 | Time: 00:01 | loss_cc=4.524 - loss_ce=2.093 - loss_ne=0.0141 - loss_div=8.68e-05 - threshold=0.999 - loss=6.632
[2026-03-30 12:58:12](logger.py 179): id=CC_FMNIST_C10CFG_K20_E100_DT_0_9 | Ep. 83/100 - Step 0/273 (0.0 it/s) |                    | - loss_cc=4.53 - loss_ce=2.092 - loss_ne=0.014 - loss_div=0.0 - threshold=1.0 - loss=6.636
/scratch/e0538389/DivClust/engine/trainer.py:41: FutureWarning: `torch.cuda.amp.autocast(args...)` is deprecated. Please use `torch.amp.autocast('cuda', args...)` instead.
  with autocast(self.mixed_precision):
/scratch/e0538389/DivClust/engine/trainer.py:41: FutureWarning: `torch.cuda.amp.autocast(args...)` is deprecated. Please use `torch.amp.autocast('cuda', args...)` instead.
  with autocast(self.mixed_precision):
[2026-03-30 12:58:23](logger.py 179): id=CC_FMNIST_C10CFG_K20_E100_DT_0_9 | Ep. 83/100 - Step 25/273 (2.33 it/s) |#                   | - loss_cc=4.522 - loss_ce=2.092 - loss_ne=0.0135 - loss_div=0.00059 - threshold=0.998 - loss=6.627
/scratch/e0538389/DivClust/engine/trainer.py:41: FutureWarning: `torch.cuda.amp.autocast(args...)` is deprecated. Please use `torch.amp.autocast('cuda', args...)` instead.
  with autocast(self.mixed_precision):
[2026-03-30 12:58:33](logger.py 179): id=CC_FMNIST_C10CFG_K20_E100_DT_0_9 | Ep. 83/100 - Step 50/273 (2.36 it/s) |###                 | - loss_cc=4.523 - loss_ce=2.093 - loss_ne=0.0142 - loss_div=0.000371 - threshold=0.996 - loss=6.631
/scratch/e0538389/DivClust/engine/trainer.py:41: FutureWarning: `torch.cuda.amp.autocast(args...)` is deprecated. Please use `torch.amp.autocast('cuda', args...)` instead.
  with autocast(self.mixed_precision):
[2026-03-30 12:58:44](logger.py 179): id=CC_FMNIST_C10CFG_K20_E100_DT_0_9 | Ep. 83/100 - Step 75/273 (2.37 it/s) |#####               | - loss_cc=4.522 - loss_ce=2.093 - loss_ne=0.0147 - loss_div=0.000249 - threshold=0.997 - loss=6.63
/scratch/e0538389/DivClust/engine/trainer.py:41: FutureWarning: `torch.cuda.amp.autocast(args...)` is deprecated. Please use `torch.amp.autocast('cuda', args...)` instead.
  with autocast(self.mixed_precision):
[2026-03-30 12:58:55](logger.py 179): id=CC_FMNIST_C10CFG_K20_E100_DT_0_9 | Ep. 83/100 - Step 100/273 (2.36 it/s) |#######             | - loss_cc=4.524 - loss_ce=2.093 - loss_ne=0.0146 - loss_div=0.000187 - threshold=0.998 - loss=6.632
/scratch/e0538389/DivClust/engine/trainer.py:41: FutureWarning: `torch.cuda.amp.autocast(args...)` is deprecated. Please use `torch.amp.autocast('cuda', args...)` instead.
  with autocast(self.mixed_precision):
/scratch/e0538389/DivClust/engine/trainer.py:41: FutureWarning: `torch.cuda.amp.autocast(args...)` is deprecated. Please use `torch.amp.autocast('cuda', args...)` instead.
  with autocast(self.mixed_precision):
[2026-03-30 12:59:06](logger.py 179): id=CC_FMNIST_C10CFG_K20_E100_DT_0_9 | Ep. 83/100 - Step 125/273 (2.33 it/s) |#########           | - loss_cc=4.525 - loss_ce=2.093 - loss_ne=0.0146 - loss_div=0.00015 - threshold=0.998 - loss=6.633
/scratch/e0538389/DivClust/engine/trainer.py:41: FutureWarning: `torch.cuda.amp.autocast(args...)` is deprecated. Please use `torch.amp.autocast('cuda', args...)` instead.
  with autocast(self.mixed_precision):
[2026-03-30 12:59:16](logger.py 179): id=CC_FMNIST_C10CFG_K20_E100_DT_0_9 | Ep. 83/100 - Step 150/273 (2.34 it/s) |##########          | - loss_cc=4.526 - loss_ce=2.093 - loss_ne=0.0144 - loss_div=0.000125 - threshold=0.999 - loss=6.633
/scratch/e0538389/DivClust/engine/trainer.py:41: FutureWarning: `torch.cuda.amp.autocast(args...)` is deprecated. Please use `torch.amp.autocast('cuda', args...)` instead.
  with autocast(self.mixed_precision):
[2026-03-30 12:59:27](logger.py 179): id=CC_FMNIST_C10CFG_K20_E100_DT_0_9 | Ep. 83/100 - Step 175/273 (2.34 it/s) |############        | - loss_cc=4.525 - loss_ce=2.093 - loss_ne=0.0146 - loss_div=0.000107 - threshold=0.999 - loss=6.633
/scratch/e0538389/DivClust/engine/trainer.py:41: FutureWarning: `torch.cuda.amp.autocast(args...)` is deprecated. Please use `torch.amp.autocast('cuda', args...)` instead.
  with autocast(self.mixed_precision):
[2026-03-30 12:59:37](logger.py 179): id=CC_FMNIST_C10CFG_K20_E100_DT_0_9 | Ep. 83/100 - Step 200/273 (2.35 it/s) |##############      | - loss_cc=4.525 - loss_ce=2.093 - loss_ne=0.0146 - loss_div=9.4e-05 - threshold=0.999 - loss=6.633
/scratch/e0538389/DivClust/engine/trainer.py:41: FutureWarning: `torch.cuda.amp.autocast(args...)` is deprecated. Please use `torch.amp.autocast('cuda', args...)` instead.
  with autocast(self.mixed_precision):
/scratch/e0538389/DivClust/engine/trainer.py:41: FutureWarning: `torch.cuda.amp.autocast(args...)` is deprecated. Please use `torch.amp.autocast('cuda', args...)` instead.
  with autocast(self.mixed_precision):
[2026-03-30 12:59:48](logger.py 179): id=CC_FMNIST_C10CFG_K20_E100_DT_0_9 | Ep. 83/100 - Step 225/273 (2.34 it/s) |################    | - loss_cc=4.526 - loss_ce=2.094 - loss_ne=0.0145 - loss_div=8.36e-05 - threshold=0.999 - loss=6.634
/scratch/e0538389/DivClust/engine/trainer.py:41: FutureWarning: `torch.cuda.amp.autocast(args...)` is deprecated. Please use `torch.amp.autocast('cuda', args...)` instead.
  with autocast(self.mixed_precision):
[2026-03-30 12:59:59](logger.py 179): id=CC_FMNIST_C10CFG_K20_E100_DT_0_9 | Ep. 83/100 - Step 250/273 (2.34 it/s) |##################  | - loss_cc=4.525 - loss_ce=2.093 - loss_ne=0.0145 - loss_div=0.00012 - threshold=0.999 - loss=6.633
/scratch/e0538389/DivClust/engine/trainer.py:41: FutureWarning: `torch.cuda.amp.autocast(args...)` is deprecated. Please use `torch.amp.autocast('cuda', args...)` instead.
  with autocast(self.mixed_precision):
[2026-03-30 13:00:09](logger.py 179): id=CC_FMNIST_C10CFG_K20_E100_DT_0_9 | Ep. 83/100 | Time: 00:01 | loss_cc=4.525 - loss_ce=2.093 - loss_ne=0.0144 - loss_div=0.000118 - threshold=0.999 - loss=6.633
[2026-03-30 13:00:11](logger.py 179): id=CC_FMNIST_C10CFG_K20_E100_DT_0_9 | Ep. 84/100 - Step 0/273 (0.0 it/s) |                    | - loss_cc=4.522 - loss_ce=2.095 - loss_ne=0.00823 - loss_div=0.0 - threshold=1.0 - loss=6.625
/scratch/e0538389/DivClust/engine/trainer.py:41: FutureWarning: `torch.cuda.amp.autocast(args...)` is deprecated. Please use `torch.amp.autocast('cuda', args...)` instead.
  with autocast(self.mixed_precision):
[2026-03-30 13:00:21](logger.py 179): id=CC_FMNIST_C10CFG_K20_E100_DT_0_9 | Ep. 84/100 - Step 25/273 (2.39 it/s) |#                   | - loss_cc=4.526 - loss_ce=2.096 - loss_ne=0.0136 - loss_div=0.0 - threshold=1.0 - loss=6.635
/scratch/e0538389/DivClust/engine/trainer.py:41: FutureWarning: `torch.cuda.amp.autocast(args...)` is deprecated. Please use `torch.amp.autocast('cuda', args...)` instead.
  with autocast(self.mixed_precision):
/scratch/e0538389/DivClust/engine/trainer.py:41: FutureWarning: `torch.cuda.amp.autocast(args...)` is deprecated. Please use `torch.amp.autocast('cuda', args...)` instead.
  with autocast(self.mixed_precision):
[2026-03-30 13:00:32](logger.py 179): id=CC_FMNIST_C10CFG_K20_E100_DT_0_9 | Ep. 84/100 - Step 50/273 (2.34 it/s) |###                 | - loss_cc=4.525 - loss_ce=2.094 - loss_ne=0.0137 - loss_div=0.0 - threshold=1.0 - loss=6.633
/scratch/e0538389/DivClust/engine/trainer.py:41: FutureWarning: `torch.cuda.amp.autocast(args...)` is deprecated. Please use `torch.amp.autocast('cuda', args...)` instead.
  with autocast(self.mixed_precision):
[2026-03-30 13:00:43](logger.py 179): id=CC_FMNIST_C10CFG_K20_E100_DT_0_9 | Ep. 84/100 - Step 75/273 (2.35 it/s) |#####               | - loss_cc=4.525 - loss_ce=2.094 - loss_ne=0.0145 - loss_div=0.0 - threshold=1.0 - loss=6.633
/scratch/e0538389/DivClust/engine/trainer.py:41: FutureWarning: `torch.cuda.amp.autocast(args...)` is deprecated. Please use `torch.amp.autocast('cuda', args...)` instead.
  with autocast(self.mixed_precision):
[2026-03-30 13:00:54](logger.py 179): id=CC_FMNIST_C10CFG_K20_E100_DT_0_9 | Ep. 84/100 - Step 100/273 (2.34 it/s) |#######             | - loss_cc=4.526 - loss_ce=2.094 - loss_ne=0.0149 - loss_div=0.0 - threshold=1.0 - loss=6.635
/scratch/e0538389/DivClust/engine/trainer.py:41: FutureWarning: `torch.cuda.amp.autocast(args...)` is deprecated. Please use `torch.amp.autocast('cuda', args...)` instead.
  with autocast(self.mixed_precision):
[2026-03-30 13:01:04](logger.py 179): id=CC_FMNIST_C10CFG_K20_E100_DT_0_9 | Ep. 84/100 - Step 125/273 (2.34 it/s) |#########           | - loss_cc=4.525 - loss_ce=2.094 - loss_ne=0.0151 - loss_div=0.0 - threshold=1.0 - loss=6.634
/scratch/e0538389/DivClust/engine/trainer.py:41: FutureWarning: `torch.cuda.amp.autocast(args...)` is deprecated. Please use `torch.amp.autocast('cuda', args...)` instead.
  with autocast(self.mixed_precision):
/scratch/e0538389/DivClust/engine/trainer.py:41: FutureWarning: `torch.cuda.amp.autocast(args...)` is deprecated. Please use `torch.amp.autocast('cuda', args...)` instead.
  with autocast(self.mixed_precision):
[2026-03-30 13:01:15](logger.py 179): id=CC_FMNIST_C10CFG_K20_E100_DT_0_9 | Ep. 84/100 - Step 150/273 (2.34 it/s) |##########          | - loss_cc=4.527 - loss_ce=2.095 - loss_ne=0.0149 - loss_div=0.0 - threshold=1.0 - loss=6.637
/scratch/e0538389/DivClust/engine/trainer.py:41: FutureWarning: `torch.cuda.amp.autocast(args...)` is deprecated. Please use `torch.amp.autocast('cuda', args...)` instead.
  with autocast(self.mixed_precision):
[2026-03-30 13:01:26](logger.py 179): id=CC_FMNIST_C10CFG_K20_E100_DT_0_9 | Ep. 84/100 - Step 175/273 (2.34 it/s) |############        | - loss_cc=4.528 - loss_ce=2.095 - loss_ne=0.0148 - loss_div=0.0 - threshold=1.0 - loss=6.637
/scratch/e0538389/DivClust/engine/trainer.py:41: FutureWarning: `torch.cuda.amp.autocast(args...)` is deprecated. Please use `torch.amp.autocast('cuda', args...)` instead.
  with autocast(self.mixed_precision):
[2026-03-30 13:01:36](logger.py 179): id=CC_FMNIST_C10CFG_K20_E100_DT_0_9 | Ep. 84/100 - Step 200/273 (2.34 it/s) |##############      | - loss_cc=4.526 - loss_ce=2.094 - loss_ne=0.0148 - loss_div=0.0 - threshold=1.0 - loss=6.635
/scratch/e0538389/DivClust/engine/trainer.py:41: FutureWarning: `torch.cuda.amp.autocast(args...)` is deprecated. Please use `torch.amp.autocast('cuda', args...)` instead.
  with autocast(self.mixed_precision):
[2026-03-30 13:01:47](logger.py 179): id=CC_FMNIST_C10CFG_K20_E100_DT_0_9 | Ep. 84/100 - Step 225/273 (2.34 it/s) |################    | - loss_cc=4.527 - loss_ce=2.094 - loss_ne=0.0147 - loss_div=9.37e-05 - threshold=0.999 - loss=6.636
/scratch/e0538389/DivClust/engine/trainer.py:41: FutureWarning: `torch.cuda.amp.autocast(args...)` is deprecated. Please use `torch.amp.autocast('cuda', args...)` instead.
  with autocast(self.mixed_precision):
/scratch/e0538389/DivClust/engine/trainer.py:41: FutureWarning: `torch.cuda.amp.autocast(args...)` is deprecated. Please use `torch.amp.autocast('cuda', args...)` instead.
  with autocast(self.mixed_precision):
[2026-03-30 13:01:58](logger.py 179): id=CC_FMNIST_C10CFG_K20_E100_DT_0_9 | Ep. 84/100 - Step 250/273 (2.33 it/s) |##################  | - loss_cc=4.527 - loss_ce=2.094 - loss_ne=0.0148 - loss_div=8.44e-05 - threshold=0.999 - loss=6.637
/scratch/e0538389/DivClust/engine/trainer.py:41: FutureWarning: `torch.cuda.amp.autocast(args...)` is deprecated. Please use `torch.amp.autocast('cuda', args...)` instead.
  with autocast(self.mixed_precision):
[2026-03-30 13:02:08](logger.py 179): id=CC_FMNIST_C10CFG_K20_E100_DT_0_9 | Ep. 84/100 | Time: 00:01 | loss_cc=4.528 - loss_ce=2.095 - loss_ne=0.015 - loss_div=7.76e-05 - threshold=0.999 - loss=6.637
[2026-03-30 13:02:10](logger.py 179): id=CC_FMNIST_C10CFG_K20_E100_DT_0_9 | Ep. 85/100 - Step 0/273 (0.0 it/s) |                    | - loss_cc=4.547 - loss_ce=2.096 - loss_ne=0.0207 - loss_div=0.0 - threshold=1.0 - loss=6.664
/scratch/e0538389/DivClust/engine/trainer.py:41: FutureWarning: `torch.cuda.amp.autocast(args...)` is deprecated. Please use `torch.amp.autocast('cuda', args...)` instead.
  with autocast(self.mixed_precision):
[2026-03-30 13:02:21](logger.py 179): id=CC_FMNIST_C10CFG_K20_E100_DT_0_9 | Ep. 85/100 - Step 25/273 (2.27 it/s) |#                   | - loss_cc=4.521 - loss_ce=2.092 - loss_ne=0.0125 - loss_div=0.0 - threshold=1.0 - loss=6.625
/scratch/e0538389/DivClust/engine/trainer.py:41: FutureWarning: `torch.cuda.amp.autocast(args...)` is deprecated. Please use `torch.amp.autocast('cuda', args...)` instead.
  with autocast(self.mixed_precision):
[2026-03-30 13:02:31](logger.py 179): id=CC_FMNIST_C10CFG_K20_E100_DT_0_9 | Ep. 85/100 - Step 50/273 (2.3 it/s) |###                 | - loss_cc=4.525 - loss_ce=2.094 - loss_ne=0.0133 - loss_div=0.0 - threshold=1.0 - loss=6.632
/scratch/e0538389/DivClust/engine/trainer.py:41: FutureWarning: `torch.cuda.amp.autocast(args...)` is deprecated. Please use `torch.amp.autocast('cuda', args...)` instead.
  with autocast(self.mixed_precision):
[2026-03-30 13:02:42](logger.py 179): id=CC_FMNIST_C10CFG_K20_E100_DT_0_9 | Ep. 85/100 - Step 75/273 (2.29 it/s) |#####               | - loss_cc=4.525 - loss_ce=2.094 - loss_ne=0.0137 - loss_div=0.0 - threshold=1.0 - loss=6.632
/scratch/e0538389/DivClust/engine/trainer.py:41: FutureWarning: `torch.cuda.amp.autocast(args...)` is deprecated. Please use `torch.amp.autocast('cuda', args...)` instead.
  with autocast(self.mixed_precision):
/scratch/e0538389/DivClust/engine/trainer.py:41: FutureWarning: `torch.cuda.amp.autocast(args...)` is deprecated. Please use `torch.amp.autocast('cuda', args...)` instead.
  with autocast(self.mixed_precision):
[2026-03-30 13:02:53](logger.py 179): id=CC_FMNIST_C10CFG_K20_E100_DT_0_9 | Ep. 85/100 - Step 100/273 (2.31 it/s) |#######             | - loss_cc=4.526 - loss_ce=2.094 - loss_ne=0.0136 - loss_div=0.0 - threshold=1.0 - loss=6.633
/scratch/e0538389/DivClust/engine/trainer.py:41: FutureWarning: `torch.cuda.amp.autocast(args...)` is deprecated. Please use `torch.amp.autocast('cuda', args...)` instead.
  with autocast(self.mixed_precision):
[2026-03-30 13:03:04](logger.py 179): id=CC_FMNIST_C10CFG_K20_E100_DT_0_9 | Ep. 85/100 - Step 125/273 (2.32 it/s) |#########           | - loss_cc=4.524 - loss_ce=2.093 - loss_ne=0.0135 - loss_div=0.0 - threshold=1.0 - loss=6.631
/scratch/e0538389/DivClust/engine/trainer.py:41: FutureWarning: `torch.cuda.amp.autocast(args...)` is deprecated. Please use `torch.amp.autocast('cuda', args...)` instead.
  with autocast(self.mixed_precision):
[2026-03-30 13:03:14](logger.py 179): id=CC_FMNIST_C10CFG_K20_E100_DT_0_9 | Ep. 85/100 - Step 150/273 (2.32 it/s) |##########          | - loss_cc=4.525 - loss_ce=2.094 - loss_ne=0.0136 - loss_div=0.0 - threshold=1.0 - loss=6.632
/scratch/e0538389/DivClust/engine/trainer.py:41: FutureWarning: `torch.cuda.amp.autocast(args...)` is deprecated. Please use `torch.amp.autocast('cuda', args...)` instead.
  with autocast(self.mixed_precision):
[2026-03-30 13:03:25](logger.py 179): id=CC_FMNIST_C10CFG_K20_E100_DT_0_9 | Ep. 85/100 - Step 175/273 (2.31 it/s) |############        | - loss_cc=4.524 - loss_ce=2.094 - loss_ne=0.0138 - loss_div=0.0 - threshold=1.0 - loss=6.632
/scratch/e0538389/DivClust/engine/trainer.py:41: FutureWarning: `torch.cuda.amp.autocast(args...)` is deprecated. Please use `torch.amp.autocast('cuda', args...)` instead.
  with autocast(self.mixed_precision):
/scratch/e0538389/DivClust/engine/trainer.py:41: FutureWarning: `torch.cuda.amp.autocast(args...)` is deprecated. Please use `torch.amp.autocast('cuda', args...)` instead.
  with autocast(self.mixed_precision):
[2026-03-30 13:03:36](logger.py 179): id=CC_FMNIST_C10CFG_K20_E100_DT_0_9 | Ep. 85/100 - Step 200/273 (2.32 it/s) |##############      | - loss_cc=4.524 - loss_ce=2.094 - loss_ne=0.014 - loss_div=0.0 - threshold=1.0 - loss=6.631
/scratch/e0538389/DivClust/engine/trainer.py:41: FutureWarning: `torch.cuda.amp.autocast(args...)` is deprecated. Please use `torch.amp.autocast('cuda', args...)` instead.
  with autocast(self.mixed_precision):
[2026-03-30 13:03:47](logger.py 179): id=CC_FMNIST_C10CFG_K20_E100_DT_0_9 | Ep. 85/100 - Step 225/273 (2.31 it/s) |################    | - loss_cc=4.524 - loss_ce=2.093 - loss_ne=0.0141 - loss_div=9.75e-05 - threshold=1.0 - loss=6.632
/scratch/e0538389/DivClust/engine/trainer.py:41: FutureWarning: `torch.cuda.amp.autocast(args...)` is deprecated. Please use `torch.amp.autocast('cuda', args...)` instead.
  with autocast(self.mixed_precision):
[2026-03-30 13:03:57](logger.py 179): id=CC_FMNIST_C10CFG_K20_E100_DT_0_9 | Ep. 85/100 - Step 250/273 (2.32 it/s) |##################  | - loss_cc=4.524 - loss_ce=2.094 - loss_ne=0.0143 - loss_div=8.83e-05 - threshold=0.999 - loss=6.633
/scratch/e0538389/DivClust/engine/trainer.py:41: FutureWarning: `torch.cuda.amp.autocast(args...)` is deprecated. Please use `torch.amp.autocast('cuda', args...)` instead.
  with autocast(self.mixed_precision):
[2026-03-30 13:04:07](logger.py 179): id=CC_FMNIST_C10CFG_K20_E100_DT_0_9 | Ep. 85/100 | Time: 00:01 | loss_cc=4.524 - loss_ce=2.094 - loss_ne=0.0145 - loss_div=8.11e-05 - threshold=0.999 - loss=6.633
[2026-03-30 13:04:09](logger.py 179): id=CC_FMNIST_C10CFG_K20_E100_DT_0_9 | Ep. 86/100 - Step 0/273 (0.0 it/s) |                    | - loss_cc=4.515 - loss_ce=2.088 - loss_ne=0.00626 - loss_div=0.0 - threshold=1.0 - loss=6.609
/scratch/e0538389/DivClust/engine/trainer.py:41: FutureWarning: `torch.cuda.amp.autocast(args...)` is deprecated. Please use `torch.amp.autocast('cuda', args...)` instead.
  with autocast(self.mixed_precision):
/scratch/e0538389/DivClust/engine/trainer.py:41: FutureWarning: `torch.cuda.amp.autocast(args...)` is deprecated. Please use `torch.amp.autocast('cuda', args...)` instead.
  with autocast(self.mixed_precision):
[2026-03-30 13:04:20](logger.py 179): id=CC_FMNIST_C10CFG_K20_E100_DT_0_9 | Ep. 86/100 - Step 25/273 (2.28 it/s) |#                   | - loss_cc=4.531 - loss_ce=2.096 - loss_ne=0.0141 - loss_div=0.0 - threshold=1.0 - loss=6.641
/scratch/e0538389/DivClust/engine/trainer.py:41: FutureWarning: `torch.cuda.amp.autocast(args...)` is deprecated. Please use `torch.amp.autocast('cuda', args...)` instead.
  with autocast(self.mixed_precision):
[2026-03-30 13:04:31](logger.py 179): id=CC_FMNIST_C10CFG_K20_E100_DT_0_9 | Ep. 86/100 - Step 50/273 (2.31 it/s) |###                 | - loss_cc=4.528 - loss_ce=2.095 - loss_ne=0.0147 - loss_div=0.0 - threshold=1.0 - loss=6.638
/scratch/e0538389/DivClust/engine/trainer.py:41: FutureWarning: `torch.cuda.amp.autocast(args...)` is deprecated. Please use `torch.amp.autocast('cuda', args...)` instead.
  with autocast(self.mixed_precision):
[2026-03-30 13:04:42](logger.py 179): id=CC_FMNIST_C10CFG_K20_E100_DT_0_9 | Ep. 86/100 - Step 75/273 (2.32 it/s) |#####               | - loss_cc=4.526 - loss_ce=2.095 - loss_ne=0.0142 - loss_div=0.0 - threshold=1.0 - loss=6.636
/scratch/e0538389/DivClust/engine/trainer.py:41: FutureWarning: `torch.cuda.amp.autocast(args...)` is deprecated. Please use `torch.amp.autocast('cuda', args...)` instead.
  with autocast(self.mixed_precision):
[2026-03-30 13:04:53](logger.py 179): id=CC_FMNIST_C10CFG_K20_E100_DT_0_9 | Ep. 86/100 - Step 100/273 (2.31 it/s) |#######             | - loss_cc=4.524 - loss_ce=2.094 - loss_ne=0.0143 - loss_div=0.0 - threshold=1.0 - loss=6.633
/scratch/e0538389/DivClust/engine/trainer.py:41: FutureWarning: `torch.cuda.amp.autocast(args...)` is deprecated. Please use `torch.amp.autocast('cuda', args...)` instead.
  with autocast(self.mixed_precision):
/scratch/e0538389/DivClust/engine/trainer.py:41: FutureWarning: `torch.cuda.amp.autocast(args...)` is deprecated. Please use `torch.amp.autocast('cuda', args...)` instead.
  with autocast(self.mixed_precision):
[2026-03-30 13:05:04](logger.py 179): id=CC_FMNIST_C10CFG_K20_E100_DT_0_9 | Ep. 86/100 - Step 125/273 (2.31 it/s) |#########           | - loss_cc=4.522 - loss_ce=2.094 - loss_ne=0.0145 - loss_div=0.0 - threshold=1.0 - loss=6.631
/scratch/e0538389/DivClust/engine/trainer.py:41: FutureWarning: `torch.cuda.amp.autocast(args...)` is deprecated. Please use `torch.amp.autocast('cuda', args...)` instead.
  with autocast(self.mixed_precision):
[2026-03-30 13:05:14](logger.py 179): id=CC_FMNIST_C10CFG_K20_E100_DT_0_9 | Ep. 86/100 - Step 150/273 (2.32 it/s) |##########          | - loss_cc=4.522 - loss_ce=2.094 - loss_ne=0.0146 - loss_div=0.0 - threshold=1.0 - loss=6.63
/scratch/e0538389/DivClust/engine/trainer.py:41: FutureWarning: `torch.cuda.amp.autocast(args...)` is deprecated. Please use `torch.amp.autocast('cuda', args...)` instead.
  with autocast(self.mixed_precision):
[2026-03-30 13:05:25](logger.py 179): id=CC_FMNIST_C10CFG_K20_E100_DT_0_9 | Ep. 86/100 - Step 175/273 (2.33 it/s) |############        | - loss_cc=4.522 - loss_ce=2.094 - loss_ne=0.0148 - loss_div=0.0 - threshold=1.0 - loss=6.631
/scratch/e0538389/DivClust/engine/trainer.py:41: FutureWarning: `torch.cuda.amp.autocast(args...)` is deprecated. Please use `torch.amp.autocast('cuda', args...)` instead.
  with autocast(self.mixed_precision):
[2026-03-30 13:05:35](logger.py 179): id=CC_FMNIST_C10CFG_K20_E100_DT_0_9 | Ep. 86/100 - Step 200/273 (2.33 it/s) |##############      | - loss_cc=4.522 - loss_ce=2.094 - loss_ne=0.0149 - loss_div=0.0 - threshold=1.0 - loss=6.631
/scratch/e0538389/DivClust/engine/trainer.py:41: FutureWarning: `torch.cuda.amp.autocast(args...)` is deprecated. Please use `torch.amp.autocast('cuda', args...)` instead.
  with autocast(self.mixed_precision):
/scratch/e0538389/DivClust/engine/trainer.py:41: FutureWarning: `torch.cuda.amp.autocast(args...)` is deprecated. Please use `torch.amp.autocast('cuda', args...)` instead.
  with autocast(self.mixed_precision):
[2026-03-30 13:05:46](logger.py 179): id=CC_FMNIST_C10CFG_K20_E100_DT_0_9 | Ep. 86/100 - Step 225/273 (2.33 it/s) |################    | - loss_cc=4.523 - loss_ce=2.094 - loss_ne=0.0149 - loss_div=6.97e-05 - threshold=1.0 - loss=6.631
/scratch/e0538389/DivClust/engine/trainer.py:41: FutureWarning: `torch.cuda.amp.autocast(args...)` is deprecated. Please use `torch.amp.autocast('cuda', args...)` instead.
  with autocast(self.mixed_precision):
[2026-03-30 13:05:57](logger.py 179): id=CC_FMNIST_C10CFG_K20_E100_DT_0_9 | Ep. 86/100 - Step 250/273 (2.33 it/s) |##################  | - loss_cc=4.522 - loss_ce=2.093 - loss_ne=0.0149 - loss_div=8e-05 - threshold=0.999 - loss=6.631
/scratch/e0538389/DivClust/engine/trainer.py:41: FutureWarning: `torch.cuda.amp.autocast(args...)` is deprecated. Please use `torch.amp.autocast('cuda', args...)` instead.
  with autocast(self.mixed_precision):
[2026-03-30 13:06:06](logger.py 179): id=CC_FMNIST_C10CFG_K20_E100_DT_0_9 | Ep. 86/100 | Time: 00:01 | loss_cc=4.523 - loss_ce=2.093 - loss_ne=0.0148 - loss_div=7.35e-05 - threshold=0.999 - loss=6.631
[2026-03-30 13:06:09](logger.py 179): id=CC_FMNIST_C10CFG_K20_E100_DT_0_9 | Ep. 87/100 - Step 0/273 (0.0 it/s) |                    | - loss_cc=4.539 - loss_ce=2.098 - loss_ne=0.0136 - loss_div=0.0 - threshold=1.0 - loss=6.651
/scratch/e0538389/DivClust/engine/trainer.py:41: FutureWarning: `torch.cuda.amp.autocast(args...)` is deprecated. Please use `torch.amp.autocast('cuda', args...)` instead.
  with autocast(self.mixed_precision):
[2026-03-30 13:06:20](logger.py 179): id=CC_FMNIST_C10CFG_K20_E100_DT_0_9 | Ep. 87/100 - Step 25/273 (2.32 it/s) |#                   | - loss_cc=4.528 - loss_ce=2.094 - loss_ne=0.0133 - loss_div=0.0 - threshold=1.0 - loss=6.636
/scratch/e0538389/DivClust/engine/trainer.py:41: FutureWarning: `torch.cuda.amp.autocast(args...)` is deprecated. Please use `torch.amp.autocast('cuda', args...)` instead.
  with autocast(self.mixed_precision):
/scratch/e0538389/DivClust/engine/trainer.py:41: FutureWarning: `torch.cuda.amp.autocast(args...)` is deprecated. Please use `torch.amp.autocast('cuda', args...)` instead.
  with autocast(self.mixed_precision):
[2026-03-30 13:06:31](logger.py 179): id=CC_FMNIST_C10CFG_K20_E100_DT_0_9 | Ep. 87/100 - Step 50/273 (2.3 it/s) |###                 | - loss_cc=4.526 - loss_ce=2.094 - loss_ne=0.0138 - loss_div=0.0 - threshold=1.0 - loss=6.633
/scratch/e0538389/DivClust/engine/trainer.py:41: FutureWarning: `torch.cuda.amp.autocast(args...)` is deprecated. Please use `torch.amp.autocast('cuda', args...)` instead.
  with autocast(self.mixed_precision):
[2026-03-30 13:06:41](logger.py 179): id=CC_FMNIST_C10CFG_K20_E100_DT_0_9 | Ep. 87/100 - Step 75/273 (2.31 it/s) |#####               | - loss_cc=4.527 - loss_ce=2.094 - loss_ne=0.014 - loss_div=0.0 - threshold=1.0 - loss=6.635
/scratch/e0538389/DivClust/engine/trainer.py:41: FutureWarning: `torch.cuda.amp.autocast(args...)` is deprecated. Please use `torch.amp.autocast('cuda', args...)` instead.
  with autocast(self.mixed_precision):
[2026-03-30 13:06:52](logger.py 179): id=CC_FMNIST_C10CFG_K20_E100_DT_0_9 | Ep. 87/100 - Step 100/273 (2.31 it/s) |#######             | - loss_cc=4.527 - loss_ce=2.094 - loss_ne=0.0141 - loss_div=0.0 - threshold=1.0 - loss=6.635
/scratch/e0538389/DivClust/engine/trainer.py:41: FutureWarning: `torch.cuda.amp.autocast(args...)` is deprecated. Please use `torch.amp.autocast('cuda', args...)` instead.
  with autocast(self.mixed_precision):
[2026-03-30 13:07:03](logger.py 179): id=CC_FMNIST_C10CFG_K20_E100_DT_0_9 | Ep. 87/100 - Step 125/273 (2.33 it/s) |#########           | - loss_cc=4.525 - loss_ce=2.093 - loss_ne=0.0144 - loss_div=0.0 - threshold=1.0 - loss=6.633
/scratch/e0538389/DivClust/engine/trainer.py:41: FutureWarning: `torch.cuda.amp.autocast(args...)` is deprecated. Please use `torch.amp.autocast('cuda', args...)` instead.
  with autocast(self.mixed_precision):
/scratch/e0538389/DivClust/engine/trainer.py:41: FutureWarning: `torch.cuda.amp.autocast(args...)` is deprecated. Please use `torch.amp.autocast('cuda', args...)` instead.
  with autocast(self.mixed_precision):
[2026-03-30 13:07:14](logger.py 179): id=CC_FMNIST_C10CFG_K20_E100_DT_0_9 | Ep. 87/100 - Step 150/273 (2.32 it/s) |##########          | - loss_cc=4.524 - loss_ce=2.093 - loss_ne=0.014 - loss_div=0.0 - threshold=1.0 - loss=6.631
/scratch/e0538389/DivClust/engine/trainer.py:41: FutureWarning: `torch.cuda.amp.autocast(args...)` is deprecated. Please use `torch.amp.autocast('cuda', args...)` instead.
  with autocast(self.mixed_precision):
[2026-03-30 13:07:25](logger.py 179): id=CC_FMNIST_C10CFG_K20_E100_DT_0_9 | Ep. 87/100 - Step 175/273 (2.31 it/s) |############        | - loss_cc=4.523 - loss_ce=2.093 - loss_ne=0.014 - loss_div=0.0 - threshold=1.0 - loss=6.63
/scratch/e0538389/DivClust/engine/trainer.py:41: FutureWarning: `torch.cuda.amp.autocast(args...)` is deprecated. Please use `torch.amp.autocast('cuda', args...)` instead.
  with autocast(self.mixed_precision):
[2026-03-30 13:07:35](logger.py 179): id=CC_FMNIST_C10CFG_K20_E100_DT_0_9 | Ep. 87/100 - Step 200/273 (2.31 it/s) |##############      | - loss_cc=4.523 - loss_ce=2.093 - loss_ne=0.0141 - loss_div=0.0 - threshold=1.0 - loss=6.631
/scratch/e0538389/DivClust/engine/trainer.py:41: FutureWarning: `torch.cuda.amp.autocast(args...)` is deprecated. Please use `torch.amp.autocast('cuda', args...)` instead.
  with autocast(self.mixed_precision):
[2026-03-30 13:07:46](logger.py 179): id=CC_FMNIST_C10CFG_K20_E100_DT_0_9 | Ep. 87/100 - Step 225/273 (2.32 it/s) |################    | - loss_cc=4.523 - loss_ce=2.094 - loss_ne=0.0141 - loss_div=7.23e-05 - threshold=0.999 - loss=6.631
/scratch/e0538389/DivClust/engine/trainer.py:41: FutureWarning: `torch.cuda.amp.autocast(args...)` is deprecated. Please use `torch.amp.autocast('cuda', args...)` instead.
  with autocast(self.mixed_precision):
/scratch/e0538389/DivClust/engine/trainer.py:41: FutureWarning: `torch.cuda.amp.autocast(args...)` is deprecated. Please use `torch.amp.autocast('cuda', args...)` instead.
  with autocast(self.mixed_precision):
[2026-03-30 13:07:57](logger.py 179): id=CC_FMNIST_C10CFG_K20_E100_DT_0_9 | Ep. 87/100 - Step 250/273 (2.31 it/s) |##################  | - loss_cc=4.523 - loss_ce=2.094 - loss_ne=0.014 - loss_div=6.57e-05 - threshold=0.999 - loss=6.631
/scratch/e0538389/DivClust/engine/trainer.py:41: FutureWarning: `torch.cuda.amp.autocast(args...)` is deprecated. Please use `torch.amp.autocast('cuda', args...)` instead.
  with autocast(self.mixed_precision):
[2026-03-30 13:08:06](logger.py 179): id=CC_FMNIST_C10CFG_K20_E100_DT_0_9 | Ep. 87/100 | Time: 00:01 | loss_cc=4.523 - loss_ce=2.094 - loss_ne=0.0138 - loss_div=6.04e-05 - threshold=0.999 - loss=6.631
[2026-03-30 13:08:09](logger.py 179): id=CC_FMNIST_C10CFG_K20_E100_DT_0_9 | Ep. 88/100 - Step 0/273 (0.0 it/s) |                    | - loss_cc=4.541 - loss_ce=2.101 - loss_ne=0.0199 - loss_div=0.0 - threshold=1.0 - loss=6.662
/scratch/e0538389/DivClust/engine/trainer.py:41: FutureWarning: `torch.cuda.amp.autocast(args...)` is deprecated. Please use `torch.amp.autocast('cuda', args...)` instead.
  with autocast(self.mixed_precision):
[2026-03-30 13:08:20](logger.py 179): id=CC_FMNIST_C10CFG_K20_E100_DT_0_9 | Ep. 88/100 - Step 25/273 (2.31 it/s) |#                   | - loss_cc=4.528 - loss_ce=2.094 - loss_ne=0.0136 - loss_div=0.0 - threshold=1.0 - loss=6.636
/scratch/e0538389/DivClust/engine/trainer.py:41: FutureWarning: `torch.cuda.amp.autocast(args...)` is deprecated. Please use `torch.amp.autocast('cuda', args...)` instead.
  with autocast(self.mixed_precision):
[2026-03-30 13:08:30](logger.py 179): id=CC_FMNIST_C10CFG_K20_E100_DT_0_9 | Ep. 88/100 - Step 50/273 (2.34 it/s) |###                 | - loss_cc=4.521 - loss_ce=2.092 - loss_ne=0.0132 - loss_div=0.0 - threshold=1.0 - loss=6.627
/scratch/e0538389/DivClust/engine/trainer.py:41: FutureWarning: `torch.cuda.amp.autocast(args...)` is deprecated. Please use `torch.amp.autocast('cuda', args...)` instead.
  with autocast(self.mixed_precision):
[2026-03-30 13:08:41](logger.py 179): id=CC_FMNIST_C10CFG_K20_E100_DT_0_9 | Ep. 88/100 - Step 75/273 (2.33 it/s) |#####               | - loss_cc=4.519 - loss_ce=2.091 - loss_ne=0.0138 - loss_div=0.0 - threshold=1.0 - loss=6.625
/scratch/e0538389/DivClust/engine/trainer.py:41: FutureWarning: `torch.cuda.amp.autocast(args...)` is deprecated. Please use `torch.amp.autocast('cuda', args...)` instead.
  with autocast(self.mixed_precision):
/scratch/e0538389/DivClust/engine/trainer.py:41: FutureWarning: `torch.cuda.amp.autocast(args...)` is deprecated. Please use `torch.amp.autocast('cuda', args...)` instead.
  with autocast(self.mixed_precision):
[2026-03-30 13:08:52](logger.py 179): id=CC_FMNIST_C10CFG_K20_E100_DT_0_9 | Ep. 88/100 - Step 100/273 (2.3 it/s) |#######             | - loss_cc=4.52 - loss_ce=2.092 - loss_ne=0.0143 - loss_div=0.0 - threshold=1.0 - loss=6.626
/scratch/e0538389/DivClust/engine/trainer.py:41: FutureWarning: `torch.cuda.amp.autocast(args...)` is deprecated. Please use `torch.amp.autocast('cuda', args...)` instead.
  with autocast(self.mixed_precision):
[2026-03-30 13:09:03](logger.py 179): id=CC_FMNIST_C10CFG_K20_E100_DT_0_9 | Ep. 88/100 - Step 125/273 (2.32 it/s) |#########           | - loss_cc=4.52 - loss_ce=2.092 - loss_ne=0.0144 - loss_div=0.0 - threshold=1.0 - loss=6.626
/scratch/e0538389/DivClust/engine/trainer.py:41: FutureWarning: `torch.cuda.amp.autocast(args...)` is deprecated. Please use `torch.amp.autocast('cuda', args...)` instead.
  with autocast(self.mixed_precision):
[2026-03-30 13:09:14](logger.py 179): id=CC_FMNIST_C10CFG_K20_E100_DT_0_9 | Ep. 88/100 - Step 150/273 (2.32 it/s) |##########          | - loss_cc=4.52 - loss_ce=2.092 - loss_ne=0.0143 - loss_div=0.0 - threshold=1.0 - loss=6.626
/scratch/e0538389/DivClust/engine/trainer.py:41: FutureWarning: `torch.cuda.amp.autocast(args...)` is deprecated. Please use `torch.amp.autocast('cuda', args...)` instead.
  with autocast(self.mixed_precision):
[2026-03-30 13:09:25](logger.py 179): id=CC_FMNIST_C10CFG_K20_E100_DT_0_9 | Ep. 88/100 - Step 175/273 (2.31 it/s) |############        | - loss_cc=4.52 - loss_ce=2.092 - loss_ne=0.0144 - loss_div=0.0 - threshold=1.0 - loss=6.627
/scratch/e0538389/DivClust/engine/trainer.py:41: FutureWarning: `torch.cuda.amp.autocast(args...)` is deprecated. Please use `torch.amp.autocast('cuda', args...)` instead.
  with autocast(self.mixed_precision):
/scratch/e0538389/DivClust/engine/trainer.py:41: FutureWarning: `torch.cuda.amp.autocast(args...)` is deprecated. Please use `torch.amp.autocast('cuda', args...)` instead.
  with autocast(self.mixed_precision):
[2026-03-30 13:09:36](logger.py 179): id=CC_FMNIST_C10CFG_K20_E100_DT_0_9 | Ep. 88/100 - Step 200/273 (2.3 it/s) |##############      | - loss_cc=4.521 - loss_ce=2.093 - loss_ne=0.0143 - loss_div=4.85e-05 - threshold=0.999 - loss=6.628
/scratch/e0538389/DivClust/engine/trainer.py:41: FutureWarning: `torch.cuda.amp.autocast(args...)` is deprecated. Please use `torch.amp.autocast('cuda', args...)` instead.
  with autocast(self.mixed_precision):
[2026-03-30 13:09:47](logger.py 179): id=CC_FMNIST_C10CFG_K20_E100_DT_0_9 | Ep. 88/100 - Step 225/273 (2.3 it/s) |################    | - loss_cc=4.521 - loss_ce=2.093 - loss_ne=0.0144 - loss_div=4.31e-05 - threshold=0.999 - loss=6.628
/scratch/e0538389/DivClust/engine/trainer.py:41: FutureWarning: `torch.cuda.amp.autocast(args...)` is deprecated. Please use `torch.amp.autocast('cuda', args...)` instead.
  with autocast(self.mixed_precision):
[2026-03-30 13:09:57](logger.py 179): id=CC_FMNIST_C10CFG_K20_E100_DT_0_9 | Ep. 88/100 - Step 250/273 (2.3 it/s) |##################  | - loss_cc=4.521 - loss_ce=2.093 - loss_ne=0.0142 - loss_div=3.88e-05 - threshold=0.999 - loss=6.628
/scratch/e0538389/DivClust/engine/trainer.py:41: FutureWarning: `torch.cuda.amp.autocast(args...)` is deprecated. Please use `torch.amp.autocast('cuda', args...)` instead.
  with autocast(self.mixed_precision):
[2026-03-30 13:10:07](logger.py 179): id=CC_FMNIST_C10CFG_K20_E100_DT_0_9 | Ep. 88/100 | Time: 00:01 | loss_cc=4.521 - loss_ce=2.093 - loss_ne=0.0145 - loss_div=3.57e-05 - threshold=0.999 - loss=6.629
[2026-03-30 13:10:10](logger.py 179): id=CC_FMNIST_C10CFG_K20_E100_DT_0_9 | Ep. 89/100 - Step 0/273 (0.0 it/s) |                    | - loss_cc=4.496 - loss_ce=2.087 - loss_ne=0.0185 - loss_div=0.0 - threshold=1.0 - loss=6.601
/scratch/e0538389/DivClust/engine/trainer.py:41: FutureWarning: `torch.cuda.amp.autocast(args...)` is deprecated. Please use `torch.amp.autocast('cuda', args...)` instead.
  with autocast(self.mixed_precision):
/scratch/e0538389/DivClust/engine/trainer.py:41: FutureWarning: `torch.cuda.amp.autocast(args...)` is deprecated. Please use `torch.amp.autocast('cuda', args...)` instead.
  with autocast(self.mixed_precision):
[2026-03-30 13:10:21](logger.py 179): id=CC_FMNIST_C10CFG_K20_E100_DT_0_9 | Ep. 89/100 - Step 25/273 (2.23 it/s) |#                   | - loss_cc=4.516 - loss_ce=2.093 - loss_ne=0.0139 - loss_div=0.0 - threshold=1.0 - loss=6.623
/scratch/e0538389/DivClust/engine/trainer.py:41: FutureWarning: `torch.cuda.amp.autocast(args...)` is deprecated. Please use `torch.amp.autocast('cuda', args...)` instead.
  with autocast(self.mixed_precision):
[2026-03-30 13:10:31](logger.py 179): id=CC_FMNIST_C10CFG_K20_E100_DT_0_9 | Ep. 89/100 - Step 50/273 (2.3 it/s) |###                 | - loss_cc=4.518 - loss_ce=2.093 - loss_ne=0.0155 - loss_div=0.0 - threshold=1.0 - loss=6.627
/scratch/e0538389/DivClust/engine/trainer.py:41: FutureWarning: `torch.cuda.amp.autocast(args...)` is deprecated. Please use `torch.amp.autocast('cuda', args...)` instead.
  with autocast(self.mixed_precision):
[2026-03-30 13:10:42](logger.py 179): id=CC_FMNIST_C10CFG_K20_E100_DT_0_9 | Ep. 89/100 - Step 75/273 (2.32 it/s) |#####               | - loss_cc=4.519 - loss_ce=2.093 - loss_ne=0.015 - loss_div=0.0 - threshold=1.0 - loss=6.627
/scratch/e0538389/DivClust/engine/trainer.py:41: FutureWarning: `torch.cuda.amp.autocast(args...)` is deprecated. Please use `torch.amp.autocast('cuda', args...)` instead.
  with autocast(self.mixed_precision):
[2026-03-30 13:10:53](logger.py 179): id=CC_FMNIST_C10CFG_K20_E100_DT_0_9 | Ep. 89/100 - Step 100/273 (2.32 it/s) |#######             | - loss_cc=4.519 - loss_ce=2.093 - loss_ne=0.0146 - loss_div=0.0 - threshold=1.0 - loss=6.627
/scratch/e0538389/DivClust/engine/trainer.py:41: FutureWarning: `torch.cuda.amp.autocast(args...)` is deprecated. Please use `torch.amp.autocast('cuda', args...)` instead.
  with autocast(self.mixed_precision):
/scratch/e0538389/DivClust/engine/trainer.py:41: FutureWarning: `torch.cuda.amp.autocast(args...)` is deprecated. Please use `torch.amp.autocast('cuda', args...)` instead.
  with autocast(self.mixed_precision):
[2026-03-30 13:11:04](logger.py 179): id=CC_FMNIST_C10CFG_K20_E100_DT_0_9 | Ep. 89/100 - Step 125/273 (2.32 it/s) |#########           | - loss_cc=4.521 - loss_ce=2.094 - loss_ne=0.0142 - loss_div=0.0 - threshold=1.0 - loss=6.629
/scratch/e0538389/DivClust/engine/trainer.py:41: FutureWarning: `torch.cuda.amp.autocast(args...)` is deprecated. Please use `torch.amp.autocast('cuda', args...)` instead.
  with autocast(self.mixed_precision):
[2026-03-30 13:11:14](logger.py 179): id=CC_FMNIST_C10CFG_K20_E100_DT_0_9 | Ep. 89/100 - Step 150/273 (2.32 it/s) |##########          | - loss_cc=4.522 - loss_ce=2.094 - loss_ne=0.0143 - loss_div=0.000158 - threshold=0.999 - loss=6.63
/scratch/e0538389/DivClust/engine/trainer.py:41: FutureWarning: `torch.cuda.amp.autocast(args...)` is deprecated. Please use `torch.amp.autocast('cuda', args...)` instead.
  with autocast(self.mixed_precision):
[2026-03-30 13:11:25](logger.py 179): id=CC_FMNIST_C10CFG_K20_E100_DT_0_9 | Ep. 89/100 - Step 175/273 (2.33 it/s) |############        | - loss_cc=4.521 - loss_ce=2.093 - loss_ne=0.0141 - loss_div=0.000136 - threshold=0.999 - loss=6.629
/scratch/e0538389/DivClust/engine/trainer.py:41: FutureWarning: `torch.cuda.amp.autocast(args...)` is deprecated. Please use `torch.amp.autocast('cuda', args...)` instead.
  with autocast(self.mixed_precision):
[2026-03-30 13:11:36](logger.py 179): id=CC_FMNIST_C10CFG_K20_E100_DT_0_9 | Ep. 89/100 - Step 200/273 (2.33 it/s) |##############      | - loss_cc=4.521 - loss_ce=2.093 - loss_ne=0.0139 - loss_div=0.000119 - threshold=0.999 - loss=6.628
/scratch/e0538389/DivClust/engine/trainer.py:41: FutureWarning: `torch.cuda.amp.autocast(args...)` is deprecated. Please use `torch.amp.autocast('cuda', args...)` instead.
  with autocast(self.mixed_precision):
/scratch/e0538389/DivClust/engine/trainer.py:41: FutureWarning: `torch.cuda.amp.autocast(args...)` is deprecated. Please use `torch.amp.autocast('cuda', args...)` instead.
  with autocast(self.mixed_precision):
[2026-03-30 13:11:47](logger.py 179): id=CC_FMNIST_C10CFG_K20_E100_DT_0_9 | Ep. 89/100 - Step 225/273 (2.32 it/s) |################    | - loss_cc=4.521 - loss_ce=2.093 - loss_ne=0.0139 - loss_div=0.000106 - threshold=0.999 - loss=6.629
/scratch/e0538389/DivClust/engine/trainer.py:41: FutureWarning: `torch.cuda.amp.autocast(args...)` is deprecated. Please use `torch.amp.autocast('cuda', args...)` instead.
  with autocast(self.mixed_precision):
[2026-03-30 13:11:57](logger.py 179): id=CC_FMNIST_C10CFG_K20_E100_DT_0_9 | Ep. 89/100 - Step 250/273 (2.33 it/s) |##################  | - loss_cc=4.521 - loss_ce=2.093 - loss_ne=0.0139 - loss_div=9.55e-05 - threshold=0.999 - loss=6.628
/scratch/e0538389/DivClust/engine/trainer.py:41: FutureWarning: `torch.cuda.amp.autocast(args...)` is deprecated. Please use `torch.amp.autocast('cuda', args...)` instead.
  with autocast(self.mixed_precision):
[2026-03-30 13:12:06](logger.py 179): id=CC_FMNIST_C10CFG_K20_E100_DT_0_9 | Ep. 89/100 | Time: 00:01 | loss_cc=4.521 - loss_ce=2.093 - loss_ne=0.014 - loss_div=8.78e-05 - threshold=0.999 - loss=6.628
[2026-03-30 13:12:08](logger.py 179): id=CC_FMNIST_C10CFG_K20_E100_DT_0_9 | Ep. 90/100 - Step 0/273 (0.0 it/s) |                    | - loss_cc=4.493 - loss_ce=2.073 - loss_ne=0.0182 - loss_div=0.0 - threshold=1.0 - loss=6.584
/scratch/e0538389/DivClust/engine/trainer.py:41: FutureWarning: `torch.cuda.amp.autocast(args...)` is deprecated. Please use `torch.amp.autocast('cuda', args...)` instead.
  with autocast(self.mixed_precision):
[2026-03-30 13:12:19](logger.py 179): id=CC_FMNIST_C10CFG_K20_E100_DT_0_9 | Ep. 90/100 - Step 25/273 (2.36 it/s) |#                   | - loss_cc=4.519 - loss_ce=2.091 - loss_ne=0.0166 - loss_div=0.0 - threshold=1.0 - loss=6.627
/scratch/e0538389/DivClust/engine/trainer.py:41: FutureWarning: `torch.cuda.amp.autocast(args...)` is deprecated. Please use `torch.amp.autocast('cuda', args...)` instead.
  with autocast(self.mixed_precision):
[2026-03-30 13:12:30](logger.py 179): id=CC_FMNIST_C10CFG_K20_E100_DT_0_9 | Ep. 90/100 - Step 50/273 (2.33 it/s) |###                 | - loss_cc=4.52 - loss_ce=2.091 - loss_ne=0.0152 - loss_div=0.0 - threshold=1.0 - loss=6.626
/scratch/e0538389/DivClust/engine/trainer.py:41: FutureWarning: `torch.cuda.amp.autocast(args...)` is deprecated. Please use `torch.amp.autocast('cuda', args...)` instead.
  with autocast(self.mixed_precision):
/scratch/e0538389/DivClust/engine/trainer.py:41: FutureWarning: `torch.cuda.amp.autocast(args...)` is deprecated. Please use `torch.amp.autocast('cuda', args...)` instead.
  with autocast(self.mixed_precision):
[2026-03-30 13:12:40](logger.py 179): id=CC_FMNIST_C10CFG_K20_E100_DT_0_9 | Ep. 90/100 - Step 75/273 (2.35 it/s) |#####               | - loss_cc=4.52 - loss_ce=2.092 - loss_ne=0.0151 - loss_div=0.0 - threshold=1.0 - loss=6.627
/scratch/e0538389/DivClust/engine/trainer.py:41: FutureWarning: `torch.cuda.amp.autocast(args...)` is deprecated. Please use `torch.amp.autocast('cuda', args...)` instead.
  with autocast(self.mixed_precision):
[2026-03-30 13:12:51](logger.py 179): id=CC_FMNIST_C10CFG_K20_E100_DT_0_9 | Ep. 90/100 - Step 100/273 (2.36 it/s) |#######             | - loss_cc=4.521 - loss_ce=2.092 - loss_ne=0.0149 - loss_div=0.0 - threshold=1.0 - loss=6.628
/scratch/e0538389/DivClust/engine/trainer.py:41: FutureWarning: `torch.cuda.amp.autocast(args...)` is deprecated. Please use `torch.amp.autocast('cuda', args...)` instead.
  with autocast(self.mixed_precision):
[2026-03-30 13:13:02](logger.py 179): id=CC_FMNIST_C10CFG_K20_E100_DT_0_9 | Ep. 90/100 - Step 125/273 (2.35 it/s) |#########           | - loss_cc=4.521 - loss_ce=2.093 - loss_ne=0.0145 - loss_div=0.0 - threshold=1.0 - loss=6.628
/scratch/e0538389/DivClust/engine/trainer.py:41: FutureWarning: `torch.cuda.amp.autocast(args...)` is deprecated. Please use `torch.amp.autocast('cuda', args...)` instead.
  with autocast(self.mixed_precision):
[2026-03-30 13:13:12](logger.py 179): id=CC_FMNIST_C10CFG_K20_E100_DT_0_9 | Ep. 90/100 - Step 150/273 (2.35 it/s) |##########          | - loss_cc=4.521 - loss_ce=2.093 - loss_ne=0.0144 - loss_div=3.07e-05 - threshold=1.0 - loss=6.628
/scratch/e0538389/DivClust/engine/trainer.py:41: FutureWarning: `torch.cuda.amp.autocast(args...)` is deprecated. Please use `torch.amp.autocast('cuda', args...)` instead.
  with autocast(self.mixed_precision):
/scratch/e0538389/DivClust/engine/trainer.py:41: FutureWarning: `torch.cuda.amp.autocast(args...)` is deprecated. Please use `torch.amp.autocast('cuda', args...)` instead.
  with autocast(self.mixed_precision):
[2026-03-30 13:13:23](logger.py 179): id=CC_FMNIST_C10CFG_K20_E100_DT_0_9 | Ep. 90/100 - Step 175/273 (2.35 it/s) |############        | - loss_cc=4.521 - loss_ce=2.092 - loss_ne=0.0145 - loss_div=0.000124 - threshold=0.999 - loss=6.628
/scratch/e0538389/DivClust/engine/trainer.py:41: FutureWarning: `torch.cuda.amp.autocast(args...)` is deprecated. Please use `torch.amp.autocast('cuda', args...)` instead.
  with autocast(self.mixed_precision):
[2026-03-30 13:13:34](logger.py 179): id=CC_FMNIST_C10CFG_K20_E100_DT_0_9 | Ep. 90/100 - Step 200/273 (2.34 it/s) |##############      | - loss_cc=4.52 - loss_ce=2.092 - loss_ne=0.0143 - loss_div=0.000108 - threshold=0.999 - loss=6.627
/scratch/e0538389/DivClust/engine/trainer.py:41: FutureWarning: `torch.cuda.amp.autocast(args...)` is deprecated. Please use `torch.amp.autocast('cuda', args...)` instead.
  with autocast(self.mixed_precision):
[2026-03-30 13:13:44](logger.py 179): id=CC_FMNIST_C10CFG_K20_E100_DT_0_9 | Ep. 90/100 - Step 225/273 (2.34 it/s) |################    | - loss_cc=4.52 - loss_ce=2.092 - loss_ne=0.0144 - loss_div=9.64e-05 - threshold=0.999 - loss=6.626
/scratch/e0538389/DivClust/engine/trainer.py:41: FutureWarning: `torch.cuda.amp.autocast(args...)` is deprecated. Please use `torch.amp.autocast('cuda', args...)` instead.
  with autocast(self.mixed_precision):
[2026-03-30 13:13:55](logger.py 179): id=CC_FMNIST_C10CFG_K20_E100_DT_0_9 | Ep. 90/100 - Step 250/273 (2.33 it/s) |##################  | - loss_cc=4.52 - loss_ce=2.092 - loss_ne=0.0146 - loss_div=8.68e-05 - threshold=0.999 - loss=6.626
/scratch/e0538389/DivClust/engine/trainer.py:41: FutureWarning: `torch.cuda.amp.autocast(args...)` is deprecated. Please use `torch.amp.autocast('cuda', args...)` instead.
  with autocast(self.mixed_precision):
/scratch/e0538389/DivClust/engine/trainer.py:41: FutureWarning: `torch.cuda.amp.autocast(args...)` is deprecated. Please use `torch.amp.autocast('cuda', args...)` instead.
  with autocast(self.mixed_precision):
[2026-03-30 13:14:05](logger.py 179): Evaluating
[2026-03-30 13:14:05](logger.py 179): Eval. step 0 of 274
[2026-03-30 13:14:08](logger.py 179): Eval. step 25 of 274
[2026-03-30 13:14:10](logger.py 179): Eval. step 50 of 274
[2026-03-30 13:14:13](logger.py 179): Eval. step 75 of 274
[2026-03-30 13:14:15](logger.py 179): Eval. step 100 of 274
[2026-03-30 13:14:17](logger.py 179): Eval. step 125 of 274
[2026-03-30 13:14:20](logger.py 179): Eval. step 150 of 274
[2026-03-30 13:14:22](logger.py 179): Eval. step 175 of 274
[2026-03-30 13:14:24](logger.py 179): Eval. step 200 of 274
[2026-03-30 13:14:27](logger.py 179): Eval. step 225 of 274
[2026-03-30 13:14:29](logger.py 179): Eval. step 250 of 274
[2026-03-30 13:14:33](logger.py 179): id=CC_FMNIST_C10CFG_K20_E100_DT_0_9 | Ep. 90/100 | Time: 00:02 | loss_cc=4.519 - loss_ce=2.092 - loss_ne=0.0144 - loss_div=7.98e-05 - threshold=0.999 - loss=6.626 - eval_confidence=0.908 - cluster_acc_0_eval=64.1 - cluster_nmi_0_eval=0.62 - cluster_ari_0_eval=0.516 - cluster_acc_1_eval=64.84 - cluster_nmi_1_eval=0.633 - cluster_ari_1_eval=0.531 - cluster_acc_2_eval=64.48 - cluster_nmi_2_eval=0.633 - cluster_ari_2_eval=0.53 - cluster_acc_3_eval=64.31 - cluster_nmi_3_eval=0.623 - cluster_ari_3_eval=0.519 - cluster_acc_4_eval=63.52 - cluster_nmi_4_eval=0.621 - cluster_ari_4_eval=0.516 - cluster_acc_5_eval=63.72 - cluster_nmi_5_eval=0.62 - cluster_ari_5_eval=0.513 - cluster_acc_6_eval=65.13 - cluster_nmi_6_eval=0.634 - cluster_ari_6_eval=0.533 - cluster_acc_7_eval=63.9 - cluster_nmi_7_eval=0.632 - cluster_ari_7_eval=0.531 - cluster_acc_8_eval=64.9 - cluster_nmi_8_eval=0.625 - cluster_ari_8_eval=0.522 - cluster_acc_9_eval=64.09 - cluster_nmi_9_eval=0.627 - cluster_ari_9_eval=0.527 - cluster_acc_10_eval=64.94 - cluster_nmi_10_eval=0.631 - cluster_ari_10_eval=0.532 - cluster_acc_11_eval=65.15 - cluster_nmi_11_eval=0.632 - cluster_ari_11_eval=0.531 - cluster_acc_12_eval=64.34 - cluster_nmi_12_eval=0.629 - cluster_ari_12_eval=0.527 - cluster_acc_13_eval=66.07 - cluster_nmi_13_eval=0.631 - cluster_ari_13_eval=0.528 - cluster_acc_14_eval=66.53 - cluster_nmi_14_eval=0.639 - cluster_ari_14_eval=0.537 - cluster_acc_15_eval=64.58 - cluster_nmi_15_eval=0.63 - cluster_ari_15_eval=0.527 - cluster_acc_16_eval=65.57 - cluster_nmi_16_eval=0.632 - cluster_ari_16_eval=0.533 - cluster_acc_17_eval=63.98 - cluster_nmi_17_eval=0.623 - cluster_ari_17_eval=0.52 - cluster_acc_18_eval=63.5 - cluster_nmi_18_eval=0.619 - cluster_ari_18_eval=0.515 - cluster_acc_19_eval=64.16 - cluster_nmi_19_eval=0.623 - cluster_ari_19_eval=0.523 - max_cluster_acc_eval=66.53 - mean_cluster_acc_eval=64.59 - min_cluster_acc_eval=63.5 - max_cluster_nmi_eval=0.639 - mean_cluster_nmi_eval=0.628 - min_cluster_nmi_eval=0.619 - max_cluster_ari_eval=0.537 - mean_cluster_ari_eval=0.525 - min_cluster_ari_eval=0.513 - interclustering_nmi_eval=0.883
/scratch/e0538389/DivClust/engine/trainer.py:41: FutureWarning: `torch.cuda.amp.autocast(args...)` is deprecated. Please use `torch.amp.autocast('cuda', args...)` instead.
  with autocast(self.mixed_precision):
[2026-03-30 13:14:35](logger.py 179): id=CC_FMNIST_C10CFG_K20_E100_DT_0_9 | Ep. 91/100 - Step 0/273 (0.0 it/s) |                    | - loss_cc=4.511 - loss_ce=2.087 - loss_ne=0.0148 - loss_div=0.0 - threshold=1.0 - loss=6.613
/scratch/e0538389/DivClust/engine/trainer.py:41: FutureWarning: `torch.cuda.amp.autocast(args...)` is deprecated. Please use `torch.amp.autocast('cuda', args...)` instead.
  with autocast(self.mixed_precision):
[2026-03-30 13:14:46](logger.py 179): id=CC_FMNIST_C10CFG_K20_E100_DT_0_9 | Ep. 91/100 - Step 25/273 (2.38 it/s) |#                   | - loss_cc=4.52 - loss_ce=2.093 - loss_ne=0.0133 - loss_div=0.0 - threshold=1.0 - loss=6.625
/scratch/e0538389/DivClust/engine/trainer.py:41: FutureWarning: `torch.cuda.amp.autocast(args...)` is deprecated. Please use `torch.amp.autocast('cuda', args...)` instead.
  with autocast(self.mixed_precision):
[2026-03-30 13:14:56](logger.py 179): id=CC_FMNIST_C10CFG_K20_E100_DT_0_9 | Ep. 91/100 - Step 50/273 (2.39 it/s) |###                 | - loss_cc=4.522 - loss_ce=2.094 - loss_ne=0.0135 - loss_div=0.0 - threshold=1.0 - loss=6.629
/scratch/e0538389/DivClust/engine/trainer.py:41: FutureWarning: `torch.cuda.amp.autocast(args...)` is deprecated. Please use `torch.amp.autocast('cuda', args...)` instead.
  with autocast(self.mixed_precision):
[2026-03-30 13:15:07](logger.py 179): id=CC_FMNIST_C10CFG_K20_E100_DT_0_9 | Ep. 91/100 - Step 75/273 (2.38 it/s) |#####               | - loss_cc=4.523 - loss_ce=2.094 - loss_ne=0.0138 - loss_div=0.0 - threshold=1.0 - loss=6.63
/scratch/e0538389/DivClust/engine/trainer.py:41: FutureWarning: `torch.cuda.amp.autocast(args...)` is deprecated. Please use `torch.amp.autocast('cuda', args...)` instead.
  with autocast(self.mixed_precision):
/scratch/e0538389/DivClust/engine/trainer.py:41: FutureWarning: `torch.cuda.amp.autocast(args...)` is deprecated. Please use `torch.amp.autocast('cuda', args...)` instead.
  with autocast(self.mixed_precision):
[2026-03-30 13:15:17](logger.py 179): id=CC_FMNIST_C10CFG_K20_E100_DT_0_9 | Ep. 91/100 - Step 100/273 (2.37 it/s) |#######             | - loss_cc=4.521 - loss_ce=2.092 - loss_ne=0.014 - loss_div=0.000123 - threshold=1.0 - loss=6.627
/scratch/e0538389/DivClust/engine/trainer.py:41: FutureWarning: `torch.cuda.amp.autocast(args...)` is deprecated. Please use `torch.amp.autocast('cuda', args...)` instead.
  with autocast(self.mixed_precision):
[2026-03-30 13:15:28](logger.py 179): id=CC_FMNIST_C10CFG_K20_E100_DT_0_9 | Ep. 91/100 - Step 125/273 (2.36 it/s) |#########           | - loss_cc=4.522 - loss_ce=2.093 - loss_ne=0.014 - loss_div=0.000124 - threshold=0.998 - loss=6.628
/scratch/e0538389/DivClust/engine/trainer.py:41: FutureWarning: `torch.cuda.amp.autocast(args...)` is deprecated. Please use `torch.amp.autocast('cuda', args...)` instead.
  with autocast(self.mixed_precision):
[2026-03-30 13:15:39](logger.py 179): id=CC_FMNIST_C10CFG_K20_E100_DT_0_9 | Ep. 91/100 - Step 150/273 (2.36 it/s) |##########          | - loss_cc=4.522 - loss_ce=2.093 - loss_ne=0.014 - loss_div=0.000104 - threshold=0.999 - loss=6.629
/scratch/e0538389/DivClust/engine/trainer.py:41: FutureWarning: `torch.cuda.amp.autocast(args...)` is deprecated. Please use `torch.amp.autocast('cuda', args...)` instead.
  with autocast(self.mixed_precision):
[2026-03-30 13:15:49](logger.py 179): id=CC_FMNIST_C10CFG_K20_E100_DT_0_9 | Ep. 91/100 - Step 175/273 (2.36 it/s) |############        | - loss_cc=4.521 - loss_ce=2.093 - loss_ne=0.0142 - loss_div=8.91e-05 - threshold=0.999 - loss=6.628
/scratch/e0538389/DivClust/engine/trainer.py:41: FutureWarning: `torch.cuda.amp.autocast(args...)` is deprecated. Please use `torch.amp.autocast('cuda', args...)` instead.
  with autocast(self.mixed_precision):
/scratch/e0538389/DivClust/engine/trainer.py:41: FutureWarning: `torch.cuda.amp.autocast(args...)` is deprecated. Please use `torch.amp.autocast('cuda', args...)` instead.
  with autocast(self.mixed_precision):
[2026-03-30 13:16:00](logger.py 179): id=CC_FMNIST_C10CFG_K20_E100_DT_0_9 | Ep. 91/100 - Step 200/273 (2.36 it/s) |##############      | - loss_cc=4.521 - loss_ce=2.093 - loss_ne=0.0138 - loss_div=7.8e-05 - threshold=0.999 - loss=6.627
/scratch/e0538389/DivClust/engine/trainer.py:41: FutureWarning: `torch.cuda.amp.autocast(args...)` is deprecated. Please use `torch.amp.autocast('cuda', args...)` instead.
  with autocast(self.mixed_precision):
[2026-03-30 13:16:10](logger.py 179): id=CC_FMNIST_C10CFG_K20_E100_DT_0_9 | Ep. 91/100 - Step 225/273 (2.36 it/s) |################    | - loss_cc=4.52 - loss_ce=2.093 - loss_ne=0.0141 - loss_div=6.94e-05 - threshold=0.999 - loss=6.627
/scratch/e0538389/DivClust/engine/trainer.py:41: FutureWarning: `torch.cuda.amp.autocast(args...)` is deprecated. Please use `torch.amp.autocast('cuda', args...)` instead.
  with autocast(self.mixed_precision):
[2026-03-30 13:16:21](logger.py 179): id=CC_FMNIST_C10CFG_K20_E100_DT_0_9 | Ep. 91/100 - Step 250/273 (2.36 it/s) |##################  | - loss_cc=4.521 - loss_ce=2.093 - loss_ne=0.0141 - loss_div=6.25e-05 - threshold=0.999 - loss=6.628
/scratch/e0538389/DivClust/engine/trainer.py:41: FutureWarning: `torch.cuda.amp.autocast(args...)` is deprecated. Please use `torch.amp.autocast('cuda', args...)` instead.
  with autocast(self.mixed_precision):
[2026-03-30 13:16:31](logger.py 179): id=CC_FMNIST_C10CFG_K20_E100_DT_0_9 | Ep. 91/100 | Time: 00:01 | loss_cc=4.521 - loss_ce=2.093 - loss_ne=0.0141 - loss_div=5.74e-05 - threshold=0.999 - loss=6.628
[2026-03-30 13:16:33](logger.py 179): id=CC_FMNIST_C10CFG_K20_E100_DT_0_9 | Ep. 92/100 - Step 0/273 (0.0 it/s) |                    | - loss_cc=4.516 - loss_ce=2.09 - loss_ne=0.0101 - loss_div=0.0 - threshold=1.0 - loss=6.616
/scratch/e0538389/DivClust/engine/trainer.py:41: FutureWarning: `torch.cuda.amp.autocast(args...)` is deprecated. Please use `torch.amp.autocast('cuda', args...)` instead.
  with autocast(self.mixed_precision):
/scratch/e0538389/DivClust/engine/trainer.py:41: FutureWarning: `torch.cuda.amp.autocast(args...)` is deprecated. Please use `torch.amp.autocast('cuda', args...)` instead.
  with autocast(self.mixed_precision):
[2026-03-30 13:16:45](logger.py 179): id=CC_FMNIST_C10CFG_K20_E100_DT_0_9 | Ep. 92/100 - Step 25/273 (2.11 it/s) |#                   | - loss_cc=4.516 - loss_ce=2.09 - loss_ne=0.0158 - loss_div=0.000428 - threshold=0.999 - loss=6.623
/scratch/e0538389/DivClust/engine/trainer.py:41: FutureWarning: `torch.cuda.amp.autocast(args...)` is deprecated. Please use `torch.amp.autocast('cuda', args...)` instead.
  with autocast(self.mixed_precision):
[2026-03-30 13:16:57](logger.py 179): id=CC_FMNIST_C10CFG_K20_E100_DT_0_9 | Ep. 92/100 - Step 50/273 (2.11 it/s) |###                 | - loss_cc=4.522 - loss_ce=2.093 - loss_ne=0.0143 - loss_div=0.000455 - threshold=0.996 - loss=6.63
/scratch/e0538389/DivClust/engine/trainer.py:41: FutureWarning: `torch.cuda.amp.autocast(args...)` is deprecated. Please use `torch.amp.autocast('cuda', args...)` instead.
  with autocast(self.mixed_precision):
[2026-03-30 13:17:08](logger.py 179): id=CC_FMNIST_C10CFG_K20_E100_DT_0_9 | Ep. 92/100 - Step 75/273 (2.13 it/s) |#####               | - loss_cc=4.52 - loss_ce=2.092 - loss_ne=0.0134 - loss_div=0.000305 - threshold=0.997 - loss=6.625
/scratch/e0538389/DivClust/engine/trainer.py:41: FutureWarning: `torch.cuda.amp.autocast(args...)` is deprecated. Please use `torch.amp.autocast('cuda', args...)` instead.
  with autocast(self.mixed_precision):
[2026-03-30 13:17:20](logger.py 179): id=CC_FMNIST_C10CFG_K20_E100_DT_0_9 | Ep. 92/100 - Step 100/273 (2.15 it/s) |#######             | - loss_cc=4.521 - loss_ce=2.092 - loss_ne=0.0131 - loss_div=0.00023 - threshold=0.998 - loss=6.626
/scratch/e0538389/DivClust/engine/trainer.py:41: FutureWarning: `torch.cuda.amp.autocast(args...)` is deprecated. Please use `torch.amp.autocast('cuda', args...)` instead.
  with autocast(self.mixed_precision):
/scratch/e0538389/DivClust/engine/trainer.py:41: FutureWarning: `torch.cuda.amp.autocast(args...)` is deprecated. Please use `torch.amp.autocast('cuda', args...)` instead.
  with autocast(self.mixed_precision):
[2026-03-30 13:17:32](logger.py 179): id=CC_FMNIST_C10CFG_K20_E100_DT_0_9 | Ep. 92/100 - Step 125/273 (2.12 it/s) |#########           | - loss_cc=4.519 - loss_ce=2.091 - loss_ne=0.0134 - loss_div=0.000184 - threshold=0.998 - loss=6.624
/scratch/e0538389/DivClust/engine/trainer.py:41: FutureWarning: `torch.cuda.amp.autocast(args...)` is deprecated. Please use `torch.amp.autocast('cuda', args...)` instead.
  with autocast(self.mixed_precision):
[2026-03-30 13:17:44](logger.py 179): id=CC_FMNIST_C10CFG_K20_E100_DT_0_9 | Ep. 92/100 - Step 150/273 (2.14 it/s) |##########          | - loss_cc=4.52 - loss_ce=2.092 - loss_ne=0.0135 - loss_div=0.000154 - threshold=0.999 - loss=6.626
/scratch/e0538389/DivClust/engine/trainer.py:41: FutureWarning: `torch.cuda.amp.autocast(args...)` is deprecated. Please use `torch.amp.autocast('cuda', args...)` instead.
  with autocast(self.mixed_precision):
[2026-03-30 13:17:55](logger.py 179): id=CC_FMNIST_C10CFG_K20_E100_DT_0_9 | Ep. 92/100 - Step 175/273 (2.13 it/s) |############        | - loss_cc=4.519 - loss_ce=2.092 - loss_ne=0.0136 - loss_div=0.000132 - threshold=0.999 - loss=6.624
/scratch/e0538389/DivClust/engine/trainer.py:41: FutureWarning: `torch.cuda.amp.autocast(args...)` is deprecated. Please use `torch.amp.autocast('cuda', args...)` instead.
  with autocast(self.mixed_precision):
[2026-03-30 13:18:08](logger.py 179): id=CC_FMNIST_C10CFG_K20_E100_DT_0_9 | Ep. 92/100 - Step 200/273 (2.12 it/s) |##############      | - loss_cc=4.518 - loss_ce=2.092 - loss_ne=0.0134 - loss_div=0.000115 - threshold=0.999 - loss=6.624
/scratch/e0538389/DivClust/engine/trainer.py:41: FutureWarning: `torch.cuda.amp.autocast(args...)` is deprecated. Please use `torch.amp.autocast('cuda', args...)` instead.
  with autocast(self.mixed_precision):
/scratch/e0538389/DivClust/engine/trainer.py:41: FutureWarning: `torch.cuda.amp.autocast(args...)` is deprecated. Please use `torch.amp.autocast('cuda', args...)` instead.
  with autocast(self.mixed_precision):
[2026-03-30 13:18:21](logger.py 179): id=CC_FMNIST_C10CFG_K20_E100_DT_0_9 | Ep. 92/100 - Step 225/273 (2.09 it/s) |################    | - loss_cc=4.519 - loss_ce=2.092 - loss_ne=0.0136 - loss_div=0.000103 - threshold=0.999 - loss=6.625
/scratch/e0538389/DivClust/engine/trainer.py:41: FutureWarning: `torch.cuda.amp.autocast(args...)` is deprecated. Please use `torch.amp.autocast('cuda', args...)` instead.
  with autocast(self.mixed_precision):
[2026-03-30 13:18:33](logger.py 179): id=CC_FMNIST_C10CFG_K20_E100_DT_0_9 | Ep. 92/100 - Step 250/273 (2.09 it/s) |##################  | - loss_cc=4.518 - loss_ce=2.092 - loss_ne=0.0135 - loss_div=9.24e-05 - threshold=0.999 - loss=6.624
/scratch/e0538389/DivClust/engine/trainer.py:41: FutureWarning: `torch.cuda.amp.autocast(args...)` is deprecated. Please use `torch.amp.autocast('cuda', args...)` instead.
  with autocast(self.mixed_precision):
[2026-03-30 13:18:44](logger.py 179): id=CC_FMNIST_C10CFG_K20_E100_DT_0_9 | Ep. 92/100 | Time: 00:02 | loss_cc=4.518 - loss_ce=2.092 - loss_ne=0.0137 - loss_div=8.49e-05 - threshold=0.999 - loss=6.624
[2026-03-30 13:18:47](logger.py 179): id=CC_FMNIST_C10CFG_K20_E100_DT_0_9 | Ep. 93/100 - Step 0/273 (0.0 it/s) |                    | - loss_cc=4.537 - loss_ce=2.097 - loss_ne=0.0181 - loss_div=0.0 - threshold=1.0 - loss=6.651
/scratch/e0538389/DivClust/engine/trainer.py:41: FutureWarning: `torch.cuda.amp.autocast(args...)` is deprecated. Please use `torch.amp.autocast('cuda', args...)` instead.
  with autocast(self.mixed_precision):
[2026-03-30 13:18:58](logger.py 179): id=CC_FMNIST_C10CFG_K20_E100_DT_0_9 | Ep. 93/100 - Step 25/273 (2.25 it/s) |#                   | - loss_cc=4.521 - loss_ce=2.094 - loss_ne=0.012 - loss_div=0.0 - threshold=1.0 - loss=6.628
/scratch/e0538389/DivClust/engine/trainer.py:41: FutureWarning: `torch.cuda.amp.autocast(args...)` is deprecated. Please use `torch.amp.autocast('cuda', args...)` instead.
  with autocast(self.mixed_precision):
[2026-03-30 13:19:10](logger.py 179): id=CC_FMNIST_C10CFG_K20_E100_DT_0_9 | Ep. 93/100 - Step 50/273 (2.19 it/s) |###                 | - loss_cc=4.524 - loss_ce=2.095 - loss_ne=0.0134 - loss_div=0.000513 - threshold=0.996 - loss=6.632
/scratch/e0538389/DivClust/engine/trainer.py:41: FutureWarning: `torch.cuda.amp.autocast(args...)` is deprecated. Please use `torch.amp.autocast('cuda', args...)` instead.
  with autocast(self.mixed_precision):
/scratch/e0538389/DivClust/engine/trainer.py:41: FutureWarning: `torch.cuda.amp.autocast(args...)` is deprecated. Please use `torch.amp.autocast('cuda', args...)` instead.
  with autocast(self.mixed_precision):
[2026-03-30 13:19:21](logger.py 179): id=CC_FMNIST_C10CFG_K20_E100_DT_0_9 | Ep. 93/100 - Step 75/273 (2.21 it/s) |#####               | - loss_cc=4.522 - loss_ce=2.094 - loss_ne=0.0149 - loss_div=0.000344 - threshold=0.997 - loss=6.631
/scratch/e0538389/DivClust/engine/trainer.py:41: FutureWarning: `torch.cuda.amp.autocast(args...)` is deprecated. Please use `torch.amp.autocast('cuda', args...)` instead.
  with autocast(self.mixed_precision):
[2026-03-30 13:19:33](logger.py 179): id=CC_FMNIST_C10CFG_K20_E100_DT_0_9 | Ep. 93/100 - Step 100/273 (2.16 it/s) |#######             | - loss_cc=4.522 - loss_ce=2.094 - loss_ne=0.0144 - loss_div=0.000259 - threshold=0.998 - loss=6.63
/scratch/e0538389/DivClust/engine/trainer.py:41: FutureWarning: `torch.cuda.amp.autocast(args...)` is deprecated. Please use `torch.amp.autocast('cuda', args...)` instead.
  with autocast(self.mixed_precision):
[2026-03-30 13:19:44](logger.py 179): id=CC_FMNIST_C10CFG_K20_E100_DT_0_9 | Ep. 93/100 - Step 125/273 (2.19 it/s) |#########           | - loss_cc=4.523 - loss_ce=2.094 - loss_ne=0.0143 - loss_div=0.000208 - threshold=0.998 - loss=6.632
/scratch/e0538389/DivClust/engine/trainer.py:41: FutureWarning: `torch.cuda.amp.autocast(args...)` is deprecated. Please use `torch.amp.autocast('cuda', args...)` instead.
  with autocast(self.mixed_precision):
[2026-03-30 13:19:55](logger.py 179): id=CC_FMNIST_C10CFG_K20_E100_DT_0_9 | Ep. 93/100 - Step 150/273 (2.2 it/s) |##########          | - loss_cc=4.523 - loss_ce=2.094 - loss_ne=0.0143 - loss_div=0.000173 - threshold=0.999 - loss=6.631
/scratch/e0538389/DivClust/engine/trainer.py:41: FutureWarning: `torch.cuda.amp.autocast(args...)` is deprecated. Please use `torch.amp.autocast('cuda', args...)` instead.
  with autocast(self.mixed_precision):
/scratch/e0538389/DivClust/engine/trainer.py:41: FutureWarning: `torch.cuda.amp.autocast(args...)` is deprecated. Please use `torch.amp.autocast('cuda', args...)` instead.
  with autocast(self.mixed_precision):
[2026-03-30 13:20:06](logger.py 179): id=CC_FMNIST_C10CFG_K20_E100_DT_0_9 | Ep. 93/100 - Step 175/273 (2.21 it/s) |############        | - loss_cc=4.523 - loss_ce=2.094 - loss_ne=0.0141 - loss_div=0.000149 - threshold=0.999 - loss=6.631
/scratch/e0538389/DivClust/engine/trainer.py:41: FutureWarning: `torch.cuda.amp.autocast(args...)` is deprecated. Please use `torch.amp.autocast('cuda', args...)` instead.
  with autocast(self.mixed_precision):
[2026-03-30 13:20:17](logger.py 179): id=CC_FMNIST_C10CFG_K20_E100_DT_0_9 | Ep. 93/100 - Step 200/273 (2.23 it/s) |##############      | - loss_cc=4.523 - loss_ce=2.094 - loss_ne=0.0139 - loss_div=0.00013 - threshold=0.999 - loss=6.631
/scratch/e0538389/DivClust/engine/trainer.py:41: FutureWarning: `torch.cuda.amp.autocast(args...)` is deprecated. Please use `torch.amp.autocast('cuda', args...)` instead.
  with autocast(self.mixed_precision):
[2026-03-30 13:20:28](logger.py 179): id=CC_FMNIST_C10CFG_K20_E100_DT_0_9 | Ep. 93/100 - Step 225/273 (2.22 it/s) |################    | - loss_cc=4.522 - loss_ce=2.094 - loss_ne=0.0139 - loss_div=0.000116 - threshold=0.999 - loss=6.63
/scratch/e0538389/DivClust/engine/trainer.py:41: FutureWarning: `torch.cuda.amp.autocast(args...)` is deprecated. Please use `torch.amp.autocast('cuda', args...)` instead.
  with autocast(self.mixed_precision):
[2026-03-30 13:20:40](logger.py 179): id=CC_FMNIST_C10CFG_K20_E100_DT_0_9 | Ep. 93/100 - Step 250/273 (2.21 it/s) |##################  | - loss_cc=4.522 - loss_ce=2.093 - loss_ne=0.0139 - loss_div=0.000104 - threshold=0.999 - loss=6.629
/scratch/e0538389/DivClust/engine/trainer.py:41: FutureWarning: `torch.cuda.amp.autocast(args...)` is deprecated. Please use `torch.amp.autocast('cuda', args...)` instead.
  with autocast(self.mixed_precision):
/scratch/e0538389/DivClust/engine/trainer.py:41: FutureWarning: `torch.cuda.amp.autocast(args...)` is deprecated. Please use `torch.amp.autocast('cuda', args...)` instead.
  with autocast(self.mixed_precision):
[2026-03-30 13:20:50](logger.py 179): id=CC_FMNIST_C10CFG_K20_E100_DT_0_9 | Ep. 93/100 | Time: 00:02 | loss_cc=4.522 - loss_ce=2.094 - loss_ne=0.0138 - loss_div=9.58e-05 - threshold=0.999 - loss=6.629
[2026-03-30 13:20:52](logger.py 179): id=CC_FMNIST_C10CFG_K20_E100_DT_0_9 | Ep. 94/100 - Step 0/273 (0.0 it/s) |                    | - loss_cc=4.524 - loss_ce=2.089 - loss_ne=0.00745 - loss_div=0.0 - threshold=1.0 - loss=6.62
/scratch/e0538389/DivClust/engine/trainer.py:41: FutureWarning: `torch.cuda.amp.autocast(args...)` is deprecated. Please use `torch.amp.autocast('cuda', args...)` instead.
  with autocast(self.mixed_precision):
[2026-03-30 13:21:04](logger.py 179): id=CC_FMNIST_C10CFG_K20_E100_DT_0_9 | Ep. 94/100 - Step 25/273 (2.09 it/s) |#                   | - loss_cc=4.516 - loss_ce=2.09 - loss_ne=0.0163 - loss_div=0.000493 - threshold=0.997 - loss=6.624
/scratch/e0538389/DivClust/engine/trainer.py:41: FutureWarning: `torch.cuda.amp.autocast(args...)` is deprecated. Please use `torch.amp.autocast('cuda', args...)` instead.
  with autocast(self.mixed_precision):
[2026-03-30 13:21:15](logger.py 179): id=CC_FMNIST_C10CFG_K20_E100_DT_0_9 | Ep. 94/100 - Step 50/273 (2.13 it/s) |###                 | - loss_cc=4.519 - loss_ce=2.093 - loss_ne=0.0154 - loss_div=0.000303 - threshold=0.996 - loss=6.628
/scratch/e0538389/DivClust/engine/trainer.py:41: FutureWarning: `torch.cuda.amp.autocast(args...)` is deprecated. Please use `torch.amp.autocast('cuda', args...)` instead.
  with autocast(self.mixed_precision):
[2026-03-30 13:21:28](logger.py 179): id=CC_FMNIST_C10CFG_K20_E100_DT_0_9 | Ep. 94/100 - Step 75/273 (2.07 it/s) |#####               | - loss_cc=4.52 - loss_ce=2.094 - loss_ne=0.0151 - loss_div=0.000204 - threshold=0.997 - loss=6.629
/scratch/e0538389/DivClust/engine/trainer.py:41: FutureWarning: `torch.cuda.amp.autocast(args...)` is deprecated. Please use `torch.amp.autocast('cuda', args...)` instead.
  with autocast(self.mixed_precision):
/scratch/e0538389/DivClust/engine/trainer.py:41: FutureWarning: `torch.cuda.amp.autocast(args...)` is deprecated. Please use `torch.amp.autocast('cuda', args...)` instead.
  with autocast(self.mixed_precision):
[2026-03-30 13:21:40](logger.py 179): id=CC_FMNIST_C10CFG_K20_E100_DT_0_9 | Ep. 94/100 - Step 100/273 (2.07 it/s) |#######             | - loss_cc=4.519 - loss_ce=2.093 - loss_ne=0.0152 - loss_div=0.000153 - threshold=0.998 - loss=6.626
/scratch/e0538389/DivClust/engine/trainer.py:41: FutureWarning: `torch.cuda.amp.autocast(args...)` is deprecated. Please use `torch.amp.autocast('cuda', args...)` instead.
  with autocast(self.mixed_precision):
[2026-03-30 13:21:51](logger.py 179): id=CC_FMNIST_C10CFG_K20_E100_DT_0_9 | Ep. 94/100 - Step 125/273 (2.12 it/s) |#########           | - loss_cc=4.517 - loss_ce=2.092 - loss_ne=0.0144 - loss_div=0.000123 - threshold=0.998 - loss=6.624
/scratch/e0538389/DivClust/engine/trainer.py:41: FutureWarning: `torch.cuda.amp.autocast(args...)` is deprecated. Please use `torch.amp.autocast('cuda', args...)` instead.
  with autocast(self.mixed_precision):
[2026-03-30 13:22:02](logger.py 179): id=CC_FMNIST_C10CFG_K20_E100_DT_0_9 | Ep. 94/100 - Step 150/273 (2.15 it/s) |##########          | - loss_cc=4.519 - loss_ce=2.092 - loss_ne=0.0142 - loss_div=0.000102 - threshold=0.999 - loss=6.625
/scratch/e0538389/DivClust/engine/trainer.py:41: FutureWarning: `torch.cuda.amp.autocast(args...)` is deprecated. Please use `torch.amp.autocast('cuda', args...)` instead.
  with autocast(self.mixed_precision):
[2026-03-30 13:22:13](logger.py 179): id=CC_FMNIST_C10CFG_K20_E100_DT_0_9 | Ep. 94/100 - Step 175/273 (2.17 it/s) |############        | - loss_cc=4.519 - loss_ce=2.092 - loss_ne=0.014 - loss_div=8.79e-05 - threshold=0.999 - loss=6.626
/scratch/e0538389/DivClust/engine/trainer.py:41: FutureWarning: `torch.cuda.amp.autocast(args...)` is deprecated. Please use `torch.amp.autocast('cuda', args...)` instead.
  with autocast(self.mixed_precision):
/scratch/e0538389/DivClust/engine/trainer.py:41: FutureWarning: `torch.cuda.amp.autocast(args...)` is deprecated. Please use `torch.amp.autocast('cuda', args...)` instead.
  with autocast(self.mixed_precision):
[2026-03-30 13:22:24](logger.py 179): id=CC_FMNIST_C10CFG_K20_E100_DT_0_9 | Ep. 94/100 - Step 200/273 (2.18 it/s) |##############      | - loss_cc=4.519 - loss_ce=2.092 - loss_ne=0.0141 - loss_div=7.69e-05 - threshold=0.999 - loss=6.625
/scratch/e0538389/DivClust/engine/trainer.py:41: FutureWarning: `torch.cuda.amp.autocast(args...)` is deprecated. Please use `torch.amp.autocast('cuda', args...)` instead.
  with autocast(self.mixed_precision):
[2026-03-30 13:22:34](logger.py 179): id=CC_FMNIST_C10CFG_K20_E100_DT_0_9 | Ep. 94/100 - Step 225/273 (2.2 it/s) |################    | - loss_cc=4.519 - loss_ce=2.092 - loss_ne=0.0141 - loss_div=6.84e-05 - threshold=0.999 - loss=6.625
/scratch/e0538389/DivClust/engine/trainer.py:41: FutureWarning: `torch.cuda.amp.autocast(args...)` is deprecated. Please use `torch.amp.autocast('cuda', args...)` instead.
  with autocast(self.mixed_precision):
[2026-03-30 13:22:45](logger.py 179): id=CC_FMNIST_C10CFG_K20_E100_DT_0_9 | Ep. 94/100 - Step 250/273 (2.21 it/s) |##################  | - loss_cc=4.52 - loss_ce=2.092 - loss_ne=0.0141 - loss_div=0.000166 - threshold=0.999 - loss=6.626
/scratch/e0538389/DivClust/engine/trainer.py:41: FutureWarning: `torch.cuda.amp.autocast(args...)` is deprecated. Please use `torch.amp.autocast('cuda', args...)` instead.
  with autocast(self.mixed_precision):
[2026-03-30 13:22:54](logger.py 179): id=CC_FMNIST_C10CFG_K20_E100_DT_0_9 | Ep. 94/100 | Time: 00:02 | loss_cc=4.52 - loss_ce=2.092 - loss_ne=0.0139 - loss_div=0.000153 - threshold=0.999 - loss=6.626
[2026-03-30 13:22:57](logger.py 179): id=CC_FMNIST_C10CFG_K20_E100_DT_0_9 | Ep. 95/100 - Step 0/273 (0.0 it/s) |                    | - loss_cc=4.507 - loss_ce=2.089 - loss_ne=0.00828 - loss_div=0.0 - threshold=1.0 - loss=6.605
/scratch/e0538389/DivClust/engine/trainer.py:41: FutureWarning: `torch.cuda.amp.autocast(args...)` is deprecated. Please use `torch.amp.autocast('cuda', args...)` instead.
  with autocast(self.mixed_precision):
[2026-03-30 13:23:08](logger.py 179): id=CC_FMNIST_C10CFG_K20_E100_DT_0_9 | Ep. 95/100 - Step 25/273 (2.23 it/s) |#                   | - loss_cc=4.525 - loss_ce=2.094 - loss_ne=0.0143 - loss_div=0.0 - threshold=1.0 - loss=6.634
/scratch/e0538389/DivClust/engine/trainer.py:41: FutureWarning: `torch.cuda.amp.autocast(args...)` is deprecated. Please use `torch.amp.autocast('cuda', args...)` instead.
  with autocast(self.mixed_precision):
/scratch/e0538389/DivClust/engine/trainer.py:41: FutureWarning: `torch.cuda.amp.autocast(args...)` is deprecated. Please use `torch.amp.autocast('cuda', args...)` instead.
  with autocast(self.mixed_precision):
[2026-03-30 13:23:19](logger.py 179): id=CC_FMNIST_C10CFG_K20_E100_DT_0_9 | Ep. 95/100 - Step 50/273 (2.3 it/s) |###                 | - loss_cc=4.522 - loss_ce=2.094 - loss_ne=0.0139 - loss_div=0.0 - threshold=1.0 - loss=6.63
/scratch/e0538389/DivClust/engine/trainer.py:41: FutureWarning: `torch.cuda.amp.autocast(args...)` is deprecated. Please use `torch.amp.autocast('cuda', args...)` instead.
  with autocast(self.mixed_precision):
[2026-03-30 13:23:29](logger.py 179): id=CC_FMNIST_C10CFG_K20_E100_DT_0_9 | Ep. 95/100 - Step 75/273 (2.33 it/s) |#####               | - loss_cc=4.522 - loss_ce=2.094 - loss_ne=0.0136 - loss_div=0.0 - threshold=1.0 - loss=6.63
/scratch/e0538389/DivClust/engine/trainer.py:41: FutureWarning: `torch.cuda.amp.autocast(args...)` is deprecated. Please use `torch.amp.autocast('cuda', args...)` instead.
  with autocast(self.mixed_precision):
[2026-03-30 13:23:40](logger.py 179): id=CC_FMNIST_C10CFG_K20_E100_DT_0_9 | Ep. 95/100 - Step 100/273 (2.33 it/s) |#######             | - loss_cc=4.521 - loss_ce=2.093 - loss_ne=0.0138 - loss_div=0.0 - threshold=1.0 - loss=6.629
/scratch/e0538389/DivClust/engine/trainer.py:41: FutureWarning: `torch.cuda.amp.autocast(args...)` is deprecated. Please use `torch.amp.autocast('cuda', args...)` instead.
  with autocast(self.mixed_precision):
[2026-03-30 13:23:51](logger.py 179): id=CC_FMNIST_C10CFG_K20_E100_DT_0_9 | Ep. 95/100 - Step 125/273 (2.31 it/s) |#########           | - loss_cc=4.52 - loss_ce=2.093 - loss_ne=0.0133 - loss_div=0.0 - threshold=1.0 - loss=6.626
/scratch/e0538389/DivClust/engine/trainer.py:41: FutureWarning: `torch.cuda.amp.autocast(args...)` is deprecated. Please use `torch.amp.autocast('cuda', args...)` instead.
  with autocast(self.mixed_precision):
/scratch/e0538389/DivClust/engine/trainer.py:41: FutureWarning: `torch.cuda.amp.autocast(args...)` is deprecated. Please use `torch.amp.autocast('cuda', args...)` instead.
  with autocast(self.mixed_precision):
[2026-03-30 13:24:02](logger.py 179): id=CC_FMNIST_C10CFG_K20_E100_DT_0_9 | Ep. 95/100 - Step 150/273 (2.31 it/s) |##########          | - loss_cc=4.52 - loss_ce=2.092 - loss_ne=0.0133 - loss_div=0.0 - threshold=1.0 - loss=6.626
/scratch/e0538389/DivClust/engine/trainer.py:41: FutureWarning: `torch.cuda.amp.autocast(args...)` is deprecated. Please use `torch.amp.autocast('cuda', args...)` instead.
  with autocast(self.mixed_precision):
[2026-03-30 13:24:12](logger.py 179): id=CC_FMNIST_C10CFG_K20_E100_DT_0_9 | Ep. 95/100 - Step 175/273 (2.32 it/s) |############        | - loss_cc=4.52 - loss_ce=2.092 - loss_ne=0.0133 - loss_div=0.0 - threshold=1.0 - loss=6.626
/scratch/e0538389/DivClust/engine/trainer.py:41: FutureWarning: `torch.cuda.amp.autocast(args...)` is deprecated. Please use `torch.amp.autocast('cuda', args...)` instead.
  with autocast(self.mixed_precision):
[2026-03-30 13:24:23](logger.py 179): id=CC_FMNIST_C10CFG_K20_E100_DT_0_9 | Ep. 95/100 - Step 200/273 (2.32 it/s) |##############      | - loss_cc=4.519 - loss_ce=2.092 - loss_ne=0.0131 - loss_div=6.98e-05 - threshold=0.999 - loss=6.625
/scratch/e0538389/DivClust/engine/trainer.py:41: FutureWarning: `torch.cuda.amp.autocast(args...)` is deprecated. Please use `torch.amp.autocast('cuda', args...)` instead.
  with autocast(self.mixed_precision):
[2026-03-30 13:24:35](logger.py 179): id=CC_FMNIST_C10CFG_K20_E100_DT_0_9 | Ep. 95/100 - Step 225/273 (2.31 it/s) |################    | - loss_cc=4.518 - loss_ce=2.092 - loss_ne=0.0135 - loss_div=6.56e-05 - threshold=0.999 - loss=6.624
/scratch/e0538389/DivClust/engine/trainer.py:41: FutureWarning: `torch.cuda.amp.autocast(args...)` is deprecated. Please use `torch.amp.autocast('cuda', args...)` instead.
  with autocast(self.mixed_precision):
/scratch/e0538389/DivClust/engine/trainer.py:41: FutureWarning: `torch.cuda.amp.autocast(args...)` is deprecated. Please use `torch.amp.autocast('cuda', args...)` instead.
  with autocast(self.mixed_precision):
[2026-03-30 13:24:45](logger.py 179): id=CC_FMNIST_C10CFG_K20_E100_DT_0_9 | Ep. 95/100 - Step 250/273 (2.31 it/s) |##################  | - loss_cc=4.519 - loss_ce=2.092 - loss_ne=0.0133 - loss_div=5.91e-05 - threshold=0.999 - loss=6.624
/scratch/e0538389/DivClust/engine/trainer.py:41: FutureWarning: `torch.cuda.amp.autocast(args...)` is deprecated. Please use `torch.amp.autocast('cuda', args...)` instead.
  with autocast(self.mixed_precision):
[2026-03-30 13:24:55](logger.py 179): id=CC_FMNIST_C10CFG_K20_E100_DT_0_9 | Ep. 95/100 | Time: 00:01 | loss_cc=4.519 - loss_ce=2.092 - loss_ne=0.0133 - loss_div=5.43e-05 - threshold=0.999 - loss=6.624
[2026-03-30 13:24:58](logger.py 179): id=CC_FMNIST_C10CFG_K20_E100_DT_0_9 | Ep. 96/100 - Step 0/273 (0.0 it/s) |                    | - loss_cc=4.514 - loss_ce=2.092 - loss_ne=0.0146 - loss_div=0.0 - threshold=1.0 - loss=6.621
/scratch/e0538389/DivClust/engine/trainer.py:41: FutureWarning: `torch.cuda.amp.autocast(args...)` is deprecated. Please use `torch.amp.autocast('cuda', args...)` instead.
  with autocast(self.mixed_precision):
[2026-03-30 13:25:08](logger.py 179): id=CC_FMNIST_C10CFG_K20_E100_DT_0_9 | Ep. 96/100 - Step 25/273 (2.32 it/s) |#                   | - loss_cc=4.525 - loss_ce=2.094 - loss_ne=0.0166 - loss_div=0.0 - threshold=1.0 - loss=6.636
/scratch/e0538389/DivClust/engine/trainer.py:41: FutureWarning: `torch.cuda.amp.autocast(args...)` is deprecated. Please use `torch.amp.autocast('cuda', args...)` instead.
  with autocast(self.mixed_precision):
[2026-03-30 13:25:19](logger.py 179): id=CC_FMNIST_C10CFG_K20_E100_DT_0_9 | Ep. 96/100 - Step 50/273 (2.32 it/s) |###                 | - loss_cc=4.522 - loss_ce=2.095 - loss_ne=0.014 - loss_div=0.0 - threshold=1.0 - loss=6.63
/scratch/e0538389/DivClust/engine/trainer.py:41: FutureWarning: `torch.cuda.amp.autocast(args...)` is deprecated. Please use `torch.amp.autocast('cuda', args...)` instead.
  with autocast(self.mixed_precision):
/scratch/e0538389/DivClust/engine/trainer.py:41: FutureWarning: `torch.cuda.amp.autocast(args...)` is deprecated. Please use `torch.amp.autocast('cuda', args...)` instead.
  with autocast(self.mixed_precision):
[2026-03-30 13:25:30](logger.py 179): id=CC_FMNIST_C10CFG_K20_E100_DT_0_9 | Ep. 96/100 - Step 75/273 (2.31 it/s) |#####               | - loss_cc=4.521 - loss_ce=2.094 - loss_ne=0.0143 - loss_div=0.0 - threshold=1.0 - loss=6.629
/scratch/e0538389/DivClust/engine/trainer.py:41: FutureWarning: `torch.cuda.amp.autocast(args...)` is deprecated. Please use `torch.amp.autocast('cuda', args...)` instead.
  with autocast(self.mixed_precision):
[2026-03-30 13:25:41](logger.py 179): id=CC_FMNIST_C10CFG_K20_E100_DT_0_9 | Ep. 96/100 - Step 100/273 (2.32 it/s) |#######             | - loss_cc=4.521 - loss_ce=2.093 - loss_ne=0.014 - loss_div=0.0 - threshold=1.0 - loss=6.628
/scratch/e0538389/DivClust/engine/trainer.py:41: FutureWarning: `torch.cuda.amp.autocast(args...)` is deprecated. Please use `torch.amp.autocast('cuda', args...)` instead.
  with autocast(self.mixed_precision):
[2026-03-30 13:25:52](logger.py 179): id=CC_FMNIST_C10CFG_K20_E100_DT_0_9 | Ep. 96/100 - Step 125/273 (2.32 it/s) |#########           | - loss_cc=4.521 - loss_ce=2.093 - loss_ne=0.014 - loss_div=0.000114 - threshold=0.999 - loss=6.629
/scratch/e0538389/DivClust/engine/trainer.py:41: FutureWarning: `torch.cuda.amp.autocast(args...)` is deprecated. Please use `torch.amp.autocast('cuda', args...)` instead.
  with autocast(self.mixed_precision):
[2026-03-30 13:26:02](logger.py 179): id=CC_FMNIST_C10CFG_K20_E100_DT_0_9 | Ep. 96/100 - Step 150/273 (2.32 it/s) |##########          | - loss_cc=4.52 - loss_ce=2.093 - loss_ne=0.0141 - loss_div=9.67e-05 - threshold=0.999 - loss=6.627
/scratch/e0538389/DivClust/engine/trainer.py:41: FutureWarning: `torch.cuda.amp.autocast(args...)` is deprecated. Please use `torch.amp.autocast('cuda', args...)` instead.
  with autocast(self.mixed_precision):
/scratch/e0538389/DivClust/engine/trainer.py:41: FutureWarning: `torch.cuda.amp.autocast(args...)` is deprecated. Please use `torch.amp.autocast('cuda', args...)` instead.
  with autocast(self.mixed_precision):
[2026-03-30 13:26:13](logger.py 179): id=CC_FMNIST_C10CFG_K20_E100_DT_0_9 | Ep. 96/100 - Step 175/273 (2.31 it/s) |############        | - loss_cc=4.519 - loss_ce=2.093 - loss_ne=0.0139 - loss_div=8.3e-05 - threshold=0.999 - loss=6.626
/scratch/e0538389/DivClust/engine/trainer.py:41: FutureWarning: `torch.cuda.amp.autocast(args...)` is deprecated. Please use `torch.amp.autocast('cuda', args...)` instead.
  with autocast(self.mixed_precision):
[2026-03-30 13:26:24](logger.py 179): id=CC_FMNIST_C10CFG_K20_E100_DT_0_9 | Ep. 96/100 - Step 200/273 (2.32 it/s) |##############      | - loss_cc=4.519 - loss_ce=2.092 - loss_ne=0.0137 - loss_div=7.27e-05 - threshold=0.999 - loss=6.625
/scratch/e0538389/DivClust/engine/trainer.py:41: FutureWarning: `torch.cuda.amp.autocast(args...)` is deprecated. Please use `torch.amp.autocast('cuda', args...)` instead.
  with autocast(self.mixed_precision):
[2026-03-30 13:26:35](logger.py 179): id=CC_FMNIST_C10CFG_K20_E100_DT_0_9 | Ep. 96/100 - Step 225/273 (2.32 it/s) |################    | - loss_cc=4.518 - loss_ce=2.092 - loss_ne=0.014 - loss_div=6.46e-05 - threshold=0.999 - loss=6.624
/scratch/e0538389/DivClust/engine/trainer.py:41: FutureWarning: `torch.cuda.amp.autocast(args...)` is deprecated. Please use `torch.amp.autocast('cuda', args...)` instead.
  with autocast(self.mixed_precision):
[2026-03-30 13:26:45](logger.py 179): id=CC_FMNIST_C10CFG_K20_E100_DT_0_9 | Ep. 96/100 - Step 250/273 (2.32 it/s) |##################  | - loss_cc=4.518 - loss_ce=2.092 - loss_ne=0.0141 - loss_div=5.82e-05 - threshold=0.999 - loss=6.625
/scratch/e0538389/DivClust/engine/trainer.py:41: FutureWarning: `torch.cuda.amp.autocast(args...)` is deprecated. Please use `torch.amp.autocast('cuda', args...)` instead.
  with autocast(self.mixed_precision):
[2026-03-30 13:26:55](logger.py 179): id=CC_FMNIST_C10CFG_K20_E100_DT_0_9 | Ep. 96/100 | Time: 00:01 | loss_cc=4.518 - loss_ce=2.093 - loss_ne=0.0142 - loss_div=5.35e-05 - threshold=0.999 - loss=6.624
/scratch/e0538389/DivClust/engine/trainer.py:41: FutureWarning: `torch.cuda.amp.autocast(args...)` is deprecated. Please use `torch.amp.autocast('cuda', args...)` instead.
  with autocast(self.mixed_precision):
[2026-03-30 13:26:58](logger.py 179): id=CC_FMNIST_C10CFG_K20_E100_DT_0_9 | Ep. 97/100 - Step 0/273 (0.0 it/s) |                    | - loss_cc=4.514 - loss_ce=2.09 - loss_ne=0.0104 - loss_div=0.0 - threshold=1.0 - loss=6.614
/scratch/e0538389/DivClust/engine/trainer.py:41: FutureWarning: `torch.cuda.amp.autocast(args...)` is deprecated. Please use `torch.amp.autocast('cuda', args...)` instead.
  with autocast(self.mixed_precision):
[2026-03-30 13:27:09](logger.py 179): id=CC_FMNIST_C10CFG_K20_E100_DT_0_9 | Ep. 97/100 - Step 25/273 (2.32 it/s) |#                   | - loss_cc=4.514 - loss_ce=2.091 - loss_ne=0.0129 - loss_div=0.0 - threshold=1.0 - loss=6.618
/scratch/e0538389/DivClust/engine/trainer.py:41: FutureWarning: `torch.cuda.amp.autocast(args...)` is deprecated. Please use `torch.amp.autocast('cuda', args...)` instead.
  with autocast(self.mixed_precision):
[2026-03-30 13:27:19](logger.py 179): id=CC_FMNIST_C10CFG_K20_E100_DT_0_9 | Ep. 97/100 - Step 50/273 (2.32 it/s) |###                 | - loss_cc=4.513 - loss_ce=2.092 - loss_ne=0.0133 - loss_div=0.0 - threshold=1.0 - loss=6.618
/scratch/e0538389/DivClust/engine/trainer.py:41: FutureWarning: `torch.cuda.amp.autocast(args...)` is deprecated. Please use `torch.amp.autocast('cuda', args...)` instead.
  with autocast(self.mixed_precision):
[2026-03-30 13:27:30](logger.py 179): id=CC_FMNIST_C10CFG_K20_E100_DT_0_9 | Ep. 97/100 - Step 75/273 (2.32 it/s) |#####               | - loss_cc=4.514 - loss_ce=2.092 - loss_ne=0.0123 - loss_div=0.0 - threshold=1.0 - loss=6.618
/scratch/e0538389/DivClust/engine/trainer.py:41: FutureWarning: `torch.cuda.amp.autocast(args...)` is deprecated. Please use `torch.amp.autocast('cuda', args...)` instead.
  with autocast(self.mixed_precision):
/scratch/e0538389/DivClust/engine/trainer.py:41: FutureWarning: `torch.cuda.amp.autocast(args...)` is deprecated. Please use `torch.amp.autocast('cuda', args...)` instead.
  with autocast(self.mixed_precision):
[2026-03-30 13:27:41](logger.py 179): id=CC_FMNIST_C10CFG_K20_E100_DT_0_9 | Ep. 97/100 - Step 100/273 (2.29 it/s) |#######             | - loss_cc=4.513 - loss_ce=2.091 - loss_ne=0.0128 - loss_div=0.000255 - threshold=0.998 - loss=6.618
/scratch/e0538389/DivClust/engine/trainer.py:41: FutureWarning: `torch.cuda.amp.autocast(args...)` is deprecated. Please use `torch.amp.autocast('cuda', args...)` instead.
  with autocast(self.mixed_precision):
[2026-03-30 13:27:52](logger.py 179): id=CC_FMNIST_C10CFG_K20_E100_DT_0_9 | Ep. 97/100 - Step 125/273 (2.3 it/s) |#########           | - loss_cc=4.515 - loss_ce=2.092 - loss_ne=0.0132 - loss_div=0.000204 - threshold=0.998 - loss=6.62
/scratch/e0538389/DivClust/engine/trainer.py:41: FutureWarning: `torch.cuda.amp.autocast(args...)` is deprecated. Please use `torch.amp.autocast('cuda', args...)` instead.
  with autocast(self.mixed_precision):
[2026-03-30 13:28:03](logger.py 179): id=CC_FMNIST_C10CFG_K20_E100_DT_0_9 | Ep. 97/100 - Step 150/273 (2.3 it/s) |##########          | - loss_cc=4.515 - loss_ce=2.092 - loss_ne=0.0134 - loss_div=0.00017 - threshold=0.999 - loss=6.62
/scratch/e0538389/DivClust/engine/trainer.py:41: FutureWarning: `torch.cuda.amp.autocast(args...)` is deprecated. Please use `torch.amp.autocast('cuda', args...)` instead.
  with autocast(self.mixed_precision):
[2026-03-30 13:28:14](logger.py 179): id=CC_FMNIST_C10CFG_K20_E100_DT_0_9 | Ep. 97/100 - Step 175/273 (2.31 it/s) |############        | - loss_cc=4.515 - loss_ce=2.092 - loss_ne=0.0134 - loss_div=0.000146 - threshold=0.999 - loss=6.621
/scratch/e0538389/DivClust/engine/trainer.py:41: FutureWarning: `torch.cuda.amp.autocast(args...)` is deprecated. Please use `torch.amp.autocast('cuda', args...)` instead.
  with autocast(self.mixed_precision):
/scratch/e0538389/DivClust/engine/trainer.py:41: FutureWarning: `torch.cuda.amp.autocast(args...)` is deprecated. Please use `torch.amp.autocast('cuda', args...)` instead.
  with autocast(self.mixed_precision):
[2026-03-30 13:28:24](logger.py 179): id=CC_FMNIST_C10CFG_K20_E100_DT_0_9 | Ep. 97/100 - Step 200/273 (2.31 it/s) |##############      | - loss_cc=4.515 - loss_ce=2.092 - loss_ne=0.0134 - loss_div=0.000128 - threshold=0.999 - loss=6.621
/scratch/e0538389/DivClust/engine/trainer.py:41: FutureWarning: `torch.cuda.amp.autocast(args...)` is deprecated. Please use `torch.amp.autocast('cuda', args...)` instead.
  with autocast(self.mixed_precision):
[2026-03-30 13:28:35](logger.py 179): id=CC_FMNIST_C10CFG_K20_E100_DT_0_9 | Ep. 97/100 - Step 225/273 (2.32 it/s) |################    | - loss_cc=4.515 - loss_ce=2.092 - loss_ne=0.0133 - loss_div=0.000114 - threshold=0.999 - loss=6.621
/scratch/e0538389/DivClust/engine/trainer.py:41: FutureWarning: `torch.cuda.amp.autocast(args...)` is deprecated. Please use `torch.amp.autocast('cuda', args...)` instead.
  with autocast(self.mixed_precision):
[2026-03-30 13:28:46](logger.py 179): id=CC_FMNIST_C10CFG_K20_E100_DT_0_9 | Ep. 97/100 - Step 250/273 (2.32 it/s) |##################  | - loss_cc=4.515 - loss_ce=2.092 - loss_ne=0.0133 - loss_div=0.000102 - threshold=0.999 - loss=6.62
/scratch/e0538389/DivClust/engine/trainer.py:41: FutureWarning: `torch.cuda.amp.autocast(args...)` is deprecated. Please use `torch.amp.autocast('cuda', args...)` instead.
  with autocast(self.mixed_precision):
[2026-03-30 13:28:55](logger.py 179): id=CC_FMNIST_C10CFG_K20_E100_DT_0_9 | Ep. 97/100 | Time: 00:01 | loss_cc=4.515 - loss_ce=2.092 - loss_ne=0.0132 - loss_div=9.42e-05 - threshold=0.999 - loss=6.62
[2026-03-30 13:28:58](logger.py 179): id=CC_FMNIST_C10CFG_K20_E100_DT_0_9 | Ep. 98/100 - Step 0/273 (0.0 it/s) |                    | - loss_cc=4.522 - loss_ce=2.09 - loss_ne=0.00866 - loss_div=0.0 - threshold=1.0 - loss=6.621
/scratch/e0538389/DivClust/engine/trainer.py:41: FutureWarning: `torch.cuda.amp.autocast(args...)` is deprecated. Please use `torch.amp.autocast('cuda', args...)` instead.
  with autocast(self.mixed_precision):
[2026-03-30 13:29:09](logger.py 179): id=CC_FMNIST_C10CFG_K20_E100_DT_0_9 | Ep. 98/100 - Step 25/273 (2.32 it/s) |#                   | - loss_cc=4.518 - loss_ce=2.091 - loss_ne=0.0133 - loss_div=0.0 - threshold=1.0 - loss=6.622
/scratch/e0538389/DivClust/engine/trainer.py:41: FutureWarning: `torch.cuda.amp.autocast(args...)` is deprecated. Please use `torch.amp.autocast('cuda', args...)` instead.
  with autocast(self.mixed_precision):
/scratch/e0538389/DivClust/engine/trainer.py:41: FutureWarning: `torch.cuda.amp.autocast(args...)` is deprecated. Please use `torch.amp.autocast('cuda', args...)` instead.
  with autocast(self.mixed_precision):
[2026-03-30 13:29:20](logger.py 179): id=CC_FMNIST_C10CFG_K20_E100_DT_0_9 | Ep. 98/100 - Step 50/273 (2.27 it/s) |###                 | - loss_cc=4.515 - loss_ce=2.09 - loss_ne=0.0147 - loss_div=0.0 - threshold=1.0 - loss=6.62
/scratch/e0538389/DivClust/engine/trainer.py:41: FutureWarning: `torch.cuda.amp.autocast(args...)` is deprecated. Please use `torch.amp.autocast('cuda', args...)` instead.
  with autocast(self.mixed_precision):
[2026-03-30 13:29:31](logger.py 179): id=CC_FMNIST_C10CFG_K20_E100_DT_0_9 | Ep. 98/100 - Step 75/273 (2.28 it/s) |#####               | - loss_cc=4.514 - loss_ce=2.089 - loss_ne=0.0142 - loss_div=0.00028 - threshold=0.999 - loss=6.618
/scratch/e0538389/DivClust/engine/trainer.py:41: FutureWarning: `torch.cuda.amp.autocast(args...)` is deprecated. Please use `torch.amp.autocast('cuda', args...)` instead.
  with autocast(self.mixed_precision):
[2026-03-30 13:29:42](logger.py 179): id=CC_FMNIST_C10CFG_K20_E100_DT_0_9 | Ep. 98/100 - Step 100/273 (2.29 it/s) |#######             | - loss_cc=4.514 - loss_ce=2.09 - loss_ne=0.0138 - loss_div=0.000221 - threshold=0.998 - loss=6.618
/scratch/e0538389/DivClust/engine/trainer.py:41: FutureWarning: `torch.cuda.amp.autocast(args...)` is deprecated. Please use `torch.amp.autocast('cuda', args...)` instead.
  with autocast(self.mixed_precision):
[2026-03-30 13:29:52](logger.py 179): id=CC_FMNIST_C10CFG_K20_E100_DT_0_9 | Ep. 98/100 - Step 125/273 (2.31 it/s) |#########           | - loss_cc=4.514 - loss_ce=2.09 - loss_ne=0.014 - loss_div=0.000177 - threshold=0.998 - loss=6.619
/scratch/e0538389/DivClust/engine/trainer.py:41: FutureWarning: `torch.cuda.amp.autocast(args...)` is deprecated. Please use `torch.amp.autocast('cuda', args...)` instead.
  with autocast(self.mixed_precision):
/scratch/e0538389/DivClust/engine/trainer.py:41: FutureWarning: `torch.cuda.amp.autocast(args...)` is deprecated. Please use `torch.amp.autocast('cuda', args...)` instead.
  with autocast(self.mixed_precision):
[2026-03-30 13:30:03](logger.py 179): id=CC_FMNIST_C10CFG_K20_E100_DT_0_9 | Ep. 98/100 - Step 150/273 (2.3 it/s) |##########          | - loss_cc=4.515 - loss_ce=2.091 - loss_ne=0.0138 - loss_div=0.000148 - threshold=0.999 - loss=6.62
/scratch/e0538389/DivClust/engine/trainer.py:41: FutureWarning: `torch.cuda.amp.autocast(args...)` is deprecated. Please use `torch.amp.autocast('cuda', args...)` instead.
  with autocast(self.mixed_precision):
[2026-03-30 13:30:14](logger.py 179): id=CC_FMNIST_C10CFG_K20_E100_DT_0_9 | Ep. 98/100 - Step 175/273 (2.31 it/s) |############        | - loss_cc=4.514 - loss_ce=2.091 - loss_ne=0.014 - loss_div=0.000127 - threshold=0.999 - loss=6.619
/scratch/e0538389/DivClust/engine/trainer.py:41: FutureWarning: `torch.cuda.amp.autocast(args...)` is deprecated. Please use `torch.amp.autocast('cuda', args...)` instead.
  with autocast(self.mixed_precision):
[2026-03-30 13:30:24](logger.py 179): id=CC_FMNIST_C10CFG_K20_E100_DT_0_9 | Ep. 98/100 - Step 200/273 (2.32 it/s) |##############      | - loss_cc=4.513 - loss_ce=2.091 - loss_ne=0.0141 - loss_div=0.000111 - threshold=0.999 - loss=6.618
/scratch/e0538389/DivClust/engine/trainer.py:41: FutureWarning: `torch.cuda.amp.autocast(args...)` is deprecated. Please use `torch.amp.autocast('cuda', args...)` instead.
  with autocast(self.mixed_precision):
[2026-03-30 13:30:35](logger.py 179): id=CC_FMNIST_C10CFG_K20_E100_DT_0_9 | Ep. 98/100 - Step 225/273 (2.32 it/s) |################    | - loss_cc=4.514 - loss_ce=2.091 - loss_ne=0.0139 - loss_div=9.88e-05 - threshold=0.999 - loss=6.618
/scratch/e0538389/DivClust/engine/trainer.py:41: FutureWarning: `torch.cuda.amp.autocast(args...)` is deprecated. Please use `torch.amp.autocast('cuda', args...)` instead.
  with autocast(self.mixed_precision):
/scratch/e0538389/DivClust/engine/trainer.py:41: FutureWarning: `torch.cuda.amp.autocast(args...)` is deprecated. Please use `torch.amp.autocast('cuda', args...)` instead.
  with autocast(self.mixed_precision):
[2026-03-30 13:30:46](logger.py 179): id=CC_FMNIST_C10CFG_K20_E100_DT_0_9 | Ep. 98/100 - Step 250/273 (2.32 it/s) |##################  | - loss_cc=4.514 - loss_ce=2.091 - loss_ne=0.014 - loss_div=8.89e-05 - threshold=0.999 - loss=6.619
/scratch/e0538389/DivClust/engine/trainer.py:41: FutureWarning: `torch.cuda.amp.autocast(args...)` is deprecated. Please use `torch.amp.autocast('cuda', args...)` instead.
  with autocast(self.mixed_precision):
[2026-03-30 13:30:55](logger.py 179): id=CC_FMNIST_C10CFG_K20_E100_DT_0_9 | Ep. 98/100 | Time: 00:01 | loss_cc=4.514 - loss_ce=2.091 - loss_ne=0.014 - loss_div=8.18e-05 - threshold=0.999 - loss=6.619
[2026-03-30 13:30:58](logger.py 179): id=CC_FMNIST_C10CFG_K20_E100_DT_0_9 | Ep. 99/100 - Step 0/273 (0.0 it/s) |                    | - loss_cc=4.471 - loss_ce=2.07 - loss_ne=0.0224 - loss_div=0.0 - threshold=1.0 - loss=6.564
/scratch/e0538389/DivClust/engine/trainer.py:41: FutureWarning: `torch.cuda.amp.autocast(args...)` is deprecated. Please use `torch.amp.autocast('cuda', args...)` instead.
  with autocast(self.mixed_precision):
[2026-03-30 13:31:08](logger.py 179): id=CC_FMNIST_C10CFG_K20_E100_DT_0_9 | Ep. 99/100 - Step 25/273 (2.36 it/s) |#                   | - loss_cc=4.521 - loss_ce=2.093 - loss_ne=0.0132 - loss_div=0.0 - threshold=1.0 - loss=6.627
/scratch/e0538389/DivClust/engine/trainer.py:41: FutureWarning: `torch.cuda.amp.autocast(args...)` is deprecated. Please use `torch.amp.autocast('cuda', args...)` instead.
  with autocast(self.mixed_precision):
[2026-03-30 13:31:19](logger.py 179): id=CC_FMNIST_C10CFG_K20_E100_DT_0_9 | Ep. 99/100 - Step 50/273 (2.37 it/s) |###                 | - loss_cc=4.519 - loss_ce=2.092 - loss_ne=0.0124 - loss_div=0.000572 - threshold=0.996 - loss=6.624
/scratch/e0538389/DivClust/engine/trainer.py:41: FutureWarning: `torch.cuda.amp.autocast(args...)` is deprecated. Please use `torch.amp.autocast('cuda', args...)` instead.
  with autocast(self.mixed_precision):
/scratch/e0538389/DivClust/engine/trainer.py:41: FutureWarning: `torch.cuda.amp.autocast(args...)` is deprecated. Please use `torch.amp.autocast('cuda', args...)` instead.
  with autocast(self.mixed_precision):
[2026-03-30 13:31:30](logger.py 179): id=CC_FMNIST_C10CFG_K20_E100_DT_0_9 | Ep. 99/100 - Step 75/273 (2.34 it/s) |#####               | - loss_cc=4.517 - loss_ce=2.091 - loss_ne=0.0127 - loss_div=0.000384 - threshold=0.997 - loss=6.621
/scratch/e0538389/DivClust/engine/trainer.py:41: FutureWarning: `torch.cuda.amp.autocast(args...)` is deprecated. Please use `torch.amp.autocast('cuda', args...)` instead.
  with autocast(self.mixed_precision):
[2026-03-30 13:31:41](logger.py 179): id=CC_FMNIST_C10CFG_K20_E100_DT_0_9 | Ep. 99/100 - Step 100/273 (2.33 it/s) |#######             | - loss_cc=4.517 - loss_ce=2.092 - loss_ne=0.0132 - loss_div=0.000289 - threshold=0.998 - loss=6.622
/scratch/e0538389/DivClust/engine/trainer.py:41: FutureWarning: `torch.cuda.amp.autocast(args...)` is deprecated. Please use `torch.amp.autocast('cuda', args...)` instead.
  with autocast(self.mixed_precision):
[2026-03-30 13:31:51](logger.py 179): id=CC_FMNIST_C10CFG_K20_E100_DT_0_9 | Ep. 99/100 - Step 125/273 (2.33 it/s) |#########           | - loss_cc=4.517 - loss_ce=2.092 - loss_ne=0.0128 - loss_div=0.000232 - threshold=0.998 - loss=6.622
/scratch/e0538389/DivClust/engine/trainer.py:41: FutureWarning: `torch.cuda.amp.autocast(args...)` is deprecated. Please use `torch.amp.autocast('cuda', args...)` instead.
  with autocast(self.mixed_precision):
[2026-03-30 13:32:02](logger.py 179): id=CC_FMNIST_C10CFG_K20_E100_DT_0_9 | Ep. 99/100 - Step 150/273 (2.33 it/s) |##########          | - loss_cc=4.518 - loss_ce=2.092 - loss_ne=0.0129 - loss_div=0.000193 - threshold=0.999 - loss=6.623
/scratch/e0538389/DivClust/engine/trainer.py:41: FutureWarning: `torch.cuda.amp.autocast(args...)` is deprecated. Please use `torch.amp.autocast('cuda', args...)` instead.
  with autocast(self.mixed_precision):
/scratch/e0538389/DivClust/engine/trainer.py:41: FutureWarning: `torch.cuda.amp.autocast(args...)` is deprecated. Please use `torch.amp.autocast('cuda', args...)` instead.
  with autocast(self.mixed_precision):
[2026-03-30 13:32:13](logger.py 179): id=CC_FMNIST_C10CFG_K20_E100_DT_0_9 | Ep. 99/100 - Step 175/273 (2.33 it/s) |############        | - loss_cc=4.517 - loss_ce=2.092 - loss_ne=0.013 - loss_div=0.000166 - threshold=0.999 - loss=6.622
/scratch/e0538389/DivClust/engine/trainer.py:41: FutureWarning: `torch.cuda.amp.autocast(args...)` is deprecated. Please use `torch.amp.autocast('cuda', args...)` instead.
  with autocast(self.mixed_precision):
[2026-03-30 13:32:24](logger.py 179): id=CC_FMNIST_C10CFG_K20_E100_DT_0_9 | Ep. 99/100 - Step 200/273 (2.33 it/s) |##############      | - loss_cc=4.517 - loss_ce=2.092 - loss_ne=0.0133 - loss_div=0.000145 - threshold=0.999 - loss=6.622
/scratch/e0538389/DivClust/engine/trainer.py:41: FutureWarning: `torch.cuda.amp.autocast(args...)` is deprecated. Please use `torch.amp.autocast('cuda', args...)` instead.
  with autocast(self.mixed_precision):
[2026-03-30 13:32:34](logger.py 179): id=CC_FMNIST_C10CFG_K20_E100_DT_0_9 | Ep. 99/100 - Step 225/273 (2.33 it/s) |################    | - loss_cc=4.518 - loss_ce=2.092 - loss_ne=0.0134 - loss_div=0.000129 - threshold=0.999 - loss=6.623
/scratch/e0538389/DivClust/engine/trainer.py:41: FutureWarning: `torch.cuda.amp.autocast(args...)` is deprecated. Please use `torch.amp.autocast('cuda', args...)` instead.
  with autocast(self.mixed_precision):
[2026-03-30 13:32:45](logger.py 179): id=CC_FMNIST_C10CFG_K20_E100_DT_0_9 | Ep. 99/100 - Step 250/273 (2.33 it/s) |##################  | - loss_cc=4.517 - loss_ce=2.092 - loss_ne=0.0133 - loss_div=0.000116 - threshold=0.999 - loss=6.623
/scratch/e0538389/DivClust/engine/trainer.py:41: FutureWarning: `torch.cuda.amp.autocast(args...)` is deprecated. Please use `torch.amp.autocast('cuda', args...)` instead.
  with autocast(self.mixed_precision):
[2026-03-30 13:32:54](logger.py 179): Evaluating
[2026-03-30 13:32:55](logger.py 179): Eval. step 0 of 274
[2026-03-30 13:32:57](logger.py 179): Eval. step 25 of 274
[2026-03-30 13:33:00](logger.py 179): Eval. step 50 of 274
[2026-03-30 13:33:02](logger.py 179): Eval. step 75 of 274
[2026-03-30 13:33:04](logger.py 179): Eval. step 100 of 274
[2026-03-30 13:33:07](logger.py 179): Eval. step 125 of 274
[2026-03-30 13:33:09](logger.py 179): Eval. step 150 of 274
[2026-03-30 13:33:11](logger.py 179): Eval. step 175 of 274
[2026-03-30 13:33:14](logger.py 179): Eval. step 200 of 274
[2026-03-30 13:33:16](logger.py 179): Eval. step 225 of 274
[2026-03-30 13:33:18](logger.py 179): Eval. step 250 of 274
[2026-03-30 13:33:22](logger.py 179): id=CC_FMNIST_C10CFG_K20_E100_DT_0_9 | Ep. 99/100 | Time: 00:02 | loss_cc=4.517 - loss_ce=2.092 - loss_ne=0.0131 - loss_div=0.000107 - threshold=0.999 - loss=6.622 - eval_confidence=0.879 - cluster_acc_0_eval=63.82 - cluster_nmi_0_eval=0.615 - cluster_ari_0_eval=0.514 - cluster_acc_1_eval=64.09 - cluster_nmi_1_eval=0.623 - cluster_ari_1_eval=0.525 - cluster_acc_2_eval=63.66 - cluster_nmi_2_eval=0.62 - cluster_ari_2_eval=0.519 - cluster_acc_3_eval=63.96 - cluster_nmi_3_eval=0.614 - cluster_ari_3_eval=0.514 - cluster_acc_4_eval=63.69 - cluster_nmi_4_eval=0.613 - cluster_ari_4_eval=0.513 - cluster_acc_5_eval=62.33 - cluster_nmi_5_eval=0.609 - cluster_ari_5_eval=0.504 - cluster_acc_6_eval=63.81 - cluster_nmi_6_eval=0.616 - cluster_ari_6_eval=0.517 - cluster_acc_7_eval=63.49 - cluster_nmi_7_eval=0.619 - cluster_ari_7_eval=0.52 - cluster_acc_8_eval=64.18 - cluster_nmi_8_eval=0.614 - cluster_ari_8_eval=0.513 - cluster_acc_9_eval=63.77 - cluster_nmi_9_eval=0.617 - cluster_ari_9_eval=0.52 - cluster_acc_10_eval=65.45 - cluster_nmi_10_eval=0.625 - cluster_ari_10_eval=0.53 - cluster_acc_11_eval=64.42 - cluster_nmi_11_eval=0.621 - cluster_ari_11_eval=0.524 - cluster_acc_12_eval=63.42 - cluster_nmi_12_eval=0.62 - cluster_ari_12_eval=0.52 - cluster_acc_13_eval=64.79 - cluster_nmi_13_eval=0.617 - cluster_ari_13_eval=0.516 - cluster_acc_14_eval=65.7 - cluster_nmi_14_eval=0.629 - cluster_ari_14_eval=0.53 - cluster_acc_15_eval=64.15 - cluster_nmi_15_eval=0.616 - cluster_ari_15_eval=0.514 - cluster_acc_16_eval=64.4 - cluster_nmi_16_eval=0.622 - cluster_ari_16_eval=0.522 - cluster_acc_17_eval=63.72 - cluster_nmi_17_eval=0.614 - cluster_ari_17_eval=0.511 - cluster_acc_18_eval=63.51 - cluster_nmi_18_eval=0.61 - cluster_ari_18_eval=0.51 - cluster_acc_19_eval=63.47 - cluster_nmi_19_eval=0.609 - cluster_ari_19_eval=0.511 - max_cluster_acc_eval=65.7 - mean_cluster_acc_eval=63.99 - min_cluster_acc_eval=62.33 - max_cluster_nmi_eval=0.629 - mean_cluster_nmi_eval=0.617 - min_cluster_nmi_eval=0.609 - max_cluster_ari_eval=0.53 - mean_cluster_ari_eval=0.517 - min_cluster_ari_eval=0.504 - interclustering_nmi_eval=0.879
END Mon Mar 30 01:33:24 PM +08 2026 DT=0.9 RUN_NAME=CC_FMNIST_C10CFG_K20_E100_DT_0_9
