START Mon Mar 30 10:07:27 AM +08 2026 DT=0.7 RUN_NAME=CC_FMNIST_C10CFG_K20_E100_DT_0_7
[2026-03-30 10:08:01](logger.py 179): Initializing experiment CC_FMNIST_C10CFG_K20_E100_DT_0_7

[2026-03-30 10:08:01](logger.py 179): NMI_interval = 20
[2026-03-30 10:08:01](logger.py 179): NMI_target = 0.7
[2026-03-30 10:08:01](logger.py 179): backbone = resnet34
[2026-03-30 10:08:01](logger.py 179): bash_command = None
[2026-03-30 10:08:01](logger.py 179): batch_size = 256
[2026-03-30 10:08:01](logger.py 179): checkpoint_path = None
[2026-03-30 10:08:01](logger.py 179): classes_no = 10
[2026-03-30 10:08:01](logger.py 179): clustering_framework = cc
[2026-03-30 10:08:01](logger.py 179): clusterings = 20
[2026-03-30 10:08:01](logger.py 179): clusters = 10
[2026-03-30 10:08:01](logger.py 179): complex_arg = None
[2026-03-30 10:08:01](logger.py 179): crop_size = 224
[2026-03-30 10:08:01](logger.py 179): dataset = fashion_mnist
[2026-03-30 10:08:01](logger.py 179): dataset_path = ./data_folder/FashionMNIST
[2026-03-30 10:08:01](logger.py 179): divclust_mbank_size = 10000
[2026-03-30 10:08:01](logger.py 179): entity = default
[2026-03-30 10:08:01](logger.py 179): epochs = 100
[2026-03-30 10:08:01](logger.py 179): eval_interval = 10
[2026-03-30 10:08:01](logger.py 179): f = None
[2026-03-30 10:08:01](logger.py 179): fff = None
[2026-03-30 10:08:01](logger.py 179): gpu = 0
[2026-03-30 10:08:01](logger.py 179): gpus = None
[2026-03-30 10:08:01](logger.py 179): group = fashion_mnist_cifar10cfg_k20
[2026-03-30 10:08:01](logger.py 179): lr = 0.0003
[2026-03-30 10:08:01](logger.py 179): lr_schedule = cosine
[2026-03-30 10:08:01](logger.py 179): mixed_precision = True
[2026-03-30 10:08:01](logger.py 179): notes = None
[2026-03-30 10:08:01](logger.py 179): num_workers = 4
[2026-03-30 10:08:01](logger.py 179): optimizer = adam
[2026-03-30 10:08:01](logger.py 179): output_dir = ./experiments/deep_clustering/CC_FMNIST_C10CFG_K20_E100_DT_0_7
[2026-03-30 10:08:01](logger.py 179): preset = cc_cifar10
[2026-03-30 10:08:01](logger.py 179): proj_dim = 128
[2026-03-30 10:08:01](logger.py 179): project_name = deep_clustering
[2026-03-30 10:08:01](logger.py 179): resume = None
[2026-03-30 10:08:01](logger.py 179): run_id = None
[2026-03-30 10:08:01](logger.py 179): run_name = CC_FMNIST_C10CFG_K20_E100_DT_0_7
[2026-03-30 10:08:01](logger.py 179): seed = 0
[2026-03-30 10:08:01](logger.py 179): tags = None
[2026-03-30 10:08:01](logger.py 179): threshold_rate = 0.99
[2026-03-30 10:08:01](logger.py 179): wandb_mode = off
[2026-03-30 10:08:01](logger.py 179): weight_decay = 0.0
[2026-03-30 10:08:01](logger.py 179): 
[2026-03-30 10:08:02](logger.py 179): Loading data
[2026-03-30 10:08:04](logger.py 179): Loading model
/scratch/e0538389/DivClust/engine/trainer.py:19: FutureWarning: `torch.cuda.amp.GradScaler(args...)` is deprecated. Please use `torch.amp.GradScaler('cuda', args...)` instead.
  self.scaler = GradScaler()
[2026-03-30 10:08:05](logger.py 179): Mixed precision: ON
/scratch/e0538389/DivClust/engine/trainer.py:41: FutureWarning: `torch.cuda.amp.autocast(args...)` is deprecated. Please use `torch.amp.autocast('cuda', args...)` instead.
  with autocast(self.mixed_precision):
[2026-03-30 10:08:12](logger.py 179): id=CC_FMNIST_C10CFG_K20_E100_DT_0_7 | Ep. 0/100 - Step 0/273 (0.0 it/s) |                    | - loss_cc=6.102 - loss_ce=2.943 - loss_ne=0.00699 - loss_div=0.0 - threshold=1.0 - loss=9.052
/scratch/e0538389/DivClust/engine/trainer.py:41: FutureWarning: `torch.cuda.amp.autocast(args...)` is deprecated. Please use `torch.amp.autocast('cuda', args...)` instead.
  with autocast(self.mixed_precision):
/scratch/e0538389/DivClust/engine/trainer.py:41: FutureWarning: `torch.cuda.amp.autocast(args...)` is deprecated. Please use `torch.amp.autocast('cuda', args...)` instead.
  with autocast(self.mixed_precision):
[2026-03-30 10:08:23](logger.py 179): id=CC_FMNIST_C10CFG_K20_E100_DT_0_7 | Ep. 0/100 - Step 25/273 (2.3 it/s) |#                   | - loss_cc=5.649 - loss_ce=2.884 - loss_ne=0.00119 - loss_div=0.0 - threshold=1.0 - loss=8.534
/scratch/e0538389/DivClust/engine/trainer.py:41: FutureWarning: `torch.cuda.amp.autocast(args...)` is deprecated. Please use `torch.amp.autocast('cuda', args...)` instead.
  with autocast(self.mixed_precision):
[2026-03-30 10:08:34](logger.py 179): id=CC_FMNIST_C10CFG_K20_E100_DT_0_7 | Ep. 0/100 - Step 50/273 (2.32 it/s) |###                 | - loss_cc=5.503 - loss_ce=2.767 - loss_ne=0.00228 - loss_div=0.0 - threshold=1.0 - loss=8.272
/scratch/e0538389/DivClust/engine/trainer.py:41: FutureWarning: `torch.cuda.amp.autocast(args...)` is deprecated. Please use `torch.amp.autocast('cuda', args...)` instead.
  with autocast(self.mixed_precision):
[2026-03-30 10:08:45](logger.py 179): id=CC_FMNIST_C10CFG_K20_E100_DT_0_7 | Ep. 0/100 - Step 75/273 (2.32 it/s) |#####               | - loss_cc=5.415 - loss_ce=2.688 - loss_ne=0.00418 - loss_div=0.0 - threshold=1.0 - loss=8.107
/scratch/e0538389/DivClust/engine/trainer.py:41: FutureWarning: `torch.cuda.amp.autocast(args...)` is deprecated. Please use `torch.amp.autocast('cuda', args...)` instead.
  with autocast(self.mixed_precision):
[2026-03-30 10:08:56](logger.py 179): id=CC_FMNIST_C10CFG_K20_E100_DT_0_7 | Ep. 0/100 - Step 100/273 (2.31 it/s) |#######             | - loss_cc=5.354 - loss_ce=2.629 - loss_ne=0.00548 - loss_div=0.0 - threshold=1.0 - loss=7.989
/scratch/e0538389/DivClust/engine/trainer.py:41: FutureWarning: `torch.cuda.amp.autocast(args...)` is deprecated. Please use `torch.amp.autocast('cuda', args...)` instead.
  with autocast(self.mixed_precision):
/scratch/e0538389/DivClust/engine/trainer.py:41: FutureWarning: `torch.cuda.amp.autocast(args...)` is deprecated. Please use `torch.amp.autocast('cuda', args...)` instead.
  with autocast(self.mixed_precision):
[2026-03-30 10:09:06](logger.py 179): id=CC_FMNIST_C10CFG_K20_E100_DT_0_7 | Ep. 0/100 - Step 125/273 (2.33 it/s) |#########           | - loss_cc=5.309 - loss_ce=2.583 - loss_ne=0.00729 - loss_div=0.0 - threshold=1.0 - loss=7.9
/scratch/e0538389/DivClust/engine/trainer.py:41: FutureWarning: `torch.cuda.amp.autocast(args...)` is deprecated. Please use `torch.amp.autocast('cuda', args...)` instead.
  with autocast(self.mixed_precision):
[2026-03-30 10:09:16](logger.py 179): id=CC_FMNIST_C10CFG_K20_E100_DT_0_7 | Ep. 0/100 - Step 150/273 (2.34 it/s) |##########          | - loss_cc=5.273 - loss_ce=2.548 - loss_ne=0.00896 - loss_div=0.0 - threshold=1.0 - loss=7.83
/scratch/e0538389/DivClust/engine/trainer.py:41: FutureWarning: `torch.cuda.amp.autocast(args...)` is deprecated. Please use `torch.amp.autocast('cuda', args...)` instead.
  with autocast(self.mixed_precision):
[2026-03-30 10:09:27](logger.py 179): id=CC_FMNIST_C10CFG_K20_E100_DT_0_7 | Ep. 0/100 - Step 175/273 (2.35 it/s) |############        | - loss_cc=5.243 - loss_ce=2.518 - loss_ne=0.0102 - loss_div=0.0 - threshold=1.0 - loss=7.771
/scratch/e0538389/DivClust/engine/trainer.py:41: FutureWarning: `torch.cuda.amp.autocast(args...)` is deprecated. Please use `torch.amp.autocast('cuda', args...)` instead.
  with autocast(self.mixed_precision):
[2026-03-30 10:09:37](logger.py 179): id=CC_FMNIST_C10CFG_K20_E100_DT_0_7 | Ep. 0/100 - Step 200/273 (2.35 it/s) |##############      | - loss_cc=5.217 - loss_ce=2.495 - loss_ne=0.0112 - loss_div=0.0 - threshold=1.0 - loss=7.724
/scratch/e0538389/DivClust/engine/trainer.py:41: FutureWarning: `torch.cuda.amp.autocast(args...)` is deprecated. Please use `torch.amp.autocast('cuda', args...)` instead.
  with autocast(self.mixed_precision):
/scratch/e0538389/DivClust/engine/trainer.py:41: FutureWarning: `torch.cuda.amp.autocast(args...)` is deprecated. Please use `torch.amp.autocast('cuda', args...)` instead.
  with autocast(self.mixed_precision):
[2026-03-30 10:09:48](logger.py 179): id=CC_FMNIST_C10CFG_K20_E100_DT_0_7 | Ep. 0/100 - Step 225/273 (2.36 it/s) |################    | - loss_cc=5.195 - loss_ce=2.475 - loss_ne=0.0121 - loss_div=0.0 - threshold=1.0 - loss=7.682
/scratch/e0538389/DivClust/engine/trainer.py:41: FutureWarning: `torch.cuda.amp.autocast(args...)` is deprecated. Please use `torch.amp.autocast('cuda', args...)` instead.
  with autocast(self.mixed_precision):
[2026-03-30 10:09:59](logger.py 179): id=CC_FMNIST_C10CFG_K20_E100_DT_0_7 | Ep. 0/100 - Step 250/273 (2.35 it/s) |##################  | - loss_cc=5.175 - loss_ce=2.458 - loss_ne=0.0127 - loss_div=0.0 - threshold=1.0 - loss=7.646
/scratch/e0538389/DivClust/engine/trainer.py:41: FutureWarning: `torch.cuda.amp.autocast(args...)` is deprecated. Please use `torch.amp.autocast('cuda', args...)` instead.
  with autocast(self.mixed_precision):
[2026-03-30 10:10:08](logger.py 179): Evaluating
[2026-03-30 10:10:09](logger.py 179): Eval. step 0 of 274
[2026-03-30 10:10:12](logger.py 179): Eval. step 25 of 274
[2026-03-30 10:10:14](logger.py 179): Eval. step 50 of 274
[2026-03-30 10:10:17](logger.py 179): Eval. step 75 of 274
[2026-03-30 10:10:19](logger.py 179): Eval. step 100 of 274
[2026-03-30 10:10:21](logger.py 179): Eval. step 125 of 274
[2026-03-30 10:10:24](logger.py 179): Eval. step 150 of 274
[2026-03-30 10:10:26](logger.py 179): Eval. step 175 of 274
[2026-03-30 10:10:28](logger.py 179): Eval. step 200 of 274
[2026-03-30 10:10:31](logger.py 179): Eval. step 225 of 274
[2026-03-30 10:10:33](logger.py 179): Eval. step 250 of 274
[2026-03-30 10:10:38](logger.py 179): id=CC_FMNIST_C10CFG_K20_E100_DT_0_7 | Ep. 0/100 | Time: 00:02 | loss_cc=5.159 - loss_ce=2.445 - loss_ne=0.0134 - loss_div=0.0 - threshold=1.0 - loss=7.617 - eval_confidence=0.632 - cluster_acc_0_eval=41.34 - cluster_nmi_0_eval=0.384 - cluster_ari_0_eval=0.255 - cluster_acc_1_eval=39.43 - cluster_nmi_1_eval=0.357 - cluster_ari_1_eval=0.218 - cluster_acc_2_eval=40.68 - cluster_nmi_2_eval=0.367 - cluster_ari_2_eval=0.226 - cluster_acc_3_eval=38.63 - cluster_nmi_3_eval=0.343 - cluster_ari_3_eval=0.203 - cluster_acc_4_eval=42.93 - cluster_nmi_4_eval=0.374 - cluster_ari_4_eval=0.249 - cluster_acc_5_eval=37.27 - cluster_nmi_5_eval=0.348 - cluster_ari_5_eval=0.203 - cluster_acc_6_eval=35.52 - cluster_nmi_6_eval=0.358 - cluster_ari_6_eval=0.224 - cluster_acc_7_eval=39.41 - cluster_nmi_7_eval=0.359 - cluster_ari_7_eval=0.228 - cluster_acc_8_eval=43.04 - cluster_nmi_8_eval=0.381 - cluster_ari_8_eval=0.247 - cluster_acc_9_eval=41.87 - cluster_nmi_9_eval=0.37 - cluster_ari_9_eval=0.243 - cluster_acc_10_eval=42.49 - cluster_nmi_10_eval=0.372 - cluster_ari_10_eval=0.235 - cluster_acc_11_eval=39.47 - cluster_nmi_11_eval=0.367 - cluster_ari_11_eval=0.216 - cluster_acc_12_eval=39.58 - cluster_nmi_12_eval=0.357 - cluster_ari_12_eval=0.218 - cluster_acc_13_eval=39.73 - cluster_nmi_13_eval=0.378 - cluster_ari_13_eval=0.229 - cluster_acc_14_eval=36.86 - cluster_nmi_14_eval=0.353 - cluster_ari_14_eval=0.207 - cluster_acc_15_eval=40.74 - cluster_nmi_15_eval=0.37 - cluster_ari_15_eval=0.236 - cluster_acc_16_eval=37.9 - cluster_nmi_16_eval=0.351 - cluster_ari_16_eval=0.207 - cluster_acc_17_eval=39.8 - cluster_nmi_17_eval=0.364 - cluster_ari_17_eval=0.23 - cluster_acc_18_eval=39.82 - cluster_nmi_18_eval=0.377 - cluster_ari_18_eval=0.234 - cluster_acc_19_eval=34.82 - cluster_nmi_19_eval=0.344 - cluster_ari_19_eval=0.199 - max_cluster_acc_eval=43.04 - mean_cluster_acc_eval=39.57 - min_cluster_acc_eval=34.82 - max_cluster_nmi_eval=0.384 - mean_cluster_nmi_eval=0.364 - min_cluster_nmi_eval=0.343 - max_cluster_ari_eval=0.255 - mean_cluster_ari_eval=0.225 - min_cluster_ari_eval=0.199 - interclustering_nmi_eval=0.679
/scratch/e0538389/DivClust/engine/trainer.py:41: FutureWarning: `torch.cuda.amp.autocast(args...)` is deprecated. Please use `torch.amp.autocast('cuda', args...)` instead.
  with autocast(self.mixed_precision):
[2026-03-30 10:10:39](logger.py 179): id=CC_FMNIST_C10CFG_K20_E100_DT_0_7 | Ep. 1/100 - Step 0/273 (0.0 it/s) |                    | - loss_cc=4.974 - loss_ce=2.293 - loss_ne=0.0159 - loss_div=0.0 - threshold=1.0 - loss=7.283
/scratch/e0538389/DivClust/engine/trainer.py:41: FutureWarning: `torch.cuda.amp.autocast(args...)` is deprecated. Please use `torch.amp.autocast('cuda', args...)` instead.
  with autocast(self.mixed_precision):
[2026-03-30 10:10:50](logger.py 179): id=CC_FMNIST_C10CFG_K20_E100_DT_0_7 | Ep. 1/100 - Step 25/273 (2.32 it/s) |#                   | - loss_cc=4.964 - loss_ce=2.291 - loss_ne=0.0194 - loss_div=0.0 - threshold=1.0 - loss=7.275
/scratch/e0538389/DivClust/engine/trainer.py:41: FutureWarning: `torch.cuda.amp.autocast(args...)` is deprecated. Please use `torch.amp.autocast('cuda', args...)` instead.
  with autocast(self.mixed_precision):
/scratch/e0538389/DivClust/engine/trainer.py:41: FutureWarning: `torch.cuda.amp.autocast(args...)` is deprecated. Please use `torch.amp.autocast('cuda', args...)` instead.
  with autocast(self.mixed_precision):
[2026-03-30 10:11:01](logger.py 179): id=CC_FMNIST_C10CFG_K20_E100_DT_0_7 | Ep. 1/100 - Step 50/273 (2.27 it/s) |###                 | - loss_cc=4.957 - loss_ce=2.288 - loss_ne=0.0203 - loss_div=0.0 - threshold=1.0 - loss=7.265
/scratch/e0538389/DivClust/engine/trainer.py:41: FutureWarning: `torch.cuda.amp.autocast(args...)` is deprecated. Please use `torch.amp.autocast('cuda', args...)` instead.
  with autocast(self.mixed_precision):
[2026-03-30 10:11:12](logger.py 179): id=CC_FMNIST_C10CFG_K20_E100_DT_0_7 | Ep. 1/100 - Step 75/273 (2.29 it/s) |#####               | - loss_cc=4.948 - loss_ce=2.283 - loss_ne=0.0204 - loss_div=0.0 - threshold=0.999 - loss=7.251
/scratch/e0538389/DivClust/engine/trainer.py:41: FutureWarning: `torch.cuda.amp.autocast(args...)` is deprecated. Please use `torch.amp.autocast('cuda', args...)` instead.
  with autocast(self.mixed_precision):
[2026-03-30 10:11:23](logger.py 179): id=CC_FMNIST_C10CFG_K20_E100_DT_0_7 | Ep. 1/100 - Step 100/273 (2.3 it/s) |#######             | - loss_cc=4.944 - loss_ce=2.281 - loss_ne=0.0206 - loss_div=3.51e-06 - threshold=0.995 - loss=7.246
/scratch/e0538389/DivClust/engine/trainer.py:41: FutureWarning: `torch.cuda.amp.autocast(args...)` is deprecated. Please use `torch.amp.autocast('cuda', args...)` instead.
  with autocast(self.mixed_precision):
[2026-03-30 10:11:33](logger.py 179): id=CC_FMNIST_C10CFG_K20_E100_DT_0_7 | Ep. 1/100 - Step 125/273 (2.32 it/s) |#########           | - loss_cc=4.938 - loss_ce=2.277 - loss_ne=0.0211 - loss_div=1.93e-05 - threshold=0.991 - loss=7.236
/scratch/e0538389/DivClust/engine/trainer.py:41: FutureWarning: `torch.cuda.amp.autocast(args...)` is deprecated. Please use `torch.amp.autocast('cuda', args...)` instead.
  with autocast(self.mixed_precision):
/scratch/e0538389/DivClust/engine/trainer.py:41: FutureWarning: `torch.cuda.amp.autocast(args...)` is deprecated. Please use `torch.amp.autocast('cuda', args...)` instead.
  with autocast(self.mixed_precision):
[2026-03-30 10:11:44](logger.py 179): id=CC_FMNIST_C10CFG_K20_E100_DT_0_7 | Ep. 1/100 - Step 150/273 (2.32 it/s) |##########          | - loss_cc=4.935 - loss_ce=2.275 - loss_ne=0.0209 - loss_div=0.000103 - threshold=0.986 - loss=7.231
/scratch/e0538389/DivClust/engine/trainer.py:41: FutureWarning: `torch.cuda.amp.autocast(args...)` is deprecated. Please use `torch.amp.autocast('cuda', args...)` instead.
  with autocast(self.mixed_precision):
[2026-03-30 10:11:55](logger.py 179): id=CC_FMNIST_C10CFG_K20_E100_DT_0_7 | Ep. 1/100 - Step 175/273 (2.32 it/s) |############        | - loss_cc=4.93 - loss_ce=2.273 - loss_ne=0.0209 - loss_div=0.000155 - threshold=0.98 - loss=7.223
/scratch/e0538389/DivClust/engine/trainer.py:41: FutureWarning: `torch.cuda.amp.autocast(args...)` is deprecated. Please use `torch.amp.autocast('cuda', args...)` instead.
  with autocast(self.mixed_precision):
[2026-03-30 10:12:06](logger.py 179): id=CC_FMNIST_C10CFG_K20_E100_DT_0_7 | Ep. 1/100 - Step 200/273 (2.32 it/s) |##############      | - loss_cc=4.924 - loss_ce=2.27 - loss_ne=0.0212 - loss_div=0.000148 - threshold=0.976 - loss=7.216
/scratch/e0538389/DivClust/engine/trainer.py:41: FutureWarning: `torch.cuda.amp.autocast(args...)` is deprecated. Please use `torch.amp.autocast('cuda', args...)` instead.
  with autocast(self.mixed_precision):
[2026-03-30 10:12:16](logger.py 179): id=CC_FMNIST_C10CFG_K20_E100_DT_0_7 | Ep. 1/100 - Step 225/273 (2.32 it/s) |################    | - loss_cc=4.92 - loss_ce=2.267 - loss_ne=0.0214 - loss_div=0.000133 - threshold=0.974 - loss=7.209
/scratch/e0538389/DivClust/engine/trainer.py:41: FutureWarning: `torch.cuda.amp.autocast(args...)` is deprecated. Please use `torch.amp.autocast('cuda', args...)` instead.
  with autocast(self.mixed_precision):
/scratch/e0538389/DivClust/engine/trainer.py:41: FutureWarning: `torch.cuda.amp.autocast(args...)` is deprecated. Please use `torch.amp.autocast('cuda', args...)` instead.
  with autocast(self.mixed_precision):
[2026-03-30 10:12:28](logger.py 179): id=CC_FMNIST_C10CFG_K20_E100_DT_0_7 | Ep. 1/100 - Step 250/273 (2.31 it/s) |##################  | - loss_cc=4.916 - loss_ce=2.265 - loss_ne=0.0216 - loss_div=0.000165 - threshold=0.972 - loss=7.203
/scratch/e0538389/DivClust/engine/trainer.py:41: FutureWarning: `torch.cuda.amp.autocast(args...)` is deprecated. Please use `torch.amp.autocast('cuda', args...)` instead.
  with autocast(self.mixed_precision):
[2026-03-30 10:12:37](logger.py 179): id=CC_FMNIST_C10CFG_K20_E100_DT_0_7 | Ep. 1/100 | Time: 00:01 | loss_cc=4.912 - loss_ce=2.263 - loss_ne=0.0216 - loss_div=0.000191 - threshold=0.969 - loss=7.196
[2026-03-30 10:12:40](logger.py 179): id=CC_FMNIST_C10CFG_K20_E100_DT_0_7 | Ep. 2/100 - Step 0/273 (0.0 it/s) |                    | - loss_cc=4.835 - loss_ce=2.223 - loss_ne=0.0428 - loss_div=0.00211 - threshold=0.932 - loss=7.103
/scratch/e0538389/DivClust/engine/trainer.py:41: FutureWarning: `torch.cuda.amp.autocast(args...)` is deprecated. Please use `torch.amp.autocast('cuda', args...)` instead.
  with autocast(self.mixed_precision):
[2026-03-30 10:12:50](logger.py 179): id=CC_FMNIST_C10CFG_K20_E100_DT_0_7 | Ep. 2/100 - Step 25/273 (2.31 it/s) |#                   | - loss_cc=4.845 - loss_ce=2.232 - loss_ne=0.0205 - loss_div=0.000565 - threshold=0.928 - loss=7.098
/scratch/e0538389/DivClust/engine/trainer.py:41: FutureWarning: `torch.cuda.amp.autocast(args...)` is deprecated. Please use `torch.amp.autocast('cuda', args...)` instead.
  with autocast(self.mixed_precision):
[2026-03-30 10:13:01](logger.py 179): id=CC_FMNIST_C10CFG_K20_E100_DT_0_7 | Ep. 2/100 - Step 50/273 (2.31 it/s) |###                 | - loss_cc=4.843 - loss_ce=2.231 - loss_ne=0.0192 - loss_div=0.000369 - threshold=0.928 - loss=7.094
/scratch/e0538389/DivClust/engine/trainer.py:41: FutureWarning: `torch.cuda.amp.autocast(args...)` is deprecated. Please use `torch.amp.autocast('cuda', args...)` instead.
  with autocast(self.mixed_precision):
/scratch/e0538389/DivClust/engine/trainer.py:41: FutureWarning: `torch.cuda.amp.autocast(args...)` is deprecated. Please use `torch.amp.autocast('cuda', args...)` instead.
  with autocast(self.mixed_precision):
[2026-03-30 10:13:12](logger.py 179): id=CC_FMNIST_C10CFG_K20_E100_DT_0_7 | Ep. 2/100 - Step 75/273 (2.29 it/s) |#####               | - loss_cc=4.847 - loss_ce=2.231 - loss_ne=0.0196 - loss_div=0.000252 - threshold=0.932 - loss=7.098
/scratch/e0538389/DivClust/engine/trainer.py:41: FutureWarning: `torch.cuda.amp.autocast(args...)` is deprecated. Please use `torch.amp.autocast('cuda', args...)` instead.
  with autocast(self.mixed_precision):
[2026-03-30 10:13:23](logger.py 179): id=CC_FMNIST_C10CFG_K20_E100_DT_0_7 | Ep. 2/100 - Step 100/273 (2.31 it/s) |#######             | - loss_cc=4.844 - loss_ce=2.229 - loss_ne=0.0198 - loss_div=0.000289 - threshold=0.931 - loss=7.092
/scratch/e0538389/DivClust/engine/trainer.py:41: FutureWarning: `torch.cuda.amp.autocast(args...)` is deprecated. Please use `torch.amp.autocast('cuda', args...)` instead.
  with autocast(self.mixed_precision):
[2026-03-30 10:13:33](logger.py 179): id=CC_FMNIST_C10CFG_K20_E100_DT_0_7 | Ep. 2/100 - Step 125/273 (2.32 it/s) |#########           | - loss_cc=4.841 - loss_ce=2.227 - loss_ne=0.0215 - loss_div=0.000398 - threshold=0.929 - loss=7.09
/scratch/e0538389/DivClust/engine/trainer.py:41: FutureWarning: `torch.cuda.amp.autocast(args...)` is deprecated. Please use `torch.amp.autocast('cuda', args...)` instead.
  with autocast(self.mixed_precision):
[2026-03-30 10:13:44](logger.py 179): id=CC_FMNIST_C10CFG_K20_E100_DT_0_7 | Ep. 2/100 - Step 150/273 (2.32 it/s) |##########          | - loss_cc=4.838 - loss_ce=2.226 - loss_ne=0.0216 - loss_div=0.00036 - threshold=0.927 - loss=7.086
/scratch/e0538389/DivClust/engine/trainer.py:41: FutureWarning: `torch.cuda.amp.autocast(args...)` is deprecated. Please use `torch.amp.autocast('cuda', args...)` instead.
  with autocast(self.mixed_precision):
/scratch/e0538389/DivClust/engine/trainer.py:41: FutureWarning: `torch.cuda.amp.autocast(args...)` is deprecated. Please use `torch.amp.autocast('cuda', args...)` instead.
  with autocast(self.mixed_precision):
[2026-03-30 10:13:55](logger.py 179): id=CC_FMNIST_C10CFG_K20_E100_DT_0_7 | Ep. 2/100 - Step 175/273 (2.31 it/s) |############        | - loss_cc=4.835 - loss_ce=2.225 - loss_ne=0.0215 - loss_div=0.000309 - threshold=0.928 - loss=7.082
/scratch/e0538389/DivClust/engine/trainer.py:41: FutureWarning: `torch.cuda.amp.autocast(args...)` is deprecated. Please use `torch.amp.autocast('cuda', args...)` instead.
  with autocast(self.mixed_precision):
[2026-03-30 10:14:06](logger.py 179): id=CC_FMNIST_C10CFG_K20_E100_DT_0_7 | Ep. 2/100 - Step 200/273 (2.31 it/s) |##############      | - loss_cc=4.833 - loss_ce=2.223 - loss_ne=0.0213 - loss_div=0.000271 - threshold=0.93 - loss=7.078
/scratch/e0538389/DivClust/engine/trainer.py:41: FutureWarning: `torch.cuda.amp.autocast(args...)` is deprecated. Please use `torch.amp.autocast('cuda', args...)` instead.
  with autocast(self.mixed_precision):
[2026-03-30 10:14:17](logger.py 179): id=CC_FMNIST_C10CFG_K20_E100_DT_0_7 | Ep. 2/100 - Step 225/273 (2.31 it/s) |################    | - loss_cc=4.831 - loss_ce=2.222 - loss_ne=0.0218 - loss_div=0.000252 - threshold=0.931 - loss=7.075
/scratch/e0538389/DivClust/engine/trainer.py:41: FutureWarning: `torch.cuda.amp.autocast(args...)` is deprecated. Please use `torch.amp.autocast('cuda', args...)` instead.
  with autocast(self.mixed_precision):
[2026-03-30 10:14:28](logger.py 179): id=CC_FMNIST_C10CFG_K20_E100_DT_0_7 | Ep. 2/100 - Step 250/273 (2.31 it/s) |##################  | - loss_cc=4.828 - loss_ce=2.221 - loss_ne=0.0217 - loss_div=0.000287 - threshold=0.932 - loss=7.071
/scratch/e0538389/DivClust/engine/trainer.py:41: FutureWarning: `torch.cuda.amp.autocast(args...)` is deprecated. Please use `torch.amp.autocast('cuda', args...)` instead.
  with autocast(self.mixed_precision):
[2026-03-30 10:14:37](logger.py 179): id=CC_FMNIST_C10CFG_K20_E100_DT_0_7 | Ep. 2/100 | Time: 00:01 | loss_cc=4.827 - loss_ce=2.22 - loss_ne=0.0217 - loss_div=0.00029 - threshold=0.931 - loss=7.069
[2026-03-30 10:14:40](logger.py 179): id=CC_FMNIST_C10CFG_K20_E100_DT_0_7 | Ep. 3/100 - Step 0/273 (0.0 it/s) |                    | - loss_cc=4.8 - loss_ce=2.201 - loss_ne=0.0168 - loss_div=0.0 - threshold=0.922 - loss=7.018
/scratch/e0538389/DivClust/engine/trainer.py:41: FutureWarning: `torch.cuda.amp.autocast(args...)` is deprecated. Please use `torch.amp.autocast('cuda', args...)` instead.
  with autocast(self.mixed_precision):
/scratch/e0538389/DivClust/engine/trainer.py:41: FutureWarning: `torch.cuda.amp.autocast(args...)` is deprecated. Please use `torch.amp.autocast('cuda', args...)` instead.
  with autocast(self.mixed_precision):
[2026-03-30 10:14:51](logger.py 179): id=CC_FMNIST_C10CFG_K20_E100_DT_0_7 | Ep. 3/100 - Step 25/273 (2.32 it/s) |#                   | - loss_cc=4.806 - loss_ce=2.209 - loss_ne=0.023 - loss_div=0.000766 - threshold=0.915 - loss=7.039
/scratch/e0538389/DivClust/engine/trainer.py:41: FutureWarning: `torch.cuda.amp.autocast(args...)` is deprecated. Please use `torch.amp.autocast('cuda', args...)` instead.
  with autocast(self.mixed_precision):
[2026-03-30 10:15:02](logger.py 179): id=CC_FMNIST_C10CFG_K20_E100_DT_0_7 | Ep. 3/100 - Step 50/273 (2.31 it/s) |###                 | - loss_cc=4.805 - loss_ce=2.208 - loss_ne=0.0218 - loss_div=0.00041 - threshold=0.92 - loss=7.035
/scratch/e0538389/DivClust/engine/trainer.py:41: FutureWarning: `torch.cuda.amp.autocast(args...)` is deprecated. Please use `torch.amp.autocast('cuda', args...)` instead.
  with autocast(self.mixed_precision):
[2026-03-30 10:15:12](logger.py 179): id=CC_FMNIST_C10CFG_K20_E100_DT_0_7 | Ep. 3/100 - Step 75/273 (2.31 it/s) |#####               | - loss_cc=4.8 - loss_ce=2.206 - loss_ne=0.0214 - loss_div=0.000277 - threshold=0.926 - loss=7.027
/scratch/e0538389/DivClust/engine/trainer.py:41: FutureWarning: `torch.cuda.amp.autocast(args...)` is deprecated. Please use `torch.amp.autocast('cuda', args...)` instead.
  with autocast(self.mixed_precision):
[2026-03-30 10:15:23](logger.py 179): id=CC_FMNIST_C10CFG_K20_E100_DT_0_7 | Ep. 3/100 - Step 100/273 (2.31 it/s) |#######             | - loss_cc=4.796 - loss_ce=2.203 - loss_ne=0.0216 - loss_div=0.00028 - threshold=0.927 - loss=7.022
/scratch/e0538389/DivClust/engine/trainer.py:41: FutureWarning: `torch.cuda.amp.autocast(args...)` is deprecated. Please use `torch.amp.autocast('cuda', args...)` instead.
  with autocast(self.mixed_precision):
/scratch/e0538389/DivClust/engine/trainer.py:41: FutureWarning: `torch.cuda.amp.autocast(args...)` is deprecated. Please use `torch.amp.autocast('cuda', args...)` instead.
  with autocast(self.mixed_precision):
[2026-03-30 10:15:34](logger.py 179): id=CC_FMNIST_C10CFG_K20_E100_DT_0_7 | Ep. 3/100 - Step 125/273 (2.3 it/s) |#########           | - loss_cc=4.796 - loss_ce=2.203 - loss_ne=0.0217 - loss_div=0.000342 - threshold=0.926 - loss=7.021
/scratch/e0538389/DivClust/engine/trainer.py:41: FutureWarning: `torch.cuda.amp.autocast(args...)` is deprecated. Please use `torch.amp.autocast('cuda', args...)` instead.
  with autocast(self.mixed_precision):
[2026-03-30 10:15:45](logger.py 179): id=CC_FMNIST_C10CFG_K20_E100_DT_0_7 | Ep. 3/100 - Step 150/273 (2.3 it/s) |##########          | - loss_cc=4.795 - loss_ce=2.203 - loss_ne=0.0218 - loss_div=0.000326 - threshold=0.924 - loss=7.021
/scratch/e0538389/DivClust/engine/trainer.py:41: FutureWarning: `torch.cuda.amp.autocast(args...)` is deprecated. Please use `torch.amp.autocast('cuda', args...)` instead.
  with autocast(self.mixed_precision):
[2026-03-30 10:15:56](logger.py 179): id=CC_FMNIST_C10CFG_K20_E100_DT_0_7 | Ep. 3/100 - Step 175/273 (2.31 it/s) |############        | - loss_cc=4.793 - loss_ce=2.202 - loss_ne=0.0216 - loss_div=0.000283 - threshold=0.925 - loss=7.016
/scratch/e0538389/DivClust/engine/trainer.py:41: FutureWarning: `torch.cuda.amp.autocast(args...)` is deprecated. Please use `torch.amp.autocast('cuda', args...)` instead.
  with autocast(self.mixed_precision):
[2026-03-30 10:16:07](logger.py 179): id=CC_FMNIST_C10CFG_K20_E100_DT_0_7 | Ep. 3/100 - Step 200/273 (2.31 it/s) |##############      | - loss_cc=4.791 - loss_ce=2.2 - loss_ne=0.0215 - loss_div=0.000252 - threshold=0.926 - loss=7.013
/scratch/e0538389/DivClust/engine/trainer.py:41: FutureWarning: `torch.cuda.amp.autocast(args...)` is deprecated. Please use `torch.amp.autocast('cuda', args...)` instead.
  with autocast(self.mixed_precision):
/scratch/e0538389/DivClust/engine/trainer.py:41: FutureWarning: `torch.cuda.amp.autocast(args...)` is deprecated. Please use `torch.amp.autocast('cuda', args...)` instead.
  with autocast(self.mixed_precision):
[2026-03-30 10:16:18](logger.py 179): id=CC_FMNIST_C10CFG_K20_E100_DT_0_7 | Ep. 3/100 - Step 225/273 (2.31 it/s) |################    | - loss_cc=4.789 - loss_ce=2.199 - loss_ne=0.0214 - loss_div=0.000257 - threshold=0.927 - loss=7.01
/scratch/e0538389/DivClust/engine/trainer.py:41: FutureWarning: `torch.cuda.amp.autocast(args...)` is deprecated. Please use `torch.amp.autocast('cuda', args...)` instead.
  with autocast(self.mixed_precision):
[2026-03-30 10:16:28](logger.py 179): id=CC_FMNIST_C10CFG_K20_E100_DT_0_7 | Ep. 3/100 - Step 250/273 (2.32 it/s) |##################  | - loss_cc=4.787 - loss_ce=2.198 - loss_ne=0.0215 - loss_div=0.000265 - threshold=0.928 - loss=7.008
/scratch/e0538389/DivClust/engine/trainer.py:41: FutureWarning: `torch.cuda.amp.autocast(args...)` is deprecated. Please use `torch.amp.autocast('cuda', args...)` instead.
  with autocast(self.mixed_precision):
[2026-03-30 10:16:37](logger.py 179): id=CC_FMNIST_C10CFG_K20_E100_DT_0_7 | Ep. 3/100 | Time: 00:01 | loss_cc=4.786 - loss_ce=2.198 - loss_ne=0.0218 - loss_div=0.000296 - threshold=0.928 - loss=7.006
[2026-03-30 10:16:39](logger.py 179): id=CC_FMNIST_C10CFG_K20_E100_DT_0_7 | Ep. 4/100 - Step 0/273 (0.0 it/s) |                    | - loss_cc=4.824 - loss_ce=2.211 - loss_ne=0.0255 - loss_div=0.0 - threshold=0.921 - loss=7.06
/scratch/e0538389/DivClust/engine/trainer.py:41: FutureWarning: `torch.cuda.amp.autocast(args...)` is deprecated. Please use `torch.amp.autocast('cuda', args...)` instead.
  with autocast(self.mixed_precision):
[2026-03-30 10:16:50](logger.py 179): id=CC_FMNIST_C10CFG_K20_E100_DT_0_7 | Ep. 4/100 - Step 25/273 (2.32 it/s) |#                   | - loss_cc=4.763 - loss_ce=2.187 - loss_ne=0.0237 - loss_div=0.000632 - threshold=0.915 - loss=6.975
/scratch/e0538389/DivClust/engine/trainer.py:41: FutureWarning: `torch.cuda.amp.autocast(args...)` is deprecated. Please use `torch.amp.autocast('cuda', args...)` instead.
  with autocast(self.mixed_precision):
/scratch/e0538389/DivClust/engine/trainer.py:41: FutureWarning: `torch.cuda.amp.autocast(args...)` is deprecated. Please use `torch.amp.autocast('cuda', args...)` instead.
  with autocast(self.mixed_precision):
[2026-03-30 10:17:01](logger.py 179): id=CC_FMNIST_C10CFG_K20_E100_DT_0_7 | Ep. 4/100 - Step 50/273 (2.27 it/s) |###                 | - loss_cc=4.766 - loss_ce=2.19 - loss_ne=0.0224 - loss_div=0.000389 - threshold=0.918 - loss=6.979
/scratch/e0538389/DivClust/engine/trainer.py:41: FutureWarning: `torch.cuda.amp.autocast(args...)` is deprecated. Please use `torch.amp.autocast('cuda', args...)` instead.
  with autocast(self.mixed_precision):
[2026-03-30 10:17:12](logger.py 179): id=CC_FMNIST_C10CFG_K20_E100_DT_0_7 | Ep. 4/100 - Step 75/273 (2.29 it/s) |#####               | - loss_cc=4.762 - loss_ce=2.188 - loss_ne=0.0228 - loss_div=0.000274 - threshold=0.923 - loss=6.973
/scratch/e0538389/DivClust/engine/trainer.py:41: FutureWarning: `torch.cuda.amp.autocast(args...)` is deprecated. Please use `torch.amp.autocast('cuda', args...)` instead.
  with autocast(self.mixed_precision):
[2026-03-30 10:17:23](logger.py 179): id=CC_FMNIST_C10CFG_K20_E100_DT_0_7 | Ep. 4/100 - Step 100/273 (2.29 it/s) |#######             | - loss_cc=4.762 - loss_ce=2.187 - loss_ne=0.0219 - loss_div=0.000262 - threshold=0.926 - loss=6.971
/scratch/e0538389/DivClust/engine/trainer.py:41: FutureWarning: `torch.cuda.amp.autocast(args...)` is deprecated. Please use `torch.amp.autocast('cuda', args...)` instead.
  with autocast(self.mixed_precision):
[2026-03-30 10:17:34](logger.py 179): id=CC_FMNIST_C10CFG_K20_E100_DT_0_7 | Ep. 4/100 - Step 125/273 (2.3 it/s) |#########           | - loss_cc=4.761 - loss_ce=2.186 - loss_ne=0.0217 - loss_div=0.000332 - threshold=0.926 - loss=6.97
/scratch/e0538389/DivClust/engine/trainer.py:41: FutureWarning: `torch.cuda.amp.autocast(args...)` is deprecated. Please use `torch.amp.autocast('cuda', args...)` instead.
  with autocast(self.mixed_precision):
/scratch/e0538389/DivClust/engine/trainer.py:41: FutureWarning: `torch.cuda.amp.autocast(args...)` is deprecated. Please use `torch.amp.autocast('cuda', args...)` instead.
  with autocast(self.mixed_precision):
[2026-03-30 10:17:45](logger.py 179): id=CC_FMNIST_C10CFG_K20_E100_DT_0_7 | Ep. 4/100 - Step 150/273 (2.29 it/s) |##########          | - loss_cc=4.76 - loss_ce=2.186 - loss_ne=0.0221 - loss_div=0.000427 - threshold=0.924 - loss=6.968
/scratch/e0538389/DivClust/engine/trainer.py:41: FutureWarning: `torch.cuda.amp.autocast(args...)` is deprecated. Please use `torch.amp.autocast('cuda', args...)` instead.
  with autocast(self.mixed_precision):
[2026-03-30 10:17:56](logger.py 179): id=CC_FMNIST_C10CFG_K20_E100_DT_0_7 | Ep. 4/100 - Step 175/273 (2.29 it/s) |############        | - loss_cc=4.756 - loss_ce=2.184 - loss_ne=0.0219 - loss_div=0.000369 - threshold=0.924 - loss=6.962
/scratch/e0538389/DivClust/engine/trainer.py:41: FutureWarning: `torch.cuda.amp.autocast(args...)` is deprecated. Please use `torch.amp.autocast('cuda', args...)` instead.
  with autocast(self.mixed_precision):
[2026-03-30 10:18:07](logger.py 179): id=CC_FMNIST_C10CFG_K20_E100_DT_0_7 | Ep. 4/100 - Step 200/273 (2.29 it/s) |##############      | - loss_cc=4.755 - loss_ce=2.183 - loss_ne=0.0219 - loss_div=0.000357 - threshold=0.924 - loss=6.96
/scratch/e0538389/DivClust/engine/trainer.py:41: FutureWarning: `torch.cuda.amp.autocast(args...)` is deprecated. Please use `torch.amp.autocast('cuda', args...)` instead.
  with autocast(self.mixed_precision):
[2026-03-30 10:18:17](logger.py 179): id=CC_FMNIST_C10CFG_K20_E100_DT_0_7 | Ep. 4/100 - Step 225/273 (2.3 it/s) |################    | - loss_cc=4.754 - loss_ce=2.183 - loss_ne=0.0218 - loss_div=0.000325 - threshold=0.924 - loss=6.959
/scratch/e0538389/DivClust/engine/trainer.py:41: FutureWarning: `torch.cuda.amp.autocast(args...)` is deprecated. Please use `torch.amp.autocast('cuda', args...)` instead.
  with autocast(self.mixed_precision):
/scratch/e0538389/DivClust/engine/trainer.py:41: FutureWarning: `torch.cuda.amp.autocast(args...)` is deprecated. Please use `torch.amp.autocast('cuda', args...)` instead.
  with autocast(self.mixed_precision):
[2026-03-30 10:18:28](logger.py 179): id=CC_FMNIST_C10CFG_K20_E100_DT_0_7 | Ep. 4/100 - Step 250/273 (2.3 it/s) |##################  | - loss_cc=4.752 - loss_ce=2.183 - loss_ne=0.0217 - loss_div=0.0003 - threshold=0.926 - loss=6.957
/scratch/e0538389/DivClust/engine/trainer.py:41: FutureWarning: `torch.cuda.amp.autocast(args...)` is deprecated. Please use `torch.amp.autocast('cuda', args...)` instead.
  with autocast(self.mixed_precision):
[2026-03-30 10:18:37](logger.py 179): id=CC_FMNIST_C10CFG_K20_E100_DT_0_7 | Ep. 4/100 | Time: 00:01 | loss_cc=4.751 - loss_ce=2.182 - loss_ne=0.0216 - loss_div=0.000325 - threshold=0.926 - loss=6.956
[2026-03-30 10:18:40](logger.py 179): id=CC_FMNIST_C10CFG_K20_E100_DT_0_7 | Ep. 5/100 - Step 0/273 (0.0 it/s) |                    | - loss_cc=4.716 - loss_ce=2.184 - loss_ne=0.0151 - loss_div=0.000507 - threshold=0.921 - loss=6.916
/scratch/e0538389/DivClust/engine/trainer.py:41: FutureWarning: `torch.cuda.amp.autocast(args...)` is deprecated. Please use `torch.amp.autocast('cuda', args...)` instead.
  with autocast(self.mixed_precision):
[2026-03-30 10:18:51](logger.py 179): id=CC_FMNIST_C10CFG_K20_E100_DT_0_7 | Ep. 5/100 - Step 25/273 (2.31 it/s) |#                   | - loss_cc=4.748 - loss_ce=2.179 - loss_ne=0.024 - loss_div=0.00014 - threshold=0.925 - loss=6.951
/scratch/e0538389/DivClust/engine/trainer.py:41: FutureWarning: `torch.cuda.amp.autocast(args...)` is deprecated. Please use `torch.amp.autocast('cuda', args...)` instead.
  with autocast(self.mixed_precision):
[2026-03-30 10:19:02](logger.py 179): id=CC_FMNIST_C10CFG_K20_E100_DT_0_7 | Ep. 5/100 - Step 50/273 (2.31 it/s) |###                 | - loss_cc=4.747 - loss_ce=2.178 - loss_ne=0.0255 - loss_div=0.000324 - threshold=0.924 - loss=6.951
/scratch/e0538389/DivClust/engine/trainer.py:41: FutureWarning: `torch.cuda.amp.autocast(args...)` is deprecated. Please use `torch.amp.autocast('cuda', args...)` instead.
  with autocast(self.mixed_precision):
[2026-03-30 10:19:13](logger.py 179): id=CC_FMNIST_C10CFG_K20_E100_DT_0_7 | Ep. 5/100 - Step 75/273 (2.29 it/s) |#####               | - loss_cc=4.742 - loss_ce=2.177 - loss_ne=0.0245 - loss_div=0.000276 - threshold=0.926 - loss=6.944
/scratch/e0538389/DivClust/engine/trainer.py:41: FutureWarning: `torch.cuda.amp.autocast(args...)` is deprecated. Please use `torch.amp.autocast('cuda', args...)` instead.
  with autocast(self.mixed_precision):
/scratch/e0538389/DivClust/engine/trainer.py:41: FutureWarning: `torch.cuda.amp.autocast(args...)` is deprecated. Please use `torch.amp.autocast('cuda', args...)` instead.
  with autocast(self.mixed_precision):
[2026-03-30 10:19:23](logger.py 179): id=CC_FMNIST_C10CFG_K20_E100_DT_0_7 | Ep. 5/100 - Step 100/273 (2.31 it/s) |#######             | - loss_cc=4.739 - loss_ce=2.175 - loss_ne=0.0235 - loss_div=0.000227 - threshold=0.929 - loss=6.938
/scratch/e0538389/DivClust/engine/trainer.py:41: FutureWarning: `torch.cuda.amp.autocast(args...)` is deprecated. Please use `torch.amp.autocast('cuda', args...)` instead.
  with autocast(self.mixed_precision):
[2026-03-30 10:19:34](logger.py 179): id=CC_FMNIST_C10CFG_K20_E100_DT_0_7 | Ep. 5/100 - Step 125/273 (2.31 it/s) |#########           | - loss_cc=4.739 - loss_ce=2.175 - loss_ne=0.0229 - loss_div=0.000317 - threshold=0.928 - loss=6.937
/scratch/e0538389/DivClust/engine/trainer.py:41: FutureWarning: `torch.cuda.amp.autocast(args...)` is deprecated. Please use `torch.amp.autocast('cuda', args...)` instead.
  with autocast(self.mixed_precision):
[2026-03-30 10:19:45](logger.py 179): id=CC_FMNIST_C10CFG_K20_E100_DT_0_7 | Ep. 5/100 - Step 150/273 (2.32 it/s) |##########          | - loss_cc=4.737 - loss_ce=2.174 - loss_ne=0.0224 - loss_div=0.000421 - threshold=0.926 - loss=6.934
/scratch/e0538389/DivClust/engine/trainer.py:41: FutureWarning: `torch.cuda.amp.autocast(args...)` is deprecated. Please use `torch.amp.autocast('cuda', args...)` instead.
  with autocast(self.mixed_precision):
[2026-03-30 10:19:56](logger.py 179): id=CC_FMNIST_C10CFG_K20_E100_DT_0_7 | Ep. 5/100 - Step 175/273 (2.31 it/s) |############        | - loss_cc=4.736 - loss_ce=2.174 - loss_ne=0.0224 - loss_div=0.000365 - threshold=0.925 - loss=6.933
/scratch/e0538389/DivClust/engine/trainer.py:41: FutureWarning: `torch.cuda.amp.autocast(args...)` is deprecated. Please use `torch.amp.autocast('cuda', args...)` instead.
  with autocast(self.mixed_precision):
/scratch/e0538389/DivClust/engine/trainer.py:41: FutureWarning: `torch.cuda.amp.autocast(args...)` is deprecated. Please use `torch.amp.autocast('cuda', args...)` instead.
  with autocast(self.mixed_precision):
[2026-03-30 10:20:06](logger.py 179): id=CC_FMNIST_C10CFG_K20_E100_DT_0_7 | Ep. 5/100 - Step 200/273 (2.32 it/s) |##############      | - loss_cc=4.736 - loss_ce=2.174 - loss_ne=0.0223 - loss_div=0.00032 - threshold=0.926 - loss=6.933
/scratch/e0538389/DivClust/engine/trainer.py:41: FutureWarning: `torch.cuda.amp.autocast(args...)` is deprecated. Please use `torch.amp.autocast('cuda', args...)` instead.
  with autocast(self.mixed_precision):
[2026-03-30 10:20:17](logger.py 179): id=CC_FMNIST_C10CFG_K20_E100_DT_0_7 | Ep. 5/100 - Step 225/273 (2.32 it/s) |################    | - loss_cc=4.734 - loss_ce=2.173 - loss_ne=0.0221 - loss_div=0.000304 - threshold=0.927 - loss=6.93
/scratch/e0538389/DivClust/engine/trainer.py:41: FutureWarning: `torch.cuda.amp.autocast(args...)` is deprecated. Please use `torch.amp.autocast('cuda', args...)` instead.
  with autocast(self.mixed_precision):
[2026-03-30 10:20:28](logger.py 179): id=CC_FMNIST_C10CFG_K20_E100_DT_0_7 | Ep. 5/100 - Step 250/273 (2.32 it/s) |##################  | - loss_cc=4.734 - loss_ce=2.173 - loss_ne=0.022 - loss_div=0.000328 - threshold=0.926 - loss=6.93
/scratch/e0538389/DivClust/engine/trainer.py:41: FutureWarning: `torch.cuda.amp.autocast(args...)` is deprecated. Please use `torch.amp.autocast('cuda', args...)` instead.
  with autocast(self.mixed_precision):
[2026-03-30 10:20:37](logger.py 179): id=CC_FMNIST_C10CFG_K20_E100_DT_0_7 | Ep. 5/100 | Time: 00:01 | loss_cc=4.733 - loss_ce=2.173 - loss_ne=0.0217 - loss_div=0.000344 - threshold=0.925 - loss=6.928
[2026-03-30 10:20:40](logger.py 179): id=CC_FMNIST_C10CFG_K20_E100_DT_0_7 | Ep. 6/100 - Step 0/273 (0.0 it/s) |                    | - loss_cc=4.735 - loss_ce=2.166 - loss_ne=0.0389 - loss_div=0.00156 - threshold=0.911 - loss=6.941
/scratch/e0538389/DivClust/engine/trainer.py:41: FutureWarning: `torch.cuda.amp.autocast(args...)` is deprecated. Please use `torch.amp.autocast('cuda', args...)` instead.
  with autocast(self.mixed_precision):
/scratch/e0538389/DivClust/engine/trainer.py:41: FutureWarning: `torch.cuda.amp.autocast(args...)` is deprecated. Please use `torch.amp.autocast('cuda', args...)` instead.
  with autocast(self.mixed_precision):
[2026-03-30 10:20:51](logger.py 179): id=CC_FMNIST_C10CFG_K20_E100_DT_0_7 | Ep. 6/100 - Step 25/273 (2.23 it/s) |#                   | - loss_cc=4.723 - loss_ce=2.17 - loss_ne=0.0211 - loss_div=0.000615 - threshold=0.904 - loss=6.915
/scratch/e0538389/DivClust/engine/trainer.py:41: FutureWarning: `torch.cuda.amp.autocast(args...)` is deprecated. Please use `torch.amp.autocast('cuda', args...)` instead.
  with autocast(self.mixed_precision):
[2026-03-30 10:21:02](logger.py 179): id=CC_FMNIST_C10CFG_K20_E100_DT_0_7 | Ep. 6/100 - Step 50/273 (2.26 it/s) |###                 | - loss_cc=4.716 - loss_ce=2.167 - loss_ne=0.021 - loss_div=0.00034 - threshold=0.909 - loss=6.904
/scratch/e0538389/DivClust/engine/trainer.py:41: FutureWarning: `torch.cuda.amp.autocast(args...)` is deprecated. Please use `torch.amp.autocast('cuda', args...)` instead.
  with autocast(self.mixed_precision):
[2026-03-30 10:21:13](logger.py 179): id=CC_FMNIST_C10CFG_K20_E100_DT_0_7 | Ep. 6/100 - Step 75/273 (2.28 it/s) |#####               | - loss_cc=4.721 - loss_ce=2.169 - loss_ne=0.0214 - loss_div=0.00024 - threshold=0.914 - loss=6.911
/scratch/e0538389/DivClust/engine/trainer.py:41: FutureWarning: `torch.cuda.amp.autocast(args...)` is deprecated. Please use `torch.amp.autocast('cuda', args...)` instead.
  with autocast(self.mixed_precision):
[2026-03-30 10:21:23](logger.py 179): id=CC_FMNIST_C10CFG_K20_E100_DT_0_7 | Ep. 6/100 - Step 100/273 (2.29 it/s) |#######             | - loss_cc=4.719 - loss_ce=2.168 - loss_ne=0.0214 - loss_div=0.000181 - threshold=0.92 - loss=6.909
/scratch/e0538389/DivClust/engine/trainer.py:41: FutureWarning: `torch.cuda.amp.autocast(args...)` is deprecated. Please use `torch.amp.autocast('cuda', args...)` instead.
  with autocast(self.mixed_precision):
/scratch/e0538389/DivClust/engine/trainer.py:41: FutureWarning: `torch.cuda.amp.autocast(args...)` is deprecated. Please use `torch.amp.autocast('cuda', args...)` instead.
  with autocast(self.mixed_precision):
[2026-03-30 10:21:35](logger.py 179): id=CC_FMNIST_C10CFG_K20_E100_DT_0_7 | Ep. 6/100 - Step 125/273 (2.27 it/s) |#########           | - loss_cc=4.718 - loss_ce=2.167 - loss_ne=0.0209 - loss_div=0.000212 - threshold=0.921 - loss=6.907
/scratch/e0538389/DivClust/engine/trainer.py:41: FutureWarning: `torch.cuda.amp.autocast(args...)` is deprecated. Please use `torch.amp.autocast('cuda', args...)` instead.
  with autocast(self.mixed_precision):
[2026-03-30 10:21:45](logger.py 179): id=CC_FMNIST_C10CFG_K20_E100_DT_0_7 | Ep. 6/100 - Step 150/273 (2.28 it/s) |##########          | - loss_cc=4.717 - loss_ce=2.167 - loss_ne=0.0208 - loss_div=0.000342 - threshold=0.921 - loss=6.905
/scratch/e0538389/DivClust/engine/trainer.py:41: FutureWarning: `torch.cuda.amp.autocast(args...)` is deprecated. Please use `torch.amp.autocast('cuda', args...)` instead.
  with autocast(self.mixed_precision):
[2026-03-30 10:21:56](logger.py 179): id=CC_FMNIST_C10CFG_K20_E100_DT_0_7 | Ep. 6/100 - Step 175/273 (2.29 it/s) |############        | - loss_cc=4.716 - loss_ce=2.166 - loss_ne=0.0207 - loss_div=0.000306 - threshold=0.92 - loss=6.903
/scratch/e0538389/DivClust/engine/trainer.py:41: FutureWarning: `torch.cuda.amp.autocast(args...)` is deprecated. Please use `torch.amp.autocast('cuda', args...)` instead.
  with autocast(self.mixed_precision):
[2026-03-30 10:22:07](logger.py 179): id=CC_FMNIST_C10CFG_K20_E100_DT_0_7 | Ep. 6/100 - Step 200/273 (2.29 it/s) |##############      | - loss_cc=4.716 - loss_ce=2.166 - loss_ne=0.0208 - loss_div=0.000269 - threshold=0.921 - loss=6.903
/scratch/e0538389/DivClust/engine/trainer.py:41: FutureWarning: `torch.cuda.amp.autocast(args...)` is deprecated. Please use `torch.amp.autocast('cuda', args...)` instead.
  with autocast(self.mixed_precision):
/scratch/e0538389/DivClust/engine/trainer.py:41: FutureWarning: `torch.cuda.amp.autocast(args...)` is deprecated. Please use `torch.amp.autocast('cuda', args...)` instead.
  with autocast(self.mixed_precision):
[2026-03-30 10:22:18](logger.py 179): id=CC_FMNIST_C10CFG_K20_E100_DT_0_7 | Ep. 6/100 - Step 225/273 (2.28 it/s) |################    | - loss_cc=4.715 - loss_ce=2.166 - loss_ne=0.0207 - loss_div=0.000242 - threshold=0.922 - loss=6.902
/scratch/e0538389/DivClust/engine/trainer.py:41: FutureWarning: `torch.cuda.amp.autocast(args...)` is deprecated. Please use `torch.amp.autocast('cuda', args...)` instead.
  with autocast(self.mixed_precision):
[2026-03-30 10:22:29](logger.py 179): id=CC_FMNIST_C10CFG_K20_E100_DT_0_7 | Ep. 6/100 - Step 250/273 (2.29 it/s) |##################  | - loss_cc=4.714 - loss_ce=2.165 - loss_ne=0.0209 - loss_div=0.000278 - threshold=0.923 - loss=6.901
/scratch/e0538389/DivClust/engine/trainer.py:41: FutureWarning: `torch.cuda.amp.autocast(args...)` is deprecated. Please use `torch.amp.autocast('cuda', args...)` instead.
  with autocast(self.mixed_precision):
[2026-03-30 10:22:38](logger.py 179): id=CC_FMNIST_C10CFG_K20_E100_DT_0_7 | Ep. 6/100 | Time: 00:01 | loss_cc=4.713 - loss_ce=2.165 - loss_ne=0.021 - loss_div=0.000307 - threshold=0.922 - loss=6.899
[2026-03-30 10:22:41](logger.py 179): id=CC_FMNIST_C10CFG_K20_E100_DT_0_7 | Ep. 7/100 - Step 0/273 (0.0 it/s) |                    | - loss_cc=4.692 - loss_ce=2.153 - loss_ne=0.0214 - loss_div=0.0 - threshold=0.91 - loss=6.867
/scratch/e0538389/DivClust/engine/trainer.py:41: FutureWarning: `torch.cuda.amp.autocast(args...)` is deprecated. Please use `torch.amp.autocast('cuda', args...)` instead.
  with autocast(self.mixed_precision):
[2026-03-30 10:22:51](logger.py 179): id=CC_FMNIST_C10CFG_K20_E100_DT_0_7 | Ep. 7/100 - Step 25/273 (2.39 it/s) |#                   | - loss_cc=4.702 - loss_ce=2.161 - loss_ne=0.0225 - loss_div=0.000613 - threshold=0.904 - loss=6.886
/scratch/e0538389/DivClust/engine/trainer.py:41: FutureWarning: `torch.cuda.amp.autocast(args...)` is deprecated. Please use `torch.amp.autocast('cuda', args...)` instead.
  with autocast(self.mixed_precision):
/scratch/e0538389/DivClust/engine/trainer.py:41: FutureWarning: `torch.cuda.amp.autocast(args...)` is deprecated. Please use `torch.amp.autocast('cuda', args...)` instead.
  with autocast(self.mixed_precision):
[2026-03-30 10:23:02](logger.py 179): id=CC_FMNIST_C10CFG_K20_E100_DT_0_7 | Ep. 7/100 - Step 50/273 (2.36 it/s) |###                 | - loss_cc=4.701 - loss_ce=2.16 - loss_ne=0.0219 - loss_div=0.00042 - threshold=0.907 - loss=6.883
/scratch/e0538389/DivClust/engine/trainer.py:41: FutureWarning: `torch.cuda.amp.autocast(args...)` is deprecated. Please use `torch.amp.autocast('cuda', args...)` instead.
  with autocast(self.mixed_precision):
[2026-03-30 10:23:13](logger.py 179): id=CC_FMNIST_C10CFG_K20_E100_DT_0_7 | Ep. 7/100 - Step 75/273 (2.37 it/s) |#####               | - loss_cc=4.702 - loss_ce=2.161 - loss_ne=0.0218 - loss_div=0.000341 - threshold=0.91 - loss=6.885
/scratch/e0538389/DivClust/engine/trainer.py:41: FutureWarning: `torch.cuda.amp.autocast(args...)` is deprecated. Please use `torch.amp.autocast('cuda', args...)` instead.
  with autocast(self.mixed_precision):
[2026-03-30 10:23:23](logger.py 179): id=CC_FMNIST_C10CFG_K20_E100_DT_0_7 | Ep. 7/100 - Step 100/273 (2.36 it/s) |#######             | - loss_cc=4.702 - loss_ce=2.16 - loss_ne=0.0222 - loss_div=0.000423 - threshold=0.909 - loss=6.885
/scratch/e0538389/DivClust/engine/trainer.py:41: FutureWarning: `torch.cuda.amp.autocast(args...)` is deprecated. Please use `torch.amp.autocast('cuda', args...)` instead.
  with autocast(self.mixed_precision):
[2026-03-30 10:23:34](logger.py 179): id=CC_FMNIST_C10CFG_K20_E100_DT_0_7 | Ep. 7/100 - Step 125/273 (2.35 it/s) |#########           | - loss_cc=4.7 - loss_ce=2.16 - loss_ne=0.0217 - loss_div=0.000375 - threshold=0.909 - loss=6.882
/scratch/e0538389/DivClust/engine/trainer.py:41: FutureWarning: `torch.cuda.amp.autocast(args...)` is deprecated. Please use `torch.amp.autocast('cuda', args...)` instead.
  with autocast(self.mixed_precision):
/scratch/e0538389/DivClust/engine/trainer.py:41: FutureWarning: `torch.cuda.amp.autocast(args...)` is deprecated. Please use `torch.amp.autocast('cuda', args...)` instead.
  with autocast(self.mixed_precision):
[2026-03-30 10:23:45](logger.py 179): id=CC_FMNIST_C10CFG_K20_E100_DT_0_7 | Ep. 7/100 - Step 150/273 (2.33 it/s) |##########          | - loss_cc=4.699 - loss_ce=2.159 - loss_ne=0.0212 - loss_div=0.000316 - threshold=0.91 - loss=6.879
/scratch/e0538389/DivClust/engine/trainer.py:41: FutureWarning: `torch.cuda.amp.autocast(args...)` is deprecated. Please use `torch.amp.autocast('cuda', args...)` instead.
  with autocast(self.mixed_precision):
[2026-03-30 10:23:56](logger.py 179): id=CC_FMNIST_C10CFG_K20_E100_DT_0_7 | Ep. 7/100 - Step 175/273 (2.34 it/s) |############        | - loss_cc=4.7 - loss_ce=2.159 - loss_ne=0.0211 - loss_div=0.000426 - threshold=0.91 - loss=6.881
/scratch/e0538389/DivClust/engine/trainer.py:41: FutureWarning: `torch.cuda.amp.autocast(args...)` is deprecated. Please use `torch.amp.autocast('cuda', args...)` instead.
  with autocast(self.mixed_precision):
[2026-03-30 10:24:06](logger.py 179): id=CC_FMNIST_C10CFG_K20_E100_DT_0_7 | Ep. 7/100 - Step 200/273 (2.34 it/s) |##############      | - loss_cc=4.7 - loss_ce=2.159 - loss_ne=0.0212 - loss_div=0.000389 - threshold=0.909 - loss=6.88
/scratch/e0538389/DivClust/engine/trainer.py:41: FutureWarning: `torch.cuda.amp.autocast(args...)` is deprecated. Please use `torch.amp.autocast('cuda', args...)` instead.
  with autocast(self.mixed_precision):
[2026-03-30 10:24:17](logger.py 179): id=CC_FMNIST_C10CFG_K20_E100_DT_0_7 | Ep. 7/100 - Step 225/273 (2.35 it/s) |################    | - loss_cc=4.699 - loss_ce=2.159 - loss_ne=0.0211 - loss_div=0.000436 - threshold=0.909 - loss=6.879
/scratch/e0538389/DivClust/engine/trainer.py:41: FutureWarning: `torch.cuda.amp.autocast(args...)` is deprecated. Please use `torch.amp.autocast('cuda', args...)` instead.
  with autocast(self.mixed_precision):
/scratch/e0538389/DivClust/engine/trainer.py:41: FutureWarning: `torch.cuda.amp.autocast(args...)` is deprecated. Please use `torch.amp.autocast('cuda', args...)` instead.
  with autocast(self.mixed_precision):
[2026-03-30 10:24:28](logger.py 179): id=CC_FMNIST_C10CFG_K20_E100_DT_0_7 | Ep. 7/100 - Step 250/273 (2.35 it/s) |##################  | - loss_cc=4.699 - loss_ce=2.159 - loss_ne=0.0212 - loss_div=0.0004 - threshold=0.909 - loss=6.88
/scratch/e0538389/DivClust/engine/trainer.py:41: FutureWarning: `torch.cuda.amp.autocast(args...)` is deprecated. Please use `torch.amp.autocast('cuda', args...)` instead.
  with autocast(self.mixed_precision):
[2026-03-30 10:24:37](logger.py 179): id=CC_FMNIST_C10CFG_K20_E100_DT_0_7 | Ep. 7/100 | Time: 00:01 | loss_cc=4.7 - loss_ce=2.159 - loss_ne=0.0214 - loss_div=0.00039 - threshold=0.909 - loss=6.88
[2026-03-30 10:24:39](logger.py 179): id=CC_FMNIST_C10CFG_K20_E100_DT_0_7 | Ep. 8/100 - Step 0/273 (0.0 it/s) |                    | - loss_cc=4.691 - loss_ce=2.148 - loss_ne=0.0194 - loss_div=0.000191 - threshold=0.91 - loss=6.858
/scratch/e0538389/DivClust/engine/trainer.py:41: FutureWarning: `torch.cuda.amp.autocast(args...)` is deprecated. Please use `torch.amp.autocast('cuda', args...)` instead.
  with autocast(self.mixed_precision):
[2026-03-30 10:24:50](logger.py 179): id=CC_FMNIST_C10CFG_K20_E100_DT_0_7 | Ep. 8/100 - Step 25/273 (2.26 it/s) |#                   | - loss_cc=4.684 - loss_ce=2.151 - loss_ne=0.0181 - loss_div=0.000683 - threshold=0.906 - loss=6.854
/scratch/e0538389/DivClust/engine/trainer.py:41: FutureWarning: `torch.cuda.amp.autocast(args...)` is deprecated. Please use `torch.amp.autocast('cuda', args...)` instead.
  with autocast(self.mixed_precision):
[2026-03-30 10:25:01](logger.py 179): id=CC_FMNIST_C10CFG_K20_E100_DT_0_7 | Ep. 8/100 - Step 50/273 (2.29 it/s) |###                 | - loss_cc=4.684 - loss_ce=2.151 - loss_ne=0.0185 - loss_div=0.000409 - threshold=0.906 - loss=6.854
/scratch/e0538389/DivClust/engine/trainer.py:41: FutureWarning: `torch.cuda.amp.autocast(args...)` is deprecated. Please use `torch.amp.autocast('cuda', args...)` instead.
  with autocast(self.mixed_precision):
[2026-03-30 10:25:11](logger.py 179): id=CC_FMNIST_C10CFG_K20_E100_DT_0_7 | Ep. 8/100 - Step 75/273 (2.29 it/s) |#####               | - loss_cc=4.683 - loss_ce=2.151 - loss_ne=0.0195 - loss_div=0.000274 - threshold=0.91 - loss=6.854
/scratch/e0538389/DivClust/engine/trainer.py:41: FutureWarning: `torch.cuda.amp.autocast(args...)` is deprecated. Please use `torch.amp.autocast('cuda', args...)` instead.
  with autocast(self.mixed_precision):
/scratch/e0538389/DivClust/engine/trainer.py:41: FutureWarning: `torch.cuda.amp.autocast(args...)` is deprecated. Please use `torch.amp.autocast('cuda', args...)` instead.
  with autocast(self.mixed_precision):
[2026-03-30 10:25:23](logger.py 179): id=CC_FMNIST_C10CFG_K20_E100_DT_0_7 | Ep. 8/100 - Step 100/273 (2.28 it/s) |#######             | - loss_cc=4.684 - loss_ce=2.152 - loss_ne=0.0194 - loss_div=0.000307 - threshold=0.909 - loss=6.856
/scratch/e0538389/DivClust/engine/trainer.py:41: FutureWarning: `torch.cuda.amp.autocast(args...)` is deprecated. Please use `torch.amp.autocast('cuda', args...)` instead.
  with autocast(self.mixed_precision):
[2026-03-30 10:25:33](logger.py 179): id=CC_FMNIST_C10CFG_K20_E100_DT_0_7 | Ep. 8/100 - Step 125/273 (2.3 it/s) |#########           | - loss_cc=4.685 - loss_ce=2.152 - loss_ne=0.0202 - loss_div=0.000447 - threshold=0.907 - loss=6.858
/scratch/e0538389/DivClust/engine/trainer.py:41: FutureWarning: `torch.cuda.amp.autocast(args...)` is deprecated. Please use `torch.amp.autocast('cuda', args...)` instead.
  with autocast(self.mixed_precision):
[2026-03-30 10:25:44](logger.py 179): id=CC_FMNIST_C10CFG_K20_E100_DT_0_7 | Ep. 8/100 - Step 150/273 (2.3 it/s) |##########          | - loss_cc=4.684 - loss_ce=2.152 - loss_ne=0.0205 - loss_div=0.00043 - threshold=0.905 - loss=6.857
/scratch/e0538389/DivClust/engine/trainer.py:41: FutureWarning: `torch.cuda.amp.autocast(args...)` is deprecated. Please use `torch.amp.autocast('cuda', args...)` instead.
  with autocast(self.mixed_precision):
[2026-03-30 10:25:55](logger.py 179): id=CC_FMNIST_C10CFG_K20_E100_DT_0_7 | Ep. 8/100 - Step 175/273 (2.3 it/s) |############        | - loss_cc=4.684 - loss_ce=2.153 - loss_ne=0.0203 - loss_div=0.000469 - threshold=0.903 - loss=6.857
/scratch/e0538389/DivClust/engine/trainer.py:41: FutureWarning: `torch.cuda.amp.autocast(args...)` is deprecated. Please use `torch.amp.autocast('cuda', args...)` instead.
  with autocast(self.mixed_precision):
/scratch/e0538389/DivClust/engine/trainer.py:41: FutureWarning: `torch.cuda.amp.autocast(args...)` is deprecated. Please use `torch.amp.autocast('cuda', args...)` instead.
  with autocast(self.mixed_precision):
[2026-03-30 10:26:06](logger.py 179): id=CC_FMNIST_C10CFG_K20_E100_DT_0_7 | Ep. 8/100 - Step 200/273 (2.29 it/s) |##############      | - loss_cc=4.684 - loss_ce=2.153 - loss_ne=0.0203 - loss_div=0.00043 - threshold=0.903 - loss=6.857
/scratch/e0538389/DivClust/engine/trainer.py:41: FutureWarning: `torch.cuda.amp.autocast(args...)` is deprecated. Please use `torch.amp.autocast('cuda', args...)` instead.
  with autocast(self.mixed_precision):
[2026-03-30 10:26:17](logger.py 179): id=CC_FMNIST_C10CFG_K20_E100_DT_0_7 | Ep. 8/100 - Step 225/273 (2.29 it/s) |################    | - loss_cc=4.684 - loss_ce=2.153 - loss_ne=0.0208 - loss_div=0.000385 - threshold=0.904 - loss=6.858
/scratch/e0538389/DivClust/engine/trainer.py:41: FutureWarning: `torch.cuda.amp.autocast(args...)` is deprecated. Please use `torch.amp.autocast('cuda', args...)` instead.
  with autocast(self.mixed_precision):
[2026-03-30 10:26:27](logger.py 179): id=CC_FMNIST_C10CFG_K20_E100_DT_0_7 | Ep. 8/100 - Step 250/273 (2.3 it/s) |##################  | - loss_cc=4.684 - loss_ce=2.153 - loss_ne=0.0209 - loss_div=0.000352 - threshold=0.905 - loss=6.858
/scratch/e0538389/DivClust/engine/trainer.py:41: FutureWarning: `torch.cuda.amp.autocast(args...)` is deprecated. Please use `torch.amp.autocast('cuda', args...)` instead.
  with autocast(self.mixed_precision):
[2026-03-30 10:26:37](logger.py 179): id=CC_FMNIST_C10CFG_K20_E100_DT_0_7 | Ep. 8/100 | Time: 00:01 | loss_cc=4.683 - loss_ce=2.153 - loss_ne=0.0211 - loss_div=0.000377 - threshold=0.905 - loss=6.858
[2026-03-30 10:26:40](logger.py 179): id=CC_FMNIST_C10CFG_K20_E100_DT_0_7 | Ep. 9/100 - Step 0/273 (0.0 it/s) |                    | - loss_cc=4.652 - loss_ce=2.13 - loss_ne=0.01 - loss_div=0.0 - threshold=0.9 - loss=6.793
/scratch/e0538389/DivClust/engine/trainer.py:41: FutureWarning: `torch.cuda.amp.autocast(args...)` is deprecated. Please use `torch.amp.autocast('cuda', args...)` instead.
  with autocast(self.mixed_precision):
/scratch/e0538389/DivClust/engine/trainer.py:41: FutureWarning: `torch.cuda.amp.autocast(args...)` is deprecated. Please use `torch.amp.autocast('cuda', args...)` instead.
  with autocast(self.mixed_precision):
[2026-03-30 10:26:51](logger.py 179): id=CC_FMNIST_C10CFG_K20_E100_DT_0_7 | Ep. 9/100 - Step 25/273 (2.22 it/s) |#                   | - loss_cc=4.673 - loss_ce=2.148 - loss_ne=0.0177 - loss_div=0.000108 - threshold=0.907 - loss=6.839
/scratch/e0538389/DivClust/engine/trainer.py:41: FutureWarning: `torch.cuda.amp.autocast(args...)` is deprecated. Please use `torch.amp.autocast('cuda', args...)` instead.
  with autocast(self.mixed_precision):
[2026-03-30 10:27:02](logger.py 179): id=CC_FMNIST_C10CFG_K20_E100_DT_0_7 | Ep. 9/100 - Step 50/273 (2.26 it/s) |###                 | - loss_cc=4.674 - loss_ce=2.15 - loss_ne=0.0187 - loss_div=0.000304 - threshold=0.902 - loss=6.843
/scratch/e0538389/DivClust/engine/trainer.py:41: FutureWarning: `torch.cuda.amp.autocast(args...)` is deprecated. Please use `torch.amp.autocast('cuda', args...)` instead.
  with autocast(self.mixed_precision):
[2026-03-30 10:27:13](logger.py 179): id=CC_FMNIST_C10CFG_K20_E100_DT_0_7 | Ep. 9/100 - Step 75/273 (2.28 it/s) |#####               | - loss_cc=4.675 - loss_ce=2.151 - loss_ne=0.019 - loss_div=0.000559 - threshold=0.897 - loss=6.845
/scratch/e0538389/DivClust/engine/trainer.py:41: FutureWarning: `torch.cuda.amp.autocast(args...)` is deprecated. Please use `torch.amp.autocast('cuda', args...)` instead.
  with autocast(self.mixed_precision):
[2026-03-30 10:27:23](logger.py 179): id=CC_FMNIST_C10CFG_K20_E100_DT_0_7 | Ep. 9/100 - Step 100/273 (2.29 it/s) |#######             | - loss_cc=4.678 - loss_ce=2.151 - loss_ne=0.0202 - loss_div=0.000515 - threshold=0.895 - loss=6.85
/scratch/e0538389/DivClust/engine/trainer.py:41: FutureWarning: `torch.cuda.amp.autocast(args...)` is deprecated. Please use `torch.amp.autocast('cuda', args...)` instead.
  with autocast(self.mixed_precision):
/scratch/e0538389/DivClust/engine/trainer.py:41: FutureWarning: `torch.cuda.amp.autocast(args...)` is deprecated. Please use `torch.amp.autocast('cuda', args...)` instead.
  with autocast(self.mixed_precision):
[2026-03-30 10:27:35](logger.py 179): id=CC_FMNIST_C10CFG_K20_E100_DT_0_7 | Ep. 9/100 - Step 125/273 (2.27 it/s) |#########           | - loss_cc=4.679 - loss_ce=2.152 - loss_ne=0.0211 - loss_div=0.000423 - threshold=0.896 - loss=6.853
/scratch/e0538389/DivClust/engine/trainer.py:41: FutureWarning: `torch.cuda.amp.autocast(args...)` is deprecated. Please use `torch.amp.autocast('cuda', args...)` instead.
  with autocast(self.mixed_precision):
[2026-03-30 10:27:45](logger.py 179): id=CC_FMNIST_C10CFG_K20_E100_DT_0_7 | Ep. 9/100 - Step 150/273 (2.29 it/s) |##########          | - loss_cc=4.68 - loss_ce=2.152 - loss_ne=0.0213 - loss_div=0.000353 - threshold=0.898 - loss=6.854
/scratch/e0538389/DivClust/engine/trainer.py:41: FutureWarning: `torch.cuda.amp.autocast(args...)` is deprecated. Please use `torch.amp.autocast('cuda', args...)` instead.
  with autocast(self.mixed_precision):
[2026-03-30 10:27:56](logger.py 179): id=CC_FMNIST_C10CFG_K20_E100_DT_0_7 | Ep. 9/100 - Step 175/273 (2.29 it/s) |############        | - loss_cc=4.679 - loss_ce=2.152 - loss_ne=0.0212 - loss_div=0.000303 - threshold=0.902 - loss=6.852
/scratch/e0538389/DivClust/engine/trainer.py:41: FutureWarning: `torch.cuda.amp.autocast(args...)` is deprecated. Please use `torch.amp.autocast('cuda', args...)` instead.
  with autocast(self.mixed_precision):
[2026-03-30 10:28:07](logger.py 179): id=CC_FMNIST_C10CFG_K20_E100_DT_0_7 | Ep. 9/100 - Step 200/273 (2.3 it/s) |##############      | - loss_cc=4.678 - loss_ce=2.151 - loss_ne=0.0211 - loss_div=0.000289 - threshold=0.904 - loss=6.851
/scratch/e0538389/DivClust/engine/trainer.py:41: FutureWarning: `torch.cuda.amp.autocast(args...)` is deprecated. Please use `torch.amp.autocast('cuda', args...)` instead.
  with autocast(self.mixed_precision):
/scratch/e0538389/DivClust/engine/trainer.py:41: FutureWarning: `torch.cuda.amp.autocast(args...)` is deprecated. Please use `torch.amp.autocast('cuda', args...)` instead.
  with autocast(self.mixed_precision):
[2026-03-30 10:28:18](logger.py 179): id=CC_FMNIST_C10CFG_K20_E100_DT_0_7 | Ep. 9/100 - Step 225/273 (2.29 it/s) |################    | - loss_cc=4.677 - loss_ce=2.151 - loss_ne=0.0209 - loss_div=0.000318 - threshold=0.905 - loss=6.85
/scratch/e0538389/DivClust/engine/trainer.py:41: FutureWarning: `torch.cuda.amp.autocast(args...)` is deprecated. Please use `torch.amp.autocast('cuda', args...)` instead.
  with autocast(self.mixed_precision):
[2026-03-30 10:28:29](logger.py 179): id=CC_FMNIST_C10CFG_K20_E100_DT_0_7 | Ep. 9/100 - Step 250/273 (2.29 it/s) |##################  | - loss_cc=4.677 - loss_ce=2.151 - loss_ne=0.021 - loss_div=0.000347 - threshold=0.904 - loss=6.849
/scratch/e0538389/DivClust/engine/trainer.py:41: FutureWarning: `torch.cuda.amp.autocast(args...)` is deprecated. Please use `torch.amp.autocast('cuda', args...)` instead.
  with autocast(self.mixed_precision):
[2026-03-30 10:28:38](logger.py 179): id=CC_FMNIST_C10CFG_K20_E100_DT_0_7 | Ep. 9/100 | Time: 00:01 | loss_cc=4.676 - loss_ce=2.15 - loss_ne=0.0207 - loss_div=0.000348 - threshold=0.903 - loss=6.847
[2026-03-30 10:28:40](logger.py 179): id=CC_FMNIST_C10CFG_K20_E100_DT_0_7 | Ep. 10/100 - Step 0/273 (0.0 it/s) |                    | - loss_cc=4.687 - loss_ce=2.153 - loss_ne=0.0193 - loss_div=0.0 - threshold=0.899 - loss=6.86
/scratch/e0538389/DivClust/engine/trainer.py:41: FutureWarning: `torch.cuda.amp.autocast(args...)` is deprecated. Please use `torch.amp.autocast('cuda', args...)` instead.
  with autocast(self.mixed_precision):
[2026-03-30 10:28:51](logger.py 179): id=CC_FMNIST_C10CFG_K20_E100_DT_0_7 | Ep. 10/100 - Step 25/273 (2.31 it/s) |#                   | - loss_cc=4.659 - loss_ce=2.143 - loss_ne=0.0188 - loss_div=6.78e-05 - threshold=0.905 - loss=6.821
/scratch/e0538389/DivClust/engine/trainer.py:41: FutureWarning: `torch.cuda.amp.autocast(args...)` is deprecated. Please use `torch.amp.autocast('cuda', args...)` instead.
  with autocast(self.mixed_precision):
[2026-03-30 10:29:02](logger.py 179): id=CC_FMNIST_C10CFG_K20_E100_DT_0_7 | Ep. 10/100 - Step 50/273 (2.27 it/s) |###                 | - loss_cc=4.662 - loss_ce=2.145 - loss_ne=0.0195 - loss_div=0.000163 - threshold=0.903 - loss=6.827
/scratch/e0538389/DivClust/engine/trainer.py:41: FutureWarning: `torch.cuda.amp.autocast(args...)` is deprecated. Please use `torch.amp.autocast('cuda', args...)` instead.
  with autocast(self.mixed_precision):
/scratch/e0538389/DivClust/engine/trainer.py:41: FutureWarning: `torch.cuda.amp.autocast(args...)` is deprecated. Please use `torch.amp.autocast('cuda', args...)` instead.
  with autocast(self.mixed_precision):
[2026-03-30 10:29:13](logger.py 179): id=CC_FMNIST_C10CFG_K20_E100_DT_0_7 | Ep. 10/100 - Step 75/273 (2.29 it/s) |#####               | - loss_cc=4.662 - loss_ce=2.145 - loss_ne=0.0207 - loss_div=0.00027 - threshold=0.899 - loss=6.828
/scratch/e0538389/DivClust/engine/trainer.py:41: FutureWarning: `torch.cuda.amp.autocast(args...)` is deprecated. Please use `torch.amp.autocast('cuda', args...)` instead.
  with autocast(self.mixed_precision):
[2026-03-30 10:29:24](logger.py 179): id=CC_FMNIST_C10CFG_K20_E100_DT_0_7 | Ep. 10/100 - Step 100/273 (2.3 it/s) |#######             | - loss_cc=4.661 - loss_ce=2.145 - loss_ne=0.0206 - loss_div=0.000229 - threshold=0.898 - loss=6.827
/scratch/e0538389/DivClust/engine/trainer.py:41: FutureWarning: `torch.cuda.amp.autocast(args...)` is deprecated. Please use `torch.amp.autocast('cuda', args...)` instead.
  with autocast(self.mixed_precision):
[2026-03-30 10:29:34](logger.py 179): id=CC_FMNIST_C10CFG_K20_E100_DT_0_7 | Ep. 10/100 - Step 125/273 (2.31 it/s) |#########           | - loss_cc=4.665 - loss_ce=2.146 - loss_ne=0.021 - loss_div=0.000409 - threshold=0.896 - loss=6.832
/scratch/e0538389/DivClust/engine/trainer.py:41: FutureWarning: `torch.cuda.amp.autocast(args...)` is deprecated. Please use `torch.amp.autocast('cuda', args...)` instead.
  with autocast(self.mixed_precision):
[2026-03-30 10:29:45](logger.py 179): id=CC_FMNIST_C10CFG_K20_E100_DT_0_7 | Ep. 10/100 - Step 150/273 (2.3 it/s) |##########          | - loss_cc=4.665 - loss_ce=2.146 - loss_ne=0.0208 - loss_div=0.000368 - threshold=0.895 - loss=6.832
/scratch/e0538389/DivClust/engine/trainer.py:41: FutureWarning: `torch.cuda.amp.autocast(args...)` is deprecated. Please use `torch.amp.autocast('cuda', args...)` instead.
  with autocast(self.mixed_precision):
/scratch/e0538389/DivClust/engine/trainer.py:41: FutureWarning: `torch.cuda.amp.autocast(args...)` is deprecated. Please use `torch.amp.autocast('cuda', args...)` instead.
  with autocast(self.mixed_precision):
[2026-03-30 10:29:56](logger.py 179): id=CC_FMNIST_C10CFG_K20_E100_DT_0_7 | Ep. 10/100 - Step 175/273 (2.31 it/s) |############        | - loss_cc=4.664 - loss_ce=2.146 - loss_ne=0.0211 - loss_div=0.000326 - threshold=0.895 - loss=6.831
/scratch/e0538389/DivClust/engine/trainer.py:41: FutureWarning: `torch.cuda.amp.autocast(args...)` is deprecated. Please use `torch.amp.autocast('cuda', args...)` instead.
  with autocast(self.mixed_precision):
[2026-03-30 10:30:07](logger.py 179): id=CC_FMNIST_C10CFG_K20_E100_DT_0_7 | Ep. 10/100 - Step 200/273 (2.31 it/s) |##############      | - loss_cc=4.664 - loss_ce=2.145 - loss_ne=0.0209 - loss_div=0.000302 - threshold=0.895 - loss=6.83
/scratch/e0538389/DivClust/engine/trainer.py:41: FutureWarning: `torch.cuda.amp.autocast(args...)` is deprecated. Please use `torch.amp.autocast('cuda', args...)` instead.
  with autocast(self.mixed_precision):
[2026-03-30 10:30:17](logger.py 179): id=CC_FMNIST_C10CFG_K20_E100_DT_0_7 | Ep. 10/100 - Step 225/273 (2.31 it/s) |################    | - loss_cc=4.664 - loss_ce=2.145 - loss_ne=0.0212 - loss_div=0.000325 - threshold=0.895 - loss=6.831
/scratch/e0538389/DivClust/engine/trainer.py:41: FutureWarning: `torch.cuda.amp.autocast(args...)` is deprecated. Please use `torch.amp.autocast('cuda', args...)` instead.
  with autocast(self.mixed_precision):
[2026-03-30 10:30:29](logger.py 179): id=CC_FMNIST_C10CFG_K20_E100_DT_0_7 | Ep. 10/100 - Step 250/273 (2.3 it/s) |##################  | - loss_cc=4.663 - loss_ce=2.145 - loss_ne=0.0213 - loss_div=0.000375 - threshold=0.893 - loss=6.83
/scratch/e0538389/DivClust/engine/trainer.py:41: FutureWarning: `torch.cuda.amp.autocast(args...)` is deprecated. Please use `torch.amp.autocast('cuda', args...)` instead.
  with autocast(self.mixed_precision):
/scratch/e0538389/DivClust/engine/trainer.py:41: FutureWarning: `torch.cuda.amp.autocast(args...)` is deprecated. Please use `torch.amp.autocast('cuda', args...)` instead.
  with autocast(self.mixed_precision):
[2026-03-30 10:30:38](logger.py 179): Evaluating
[2026-03-30 10:30:39](logger.py 179): Eval. step 0 of 274
[2026-03-30 10:30:41](logger.py 179): Eval. step 25 of 274
[2026-03-30 10:30:44](logger.py 179): Eval. step 50 of 274
[2026-03-30 10:30:46](logger.py 179): Eval. step 75 of 274
[2026-03-30 10:30:48](logger.py 179): Eval. step 100 of 274
[2026-03-30 10:30:51](logger.py 179): Eval. step 125 of 274
[2026-03-30 10:30:53](logger.py 179): Eval. step 150 of 274
[2026-03-30 10:30:55](logger.py 179): Eval. step 175 of 274
[2026-03-30 10:30:58](logger.py 179): Eval. step 200 of 274
[2026-03-30 10:31:00](logger.py 179): Eval. step 225 of 274
[2026-03-30 10:31:02](logger.py 179): Eval. step 250 of 274
[2026-03-30 10:31:06](logger.py 179): id=CC_FMNIST_C10CFG_K20_E100_DT_0_7 | Ep. 10/100 | Time: 00:02 | loss_cc=4.663 - loss_ce=2.145 - loss_ne=0.0213 - loss_div=0.00035 - threshold=0.893 - loss=6.83 - eval_confidence=0.851 - cluster_acc_0_eval=56.88 - cluster_nmi_0_eval=0.528 - cluster_ari_0_eval=0.41 - cluster_acc_1_eval=55.17 - cluster_nmi_1_eval=0.512 - cluster_ari_1_eval=0.392 - cluster_acc_2_eval=52.72 - cluster_nmi_2_eval=0.497 - cluster_ari_2_eval=0.368 - cluster_acc_3_eval=59.95 - cluster_nmi_3_eval=0.536 - cluster_ari_3_eval=0.426 - cluster_acc_4_eval=58.51 - cluster_nmi_4_eval=0.554 - cluster_ari_4_eval=0.446 - cluster_acc_5_eval=64.07 - cluster_nmi_5_eval=0.621 - cluster_ari_5_eval=0.516 - cluster_acc_6_eval=56.93 - cluster_nmi_6_eval=0.551 - cluster_ari_6_eval=0.414 - cluster_acc_7_eval=58.27 - cluster_nmi_7_eval=0.545 - cluster_ari_7_eval=0.437 - cluster_acc_8_eval=59.24 - cluster_nmi_8_eval=0.546 - cluster_ari_8_eval=0.442 - cluster_acc_9_eval=63.59 - cluster_nmi_9_eval=0.586 - cluster_ari_9_eval=0.484 - cluster_acc_10_eval=61.1 - cluster_nmi_10_eval=0.568 - cluster_ari_10_eval=0.459 - cluster_acc_11_eval=49.93 - cluster_nmi_11_eval=0.484 - cluster_ari_11_eval=0.357 - cluster_acc_12_eval=57.1 - cluster_nmi_12_eval=0.528 - cluster_ari_12_eval=0.4 - cluster_acc_13_eval=63.05 - cluster_nmi_13_eval=0.598 - cluster_ari_13_eval=0.477 - cluster_acc_14_eval=60.51 - cluster_nmi_14_eval=0.563 - cluster_ari_14_eval=0.45 - cluster_acc_15_eval=65.73 - cluster_nmi_15_eval=0.609 - cluster_ari_15_eval=0.51 - cluster_acc_16_eval=59.98 - cluster_nmi_16_eval=0.585 - cluster_ari_16_eval=0.47 - cluster_acc_17_eval=61.59 - cluster_nmi_17_eval=0.576 - cluster_ari_17_eval=0.473 - cluster_acc_18_eval=58.88 - cluster_nmi_18_eval=0.564 - cluster_ari_18_eval=0.441 - cluster_acc_19_eval=61.4 - cluster_nmi_19_eval=0.596 - cluster_ari_19_eval=0.494 - max_cluster_acc_eval=65.73 - mean_cluster_acc_eval=59.23 - min_cluster_acc_eval=49.93 - max_cluster_nmi_eval=0.621 - mean_cluster_nmi_eval=0.557 - min_cluster_nmi_eval=0.484 - max_cluster_ari_eval=0.516 - mean_cluster_ari_eval=0.443 - min_cluster_ari_eval=0.357 - interclustering_nmi_eval=0.709
/scratch/e0538389/DivClust/engine/trainer.py:41: FutureWarning: `torch.cuda.amp.autocast(args...)` is deprecated. Please use `torch.amp.autocast('cuda', args...)` instead.
  with autocast(self.mixed_precision):
[2026-03-30 10:31:08](logger.py 179): id=CC_FMNIST_C10CFG_K20_E100_DT_0_7 | Ep. 11/100 - Step 0/273 (0.0 it/s) |                    | - loss_cc=4.673 - loss_ce=2.144 - loss_ne=0.0211 - loss_div=0.0 - threshold=0.899 - loss=6.838
/scratch/e0538389/DivClust/engine/trainer.py:41: FutureWarning: `torch.cuda.amp.autocast(args...)` is deprecated. Please use `torch.amp.autocast('cuda', args...)` instead.
  with autocast(self.mixed_precision):
[2026-03-30 10:31:19](logger.py 179): id=CC_FMNIST_C10CFG_K20_E100_DT_0_7 | Ep. 11/100 - Step 25/273 (2.37 it/s) |#                   | - loss_cc=4.668 - loss_ce=2.147 - loss_ne=0.0221 - loss_div=4.21e-05 - threshold=0.902 - loss=6.837
/scratch/e0538389/DivClust/engine/trainer.py:41: FutureWarning: `torch.cuda.amp.autocast(args...)` is deprecated. Please use `torch.amp.autocast('cuda', args...)` instead.
  with autocast(self.mixed_precision):
[2026-03-30 10:31:29](logger.py 179): id=CC_FMNIST_C10CFG_K20_E100_DT_0_7 | Ep. 11/100 - Step 50/273 (2.37 it/s) |###                 | - loss_cc=4.661 - loss_ce=2.144 - loss_ne=0.0215 - loss_div=8.56e-05 - threshold=0.902 - loss=6.827
/scratch/e0538389/DivClust/engine/trainer.py:41: FutureWarning: `torch.cuda.amp.autocast(args...)` is deprecated. Please use `torch.amp.autocast('cuda', args...)` instead.
  with autocast(self.mixed_precision):
[2026-03-30 10:31:40](logger.py 179): id=CC_FMNIST_C10CFG_K20_E100_DT_0_7 | Ep. 11/100 - Step 75/273 (2.38 it/s) |#####               | - loss_cc=4.662 - loss_ce=2.145 - loss_ne=0.0219 - loss_div=0.000244 - threshold=0.899 - loss=6.829
/scratch/e0538389/DivClust/engine/trainer.py:41: FutureWarning: `torch.cuda.amp.autocast(args...)` is deprecated. Please use `torch.amp.autocast('cuda', args...)` instead.
  with autocast(self.mixed_precision):
/scratch/e0538389/DivClust/engine/trainer.py:41: FutureWarning: `torch.cuda.amp.autocast(args...)` is deprecated. Please use `torch.amp.autocast('cuda', args...)` instead.
  with autocast(self.mixed_precision):
[2026-03-30 10:31:51](logger.py 179): id=CC_FMNIST_C10CFG_K20_E100_DT_0_7 | Ep. 11/100 - Step 100/273 (2.34 it/s) |#######             | - loss_cc=4.662 - loss_ce=2.145 - loss_ne=0.0219 - loss_div=0.000189 - threshold=0.899 - loss=6.829
/scratch/e0538389/DivClust/engine/trainer.py:41: FutureWarning: `torch.cuda.amp.autocast(args...)` is deprecated. Please use `torch.amp.autocast('cuda', args...)` instead.
  with autocast(self.mixed_precision):
[2026-03-30 10:32:02](logger.py 179): id=CC_FMNIST_C10CFG_K20_E100_DT_0_7 | Ep. 11/100 - Step 125/273 (2.34 it/s) |#########           | - loss_cc=4.663 - loss_ce=2.145 - loss_ne=0.0213 - loss_div=0.000196 - threshold=0.9 - loss=6.829
/scratch/e0538389/DivClust/engine/trainer.py:41: FutureWarning: `torch.cuda.amp.autocast(args...)` is deprecated. Please use `torch.amp.autocast('cuda', args...)` instead.
  with autocast(self.mixed_precision):
[2026-03-30 10:32:13](logger.py 179): id=CC_FMNIST_C10CFG_K20_E100_DT_0_7 | Ep. 11/100 - Step 150/273 (2.33 it/s) |##########          | - loss_cc=4.662 - loss_ce=2.145 - loss_ne=0.0211 - loss_div=0.000282 - threshold=0.899 - loss=6.828
/scratch/e0538389/DivClust/engine/trainer.py:41: FutureWarning: `torch.cuda.amp.autocast(args...)` is deprecated. Please use `torch.amp.autocast('cuda', args...)` instead.
  with autocast(self.mixed_precision):
[2026-03-30 10:32:23](logger.py 179): id=CC_FMNIST_C10CFG_K20_E100_DT_0_7 | Ep. 11/100 - Step 175/273 (2.33 it/s) |############        | - loss_cc=4.662 - loss_ce=2.145 - loss_ne=0.0213 - loss_div=0.000295 - threshold=0.899 - loss=6.828
/scratch/e0538389/DivClust/engine/trainer.py:41: FutureWarning: `torch.cuda.amp.autocast(args...)` is deprecated. Please use `torch.amp.autocast('cuda', args...)` instead.
  with autocast(self.mixed_precision):
/scratch/e0538389/DivClust/engine/trainer.py:41: FutureWarning: `torch.cuda.amp.autocast(args...)` is deprecated. Please use `torch.amp.autocast('cuda', args...)` instead.
  with autocast(self.mixed_precision):
[2026-03-30 10:32:35](logger.py 179): id=CC_FMNIST_C10CFG_K20_E100_DT_0_7 | Ep. 11/100 - Step 200/273 (2.32 it/s) |##############      | - loss_cc=4.661 - loss_ce=2.145 - loss_ne=0.0211 - loss_div=0.000295 - threshold=0.898 - loss=6.828
/scratch/e0538389/DivClust/engine/trainer.py:41: FutureWarning: `torch.cuda.amp.autocast(args...)` is deprecated. Please use `torch.amp.autocast('cuda', args...)` instead.
  with autocast(self.mixed_precision):
[2026-03-30 10:32:45](logger.py 179): id=CC_FMNIST_C10CFG_K20_E100_DT_0_7 | Ep. 11/100 - Step 225/273 (2.32 it/s) |################    | - loss_cc=4.66 - loss_ce=2.145 - loss_ne=0.021 - loss_div=0.000288 - threshold=0.897 - loss=6.827
/scratch/e0538389/DivClust/engine/trainer.py:41: FutureWarning: `torch.cuda.amp.autocast(args...)` is deprecated. Please use `torch.amp.autocast('cuda', args...)` instead.
  with autocast(self.mixed_precision):
[2026-03-30 10:32:56](logger.py 179): id=CC_FMNIST_C10CFG_K20_E100_DT_0_7 | Ep. 11/100 - Step 250/273 (2.32 it/s) |##################  | - loss_cc=4.66 - loss_ce=2.145 - loss_ne=0.0213 - loss_div=0.000354 - threshold=0.896 - loss=6.827
/scratch/e0538389/DivClust/engine/trainer.py:41: FutureWarning: `torch.cuda.amp.autocast(args...)` is deprecated. Please use `torch.amp.autocast('cuda', args...)` instead.
  with autocast(self.mixed_precision):
[2026-03-30 10:33:05](logger.py 179): id=CC_FMNIST_C10CFG_K20_E100_DT_0_7 | Ep. 11/100 | Time: 00:01 | loss_cc=4.659 - loss_ce=2.144 - loss_ne=0.0213 - loss_div=0.000338 - threshold=0.895 - loss=6.825
[2026-03-30 10:33:07](logger.py 179): id=CC_FMNIST_C10CFG_K20_E100_DT_0_7 | Ep. 12/100 - Step 0/273 (0.0 it/s) |                    | - loss_cc=4.668 - loss_ce=2.149 - loss_ne=0.0104 - loss_div=0.0 - threshold=0.889 - loss=6.828
/scratch/e0538389/DivClust/engine/trainer.py:41: FutureWarning: `torch.cuda.amp.autocast(args...)` is deprecated. Please use `torch.amp.autocast('cuda', args...)` instead.
  with autocast(self.mixed_precision):
/scratch/e0538389/DivClust/engine/trainer.py:41: FutureWarning: `torch.cuda.amp.autocast(args...)` is deprecated. Please use `torch.amp.autocast('cuda', args...)` instead.
  with autocast(self.mixed_precision):
[2026-03-30 10:33:18](logger.py 179): id=CC_FMNIST_C10CFG_K20_E100_DT_0_7 | Ep. 12/100 - Step 25/273 (2.32 it/s) |#                   | - loss_cc=4.658 - loss_ce=2.143 - loss_ne=0.0209 - loss_div=6.83e-05 - threshold=0.896 - loss=6.823
/scratch/e0538389/DivClust/engine/trainer.py:41: FutureWarning: `torch.cuda.amp.autocast(args...)` is deprecated. Please use `torch.amp.autocast('cuda', args...)` instead.
  with autocast(self.mixed_precision):
[2026-03-30 10:33:29](logger.py 179): id=CC_FMNIST_C10CFG_K20_E100_DT_0_7 | Ep. 12/100 - Step 50/273 (2.32 it/s) |###                 | - loss_cc=4.655 - loss_ce=2.143 - loss_ne=0.0194 - loss_div=0.000156 - threshold=0.894 - loss=6.817
/scratch/e0538389/DivClust/engine/trainer.py:41: FutureWarning: `torch.cuda.amp.autocast(args...)` is deprecated. Please use `torch.amp.autocast('cuda', args...)` instead.
  with autocast(self.mixed_precision):
[2026-03-30 10:33:40](logger.py 179): id=CC_FMNIST_C10CFG_K20_E100_DT_0_7 | Ep. 12/100 - Step 75/273 (2.32 it/s) |#####               | - loss_cc=4.656 - loss_ce=2.142 - loss_ne=0.0202 - loss_div=0.000123 - threshold=0.897 - loss=6.818
/scratch/e0538389/DivClust/engine/trainer.py:41: FutureWarning: `torch.cuda.amp.autocast(args...)` is deprecated. Please use `torch.amp.autocast('cuda', args...)` instead.
  with autocast(self.mixed_precision):
[2026-03-30 10:33:50](logger.py 179): id=CC_FMNIST_C10CFG_K20_E100_DT_0_7 | Ep. 12/100 - Step 100/273 (2.31 it/s) |#######             | - loss_cc=4.656 - loss_ce=2.143 - loss_ne=0.0198 - loss_div=0.000184 - threshold=0.898 - loss=6.818
/scratch/e0538389/DivClust/engine/trainer.py:41: FutureWarning: `torch.cuda.amp.autocast(args...)` is deprecated. Please use `torch.amp.autocast('cuda', args...)` instead.
  with autocast(self.mixed_precision):
/scratch/e0538389/DivClust/engine/trainer.py:41: FutureWarning: `torch.cuda.amp.autocast(args...)` is deprecated. Please use `torch.amp.autocast('cuda', args...)` instead.
  with autocast(self.mixed_precision):
[2026-03-30 10:34:02](logger.py 179): id=CC_FMNIST_C10CFG_K20_E100_DT_0_7 | Ep. 12/100 - Step 125/273 (2.3 it/s) |#########           | - loss_cc=4.654 - loss_ce=2.142 - loss_ne=0.0198 - loss_div=0.000323 - threshold=0.896 - loss=6.816
/scratch/e0538389/DivClust/engine/trainer.py:41: FutureWarning: `torch.cuda.amp.autocast(args...)` is deprecated. Please use `torch.amp.autocast('cuda', args...)` instead.
  with autocast(self.mixed_precision):
[2026-03-30 10:34:12](logger.py 179): id=CC_FMNIST_C10CFG_K20_E100_DT_0_7 | Ep. 12/100 - Step 150/273 (2.3 it/s) |##########          | - loss_cc=4.653 - loss_ce=2.142 - loss_ne=0.0197 - loss_div=0.000384 - threshold=0.894 - loss=6.815
/scratch/e0538389/DivClust/engine/trainer.py:41: FutureWarning: `torch.cuda.amp.autocast(args...)` is deprecated. Please use `torch.amp.autocast('cuda', args...)` instead.
  with autocast(self.mixed_precision):
[2026-03-30 10:34:23](logger.py 179): id=CC_FMNIST_C10CFG_K20_E100_DT_0_7 | Ep. 12/100 - Step 175/273 (2.3 it/s) |############        | - loss_cc=4.653 - loss_ce=2.142 - loss_ne=0.0193 - loss_div=0.000349 - threshold=0.894 - loss=6.814
/scratch/e0538389/DivClust/engine/trainer.py:41: FutureWarning: `torch.cuda.amp.autocast(args...)` is deprecated. Please use `torch.amp.autocast('cuda', args...)` instead.
  with autocast(self.mixed_precision):
[2026-03-30 10:34:34](logger.py 179): id=CC_FMNIST_C10CFG_K20_E100_DT_0_7 | Ep. 12/100 - Step 200/273 (2.31 it/s) |##############      | - loss_cc=4.652 - loss_ce=2.141 - loss_ne=0.0192 - loss_div=0.000342 - threshold=0.893 - loss=6.813
/scratch/e0538389/DivClust/engine/trainer.py:41: FutureWarning: `torch.cuda.amp.autocast(args...)` is deprecated. Please use `torch.amp.autocast('cuda', args...)` instead.
  with autocast(self.mixed_precision):
/scratch/e0538389/DivClust/engine/trainer.py:41: FutureWarning: `torch.cuda.amp.autocast(args...)` is deprecated. Please use `torch.amp.autocast('cuda', args...)` instead.
  with autocast(self.mixed_precision):
[2026-03-30 10:34:45](logger.py 179): id=CC_FMNIST_C10CFG_K20_E100_DT_0_7 | Ep. 12/100 - Step 225/273 (2.3 it/s) |################    | - loss_cc=4.651 - loss_ce=2.141 - loss_ne=0.0193 - loss_div=0.000401 - threshold=0.892 - loss=6.812
/scratch/e0538389/DivClust/engine/trainer.py:41: FutureWarning: `torch.cuda.amp.autocast(args...)` is deprecated. Please use `torch.amp.autocast('cuda', args...)` instead.
  with autocast(self.mixed_precision):
[2026-03-30 10:34:56](logger.py 179): id=CC_FMNIST_C10CFG_K20_E100_DT_0_7 | Ep. 12/100 - Step 250/273 (2.3 it/s) |##################  | - loss_cc=4.651 - loss_ce=2.142 - loss_ne=0.019 - loss_div=0.000475 - threshold=0.89 - loss=6.812
/scratch/e0538389/DivClust/engine/trainer.py:41: FutureWarning: `torch.cuda.amp.autocast(args...)` is deprecated. Please use `torch.amp.autocast('cuda', args...)` instead.
  with autocast(self.mixed_precision):
[2026-03-30 10:35:05](logger.py 179): id=CC_FMNIST_C10CFG_K20_E100_DT_0_7 | Ep. 12/100 | Time: 00:01 | loss_cc=4.65 - loss_ce=2.141 - loss_ne=0.019 - loss_div=0.000455 - threshold=0.89 - loss=6.811
[2026-03-30 10:35:08](logger.py 179): id=CC_FMNIST_C10CFG_K20_E100_DT_0_7 | Ep. 13/100 - Step 0/273 (0.0 it/s) |                    | - loss_cc=4.675 - loss_ce=2.15 - loss_ne=0.0284 - loss_div=0.0 - threshold=0.889 - loss=6.853
/scratch/e0538389/DivClust/engine/trainer.py:41: FutureWarning: `torch.cuda.amp.autocast(args...)` is deprecated. Please use `torch.amp.autocast('cuda', args...)` instead.
  with autocast(self.mixed_precision):
[2026-03-30 10:35:19](logger.py 179): id=CC_FMNIST_C10CFG_K20_E100_DT_0_7 | Ep. 13/100 - Step 25/273 (2.31 it/s) |#                   | - loss_cc=4.641 - loss_ce=2.138 - loss_ne=0.0216 - loss_div=6.91e-05 - threshold=0.894 - loss=6.8
/scratch/e0538389/DivClust/engine/trainer.py:41: FutureWarning: `torch.cuda.amp.autocast(args...)` is deprecated. Please use `torch.amp.autocast('cuda', args...)` instead.
  with autocast(self.mixed_precision):
[2026-03-30 10:35:29](logger.py 179): id=CC_FMNIST_C10CFG_K20_E100_DT_0_7 | Ep. 13/100 - Step 50/273 (2.31 it/s) |###                 | - loss_cc=4.644 - loss_ce=2.138 - loss_ne=0.0207 - loss_div=3.57e-05 - threshold=0.899 - loss=6.803
/scratch/e0538389/DivClust/engine/trainer.py:41: FutureWarning: `torch.cuda.amp.autocast(args...)` is deprecated. Please use `torch.amp.autocast('cuda', args...)` instead.
  with autocast(self.mixed_precision):
/scratch/e0538389/DivClust/engine/trainer.py:41: FutureWarning: `torch.cuda.amp.autocast(args...)` is deprecated. Please use `torch.amp.autocast('cuda', args...)` instead.
  with autocast(self.mixed_precision):
[2026-03-30 10:35:41](logger.py 179): id=CC_FMNIST_C10CFG_K20_E100_DT_0_7 | Ep. 13/100 - Step 75/273 (2.29 it/s) |#####               | - loss_cc=4.643 - loss_ce=2.139 - loss_ne=0.0214 - loss_div=0.000118 - threshold=0.898 - loss=6.804
/scratch/e0538389/DivClust/engine/trainer.py:41: FutureWarning: `torch.cuda.amp.autocast(args...)` is deprecated. Please use `torch.amp.autocast('cuda', args...)` instead.
  with autocast(self.mixed_precision):
[2026-03-30 10:35:51](logger.py 179): id=CC_FMNIST_C10CFG_K20_E100_DT_0_7 | Ep. 13/100 - Step 100/273 (2.29 it/s) |#######             | - loss_cc=4.642 - loss_ce=2.138 - loss_ne=0.0212 - loss_div=0.000175 - threshold=0.897 - loss=6.802
/scratch/e0538389/DivClust/engine/trainer.py:41: FutureWarning: `torch.cuda.amp.autocast(args...)` is deprecated. Please use `torch.amp.autocast('cuda', args...)` instead.
  with autocast(self.mixed_precision):
[2026-03-30 10:36:02](logger.py 179): id=CC_FMNIST_C10CFG_K20_E100_DT_0_7 | Ep. 13/100 - Step 125/273 (2.3 it/s) |#########           | - loss_cc=4.643 - loss_ce=2.139 - loss_ne=0.0208 - loss_div=0.000204 - threshold=0.896 - loss=6.802
/scratch/e0538389/DivClust/engine/trainer.py:41: FutureWarning: `torch.cuda.amp.autocast(args...)` is deprecated. Please use `torch.amp.autocast('cuda', args...)` instead.
  with autocast(self.mixed_precision):
[2026-03-30 10:36:13](logger.py 179): id=CC_FMNIST_C10CFG_K20_E100_DT_0_7 | Ep. 13/100 - Step 150/273 (2.3 it/s) |##########          | - loss_cc=4.644 - loss_ce=2.139 - loss_ne=0.0207 - loss_div=0.000316 - threshold=0.893 - loss=6.804
/scratch/e0538389/DivClust/engine/trainer.py:41: FutureWarning: `torch.cuda.amp.autocast(args...)` is deprecated. Please use `torch.amp.autocast('cuda', args...)` instead.
  with autocast(self.mixed_precision):
/scratch/e0538389/DivClust/engine/trainer.py:41: FutureWarning: `torch.cuda.amp.autocast(args...)` is deprecated. Please use `torch.amp.autocast('cuda', args...)` instead.
  with autocast(self.mixed_precision):
[2026-03-30 10:36:24](logger.py 179): id=CC_FMNIST_C10CFG_K20_E100_DT_0_7 | Ep. 13/100 - Step 175/273 (2.29 it/s) |############        | - loss_cc=4.644 - loss_ce=2.14 - loss_ne=0.0206 - loss_div=0.000272 - threshold=0.893 - loss=6.805
/scratch/e0538389/DivClust/engine/trainer.py:41: FutureWarning: `torch.cuda.amp.autocast(args...)` is deprecated. Please use `torch.amp.autocast('cuda', args...)` instead.
  with autocast(self.mixed_precision):
[2026-03-30 10:36:35](logger.py 179): id=CC_FMNIST_C10CFG_K20_E100_DT_0_7 | Ep. 13/100 - Step 200/273 (2.29 it/s) |##############      | - loss_cc=4.645 - loss_ce=2.139 - loss_ne=0.0205 - loss_div=0.00027 - threshold=0.893 - loss=6.805
/scratch/e0538389/DivClust/engine/trainer.py:41: FutureWarning: `torch.cuda.amp.autocast(args...)` is deprecated. Please use `torch.amp.autocast('cuda', args...)` instead.
  with autocast(self.mixed_precision):
[2026-03-30 10:36:46](logger.py 179): id=CC_FMNIST_C10CFG_K20_E100_DT_0_7 | Ep. 13/100 - Step 225/273 (2.29 it/s) |################    | - loss_cc=4.643 - loss_ce=2.139 - loss_ne=0.0206 - loss_div=0.000349 - threshold=0.892 - loss=6.803
/scratch/e0538389/DivClust/engine/trainer.py:41: FutureWarning: `torch.cuda.amp.autocast(args...)` is deprecated. Please use `torch.amp.autocast('cuda', args...)` instead.
  with autocast(self.mixed_precision):
[2026-03-30 10:36:57](logger.py 179): id=CC_FMNIST_C10CFG_K20_E100_DT_0_7 | Ep. 13/100 - Step 250/273 (2.3 it/s) |##################  | - loss_cc=4.643 - loss_ce=2.139 - loss_ne=0.0203 - loss_div=0.000335 - threshold=0.891 - loss=6.802
/scratch/e0538389/DivClust/engine/trainer.py:41: FutureWarning: `torch.cuda.amp.autocast(args...)` is deprecated. Please use `torch.amp.autocast('cuda', args...)` instead.
  with autocast(self.mixed_precision):
/scratch/e0538389/DivClust/engine/trainer.py:41: FutureWarning: `torch.cuda.amp.autocast(args...)` is deprecated. Please use `torch.amp.autocast('cuda', args...)` instead.
  with autocast(self.mixed_precision):
[2026-03-30 10:37:06](logger.py 179): id=CC_FMNIST_C10CFG_K20_E100_DT_0_7 | Ep. 13/100 | Time: 00:01 | loss_cc=4.643 - loss_ce=2.138 - loss_ne=0.0206 - loss_div=0.000398 - threshold=0.89 - loss=6.802
[2026-03-30 10:37:08](logger.py 179): id=CC_FMNIST_C10CFG_K20_E100_DT_0_7 | Ep. 14/100 - Step 0/273 (0.0 it/s) |                    | - loss_cc=4.629 - loss_ce=2.141 - loss_ne=0.0172 - loss_div=0.000529 - threshold=0.87 - loss=6.788
/scratch/e0538389/DivClust/engine/trainer.py:41: FutureWarning: `torch.cuda.amp.autocast(args...)` is deprecated. Please use `torch.amp.autocast('cuda', args...)` instead.
  with autocast(self.mixed_precision):
[2026-03-30 10:37:19](logger.py 179): id=CC_FMNIST_C10CFG_K20_E100_DT_0_7 | Ep. 14/100 - Step 25/273 (2.31 it/s) |#                   | - loss_cc=4.642 - loss_ce=2.138 - loss_ne=0.0203 - loss_div=0.000378 - threshold=0.873 - loss=6.801
/scratch/e0538389/DivClust/engine/trainer.py:41: FutureWarning: `torch.cuda.amp.autocast(args...)` is deprecated. Please use `torch.amp.autocast('cuda', args...)` instead.
  with autocast(self.mixed_precision):
[2026-03-30 10:37:30](logger.py 179): id=CC_FMNIST_C10CFG_K20_E100_DT_0_7 | Ep. 14/100 - Step 50/273 (2.31 it/s) |###                 | - loss_cc=4.643 - loss_ce=2.139 - loss_ne=0.0183 - loss_div=0.000215 - threshold=0.878 - loss=6.8
/scratch/e0538389/DivClust/engine/trainer.py:41: FutureWarning: `torch.cuda.amp.autocast(args...)` is deprecated. Please use `torch.amp.autocast('cuda', args...)` instead.
  with autocast(self.mixed_precision):
[2026-03-30 10:37:40](logger.py 179): id=CC_FMNIST_C10CFG_K20_E100_DT_0_7 | Ep. 14/100 - Step 75/273 (2.31 it/s) |#####               | - loss_cc=4.64 - loss_ce=2.137 - loss_ne=0.0207 - loss_div=0.000411 - threshold=0.879 - loss=6.798
/scratch/e0538389/DivClust/engine/trainer.py:41: FutureWarning: `torch.cuda.amp.autocast(args...)` is deprecated. Please use `torch.amp.autocast('cuda', args...)` instead.
  with autocast(self.mixed_precision):
/scratch/e0538389/DivClust/engine/trainer.py:41: FutureWarning: `torch.cuda.amp.autocast(args...)` is deprecated. Please use `torch.amp.autocast('cuda', args...)` instead.
  with autocast(self.mixed_precision):
[2026-03-30 10:37:51](logger.py 179): id=CC_FMNIST_C10CFG_K20_E100_DT_0_7 | Ep. 14/100 - Step 100/273 (2.3 it/s) |#######             | - loss_cc=4.638 - loss_ce=2.137 - loss_ne=0.0201 - loss_div=0.00033 - threshold=0.882 - loss=6.796
/scratch/e0538389/DivClust/engine/trainer.py:41: FutureWarning: `torch.cuda.amp.autocast(args...)` is deprecated. Please use `torch.amp.autocast('cuda', args...)` instead.
  with autocast(self.mixed_precision):
[2026-03-30 10:38:02](logger.py 179): id=CC_FMNIST_C10CFG_K20_E100_DT_0_7 | Ep. 14/100 - Step 125/273 (2.32 it/s) |#########           | - loss_cc=4.638 - loss_ce=2.137 - loss_ne=0.0198 - loss_div=0.000264 - threshold=0.885 - loss=6.795
/scratch/e0538389/DivClust/engine/trainer.py:41: FutureWarning: `torch.cuda.amp.autocast(args...)` is deprecated. Please use `torch.amp.autocast('cuda', args...)` instead.
  with autocast(self.mixed_precision):
[2026-03-30 10:38:12](logger.py 179): id=CC_FMNIST_C10CFG_K20_E100_DT_0_7 | Ep. 14/100 - Step 150/273 (2.33 it/s) |##########          | - loss_cc=4.637 - loss_ce=2.137 - loss_ne=0.02 - loss_div=0.000222 - threshold=0.888 - loss=6.794
/scratch/e0538389/DivClust/engine/trainer.py:41: FutureWarning: `torch.cuda.amp.autocast(args...)` is deprecated. Please use `torch.amp.autocast('cuda', args...)` instead.
  with autocast(self.mixed_precision):
[2026-03-30 10:38:23](logger.py 179): id=CC_FMNIST_C10CFG_K20_E100_DT_0_7 | Ep. 14/100 - Step 175/273 (2.33 it/s) |############        | - loss_cc=4.637 - loss_ce=2.137 - loss_ne=0.0195 - loss_div=0.000266 - threshold=0.888 - loss=6.794
/scratch/e0538389/DivClust/engine/trainer.py:41: FutureWarning: `torch.cuda.amp.autocast(args...)` is deprecated. Please use `torch.amp.autocast('cuda', args...)` instead.
  with autocast(self.mixed_precision):
/scratch/e0538389/DivClust/engine/trainer.py:41: FutureWarning: `torch.cuda.amp.autocast(args...)` is deprecated. Please use `torch.amp.autocast('cuda', args...)` instead.
  with autocast(self.mixed_precision):
[2026-03-30 10:38:34](logger.py 179): id=CC_FMNIST_C10CFG_K20_E100_DT_0_7 | Ep. 14/100 - Step 200/273 (2.32 it/s) |##############      | - loss_cc=4.637 - loss_ce=2.137 - loss_ne=0.0193 - loss_div=0.000346 - threshold=0.887 - loss=6.793
/scratch/e0538389/DivClust/engine/trainer.py:41: FutureWarning: `torch.cuda.amp.autocast(args...)` is deprecated. Please use `torch.amp.autocast('cuda', args...)` instead.
  with autocast(self.mixed_precision):
[2026-03-30 10:38:45](logger.py 179): id=CC_FMNIST_C10CFG_K20_E100_DT_0_7 | Ep. 14/100 - Step 225/273 (2.33 it/s) |################    | - loss_cc=4.637 - loss_ce=2.137 - loss_ne=0.0194 - loss_div=0.000415 - threshold=0.885 - loss=6.794
/scratch/e0538389/DivClust/engine/trainer.py:41: FutureWarning: `torch.cuda.amp.autocast(args...)` is deprecated. Please use `torch.amp.autocast('cuda', args...)` instead.
  with autocast(self.mixed_precision):
[2026-03-30 10:38:55](logger.py 179): id=CC_FMNIST_C10CFG_K20_E100_DT_0_7 | Ep. 14/100 - Step 250/273 (2.33 it/s) |##################  | - loss_cc=4.637 - loss_ce=2.137 - loss_ne=0.0195 - loss_div=0.000384 - threshold=0.885 - loss=6.793
/scratch/e0538389/DivClust/engine/trainer.py:41: FutureWarning: `torch.cuda.amp.autocast(args...)` is deprecated. Please use `torch.amp.autocast('cuda', args...)` instead.
  with autocast(self.mixed_precision):
[2026-03-30 10:39:05](logger.py 179): id=CC_FMNIST_C10CFG_K20_E100_DT_0_7 | Ep. 14/100 | Time: 00:01 | loss_cc=4.637 - loss_ce=2.137 - loss_ne=0.0197 - loss_div=0.000353 - threshold=0.886 - loss=6.794
[2026-03-30 10:39:08](logger.py 179): id=CC_FMNIST_C10CFG_K20_E100_DT_0_7 | Ep. 15/100 - Step 0/273 (0.0 it/s) |                    | - loss_cc=4.694 - loss_ce=2.16 - loss_ne=0.0202 - loss_div=0.0 - threshold=0.896 - loss=6.874
/scratch/e0538389/DivClust/engine/trainer.py:41: FutureWarning: `torch.cuda.amp.autocast(args...)` is deprecated. Please use `torch.amp.autocast('cuda', args...)` instead.
  with autocast(self.mixed_precision):
[2026-03-30 10:39:19](logger.py 179): id=CC_FMNIST_C10CFG_K20_E100_DT_0_7 | Ep. 15/100 - Step 25/273 (2.27 it/s) |#                   | - loss_cc=4.635 - loss_ce=2.136 - loss_ne=0.021 - loss_div=0.0 - threshold=0.903 - loss=6.792
/scratch/e0538389/DivClust/engine/trainer.py:41: FutureWarning: `torch.cuda.amp.autocast(args...)` is deprecated. Please use `torch.amp.autocast('cuda', args...)` instead.
  with autocast(self.mixed_precision):
/scratch/e0538389/DivClust/engine/trainer.py:41: FutureWarning: `torch.cuda.amp.autocast(args...)` is deprecated. Please use `torch.amp.autocast('cuda', args...)` instead.
  with autocast(self.mixed_precision):
[2026-03-30 10:39:29](logger.py 179): id=CC_FMNIST_C10CFG_K20_E100_DT_0_7 | Ep. 15/100 - Step 50/273 (2.32 it/s) |###                 | - loss_cc=4.632 - loss_ce=2.136 - loss_ne=0.0194 - loss_div=0.000198 - threshold=0.899 - loss=6.787
/scratch/e0538389/DivClust/engine/trainer.py:41: FutureWarning: `torch.cuda.amp.autocast(args...)` is deprecated. Please use `torch.amp.autocast('cuda', args...)` instead.
  with autocast(self.mixed_precision):
[2026-03-30 10:39:40](logger.py 179): id=CC_FMNIST_C10CFG_K20_E100_DT_0_7 | Ep. 15/100 - Step 75/273 (2.34 it/s) |#####               | - loss_cc=4.631 - loss_ce=2.136 - loss_ne=0.0203 - loss_div=0.000371 - threshold=0.894 - loss=6.788
/scratch/e0538389/DivClust/engine/trainer.py:41: FutureWarning: `torch.cuda.amp.autocast(args...)` is deprecated. Please use `torch.amp.autocast('cuda', args...)` instead.
  with autocast(self.mixed_precision):
[2026-03-30 10:39:50](logger.py 179): id=CC_FMNIST_C10CFG_K20_E100_DT_0_7 | Ep. 15/100 - Step 100/273 (2.35 it/s) |#######             | - loss_cc=4.63 - loss_ce=2.135 - loss_ne=0.0209 - loss_div=0.000363 - threshold=0.891 - loss=6.787
/scratch/e0538389/DivClust/engine/trainer.py:41: FutureWarning: `torch.cuda.amp.autocast(args...)` is deprecated. Please use `torch.amp.autocast('cuda', args...)` instead.
  with autocast(self.mixed_precision):
[2026-03-30 10:40:01](logger.py 179): id=CC_FMNIST_C10CFG_K20_E100_DT_0_7 | Ep. 15/100 - Step 125/273 (2.35 it/s) |#########           | - loss_cc=4.63 - loss_ce=2.135 - loss_ne=0.0209 - loss_div=0.000295 - threshold=0.892 - loss=6.786
/scratch/e0538389/DivClust/engine/trainer.py:41: FutureWarning: `torch.cuda.amp.autocast(args...)` is deprecated. Please use `torch.amp.autocast('cuda', args...)` instead.
  with autocast(self.mixed_precision):
/scratch/e0538389/DivClust/engine/trainer.py:41: FutureWarning: `torch.cuda.amp.autocast(args...)` is deprecated. Please use `torch.amp.autocast('cuda', args...)` instead.
  with autocast(self.mixed_precision):
[2026-03-30 10:40:12](logger.py 179): id=CC_FMNIST_C10CFG_K20_E100_DT_0_7 | Ep. 15/100 - Step 150/273 (2.34 it/s) |##########          | - loss_cc=4.631 - loss_ce=2.135 - loss_ne=0.0211 - loss_div=0.000248 - threshold=0.894 - loss=6.788
/scratch/e0538389/DivClust/engine/trainer.py:41: FutureWarning: `torch.cuda.amp.autocast(args...)` is deprecated. Please use `torch.amp.autocast('cuda', args...)` instead.
  with autocast(self.mixed_precision):
[2026-03-30 10:40:23](logger.py 179): id=CC_FMNIST_C10CFG_K20_E100_DT_0_7 | Ep. 15/100 - Step 175/273 (2.34 it/s) |############        | - loss_cc=4.631 - loss_ce=2.135 - loss_ne=0.0208 - loss_div=0.000277 - threshold=0.894 - loss=6.788
/scratch/e0538389/DivClust/engine/trainer.py:41: FutureWarning: `torch.cuda.amp.autocast(args...)` is deprecated. Please use `torch.amp.autocast('cuda', args...)` instead.
  with autocast(self.mixed_precision):
[2026-03-30 10:40:33](logger.py 179): id=CC_FMNIST_C10CFG_K20_E100_DT_0_7 | Ep. 15/100 - Step 200/273 (2.34 it/s) |##############      | - loss_cc=4.631 - loss_ce=2.135 - loss_ne=0.0205 - loss_div=0.000359 - threshold=0.892 - loss=6.787
/scratch/e0538389/DivClust/engine/trainer.py:41: FutureWarning: `torch.cuda.amp.autocast(args...)` is deprecated. Please use `torch.amp.autocast('cuda', args...)` instead.
  with autocast(self.mixed_precision):
[2026-03-30 10:40:44](logger.py 179): id=CC_FMNIST_C10CFG_K20_E100_DT_0_7 | Ep. 15/100 - Step 225/273 (2.32 it/s) |################    | - loss_cc=4.631 - loss_ce=2.135 - loss_ne=0.0208 - loss_div=0.000413 - threshold=0.89 - loss=6.786
/scratch/e0538389/DivClust/engine/trainer.py:41: FutureWarning: `torch.cuda.amp.autocast(args...)` is deprecated. Please use `torch.amp.autocast('cuda', args...)` instead.
  with autocast(self.mixed_precision):
/scratch/e0538389/DivClust/engine/trainer.py:41: FutureWarning: `torch.cuda.amp.autocast(args...)` is deprecated. Please use `torch.amp.autocast('cuda', args...)` instead.
  with autocast(self.mixed_precision):
[2026-03-30 10:40:55](logger.py 179): id=CC_FMNIST_C10CFG_K20_E100_DT_0_7 | Ep. 15/100 - Step 250/273 (2.32 it/s) |##################  | - loss_cc=4.63 - loss_ce=2.135 - loss_ne=0.0207 - loss_div=0.000434 - threshold=0.888 - loss=6.786
/scratch/e0538389/DivClust/engine/trainer.py:41: FutureWarning: `torch.cuda.amp.autocast(args...)` is deprecated. Please use `torch.amp.autocast('cuda', args...)` instead.
  with autocast(self.mixed_precision):
[2026-03-30 10:41:05](logger.py 179): id=CC_FMNIST_C10CFG_K20_E100_DT_0_7 | Ep. 15/100 | Time: 00:01 | loss_cc=4.63 - loss_ce=2.134 - loss_ne=0.021 - loss_div=0.000453 - threshold=0.887 - loss=6.786
[2026-03-30 10:41:07](logger.py 179): id=CC_FMNIST_C10CFG_K20_E100_DT_0_7 | Ep. 16/100 - Step 0/273 (0.0 it/s) |                    | - loss_cc=4.699 - loss_ce=2.152 - loss_ne=0.0331 - loss_div=0.000383 - threshold=0.878 - loss=6.885
/scratch/e0538389/DivClust/engine/trainer.py:41: FutureWarning: `torch.cuda.amp.autocast(args...)` is deprecated. Please use `torch.amp.autocast('cuda', args...)` instead.
  with autocast(self.mixed_precision):
[2026-03-30 10:41:17](logger.py 179): id=CC_FMNIST_C10CFG_K20_E100_DT_0_7 | Ep. 16/100 - Step 25/273 (2.32 it/s) |#                   | - loss_cc=4.634 - loss_ce=2.135 - loss_ne=0.0205 - loss_div=3.3e-05 - threshold=0.883 - loss=6.79
/scratch/e0538389/DivClust/engine/trainer.py:41: FutureWarning: `torch.cuda.amp.autocast(args...)` is deprecated. Please use `torch.amp.autocast('cuda', args...)` instead.
  with autocast(self.mixed_precision):
[2026-03-30 10:41:28](logger.py 179): id=CC_FMNIST_C10CFG_K20_E100_DT_0_7 | Ep. 16/100 - Step 50/273 (2.32 it/s) |###                 | - loss_cc=4.63 - loss_ce=2.135 - loss_ne=0.0205 - loss_div=4.98e-05 - threshold=0.888 - loss=6.785
/scratch/e0538389/DivClust/engine/trainer.py:41: FutureWarning: `torch.cuda.amp.autocast(args...)` is deprecated. Please use `torch.amp.autocast('cuda', args...)` instead.
  with autocast(self.mixed_precision):
/scratch/e0538389/DivClust/engine/trainer.py:41: FutureWarning: `torch.cuda.amp.autocast(args...)` is deprecated. Please use `torch.amp.autocast('cuda', args...)` instead.
  with autocast(self.mixed_precision):
[2026-03-30 10:41:39](logger.py 179): id=CC_FMNIST_C10CFG_K20_E100_DT_0_7 | Ep. 16/100 - Step 75/273 (2.29 it/s) |#####               | - loss_cc=4.63 - loss_ce=2.134 - loss_ne=0.0198 - loss_div=0.000241 - threshold=0.887 - loss=6.784
/scratch/e0538389/DivClust/engine/trainer.py:41: FutureWarning: `torch.cuda.amp.autocast(args...)` is deprecated. Please use `torch.amp.autocast('cuda', args...)` instead.
  with autocast(self.mixed_precision):
[2026-03-30 10:41:50](logger.py 179): id=CC_FMNIST_C10CFG_K20_E100_DT_0_7 | Ep. 16/100 - Step 100/273 (2.31 it/s) |#######             | - loss_cc=4.628 - loss_ce=2.133 - loss_ne=0.0204 - loss_div=0.000205 - threshold=0.886 - loss=6.782
/scratch/e0538389/DivClust/engine/trainer.py:41: FutureWarning: `torch.cuda.amp.autocast(args...)` is deprecated. Please use `torch.amp.autocast('cuda', args...)` instead.
  with autocast(self.mixed_precision):
[2026-03-30 10:42:01](logger.py 179): id=CC_FMNIST_C10CFG_K20_E100_DT_0_7 | Ep. 16/100 - Step 125/273 (2.31 it/s) |#########           | - loss_cc=4.628 - loss_ce=2.133 - loss_ne=0.0204 - loss_div=0.000256 - threshold=0.885 - loss=6.782
/scratch/e0538389/DivClust/engine/trainer.py:41: FutureWarning: `torch.cuda.amp.autocast(args...)` is deprecated. Please use `torch.amp.autocast('cuda', args...)` instead.
  with autocast(self.mixed_precision):
[2026-03-30 10:42:12](logger.py 179): id=CC_FMNIST_C10CFG_K20_E100_DT_0_7 | Ep. 16/100 - Step 150/273 (2.31 it/s) |##########          | - loss_cc=4.628 - loss_ce=2.133 - loss_ne=0.0203 - loss_div=0.000373 - threshold=0.883 - loss=6.782
/scratch/e0538389/DivClust/engine/trainer.py:41: FutureWarning: `torch.cuda.amp.autocast(args...)` is deprecated. Please use `torch.amp.autocast('cuda', args...)` instead.
  with autocast(self.mixed_precision):
/scratch/e0538389/DivClust/engine/trainer.py:41: FutureWarning: `torch.cuda.amp.autocast(args...)` is deprecated. Please use `torch.amp.autocast('cuda', args...)` instead.
  with autocast(self.mixed_precision):
[2026-03-30 10:42:23](logger.py 179): id=CC_FMNIST_C10CFG_K20_E100_DT_0_7 | Ep. 16/100 - Step 175/273 (2.3 it/s) |############        | - loss_cc=4.628 - loss_ce=2.133 - loss_ne=0.0203 - loss_div=0.000335 - threshold=0.882 - loss=6.781
/scratch/e0538389/DivClust/engine/trainer.py:41: FutureWarning: `torch.cuda.amp.autocast(args...)` is deprecated. Please use `torch.amp.autocast('cuda', args...)` instead.
  with autocast(self.mixed_precision):
[2026-03-30 10:42:33](logger.py 179): id=CC_FMNIST_C10CFG_K20_E100_DT_0_7 | Ep. 16/100 - Step 200/273 (2.31 it/s) |##############      | - loss_cc=4.628 - loss_ce=2.133 - loss_ne=0.0202 - loss_div=0.000295 - threshold=0.883 - loss=6.782
/scratch/e0538389/DivClust/engine/trainer.py:41: FutureWarning: `torch.cuda.amp.autocast(args...)` is deprecated. Please use `torch.amp.autocast('cuda', args...)` instead.
  with autocast(self.mixed_precision):
[2026-03-30 10:42:44](logger.py 179): id=CC_FMNIST_C10CFG_K20_E100_DT_0_7 | Ep. 16/100 - Step 225/273 (2.31 it/s) |################    | - loss_cc=4.628 - loss_ce=2.133 - loss_ne=0.0201 - loss_div=0.00028 - threshold=0.884 - loss=6.781
/scratch/e0538389/DivClust/engine/trainer.py:41: FutureWarning: `torch.cuda.amp.autocast(args...)` is deprecated. Please use `torch.amp.autocast('cuda', args...)` instead.
  with autocast(self.mixed_precision):
[2026-03-30 10:42:55](logger.py 179): id=CC_FMNIST_C10CFG_K20_E100_DT_0_7 | Ep. 16/100 - Step 250/273 (2.31 it/s) |##################  | - loss_cc=4.628 - loss_ce=2.133 - loss_ne=0.02 - loss_div=0.00032 - threshold=0.883 - loss=6.782
/scratch/e0538389/DivClust/engine/trainer.py:41: FutureWarning: `torch.cuda.amp.autocast(args...)` is deprecated. Please use `torch.amp.autocast('cuda', args...)` instead.
  with autocast(self.mixed_precision):
[2026-03-30 10:43:05](logger.py 179): id=CC_FMNIST_C10CFG_K20_E100_DT_0_7 | Ep. 16/100 | Time: 00:01 | loss_cc=4.627 - loss_ce=2.133 - loss_ne=0.0199 - loss_div=0.000294 - threshold=0.884 - loss=6.781
/scratch/e0538389/DivClust/engine/trainer.py:41: FutureWarning: `torch.cuda.amp.autocast(args...)` is deprecated. Please use `torch.amp.autocast('cuda', args...)` instead.
  with autocast(self.mixed_precision):
[2026-03-30 10:43:07](logger.py 179): id=CC_FMNIST_C10CFG_K20_E100_DT_0_7 | Ep. 17/100 - Step 0/273 (0.0 it/s) |                    | - loss_cc=4.61 - loss_ce=2.133 - loss_ne=0.0181 - loss_div=0.000743 - threshold=0.877 - loss=6.762
/scratch/e0538389/DivClust/engine/trainer.py:41: FutureWarning: `torch.cuda.amp.autocast(args...)` is deprecated. Please use `torch.amp.autocast('cuda', args...)` instead.
  with autocast(self.mixed_precision):
[2026-03-30 10:43:18](logger.py 179): id=CC_FMNIST_C10CFG_K20_E100_DT_0_7 | Ep. 17/100 - Step 25/273 (2.32 it/s) |#                   | - loss_cc=4.63 - loss_ce=2.132 - loss_ne=0.0202 - loss_div=0.00105 - threshold=0.875 - loss=6.784
/scratch/e0538389/DivClust/engine/trainer.py:41: FutureWarning: `torch.cuda.amp.autocast(args...)` is deprecated. Please use `torch.amp.autocast('cuda', args...)` instead.
  with autocast(self.mixed_precision):
[2026-03-30 10:43:29](logger.py 179): id=CC_FMNIST_C10CFG_K20_E100_DT_0_7 | Ep. 17/100 - Step 50/273 (2.31 it/s) |###                 | - loss_cc=4.627 - loss_ce=2.132 - loss_ne=0.0193 - loss_div=0.000721 - threshold=0.874 - loss=6.779
/scratch/e0538389/DivClust/engine/trainer.py:41: FutureWarning: `torch.cuda.amp.autocast(args...)` is deprecated. Please use `torch.amp.autocast('cuda', args...)` instead.
  with autocast(self.mixed_precision):
[2026-03-30 10:43:40](logger.py 179): id=CC_FMNIST_C10CFG_K20_E100_DT_0_7 | Ep. 17/100 - Step 75/273 (2.31 it/s) |#####               | - loss_cc=4.628 - loss_ce=2.133 - loss_ne=0.0203 - loss_div=0.000487 - threshold=0.877 - loss=6.782
/scratch/e0538389/DivClust/engine/trainer.py:41: FutureWarning: `torch.cuda.amp.autocast(args...)` is deprecated. Please use `torch.amp.autocast('cuda', args...)` instead.
  with autocast(self.mixed_precision):
/scratch/e0538389/DivClust/engine/trainer.py:41: FutureWarning: `torch.cuda.amp.autocast(args...)` is deprecated. Please use `torch.amp.autocast('cuda', args...)` instead.
  with autocast(self.mixed_precision):
[2026-03-30 10:43:51](logger.py 179): id=CC_FMNIST_C10CFG_K20_E100_DT_0_7 | Ep. 17/100 - Step 100/273 (2.29 it/s) |#######             | - loss_cc=4.629 - loss_ce=2.134 - loss_ne=0.0201 - loss_div=0.000522 - threshold=0.877 - loss=6.783
/scratch/e0538389/DivClust/engine/trainer.py:41: FutureWarning: `torch.cuda.amp.autocast(args...)` is deprecated. Please use `torch.amp.autocast('cuda', args...)` instead.
  with autocast(self.mixed_precision):
[2026-03-30 10:44:01](logger.py 179): id=CC_FMNIST_C10CFG_K20_E100_DT_0_7 | Ep. 17/100 - Step 125/273 (2.31 it/s) |#########           | - loss_cc=4.627 - loss_ce=2.134 - loss_ne=0.02 - loss_div=0.000526 - threshold=0.876 - loss=6.781
/scratch/e0538389/DivClust/engine/trainer.py:41: FutureWarning: `torch.cuda.amp.autocast(args...)` is deprecated. Please use `torch.amp.autocast('cuda', args...)` instead.
  with autocast(self.mixed_precision):
[2026-03-30 10:44:12](logger.py 179): id=CC_FMNIST_C10CFG_K20_E100_DT_0_7 | Ep. 17/100 - Step 150/273 (2.32 it/s) |##########          | - loss_cc=4.626 - loss_ce=2.134 - loss_ne=0.0201 - loss_div=0.00046 - threshold=0.877 - loss=6.78
/scratch/e0538389/DivClust/engine/trainer.py:41: FutureWarning: `torch.cuda.amp.autocast(args...)` is deprecated. Please use `torch.amp.autocast('cuda', args...)` instead.
  with autocast(self.mixed_precision):
[2026-03-30 10:44:23](logger.py 179): id=CC_FMNIST_C10CFG_K20_E100_DT_0_7 | Ep. 17/100 - Step 175/273 (2.32 it/s) |############        | - loss_cc=4.627 - loss_ce=2.134 - loss_ne=0.0201 - loss_div=0.000398 - threshold=0.879 - loss=6.782
/scratch/e0538389/DivClust/engine/trainer.py:41: FutureWarning: `torch.cuda.amp.autocast(args...)` is deprecated. Please use `torch.amp.autocast('cuda', args...)` instead.
  with autocast(self.mixed_precision):
/scratch/e0538389/DivClust/engine/trainer.py:41: FutureWarning: `torch.cuda.amp.autocast(args...)` is deprecated. Please use `torch.amp.autocast('cuda', args...)` instead.
  with autocast(self.mixed_precision):
[2026-03-30 10:44:34](logger.py 179): id=CC_FMNIST_C10CFG_K20_E100_DT_0_7 | Ep. 17/100 - Step 200/273 (2.31 it/s) |##############      | - loss_cc=4.626 - loss_ce=2.133 - loss_ne=0.0202 - loss_div=0.000356 - threshold=0.882 - loss=6.78
/scratch/e0538389/DivClust/engine/trainer.py:41: FutureWarning: `torch.cuda.amp.autocast(args...)` is deprecated. Please use `torch.amp.autocast('cuda', args...)` instead.
  with autocast(self.mixed_precision):
[2026-03-30 10:44:45](logger.py 179): id=CC_FMNIST_C10CFG_K20_E100_DT_0_7 | Ep. 17/100 - Step 225/273 (2.31 it/s) |################    | - loss_cc=4.626 - loss_ce=2.133 - loss_ne=0.0201 - loss_div=0.00034 - threshold=0.883 - loss=6.78
/scratch/e0538389/DivClust/engine/trainer.py:41: FutureWarning: `torch.cuda.amp.autocast(args...)` is deprecated. Please use `torch.amp.autocast('cuda', args...)` instead.
  with autocast(self.mixed_precision):
[2026-03-30 10:44:55](logger.py 179): id=CC_FMNIST_C10CFG_K20_E100_DT_0_7 | Ep. 17/100 - Step 250/273 (2.31 it/s) |##################  | - loss_cc=4.625 - loss_ce=2.133 - loss_ne=0.0199 - loss_div=0.000356 - threshold=0.883 - loss=6.778
/scratch/e0538389/DivClust/engine/trainer.py:41: FutureWarning: `torch.cuda.amp.autocast(args...)` is deprecated. Please use `torch.amp.autocast('cuda', args...)` instead.
  with autocast(self.mixed_precision):
[2026-03-30 10:45:05](logger.py 179): id=CC_FMNIST_C10CFG_K20_E100_DT_0_7 | Ep. 17/100 | Time: 00:01 | loss_cc=4.625 - loss_ce=2.132 - loss_ne=0.02 - loss_div=0.000407 - threshold=0.882 - loss=6.778
[2026-03-30 10:45:08](logger.py 179): id=CC_FMNIST_C10CFG_K20_E100_DT_0_7 | Ep. 18/100 - Step 0/273 (0.0 it/s) |                    | - loss_cc=4.661 - loss_ce=2.15 - loss_ne=0.0223 - loss_div=0.000872 - threshold=0.868 - loss=6.834
/scratch/e0538389/DivClust/engine/trainer.py:41: FutureWarning: `torch.cuda.amp.autocast(args...)` is deprecated. Please use `torch.amp.autocast('cuda', args...)` instead.
  with autocast(self.mixed_precision):
[2026-03-30 10:45:18](logger.py 179): id=CC_FMNIST_C10CFG_K20_E100_DT_0_7 | Ep. 18/100 - Step 25/273 (2.31 it/s) |#                   | - loss_cc=4.624 - loss_ce=2.133 - loss_ne=0.02 - loss_div=0.000156 - threshold=0.875 - loss=6.777
/scratch/e0538389/DivClust/engine/trainer.py:41: FutureWarning: `torch.cuda.amp.autocast(args...)` is deprecated. Please use `torch.amp.autocast('cuda', args...)` instead.
  with autocast(self.mixed_precision):
/scratch/e0538389/DivClust/engine/trainer.py:41: FutureWarning: `torch.cuda.amp.autocast(args...)` is deprecated. Please use `torch.amp.autocast('cuda', args...)` instead.
  with autocast(self.mixed_precision):
[2026-03-30 10:45:30](logger.py 179): id=CC_FMNIST_C10CFG_K20_E100_DT_0_7 | Ep. 18/100 - Step 50/273 (2.26 it/s) |###                 | - loss_cc=4.62 - loss_ce=2.131 - loss_ne=0.0199 - loss_div=8.29e-05 - threshold=0.881 - loss=6.772
/scratch/e0538389/DivClust/engine/trainer.py:41: FutureWarning: `torch.cuda.amp.autocast(args...)` is deprecated. Please use `torch.amp.autocast('cuda', args...)` instead.
  with autocast(self.mixed_precision):
[2026-03-30 10:45:40](logger.py 179): id=CC_FMNIST_C10CFG_K20_E100_DT_0_7 | Ep. 18/100 - Step 75/273 (2.29 it/s) |#####               | - loss_cc=4.619 - loss_ce=2.131 - loss_ne=0.02 - loss_div=0.000122 - threshold=0.884 - loss=6.769
/scratch/e0538389/DivClust/engine/trainer.py:41: FutureWarning: `torch.cuda.amp.autocast(args...)` is deprecated. Please use `torch.amp.autocast('cuda', args...)` instead.
  with autocast(self.mixed_precision):
[2026-03-30 10:45:51](logger.py 179): id=CC_FMNIST_C10CFG_K20_E100_DT_0_7 | Ep. 18/100 - Step 100/273 (2.3 it/s) |#######             | - loss_cc=4.619 - loss_ce=2.131 - loss_ne=0.0195 - loss_div=0.000211 - threshold=0.883 - loss=6.769
/scratch/e0538389/DivClust/engine/trainer.py:41: FutureWarning: `torch.cuda.amp.autocast(args...)` is deprecated. Please use `torch.amp.autocast('cuda', args...)` instead.
  with autocast(self.mixed_precision):
[2026-03-30 10:46:02](logger.py 179): id=CC_FMNIST_C10CFG_K20_E100_DT_0_7 | Ep. 18/100 - Step 125/273 (2.3 it/s) |#########           | - loss_cc=4.619 - loss_ce=2.131 - loss_ne=0.0197 - loss_div=0.000381 - threshold=0.88 - loss=6.769
/scratch/e0538389/DivClust/engine/trainer.py:41: FutureWarning: `torch.cuda.amp.autocast(args...)` is deprecated. Please use `torch.amp.autocast('cuda', args...)` instead.
  with autocast(self.mixed_precision):
/scratch/e0538389/DivClust/engine/trainer.py:41: FutureWarning: `torch.cuda.amp.autocast(args...)` is deprecated. Please use `torch.amp.autocast('cuda', args...)` instead.
  with autocast(self.mixed_precision):
[2026-03-30 10:46:13](logger.py 179): id=CC_FMNIST_C10CFG_K20_E100_DT_0_7 | Ep. 18/100 - Step 150/273 (2.29 it/s) |##########          | - loss_cc=4.618 - loss_ce=2.13 - loss_ne=0.0198 - loss_div=0.000514 - threshold=0.877 - loss=6.769
/scratch/e0538389/DivClust/engine/trainer.py:41: FutureWarning: `torch.cuda.amp.autocast(args...)` is deprecated. Please use `torch.amp.autocast('cuda', args...)` instead.
  with autocast(self.mixed_precision):
[2026-03-30 10:46:24](logger.py 179): id=CC_FMNIST_C10CFG_K20_E100_DT_0_7 | Ep. 18/100 - Step 175/273 (2.29 it/s) |############        | - loss_cc=4.618 - loss_ce=2.13 - loss_ne=0.0198 - loss_div=0.000463 - threshold=0.876 - loss=6.768
/scratch/e0538389/DivClust/engine/trainer.py:41: FutureWarning: `torch.cuda.amp.autocast(args...)` is deprecated. Please use `torch.amp.autocast('cuda', args...)` instead.
  with autocast(self.mixed_precision):
[2026-03-30 10:46:35](logger.py 179): id=CC_FMNIST_C10CFG_K20_E100_DT_0_7 | Ep. 18/100 - Step 200/273 (2.3 it/s) |##############      | - loss_cc=4.618 - loss_ce=2.13 - loss_ne=0.0198 - loss_div=0.000412 - threshold=0.877 - loss=6.768
/scratch/e0538389/DivClust/engine/trainer.py:41: FutureWarning: `torch.cuda.amp.autocast(args...)` is deprecated. Please use `torch.amp.autocast('cuda', args...)` instead.
  with autocast(self.mixed_precision):
[2026-03-30 10:46:46](logger.py 179): id=CC_FMNIST_C10CFG_K20_E100_DT_0_7 | Ep. 18/100 - Step 225/273 (2.3 it/s) |################    | - loss_cc=4.618 - loss_ce=2.13 - loss_ne=0.0197 - loss_div=0.000372 - threshold=0.879 - loss=6.768
/scratch/e0538389/DivClust/engine/trainer.py:41: FutureWarning: `torch.cuda.amp.autocast(args...)` is deprecated. Please use `torch.amp.autocast('cuda', args...)` instead.
  with autocast(self.mixed_precision):
/scratch/e0538389/DivClust/engine/trainer.py:41: FutureWarning: `torch.cuda.amp.autocast(args...)` is deprecated. Please use `torch.amp.autocast('cuda', args...)` instead.
  with autocast(self.mixed_precision):
[2026-03-30 10:46:57](logger.py 179): id=CC_FMNIST_C10CFG_K20_E100_DT_0_7 | Ep. 18/100 - Step 250/273 (2.29 it/s) |##################  | - loss_cc=4.618 - loss_ce=2.13 - loss_ne=0.0193 - loss_div=0.000377 - threshold=0.879 - loss=6.767
/scratch/e0538389/DivClust/engine/trainer.py:41: FutureWarning: `torch.cuda.amp.autocast(args...)` is deprecated. Please use `torch.amp.autocast('cuda', args...)` instead.
  with autocast(self.mixed_precision):
[2026-03-30 10:47:06](logger.py 179): id=CC_FMNIST_C10CFG_K20_E100_DT_0_7 | Ep. 18/100 | Time: 00:01 | loss_cc=4.618 - loss_ce=2.13 - loss_ne=0.0193 - loss_div=0.000378 - threshold=0.879 - loss=6.768
[2026-03-30 10:47:08](logger.py 179): id=CC_FMNIST_C10CFG_K20_E100_DT_0_7 | Ep. 19/100 - Step 0/273 (0.0 it/s) |                    | - loss_cc=4.637 - loss_ce=2.136 - loss_ne=0.0197 - loss_div=0.0 - threshold=0.885 - loss=6.793
/scratch/e0538389/DivClust/engine/trainer.py:41: FutureWarning: `torch.cuda.amp.autocast(args...)` is deprecated. Please use `torch.amp.autocast('cuda', args...)` instead.
  with autocast(self.mixed_precision):
[2026-03-30 10:47:19](logger.py 179): id=CC_FMNIST_C10CFG_K20_E100_DT_0_7 | Ep. 19/100 - Step 25/273 (2.31 it/s) |#                   | - loss_cc=4.612 - loss_ce=2.129 - loss_ne=0.0208 - loss_div=0.000253 - threshold=0.881 - loss=6.761
/scratch/e0538389/DivClust/engine/trainer.py:41: FutureWarning: `torch.cuda.amp.autocast(args...)` is deprecated. Please use `torch.amp.autocast('cuda', args...)` instead.
  with autocast(self.mixed_precision):
[2026-03-30 10:47:30](logger.py 179): id=CC_FMNIST_C10CFG_K20_E100_DT_0_7 | Ep. 19/100 - Step 50/273 (2.31 it/s) |###                 | - loss_cc=4.613 - loss_ce=2.129 - loss_ne=0.0205 - loss_div=0.000589 - threshold=0.875 - loss=6.763
/scratch/e0538389/DivClust/engine/trainer.py:41: FutureWarning: `torch.cuda.amp.autocast(args...)` is deprecated. Please use `torch.amp.autocast('cuda', args...)` instead.
  with autocast(self.mixed_precision):
/scratch/e0538389/DivClust/engine/trainer.py:41: FutureWarning: `torch.cuda.amp.autocast(args...)` is deprecated. Please use `torch.amp.autocast('cuda', args...)` instead.
  with autocast(self.mixed_precision):
[2026-03-30 10:47:41](logger.py 179): id=CC_FMNIST_C10CFG_K20_E100_DT_0_7 | Ep. 19/100 - Step 75/273 (2.31 it/s) |#####               | - loss_cc=4.613 - loss_ce=2.129 - loss_ne=0.0198 - loss_div=0.000439 - threshold=0.876 - loss=6.762
/scratch/e0538389/DivClust/engine/trainer.py:41: FutureWarning: `torch.cuda.amp.autocast(args...)` is deprecated. Please use `torch.amp.autocast('cuda', args...)` instead.
  with autocast(self.mixed_precision):
[2026-03-30 10:47:52](logger.py 179): id=CC_FMNIST_C10CFG_K20_E100_DT_0_7 | Ep. 19/100 - Step 100/273 (2.31 it/s) |#######             | - loss_cc=4.615 - loss_ce=2.129 - loss_ne=0.0202 - loss_div=0.000368 - threshold=0.877 - loss=6.765
/scratch/e0538389/DivClust/engine/trainer.py:41: FutureWarning: `torch.cuda.amp.autocast(args...)` is deprecated. Please use `torch.amp.autocast('cuda', args...)` instead.
  with autocast(self.mixed_precision):
[2026-03-30 10:48:02](logger.py 179): id=CC_FMNIST_C10CFG_K20_E100_DT_0_7 | Ep. 19/100 - Step 125/273 (2.33 it/s) |#########           | - loss_cc=4.614 - loss_ce=2.128 - loss_ne=0.0201 - loss_div=0.000321 - threshold=0.878 - loss=6.763
/scratch/e0538389/DivClust/engine/trainer.py:41: FutureWarning: `torch.cuda.amp.autocast(args...)` is deprecated. Please use `torch.amp.autocast('cuda', args...)` instead.
  with autocast(self.mixed_precision):
[2026-03-30 10:48:13](logger.py 179): id=CC_FMNIST_C10CFG_K20_E100_DT_0_7 | Ep. 19/100 - Step 150/273 (2.33 it/s) |##########          | - loss_cc=4.613 - loss_ce=2.128 - loss_ne=0.0203 - loss_div=0.000323 - threshold=0.878 - loss=6.762
/scratch/e0538389/DivClust/engine/trainer.py:41: FutureWarning: `torch.cuda.amp.autocast(args...)` is deprecated. Please use `torch.amp.autocast('cuda', args...)` instead.
  with autocast(self.mixed_precision):
/scratch/e0538389/DivClust/engine/trainer.py:41: FutureWarning: `torch.cuda.amp.autocast(args...)` is deprecated. Please use `torch.amp.autocast('cuda', args...)` instead.
  with autocast(self.mixed_precision):
[2026-03-30 10:48:24](logger.py 179): id=CC_FMNIST_C10CFG_K20_E100_DT_0_7 | Ep. 19/100 - Step 175/273 (2.33 it/s) |############        | - loss_cc=4.614 - loss_ce=2.129 - loss_ne=0.0204 - loss_div=0.000396 - threshold=0.877 - loss=6.763
/scratch/e0538389/DivClust/engine/trainer.py:41: FutureWarning: `torch.cuda.amp.autocast(args...)` is deprecated. Please use `torch.amp.autocast('cuda', args...)` instead.
  with autocast(self.mixed_precision):
[2026-03-30 10:48:34](logger.py 179): id=CC_FMNIST_C10CFG_K20_E100_DT_0_7 | Ep. 19/100 - Step 200/273 (2.34 it/s) |##############      | - loss_cc=4.613 - loss_ce=2.128 - loss_ne=0.0208 - loss_div=0.000352 - threshold=0.877 - loss=6.762
/scratch/e0538389/DivClust/engine/trainer.py:41: FutureWarning: `torch.cuda.amp.autocast(args...)` is deprecated. Please use `torch.amp.autocast('cuda', args...)` instead.
  with autocast(self.mixed_precision):
[2026-03-30 10:48:45](logger.py 179): id=CC_FMNIST_C10CFG_K20_E100_DT_0_7 | Ep. 19/100 - Step 225/273 (2.34 it/s) |################    | - loss_cc=4.613 - loss_ce=2.128 - loss_ne=0.0207 - loss_div=0.000315 - threshold=0.878 - loss=6.762
/scratch/e0538389/DivClust/engine/trainer.py:41: FutureWarning: `torch.cuda.amp.autocast(args...)` is deprecated. Please use `torch.amp.autocast('cuda', args...)` instead.
  with autocast(self.mixed_precision):
[2026-03-30 10:48:55](logger.py 179): id=CC_FMNIST_C10CFG_K20_E100_DT_0_7 | Ep. 19/100 - Step 250/273 (2.34 it/s) |##################  | - loss_cc=4.612 - loss_ce=2.128 - loss_ne=0.0206 - loss_div=0.000288 - threshold=0.879 - loss=6.761
/scratch/e0538389/DivClust/engine/trainer.py:41: FutureWarning: `torch.cuda.amp.autocast(args...)` is deprecated. Please use `torch.amp.autocast('cuda', args...)` instead.
  with autocast(self.mixed_precision):
[2026-03-30 10:49:04](logger.py 179): id=CC_FMNIST_C10CFG_K20_E100_DT_0_7 | Ep. 19/100 | Time: 00:01 | loss_cc=4.613 - loss_ce=2.128 - loss_ne=0.0207 - loss_div=0.000315 - threshold=0.879 - loss=6.762
[2026-03-30 10:49:07](logger.py 179): id=CC_FMNIST_C10CFG_K20_E100_DT_0_7 | Ep. 20/100 - Step 0/273 (0.0 it/s) |                    | - loss_cc=4.622 - loss_ce=2.134 - loss_ne=0.0208 - loss_div=0.0 - threshold=0.884 - loss=6.777
/scratch/e0538389/DivClust/engine/trainer.py:41: FutureWarning: `torch.cuda.amp.autocast(args...)` is deprecated. Please use `torch.amp.autocast('cuda', args...)` instead.
  with autocast(self.mixed_precision):
/scratch/e0538389/DivClust/engine/trainer.py:41: FutureWarning: `torch.cuda.amp.autocast(args...)` is deprecated. Please use `torch.amp.autocast('cuda', args...)` instead.
  with autocast(self.mixed_precision):
[2026-03-30 10:49:18](logger.py 179): id=CC_FMNIST_C10CFG_K20_E100_DT_0_7 | Ep. 20/100 - Step 25/273 (2.38 it/s) |#                   | - loss_cc=4.612 - loss_ce=2.127 - loss_ne=0.0189 - loss_div=3.53e-06 - threshold=0.882 - loss=6.757
/scratch/e0538389/DivClust/engine/trainer.py:41: FutureWarning: `torch.cuda.amp.autocast(args...)` is deprecated. Please use `torch.amp.autocast('cuda', args...)` instead.
  with autocast(self.mixed_precision):
[2026-03-30 10:49:29](logger.py 179): id=CC_FMNIST_C10CFG_K20_E100_DT_0_7 | Ep. 20/100 - Step 50/273 (2.35 it/s) |###                 | - loss_cc=4.611 - loss_ce=2.127 - loss_ne=0.0176 - loss_div=0.000688 - threshold=0.877 - loss=6.756
/scratch/e0538389/DivClust/engine/trainer.py:41: FutureWarning: `torch.cuda.amp.autocast(args...)` is deprecated. Please use `torch.amp.autocast('cuda', args...)` instead.
  with autocast(self.mixed_precision):
[2026-03-30 10:49:39](logger.py 179): id=CC_FMNIST_C10CFG_K20_E100_DT_0_7 | Ep. 20/100 - Step 75/273 (2.34 it/s) |#####               | - loss_cc=4.613 - loss_ce=2.128 - loss_ne=0.0185 - loss_div=0.00051 - threshold=0.876 - loss=6.76
/scratch/e0538389/DivClust/engine/trainer.py:41: FutureWarning: `torch.cuda.amp.autocast(args...)` is deprecated. Please use `torch.amp.autocast('cuda', args...)` instead.
  with autocast(self.mixed_precision):
[2026-03-30 10:49:51](logger.py 179): id=CC_FMNIST_C10CFG_K20_E100_DT_0_7 | Ep. 20/100 - Step 100/273 (2.31 it/s) |#######             | - loss_cc=4.613 - loss_ce=2.128 - loss_ne=0.0192 - loss_div=0.00039 - threshold=0.877 - loss=6.76
/scratch/e0538389/DivClust/engine/trainer.py:41: FutureWarning: `torch.cuda.amp.autocast(args...)` is deprecated. Please use `torch.amp.autocast('cuda', args...)` instead.
  with autocast(self.mixed_precision):
/scratch/e0538389/DivClust/engine/trainer.py:41: FutureWarning: `torch.cuda.amp.autocast(args...)` is deprecated. Please use `torch.amp.autocast('cuda', args...)` instead.
  with autocast(self.mixed_precision):
[2026-03-30 10:50:01](logger.py 179): id=CC_FMNIST_C10CFG_K20_E100_DT_0_7 | Ep. 20/100 - Step 125/273 (2.31 it/s) |#########           | - loss_cc=4.612 - loss_ce=2.127 - loss_ne=0.0197 - loss_div=0.000418 - threshold=0.876 - loss=6.759
/scratch/e0538389/DivClust/engine/trainer.py:41: FutureWarning: `torch.cuda.amp.autocast(args...)` is deprecated. Please use `torch.amp.autocast('cuda', args...)` instead.
  with autocast(self.mixed_precision):
[2026-03-30 10:50:12](logger.py 179): id=CC_FMNIST_C10CFG_K20_E100_DT_0_7 | Ep. 20/100 - Step 150/273 (2.31 it/s) |##########          | - loss_cc=4.611 - loss_ce=2.127 - loss_ne=0.0199 - loss_div=0.000409 - threshold=0.875 - loss=6.759
/scratch/e0538389/DivClust/engine/trainer.py:41: FutureWarning: `torch.cuda.amp.autocast(args...)` is deprecated. Please use `torch.amp.autocast('cuda', args...)` instead.
  with autocast(self.mixed_precision):
[2026-03-30 10:50:23](logger.py 179): id=CC_FMNIST_C10CFG_K20_E100_DT_0_7 | Ep. 20/100 - Step 175/273 (2.31 it/s) |############        | - loss_cc=4.612 - loss_ce=2.127 - loss_ne=0.0199 - loss_div=0.00043 - threshold=0.875 - loss=6.76
/scratch/e0538389/DivClust/engine/trainer.py:41: FutureWarning: `torch.cuda.amp.autocast(args...)` is deprecated. Please use `torch.amp.autocast('cuda', args...)` instead.
  with autocast(self.mixed_precision):
[2026-03-30 10:50:34](logger.py 179): id=CC_FMNIST_C10CFG_K20_E100_DT_0_7 | Ep. 20/100 - Step 200/273 (2.3 it/s) |##############      | - loss_cc=4.612 - loss_ce=2.128 - loss_ne=0.0199 - loss_div=0.000547 - threshold=0.873 - loss=6.761
/scratch/e0538389/DivClust/engine/trainer.py:41: FutureWarning: `torch.cuda.amp.autocast(args...)` is deprecated. Please use `torch.amp.autocast('cuda', args...)` instead.
  with autocast(self.mixed_precision):
/scratch/e0538389/DivClust/engine/trainer.py:41: FutureWarning: `torch.cuda.amp.autocast(args...)` is deprecated. Please use `torch.amp.autocast('cuda', args...)` instead.
  with autocast(self.mixed_precision):
[2026-03-30 10:50:45](logger.py 179): id=CC_FMNIST_C10CFG_K20_E100_DT_0_7 | Ep. 20/100 - Step 225/273 (2.3 it/s) |################    | - loss_cc=4.612 - loss_ce=2.128 - loss_ne=0.02 - loss_div=0.000488 - threshold=0.872 - loss=6.76
/scratch/e0538389/DivClust/engine/trainer.py:41: FutureWarning: `torch.cuda.amp.autocast(args...)` is deprecated. Please use `torch.amp.autocast('cuda', args...)` instead.
  with autocast(self.mixed_precision):
[2026-03-30 10:50:56](logger.py 179): id=CC_FMNIST_C10CFG_K20_E100_DT_0_7 | Ep. 20/100 - Step 250/273 (2.3 it/s) |##################  | - loss_cc=4.611 - loss_ce=2.127 - loss_ne=0.02 - loss_div=0.000439 - threshold=0.873 - loss=6.759
/scratch/e0538389/DivClust/engine/trainer.py:41: FutureWarning: `torch.cuda.amp.autocast(args...)` is deprecated. Please use `torch.amp.autocast('cuda', args...)` instead.
  with autocast(self.mixed_precision):
[2026-03-30 10:51:05](logger.py 179): Evaluating
[2026-03-30 10:51:06](logger.py 179): Eval. step 0 of 274
[2026-03-30 10:51:08](logger.py 179): Eval. step 25 of 274
[2026-03-30 10:51:11](logger.py 179): Eval. step 50 of 274
[2026-03-30 10:51:13](logger.py 179): Eval. step 75 of 274
[2026-03-30 10:51:15](logger.py 179): Eval. step 100 of 274
[2026-03-30 10:51:18](logger.py 179): Eval. step 125 of 274
[2026-03-30 10:51:20](logger.py 179): Eval. step 150 of 274
[2026-03-30 10:51:22](logger.py 179): Eval. step 175 of 274
[2026-03-30 10:51:25](logger.py 179): Eval. step 200 of 274
[2026-03-30 10:51:27](logger.py 179): Eval. step 225 of 274
[2026-03-30 10:51:29](logger.py 179): Eval. step 250 of 274
[2026-03-30 10:51:34](logger.py 179): id=CC_FMNIST_C10CFG_K20_E100_DT_0_7 | Ep. 20/100 | Time: 00:02 | loss_cc=4.611 - loss_ce=2.127 - loss_ne=0.02 - loss_div=0.000423 - threshold=0.873 - loss=6.759 - eval_confidence=0.878 - cluster_acc_0_eval=55.7 - cluster_nmi_0_eval=0.536 - cluster_ari_0_eval=0.365 - cluster_acc_1_eval=50.0 - cluster_nmi_1_eval=0.496 - cluster_ari_1_eval=0.314 - cluster_acc_2_eval=51.25 - cluster_nmi_2_eval=0.507 - cluster_ari_2_eval=0.35 - cluster_acc_3_eval=54.86 - cluster_nmi_3_eval=0.539 - cluster_ari_3_eval=0.39 - cluster_acc_4_eval=58.22 - cluster_nmi_4_eval=0.552 - cluster_ari_4_eval=0.431 - cluster_acc_5_eval=63.01 - cluster_nmi_5_eval=0.612 - cluster_ari_5_eval=0.492 - cluster_acc_6_eval=55.99 - cluster_nmi_6_eval=0.557 - cluster_ari_6_eval=0.41 - cluster_acc_7_eval=54.17 - cluster_nmi_7_eval=0.539 - cluster_ari_7_eval=0.354 - cluster_acc_8_eval=53.1 - cluster_nmi_8_eval=0.54 - cluster_ari_8_eval=0.344 - cluster_acc_9_eval=60.31 - cluster_nmi_9_eval=0.581 - cluster_ari_9_eval=0.439 - cluster_acc_10_eval=55.68 - cluster_nmi_10_eval=0.532 - cluster_ari_10_eval=0.371 - cluster_acc_11_eval=48.55 - cluster_nmi_11_eval=0.497 - cluster_ari_11_eval=0.3 - cluster_acc_12_eval=52.58 - cluster_nmi_12_eval=0.539 - cluster_ari_12_eval=0.364 - cluster_acc_13_eval=61.43 - cluster_nmi_13_eval=0.618 - cluster_ari_13_eval=0.466 - cluster_acc_14_eval=60.22 - cluster_nmi_14_eval=0.578 - cluster_ari_14_eval=0.429 - cluster_acc_15_eval=61.79 - cluster_nmi_15_eval=0.582 - cluster_ari_15_eval=0.443 - cluster_acc_16_eval=55.75 - cluster_nmi_16_eval=0.563 - cluster_ari_16_eval=0.369 - cluster_acc_17_eval=60.8 - cluster_nmi_17_eval=0.59 - cluster_ari_17_eval=0.45 - cluster_acc_18_eval=57.17 - cluster_nmi_18_eval=0.589 - cluster_ari_18_eval=0.429 - cluster_acc_19_eval=60.46 - cluster_nmi_19_eval=0.605 - cluster_ari_19_eval=0.456 - max_cluster_acc_eval=63.01 - mean_cluster_acc_eval=56.55 - min_cluster_acc_eval=48.55 - max_cluster_nmi_eval=0.618 - mean_cluster_nmi_eval=0.558 - min_cluster_nmi_eval=0.496 - max_cluster_ari_eval=0.492 - mean_cluster_ari_eval=0.398 - min_cluster_ari_eval=0.3 - interclustering_nmi_eval=0.667
/scratch/e0538389/DivClust/engine/trainer.py:41: FutureWarning: `torch.cuda.amp.autocast(args...)` is deprecated. Please use `torch.amp.autocast('cuda', args...)` instead.
  with autocast(self.mixed_precision):
[2026-03-30 10:51:36](logger.py 179): id=CC_FMNIST_C10CFG_K20_E100_DT_0_7 | Ep. 21/100 - Step 0/273 (0.0 it/s) |                    | - loss_cc=4.589 - loss_ce=2.123 - loss_ne=0.0225 - loss_div=0.0 - threshold=0.875 - loss=6.735
/scratch/e0538389/DivClust/engine/trainer.py:41: FutureWarning: `torch.cuda.amp.autocast(args...)` is deprecated. Please use `torch.amp.autocast('cuda', args...)` instead.
  with autocast(self.mixed_precision):
[2026-03-30 10:51:47](logger.py 179): id=CC_FMNIST_C10CFG_K20_E100_DT_0_7 | Ep. 21/100 - Step 25/273 (2.32 it/s) |#                   | - loss_cc=4.606 - loss_ce=2.124 - loss_ne=0.0215 - loss_div=7.69e-05 - threshold=0.881 - loss=6.751
/scratch/e0538389/DivClust/engine/trainer.py:41: FutureWarning: `torch.cuda.amp.autocast(args...)` is deprecated. Please use `torch.amp.autocast('cuda', args...)` instead.
  with autocast(self.mixed_precision):
/scratch/e0538389/DivClust/engine/trainer.py:41: FutureWarning: `torch.cuda.amp.autocast(args...)` is deprecated. Please use `torch.amp.autocast('cuda', args...)` instead.
  with autocast(self.mixed_precision):
[2026-03-30 10:51:57](logger.py 179): id=CC_FMNIST_C10CFG_K20_E100_DT_0_7 | Ep. 21/100 - Step 50/273 (2.31 it/s) |###                 | - loss_cc=4.606 - loss_ce=2.125 - loss_ne=0.0215 - loss_div=0.000359 - threshold=0.878 - loss=6.753
/scratch/e0538389/DivClust/engine/trainer.py:41: FutureWarning: `torch.cuda.amp.autocast(args...)` is deprecated. Please use `torch.amp.autocast('cuda', args...)` instead.
  with autocast(self.mixed_precision):
[2026-03-30 10:52:08](logger.py 179): id=CC_FMNIST_C10CFG_K20_E100_DT_0_7 | Ep. 21/100 - Step 75/273 (2.31 it/s) |#####               | - loss_cc=4.605 - loss_ce=2.125 - loss_ne=0.0206 - loss_div=0.000397 - threshold=0.875 - loss=6.751
/scratch/e0538389/DivClust/engine/trainer.py:41: FutureWarning: `torch.cuda.amp.autocast(args...)` is deprecated. Please use `torch.amp.autocast('cuda', args...)` instead.
  with autocast(self.mixed_precision):
[2026-03-30 10:52:19](logger.py 179): id=CC_FMNIST_C10CFG_K20_E100_DT_0_7 | Ep. 21/100 - Step 100/273 (2.31 it/s) |#######             | - loss_cc=4.606 - loss_ce=2.125 - loss_ne=0.0205 - loss_div=0.00032 - threshold=0.876 - loss=6.752
/scratch/e0538389/DivClust/engine/trainer.py:41: FutureWarning: `torch.cuda.amp.autocast(args...)` is deprecated. Please use `torch.amp.autocast('cuda', args...)` instead.
  with autocast(self.mixed_precision):
[2026-03-30 10:52:30](logger.py 179): id=CC_FMNIST_C10CFG_K20_E100_DT_0_7 | Ep. 21/100 - Step 125/273 (2.31 it/s) |#########           | - loss_cc=4.607 - loss_ce=2.126 - loss_ne=0.0206 - loss_div=0.000326 - threshold=0.876 - loss=6.754
/scratch/e0538389/DivClust/engine/trainer.py:41: FutureWarning: `torch.cuda.amp.autocast(args...)` is deprecated. Please use `torch.amp.autocast('cuda', args...)` instead.
  with autocast(self.mixed_precision):
/scratch/e0538389/DivClust/engine/trainer.py:41: FutureWarning: `torch.cuda.amp.autocast(args...)` is deprecated. Please use `torch.amp.autocast('cuda', args...)` instead.
  with autocast(self.mixed_precision):
[2026-03-30 10:52:41](logger.py 179): id=CC_FMNIST_C10CFG_K20_E100_DT_0_7 | Ep. 21/100 - Step 150/273 (2.3 it/s) |##########          | - loss_cc=4.611 - loss_ce=2.127 - loss_ne=0.0208 - loss_div=0.000321 - threshold=0.877 - loss=6.759
/scratch/e0538389/DivClust/engine/trainer.py:41: FutureWarning: `torch.cuda.amp.autocast(args...)` is deprecated. Please use `torch.amp.autocast('cuda', args...)` instead.
  with autocast(self.mixed_precision):
[2026-03-30 10:52:52](logger.py 179): id=CC_FMNIST_C10CFG_K20_E100_DT_0_7 | Ep. 21/100 - Step 175/273 (2.31 it/s) |############        | - loss_cc=4.612 - loss_ce=2.128 - loss_ne=0.0208 - loss_div=0.00034 - threshold=0.876 - loss=6.76
/scratch/e0538389/DivClust/engine/trainer.py:41: FutureWarning: `torch.cuda.amp.autocast(args...)` is deprecated. Please use `torch.amp.autocast('cuda', args...)` instead.
  with autocast(self.mixed_precision):
[2026-03-30 10:53:02](logger.py 179): id=CC_FMNIST_C10CFG_K20_E100_DT_0_7 | Ep. 21/100 - Step 200/273 (2.32 it/s) |##############      | - loss_cc=4.612 - loss_ce=2.128 - loss_ne=0.0209 - loss_div=0.000339 - threshold=0.876 - loss=6.761
/scratch/e0538389/DivClust/engine/trainer.py:41: FutureWarning: `torch.cuda.amp.autocast(args...)` is deprecated. Please use `torch.amp.autocast('cuda', args...)` instead.
  with autocast(self.mixed_precision):
[2026-03-30 10:53:13](logger.py 179): id=CC_FMNIST_C10CFG_K20_E100_DT_0_7 | Ep. 21/100 - Step 225/273 (2.32 it/s) |################    | - loss_cc=4.611 - loss_ce=2.127 - loss_ne=0.0209 - loss_div=0.000308 - threshold=0.876 - loss=6.759
/scratch/e0538389/DivClust/engine/trainer.py:41: FutureWarning: `torch.cuda.amp.autocast(args...)` is deprecated. Please use `torch.amp.autocast('cuda', args...)` instead.
  with autocast(self.mixed_precision):
/scratch/e0538389/DivClust/engine/trainer.py:41: FutureWarning: `torch.cuda.amp.autocast(args...)` is deprecated. Please use `torch.amp.autocast('cuda', args...)` instead.
  with autocast(self.mixed_precision):
[2026-03-30 10:53:24](logger.py 179): id=CC_FMNIST_C10CFG_K20_E100_DT_0_7 | Ep. 21/100 - Step 250/273 (2.32 it/s) |##################  | - loss_cc=4.611 - loss_ce=2.128 - loss_ne=0.0211 - loss_div=0.000338 - threshold=0.876 - loss=6.76
/scratch/e0538389/DivClust/engine/trainer.py:41: FutureWarning: `torch.cuda.amp.autocast(args...)` is deprecated. Please use `torch.amp.autocast('cuda', args...)` instead.
  with autocast(self.mixed_precision):
[2026-03-30 10:53:33](logger.py 179): id=CC_FMNIST_C10CFG_K20_E100_DT_0_7 | Ep. 21/100 | Time: 00:01 | loss_cc=4.611 - loss_ce=2.128 - loss_ne=0.0208 - loss_div=0.000356 - threshold=0.875 - loss=6.76
[2026-03-30 10:53:35](logger.py 179): id=CC_FMNIST_C10CFG_K20_E100_DT_0_7 | Ep. 22/100 - Step 0/273 (0.0 it/s) |                    | - loss_cc=4.629 - loss_ce=2.133 - loss_ne=0.0175 - loss_div=0.000108 - threshold=0.874 - loss=6.779
/scratch/e0538389/DivClust/engine/trainer.py:41: FutureWarning: `torch.cuda.amp.autocast(args...)` is deprecated. Please use `torch.amp.autocast('cuda', args...)` instead.
  with autocast(self.mixed_precision):
[2026-03-30 10:53:46](logger.py 179): id=CC_FMNIST_C10CFG_K20_E100_DT_0_7 | Ep. 22/100 - Step 25/273 (2.27 it/s) |#                   | - loss_cc=4.607 - loss_ce=2.126 - loss_ne=0.0224 - loss_div=0.000223 - threshold=0.87 - loss=6.755
/scratch/e0538389/DivClust/engine/trainer.py:41: FutureWarning: `torch.cuda.amp.autocast(args...)` is deprecated. Please use `torch.amp.autocast('cuda', args...)` instead.
  with autocast(self.mixed_precision):
[2026-03-30 10:53:57](logger.py 179): id=CC_FMNIST_C10CFG_K20_E100_DT_0_7 | Ep. 22/100 - Step 50/273 (2.29 it/s) |###                 | - loss_cc=4.609 - loss_ce=2.127 - loss_ne=0.0204 - loss_div=0.000198 - threshold=0.871 - loss=6.757
/scratch/e0538389/DivClust/engine/trainer.py:41: FutureWarning: `torch.cuda.amp.autocast(args...)` is deprecated. Please use `torch.amp.autocast('cuda', args...)` instead.
  with autocast(self.mixed_precision):
/scratch/e0538389/DivClust/engine/trainer.py:41: FutureWarning: `torch.cuda.amp.autocast(args...)` is deprecated. Please use `torch.amp.autocast('cuda', args...)` instead.
  with autocast(self.mixed_precision):
[2026-03-30 10:54:08](logger.py 179): id=CC_FMNIST_C10CFG_K20_E100_DT_0_7 | Ep. 22/100 - Step 75/273 (2.28 it/s) |#####               | - loss_cc=4.606 - loss_ce=2.126 - loss_ne=0.0207 - loss_div=0.000153 - threshold=0.874 - loss=6.753
/scratch/e0538389/DivClust/engine/trainer.py:41: FutureWarning: `torch.cuda.amp.autocast(args...)` is deprecated. Please use `torch.amp.autocast('cuda', args...)` instead.
  with autocast(self.mixed_precision):
[2026-03-30 10:54:19](logger.py 179): id=CC_FMNIST_C10CFG_K20_E100_DT_0_7 | Ep. 22/100 - Step 100/273 (2.29 it/s) |#######             | - loss_cc=4.607 - loss_ce=2.126 - loss_ne=0.02 - loss_div=0.000308 - threshold=0.874 - loss=6.754
/scratch/e0538389/DivClust/engine/trainer.py:41: FutureWarning: `torch.cuda.amp.autocast(args...)` is deprecated. Please use `torch.amp.autocast('cuda', args...)` instead.
  with autocast(self.mixed_precision):
[2026-03-30 10:54:29](logger.py 179): id=CC_FMNIST_C10CFG_K20_E100_DT_0_7 | Ep. 22/100 - Step 125/273 (2.29 it/s) |#########           | - loss_cc=4.607 - loss_ce=2.126 - loss_ne=0.0198 - loss_div=0.000315 - threshold=0.873 - loss=6.753
/scratch/e0538389/DivClust/engine/trainer.py:41: FutureWarning: `torch.cuda.amp.autocast(args...)` is deprecated. Please use `torch.amp.autocast('cuda', args...)` instead.
  with autocast(self.mixed_precision):
[2026-03-30 10:54:40](logger.py 179): id=CC_FMNIST_C10CFG_K20_E100_DT_0_7 | Ep. 22/100 - Step 150/273 (2.3 it/s) |##########          | - loss_cc=4.606 - loss_ce=2.126 - loss_ne=0.0196 - loss_div=0.000317 - threshold=0.872 - loss=6.752
/scratch/e0538389/DivClust/engine/trainer.py:41: FutureWarning: `torch.cuda.amp.autocast(args...)` is deprecated. Please use `torch.amp.autocast('cuda', args...)` instead.
  with autocast(self.mixed_precision):
/scratch/e0538389/DivClust/engine/trainer.py:41: FutureWarning: `torch.cuda.amp.autocast(args...)` is deprecated. Please use `torch.amp.autocast('cuda', args...)` instead.
  with autocast(self.mixed_precision):
[2026-03-30 10:54:51](logger.py 179): id=CC_FMNIST_C10CFG_K20_E100_DT_0_7 | Ep. 22/100 - Step 175/273 (2.3 it/s) |############        | - loss_cc=4.605 - loss_ce=2.126 - loss_ne=0.0194 - loss_div=0.000327 - threshold=0.872 - loss=6.751
/scratch/e0538389/DivClust/engine/trainer.py:41: FutureWarning: `torch.cuda.amp.autocast(args...)` is deprecated. Please use `torch.amp.autocast('cuda', args...)` instead.
  with autocast(self.mixed_precision):
[2026-03-30 10:55:01](logger.py 179): id=CC_FMNIST_C10CFG_K20_E100_DT_0_7 | Ep. 22/100 - Step 200/273 (2.31 it/s) |##############      | - loss_cc=4.606 - loss_ce=2.126 - loss_ne=0.0194 - loss_div=0.000395 - threshold=0.871 - loss=6.751
/scratch/e0538389/DivClust/engine/trainer.py:41: FutureWarning: `torch.cuda.amp.autocast(args...)` is deprecated. Please use `torch.amp.autocast('cuda', args...)` instead.
  with autocast(self.mixed_precision):
[2026-03-30 10:55:12](logger.py 179): id=CC_FMNIST_C10CFG_K20_E100_DT_0_7 | Ep. 22/100 - Step 225/273 (2.32 it/s) |################    | - loss_cc=4.605 - loss_ce=2.126 - loss_ne=0.0194 - loss_div=0.000391 - threshold=0.87 - loss=6.751
/scratch/e0538389/DivClust/engine/trainer.py:41: FutureWarning: `torch.cuda.amp.autocast(args...)` is deprecated. Please use `torch.amp.autocast('cuda', args...)` instead.
  with autocast(self.mixed_precision):
[2026-03-30 10:55:23](logger.py 179): id=CC_FMNIST_C10CFG_K20_E100_DT_0_7 | Ep. 22/100 - Step 250/273 (2.32 it/s) |##################  | - loss_cc=4.605 - loss_ce=2.126 - loss_ne=0.0193 - loss_div=0.000357 - threshold=0.87 - loss=6.75
/scratch/e0538389/DivClust/engine/trainer.py:41: FutureWarning: `torch.cuda.amp.autocast(args...)` is deprecated. Please use `torch.amp.autocast('cuda', args...)` instead.
  with autocast(self.mixed_precision):
[2026-03-30 10:55:32](logger.py 179): id=CC_FMNIST_C10CFG_K20_E100_DT_0_7 | Ep. 22/100 | Time: 00:01 | loss_cc=4.605 - loss_ce=2.125 - loss_ne=0.0193 - loss_div=0.000329 - threshold=0.871 - loss=6.75
[2026-03-30 10:55:34](logger.py 179): id=CC_FMNIST_C10CFG_K20_E100_DT_0_7 | Ep. 23/100 - Step 0/273 (0.0 it/s) |                    | - loss_cc=4.616 - loss_ce=2.123 - loss_ne=0.0136 - loss_div=0.0 - threshold=0.883 - loss=6.752
/scratch/e0538389/DivClust/engine/trainer.py:41: FutureWarning: `torch.cuda.amp.autocast(args...)` is deprecated. Please use `torch.amp.autocast('cuda', args...)` instead.
  with autocast(self.mixed_precision):
/scratch/e0538389/DivClust/engine/trainer.py:41: FutureWarning: `torch.cuda.amp.autocast(args...)` is deprecated. Please use `torch.amp.autocast('cuda', args...)` instead.
  with autocast(self.mixed_precision):
[2026-03-30 10:55:46](logger.py 179): id=CC_FMNIST_C10CFG_K20_E100_DT_0_7 | Ep. 23/100 - Step 25/273 (2.21 it/s) |#                   | - loss_cc=4.602 - loss_ce=2.125 - loss_ne=0.0202 - loss_div=0.000326 - threshold=0.872 - loss=6.747
/scratch/e0538389/DivClust/engine/trainer.py:41: FutureWarning: `torch.cuda.amp.autocast(args...)` is deprecated. Please use `torch.amp.autocast('cuda', args...)` instead.
  with autocast(self.mixed_precision):
[2026-03-30 10:55:56](logger.py 179): id=CC_FMNIST_C10CFG_K20_E100_DT_0_7 | Ep. 23/100 - Step 50/273 (2.26 it/s) |###                 | - loss_cc=4.602 - loss_ce=2.124 - loss_ne=0.0205 - loss_div=0.000309 - threshold=0.871 - loss=6.747
/scratch/e0538389/DivClust/engine/trainer.py:41: FutureWarning: `torch.cuda.amp.autocast(args...)` is deprecated. Please use `torch.amp.autocast('cuda', args...)` instead.
  with autocast(self.mixed_precision):
[2026-03-30 10:56:07](logger.py 179): id=CC_FMNIST_C10CFG_K20_E100_DT_0_7 | Ep. 23/100 - Step 75/273 (2.28 it/s) |#####               | - loss_cc=4.601 - loss_ce=2.124 - loss_ne=0.021 - loss_div=0.000447 - threshold=0.87 - loss=6.746
/scratch/e0538389/DivClust/engine/trainer.py:41: FutureWarning: `torch.cuda.amp.autocast(args...)` is deprecated. Please use `torch.amp.autocast('cuda', args...)` instead.
  with autocast(self.mixed_precision):
[2026-03-30 10:56:18](logger.py 179): id=CC_FMNIST_C10CFG_K20_E100_DT_0_7 | Ep. 23/100 - Step 100/273 (2.29 it/s) |#######             | - loss_cc=4.598 - loss_ce=2.123 - loss_ne=0.0208 - loss_div=0.000504 - threshold=0.867 - loss=6.743
/scratch/e0538389/DivClust/engine/trainer.py:41: FutureWarning: `torch.cuda.amp.autocast(args...)` is deprecated. Please use `torch.amp.autocast('cuda', args...)` instead.
  with autocast(self.mixed_precision):
/scratch/e0538389/DivClust/engine/trainer.py:41: FutureWarning: `torch.cuda.amp.autocast(args...)` is deprecated. Please use `torch.amp.autocast('cuda', args...)` instead.
  with autocast(self.mixed_precision):
[2026-03-30 10:56:29](logger.py 179): id=CC_FMNIST_C10CFG_K20_E100_DT_0_7 | Ep. 23/100 - Step 125/273 (2.29 it/s) |#########           | - loss_cc=4.598 - loss_ce=2.123 - loss_ne=0.0203 - loss_div=0.000415 - threshold=0.867 - loss=6.741
/scratch/e0538389/DivClust/engine/trainer.py:41: FutureWarning: `torch.cuda.amp.autocast(args...)` is deprecated. Please use `torch.amp.autocast('cuda', args...)` instead.
  with autocast(self.mixed_precision):
[2026-03-30 10:56:40](logger.py 179): id=CC_FMNIST_C10CFG_K20_E100_DT_0_7 | Ep. 23/100 - Step 150/273 (2.29 it/s) |##########          | - loss_cc=4.598 - loss_ce=2.123 - loss_ne=0.0202 - loss_div=0.000358 - threshold=0.869 - loss=6.742
/scratch/e0538389/DivClust/engine/trainer.py:41: FutureWarning: `torch.cuda.amp.autocast(args...)` is deprecated. Please use `torch.amp.autocast('cuda', args...)` instead.
  with autocast(self.mixed_precision):
[2026-03-30 10:56:50](logger.py 179): id=CC_FMNIST_C10CFG_K20_E100_DT_0_7 | Ep. 23/100 - Step 175/273 (2.3 it/s) |############        | - loss_cc=4.598 - loss_ce=2.123 - loss_ne=0.0195 - loss_div=0.000356 - threshold=0.87 - loss=6.74
/scratch/e0538389/DivClust/engine/trainer.py:41: FutureWarning: `torch.cuda.amp.autocast(args...)` is deprecated. Please use `torch.amp.autocast('cuda', args...)` instead.
  with autocast(self.mixed_precision):
[2026-03-30 10:57:01](logger.py 179): id=CC_FMNIST_C10CFG_K20_E100_DT_0_7 | Ep. 23/100 - Step 200/273 (2.3 it/s) |##############      | - loss_cc=4.598 - loss_ce=2.123 - loss_ne=0.0199 - loss_div=0.00036 - threshold=0.869 - loss=6.741
/scratch/e0538389/DivClust/engine/trainer.py:41: FutureWarning: `torch.cuda.amp.autocast(args...)` is deprecated. Please use `torch.amp.autocast('cuda', args...)` instead.
  with autocast(self.mixed_precision):
/scratch/e0538389/DivClust/engine/trainer.py:41: FutureWarning: `torch.cuda.amp.autocast(args...)` is deprecated. Please use `torch.amp.autocast('cuda', args...)` instead.
  with autocast(self.mixed_precision):
[2026-03-30 10:57:12](logger.py 179): id=CC_FMNIST_C10CFG_K20_E100_DT_0_7 | Ep. 23/100 - Step 225/273 (2.29 it/s) |################    | - loss_cc=4.598 - loss_ce=2.123 - loss_ne=0.0201 - loss_div=0.00035 - threshold=0.87 - loss=6.742
/scratch/e0538389/DivClust/engine/trainer.py:41: FutureWarning: `torch.cuda.amp.autocast(args...)` is deprecated. Please use `torch.amp.autocast('cuda', args...)` instead.
  with autocast(self.mixed_precision):
[2026-03-30 10:57:23](logger.py 179): id=CC_FMNIST_C10CFG_K20_E100_DT_0_7 | Ep. 23/100 - Step 250/273 (2.3 it/s) |##################  | - loss_cc=4.599 - loss_ce=2.123 - loss_ne=0.0199 - loss_div=0.000368 - threshold=0.869 - loss=6.742
/scratch/e0538389/DivClust/engine/trainer.py:41: FutureWarning: `torch.cuda.amp.autocast(args...)` is deprecated. Please use `torch.amp.autocast('cuda', args...)` instead.
  with autocast(self.mixed_precision):
[2026-03-30 10:57:32](logger.py 179): id=CC_FMNIST_C10CFG_K20_E100_DT_0_7 | Ep. 23/100 | Time: 00:01 | loss_cc=4.599 - loss_ce=2.123 - loss_ne=0.02 - loss_div=0.000371 - threshold=0.868 - loss=6.743
[2026-03-30 10:57:34](logger.py 179): id=CC_FMNIST_C10CFG_K20_E100_DT_0_7 | Ep. 24/100 - Step 0/273 (0.0 it/s) |                    | - loss_cc=4.573 - loss_ce=2.116 - loss_ne=0.0114 - loss_div=0.00349 - threshold=0.865 - loss=6.704
/scratch/e0538389/DivClust/engine/trainer.py:41: FutureWarning: `torch.cuda.amp.autocast(args...)` is deprecated. Please use `torch.amp.autocast('cuda', args...)` instead.
  with autocast(self.mixed_precision):
[2026-03-30 10:57:45](logger.py 179): id=CC_FMNIST_C10CFG_K20_E100_DT_0_7 | Ep. 24/100 - Step 25/273 (2.25 it/s) |#                   | - loss_cc=4.595 - loss_ce=2.122 - loss_ne=0.018 - loss_div=0.000155 - threshold=0.871 - loss=6.735
/scratch/e0538389/DivClust/engine/trainer.py:41: FutureWarning: `torch.cuda.amp.autocast(args...)` is deprecated. Please use `torch.amp.autocast('cuda', args...)` instead.
  with autocast(self.mixed_precision):
/scratch/e0538389/DivClust/engine/trainer.py:41: FutureWarning: `torch.cuda.amp.autocast(args...)` is deprecated. Please use `torch.amp.autocast('cuda', args...)` instead.
  with autocast(self.mixed_precision):
[2026-03-30 10:57:56](logger.py 179): id=CC_FMNIST_C10CFG_K20_E100_DT_0_7 | Ep. 24/100 - Step 50/273 (2.29 it/s) |###                 | - loss_cc=4.6 - loss_ce=2.124 - loss_ne=0.0198 - loss_div=0.000551 - threshold=0.867 - loss=6.744
/scratch/e0538389/DivClust/engine/trainer.py:41: FutureWarning: `torch.cuda.amp.autocast(args...)` is deprecated. Please use `torch.amp.autocast('cuda', args...)` instead.
  with autocast(self.mixed_precision):
[2026-03-30 10:58:07](logger.py 179): id=CC_FMNIST_C10CFG_K20_E100_DT_0_7 | Ep. 24/100 - Step 75/273 (2.3 it/s) |#####               | - loss_cc=4.598 - loss_ce=2.123 - loss_ne=0.0195 - loss_div=0.000509 - threshold=0.864 - loss=6.741
/scratch/e0538389/DivClust/engine/trainer.py:41: FutureWarning: `torch.cuda.amp.autocast(args...)` is deprecated. Please use `torch.amp.autocast('cuda', args...)` instead.
  with autocast(self.mixed_precision):
[2026-03-30 10:58:18](logger.py 179): id=CC_FMNIST_C10CFG_K20_E100_DT_0_7 | Ep. 24/100 - Step 100/273 (2.31 it/s) |#######             | - loss_cc=4.596 - loss_ce=2.122 - loss_ne=0.0202 - loss_div=0.000397 - threshold=0.866 - loss=6.739
/scratch/e0538389/DivClust/engine/trainer.py:41: FutureWarning: `torch.cuda.amp.autocast(args...)` is deprecated. Please use `torch.amp.autocast('cuda', args...)` instead.
  with autocast(self.mixed_precision):
[2026-03-30 10:58:29](logger.py 179): id=CC_FMNIST_C10CFG_K20_E100_DT_0_7 | Ep. 24/100 - Step 125/273 (2.3 it/s) |#########           | - loss_cc=4.597 - loss_ce=2.123 - loss_ne=0.0198 - loss_div=0.000319 - threshold=0.868 - loss=6.74
/scratch/e0538389/DivClust/engine/trainer.py:41: FutureWarning: `torch.cuda.amp.autocast(args...)` is deprecated. Please use `torch.amp.autocast('cuda', args...)` instead.
  with autocast(self.mixed_precision):
/scratch/e0538389/DivClust/engine/trainer.py:41: FutureWarning: `torch.cuda.amp.autocast(args...)` is deprecated. Please use `torch.amp.autocast('cuda', args...)` instead.
  with autocast(self.mixed_precision):
[2026-03-30 10:58:40](logger.py 179): id=CC_FMNIST_C10CFG_K20_E100_DT_0_7 | Ep. 24/100 - Step 150/273 (2.29 it/s) |##########          | - loss_cc=4.596 - loss_ce=2.122 - loss_ne=0.0196 - loss_div=0.000269 - threshold=0.872 - loss=6.738
/scratch/e0538389/DivClust/engine/trainer.py:41: FutureWarning: `torch.cuda.amp.autocast(args...)` is deprecated. Please use `torch.amp.autocast('cuda', args...)` instead.
  with autocast(self.mixed_precision):
[2026-03-30 10:58:51](logger.py 179): id=CC_FMNIST_C10CFG_K20_E100_DT_0_7 | Ep. 24/100 - Step 175/273 (2.29 it/s) |############        | - loss_cc=4.596 - loss_ce=2.122 - loss_ne=0.0194 - loss_div=0.000245 - threshold=0.873 - loss=6.738
/scratch/e0538389/DivClust/engine/trainer.py:41: FutureWarning: `torch.cuda.amp.autocast(args...)` is deprecated. Please use `torch.amp.autocast('cuda', args...)` instead.
  with autocast(self.mixed_precision):
[2026-03-30 10:59:02](logger.py 179): id=CC_FMNIST_C10CFG_K20_E100_DT_0_7 | Ep. 24/100 - Step 200/273 (2.29 it/s) |##############      | - loss_cc=4.596 - loss_ce=2.122 - loss_ne=0.0195 - loss_div=0.000305 - threshold=0.872 - loss=6.738
/scratch/e0538389/DivClust/engine/trainer.py:41: FutureWarning: `torch.cuda.amp.autocast(args...)` is deprecated. Please use `torch.amp.autocast('cuda', args...)` instead.
  with autocast(self.mixed_precision):
[2026-03-30 10:59:12](logger.py 179): id=CC_FMNIST_C10CFG_K20_E100_DT_0_7 | Ep. 24/100 - Step 225/273 (2.3 it/s) |################    | - loss_cc=4.597 - loss_ce=2.122 - loss_ne=0.0191 - loss_div=0.000279 - threshold=0.872 - loss=6.739
/scratch/e0538389/DivClust/engine/trainer.py:41: FutureWarning: `torch.cuda.amp.autocast(args...)` is deprecated. Please use `torch.amp.autocast('cuda', args...)` instead.
  with autocast(self.mixed_precision):
/scratch/e0538389/DivClust/engine/trainer.py:41: FutureWarning: `torch.cuda.amp.autocast(args...)` is deprecated. Please use `torch.amp.autocast('cuda', args...)` instead.
  with autocast(self.mixed_precision):
[2026-03-30 10:59:23](logger.py 179): id=CC_FMNIST_C10CFG_K20_E100_DT_0_7 | Ep. 24/100 - Step 250/273 (2.29 it/s) |##################  | - loss_cc=4.597 - loss_ce=2.122 - loss_ne=0.019 - loss_div=0.000257 - threshold=0.873 - loss=6.738
/scratch/e0538389/DivClust/engine/trainer.py:41: FutureWarning: `torch.cuda.amp.autocast(args...)` is deprecated. Please use `torch.amp.autocast('cuda', args...)` instead.
  with autocast(self.mixed_precision):
[2026-03-30 10:59:33](logger.py 179): id=CC_FMNIST_C10CFG_K20_E100_DT_0_7 | Ep. 24/100 | Time: 00:01 | loss_cc=4.597 - loss_ce=2.123 - loss_ne=0.019 - loss_div=0.000261 - threshold=0.873 - loss=6.739
[2026-03-30 10:59:35](logger.py 179): id=CC_FMNIST_C10CFG_K20_E100_DT_0_7 | Ep. 25/100 - Step 0/273 (0.0 it/s) |                    | - loss_cc=4.627 - loss_ce=2.132 - loss_ne=0.0455 - loss_div=0.000381 - threshold=0.864 - loss=6.805
/scratch/e0538389/DivClust/engine/trainer.py:41: FutureWarning: `torch.cuda.amp.autocast(args...)` is deprecated. Please use `torch.amp.autocast('cuda', args...)` instead.
  with autocast(self.mixed_precision):
[2026-03-30 10:59:46](logger.py 179): id=CC_FMNIST_C10CFG_K20_E100_DT_0_7 | Ep. 25/100 - Step 25/273 (2.31 it/s) |#                   | - loss_cc=4.598 - loss_ce=2.123 - loss_ne=0.024 - loss_div=0.000861 - threshold=0.86 - loss=6.747
/scratch/e0538389/DivClust/engine/trainer.py:41: FutureWarning: `torch.cuda.amp.autocast(args...)` is deprecated. Please use `torch.amp.autocast('cuda', args...)` instead.
  with autocast(self.mixed_precision):
[2026-03-30 10:59:57](logger.py 179): id=CC_FMNIST_C10CFG_K20_E100_DT_0_7 | Ep. 25/100 - Step 50/273 (2.31 it/s) |###                 | - loss_cc=4.595 - loss_ce=2.122 - loss_ne=0.0216 - loss_div=0.00057 - threshold=0.861 - loss=6.739
/scratch/e0538389/DivClust/engine/trainer.py:41: FutureWarning: `torch.cuda.amp.autocast(args...)` is deprecated. Please use `torch.amp.autocast('cuda', args...)` instead.
  with autocast(self.mixed_precision):
[2026-03-30 11:00:08](logger.py 179): id=CC_FMNIST_C10CFG_K20_E100_DT_0_7 | Ep. 25/100 - Step 75/273 (2.28 it/s) |#####               | - loss_cc=4.596 - loss_ce=2.122 - loss_ne=0.0204 - loss_div=0.000411 - threshold=0.864 - loss=6.74
/scratch/e0538389/DivClust/engine/trainer.py:41: FutureWarning: `torch.cuda.amp.autocast(args...)` is deprecated. Please use `torch.amp.autocast('cuda', args...)` instead.
  with autocast(self.mixed_precision):
/scratch/e0538389/DivClust/engine/trainer.py:41: FutureWarning: `torch.cuda.amp.autocast(args...)` is deprecated. Please use `torch.amp.autocast('cuda', args...)` instead.
  with autocast(self.mixed_precision):
[2026-03-30 11:00:19](logger.py 179): id=CC_FMNIST_C10CFG_K20_E100_DT_0_7 | Ep. 25/100 - Step 100/273 (2.29 it/s) |#######             | - loss_cc=4.595 - loss_ce=2.122 - loss_ne=0.0201 - loss_div=0.00031 - threshold=0.868 - loss=6.737
/scratch/e0538389/DivClust/engine/trainer.py:41: FutureWarning: `torch.cuda.amp.autocast(args...)` is deprecated. Please use `torch.amp.autocast('cuda', args...)` instead.
  with autocast(self.mixed_precision):
[2026-03-30 11:00:30](logger.py 179): id=CC_FMNIST_C10CFG_K20_E100_DT_0_7 | Ep. 25/100 - Step 125/273 (2.29 it/s) |#########           | - loss_cc=4.595 - loss_ce=2.122 - loss_ne=0.0198 - loss_div=0.000364 - threshold=0.868 - loss=6.737
/scratch/e0538389/DivClust/engine/trainer.py:41: FutureWarning: `torch.cuda.amp.autocast(args...)` is deprecated. Please use `torch.amp.autocast('cuda', args...)` instead.
  with autocast(self.mixed_precision):
[2026-03-30 11:00:41](logger.py 179): id=CC_FMNIST_C10CFG_K20_E100_DT_0_7 | Ep. 25/100 - Step 150/273 (2.29 it/s) |##########          | - loss_cc=4.595 - loss_ce=2.122 - loss_ne=0.02 - loss_div=0.000435 - threshold=0.866 - loss=6.738
/scratch/e0538389/DivClust/engine/trainer.py:41: FutureWarning: `torch.cuda.amp.autocast(args...)` is deprecated. Please use `torch.amp.autocast('cuda', args...)` instead.
  with autocast(self.mixed_precision):
[2026-03-30 11:00:52](logger.py 179): id=CC_FMNIST_C10CFG_K20_E100_DT_0_7 | Ep. 25/100 - Step 175/273 (2.28 it/s) |############        | - loss_cc=4.597 - loss_ce=2.122 - loss_ne=0.0199 - loss_div=0.000417 - threshold=0.866 - loss=6.74
/scratch/e0538389/DivClust/engine/trainer.py:41: FutureWarning: `torch.cuda.amp.autocast(args...)` is deprecated. Please use `torch.amp.autocast('cuda', args...)` instead.
  with autocast(self.mixed_precision):
/scratch/e0538389/DivClust/engine/trainer.py:41: FutureWarning: `torch.cuda.amp.autocast(args...)` is deprecated. Please use `torch.amp.autocast('cuda', args...)` instead.
  with autocast(self.mixed_precision):
[2026-03-30 11:01:03](logger.py 179): id=CC_FMNIST_C10CFG_K20_E100_DT_0_7 | Ep. 25/100 - Step 200/273 (2.29 it/s) |##############      | - loss_cc=4.595 - loss_ce=2.122 - loss_ne=0.0197 - loss_div=0.000376 - threshold=0.866 - loss=6.737
/scratch/e0538389/DivClust/engine/trainer.py:41: FutureWarning: `torch.cuda.amp.autocast(args...)` is deprecated. Please use `torch.amp.autocast('cuda', args...)` instead.
  with autocast(self.mixed_precision):
[2026-03-30 11:01:13](logger.py 179): id=CC_FMNIST_C10CFG_K20_E100_DT_0_7 | Ep. 25/100 - Step 225/273 (2.29 it/s) |################    | - loss_cc=4.595 - loss_ce=2.122 - loss_ne=0.0195 - loss_div=0.000466 - threshold=0.866 - loss=6.736
/scratch/e0538389/DivClust/engine/trainer.py:41: FutureWarning: `torch.cuda.amp.autocast(args...)` is deprecated. Please use `torch.amp.autocast('cuda', args...)` instead.
  with autocast(self.mixed_precision):
[2026-03-30 11:01:24](logger.py 179): id=CC_FMNIST_C10CFG_K20_E100_DT_0_7 | Ep. 25/100 - Step 250/273 (2.29 it/s) |##################  | - loss_cc=4.595 - loss_ce=2.122 - loss_ne=0.0196 - loss_div=0.000444 - threshold=0.865 - loss=6.737
/scratch/e0538389/DivClust/engine/trainer.py:41: FutureWarning: `torch.cuda.amp.autocast(args...)` is deprecated. Please use `torch.amp.autocast('cuda', args...)` instead.
  with autocast(self.mixed_precision):
[2026-03-30 11:01:34](logger.py 179): id=CC_FMNIST_C10CFG_K20_E100_DT_0_7 | Ep. 25/100 | Time: 00:01 | loss_cc=4.595 - loss_ce=2.122 - loss_ne=0.0194 - loss_div=0.000413 - threshold=0.866 - loss=6.737
[2026-03-30 11:01:37](logger.py 179): id=CC_FMNIST_C10CFG_K20_E100_DT_0_7 | Ep. 26/100 - Step 0/273 (0.0 it/s) |                    | - loss_cc=4.558 - loss_ce=2.101 - loss_ne=0.0133 - loss_div=0.0 - threshold=0.872 - loss=6.673
/scratch/e0538389/DivClust/engine/trainer.py:41: FutureWarning: `torch.cuda.amp.autocast(args...)` is deprecated. Please use `torch.amp.autocast('cuda', args...)` instead.
  with autocast(self.mixed_precision):
/scratch/e0538389/DivClust/engine/trainer.py:41: FutureWarning: `torch.cuda.amp.autocast(args...)` is deprecated. Please use `torch.amp.autocast('cuda', args...)` instead.
  with autocast(self.mixed_precision):
[2026-03-30 11:01:48](logger.py 179): id=CC_FMNIST_C10CFG_K20_E100_DT_0_7 | Ep. 26/100 - Step 25/273 (2.21 it/s) |#                   | - loss_cc=4.592 - loss_ce=2.12 - loss_ne=0.0196 - loss_div=8.32e-05 - threshold=0.879 - loss=6.731
/scratch/e0538389/DivClust/engine/trainer.py:41: FutureWarning: `torch.cuda.amp.autocast(args...)` is deprecated. Please use `torch.amp.autocast('cuda', args...)` instead.
  with autocast(self.mixed_precision):
[2026-03-30 11:01:59](logger.py 179): id=CC_FMNIST_C10CFG_K20_E100_DT_0_7 | Ep. 26/100 - Step 50/273 (2.26 it/s) |###                 | - loss_cc=4.589 - loss_ce=2.119 - loss_ne=0.0184 - loss_div=0.000342 - threshold=0.874 - loss=6.727
/scratch/e0538389/DivClust/engine/trainer.py:41: FutureWarning: `torch.cuda.amp.autocast(args...)` is deprecated. Please use `torch.amp.autocast('cuda', args...)` instead.
  with autocast(self.mixed_precision):
[2026-03-30 11:02:10](logger.py 179): id=CC_FMNIST_C10CFG_K20_E100_DT_0_7 | Ep. 26/100 - Step 75/273 (2.28 it/s) |#####               | - loss_cc=4.59 - loss_ce=2.12 - loss_ne=0.0189 - loss_div=0.000266 - threshold=0.872 - loss=6.73
/scratch/e0538389/DivClust/engine/trainer.py:41: FutureWarning: `torch.cuda.amp.autocast(args...)` is deprecated. Please use `torch.amp.autocast('cuda', args...)` instead.
  with autocast(self.mixed_precision):
[2026-03-30 11:02:20](logger.py 179): id=CC_FMNIST_C10CFG_K20_E100_DT_0_7 | Ep. 26/100 - Step 100/273 (2.3 it/s) |#######             | - loss_cc=4.592 - loss_ce=2.12 - loss_ne=0.0188 - loss_div=0.000208 - threshold=0.874 - loss=6.731
/scratch/e0538389/DivClust/engine/trainer.py:41: FutureWarning: `torch.cuda.amp.autocast(args...)` is deprecated. Please use `torch.amp.autocast('cuda', args...)` instead.
  with autocast(self.mixed_precision):
/scratch/e0538389/DivClust/engine/trainer.py:41: FutureWarning: `torch.cuda.amp.autocast(args...)` is deprecated. Please use `torch.amp.autocast('cuda', args...)` instead.
  with autocast(self.mixed_precision):
[2026-03-30 11:02:32](logger.py 179): id=CC_FMNIST_C10CFG_K20_E100_DT_0_7 | Ep. 26/100 - Step 125/273 (2.28 it/s) |#########           | - loss_cc=4.591 - loss_ce=2.12 - loss_ne=0.0189 - loss_div=0.000205 - threshold=0.873 - loss=6.73
/scratch/e0538389/DivClust/engine/trainer.py:41: FutureWarning: `torch.cuda.amp.autocast(args...)` is deprecated. Please use `torch.amp.autocast('cuda', args...)` instead.
  with autocast(self.mixed_precision):
[2026-03-30 11:02:42](logger.py 179): id=CC_FMNIST_C10CFG_K20_E100_DT_0_7 | Ep. 26/100 - Step 150/273 (2.29 it/s) |##########          | - loss_cc=4.59 - loss_ce=2.12 - loss_ne=0.0192 - loss_div=0.000305 - threshold=0.871 - loss=6.73
/scratch/e0538389/DivClust/engine/trainer.py:41: FutureWarning: `torch.cuda.amp.autocast(args...)` is deprecated. Please use `torch.amp.autocast('cuda', args...)` instead.
  with autocast(self.mixed_precision):
[2026-03-30 11:02:53](logger.py 179): id=CC_FMNIST_C10CFG_K20_E100_DT_0_7 | Ep. 26/100 - Step 175/273 (2.29 it/s) |############        | - loss_cc=4.591 - loss_ce=2.121 - loss_ne=0.0194 - loss_div=0.000303 - threshold=0.869 - loss=6.731
/scratch/e0538389/DivClust/engine/trainer.py:41: FutureWarning: `torch.cuda.amp.autocast(args...)` is deprecated. Please use `torch.amp.autocast('cuda', args...)` instead.
  with autocast(self.mixed_precision):
[2026-03-30 11:03:04](logger.py 179): id=CC_FMNIST_C10CFG_K20_E100_DT_0_7 | Ep. 26/100 - Step 200/273 (2.29 it/s) |##############      | - loss_cc=4.591 - loss_ce=2.121 - loss_ne=0.0192 - loss_div=0.000269 - threshold=0.869 - loss=6.732
/scratch/e0538389/DivClust/engine/trainer.py:41: FutureWarning: `torch.cuda.amp.autocast(args...)` is deprecated. Please use `torch.amp.autocast('cuda', args...)` instead.
  with autocast(self.mixed_precision):
/scratch/e0538389/DivClust/engine/trainer.py:41: FutureWarning: `torch.cuda.amp.autocast(args...)` is deprecated. Please use `torch.amp.autocast('cuda', args...)` instead.
  with autocast(self.mixed_precision):
[2026-03-30 11:03:15](logger.py 179): id=CC_FMNIST_C10CFG_K20_E100_DT_0_7 | Ep. 26/100 - Step 225/273 (2.28 it/s) |################    | - loss_cc=4.591 - loss_ce=2.121 - loss_ne=0.019 - loss_div=0.00028 - threshold=0.868 - loss=6.732
/scratch/e0538389/DivClust/engine/trainer.py:41: FutureWarning: `torch.cuda.amp.autocast(args...)` is deprecated. Please use `torch.amp.autocast('cuda', args...)` instead.
  with autocast(self.mixed_precision):
[2026-03-30 11:03:26](logger.py 179): id=CC_FMNIST_C10CFG_K20_E100_DT_0_7 | Ep. 26/100 - Step 250/273 (2.29 it/s) |##################  | - loss_cc=4.592 - loss_ce=2.121 - loss_ne=0.019 - loss_div=0.000354 - threshold=0.867 - loss=6.732
/scratch/e0538389/DivClust/engine/trainer.py:41: FutureWarning: `torch.cuda.amp.autocast(args...)` is deprecated. Please use `torch.amp.autocast('cuda', args...)` instead.
  with autocast(self.mixed_precision):
[2026-03-30 11:03:35](logger.py 179): id=CC_FMNIST_C10CFG_K20_E100_DT_0_7 | Ep. 26/100 | Time: 00:01 | loss_cc=4.591 - loss_ce=2.121 - loss_ne=0.019 - loss_div=0.000332 - threshold=0.867 - loss=6.732
[2026-03-30 11:03:37](logger.py 179): id=CC_FMNIST_C10CFG_K20_E100_DT_0_7 | Ep. 27/100 - Step 0/273 (0.0 it/s) |                    | - loss_cc=4.568 - loss_ce=2.105 - loss_ne=0.0206 - loss_div=0.0 - threshold=0.871 - loss=6.694
/scratch/e0538389/DivClust/engine/trainer.py:41: FutureWarning: `torch.cuda.amp.autocast(args...)` is deprecated. Please use `torch.amp.autocast('cuda', args...)` instead.
  with autocast(self.mixed_precision):
[2026-03-30 11:03:48](logger.py 179): id=CC_FMNIST_C10CFG_K20_E100_DT_0_7 | Ep. 27/100 - Step 25/273 (2.27 it/s) |#                   | - loss_cc=4.59 - loss_ce=2.12 - loss_ne=0.0201 - loss_div=2.55e-05 - threshold=0.877 - loss=6.73
/scratch/e0538389/DivClust/engine/trainer.py:41: FutureWarning: `torch.cuda.amp.autocast(args...)` is deprecated. Please use `torch.amp.autocast('cuda', args...)` instead.
  with autocast(self.mixed_precision):
/scratch/e0538389/DivClust/engine/trainer.py:41: FutureWarning: `torch.cuda.amp.autocast(args...)` is deprecated. Please use `torch.amp.autocast('cuda', args...)` instead.
  with autocast(self.mixed_precision):
[2026-03-30 11:04:00](logger.py 179): id=CC_FMNIST_C10CFG_K20_E100_DT_0_7 | Ep. 27/100 - Step 50/273 (2.24 it/s) |###                 | - loss_cc=4.591 - loss_ce=2.12 - loss_ne=0.0187 - loss_div=0.000136 - threshold=0.874 - loss=6.73
/scratch/e0538389/DivClust/engine/trainer.py:41: FutureWarning: `torch.cuda.amp.autocast(args...)` is deprecated. Please use `torch.amp.autocast('cuda', args...)` instead.
  with autocast(self.mixed_precision):
[2026-03-30 11:04:11](logger.py 179): id=CC_FMNIST_C10CFG_K20_E100_DT_0_7 | Ep. 27/100 - Step 75/273 (2.26 it/s) |#####               | - loss_cc=4.591 - loss_ce=2.12 - loss_ne=0.0192 - loss_div=0.000287 - threshold=0.87 - loss=6.73
/scratch/e0538389/DivClust/engine/trainer.py:41: FutureWarning: `torch.cuda.amp.autocast(args...)` is deprecated. Please use `torch.amp.autocast('cuda', args...)` instead.
  with autocast(self.mixed_precision):
[2026-03-30 11:04:21](logger.py 179): id=CC_FMNIST_C10CFG_K20_E100_DT_0_7 | Ep. 27/100 - Step 100/273 (2.27 it/s) |#######             | - loss_cc=4.591 - loss_ce=2.12 - loss_ne=0.0194 - loss_div=0.000365 - threshold=0.867 - loss=6.731
/scratch/e0538389/DivClust/engine/trainer.py:41: FutureWarning: `torch.cuda.amp.autocast(args...)` is deprecated. Please use `torch.amp.autocast('cuda', args...)` instead.
  with autocast(self.mixed_precision):
[2026-03-30 11:04:32](logger.py 179): id=CC_FMNIST_C10CFG_K20_E100_DT_0_7 | Ep. 27/100 - Step 125/273 (2.28 it/s) |#########           | - loss_cc=4.591 - loss_ce=2.12 - loss_ne=0.0197 - loss_div=0.000295 - threshold=0.867 - loss=6.731
/scratch/e0538389/DivClust/engine/trainer.py:41: FutureWarning: `torch.cuda.amp.autocast(args...)` is deprecated. Please use `torch.amp.autocast('cuda', args...)` instead.
  with autocast(self.mixed_precision):
/scratch/e0538389/DivClust/engine/trainer.py:41: FutureWarning: `torch.cuda.amp.autocast(args...)` is deprecated. Please use `torch.amp.autocast('cuda', args...)` instead.
  with autocast(self.mixed_precision):
[2026-03-30 11:04:44](logger.py 179): id=CC_FMNIST_C10CFG_K20_E100_DT_0_7 | Ep. 27/100 - Step 150/273 (2.27 it/s) |##########          | - loss_cc=4.591 - loss_ce=2.12 - loss_ne=0.0194 - loss_div=0.000247 - threshold=0.869 - loss=6.731
/scratch/e0538389/DivClust/engine/trainer.py:41: FutureWarning: `torch.cuda.amp.autocast(args...)` is deprecated. Please use `torch.amp.autocast('cuda', args...)` instead.
  with autocast(self.mixed_precision):
[2026-03-30 11:04:54](logger.py 179): id=CC_FMNIST_C10CFG_K20_E100_DT_0_7 | Ep. 27/100 - Step 175/273 (2.27 it/s) |############        | - loss_cc=4.591 - loss_ce=2.12 - loss_ne=0.0194 - loss_div=0.000266 - threshold=0.869 - loss=6.73
/scratch/e0538389/DivClust/engine/trainer.py:41: FutureWarning: `torch.cuda.amp.autocast(args...)` is deprecated. Please use `torch.amp.autocast('cuda', args...)` instead.
  with autocast(self.mixed_precision):
[2026-03-30 11:05:05](logger.py 179): id=CC_FMNIST_C10CFG_K20_E100_DT_0_7 | Ep. 27/100 - Step 200/273 (2.27 it/s) |##############      | - loss_cc=4.59 - loss_ce=2.119 - loss_ne=0.0195 - loss_div=0.000384 - threshold=0.868 - loss=6.729
/scratch/e0538389/DivClust/engine/trainer.py:41: FutureWarning: `torch.cuda.amp.autocast(args...)` is deprecated. Please use `torch.amp.autocast('cuda', args...)` instead.
  with autocast(self.mixed_precision):
[2026-03-30 11:05:16](logger.py 179): id=CC_FMNIST_C10CFG_K20_E100_DT_0_7 | Ep. 27/100 - Step 225/273 (2.28 it/s) |################    | - loss_cc=4.59 - loss_ce=2.12 - loss_ne=0.0198 - loss_div=0.000368 - threshold=0.867 - loss=6.73
/scratch/e0538389/DivClust/engine/trainer.py:41: FutureWarning: `torch.cuda.amp.autocast(args...)` is deprecated. Please use `torch.amp.autocast('cuda', args...)` instead.
  with autocast(self.mixed_precision):
/scratch/e0538389/DivClust/engine/trainer.py:41: FutureWarning: `torch.cuda.amp.autocast(args...)` is deprecated. Please use `torch.amp.autocast('cuda', args...)` instead.
  with autocast(self.mixed_precision):
[2026-03-30 11:05:27](logger.py 179): id=CC_FMNIST_C10CFG_K20_E100_DT_0_7 | Ep. 27/100 - Step 250/273 (2.28 it/s) |##################  | - loss_cc=4.59 - loss_ce=2.12 - loss_ne=0.0197 - loss_div=0.000336 - threshold=0.867 - loss=6.73
/scratch/e0538389/DivClust/engine/trainer.py:41: FutureWarning: `torch.cuda.amp.autocast(args...)` is deprecated. Please use `torch.amp.autocast('cuda', args...)` instead.
  with autocast(self.mixed_precision):
[2026-03-30 11:05:36](logger.py 179): id=CC_FMNIST_C10CFG_K20_E100_DT_0_7 | Ep. 27/100 | Time: 00:01 | loss_cc=4.59 - loss_ce=2.12 - loss_ne=0.0197 - loss_div=0.000311 - threshold=0.868 - loss=6.729
[2026-03-30 11:05:38](logger.py 179): id=CC_FMNIST_C10CFG_K20_E100_DT_0_7 | Ep. 28/100 - Step 0/273 (0.0 it/s) |                    | - loss_cc=4.577 - loss_ce=2.126 - loss_ne=0.0142 - loss_div=0.0 - threshold=0.888 - loss=6.717
/scratch/e0538389/DivClust/engine/trainer.py:41: FutureWarning: `torch.cuda.amp.autocast(args...)` is deprecated. Please use `torch.amp.autocast('cuda', args...)` instead.
  with autocast(self.mixed_precision):
[2026-03-30 11:05:49](logger.py 179): id=CC_FMNIST_C10CFG_K20_E100_DT_0_7 | Ep. 28/100 - Step 25/273 (2.25 it/s) |#                   | - loss_cc=4.583 - loss_ce=2.118 - loss_ne=0.0178 - loss_div=0.0 - threshold=0.885 - loss=6.719
/scratch/e0538389/DivClust/engine/trainer.py:41: FutureWarning: `torch.cuda.amp.autocast(args...)` is deprecated. Please use `torch.amp.autocast('cuda', args...)` instead.
  with autocast(self.mixed_precision):
[2026-03-30 11:06:00](logger.py 179): id=CC_FMNIST_C10CFG_K20_E100_DT_0_7 | Ep. 28/100 - Step 50/273 (2.3 it/s) |###                 | - loss_cc=4.592 - loss_ce=2.121 - loss_ne=0.018 - loss_div=0.000138 - threshold=0.88 - loss=6.731
/scratch/e0538389/DivClust/engine/trainer.py:41: FutureWarning: `torch.cuda.amp.autocast(args...)` is deprecated. Please use `torch.amp.autocast('cuda', args...)` instead.
  with autocast(self.mixed_precision):
[2026-03-30 11:06:11](logger.py 179): id=CC_FMNIST_C10CFG_K20_E100_DT_0_7 | Ep. 28/100 - Step 75/273 (2.3 it/s) |#####               | - loss_cc=4.594 - loss_ce=2.121 - loss_ne=0.0187 - loss_div=0.000392 - threshold=0.874 - loss=6.734
/scratch/e0538389/DivClust/engine/trainer.py:41: FutureWarning: `torch.cuda.amp.autocast(args...)` is deprecated. Please use `torch.amp.autocast('cuda', args...)` instead.
  with autocast(self.mixed_precision):
/scratch/e0538389/DivClust/engine/trainer.py:41: FutureWarning: `torch.cuda.amp.autocast(args...)` is deprecated. Please use `torch.amp.autocast('cuda', args...)` instead.
  with autocast(self.mixed_precision):
[2026-03-30 11:06:22](logger.py 179): id=CC_FMNIST_C10CFG_K20_E100_DT_0_7 | Ep. 28/100 - Step 100/273 (2.28 it/s) |#######             | - loss_cc=4.594 - loss_ce=2.122 - loss_ne=0.0188 - loss_div=0.00052 - threshold=0.87 - loss=6.735
/scratch/e0538389/DivClust/engine/trainer.py:41: FutureWarning: `torch.cuda.amp.autocast(args...)` is deprecated. Please use `torch.amp.autocast('cuda', args...)` instead.
  with autocast(self.mixed_precision):
[2026-03-30 11:06:33](logger.py 179): id=CC_FMNIST_C10CFG_K20_E100_DT_0_7 | Ep. 28/100 - Step 125/273 (2.28 it/s) |#########           | - loss_cc=4.592 - loss_ce=2.121 - loss_ne=0.0185 - loss_div=0.000435 - threshold=0.869 - loss=6.732
/scratch/e0538389/DivClust/engine/trainer.py:41: FutureWarning: `torch.cuda.amp.autocast(args...)` is deprecated. Please use `torch.amp.autocast('cuda', args...)` instead.
  with autocast(self.mixed_precision):
[2026-03-30 11:06:43](logger.py 179): id=CC_FMNIST_C10CFG_K20_E100_DT_0_7 | Ep. 28/100 - Step 150/273 (2.3 it/s) |##########          | - loss_cc=4.592 - loss_ce=2.121 - loss_ne=0.0186 - loss_div=0.000391 - threshold=0.868 - loss=6.733
/scratch/e0538389/DivClust/engine/trainer.py:41: FutureWarning: `torch.cuda.amp.autocast(args...)` is deprecated. Please use `torch.amp.autocast('cuda', args...)` instead.
  with autocast(self.mixed_precision):
[2026-03-30 11:06:54](logger.py 179): id=CC_FMNIST_C10CFG_K20_E100_DT_0_7 | Ep. 28/100 - Step 175/273 (2.31 it/s) |############        | - loss_cc=4.593 - loss_ce=2.121 - loss_ne=0.0186 - loss_div=0.000367 - threshold=0.868 - loss=6.733
/scratch/e0538389/DivClust/engine/trainer.py:41: FutureWarning: `torch.cuda.amp.autocast(args...)` is deprecated. Please use `torch.amp.autocast('cuda', args...)` instead.
  with autocast(self.mixed_precision):
/scratch/e0538389/DivClust/engine/trainer.py:41: FutureWarning: `torch.cuda.amp.autocast(args...)` is deprecated. Please use `torch.amp.autocast('cuda', args...)` instead.
  with autocast(self.mixed_precision):
[2026-03-30 11:07:05](logger.py 179): id=CC_FMNIST_C10CFG_K20_E100_DT_0_7 | Ep. 28/100 - Step 200/273 (2.3 it/s) |##############      | - loss_cc=4.591 - loss_ce=2.121 - loss_ne=0.0183 - loss_div=0.000394 - threshold=0.867 - loss=6.731
/scratch/e0538389/DivClust/engine/trainer.py:41: FutureWarning: `torch.cuda.amp.autocast(args...)` is deprecated. Please use `torch.amp.autocast('cuda', args...)` instead.
  with autocast(self.mixed_precision):
[2026-03-30 11:07:16](logger.py 179): id=CC_FMNIST_C10CFG_K20_E100_DT_0_7 | Ep. 28/100 - Step 225/273 (2.31 it/s) |################    | - loss_cc=4.591 - loss_ce=2.121 - loss_ne=0.0185 - loss_div=0.000413 - threshold=0.866 - loss=6.731
/scratch/e0538389/DivClust/engine/trainer.py:41: FutureWarning: `torch.cuda.amp.autocast(args...)` is deprecated. Please use `torch.amp.autocast('cuda', args...)` instead.
  with autocast(self.mixed_precision):
[2026-03-30 11:07:26](logger.py 179): id=CC_FMNIST_C10CFG_K20_E100_DT_0_7 | Ep. 28/100 - Step 250/273 (2.31 it/s) |##################  | - loss_cc=4.59 - loss_ce=2.121 - loss_ne=0.0184 - loss_div=0.000376 - threshold=0.866 - loss=6.729
/scratch/e0538389/DivClust/engine/trainer.py:41: FutureWarning: `torch.cuda.amp.autocast(args...)` is deprecated. Please use `torch.amp.autocast('cuda', args...)` instead.
  with autocast(self.mixed_precision):
[2026-03-30 11:07:35](logger.py 179): id=CC_FMNIST_C10CFG_K20_E100_DT_0_7 | Ep. 28/100 | Time: 00:01 | loss_cc=4.589 - loss_ce=2.12 - loss_ne=0.0185 - loss_div=0.000346 - threshold=0.867 - loss=6.728
[2026-03-30 11:07:37](logger.py 179): id=CC_FMNIST_C10CFG_K20_E100_DT_0_7 | Ep. 29/100 - Step 0/273 (0.0 it/s) |                    | - loss_cc=4.572 - loss_ce=2.114 - loss_ne=0.0199 - loss_div=0.0 - threshold=0.879 - loss=6.706
/scratch/e0538389/DivClust/engine/trainer.py:41: FutureWarning: `torch.cuda.amp.autocast(args...)` is deprecated. Please use `torch.amp.autocast('cuda', args...)` instead.
  with autocast(self.mixed_precision):
/scratch/e0538389/DivClust/engine/trainer.py:41: FutureWarning: `torch.cuda.amp.autocast(args...)` is deprecated. Please use `torch.amp.autocast('cuda', args...)` instead.
  with autocast(self.mixed_precision):
[2026-03-30 11:07:49](logger.py 179): id=CC_FMNIST_C10CFG_K20_E100_DT_0_7 | Ep. 29/100 - Step 25/273 (2.19 it/s) |#                   | - loss_cc=4.581 - loss_ce=2.117 - loss_ne=0.0209 - loss_div=0.000173 - threshold=0.872 - loss=6.719
/scratch/e0538389/DivClust/engine/trainer.py:41: FutureWarning: `torch.cuda.amp.autocast(args...)` is deprecated. Please use `torch.amp.autocast('cuda', args...)` instead.
  with autocast(self.mixed_precision):
[2026-03-30 11:08:00](logger.py 179): id=CC_FMNIST_C10CFG_K20_E100_DT_0_7 | Ep. 29/100 - Step 50/273 (2.25 it/s) |###                 | - loss_cc=4.585 - loss_ce=2.118 - loss_ne=0.0194 - loss_div=0.000205 - threshold=0.874 - loss=6.722
/scratch/e0538389/DivClust/engine/trainer.py:41: FutureWarning: `torch.cuda.amp.autocast(args...)` is deprecated. Please use `torch.amp.autocast('cuda', args...)` instead.
  with autocast(self.mixed_precision):
[2026-03-30 11:08:10](logger.py 179): id=CC_FMNIST_C10CFG_K20_E100_DT_0_7 | Ep. 29/100 - Step 75/273 (2.29 it/s) |#####               | - loss_cc=4.587 - loss_ce=2.119 - loss_ne=0.0197 - loss_div=0.000306 - threshold=0.871 - loss=6.726
/scratch/e0538389/DivClust/engine/trainer.py:41: FutureWarning: `torch.cuda.amp.autocast(args...)` is deprecated. Please use `torch.amp.autocast('cuda', args...)` instead.
  with autocast(self.mixed_precision):
[2026-03-30 11:08:21](logger.py 179): id=CC_FMNIST_C10CFG_K20_E100_DT_0_7 | Ep. 29/100 - Step 100/273 (2.3 it/s) |#######             | - loss_cc=4.588 - loss_ce=2.12 - loss_ne=0.0193 - loss_div=0.000364 - threshold=0.867 - loss=6.728
/scratch/e0538389/DivClust/engine/trainer.py:41: FutureWarning: `torch.cuda.amp.autocast(args...)` is deprecated. Please use `torch.amp.autocast('cuda', args...)` instead.
  with autocast(self.mixed_precision):
/scratch/e0538389/DivClust/engine/trainer.py:41: FutureWarning: `torch.cuda.amp.autocast(args...)` is deprecated. Please use `torch.amp.autocast('cuda', args...)` instead.
  with autocast(self.mixed_precision):
[2026-03-30 11:08:32](logger.py 179): id=CC_FMNIST_C10CFG_K20_E100_DT_0_7 | Ep. 29/100 - Step 125/273 (2.28 it/s) |#########           | - loss_cc=4.587 - loss_ce=2.119 - loss_ne=0.0191 - loss_div=0.000305 - threshold=0.866 - loss=6.725
/scratch/e0538389/DivClust/engine/trainer.py:41: FutureWarning: `torch.cuda.amp.autocast(args...)` is deprecated. Please use `torch.amp.autocast('cuda', args...)` instead.
  with autocast(self.mixed_precision):
[2026-03-30 11:08:43](logger.py 179): id=CC_FMNIST_C10CFG_K20_E100_DT_0_7 | Ep. 29/100 - Step 150/273 (2.29 it/s) |##########          | - loss_cc=4.585 - loss_ce=2.119 - loss_ne=0.019 - loss_div=0.000309 - threshold=0.866 - loss=6.723
/scratch/e0538389/DivClust/engine/trainer.py:41: FutureWarning: `torch.cuda.amp.autocast(args...)` is deprecated. Please use `torch.amp.autocast('cuda', args...)` instead.
  with autocast(self.mixed_precision):
[2026-03-30 11:08:54](logger.py 179): id=CC_FMNIST_C10CFG_K20_E100_DT_0_7 | Ep. 29/100 - Step 175/273 (2.29 it/s) |############        | - loss_cc=4.586 - loss_ce=2.119 - loss_ne=0.019 - loss_div=0.000282 - threshold=0.866 - loss=6.724
/scratch/e0538389/DivClust/engine/trainer.py:41: FutureWarning: `torch.cuda.amp.autocast(args...)` is deprecated. Please use `torch.amp.autocast('cuda', args...)` instead.
  with autocast(self.mixed_precision):
[2026-03-30 11:09:05](logger.py 179): id=CC_FMNIST_C10CFG_K20_E100_DT_0_7 | Ep. 29/100 - Step 200/273 (2.29 it/s) |##############      | - loss_cc=4.585 - loss_ce=2.119 - loss_ne=0.019 - loss_div=0.000328 - threshold=0.866 - loss=6.723
/scratch/e0538389/DivClust/engine/trainer.py:41: FutureWarning: `torch.cuda.amp.autocast(args...)` is deprecated. Please use `torch.amp.autocast('cuda', args...)` instead.
  with autocast(self.mixed_precision):
/scratch/e0538389/DivClust/engine/trainer.py:41: FutureWarning: `torch.cuda.amp.autocast(args...)` is deprecated. Please use `torch.amp.autocast('cuda', args...)` instead.
  with autocast(self.mixed_precision):
[2026-03-30 11:09:16](logger.py 179): id=CC_FMNIST_C10CFG_K20_E100_DT_0_7 | Ep. 29/100 - Step 225/273 (2.29 it/s) |################    | - loss_cc=4.587 - loss_ce=2.119 - loss_ne=0.019 - loss_div=0.000376 - threshold=0.865 - loss=6.725
/scratch/e0538389/DivClust/engine/trainer.py:41: FutureWarning: `torch.cuda.amp.autocast(args...)` is deprecated. Please use `torch.amp.autocast('cuda', args...)` instead.
  with autocast(self.mixed_precision):
[2026-03-30 11:09:26](logger.py 179): id=CC_FMNIST_C10CFG_K20_E100_DT_0_7 | Ep. 29/100 - Step 250/273 (2.29 it/s) |##################  | - loss_cc=4.587 - loss_ce=2.119 - loss_ne=0.0194 - loss_div=0.000342 - threshold=0.865 - loss=6.726
/scratch/e0538389/DivClust/engine/trainer.py:41: FutureWarning: `torch.cuda.amp.autocast(args...)` is deprecated. Please use `torch.amp.autocast('cuda', args...)` instead.
  with autocast(self.mixed_precision):
[2026-03-30 11:09:36](logger.py 179): id=CC_FMNIST_C10CFG_K20_E100_DT_0_7 | Ep. 29/100 | Time: 00:01 | loss_cc=4.587 - loss_ce=2.119 - loss_ne=0.0195 - loss_div=0.000314 - threshold=0.865 - loss=6.726
[2026-03-30 11:09:38](logger.py 179): id=CC_FMNIST_C10CFG_K20_E100_DT_0_7 | Ep. 30/100 - Step 0/273 (0.0 it/s) |                    | - loss_cc=4.573 - loss_ce=2.12 - loss_ne=0.0112 - loss_div=0.0 - threshold=0.878 - loss=6.704
/scratch/e0538389/DivClust/engine/trainer.py:41: FutureWarning: `torch.cuda.amp.autocast(args...)` is deprecated. Please use `torch.amp.autocast('cuda', args...)` instead.
  with autocast(self.mixed_precision):
[2026-03-30 11:09:49](logger.py 179): id=CC_FMNIST_C10CFG_K20_E100_DT_0_7 | Ep. 30/100 - Step 25/273 (2.32 it/s) |#                   | - loss_cc=4.582 - loss_ce=2.117 - loss_ne=0.0184 - loss_div=6.79e-05 - threshold=0.873 - loss=6.718
/scratch/e0538389/DivClust/engine/trainer.py:41: FutureWarning: `torch.cuda.amp.autocast(args...)` is deprecated. Please use `torch.amp.autocast('cuda', args...)` instead.
  with autocast(self.mixed_precision):
[2026-03-30 11:10:00](logger.py 179): id=CC_FMNIST_C10CFG_K20_E100_DT_0_7 | Ep. 30/100 - Step 50/273 (2.28 it/s) |###                 | - loss_cc=4.583 - loss_ce=2.118 - loss_ne=0.0189 - loss_div=0.000417 - threshold=0.868 - loss=6.72
/scratch/e0538389/DivClust/engine/trainer.py:41: FutureWarning: `torch.cuda.amp.autocast(args...)` is deprecated. Please use `torch.amp.autocast('cuda', args...)` instead.
  with autocast(self.mixed_precision):
/scratch/e0538389/DivClust/engine/trainer.py:41: FutureWarning: `torch.cuda.amp.autocast(args...)` is deprecated. Please use `torch.amp.autocast('cuda', args...)` instead.
  with autocast(self.mixed_precision):
[2026-03-30 11:10:11](logger.py 179): id=CC_FMNIST_C10CFG_K20_E100_DT_0_7 | Ep. 30/100 - Step 75/273 (2.3 it/s) |#####               | - loss_cc=4.583 - loss_ce=2.118 - loss_ne=0.0192 - loss_div=0.000511 - threshold=0.863 - loss=6.722
/scratch/e0538389/DivClust/engine/trainer.py:41: FutureWarning: `torch.cuda.amp.autocast(args...)` is deprecated. Please use `torch.amp.autocast('cuda', args...)` instead.
  with autocast(self.mixed_precision):
[2026-03-30 11:10:21](logger.py 179): id=CC_FMNIST_C10CFG_K20_E100_DT_0_7 | Ep. 30/100 - Step 100/273 (2.31 it/s) |#######             | - loss_cc=4.584 - loss_ce=2.119 - loss_ne=0.02 - loss_div=0.000428 - threshold=0.864 - loss=6.723
/scratch/e0538389/DivClust/engine/trainer.py:41: FutureWarning: `torch.cuda.amp.autocast(args...)` is deprecated. Please use `torch.amp.autocast('cuda', args...)` instead.
  with autocast(self.mixed_precision):
[2026-03-30 11:10:32](logger.py 179): id=CC_FMNIST_C10CFG_K20_E100_DT_0_7 | Ep. 30/100 - Step 125/273 (2.31 it/s) |#########           | - loss_cc=4.583 - loss_ce=2.118 - loss_ne=0.0194 - loss_div=0.0004 - threshold=0.864 - loss=6.721
/scratch/e0538389/DivClust/engine/trainer.py:41: FutureWarning: `torch.cuda.amp.autocast(args...)` is deprecated. Please use `torch.amp.autocast('cuda', args...)` instead.
  with autocast(self.mixed_precision):
[2026-03-30 11:10:43](logger.py 179): id=CC_FMNIST_C10CFG_K20_E100_DT_0_7 | Ep. 30/100 - Step 150/273 (2.3 it/s) |##########          | - loss_cc=4.583 - loss_ce=2.118 - loss_ne=0.0198 - loss_div=0.00045 - threshold=0.862 - loss=6.722
/scratch/e0538389/DivClust/engine/trainer.py:41: FutureWarning: `torch.cuda.amp.autocast(args...)` is deprecated. Please use `torch.amp.autocast('cuda', args...)` instead.
  with autocast(self.mixed_precision):
/scratch/e0538389/DivClust/engine/trainer.py:41: FutureWarning: `torch.cuda.amp.autocast(args...)` is deprecated. Please use `torch.amp.autocast('cuda', args...)` instead.
  with autocast(self.mixed_precision):
[2026-03-30 11:10:54](logger.py 179): id=CC_FMNIST_C10CFG_K20_E100_DT_0_7 | Ep. 30/100 - Step 175/273 (2.3 it/s) |############        | - loss_cc=4.584 - loss_ce=2.119 - loss_ne=0.0196 - loss_div=0.000388 - threshold=0.862 - loss=6.723
/scratch/e0538389/DivClust/engine/trainer.py:41: FutureWarning: `torch.cuda.amp.autocast(args...)` is deprecated. Please use `torch.amp.autocast('cuda', args...)` instead.
  with autocast(self.mixed_precision):
[2026-03-30 11:11:05](logger.py 179): id=CC_FMNIST_C10CFG_K20_E100_DT_0_7 | Ep. 30/100 - Step 200/273 (2.3 it/s) |##############      | - loss_cc=4.584 - loss_ce=2.118 - loss_ne=0.0199 - loss_div=0.000341 - threshold=0.863 - loss=6.722
/scratch/e0538389/DivClust/engine/trainer.py:41: FutureWarning: `torch.cuda.amp.autocast(args...)` is deprecated. Please use `torch.amp.autocast('cuda', args...)` instead.
  with autocast(self.mixed_precision):
[2026-03-30 11:11:16](logger.py 179): id=CC_FMNIST_C10CFG_K20_E100_DT_0_7 | Ep. 30/100 - Step 225/273 (2.3 it/s) |################    | - loss_cc=4.583 - loss_ce=2.118 - loss_ne=0.0197 - loss_div=0.000317 - threshold=0.864 - loss=6.722
/scratch/e0538389/DivClust/engine/trainer.py:41: FutureWarning: `torch.cuda.amp.autocast(args...)` is deprecated. Please use `torch.amp.autocast('cuda', args...)` instead.
  with autocast(self.mixed_precision):
[2026-03-30 11:11:27](logger.py 179): id=CC_FMNIST_C10CFG_K20_E100_DT_0_7 | Ep. 30/100 - Step 250/273 (2.29 it/s) |##################  | - loss_cc=4.584 - loss_ce=2.118 - loss_ne=0.0196 - loss_div=0.000328 - threshold=0.864 - loss=6.722
/scratch/e0538389/DivClust/engine/trainer.py:41: FutureWarning: `torch.cuda.amp.autocast(args...)` is deprecated. Please use `torch.amp.autocast('cuda', args...)` instead.
  with autocast(self.mixed_precision):
/scratch/e0538389/DivClust/engine/trainer.py:41: FutureWarning: `torch.cuda.amp.autocast(args...)` is deprecated. Please use `torch.amp.autocast('cuda', args...)` instead.
  with autocast(self.mixed_precision):
[2026-03-30 11:11:37](logger.py 179): Evaluating
[2026-03-30 11:11:37](logger.py 179): Eval. step 0 of 274
[2026-03-30 11:11:39](logger.py 179): Eval. step 25 of 274
[2026-03-30 11:11:42](logger.py 179): Eval. step 50 of 274
[2026-03-30 11:11:44](logger.py 179): Eval. step 75 of 274
[2026-03-30 11:11:47](logger.py 179): Eval. step 100 of 274
[2026-03-30 11:11:49](logger.py 179): Eval. step 125 of 274
[2026-03-30 11:11:51](logger.py 179): Eval. step 150 of 274
[2026-03-30 11:11:54](logger.py 179): Eval. step 175 of 274
[2026-03-30 11:11:56](logger.py 179): Eval. step 200 of 274
[2026-03-30 11:11:58](logger.py 179): Eval. step 225 of 274
[2026-03-30 11:12:01](logger.py 179): Eval. step 250 of 274
[2026-03-30 11:12:05](logger.py 179): id=CC_FMNIST_C10CFG_K20_E100_DT_0_7 | Ep. 30/100 | Time: 00:02 | loss_cc=4.584 - loss_ce=2.119 - loss_ne=0.0196 - loss_div=0.000371 - threshold=0.863 - loss=6.723 - eval_confidence=0.893 - cluster_acc_0_eval=56.26 - cluster_nmi_0_eval=0.547 - cluster_ari_0_eval=0.432 - cluster_acc_1_eval=54.08 - cluster_nmi_1_eval=0.526 - cluster_ari_1_eval=0.403 - cluster_acc_2_eval=56.22 - cluster_nmi_2_eval=0.532 - cluster_ari_2_eval=0.407 - cluster_acc_3_eval=59.98 - cluster_nmi_3_eval=0.564 - cluster_ari_3_eval=0.447 - cluster_acc_4_eval=58.75 - cluster_nmi_4_eval=0.57 - cluster_ari_4_eval=0.463 - cluster_acc_5_eval=64.39 - cluster_nmi_5_eval=0.621 - cluster_ari_5_eval=0.519 - cluster_acc_6_eval=61.97 - cluster_nmi_6_eval=0.599 - cluster_ari_6_eval=0.464 - cluster_acc_7_eval=55.98 - cluster_nmi_7_eval=0.548 - cluster_ari_7_eval=0.437 - cluster_acc_8_eval=59.0 - cluster_nmi_8_eval=0.571 - cluster_ari_8_eval=0.465 - cluster_acc_9_eval=63.98 - cluster_nmi_9_eval=0.602 - cluster_ari_9_eval=0.496 - cluster_acc_10_eval=59.59 - cluster_nmi_10_eval=0.546 - cluster_ari_10_eval=0.434 - cluster_acc_11_eval=56.88 - cluster_nmi_11_eval=0.534 - cluster_ari_11_eval=0.416 - cluster_acc_12_eval=52.79 - cluster_nmi_12_eval=0.539 - cluster_ari_12_eval=0.374 - cluster_acc_13_eval=65.3 - cluster_nmi_13_eval=0.635 - cluster_ari_13_eval=0.527 - cluster_acc_14_eval=60.97 - cluster_nmi_14_eval=0.593 - cluster_ari_14_eval=0.485 - cluster_acc_15_eval=64.57 - cluster_nmi_15_eval=0.611 - cluster_ari_15_eval=0.499 - cluster_acc_16_eval=62.56 - cluster_nmi_16_eval=0.587 - cluster_ari_16_eval=0.48 - cluster_acc_17_eval=62.71 - cluster_nmi_17_eval=0.599 - cluster_ari_17_eval=0.498 - cluster_acc_18_eval=56.94 - cluster_nmi_18_eval=0.584 - cluster_ari_18_eval=0.44 - cluster_acc_19_eval=63.66 - cluster_nmi_19_eval=0.623 - cluster_ari_19_eval=0.522 - max_cluster_acc_eval=65.3 - mean_cluster_acc_eval=59.83 - min_cluster_acc_eval=52.79 - max_cluster_nmi_eval=0.635 - mean_cluster_nmi_eval=0.577 - min_cluster_nmi_eval=0.526 - max_cluster_ari_eval=0.527 - mean_cluster_ari_eval=0.46 - min_cluster_ari_eval=0.374 - interclustering_nmi_eval=0.694
/scratch/e0538389/DivClust/engine/trainer.py:41: FutureWarning: `torch.cuda.amp.autocast(args...)` is deprecated. Please use `torch.amp.autocast('cuda', args...)` instead.
  with autocast(self.mixed_precision):
[2026-03-30 11:12:07](logger.py 179): id=CC_FMNIST_C10CFG_K20_E100_DT_0_7 | Ep. 31/100 - Step 0/273 (0.0 it/s) |                    | - loss_cc=4.535 - loss_ce=2.101 - loss_ne=0.0318 - loss_div=0.0 - threshold=0.86 - loss=6.668
/scratch/e0538389/DivClust/engine/trainer.py:41: FutureWarning: `torch.cuda.amp.autocast(args...)` is deprecated. Please use `torch.amp.autocast('cuda', args...)` instead.
  with autocast(self.mixed_precision):
[2026-03-30 11:12:17](logger.py 179): id=CC_FMNIST_C10CFG_K20_E100_DT_0_7 | Ep. 31/100 - Step 25/273 (2.3 it/s) |#                   | - loss_cc=4.58 - loss_ce=2.118 - loss_ne=0.0214 - loss_div=8.23e-05 - threshold=0.863 - loss=6.719
/scratch/e0538389/DivClust/engine/trainer.py:41: FutureWarning: `torch.cuda.amp.autocast(args...)` is deprecated. Please use `torch.amp.autocast('cuda', args...)` instead.
  with autocast(self.mixed_precision):
[2026-03-30 11:12:28](logger.py 179): id=CC_FMNIST_C10CFG_K20_E100_DT_0_7 | Ep. 31/100 - Step 50/273 (2.3 it/s) |###                 | - loss_cc=4.58 - loss_ce=2.117 - loss_ne=0.0204 - loss_div=4.19e-05 - threshold=0.869 - loss=6.717
/scratch/e0538389/DivClust/engine/trainer.py:41: FutureWarning: `torch.cuda.amp.autocast(args...)` is deprecated. Please use `torch.amp.autocast('cuda', args...)` instead.
  with autocast(self.mixed_precision):
[2026-03-30 11:12:39](logger.py 179): id=CC_FMNIST_C10CFG_K20_E100_DT_0_7 | Ep. 31/100 - Step 75/273 (2.31 it/s) |#####               | - loss_cc=4.58 - loss_ce=2.117 - loss_ne=0.0191 - loss_div=6.9e-05 - threshold=0.869 - loss=6.716
/scratch/e0538389/DivClust/engine/trainer.py:41: FutureWarning: `torch.cuda.amp.autocast(args...)` is deprecated. Please use `torch.amp.autocast('cuda', args...)` instead.
  with autocast(self.mixed_precision):
/scratch/e0538389/DivClust/engine/trainer.py:41: FutureWarning: `torch.cuda.amp.autocast(args...)` is deprecated. Please use `torch.amp.autocast('cuda', args...)` instead.
  with autocast(self.mixed_precision):
[2026-03-30 11:12:50](logger.py 179): id=CC_FMNIST_C10CFG_K20_E100_DT_0_7 | Ep. 31/100 - Step 100/273 (2.29 it/s) |#######             | - loss_cc=4.579 - loss_ce=2.116 - loss_ne=0.0193 - loss_div=0.000223 - threshold=0.867 - loss=6.715
/scratch/e0538389/DivClust/engine/trainer.py:41: FutureWarning: `torch.cuda.amp.autocast(args...)` is deprecated. Please use `torch.amp.autocast('cuda', args...)` instead.
  with autocast(self.mixed_precision):
[2026-03-30 11:13:01](logger.py 179): id=CC_FMNIST_C10CFG_K20_E100_DT_0_7 | Ep. 31/100 - Step 125/273 (2.3 it/s) |#########           | - loss_cc=4.581 - loss_ce=2.117 - loss_ne=0.0191 - loss_div=0.0003 - threshold=0.864 - loss=6.717
/scratch/e0538389/DivClust/engine/trainer.py:41: FutureWarning: `torch.cuda.amp.autocast(args...)` is deprecated. Please use `torch.amp.autocast('cuda', args...)` instead.
  with autocast(self.mixed_precision):
[2026-03-30 11:13:11](logger.py 179): id=CC_FMNIST_C10CFG_K20_E100_DT_0_7 | Ep. 31/100 - Step 150/273 (2.32 it/s) |##########          | - loss_cc=4.582 - loss_ce=2.117 - loss_ne=0.0194 - loss_div=0.000254 - threshold=0.865 - loss=6.719
/scratch/e0538389/DivClust/engine/trainer.py:41: FutureWarning: `torch.cuda.amp.autocast(args...)` is deprecated. Please use `torch.amp.autocast('cuda', args...)` instead.
  with autocast(self.mixed_precision):
[2026-03-30 11:13:22](logger.py 179): id=CC_FMNIST_C10CFG_K20_E100_DT_0_7 | Ep. 31/100 - Step 175/273 (2.32 it/s) |############        | - loss_cc=4.582 - loss_ce=2.117 - loss_ne=0.019 - loss_div=0.000218 - threshold=0.866 - loss=6.719
/scratch/e0538389/DivClust/engine/trainer.py:41: FutureWarning: `torch.cuda.amp.autocast(args...)` is deprecated. Please use `torch.amp.autocast('cuda', args...)` instead.
  with autocast(self.mixed_precision):
/scratch/e0538389/DivClust/engine/trainer.py:41: FutureWarning: `torch.cuda.amp.autocast(args...)` is deprecated. Please use `torch.amp.autocast('cuda', args...)` instead.
  with autocast(self.mixed_precision):
[2026-03-30 11:13:33](logger.py 179): id=CC_FMNIST_C10CFG_K20_E100_DT_0_7 | Ep. 31/100 - Step 200/273 (2.31 it/s) |##############      | - loss_cc=4.582 - loss_ce=2.117 - loss_ne=0.0188 - loss_div=0.000193 - threshold=0.868 - loss=6.718
/scratch/e0538389/DivClust/engine/trainer.py:41: FutureWarning: `torch.cuda.amp.autocast(args...)` is deprecated. Please use `torch.amp.autocast('cuda', args...)` instead.
  with autocast(self.mixed_precision):
[2026-03-30 11:13:44](logger.py 179): id=CC_FMNIST_C10CFG_K20_E100_DT_0_7 | Ep. 31/100 - Step 225/273 (2.31 it/s) |################    | - loss_cc=4.581 - loss_ce=2.117 - loss_ne=0.019 - loss_div=0.000214 - threshold=0.869 - loss=6.717
/scratch/e0538389/DivClust/engine/trainer.py:41: FutureWarning: `torch.cuda.amp.autocast(args...)` is deprecated. Please use `torch.amp.autocast('cuda', args...)` instead.
  with autocast(self.mixed_precision):
[2026-03-30 11:13:55](logger.py 179): id=CC_FMNIST_C10CFG_K20_E100_DT_0_7 | Ep. 31/100 - Step 250/273 (2.31 it/s) |##################  | - loss_cc=4.581 - loss_ce=2.117 - loss_ne=0.0189 - loss_div=0.000236 - threshold=0.868 - loss=6.717
/scratch/e0538389/DivClust/engine/trainer.py:41: FutureWarning: `torch.cuda.amp.autocast(args...)` is deprecated. Please use `torch.amp.autocast('cuda', args...)` instead.
  with autocast(self.mixed_precision):
[2026-03-30 11:14:04](logger.py 179): id=CC_FMNIST_C10CFG_K20_E100_DT_0_7 | Ep. 31/100 | Time: 00:01 | loss_cc=4.581 - loss_ce=2.117 - loss_ne=0.019 - loss_div=0.000284 - threshold=0.867 - loss=6.717
[2026-03-30 11:14:07](logger.py 179): id=CC_FMNIST_C10CFG_K20_E100_DT_0_7 | Ep. 32/100 - Step 0/273 (0.0 it/s) |                    | - loss_cc=4.608 - loss_ce=2.139 - loss_ne=0.0256 - loss_div=0.0011 - threshold=0.851 - loss=6.774
/scratch/e0538389/DivClust/engine/trainer.py:41: FutureWarning: `torch.cuda.amp.autocast(args...)` is deprecated. Please use `torch.amp.autocast('cuda', args...)` instead.
  with autocast(self.mixed_precision):
/scratch/e0538389/DivClust/engine/trainer.py:41: FutureWarning: `torch.cuda.amp.autocast(args...)` is deprecated. Please use `torch.amp.autocast('cuda', args...)` instead.
  with autocast(self.mixed_precision):
[2026-03-30 11:14:18](logger.py 179): id=CC_FMNIST_C10CFG_K20_E100_DT_0_7 | Ep. 32/100 - Step 25/273 (2.22 it/s) |#                   | - loss_cc=4.576 - loss_ce=2.116 - loss_ne=0.0177 - loss_div=0.000177 - threshold=0.859 - loss=6.71
/scratch/e0538389/DivClust/engine/trainer.py:41: FutureWarning: `torch.cuda.amp.autocast(args...)` is deprecated. Please use `torch.amp.autocast('cuda', args...)` instead.
  with autocast(self.mixed_precision):
[2026-03-30 11:14:29](logger.py 179): id=CC_FMNIST_C10CFG_K20_E100_DT_0_7 | Ep. 32/100 - Step 50/273 (2.29 it/s) |###                 | - loss_cc=4.577 - loss_ce=2.116 - loss_ne=0.0178 - loss_div=0.000207 - threshold=0.862 - loss=6.71
/scratch/e0538389/DivClust/engine/trainer.py:41: FutureWarning: `torch.cuda.amp.autocast(args...)` is deprecated. Please use `torch.amp.autocast('cuda', args...)` instead.
  with autocast(self.mixed_precision):
[2026-03-30 11:14:39](logger.py 179): id=CC_FMNIST_C10CFG_K20_E100_DT_0_7 | Ep. 32/100 - Step 75/273 (2.32 it/s) |#####               | - loss_cc=4.576 - loss_ce=2.116 - loss_ne=0.0188 - loss_div=0.00039 - threshold=0.86 - loss=6.711
/scratch/e0538389/DivClust/engine/trainer.py:41: FutureWarning: `torch.cuda.amp.autocast(args...)` is deprecated. Please use `torch.amp.autocast('cuda', args...)` instead.
  with autocast(self.mixed_precision):
[2026-03-30 11:14:49](logger.py 179): id=CC_FMNIST_C10CFG_K20_E100_DT_0_7 | Ep. 32/100 - Step 100/273 (2.34 it/s) |#######             | - loss_cc=4.576 - loss_ce=2.116 - loss_ne=0.0185 - loss_div=0.00033 - threshold=0.859 - loss=6.711
/scratch/e0538389/DivClust/engine/trainer.py:41: FutureWarning: `torch.cuda.amp.autocast(args...)` is deprecated. Please use `torch.amp.autocast('cuda', args...)` instead.
  with autocast(self.mixed_precision):
/scratch/e0538389/DivClust/engine/trainer.py:41: FutureWarning: `torch.cuda.amp.autocast(args...)` is deprecated. Please use `torch.amp.autocast('cuda', args...)` instead.
  with autocast(self.mixed_precision):
[2026-03-30 11:15:00](logger.py 179): id=CC_FMNIST_C10CFG_K20_E100_DT_0_7 | Ep. 32/100 - Step 125/273 (2.33 it/s) |#########           | - loss_cc=4.576 - loss_ce=2.116 - loss_ne=0.0186 - loss_div=0.000273 - threshold=0.861 - loss=6.711
/scratch/e0538389/DivClust/engine/trainer.py:41: FutureWarning: `torch.cuda.amp.autocast(args...)` is deprecated. Please use `torch.amp.autocast('cuda', args...)` instead.
  with autocast(self.mixed_precision):
[2026-03-30 11:15:11](logger.py 179): id=CC_FMNIST_C10CFG_K20_E100_DT_0_7 | Ep. 32/100 - Step 150/273 (2.33 it/s) |##########          | - loss_cc=4.576 - loss_ce=2.116 - loss_ne=0.0187 - loss_div=0.00023 - threshold=0.863 - loss=6.71
/scratch/e0538389/DivClust/engine/trainer.py:41: FutureWarning: `torch.cuda.amp.autocast(args...)` is deprecated. Please use `torch.amp.autocast('cuda', args...)` instead.
  with autocast(self.mixed_precision):
[2026-03-30 11:15:22](logger.py 179): id=CC_FMNIST_C10CFG_K20_E100_DT_0_7 | Ep. 32/100 - Step 175/273 (2.33 it/s) |############        | - loss_cc=4.575 - loss_ce=2.115 - loss_ne=0.0189 - loss_div=0.000251 - threshold=0.863 - loss=6.71
/scratch/e0538389/DivClust/engine/trainer.py:41: FutureWarning: `torch.cuda.amp.autocast(args...)` is deprecated. Please use `torch.amp.autocast('cuda', args...)` instead.
  with autocast(self.mixed_precision):
[2026-03-30 11:15:33](logger.py 179): id=CC_FMNIST_C10CFG_K20_E100_DT_0_7 | Ep. 32/100 - Step 200/273 (2.32 it/s) |##############      | - loss_cc=4.576 - loss_ce=2.115 - loss_ne=0.0188 - loss_div=0.000334 - threshold=0.862 - loss=6.71
/scratch/e0538389/DivClust/engine/trainer.py:41: FutureWarning: `torch.cuda.amp.autocast(args...)` is deprecated. Please use `torch.amp.autocast('cuda', args...)` instead.
  with autocast(self.mixed_precision):
/scratch/e0538389/DivClust/engine/trainer.py:41: FutureWarning: `torch.cuda.amp.autocast(args...)` is deprecated. Please use `torch.amp.autocast('cuda', args...)` instead.
  with autocast(self.mixed_precision):
[2026-03-30 11:15:44](logger.py 179): id=CC_FMNIST_C10CFG_K20_E100_DT_0_7 | Ep. 32/100 - Step 225/273 (2.31 it/s) |################    | - loss_cc=4.576 - loss_ce=2.116 - loss_ne=0.0185 - loss_div=0.000309 - threshold=0.862 - loss=6.711
/scratch/e0538389/DivClust/engine/trainer.py:41: FutureWarning: `torch.cuda.amp.autocast(args...)` is deprecated. Please use `torch.amp.autocast('cuda', args...)` instead.
  with autocast(self.mixed_precision):
[2026-03-30 11:15:55](logger.py 179): id=CC_FMNIST_C10CFG_K20_E100_DT_0_7 | Ep. 32/100 - Step 250/273 (2.31 it/s) |##################  | - loss_cc=4.577 - loss_ce=2.116 - loss_ne=0.0185 - loss_div=0.00029 - threshold=0.862 - loss=6.711
/scratch/e0538389/DivClust/engine/trainer.py:41: FutureWarning: `torch.cuda.amp.autocast(args...)` is deprecated. Please use `torch.amp.autocast('cuda', args...)` instead.
  with autocast(self.mixed_precision):
[2026-03-30 11:16:04](logger.py 179): id=CC_FMNIST_C10CFG_K20_E100_DT_0_7 | Ep. 32/100 | Time: 00:01 | loss_cc=4.577 - loss_ce=2.116 - loss_ne=0.0185 - loss_div=0.00028 - threshold=0.862 - loss=6.712
[2026-03-30 11:16:07](logger.py 179): id=CC_FMNIST_C10CFG_K20_E100_DT_0_7 | Ep. 33/100 - Step 0/273 (0.0 it/s) |                    | - loss_cc=4.607 - loss_ce=2.124 - loss_ne=0.0175 - loss_div=0.0 - threshold=0.868 - loss=6.749
/scratch/e0538389/DivClust/engine/trainer.py:41: FutureWarning: `torch.cuda.amp.autocast(args...)` is deprecated. Please use `torch.amp.autocast('cuda', args...)` instead.
  with autocast(self.mixed_precision):
[2026-03-30 11:16:18](logger.py 179): id=CC_FMNIST_C10CFG_K20_E100_DT_0_7 | Ep. 33/100 - Step 25/273 (2.31 it/s) |#                   | - loss_cc=4.576 - loss_ce=2.115 - loss_ne=0.0159 - loss_div=0.0 - threshold=0.873 - loss=6.708
/scratch/e0538389/DivClust/engine/trainer.py:41: FutureWarning: `torch.cuda.amp.autocast(args...)` is deprecated. Please use `torch.amp.autocast('cuda', args...)` instead.
  with autocast(self.mixed_precision):
[2026-03-30 11:16:28](logger.py 179): id=CC_FMNIST_C10CFG_K20_E100_DT_0_7 | Ep. 33/100 - Step 50/273 (2.33 it/s) |###                 | - loss_cc=4.576 - loss_ce=2.115 - loss_ne=0.0177 - loss_div=0.000174 - threshold=0.871 - loss=6.709
/scratch/e0538389/DivClust/engine/trainer.py:41: FutureWarning: `torch.cuda.amp.autocast(args...)` is deprecated. Please use `torch.amp.autocast('cuda', args...)` instead.
  with autocast(self.mixed_precision):
/scratch/e0538389/DivClust/engine/trainer.py:41: FutureWarning: `torch.cuda.amp.autocast(args...)` is deprecated. Please use `torch.amp.autocast('cuda', args...)` instead.
  with autocast(self.mixed_precision):
[2026-03-30 11:16:40](logger.py 179): id=CC_FMNIST_C10CFG_K20_E100_DT_0_7 | Ep. 33/100 - Step 75/273 (2.29 it/s) |#####               | - loss_cc=4.577 - loss_ce=2.116 - loss_ne=0.0183 - loss_div=0.000266 - threshold=0.868 - loss=6.712
/scratch/e0538389/DivClust/engine/trainer.py:41: FutureWarning: `torch.cuda.amp.autocast(args...)` is deprecated. Please use `torch.amp.autocast('cuda', args...)` instead.
  with autocast(self.mixed_precision):
[2026-03-30 11:16:50](logger.py 179): id=CC_FMNIST_C10CFG_K20_E100_DT_0_7 | Ep. 33/100 - Step 100/273 (2.3 it/s) |#######             | - loss_cc=4.577 - loss_ce=2.116 - loss_ne=0.0181 - loss_div=0.000201 - threshold=0.869 - loss=6.712
/scratch/e0538389/DivClust/engine/trainer.py:41: FutureWarning: `torch.cuda.amp.autocast(args...)` is deprecated. Please use `torch.amp.autocast('cuda', args...)` instead.
  with autocast(self.mixed_precision):
[2026-03-30 11:17:01](logger.py 179): id=CC_FMNIST_C10CFG_K20_E100_DT_0_7 | Ep. 33/100 - Step 125/273 (2.31 it/s) |#########           | - loss_cc=4.577 - loss_ce=2.116 - loss_ne=0.0181 - loss_div=0.000184 - threshold=0.869 - loss=6.711
/scratch/e0538389/DivClust/engine/trainer.py:41: FutureWarning: `torch.cuda.amp.autocast(args...)` is deprecated. Please use `torch.amp.autocast('cuda', args...)` instead.
  with autocast(self.mixed_precision):
[2026-03-30 11:17:12](logger.py 179): id=CC_FMNIST_C10CFG_K20_E100_DT_0_7 | Ep. 33/100 - Step 150/273 (2.32 it/s) |##########          | - loss_cc=4.576 - loss_ce=2.115 - loss_ne=0.0177 - loss_div=0.000303 - threshold=0.868 - loss=6.709
/scratch/e0538389/DivClust/engine/trainer.py:41: FutureWarning: `torch.cuda.amp.autocast(args...)` is deprecated. Please use `torch.amp.autocast('cuda', args...)` instead.
  with autocast(self.mixed_precision):
/scratch/e0538389/DivClust/engine/trainer.py:41: FutureWarning: `torch.cuda.amp.autocast(args...)` is deprecated. Please use `torch.amp.autocast('cuda', args...)` instead.
  with autocast(self.mixed_precision):
[2026-03-30 11:17:23](logger.py 179): id=CC_FMNIST_C10CFG_K20_E100_DT_0_7 | Ep. 33/100 - Step 175/273 (2.31 it/s) |############        | - loss_cc=4.576 - loss_ce=2.115 - loss_ne=0.018 - loss_div=0.000434 - threshold=0.866 - loss=6.71
/scratch/e0538389/DivClust/engine/trainer.py:41: FutureWarning: `torch.cuda.amp.autocast(args...)` is deprecated. Please use `torch.amp.autocast('cuda', args...)` instead.
  with autocast(self.mixed_precision):
[2026-03-30 11:17:33](logger.py 179): id=CC_FMNIST_C10CFG_K20_E100_DT_0_7 | Ep. 33/100 - Step 200/273 (2.31 it/s) |##############      | - loss_cc=4.576 - loss_ce=2.116 - loss_ne=0.0183 - loss_div=0.000388 - threshold=0.865 - loss=6.711
/scratch/e0538389/DivClust/engine/trainer.py:41: FutureWarning: `torch.cuda.amp.autocast(args...)` is deprecated. Please use `torch.amp.autocast('cuda', args...)` instead.
  with autocast(self.mixed_precision):
[2026-03-30 11:17:44](logger.py 179): id=CC_FMNIST_C10CFG_K20_E100_DT_0_7 | Ep. 33/100 - Step 225/273 (2.31 it/s) |################    | - loss_cc=4.578 - loss_ce=2.116 - loss_ne=0.0184 - loss_div=0.000366 - threshold=0.865 - loss=6.712
/scratch/e0538389/DivClust/engine/trainer.py:41: FutureWarning: `torch.cuda.amp.autocast(args...)` is deprecated. Please use `torch.amp.autocast('cuda', args...)` instead.
  with autocast(self.mixed_precision):
[2026-03-30 11:17:55](logger.py 179): id=CC_FMNIST_C10CFG_K20_E100_DT_0_7 | Ep. 33/100 - Step 250/273 (2.31 it/s) |##################  | - loss_cc=4.578 - loss_ce=2.116 - loss_ne=0.0185 - loss_div=0.000408 - threshold=0.864 - loss=6.713
/scratch/e0538389/DivClust/engine/trainer.py:41: FutureWarning: `torch.cuda.amp.autocast(args...)` is deprecated. Please use `torch.amp.autocast('cuda', args...)` instead.
  with autocast(self.mixed_precision):
/scratch/e0538389/DivClust/engine/trainer.py:41: FutureWarning: `torch.cuda.amp.autocast(args...)` is deprecated. Please use `torch.amp.autocast('cuda', args...)` instead.
  with autocast(self.mixed_precision):
[2026-03-30 11:18:05](logger.py 179): id=CC_FMNIST_C10CFG_K20_E100_DT_0_7 | Ep. 33/100 | Time: 00:01 | loss_cc=4.578 - loss_ce=2.116 - loss_ne=0.0185 - loss_div=0.000487 - threshold=0.862 - loss=6.713
[2026-03-30 11:18:07](logger.py 179): id=CC_FMNIST_C10CFG_K20_E100_DT_0_7 | Ep. 34/100 - Step 0/273 (0.0 it/s) |                    | - loss_cc=4.532 - loss_ce=2.1 - loss_ne=0.00994 - loss_div=0.0 - threshold=0.85 - loss=6.642
/scratch/e0538389/DivClust/engine/trainer.py:41: FutureWarning: `torch.cuda.amp.autocast(args...)` is deprecated. Please use `torch.amp.autocast('cuda', args...)` instead.
  with autocast(self.mixed_precision):
[2026-03-30 11:18:18](logger.py 179): id=CC_FMNIST_C10CFG_K20_E100_DT_0_7 | Ep. 34/100 - Step 25/273 (2.32 it/s) |#                   | - loss_cc=4.565 - loss_ce=2.112 - loss_ne=0.0176 - loss_div=8.94e-05 - threshold=0.853 - loss=6.695
/scratch/e0538389/DivClust/engine/trainer.py:41: FutureWarning: `torch.cuda.amp.autocast(args...)` is deprecated. Please use `torch.amp.autocast('cuda', args...)` instead.
  with autocast(self.mixed_precision):
[2026-03-30 11:18:28](logger.py 179): id=CC_FMNIST_C10CFG_K20_E100_DT_0_7 | Ep. 34/100 - Step 50/273 (2.32 it/s) |###                 | - loss_cc=4.57 - loss_ce=2.114 - loss_ne=0.0196 - loss_div=6.33e-05 - threshold=0.858 - loss=6.704
/scratch/e0538389/DivClust/engine/trainer.py:41: FutureWarning: `torch.cuda.amp.autocast(args...)` is deprecated. Please use `torch.amp.autocast('cuda', args...)` instead.
  with autocast(self.mixed_precision):
[2026-03-30 11:18:39](logger.py 179): id=CC_FMNIST_C10CFG_K20_E100_DT_0_7 | Ep. 34/100 - Step 75/273 (2.31 it/s) |#####               | - loss_cc=4.569 - loss_ce=2.113 - loss_ne=0.0193 - loss_div=5.23e-05 - threshold=0.863 - loss=6.701
/scratch/e0538389/DivClust/engine/trainer.py:41: FutureWarning: `torch.cuda.amp.autocast(args...)` is deprecated. Please use `torch.amp.autocast('cuda', args...)` instead.
  with autocast(self.mixed_precision):
/scratch/e0538389/DivClust/engine/trainer.py:41: FutureWarning: `torch.cuda.amp.autocast(args...)` is deprecated. Please use `torch.amp.autocast('cuda', args...)` instead.
  with autocast(self.mixed_precision):
[2026-03-30 11:18:50](logger.py 179): id=CC_FMNIST_C10CFG_K20_E100_DT_0_7 | Ep. 34/100 - Step 100/273 (2.31 it/s) |#######             | - loss_cc=4.57 - loss_ce=2.114 - loss_ne=0.0192 - loss_div=9.1e-05 - threshold=0.864 - loss=6.704
/scratch/e0538389/DivClust/engine/trainer.py:41: FutureWarning: `torch.cuda.amp.autocast(args...)` is deprecated. Please use `torch.amp.autocast('cuda', args...)` instead.
  with autocast(self.mixed_precision):
[2026-03-30 11:19:01](logger.py 179): id=CC_FMNIST_C10CFG_K20_E100_DT_0_7 | Ep. 34/100 - Step 125/273 (2.31 it/s) |#########           | - loss_cc=4.573 - loss_ce=2.115 - loss_ne=0.0189 - loss_div=0.000262 - threshold=0.862 - loss=6.707
/scratch/e0538389/DivClust/engine/trainer.py:41: FutureWarning: `torch.cuda.amp.autocast(args...)` is deprecated. Please use `torch.amp.autocast('cuda', args...)` instead.
  with autocast(self.mixed_precision):
[2026-03-30 11:19:11](logger.py 179): id=CC_FMNIST_C10CFG_K20_E100_DT_0_7 | Ep. 34/100 - Step 150/273 (2.32 it/s) |##########          | - loss_cc=4.572 - loss_ce=2.115 - loss_ne=0.0191 - loss_div=0.000273 - threshold=0.861 - loss=6.707
/scratch/e0538389/DivClust/engine/trainer.py:41: FutureWarning: `torch.cuda.amp.autocast(args...)` is deprecated. Please use `torch.amp.autocast('cuda', args...)` instead.
  with autocast(self.mixed_precision):
[2026-03-30 11:19:22](logger.py 179): id=CC_FMNIST_C10CFG_K20_E100_DT_0_7 | Ep. 34/100 - Step 175/273 (2.32 it/s) |############        | - loss_cc=4.573 - loss_ce=2.115 - loss_ne=0.0194 - loss_div=0.000242 - threshold=0.861 - loss=6.708
/scratch/e0538389/DivClust/engine/trainer.py:41: FutureWarning: `torch.cuda.amp.autocast(args...)` is deprecated. Please use `torch.amp.autocast('cuda', args...)` instead.
  with autocast(self.mixed_precision):
/scratch/e0538389/DivClust/engine/trainer.py:41: FutureWarning: `torch.cuda.amp.autocast(args...)` is deprecated. Please use `torch.amp.autocast('cuda', args...)` instead.
  with autocast(self.mixed_precision):
[2026-03-30 11:19:33](logger.py 179): id=CC_FMNIST_C10CFG_K20_E100_DT_0_7 | Ep. 34/100 - Step 200/273 (2.31 it/s) |##############      | - loss_cc=4.574 - loss_ce=2.115 - loss_ne=0.0197 - loss_div=0.000339 - threshold=0.861 - loss=6.709
/scratch/e0538389/DivClust/engine/trainer.py:41: FutureWarning: `torch.cuda.amp.autocast(args...)` is deprecated. Please use `torch.amp.autocast('cuda', args...)` instead.
  with autocast(self.mixed_precision):
[2026-03-30 11:19:44](logger.py 179): id=CC_FMNIST_C10CFG_K20_E100_DT_0_7 | Ep. 34/100 - Step 225/273 (2.31 it/s) |################    | - loss_cc=4.574 - loss_ce=2.115 - loss_ne=0.0195 - loss_div=0.000433 - threshold=0.859 - loss=6.709
/scratch/e0538389/DivClust/engine/trainer.py:41: FutureWarning: `torch.cuda.amp.autocast(args...)` is deprecated. Please use `torch.amp.autocast('cuda', args...)` instead.
  with autocast(self.mixed_precision):
[2026-03-30 11:19:55](logger.py 179): id=CC_FMNIST_C10CFG_K20_E100_DT_0_7 | Ep. 34/100 - Step 250/273 (2.31 it/s) |##################  | - loss_cc=4.574 - loss_ce=2.115 - loss_ne=0.0195 - loss_div=0.000423 - threshold=0.858 - loss=6.71
/scratch/e0538389/DivClust/engine/trainer.py:41: FutureWarning: `torch.cuda.amp.autocast(args...)` is deprecated. Please use `torch.amp.autocast('cuda', args...)` instead.
  with autocast(self.mixed_precision):
[2026-03-30 11:20:05](logger.py 179): id=CC_FMNIST_C10CFG_K20_E100_DT_0_7 | Ep. 34/100 | Time: 00:01 | loss_cc=4.574 - loss_ce=2.115 - loss_ne=0.0195 - loss_div=0.000402 - threshold=0.858 - loss=6.71
[2026-03-30 11:20:07](logger.py 179): id=CC_FMNIST_C10CFG_K20_E100_DT_0_7 | Ep. 35/100 - Step 0/273 (0.0 it/s) |                    | - loss_cc=4.567 - loss_ce=2.115 - loss_ne=0.0116 - loss_div=0.0 - threshold=0.858 - loss=6.693
/scratch/e0538389/DivClust/engine/trainer.py:41: FutureWarning: `torch.cuda.amp.autocast(args...)` is deprecated. Please use `torch.amp.autocast('cuda', args...)` instead.
  with autocast(self.mixed_precision):
[2026-03-30 11:20:18](logger.py 179): id=CC_FMNIST_C10CFG_K20_E100_DT_0_7 | Ep. 35/100 - Step 25/273 (2.21 it/s) |#                   | - loss_cc=4.563 - loss_ce=2.111 - loss_ne=0.0165 - loss_div=6.64e-06 - threshold=0.865 - loss=6.69
/scratch/e0538389/DivClust/engine/trainer.py:41: FutureWarning: `torch.cuda.amp.autocast(args...)` is deprecated. Please use `torch.amp.autocast('cuda', args...)` instead.
  with autocast(self.mixed_precision):
/scratch/e0538389/DivClust/engine/trainer.py:41: FutureWarning: `torch.cuda.amp.autocast(args...)` is deprecated. Please use `torch.amp.autocast('cuda', args...)` instead.
  with autocast(self.mixed_precision):
[2026-03-30 11:20:29](logger.py 179): id=CC_FMNIST_C10CFG_K20_E100_DT_0_7 | Ep. 35/100 - Step 50/273 (2.25 it/s) |###                 | - loss_cc=4.566 - loss_ce=2.112 - loss_ne=0.0184 - loss_div=0.0001 - threshold=0.869 - loss=6.696
/scratch/e0538389/DivClust/engine/trainer.py:41: FutureWarning: `torch.cuda.amp.autocast(args...)` is deprecated. Please use `torch.amp.autocast('cuda', args...)` instead.
  with autocast(self.mixed_precision):
[2026-03-30 11:20:40](logger.py 179): id=CC_FMNIST_C10CFG_K20_E100_DT_0_7 | Ep. 35/100 - Step 75/273 (2.29 it/s) |#####               | - loss_cc=4.566 - loss_ce=2.112 - loss_ne=0.0179 - loss_div=9.92e-05 - threshold=0.87 - loss=6.696
/scratch/e0538389/DivClust/engine/trainer.py:41: FutureWarning: `torch.cuda.amp.autocast(args...)` is deprecated. Please use `torch.amp.autocast('cuda', args...)` instead.
  with autocast(self.mixed_precision):
[2026-03-30 11:20:51](logger.py 179): id=CC_FMNIST_C10CFG_K20_E100_DT_0_7 | Ep. 35/100 - Step 100/273 (2.3 it/s) |#######             | - loss_cc=4.568 - loss_ce=2.113 - loss_ne=0.0184 - loss_div=8e-05 - threshold=0.87 - loss=6.7
/scratch/e0538389/DivClust/engine/trainer.py:41: FutureWarning: `torch.cuda.amp.autocast(args...)` is deprecated. Please use `torch.amp.autocast('cuda', args...)` instead.
  with autocast(self.mixed_precision):
[2026-03-30 11:21:02](logger.py 179): id=CC_FMNIST_C10CFG_K20_E100_DT_0_7 | Ep. 35/100 - Step 125/273 (2.28 it/s) |#########           | - loss_cc=4.57 - loss_ce=2.114 - loss_ne=0.0185 - loss_div=0.000145 - threshold=0.868 - loss=6.702
/scratch/e0538389/DivClust/engine/trainer.py:41: FutureWarning: `torch.cuda.amp.autocast(args...)` is deprecated. Please use `torch.amp.autocast('cuda', args...)` instead.
  with autocast(self.mixed_precision):
/scratch/e0538389/DivClust/engine/trainer.py:41: FutureWarning: `torch.cuda.amp.autocast(args...)` is deprecated. Please use `torch.amp.autocast('cuda', args...)` instead.
  with autocast(self.mixed_precision):
[2026-03-30 11:21:13](logger.py 179): id=CC_FMNIST_C10CFG_K20_E100_DT_0_7 | Ep. 35/100 - Step 150/273 (2.29 it/s) |##########          | - loss_cc=4.571 - loss_ce=2.114 - loss_ne=0.0183 - loss_div=0.000154 - threshold=0.867 - loss=6.704
/scratch/e0538389/DivClust/engine/trainer.py:41: FutureWarning: `torch.cuda.amp.autocast(args...)` is deprecated. Please use `torch.amp.autocast('cuda', args...)` instead.
  with autocast(self.mixed_precision):
[2026-03-30 11:21:24](logger.py 179): id=CC_FMNIST_C10CFG_K20_E100_DT_0_7 | Ep. 35/100 - Step 175/273 (2.29 it/s) |############        | - loss_cc=4.572 - loss_ce=2.115 - loss_ne=0.0182 - loss_div=0.000154 - threshold=0.866 - loss=6.705
/scratch/e0538389/DivClust/engine/trainer.py:41: FutureWarning: `torch.cuda.amp.autocast(args...)` is deprecated. Please use `torch.amp.autocast('cuda', args...)` instead.
  with autocast(self.mixed_precision):
[2026-03-30 11:21:34](logger.py 179): id=CC_FMNIST_C10CFG_K20_E100_DT_0_7 | Ep. 35/100 - Step 200/273 (2.29 it/s) |##############      | - loss_cc=4.573 - loss_ce=2.115 - loss_ne=0.0181 - loss_div=0.000136 - threshold=0.867 - loss=6.706
/scratch/e0538389/DivClust/engine/trainer.py:41: FutureWarning: `torch.cuda.amp.autocast(args...)` is deprecated. Please use `torch.amp.autocast('cuda', args...)` instead.
  with autocast(self.mixed_precision):
[2026-03-30 11:21:46](logger.py 179): id=CC_FMNIST_C10CFG_K20_E100_DT_0_7 | Ep. 35/100 - Step 225/273 (2.28 it/s) |################    | - loss_cc=4.573 - loss_ce=2.115 - loss_ne=0.0181 - loss_div=0.000151 - threshold=0.867 - loss=6.706
/scratch/e0538389/DivClust/engine/trainer.py:41: FutureWarning: `torch.cuda.amp.autocast(args...)` is deprecated. Please use `torch.amp.autocast('cuda', args...)` instead.
  with autocast(self.mixed_precision):
/scratch/e0538389/DivClust/engine/trainer.py:41: FutureWarning: `torch.cuda.amp.autocast(args...)` is deprecated. Please use `torch.amp.autocast('cuda', args...)` instead.
  with autocast(self.mixed_precision):
[2026-03-30 11:21:57](logger.py 179): id=CC_FMNIST_C10CFG_K20_E100_DT_0_7 | Ep. 35/100 - Step 250/273 (2.29 it/s) |##################  | - loss_cc=4.572 - loss_ce=2.115 - loss_ne=0.0182 - loss_div=0.00022 - threshold=0.866 - loss=6.705
/scratch/e0538389/DivClust/engine/trainer.py:41: FutureWarning: `torch.cuda.amp.autocast(args...)` is deprecated. Please use `torch.amp.autocast('cuda', args...)` instead.
  with autocast(self.mixed_precision):
[2026-03-30 11:22:06](logger.py 179): id=CC_FMNIST_C10CFG_K20_E100_DT_0_7 | Ep. 35/100 | Time: 00:01 | loss_cc=4.572 - loss_ce=2.115 - loss_ne=0.0182 - loss_div=0.000265 - threshold=0.864 - loss=6.705
[2026-03-30 11:22:08](logger.py 179): id=CC_FMNIST_C10CFG_K20_E100_DT_0_7 | Ep. 36/100 - Step 0/273 (0.0 it/s) |                    | - loss_cc=4.541 - loss_ce=2.105 - loss_ne=0.0106 - loss_div=0.0 - threshold=0.841 - loss=6.656
/scratch/e0538389/DivClust/engine/trainer.py:41: FutureWarning: `torch.cuda.amp.autocast(args...)` is deprecated. Please use `torch.amp.autocast('cuda', args...)` instead.
  with autocast(self.mixed_precision):
[2026-03-30 11:22:19](logger.py 179): id=CC_FMNIST_C10CFG_K20_E100_DT_0_7 | Ep. 36/100 - Step 25/273 (2.3 it/s) |#                   | - loss_cc=4.571 - loss_ce=2.114 - loss_ne=0.019 - loss_div=0.000919 - threshold=0.845 - loss=6.705
/scratch/e0538389/DivClust/engine/trainer.py:41: FutureWarning: `torch.cuda.amp.autocast(args...)` is deprecated. Please use `torch.amp.autocast('cuda', args...)` instead.
  with autocast(self.mixed_precision):
[2026-03-30 11:22:30](logger.py 179): id=CC_FMNIST_C10CFG_K20_E100_DT_0_7 | Ep. 36/100 - Step 50/273 (2.31 it/s) |###                 | - loss_cc=4.574 - loss_ce=2.116 - loss_ne=0.0177 - loss_div=0.00047 - threshold=0.85 - loss=6.709
/scratch/e0538389/DivClust/engine/trainer.py:41: FutureWarning: `torch.cuda.amp.autocast(args...)` is deprecated. Please use `torch.amp.autocast('cuda', args...)` instead.
  with autocast(self.mixed_precision):
/scratch/e0538389/DivClust/engine/trainer.py:41: FutureWarning: `torch.cuda.amp.autocast(args...)` is deprecated. Please use `torch.amp.autocast('cuda', args...)` instead.
  with autocast(self.mixed_precision):
[2026-03-30 11:22:41](logger.py 179): id=CC_FMNIST_C10CFG_K20_E100_DT_0_7 | Ep. 36/100 - Step 75/273 (2.27 it/s) |#####               | - loss_cc=4.574 - loss_ce=2.116 - loss_ne=0.0181 - loss_div=0.000325 - threshold=0.856 - loss=6.709
/scratch/e0538389/DivClust/engine/trainer.py:41: FutureWarning: `torch.cuda.amp.autocast(args...)` is deprecated. Please use `torch.amp.autocast('cuda', args...)` instead.
  with autocast(self.mixed_precision):
[2026-03-30 11:22:52](logger.py 179): id=CC_FMNIST_C10CFG_K20_E100_DT_0_7 | Ep. 36/100 - Step 100/273 (2.28 it/s) |#######             | - loss_cc=4.573 - loss_ce=2.116 - loss_ne=0.0191 - loss_div=0.000245 - threshold=0.861 - loss=6.708
/scratch/e0538389/DivClust/engine/trainer.py:41: FutureWarning: `torch.cuda.amp.autocast(args...)` is deprecated. Please use `torch.amp.autocast('cuda', args...)` instead.
  with autocast(self.mixed_precision):
[2026-03-30 11:23:02](logger.py 179): id=CC_FMNIST_C10CFG_K20_E100_DT_0_7 | Ep. 36/100 - Step 125/273 (2.3 it/s) |#########           | - loss_cc=4.575 - loss_ce=2.116 - loss_ne=0.0194 - loss_div=0.000215 - threshold=0.865 - loss=6.71
/scratch/e0538389/DivClust/engine/trainer.py:41: FutureWarning: `torch.cuda.amp.autocast(args...)` is deprecated. Please use `torch.amp.autocast('cuda', args...)` instead.
  with autocast(self.mixed_precision):
[2026-03-30 11:23:13](logger.py 179): id=CC_FMNIST_C10CFG_K20_E100_DT_0_7 | Ep. 36/100 - Step 150/273 (2.3 it/s) |##########          | - loss_cc=4.574 - loss_ce=2.115 - loss_ne=0.0191 - loss_div=0.000189 - threshold=0.865 - loss=6.709
/scratch/e0538389/DivClust/engine/trainer.py:41: FutureWarning: `torch.cuda.amp.autocast(args...)` is deprecated. Please use `torch.amp.autocast('cuda', args...)` instead.
  with autocast(self.mixed_precision):
/scratch/e0538389/DivClust/engine/trainer.py:41: FutureWarning: `torch.cuda.amp.autocast(args...)` is deprecated. Please use `torch.amp.autocast('cuda', args...)` instead.
  with autocast(self.mixed_precision):
[2026-03-30 11:23:25](logger.py 179): id=CC_FMNIST_C10CFG_K20_E100_DT_0_7 | Ep. 36/100 - Step 175/273 (2.29 it/s) |############        | - loss_cc=4.573 - loss_ce=2.115 - loss_ne=0.0193 - loss_div=0.000265 - threshold=0.864 - loss=6.707
/scratch/e0538389/DivClust/engine/trainer.py:41: FutureWarning: `torch.cuda.amp.autocast(args...)` is deprecated. Please use `torch.amp.autocast('cuda', args...)` instead.
  with autocast(self.mixed_precision):
[2026-03-30 11:23:35](logger.py 179): id=CC_FMNIST_C10CFG_K20_E100_DT_0_7 | Ep. 36/100 - Step 200/273 (2.29 it/s) |##############      | - loss_cc=4.572 - loss_ce=2.115 - loss_ne=0.0188 - loss_div=0.000314 - threshold=0.862 - loss=6.706
/scratch/e0538389/DivClust/engine/trainer.py:41: FutureWarning: `torch.cuda.amp.autocast(args...)` is deprecated. Please use `torch.amp.autocast('cuda', args...)` instead.
  with autocast(self.mixed_precision):
[2026-03-30 11:23:46](logger.py 179): id=CC_FMNIST_C10CFG_K20_E100_DT_0_7 | Ep. 36/100 - Step 225/273 (2.29 it/s) |################    | - loss_cc=4.572 - loss_ce=2.114 - loss_ne=0.0188 - loss_div=0.000289 - threshold=0.862 - loss=6.705
/scratch/e0538389/DivClust/engine/trainer.py:41: FutureWarning: `torch.cuda.amp.autocast(args...)` is deprecated. Please use `torch.amp.autocast('cuda', args...)` instead.
  with autocast(self.mixed_precision):
[2026-03-30 11:23:57](logger.py 179): id=CC_FMNIST_C10CFG_K20_E100_DT_0_7 | Ep. 36/100 - Step 250/273 (2.3 it/s) |##################  | - loss_cc=4.571 - loss_ce=2.114 - loss_ne=0.0187 - loss_div=0.000287 - threshold=0.862 - loss=6.704
/scratch/e0538389/DivClust/engine/trainer.py:41: FutureWarning: `torch.cuda.amp.autocast(args...)` is deprecated. Please use `torch.amp.autocast('cuda', args...)` instead.
  with autocast(self.mixed_precision):
[2026-03-30 11:24:07](logger.py 179): id=CC_FMNIST_C10CFG_K20_E100_DT_0_7 | Ep. 36/100 | Time: 00:01 | loss_cc=4.571 - loss_ce=2.114 - loss_ne=0.0188 - loss_div=0.000336 - threshold=0.861 - loss=6.704
/scratch/e0538389/DivClust/engine/trainer.py:41: FutureWarning: `torch.cuda.amp.autocast(args...)` is deprecated. Please use `torch.amp.autocast('cuda', args...)` instead.
  with autocast(self.mixed_precision):
[2026-03-30 11:24:09](logger.py 179): id=CC_FMNIST_C10CFG_K20_E100_DT_0_7 | Ep. 37/100 - Step 0/273 (0.0 it/s) |                    | - loss_cc=4.57 - loss_ce=2.117 - loss_ne=0.0103 - loss_div=0.000933 - threshold=0.857 - loss=6.698
/scratch/e0538389/DivClust/engine/trainer.py:41: FutureWarning: `torch.cuda.amp.autocast(args...)` is deprecated. Please use `torch.amp.autocast('cuda', args...)` instead.
  with autocast(self.mixed_precision):
[2026-03-30 11:24:19](logger.py 179): id=CC_FMNIST_C10CFG_K20_E100_DT_0_7 | Ep. 37/100 - Step 25/273 (2.37 it/s) |#                   | - loss_cc=4.566 - loss_ce=2.113 - loss_ne=0.018 - loss_div=8.51e-05 - threshold=0.859 - loss=6.697
/scratch/e0538389/DivClust/engine/trainer.py:41: FutureWarning: `torch.cuda.amp.autocast(args...)` is deprecated. Please use `torch.amp.autocast('cuda', args...)` instead.
  with autocast(self.mixed_precision):
[2026-03-30 11:24:30](logger.py 179): id=CC_FMNIST_C10CFG_K20_E100_DT_0_7 | Ep. 37/100 - Step 50/273 (2.34 it/s) |###                 | - loss_cc=4.563 - loss_ce=2.111 - loss_ne=0.0185 - loss_div=8.71e-05 - threshold=0.86 - loss=6.693
/scratch/e0538389/DivClust/engine/trainer.py:41: FutureWarning: `torch.cuda.amp.autocast(args...)` is deprecated. Please use `torch.amp.autocast('cuda', args...)` instead.
  with autocast(self.mixed_precision):
[2026-03-30 11:24:41](logger.py 179): id=CC_FMNIST_C10CFG_K20_E100_DT_0_7 | Ep. 37/100 - Step 75/273 (2.33 it/s) |#####               | - loss_cc=4.564 - loss_ce=2.112 - loss_ne=0.0185 - loss_div=0.00039 - threshold=0.857 - loss=6.694
/scratch/e0538389/DivClust/engine/trainer.py:41: FutureWarning: `torch.cuda.amp.autocast(args...)` is deprecated. Please use `torch.amp.autocast('cuda', args...)` instead.
  with autocast(self.mixed_precision):
/scratch/e0538389/DivClust/engine/trainer.py:41: FutureWarning: `torch.cuda.amp.autocast(args...)` is deprecated. Please use `torch.amp.autocast('cuda', args...)` instead.
  with autocast(self.mixed_precision):
[2026-03-30 11:24:52](logger.py 179): id=CC_FMNIST_C10CFG_K20_E100_DT_0_7 | Ep. 37/100 - Step 100/273 (2.3 it/s) |#######             | - loss_cc=4.566 - loss_ce=2.113 - loss_ne=0.0184 - loss_div=0.000452 - threshold=0.853 - loss=6.698
/scratch/e0538389/DivClust/engine/trainer.py:41: FutureWarning: `torch.cuda.amp.autocast(args...)` is deprecated. Please use `torch.amp.autocast('cuda', args...)` instead.
  with autocast(self.mixed_precision):
[2026-03-30 11:25:03](logger.py 179): id=CC_FMNIST_C10CFG_K20_E100_DT_0_7 | Ep. 37/100 - Step 125/273 (2.3 it/s) |#########           | - loss_cc=4.565 - loss_ce=2.113 - loss_ne=0.0181 - loss_div=0.000401 - threshold=0.853 - loss=6.696
/scratch/e0538389/DivClust/engine/trainer.py:41: FutureWarning: `torch.cuda.amp.autocast(args...)` is deprecated. Please use `torch.amp.autocast('cuda', args...)` instead.
  with autocast(self.mixed_precision):
[2026-03-30 11:25:14](logger.py 179): id=CC_FMNIST_C10CFG_K20_E100_DT_0_7 | Ep. 37/100 - Step 150/273 (2.3 it/s) |##########          | - loss_cc=4.567 - loss_ce=2.113 - loss_ne=0.0182 - loss_div=0.000336 - threshold=0.854 - loss=6.699
/scratch/e0538389/DivClust/engine/trainer.py:41: FutureWarning: `torch.cuda.amp.autocast(args...)` is deprecated. Please use `torch.amp.autocast('cuda', args...)` instead.
  with autocast(self.mixed_precision):
[2026-03-30 11:25:24](logger.py 179): id=CC_FMNIST_C10CFG_K20_E100_DT_0_7 | Ep. 37/100 - Step 175/273 (2.31 it/s) |############        | - loss_cc=4.567 - loss_ce=2.113 - loss_ne=0.0183 - loss_div=0.000288 - threshold=0.856 - loss=6.698
/scratch/e0538389/DivClust/engine/trainer.py:41: FutureWarning: `torch.cuda.amp.autocast(args...)` is deprecated. Please use `torch.amp.autocast('cuda', args...)` instead.
  with autocast(self.mixed_precision):
/scratch/e0538389/DivClust/engine/trainer.py:41: FutureWarning: `torch.cuda.amp.autocast(args...)` is deprecated. Please use `torch.amp.autocast('cuda', args...)` instead.
  with autocast(self.mixed_precision):
[2026-03-30 11:25:35](logger.py 179): id=CC_FMNIST_C10CFG_K20_E100_DT_0_7 | Ep. 37/100 - Step 200/273 (2.31 it/s) |##############      | - loss_cc=4.567 - loss_ce=2.113 - loss_ne=0.0183 - loss_div=0.000259 - threshold=0.86 - loss=6.698
/scratch/e0538389/DivClust/engine/trainer.py:41: FutureWarning: `torch.cuda.amp.autocast(args...)` is deprecated. Please use `torch.amp.autocast('cuda', args...)` instead.
  with autocast(self.mixed_precision):
[2026-03-30 11:25:46](logger.py 179): id=CC_FMNIST_C10CFG_K20_E100_DT_0_7 | Ep. 37/100 - Step 225/273 (2.32 it/s) |################    | - loss_cc=4.567 - loss_ce=2.113 - loss_ne=0.0184 - loss_div=0.000239 - threshold=0.861 - loss=6.699
/scratch/e0538389/DivClust/engine/trainer.py:41: FutureWarning: `torch.cuda.amp.autocast(args...)` is deprecated. Please use `torch.amp.autocast('cuda', args...)` instead.
  with autocast(self.mixed_precision):
[2026-03-30 11:25:57](logger.py 179): id=CC_FMNIST_C10CFG_K20_E100_DT_0_7 | Ep. 37/100 - Step 250/273 (2.32 it/s) |##################  | - loss_cc=4.568 - loss_ce=2.113 - loss_ne=0.0183 - loss_div=0.000248 - threshold=0.861 - loss=6.7
/scratch/e0538389/DivClust/engine/trainer.py:41: FutureWarning: `torch.cuda.amp.autocast(args...)` is deprecated. Please use `torch.amp.autocast('cuda', args...)` instead.
  with autocast(self.mixed_precision):
[2026-03-30 11:26:06](logger.py 179): id=CC_FMNIST_C10CFG_K20_E100_DT_0_7 | Ep. 37/100 | Time: 00:01 | loss_cc=4.568 - loss_ce=2.113 - loss_ne=0.0185 - loss_div=0.000317 - threshold=0.86 - loss=6.699
[2026-03-30 11:26:08](logger.py 179): id=CC_FMNIST_C10CFG_K20_E100_DT_0_7 | Ep. 38/100 - Step 0/273 (0.0 it/s) |                    | - loss_cc=4.575 - loss_ce=2.117 - loss_ne=0.0214 - loss_div=0.0 - threshold=0.848 - loss=6.714
/scratch/e0538389/DivClust/engine/trainer.py:41: FutureWarning: `torch.cuda.amp.autocast(args...)` is deprecated. Please use `torch.amp.autocast('cuda', args...)` instead.
  with autocast(self.mixed_precision):
[2026-03-30 11:26:18](logger.py 179): id=CC_FMNIST_C10CFG_K20_E100_DT_0_7 | Ep. 38/100 - Step 25/273 (2.35 it/s) |#                   | - loss_cc=4.568 - loss_ce=2.114 - loss_ne=0.0196 - loss_div=0.000195 - threshold=0.854 - loss=6.702
/scratch/e0538389/DivClust/engine/trainer.py:41: FutureWarning: `torch.cuda.amp.autocast(args...)` is deprecated. Please use `torch.amp.autocast('cuda', args...)` instead.
  with autocast(self.mixed_precision):
/scratch/e0538389/DivClust/engine/trainer.py:41: FutureWarning: `torch.cuda.amp.autocast(args...)` is deprecated. Please use `torch.amp.autocast('cuda', args...)` instead.
  with autocast(self.mixed_precision):
[2026-03-30 11:26:30](logger.py 179): id=CC_FMNIST_C10CFG_K20_E100_DT_0_7 | Ep. 38/100 - Step 50/273 (2.28 it/s) |###                 | - loss_cc=4.565 - loss_ce=2.113 - loss_ne=0.02 - loss_div=9.96e-05 - threshold=0.86 - loss=6.698
/scratch/e0538389/DivClust/engine/trainer.py:41: FutureWarning: `torch.cuda.amp.autocast(args...)` is deprecated. Please use `torch.amp.autocast('cuda', args...)` instead.
  with autocast(self.mixed_precision):
[2026-03-30 11:26:41](logger.py 179): id=CC_FMNIST_C10CFG_K20_E100_DT_0_7 | Ep. 38/100 - Step 75/273 (2.29 it/s) |#####               | - loss_cc=4.564 - loss_ce=2.112 - loss_ne=0.0185 - loss_div=0.000108 - threshold=0.864 - loss=6.694
/scratch/e0538389/DivClust/engine/trainer.py:41: FutureWarning: `torch.cuda.amp.autocast(args...)` is deprecated. Please use `torch.amp.autocast('cuda', args...)` instead.
  with autocast(self.mixed_precision):
[2026-03-30 11:26:51](logger.py 179): id=CC_FMNIST_C10CFG_K20_E100_DT_0_7 | Ep. 38/100 - Step 100/273 (2.29 it/s) |#######             | - loss_cc=4.567 - loss_ce=2.113 - loss_ne=0.0181 - loss_div=0.000158 - threshold=0.863 - loss=6.699
/scratch/e0538389/DivClust/engine/trainer.py:41: FutureWarning: `torch.cuda.amp.autocast(args...)` is deprecated. Please use `torch.amp.autocast('cuda', args...)` instead.
  with autocast(self.mixed_precision):
[2026-03-30 11:27:02](logger.py 179): id=CC_FMNIST_C10CFG_K20_E100_DT_0_7 | Ep. 38/100 - Step 125/273 (2.3 it/s) |#########           | - loss_cc=4.568 - loss_ce=2.113 - loss_ne=0.0185 - loss_div=0.000275 - threshold=0.86 - loss=6.7
/scratch/e0538389/DivClust/engine/trainer.py:41: FutureWarning: `torch.cuda.amp.autocast(args...)` is deprecated. Please use `torch.amp.autocast('cuda', args...)` instead.
  with autocast(self.mixed_precision):
/scratch/e0538389/DivClust/engine/trainer.py:41: FutureWarning: `torch.cuda.amp.autocast(args...)` is deprecated. Please use `torch.amp.autocast('cuda', args...)` instead.
  with autocast(self.mixed_precision):
[2026-03-30 11:27:13](logger.py 179): id=CC_FMNIST_C10CFG_K20_E100_DT_0_7 | Ep. 38/100 - Step 150/273 (2.29 it/s) |##########          | - loss_cc=4.568 - loss_ce=2.113 - loss_ne=0.0184 - loss_div=0.000259 - threshold=0.86 - loss=6.7
/scratch/e0538389/DivClust/engine/trainer.py:41: FutureWarning: `torch.cuda.amp.autocast(args...)` is deprecated. Please use `torch.amp.autocast('cuda', args...)` instead.
  with autocast(self.mixed_precision):
[2026-03-30 11:27:24](logger.py 179): id=CC_FMNIST_C10CFG_K20_E100_DT_0_7 | Ep. 38/100 - Step 175/273 (2.31 it/s) |############        | - loss_cc=4.568 - loss_ce=2.113 - loss_ne=0.0184 - loss_div=0.000226 - threshold=0.861 - loss=6.7
/scratch/e0538389/DivClust/engine/trainer.py:41: FutureWarning: `torch.cuda.amp.autocast(args...)` is deprecated. Please use `torch.amp.autocast('cuda', args...)` instead.
  with autocast(self.mixed_precision):
[2026-03-30 11:27:34](logger.py 179): id=CC_FMNIST_C10CFG_K20_E100_DT_0_7 | Ep. 38/100 - Step 200/273 (2.32 it/s) |##############      | - loss_cc=4.567 - loss_ce=2.113 - loss_ne=0.0187 - loss_div=0.000205 - threshold=0.862 - loss=6.699
/scratch/e0538389/DivClust/engine/trainer.py:41: FutureWarning: `torch.cuda.amp.autocast(args...)` is deprecated. Please use `torch.amp.autocast('cuda', args...)` instead.
  with autocast(self.mixed_precision):
[2026-03-30 11:27:45](logger.py 179): id=CC_FMNIST_C10CFG_K20_E100_DT_0_7 | Ep. 38/100 - Step 225/273 (2.32 it/s) |################    | - loss_cc=4.568 - loss_ce=2.113 - loss_ne=0.0189 - loss_div=0.000242 - threshold=0.861 - loss=6.7
/scratch/e0538389/DivClust/engine/trainer.py:41: FutureWarning: `torch.cuda.amp.autocast(args...)` is deprecated. Please use `torch.amp.autocast('cuda', args...)` instead.
  with autocast(self.mixed_precision):
/scratch/e0538389/DivClust/engine/trainer.py:41: FutureWarning: `torch.cuda.amp.autocast(args...)` is deprecated. Please use `torch.amp.autocast('cuda', args...)` instead.
  with autocast(self.mixed_precision):
[2026-03-30 11:27:56](logger.py 179): id=CC_FMNIST_C10CFG_K20_E100_DT_0_7 | Ep. 38/100 - Step 250/273 (2.31 it/s) |##################  | - loss_cc=4.568 - loss_ce=2.113 - loss_ne=0.0187 - loss_div=0.000287 - threshold=0.86 - loss=6.699
/scratch/e0538389/DivClust/engine/trainer.py:41: FutureWarning: `torch.cuda.amp.autocast(args...)` is deprecated. Please use `torch.amp.autocast('cuda', args...)` instead.
  with autocast(self.mixed_precision):
[2026-03-30 11:28:05](logger.py 179): id=CC_FMNIST_C10CFG_K20_E100_DT_0_7 | Ep. 38/100 | Time: 00:01 | loss_cc=4.567 - loss_ce=2.113 - loss_ne=0.0188 - loss_div=0.000286 - threshold=0.86 - loss=6.698
[2026-03-30 11:28:07](logger.py 179): id=CC_FMNIST_C10CFG_K20_E100_DT_0_7 | Ep. 39/100 - Step 0/273 (0.0 it/s) |                    | - loss_cc=4.621 - loss_ce=2.128 - loss_ne=0.0226 - loss_div=0.0 - threshold=0.864 - loss=6.771
/scratch/e0538389/DivClust/engine/trainer.py:41: FutureWarning: `torch.cuda.amp.autocast(args...)` is deprecated. Please use `torch.amp.autocast('cuda', args...)` instead.
  with autocast(self.mixed_precision):
[2026-03-30 11:28:18](logger.py 179): id=CC_FMNIST_C10CFG_K20_E100_DT_0_7 | Ep. 39/100 - Step 25/273 (2.34 it/s) |#                   | - loss_cc=4.568 - loss_ce=2.111 - loss_ne=0.0184 - loss_div=0.0 - threshold=0.869 - loss=6.697
/scratch/e0538389/DivClust/engine/trainer.py:41: FutureWarning: `torch.cuda.amp.autocast(args...)` is deprecated. Please use `torch.amp.autocast('cuda', args...)` instead.
  with autocast(self.mixed_precision):
[2026-03-30 11:28:29](logger.py 179): id=CC_FMNIST_C10CFG_K20_E100_DT_0_7 | Ep. 39/100 - Step 50/273 (2.32 it/s) |###                 | - loss_cc=4.569 - loss_ce=2.112 - loss_ne=0.0187 - loss_div=0.000116 - threshold=0.868 - loss=6.7
/scratch/e0538389/DivClust/engine/trainer.py:41: FutureWarning: `torch.cuda.amp.autocast(args...)` is deprecated. Please use `torch.amp.autocast('cuda', args...)` instead.
  with autocast(self.mixed_precision):
/scratch/e0538389/DivClust/engine/trainer.py:41: FutureWarning: `torch.cuda.amp.autocast(args...)` is deprecated. Please use `torch.amp.autocast('cuda', args...)` instead.
  with autocast(self.mixed_precision):
[2026-03-30 11:28:40](logger.py 179): id=CC_FMNIST_C10CFG_K20_E100_DT_0_7 | Ep. 39/100 - Step 75/273 (2.29 it/s) |#####               | - loss_cc=4.569 - loss_ce=2.112 - loss_ne=0.0185 - loss_div=0.000191 - threshold=0.864 - loss=6.7
/scratch/e0538389/DivClust/engine/trainer.py:41: FutureWarning: `torch.cuda.amp.autocast(args...)` is deprecated. Please use `torch.amp.autocast('cuda', args...)` instead.
  with autocast(self.mixed_precision):
[2026-03-30 11:28:51](logger.py 179): id=CC_FMNIST_C10CFG_K20_E100_DT_0_7 | Ep. 39/100 - Step 100/273 (2.29 it/s) |#######             | - loss_cc=4.569 - loss_ce=2.113 - loss_ne=0.0182 - loss_div=0.000164 - threshold=0.865 - loss=6.701
/scratch/e0538389/DivClust/engine/trainer.py:41: FutureWarning: `torch.cuda.amp.autocast(args...)` is deprecated. Please use `torch.amp.autocast('cuda', args...)` instead.
  with autocast(self.mixed_precision):
[2026-03-30 11:29:02](logger.py 179): id=CC_FMNIST_C10CFG_K20_E100_DT_0_7 | Ep. 39/100 - Step 125/273 (2.3 it/s) |#########           | - loss_cc=4.57 - loss_ce=2.113 - loss_ne=0.0189 - loss_div=0.000146 - threshold=0.866 - loss=6.702
/scratch/e0538389/DivClust/engine/trainer.py:41: FutureWarning: `torch.cuda.amp.autocast(args...)` is deprecated. Please use `torch.amp.autocast('cuda', args...)` instead.
  with autocast(self.mixed_precision):
[2026-03-30 11:29:13](logger.py 179): id=CC_FMNIST_C10CFG_K20_E100_DT_0_7 | Ep. 39/100 - Step 150/273 (2.3 it/s) |##########          | - loss_cc=4.568 - loss_ce=2.113 - loss_ne=0.0185 - loss_div=0.000169 - threshold=0.864 - loss=6.7
/scratch/e0538389/DivClust/engine/trainer.py:41: FutureWarning: `torch.cuda.amp.autocast(args...)` is deprecated. Please use `torch.amp.autocast('cuda', args...)` instead.
  with autocast(self.mixed_precision):
/scratch/e0538389/DivClust/engine/trainer.py:41: FutureWarning: `torch.cuda.amp.autocast(args...)` is deprecated. Please use `torch.amp.autocast('cuda', args...)` instead.
  with autocast(self.mixed_precision):
[2026-03-30 11:29:24](logger.py 179): id=CC_FMNIST_C10CFG_K20_E100_DT_0_7 | Ep. 39/100 - Step 175/273 (2.29 it/s) |############        | - loss_cc=4.567 - loss_ce=2.112 - loss_ne=0.0182 - loss_div=0.000269 - threshold=0.862 - loss=6.698
/scratch/e0538389/DivClust/engine/trainer.py:41: FutureWarning: `torch.cuda.amp.autocast(args...)` is deprecated. Please use `torch.amp.autocast('cuda', args...)` instead.
  with autocast(self.mixed_precision):
[2026-03-30 11:29:34](logger.py 179): id=CC_FMNIST_C10CFG_K20_E100_DT_0_7 | Ep. 39/100 - Step 200/273 (2.3 it/s) |##############      | - loss_cc=4.568 - loss_ce=2.113 - loss_ne=0.0184 - loss_div=0.000271 - threshold=0.862 - loss=6.699
/scratch/e0538389/DivClust/engine/trainer.py:41: FutureWarning: `torch.cuda.amp.autocast(args...)` is deprecated. Please use `torch.amp.autocast('cuda', args...)` instead.
  with autocast(self.mixed_precision):
[2026-03-30 11:29:45](logger.py 179): id=CC_FMNIST_C10CFG_K20_E100_DT_0_7 | Ep. 39/100 - Step 225/273 (2.3 it/s) |################    | - loss_cc=4.567 - loss_ce=2.113 - loss_ne=0.0182 - loss_div=0.000254 - threshold=0.862 - loss=6.698
/scratch/e0538389/DivClust/engine/trainer.py:41: FutureWarning: `torch.cuda.amp.autocast(args...)` is deprecated. Please use `torch.amp.autocast('cuda', args...)` instead.
  with autocast(self.mixed_precision):
[2026-03-30 11:29:56](logger.py 179): id=CC_FMNIST_C10CFG_K20_E100_DT_0_7 | Ep. 39/100 - Step 250/273 (2.3 it/s) |##################  | - loss_cc=4.568 - loss_ce=2.113 - loss_ne=0.0183 - loss_div=0.000238 - threshold=0.863 - loss=6.699
/scratch/e0538389/DivClust/engine/trainer.py:41: FutureWarning: `torch.cuda.amp.autocast(args...)` is deprecated. Please use `torch.amp.autocast('cuda', args...)` instead.
  with autocast(self.mixed_precision):
[2026-03-30 11:30:06](logger.py 179): id=CC_FMNIST_C10CFG_K20_E100_DT_0_7 | Ep. 39/100 | Time: 00:01 | loss_cc=4.568 - loss_ce=2.113 - loss_ne=0.0182 - loss_div=0.000262 - threshold=0.862 - loss=6.699
[2026-03-30 11:30:09](logger.py 179): id=CC_FMNIST_C10CFG_K20_E100_DT_0_7 | Ep. 40/100 - Step 0/273 (0.0 it/s) |                    | - loss_cc=4.567 - loss_ce=2.111 - loss_ne=0.0137 - loss_div=0.0 - threshold=0.864 - loss=6.691
/scratch/e0538389/DivClust/engine/trainer.py:41: FutureWarning: `torch.cuda.amp.autocast(args...)` is deprecated. Please use `torch.amp.autocast('cuda', args...)` instead.
  with autocast(self.mixed_precision):
/scratch/e0538389/DivClust/engine/trainer.py:41: FutureWarning: `torch.cuda.amp.autocast(args...)` is deprecated. Please use `torch.amp.autocast('cuda', args...)` instead.
  with autocast(self.mixed_precision):
[2026-03-30 11:30:19](logger.py 179): id=CC_FMNIST_C10CFG_K20_E100_DT_0_7 | Ep. 40/100 - Step 25/273 (2.31 it/s) |#                   | - loss_cc=4.561 - loss_ce=2.11 - loss_ne=0.0153 - loss_div=0.000195 - threshold=0.862 - loss=6.686
/scratch/e0538389/DivClust/engine/trainer.py:41: FutureWarning: `torch.cuda.amp.autocast(args...)` is deprecated. Please use `torch.amp.autocast('cuda', args...)` instead.
  with autocast(self.mixed_precision):
[2026-03-30 11:30:30](logger.py 179): id=CC_FMNIST_C10CFG_K20_E100_DT_0_7 | Ep. 40/100 - Step 50/273 (2.31 it/s) |###                 | - loss_cc=4.564 - loss_ce=2.112 - loss_ne=0.0159 - loss_div=0.000654 - threshold=0.857 - loss=6.692
/scratch/e0538389/DivClust/engine/trainer.py:41: FutureWarning: `torch.cuda.amp.autocast(args...)` is deprecated. Please use `torch.amp.autocast('cuda', args...)` instead.
  with autocast(self.mixed_precision):
[2026-03-30 11:30:41](logger.py 179): id=CC_FMNIST_C10CFG_K20_E100_DT_0_7 | Ep. 40/100 - Step 75/273 (2.33 it/s) |#####               | - loss_cc=4.563 - loss_ce=2.112 - loss_ne=0.0168 - loss_div=0.000473 - threshold=0.855 - loss=6.692
/scratch/e0538389/DivClust/engine/trainer.py:41: FutureWarning: `torch.cuda.amp.autocast(args...)` is deprecated. Please use `torch.amp.autocast('cuda', args...)` instead.
  with autocast(self.mixed_precision):
[2026-03-30 11:30:52](logger.py 179): id=CC_FMNIST_C10CFG_K20_E100_DT_0_7 | Ep. 40/100 - Step 100/273 (2.3 it/s) |#######             | - loss_cc=4.564 - loss_ce=2.112 - loss_ne=0.0176 - loss_div=0.000566 - threshold=0.853 - loss=6.694
/scratch/e0538389/DivClust/engine/trainer.py:41: FutureWarning: `torch.cuda.amp.autocast(args...)` is deprecated. Please use `torch.amp.autocast('cuda', args...)` instead.
  with autocast(self.mixed_precision):
/scratch/e0538389/DivClust/engine/trainer.py:41: FutureWarning: `torch.cuda.amp.autocast(args...)` is deprecated. Please use `torch.amp.autocast('cuda', args...)` instead.
  with autocast(self.mixed_precision):
[2026-03-30 11:31:03](logger.py 179): id=CC_FMNIST_C10CFG_K20_E100_DT_0_7 | Ep. 40/100 - Step 125/273 (2.3 it/s) |#########           | - loss_cc=4.564 - loss_ce=2.112 - loss_ne=0.0174 - loss_div=0.00046 - threshold=0.854 - loss=6.694
/scratch/e0538389/DivClust/engine/trainer.py:41: FutureWarning: `torch.cuda.amp.autocast(args...)` is deprecated. Please use `torch.amp.autocast('cuda', args...)` instead.
  with autocast(self.mixed_precision):
[2026-03-30 11:31:14](logger.py 179): id=CC_FMNIST_C10CFG_K20_E100_DT_0_7 | Ep. 40/100 - Step 150/273 (2.31 it/s) |##########          | - loss_cc=4.565 - loss_ce=2.112 - loss_ne=0.0176 - loss_div=0.000417 - threshold=0.855 - loss=6.695
/scratch/e0538389/DivClust/engine/trainer.py:41: FutureWarning: `torch.cuda.amp.autocast(args...)` is deprecated. Please use `torch.amp.autocast('cuda', args...)` instead.
  with autocast(self.mixed_precision):
[2026-03-30 11:31:24](logger.py 179): id=CC_FMNIST_C10CFG_K20_E100_DT_0_7 | Ep. 40/100 - Step 175/273 (2.32 it/s) |############        | - loss_cc=4.565 - loss_ce=2.112 - loss_ne=0.0179 - loss_div=0.000386 - threshold=0.856 - loss=6.695
/scratch/e0538389/DivClust/engine/trainer.py:41: FutureWarning: `torch.cuda.amp.autocast(args...)` is deprecated. Please use `torch.amp.autocast('cuda', args...)` instead.
  with autocast(self.mixed_precision):
[2026-03-30 11:31:35](logger.py 179): id=CC_FMNIST_C10CFG_K20_E100_DT_0_7 | Ep. 40/100 - Step 200/273 (2.31 it/s) |##############      | - loss_cc=4.564 - loss_ce=2.112 - loss_ne=0.0181 - loss_div=0.00042 - threshold=0.856 - loss=6.695
/scratch/e0538389/DivClust/engine/trainer.py:41: FutureWarning: `torch.cuda.amp.autocast(args...)` is deprecated. Please use `torch.amp.autocast('cuda', args...)` instead.
  with autocast(self.mixed_precision):
/scratch/e0538389/DivClust/engine/trainer.py:41: FutureWarning: `torch.cuda.amp.autocast(args...)` is deprecated. Please use `torch.amp.autocast('cuda', args...)` instead.
  with autocast(self.mixed_precision):
[2026-03-30 11:31:46](logger.py 179): id=CC_FMNIST_C10CFG_K20_E100_DT_0_7 | Ep. 40/100 - Step 225/273 (2.31 it/s) |################    | - loss_cc=4.566 - loss_ce=2.112 - loss_ne=0.0182 - loss_div=0.000398 - threshold=0.856 - loss=6.696
/scratch/e0538389/DivClust/engine/trainer.py:41: FutureWarning: `torch.cuda.amp.autocast(args...)` is deprecated. Please use `torch.amp.autocast('cuda', args...)` instead.
  with autocast(self.mixed_precision):
[2026-03-30 11:31:56](logger.py 179): id=CC_FMNIST_C10CFG_K20_E100_DT_0_7 | Ep. 40/100 - Step 250/273 (2.32 it/s) |##################  | - loss_cc=4.565 - loss_ce=2.112 - loss_ne=0.0184 - loss_div=0.000445 - threshold=0.856 - loss=6.696
/scratch/e0538389/DivClust/engine/trainer.py:41: FutureWarning: `torch.cuda.amp.autocast(args...)` is deprecated. Please use `torch.amp.autocast('cuda', args...)` instead.
  with autocast(self.mixed_precision):
[2026-03-30 11:32:06](logger.py 179): Evaluating
[2026-03-30 11:32:06](logger.py 179): Eval. step 0 of 274
[2026-03-30 11:32:09](logger.py 179): Eval. step 25 of 274
[2026-03-30 11:32:11](logger.py 179): Eval. step 50 of 274
[2026-03-30 11:32:13](logger.py 179): Eval. step 75 of 274
[2026-03-30 11:32:16](logger.py 179): Eval. step 100 of 274
[2026-03-30 11:32:18](logger.py 179): Eval. step 125 of 274
[2026-03-30 11:32:20](logger.py 179): Eval. step 150 of 274
[2026-03-30 11:32:23](logger.py 179): Eval. step 175 of 274
[2026-03-30 11:32:25](logger.py 179): Eval. step 200 of 274
[2026-03-30 11:32:27](logger.py 179): Eval. step 225 of 274
[2026-03-30 11:32:30](logger.py 179): Eval. step 250 of 274
[2026-03-30 11:32:34](logger.py 179): id=CC_FMNIST_C10CFG_K20_E100_DT_0_7 | Ep. 40/100 | Time: 00:02 | loss_cc=4.566 - loss_ce=2.112 - loss_ne=0.0184 - loss_div=0.000424 - threshold=0.856 - loss=6.697 - eval_confidence=0.882 - cluster_acc_0_eval=56.84 - cluster_nmi_0_eval=0.555 - cluster_ari_0_eval=0.441 - cluster_acc_1_eval=55.74 - cluster_nmi_1_eval=0.54 - cluster_ari_1_eval=0.421 - cluster_acc_2_eval=54.89 - cluster_nmi_2_eval=0.532 - cluster_ari_2_eval=0.405 - cluster_acc_3_eval=62.66 - cluster_nmi_3_eval=0.58 - cluster_ari_3_eval=0.466 - cluster_acc_4_eval=58.83 - cluster_nmi_4_eval=0.565 - cluster_ari_4_eval=0.455 - cluster_acc_5_eval=65.39 - cluster_nmi_5_eval=0.632 - cluster_ari_5_eval=0.529 - cluster_acc_6_eval=62.75 - cluster_nmi_6_eval=0.604 - cluster_ari_6_eval=0.471 - cluster_acc_7_eval=57.33 - cluster_nmi_7_eval=0.561 - cluster_ari_7_eval=0.452 - cluster_acc_8_eval=59.3 - cluster_nmi_8_eval=0.578 - cluster_ari_8_eval=0.472 - cluster_acc_9_eval=64.6 - cluster_nmi_9_eval=0.61 - cluster_ari_9_eval=0.51 - cluster_acc_10_eval=60.91 - cluster_nmi_10_eval=0.559 - cluster_ari_10_eval=0.448 - cluster_acc_11_eval=59.02 - cluster_nmi_11_eval=0.548 - cluster_ari_11_eval=0.434 - cluster_acc_12_eval=54.09 - cluster_nmi_12_eval=0.549 - cluster_ari_12_eval=0.386 - cluster_acc_13_eval=65.57 - cluster_nmi_13_eval=0.641 - cluster_ari_13_eval=0.539 - cluster_acc_14_eval=61.31 - cluster_nmi_14_eval=0.599 - cluster_ari_14_eval=0.496 - cluster_acc_15_eval=64.26 - cluster_nmi_15_eval=0.61 - cluster_ari_15_eval=0.496 - cluster_acc_16_eval=64.33 - cluster_nmi_16_eval=0.602 - cluster_ari_16_eval=0.507 - cluster_acc_17_eval=63.13 - cluster_nmi_17_eval=0.604 - cluster_ari_17_eval=0.508 - cluster_acc_18_eval=57.89 - cluster_nmi_18_eval=0.589 - cluster_ari_18_eval=0.448 - cluster_acc_19_eval=63.67 - cluster_nmi_19_eval=0.627 - cluster_ari_19_eval=0.522 - max_cluster_acc_eval=65.57 - mean_cluster_acc_eval=60.63 - min_cluster_acc_eval=54.09 - max_cluster_nmi_eval=0.641 - mean_cluster_nmi_eval=0.584 - min_cluster_nmi_eval=0.532 - max_cluster_ari_eval=0.539 - mean_cluster_ari_eval=0.47 - min_cluster_ari_eval=0.386 - interclustering_nmi_eval=0.694
/scratch/e0538389/DivClust/engine/trainer.py:41: FutureWarning: `torch.cuda.amp.autocast(args...)` is deprecated. Please use `torch.amp.autocast('cuda', args...)` instead.
  with autocast(self.mixed_precision):
[2026-03-30 11:32:36](logger.py 179): id=CC_FMNIST_C10CFG_K20_E100_DT_0_7 | Ep. 41/100 - Step 0/273 (0.0 it/s) |                    | - loss_cc=4.56 - loss_ce=2.108 - loss_ne=0.0254 - loss_div=0.0 - threshold=0.855 - loss=6.693
/scratch/e0538389/DivClust/engine/trainer.py:41: FutureWarning: `torch.cuda.amp.autocast(args...)` is deprecated. Please use `torch.amp.autocast('cuda', args...)` instead.
  with autocast(self.mixed_precision):
[2026-03-30 11:32:46](logger.py 179): id=CC_FMNIST_C10CFG_K20_E100_DT_0_7 | Ep. 41/100 - Step 25/273 (2.39 it/s) |#                   | - loss_cc=4.568 - loss_ce=2.113 - loss_ne=0.0176 - loss_div=0.000141 - threshold=0.861 - loss=6.698
/scratch/e0538389/DivClust/engine/trainer.py:41: FutureWarning: `torch.cuda.amp.autocast(args...)` is deprecated. Please use `torch.amp.autocast('cuda', args...)` instead.
  with autocast(self.mixed_precision):
/scratch/e0538389/DivClust/engine/trainer.py:41: FutureWarning: `torch.cuda.amp.autocast(args...)` is deprecated. Please use `torch.amp.autocast('cuda', args...)` instead.
  with autocast(self.mixed_precision):
[2026-03-30 11:32:57](logger.py 179): id=CC_FMNIST_C10CFG_K20_E100_DT_0_7 | Ep. 41/100 - Step 50/273 (2.33 it/s) |###                 | - loss_cc=4.564 - loss_ce=2.113 - loss_ne=0.0176 - loss_div=7.21e-05 - threshold=0.865 - loss=6.695
/scratch/e0538389/DivClust/engine/trainer.py:41: FutureWarning: `torch.cuda.amp.autocast(args...)` is deprecated. Please use `torch.amp.autocast('cuda', args...)` instead.
  with autocast(self.mixed_precision):
[2026-03-30 11:33:08](logger.py 179): id=CC_FMNIST_C10CFG_K20_E100_DT_0_7 | Ep. 41/100 - Step 75/273 (2.32 it/s) |#####               | - loss_cc=4.564 - loss_ce=2.112 - loss_ne=0.0179 - loss_div=0.000147 - threshold=0.864 - loss=6.694
/scratch/e0538389/DivClust/engine/trainer.py:41: FutureWarning: `torch.cuda.amp.autocast(args...)` is deprecated. Please use `torch.amp.autocast('cuda', args...)` instead.
  with autocast(self.mixed_precision):
[2026-03-30 11:33:19](logger.py 179): id=CC_FMNIST_C10CFG_K20_E100_DT_0_7 | Ep. 41/100 - Step 100/273 (2.32 it/s) |#######             | - loss_cc=4.564 - loss_ce=2.112 - loss_ne=0.0183 - loss_div=0.000267 - threshold=0.86 - loss=6.695
/scratch/e0538389/DivClust/engine/trainer.py:41: FutureWarning: `torch.cuda.amp.autocast(args...)` is deprecated. Please use `torch.amp.autocast('cuda', args...)` instead.
  with autocast(self.mixed_precision):
[2026-03-30 11:33:30](logger.py 179): id=CC_FMNIST_C10CFG_K20_E100_DT_0_7 | Ep. 41/100 - Step 125/273 (2.32 it/s) |#########           | - loss_cc=4.564 - loss_ce=2.112 - loss_ne=0.0183 - loss_div=0.000408 - threshold=0.856 - loss=6.695
/scratch/e0538389/DivClust/engine/trainer.py:41: FutureWarning: `torch.cuda.amp.autocast(args...)` is deprecated. Please use `torch.amp.autocast('cuda', args...)` instead.
  with autocast(self.mixed_precision):
/scratch/e0538389/DivClust/engine/trainer.py:41: FutureWarning: `torch.cuda.amp.autocast(args...)` is deprecated. Please use `torch.amp.autocast('cuda', args...)` instead.
  with autocast(self.mixed_precision):
[2026-03-30 11:33:41](logger.py 179): id=CC_FMNIST_C10CFG_K20_E100_DT_0_7 | Ep. 41/100 - Step 150/273 (2.3 it/s) |##########          | - loss_cc=4.565 - loss_ce=2.112 - loss_ne=0.0183 - loss_div=0.000403 - threshold=0.854 - loss=6.696
/scratch/e0538389/DivClust/engine/trainer.py:41: FutureWarning: `torch.cuda.amp.autocast(args...)` is deprecated. Please use `torch.amp.autocast('cuda', args...)` instead.
  with autocast(self.mixed_precision):
[2026-03-30 11:33:52](logger.py 179): id=CC_FMNIST_C10CFG_K20_E100_DT_0_7 | Ep. 41/100 - Step 175/273 (2.31 it/s) |############        | - loss_cc=4.565 - loss_ce=2.112 - loss_ne=0.0182 - loss_div=0.000352 - threshold=0.855 - loss=6.695
/scratch/e0538389/DivClust/engine/trainer.py:41: FutureWarning: `torch.cuda.amp.autocast(args...)` is deprecated. Please use `torch.amp.autocast('cuda', args...)` instead.
  with autocast(self.mixed_precision):
[2026-03-30 11:34:02](logger.py 179): id=CC_FMNIST_C10CFG_K20_E100_DT_0_7 | Ep. 41/100 - Step 200/273 (2.31 it/s) |##############      | - loss_cc=4.566 - loss_ce=2.112 - loss_ne=0.0184 - loss_div=0.000311 - threshold=0.856 - loss=6.697
/scratch/e0538389/DivClust/engine/trainer.py:41: FutureWarning: `torch.cuda.amp.autocast(args...)` is deprecated. Please use `torch.amp.autocast('cuda', args...)` instead.
  with autocast(self.mixed_precision):
[2026-03-30 11:34:13](logger.py 179): id=CC_FMNIST_C10CFG_K20_E100_DT_0_7 | Ep. 41/100 - Step 225/273 (2.31 it/s) |################    | - loss_cc=4.566 - loss_ce=2.112 - loss_ne=0.0183 - loss_div=0.000277 - threshold=0.859 - loss=6.696
/scratch/e0538389/DivClust/engine/trainer.py:41: FutureWarning: `torch.cuda.amp.autocast(args...)` is deprecated. Please use `torch.amp.autocast('cuda', args...)` instead.
  with autocast(self.mixed_precision):
/scratch/e0538389/DivClust/engine/trainer.py:41: FutureWarning: `torch.cuda.amp.autocast(args...)` is deprecated. Please use `torch.amp.autocast('cuda', args...)` instead.
  with autocast(self.mixed_precision):
[2026-03-30 11:34:24](logger.py 179): id=CC_FMNIST_C10CFG_K20_E100_DT_0_7 | Ep. 41/100 - Step 250/273 (2.3 it/s) |##################  | - loss_cc=4.565 - loss_ce=2.112 - loss_ne=0.0182 - loss_div=0.000285 - threshold=0.86 - loss=6.695
/scratch/e0538389/DivClust/engine/trainer.py:41: FutureWarning: `torch.cuda.amp.autocast(args...)` is deprecated. Please use `torch.amp.autocast('cuda', args...)` instead.
  with autocast(self.mixed_precision):
[2026-03-30 11:34:34](logger.py 179): id=CC_FMNIST_C10CFG_K20_E100_DT_0_7 | Ep. 41/100 | Time: 00:01 | loss_cc=4.565 - loss_ce=2.112 - loss_ne=0.0181 - loss_div=0.000277 - threshold=0.86 - loss=6.695
[2026-03-30 11:34:36](logger.py 179): id=CC_FMNIST_C10CFG_K20_E100_DT_0_7 | Ep. 42/100 - Step 0/273 (0.0 it/s) |                    | - loss_cc=4.551 - loss_ce=2.106 - loss_ne=0.011 - loss_div=0.0012 - threshold=0.854 - loss=6.669
/scratch/e0538389/DivClust/engine/trainer.py:41: FutureWarning: `torch.cuda.amp.autocast(args...)` is deprecated. Please use `torch.amp.autocast('cuda', args...)` instead.
  with autocast(self.mixed_precision):
[2026-03-30 11:34:47](logger.py 179): id=CC_FMNIST_C10CFG_K20_E100_DT_0_7 | Ep. 42/100 - Step 25/273 (2.32 it/s) |#                   | - loss_cc=4.565 - loss_ce=2.111 - loss_ne=0.0183 - loss_div=0.00102 - threshold=0.85 - loss=6.695
/scratch/e0538389/DivClust/engine/trainer.py:41: FutureWarning: `torch.cuda.amp.autocast(args...)` is deprecated. Please use `torch.amp.autocast('cuda', args...)` instead.
  with autocast(self.mixed_precision):
[2026-03-30 11:34:58](logger.py 179): id=CC_FMNIST_C10CFG_K20_E100_DT_0_7 | Ep. 42/100 - Step 50/273 (2.32 it/s) |###                 | - loss_cc=4.564 - loss_ce=2.111 - loss_ne=0.0186 - loss_div=0.000826 - threshold=0.851 - loss=6.694
/scratch/e0538389/DivClust/engine/trainer.py:41: FutureWarning: `torch.cuda.amp.autocast(args...)` is deprecated. Please use `torch.amp.autocast('cuda', args...)` instead.
  with autocast(self.mixed_precision):
/scratch/e0538389/DivClust/engine/trainer.py:41: FutureWarning: `torch.cuda.amp.autocast(args...)` is deprecated. Please use `torch.amp.autocast('cuda', args...)` instead.
  with autocast(self.mixed_precision):
[2026-03-30 11:35:09](logger.py 179): id=CC_FMNIST_C10CFG_K20_E100_DT_0_7 | Ep. 42/100 - Step 75/273 (2.29 it/s) |#####               | - loss_cc=4.566 - loss_ce=2.112 - loss_ne=0.0188 - loss_div=0.000554 - threshold=0.854 - loss=6.697
/scratch/e0538389/DivClust/engine/trainer.py:41: FutureWarning: `torch.cuda.amp.autocast(args...)` is deprecated. Please use `torch.amp.autocast('cuda', args...)` instead.
  with autocast(self.mixed_precision):
[2026-03-30 11:35:20](logger.py 179): id=CC_FMNIST_C10CFG_K20_E100_DT_0_7 | Ep. 42/100 - Step 100/273 (2.29 it/s) |#######             | - loss_cc=4.563 - loss_ce=2.111 - loss_ne=0.019 - loss_div=0.000417 - threshold=0.858 - loss=6.694
/scratch/e0538389/DivClust/engine/trainer.py:41: FutureWarning: `torch.cuda.amp.autocast(args...)` is deprecated. Please use `torch.amp.autocast('cuda', args...)` instead.
  with autocast(self.mixed_precision):
[2026-03-30 11:35:31](logger.py 179): id=CC_FMNIST_C10CFG_K20_E100_DT_0_7 | Ep. 42/100 - Step 125/273 (2.3 it/s) |#########           | - loss_cc=4.563 - loss_ce=2.111 - loss_ne=0.0188 - loss_div=0.00044 - threshold=0.858 - loss=6.693
/scratch/e0538389/DivClust/engine/trainer.py:41: FutureWarning: `torch.cuda.amp.autocast(args...)` is deprecated. Please use `torch.amp.autocast('cuda', args...)` instead.
  with autocast(self.mixed_precision):
[2026-03-30 11:35:42](logger.py 179): id=CC_FMNIST_C10CFG_K20_E100_DT_0_7 | Ep. 42/100 - Step 150/273 (2.3 it/s) |##########          | - loss_cc=4.563 - loss_ce=2.111 - loss_ne=0.0192 - loss_div=0.000507 - threshold=0.856 - loss=6.694
/scratch/e0538389/DivClust/engine/trainer.py:41: FutureWarning: `torch.cuda.amp.autocast(args...)` is deprecated. Please use `torch.amp.autocast('cuda', args...)` instead.
  with autocast(self.mixed_precision):
/scratch/e0538389/DivClust/engine/trainer.py:41: FutureWarning: `torch.cuda.amp.autocast(args...)` is deprecated. Please use `torch.amp.autocast('cuda', args...)` instead.
  with autocast(self.mixed_precision):
[2026-03-30 11:35:53](logger.py 179): id=CC_FMNIST_C10CFG_K20_E100_DT_0_7 | Ep. 42/100 - Step 175/273 (2.28 it/s) |############        | - loss_cc=4.563 - loss_ce=2.111 - loss_ne=0.019 - loss_div=0.000453 - threshold=0.856 - loss=6.694
/scratch/e0538389/DivClust/engine/trainer.py:41: FutureWarning: `torch.cuda.amp.autocast(args...)` is deprecated. Please use `torch.amp.autocast('cuda', args...)` instead.
  with autocast(self.mixed_precision):
[2026-03-30 11:36:04](logger.py 179): id=CC_FMNIST_C10CFG_K20_E100_DT_0_7 | Ep. 42/100 - Step 200/273 (2.29 it/s) |##############      | - loss_cc=4.563 - loss_ce=2.112 - loss_ne=0.0191 - loss_div=0.000396 - threshold=0.857 - loss=6.695
/scratch/e0538389/DivClust/engine/trainer.py:41: FutureWarning: `torch.cuda.amp.autocast(args...)` is deprecated. Please use `torch.amp.autocast('cuda', args...)` instead.
  with autocast(self.mixed_precision):
[2026-03-30 11:36:15](logger.py 179): id=CC_FMNIST_C10CFG_K20_E100_DT_0_7 | Ep. 42/100 - Step 225/273 (2.29 it/s) |################    | - loss_cc=4.564 - loss_ce=2.112 - loss_ne=0.0191 - loss_div=0.000355 - threshold=0.859 - loss=6.695
/scratch/e0538389/DivClust/engine/trainer.py:41: FutureWarning: `torch.cuda.amp.autocast(args...)` is deprecated. Please use `torch.amp.autocast('cuda', args...)` instead.
  with autocast(self.mixed_precision):
[2026-03-30 11:36:25](logger.py 179): id=CC_FMNIST_C10CFG_K20_E100_DT_0_7 | Ep. 42/100 - Step 250/273 (2.29 it/s) |##################  | - loss_cc=4.564 - loss_ce=2.112 - loss_ne=0.0192 - loss_div=0.000324 - threshold=0.86 - loss=6.695
/scratch/e0538389/DivClust/engine/trainer.py:41: FutureWarning: `torch.cuda.amp.autocast(args...)` is deprecated. Please use `torch.amp.autocast('cuda', args...)` instead.
  with autocast(self.mixed_precision):
[2026-03-30 11:36:35](logger.py 179): id=CC_FMNIST_C10CFG_K20_E100_DT_0_7 | Ep. 42/100 | Time: 00:01 | loss_cc=4.563 - loss_ce=2.112 - loss_ne=0.0191 - loss_div=0.000311 - threshold=0.861 - loss=6.694
[2026-03-30 11:36:37](logger.py 179): id=CC_FMNIST_C10CFG_K20_E100_DT_0_7 | Ep. 43/100 - Step 0/273 (0.0 it/s) |                    | - loss_cc=4.567 - loss_ce=2.112 - loss_ne=0.0179 - loss_div=0.0017 - threshold=0.862 - loss=6.698
/scratch/e0538389/DivClust/engine/trainer.py:41: FutureWarning: `torch.cuda.amp.autocast(args...)` is deprecated. Please use `torch.amp.autocast('cuda', args...)` instead.
  with autocast(self.mixed_precision):
/scratch/e0538389/DivClust/engine/trainer.py:41: FutureWarning: `torch.cuda.amp.autocast(args...)` is deprecated. Please use `torch.amp.autocast('cuda', args...)` instead.
  with autocast(self.mixed_precision):
[2026-03-30 11:36:48](logger.py 179): id=CC_FMNIST_C10CFG_K20_E100_DT_0_7 | Ep. 43/100 - Step 25/273 (2.27 it/s) |#                   | - loss_cc=4.556 - loss_ce=2.109 - loss_ne=0.0167 - loss_div=0.000899 - threshold=0.852 - loss=6.682
/scratch/e0538389/DivClust/engine/trainer.py:41: FutureWarning: `torch.cuda.amp.autocast(args...)` is deprecated. Please use `torch.amp.autocast('cuda', args...)` instead.
  with autocast(self.mixed_precision):
[2026-03-30 11:36:59](logger.py 179): id=CC_FMNIST_C10CFG_K20_E100_DT_0_7 | Ep. 43/100 - Step 50/273 (2.29 it/s) |###                 | - loss_cc=4.559 - loss_ce=2.111 - loss_ne=0.0173 - loss_div=0.000731 - threshold=0.85 - loss=6.687
/scratch/e0538389/DivClust/engine/trainer.py:41: FutureWarning: `torch.cuda.amp.autocast(args...)` is deprecated. Please use `torch.amp.autocast('cuda', args...)` instead.
  with autocast(self.mixed_precision):
[2026-03-30 11:37:10](logger.py 179): id=CC_FMNIST_C10CFG_K20_E100_DT_0_7 | Ep. 43/100 - Step 75/273 (2.3 it/s) |#####               | - loss_cc=4.558 - loss_ce=2.111 - loss_ne=0.0178 - loss_div=0.0005 - threshold=0.853 - loss=6.687
/scratch/e0538389/DivClust/engine/trainer.py:41: FutureWarning: `torch.cuda.amp.autocast(args...)` is deprecated. Please use `torch.amp.autocast('cuda', args...)` instead.
  with autocast(self.mixed_precision):
[2026-03-30 11:37:21](logger.py 179): id=CC_FMNIST_C10CFG_K20_E100_DT_0_7 | Ep. 43/100 - Step 100/273 (2.3 it/s) |#######             | - loss_cc=4.558 - loss_ce=2.11 - loss_ne=0.0178 - loss_div=0.000381 - threshold=0.857 - loss=6.686
/scratch/e0538389/DivClust/engine/trainer.py:41: FutureWarning: `torch.cuda.amp.autocast(args...)` is deprecated. Please use `torch.amp.autocast('cuda', args...)` instead.
  with autocast(self.mixed_precision):
/scratch/e0538389/DivClust/engine/trainer.py:41: FutureWarning: `torch.cuda.amp.autocast(args...)` is deprecated. Please use `torch.amp.autocast('cuda', args...)` instead.
  with autocast(self.mixed_precision):
[2026-03-30 11:37:32](logger.py 179): id=CC_FMNIST_C10CFG_K20_E100_DT_0_7 | Ep. 43/100 - Step 125/273 (2.29 it/s) |#########           | - loss_cc=4.559 - loss_ce=2.111 - loss_ne=0.0177 - loss_div=0.000335 - threshold=0.857 - loss=6.688
/scratch/e0538389/DivClust/engine/trainer.py:41: FutureWarning: `torch.cuda.amp.autocast(args...)` is deprecated. Please use `torch.amp.autocast('cuda', args...)` instead.
  with autocast(self.mixed_precision):
[2026-03-30 11:37:43](logger.py 179): id=CC_FMNIST_C10CFG_K20_E100_DT_0_7 | Ep. 43/100 - Step 150/273 (2.3 it/s) |##########          | - loss_cc=4.559 - loss_ce=2.111 - loss_ne=0.0177 - loss_div=0.000359 - threshold=0.856 - loss=6.688
/scratch/e0538389/DivClust/engine/trainer.py:41: FutureWarning: `torch.cuda.amp.autocast(args...)` is deprecated. Please use `torch.amp.autocast('cuda', args...)` instead.
  with autocast(self.mixed_precision):
[2026-03-30 11:37:53](logger.py 179): id=CC_FMNIST_C10CFG_K20_E100_DT_0_7 | Ep. 43/100 - Step 175/273 (2.3 it/s) |############        | - loss_cc=4.559 - loss_ce=2.11 - loss_ne=0.0177 - loss_div=0.000468 - threshold=0.854 - loss=6.687
/scratch/e0538389/DivClust/engine/trainer.py:41: FutureWarning: `torch.cuda.amp.autocast(args...)` is deprecated. Please use `torch.amp.autocast('cuda', args...)` instead.
  with autocast(self.mixed_precision):
[2026-03-30 11:38:04](logger.py 179): id=CC_FMNIST_C10CFG_K20_E100_DT_0_7 | Ep. 43/100 - Step 200/273 (2.3 it/s) |##############      | - loss_cc=4.559 - loss_ce=2.111 - loss_ne=0.0177 - loss_div=0.000459 - threshold=0.852 - loss=6.688
/scratch/e0538389/DivClust/engine/trainer.py:41: FutureWarning: `torch.cuda.amp.autocast(args...)` is deprecated. Please use `torch.amp.autocast('cuda', args...)` instead.
  with autocast(self.mixed_precision):
/scratch/e0538389/DivClust/engine/trainer.py:41: FutureWarning: `torch.cuda.amp.autocast(args...)` is deprecated. Please use `torch.amp.autocast('cuda', args...)` instead.
  with autocast(self.mixed_precision):
[2026-03-30 11:38:15](logger.py 179): id=CC_FMNIST_C10CFG_K20_E100_DT_0_7 | Ep. 43/100 - Step 225/273 (2.3 it/s) |################    | - loss_cc=4.559 - loss_ce=2.11 - loss_ne=0.0177 - loss_div=0.000413 - threshold=0.853 - loss=6.688
/scratch/e0538389/DivClust/engine/trainer.py:41: FutureWarning: `torch.cuda.amp.autocast(args...)` is deprecated. Please use `torch.amp.autocast('cuda', args...)` instead.
  with autocast(self.mixed_precision):
[2026-03-30 11:38:26](logger.py 179): id=CC_FMNIST_C10CFG_K20_E100_DT_0_7 | Ep. 43/100 - Step 250/273 (2.3 it/s) |##################  | - loss_cc=4.559 - loss_ce=2.11 - loss_ne=0.0178 - loss_div=0.000378 - threshold=0.853 - loss=6.688
/scratch/e0538389/DivClust/engine/trainer.py:41: FutureWarning: `torch.cuda.amp.autocast(args...)` is deprecated. Please use `torch.amp.autocast('cuda', args...)` instead.
  with autocast(self.mixed_precision):
[2026-03-30 11:38:35](logger.py 179): id=CC_FMNIST_C10CFG_K20_E100_DT_0_7 | Ep. 43/100 | Time: 00:01 | loss_cc=4.56 - loss_ce=2.11 - loss_ne=0.0179 - loss_div=0.000356 - threshold=0.854 - loss=6.689
[2026-03-30 11:38:38](logger.py 179): id=CC_FMNIST_C10CFG_K20_E100_DT_0_7 | Ep. 44/100 - Step 0/273 (0.0 it/s) |                    | - loss_cc=4.539 - loss_ce=2.104 - loss_ne=0.0238 - loss_div=0.0 - threshold=0.861 - loss=6.667
/scratch/e0538389/DivClust/engine/trainer.py:41: FutureWarning: `torch.cuda.amp.autocast(args...)` is deprecated. Please use `torch.amp.autocast('cuda', args...)` instead.
  with autocast(self.mixed_precision):
[2026-03-30 11:38:49](logger.py 179): id=CC_FMNIST_C10CFG_K20_E100_DT_0_7 | Ep. 44/100 - Step 25/273 (2.3 it/s) |#                   | - loss_cc=4.56 - loss_ce=2.111 - loss_ne=0.0223 - loss_div=0.000295 - threshold=0.855 - loss=6.693
/scratch/e0538389/DivClust/engine/trainer.py:41: FutureWarning: `torch.cuda.amp.autocast(args...)` is deprecated. Please use `torch.amp.autocast('cuda', args...)` instead.
  with autocast(self.mixed_precision):
/scratch/e0538389/DivClust/engine/trainer.py:41: FutureWarning: `torch.cuda.amp.autocast(args...)` is deprecated. Please use `torch.amp.autocast('cuda', args...)` instead.
  with autocast(self.mixed_precision):
[2026-03-30 11:39:00](logger.py 179): id=CC_FMNIST_C10CFG_K20_E100_DT_0_7 | Ep. 44/100 - Step 50/273 (2.26 it/s) |###                 | - loss_cc=4.564 - loss_ce=2.113 - loss_ne=0.0207 - loss_div=0.000758 - threshold=0.851 - loss=6.698
/scratch/e0538389/DivClust/engine/trainer.py:41: FutureWarning: `torch.cuda.amp.autocast(args...)` is deprecated. Please use `torch.amp.autocast('cuda', args...)` instead.
  with autocast(self.mixed_precision):
[2026-03-30 11:39:11](logger.py 179): id=CC_FMNIST_C10CFG_K20_E100_DT_0_7 | Ep. 44/100 - Step 75/273 (2.28 it/s) |#####               | - loss_cc=4.561 - loss_ce=2.112 - loss_ne=0.0198 - loss_div=0.000533 - threshold=0.852 - loss=6.693
/scratch/e0538389/DivClust/engine/trainer.py:41: FutureWarning: `torch.cuda.amp.autocast(args...)` is deprecated. Please use `torch.amp.autocast('cuda', args...)` instead.
  with autocast(self.mixed_precision):
[2026-03-30 11:39:22](logger.py 179): id=CC_FMNIST_C10CFG_K20_E100_DT_0_7 | Ep. 44/100 - Step 100/273 (2.28 it/s) |#######             | - loss_cc=4.56 - loss_ce=2.111 - loss_ne=0.0198 - loss_div=0.000411 - threshold=0.856 - loss=6.691
/scratch/e0538389/DivClust/engine/trainer.py:41: FutureWarning: `torch.cuda.amp.autocast(args...)` is deprecated. Please use `torch.amp.autocast('cuda', args...)` instead.
  with autocast(self.mixed_precision):
[2026-03-30 11:39:33](logger.py 179): id=CC_FMNIST_C10CFG_K20_E100_DT_0_7 | Ep. 44/100 - Step 125/273 (2.29 it/s) |#########           | - loss_cc=4.56 - loss_ce=2.111 - loss_ne=0.0194 - loss_div=0.00033 - threshold=0.86 - loss=6.692
/scratch/e0538389/DivClust/engine/trainer.py:41: FutureWarning: `torch.cuda.amp.autocast(args...)` is deprecated. Please use `torch.amp.autocast('cuda', args...)` instead.
  with autocast(self.mixed_precision):
/scratch/e0538389/DivClust/engine/trainer.py:41: FutureWarning: `torch.cuda.amp.autocast(args...)` is deprecated. Please use `torch.amp.autocast('cuda', args...)` instead.
  with autocast(self.mixed_precision):
[2026-03-30 11:39:44](logger.py 179): id=CC_FMNIST_C10CFG_K20_E100_DT_0_7 | Ep. 44/100 - Step 150/273 (2.28 it/s) |##########          | - loss_cc=4.56 - loss_ce=2.111 - loss_ne=0.0196 - loss_div=0.000286 - threshold=0.861 - loss=6.691
/scratch/e0538389/DivClust/engine/trainer.py:41: FutureWarning: `torch.cuda.amp.autocast(args...)` is deprecated. Please use `torch.amp.autocast('cuda', args...)` instead.
  with autocast(self.mixed_precision):
[2026-03-30 11:39:54](logger.py 179): id=CC_FMNIST_C10CFG_K20_E100_DT_0_7 | Ep. 44/100 - Step 175/273 (2.29 it/s) |############        | - loss_cc=4.561 - loss_ce=2.111 - loss_ne=0.0193 - loss_div=0.000367 - threshold=0.861 - loss=6.692
/scratch/e0538389/DivClust/engine/trainer.py:41: FutureWarning: `torch.cuda.amp.autocast(args...)` is deprecated. Please use `torch.amp.autocast('cuda', args...)` instead.
  with autocast(self.mixed_precision):
[2026-03-30 11:40:05](logger.py 179): id=CC_FMNIST_C10CFG_K20_E100_DT_0_7 | Ep. 44/100 - Step 200/273 (2.29 it/s) |##############      | - loss_cc=4.561 - loss_ce=2.111 - loss_ne=0.0189 - loss_div=0.000418 - threshold=0.859 - loss=6.691
/scratch/e0538389/DivClust/engine/trainer.py:41: FutureWarning: `torch.cuda.amp.autocast(args...)` is deprecated. Please use `torch.amp.autocast('cuda', args...)` instead.
  with autocast(self.mixed_precision):
[2026-03-30 11:40:16](logger.py 179): id=CC_FMNIST_C10CFG_K20_E100_DT_0_7 | Ep. 44/100 - Step 225/273 (2.29 it/s) |################    | - loss_cc=4.561 - loss_ce=2.111 - loss_ne=0.0185 - loss_div=0.000398 - threshold=0.858 - loss=6.691
/scratch/e0538389/DivClust/engine/trainer.py:41: FutureWarning: `torch.cuda.amp.autocast(args...)` is deprecated. Please use `torch.amp.autocast('cuda', args...)` instead.
  with autocast(self.mixed_precision):
/scratch/e0538389/DivClust/engine/trainer.py:41: FutureWarning: `torch.cuda.amp.autocast(args...)` is deprecated. Please use `torch.amp.autocast('cuda', args...)` instead.
  with autocast(self.mixed_precision):
[2026-03-30 11:40:27](logger.py 179): id=CC_FMNIST_C10CFG_K20_E100_DT_0_7 | Ep. 44/100 - Step 250/273 (2.28 it/s) |##################  | - loss_cc=4.561 - loss_ce=2.111 - loss_ne=0.0185 - loss_div=0.00043 - threshold=0.857 - loss=6.691
/scratch/e0538389/DivClust/engine/trainer.py:41: FutureWarning: `torch.cuda.amp.autocast(args...)` is deprecated. Please use `torch.amp.autocast('cuda', args...)` instead.
  with autocast(self.mixed_precision):
[2026-03-30 11:40:37](logger.py 179): id=CC_FMNIST_C10CFG_K20_E100_DT_0_7 | Ep. 44/100 | Time: 00:01 | loss_cc=4.561 - loss_ce=2.111 - loss_ne=0.0184 - loss_div=0.000401 - threshold=0.857 - loss=6.691
[2026-03-30 11:40:40](logger.py 179): id=CC_FMNIST_C10CFG_K20_E100_DT_0_7 | Ep. 45/100 - Step 0/273 (0.0 it/s) |                    | - loss_cc=4.576 - loss_ce=2.112 - loss_ne=0.017 - loss_div=0.0 - threshold=0.861 - loss=6.705
/scratch/e0538389/DivClust/engine/trainer.py:41: FutureWarning: `torch.cuda.amp.autocast(args...)` is deprecated. Please use `torch.amp.autocast('cuda', args...)` instead.
  with autocast(self.mixed_precision):
[2026-03-30 11:40:50](logger.py 179): id=CC_FMNIST_C10CFG_K20_E100_DT_0_7 | Ep. 45/100 - Step 25/273 (2.37 it/s) |#                   | - loss_cc=4.559 - loss_ce=2.109 - loss_ne=0.0192 - loss_div=0.0 - threshold=0.864 - loss=6.687
/scratch/e0538389/DivClust/engine/trainer.py:41: FutureWarning: `torch.cuda.amp.autocast(args...)` is deprecated. Please use `torch.amp.autocast('cuda', args...)` instead.
  with autocast(self.mixed_precision):
[2026-03-30 11:41:01](logger.py 179): id=CC_FMNIST_C10CFG_K20_E100_DT_0_7 | Ep. 45/100 - Step 50/273 (2.37 it/s) |###                 | - loss_cc=4.559 - loss_ce=2.109 - loss_ne=0.0193 - loss_div=9.88e-06 - threshold=0.864 - loss=6.687
/scratch/e0538389/DivClust/engine/trainer.py:41: FutureWarning: `torch.cuda.amp.autocast(args...)` is deprecated. Please use `torch.amp.autocast('cuda', args...)` instead.
  with autocast(self.mixed_precision):
[2026-03-30 11:41:12](logger.py 179): id=CC_FMNIST_C10CFG_K20_E100_DT_0_7 | Ep. 45/100 - Step 75/273 (2.32 it/s) |#####               | - loss_cc=4.558 - loss_ce=2.109 - loss_ne=0.0188 - loss_div=0.000346 - threshold=0.861 - loss=6.687
/scratch/e0538389/DivClust/engine/trainer.py:41: FutureWarning: `torch.cuda.amp.autocast(args...)` is deprecated. Please use `torch.amp.autocast('cuda', args...)` instead.
  with autocast(self.mixed_precision):
/scratch/e0538389/DivClust/engine/trainer.py:41: FutureWarning: `torch.cuda.amp.autocast(args...)` is deprecated. Please use `torch.amp.autocast('cuda', args...)` instead.
  with autocast(self.mixed_precision):
[2026-03-30 11:41:22](logger.py 179): id=CC_FMNIST_C10CFG_K20_E100_DT_0_7 | Ep. 45/100 - Step 100/273 (2.33 it/s) |#######             | - loss_cc=4.559 - loss_ce=2.11 - loss_ne=0.0187 - loss_div=0.000416 - threshold=0.857 - loss=6.688
/scratch/e0538389/DivClust/engine/trainer.py:41: FutureWarning: `torch.cuda.amp.autocast(args...)` is deprecated. Please use `torch.amp.autocast('cuda', args...)` instead.
  with autocast(self.mixed_precision):
[2026-03-30 11:41:33](logger.py 179): id=CC_FMNIST_C10CFG_K20_E100_DT_0_7 | Ep. 45/100 - Step 125/273 (2.33 it/s) |#########           | - loss_cc=4.559 - loss_ce=2.11 - loss_ne=0.0192 - loss_div=0.000339 - threshold=0.857 - loss=6.689
/scratch/e0538389/DivClust/engine/trainer.py:41: FutureWarning: `torch.cuda.amp.autocast(args...)` is deprecated. Please use `torch.amp.autocast('cuda', args...)` instead.
  with autocast(self.mixed_precision):
[2026-03-30 11:41:44](logger.py 179): id=CC_FMNIST_C10CFG_K20_E100_DT_0_7 | Ep. 45/100 - Step 150/273 (2.32 it/s) |##########          | - loss_cc=4.559 - loss_ce=2.11 - loss_ne=0.019 - loss_div=0.000287 - threshold=0.858 - loss=6.688
/scratch/e0538389/DivClust/engine/trainer.py:41: FutureWarning: `torch.cuda.amp.autocast(args...)` is deprecated. Please use `torch.amp.autocast('cuda', args...)` instead.
  with autocast(self.mixed_precision):
[2026-03-30 11:41:55](logger.py 179): id=CC_FMNIST_C10CFG_K20_E100_DT_0_7 | Ep. 45/100 - Step 175/273 (2.31 it/s) |############        | - loss_cc=4.559 - loss_ce=2.11 - loss_ne=0.0188 - loss_div=0.000246 - threshold=0.861 - loss=6.689
/scratch/e0538389/DivClust/engine/trainer.py:41: FutureWarning: `torch.cuda.amp.autocast(args...)` is deprecated. Please use `torch.amp.autocast('cuda', args...)` instead.
  with autocast(self.mixed_precision):
/scratch/e0538389/DivClust/engine/trainer.py:41: FutureWarning: `torch.cuda.amp.autocast(args...)` is deprecated. Please use `torch.amp.autocast('cuda', args...)` instead.
  with autocast(self.mixed_precision):
[2026-03-30 11:42:06](logger.py 179): id=CC_FMNIST_C10CFG_K20_E100_DT_0_7 | Ep. 45/100 - Step 200/273 (2.31 it/s) |##############      | - loss_cc=4.56 - loss_ce=2.11 - loss_ne=0.0189 - loss_div=0.000232 - threshold=0.861 - loss=6.689
/scratch/e0538389/DivClust/engine/trainer.py:41: FutureWarning: `torch.cuda.amp.autocast(args...)` is deprecated. Please use `torch.amp.autocast('cuda', args...)` instead.
  with autocast(self.mixed_precision):
[2026-03-30 11:42:17](logger.py 179): id=CC_FMNIST_C10CFG_K20_E100_DT_0_7 | Ep. 45/100 - Step 225/273 (2.31 it/s) |################    | - loss_cc=4.56 - loss_ce=2.11 - loss_ne=0.0187 - loss_div=0.000306 - threshold=0.861 - loss=6.689
/scratch/e0538389/DivClust/engine/trainer.py:41: FutureWarning: `torch.cuda.amp.autocast(args...)` is deprecated. Please use `torch.amp.autocast('cuda', args...)` instead.
  with autocast(self.mixed_precision):
[2026-03-30 11:42:27](logger.py 179): id=CC_FMNIST_C10CFG_K20_E100_DT_0_7 | Ep. 45/100 - Step 250/273 (2.32 it/s) |##################  | - loss_cc=4.559 - loss_ce=2.11 - loss_ne=0.0186 - loss_div=0.000333 - threshold=0.859 - loss=6.688
/scratch/e0538389/DivClust/engine/trainer.py:41: FutureWarning: `torch.cuda.amp.autocast(args...)` is deprecated. Please use `torch.amp.autocast('cuda', args...)` instead.
  with autocast(self.mixed_precision):
[2026-03-30 11:42:37](logger.py 179): id=CC_FMNIST_C10CFG_K20_E100_DT_0_7 | Ep. 45/100 | Time: 00:01 | loss_cc=4.559 - loss_ce=2.11 - loss_ne=0.0186 - loss_div=0.000317 - threshold=0.859 - loss=6.688
[2026-03-30 11:42:39](logger.py 179): id=CC_FMNIST_C10CFG_K20_E100_DT_0_7 | Ep. 46/100 - Step 0/273 (0.0 it/s) |                    | - loss_cc=4.562 - loss_ce=2.109 - loss_ne=0.0139 - loss_div=0.0 - threshold=0.852 - loss=6.684
/scratch/e0538389/DivClust/engine/trainer.py:41: FutureWarning: `torch.cuda.amp.autocast(args...)` is deprecated. Please use `torch.amp.autocast('cuda', args...)` instead.
  with autocast(self.mixed_precision):
/scratch/e0538389/DivClust/engine/trainer.py:41: FutureWarning: `torch.cuda.amp.autocast(args...)` is deprecated. Please use `torch.amp.autocast('cuda', args...)` instead.
  with autocast(self.mixed_precision):
[2026-03-30 11:42:50](logger.py 179): id=CC_FMNIST_C10CFG_K20_E100_DT_0_7 | Ep. 46/100 - Step 25/273 (2.2 it/s) |#                   | - loss_cc=4.557 - loss_ce=2.108 - loss_ne=0.0173 - loss_div=0.0 - threshold=0.861 - loss=6.683
/scratch/e0538389/DivClust/engine/trainer.py:41: FutureWarning: `torch.cuda.amp.autocast(args...)` is deprecated. Please use `torch.amp.autocast('cuda', args...)` instead.
  with autocast(self.mixed_precision):
[2026-03-30 11:43:01](logger.py 179): id=CC_FMNIST_C10CFG_K20_E100_DT_0_7 | Ep. 46/100 - Step 50/273 (2.26 it/s) |###                 | - loss_cc=4.558 - loss_ce=2.11 - loss_ne=0.0173 - loss_div=0.0 - threshold=0.866 - loss=6.685
/scratch/e0538389/DivClust/engine/trainer.py:41: FutureWarning: `torch.cuda.amp.autocast(args...)` is deprecated. Please use `torch.amp.autocast('cuda', args...)` instead.
  with autocast(self.mixed_precision):
[2026-03-30 11:43:12](logger.py 179): id=CC_FMNIST_C10CFG_K20_E100_DT_0_7 | Ep. 46/100 - Step 75/273 (2.27 it/s) |#####               | - loss_cc=4.56 - loss_ce=2.11 - loss_ne=0.0179 - loss_div=1.41e-05 - threshold=0.868 - loss=6.688
/scratch/e0538389/DivClust/engine/trainer.py:41: FutureWarning: `torch.cuda.amp.autocast(args...)` is deprecated. Please use `torch.amp.autocast('cuda', args...)` instead.
  with autocast(self.mixed_precision):
[2026-03-30 11:43:22](logger.py 179): id=CC_FMNIST_C10CFG_K20_E100_DT_0_7 | Ep. 46/100 - Step 100/273 (2.28 it/s) |#######             | - loss_cc=4.561 - loss_ce=2.11 - loss_ne=0.0181 - loss_div=0.000131 - threshold=0.867 - loss=6.689
/scratch/e0538389/DivClust/engine/trainer.py:41: FutureWarning: `torch.cuda.amp.autocast(args...)` is deprecated. Please use `torch.amp.autocast('cuda', args...)` instead.
  with autocast(self.mixed_precision):
/scratch/e0538389/DivClust/engine/trainer.py:41: FutureWarning: `torch.cuda.amp.autocast(args...)` is deprecated. Please use `torch.amp.autocast('cuda', args...)` instead.
  with autocast(self.mixed_precision):
[2026-03-30 11:43:34](logger.py 179): id=CC_FMNIST_C10CFG_K20_E100_DT_0_7 | Ep. 46/100 - Step 125/273 (2.27 it/s) |#########           | - loss_cc=4.561 - loss_ce=2.111 - loss_ne=0.018 - loss_div=0.000265 - threshold=0.864 - loss=6.69
/scratch/e0538389/DivClust/engine/trainer.py:41: FutureWarning: `torch.cuda.amp.autocast(args...)` is deprecated. Please use `torch.amp.autocast('cuda', args...)` instead.
  with autocast(self.mixed_precision):
[2026-03-30 11:43:44](logger.py 179): id=CC_FMNIST_C10CFG_K20_E100_DT_0_7 | Ep. 46/100 - Step 150/273 (2.28 it/s) |##########          | - loss_cc=4.561 - loss_ce=2.11 - loss_ne=0.0179 - loss_div=0.000441 - threshold=0.86 - loss=6.69
/scratch/e0538389/DivClust/engine/trainer.py:41: FutureWarning: `torch.cuda.amp.autocast(args...)` is deprecated. Please use `torch.amp.autocast('cuda', args...)` instead.
  with autocast(self.mixed_precision):
[2026-03-30 11:43:55](logger.py 179): id=CC_FMNIST_C10CFG_K20_E100_DT_0_7 | Ep. 46/100 - Step 175/273 (2.28 it/s) |############        | - loss_cc=4.561 - loss_ce=2.111 - loss_ne=0.0179 - loss_div=0.000454 - threshold=0.857 - loss=6.69
/scratch/e0538389/DivClust/engine/trainer.py:41: FutureWarning: `torch.cuda.amp.autocast(args...)` is deprecated. Please use `torch.amp.autocast('cuda', args...)` instead.
  with autocast(self.mixed_precision):
[2026-03-30 11:44:06](logger.py 179): id=CC_FMNIST_C10CFG_K20_E100_DT_0_7 | Ep. 46/100 - Step 200/273 (2.29 it/s) |##############      | - loss_cc=4.561 - loss_ce=2.111 - loss_ne=0.0182 - loss_div=0.000405 - threshold=0.856 - loss=6.69
/scratch/e0538389/DivClust/engine/trainer.py:41: FutureWarning: `torch.cuda.amp.autocast(args...)` is deprecated. Please use `torch.amp.autocast('cuda', args...)` instead.
  with autocast(self.mixed_precision):
/scratch/e0538389/DivClust/engine/trainer.py:41: FutureWarning: `torch.cuda.amp.autocast(args...)` is deprecated. Please use `torch.amp.autocast('cuda', args...)` instead.
  with autocast(self.mixed_precision):
[2026-03-30 11:44:17](logger.py 179): id=CC_FMNIST_C10CFG_K20_E100_DT_0_7 | Ep. 46/100 - Step 225/273 (2.28 it/s) |################    | - loss_cc=4.561 - loss_ce=2.111 - loss_ne=0.0181 - loss_div=0.00036 - threshold=0.856 - loss=6.69
/scratch/e0538389/DivClust/engine/trainer.py:41: FutureWarning: `torch.cuda.amp.autocast(args...)` is deprecated. Please use `torch.amp.autocast('cuda', args...)` instead.
  with autocast(self.mixed_precision):
[2026-03-30 11:44:28](logger.py 179): id=CC_FMNIST_C10CFG_K20_E100_DT_0_7 | Ep. 46/100 - Step 250/273 (2.28 it/s) |##################  | - loss_cc=4.56 - loss_ce=2.111 - loss_ne=0.0181 - loss_div=0.000324 - threshold=0.858 - loss=6.689
/scratch/e0538389/DivClust/engine/trainer.py:41: FutureWarning: `torch.cuda.amp.autocast(args...)` is deprecated. Please use `torch.amp.autocast('cuda', args...)` instead.
  with autocast(self.mixed_precision):
[2026-03-30 11:44:38](logger.py 179): id=CC_FMNIST_C10CFG_K20_E100_DT_0_7 | Ep. 46/100 | Time: 00:01 | loss_cc=4.56 - loss_ce=2.111 - loss_ne=0.0179 - loss_div=0.000298 - threshold=0.86 - loss=6.689
[2026-03-30 11:44:40](logger.py 179): id=CC_FMNIST_C10CFG_K20_E100_DT_0_7 | Ep. 47/100 - Step 0/273 (0.0 it/s) |                    | - loss_cc=4.525 - loss_ce=2.1 - loss_ne=0.0259 - loss_div=0.0 - threshold=0.886 - loss=6.651
/scratch/e0538389/DivClust/engine/trainer.py:41: FutureWarning: `torch.cuda.amp.autocast(args...)` is deprecated. Please use `torch.amp.autocast('cuda', args...)` instead.
  with autocast(self.mixed_precision):
[2026-03-30 11:44:51](logger.py 179): id=CC_FMNIST_C10CFG_K20_E100_DT_0_7 | Ep. 47/100 - Step 25/273 (2.31 it/s) |#                   | - loss_cc=4.547 - loss_ce=2.105 - loss_ne=0.0183 - loss_div=0.0 - threshold=0.88 - loss=6.67
/scratch/e0538389/DivClust/engine/trainer.py:41: FutureWarning: `torch.cuda.amp.autocast(args...)` is deprecated. Please use `torch.amp.autocast('cuda', args...)` instead.
  with autocast(self.mixed_precision):
/scratch/e0538389/DivClust/engine/trainer.py:41: FutureWarning: `torch.cuda.amp.autocast(args...)` is deprecated. Please use `torch.amp.autocast('cuda', args...)` instead.
  with autocast(self.mixed_precision):
[2026-03-30 11:45:03](logger.py 179): id=CC_FMNIST_C10CFG_K20_E100_DT_0_7 | Ep. 47/100 - Step 50/273 (2.27 it/s) |###                 | - loss_cc=4.551 - loss_ce=2.106 - loss_ne=0.0172 - loss_div=0.000177 - threshold=0.874 - loss=6.675
/scratch/e0538389/DivClust/engine/trainer.py:41: FutureWarning: `torch.cuda.amp.autocast(args...)` is deprecated. Please use `torch.amp.autocast('cuda', args...)` instead.
  with autocast(self.mixed_precision):
[2026-03-30 11:45:13](logger.py 179): id=CC_FMNIST_C10CFG_K20_E100_DT_0_7 | Ep. 47/100 - Step 75/273 (2.28 it/s) |#####               | - loss_cc=4.554 - loss_ce=2.108 - loss_ne=0.0172 - loss_div=0.000323 - threshold=0.869 - loss=6.679
/scratch/e0538389/DivClust/engine/trainer.py:41: FutureWarning: `torch.cuda.amp.autocast(args...)` is deprecated. Please use `torch.amp.autocast('cuda', args...)` instead.
  with autocast(self.mixed_precision):
[2026-03-30 11:45:24](logger.py 179): id=CC_FMNIST_C10CFG_K20_E100_DT_0_7 | Ep. 47/100 - Step 100/273 (2.29 it/s) |#######             | - loss_cc=4.555 - loss_ce=2.108 - loss_ne=0.0171 - loss_div=0.000308 - threshold=0.865 - loss=6.681
/scratch/e0538389/DivClust/engine/trainer.py:41: FutureWarning: `torch.cuda.amp.autocast(args...)` is deprecated. Please use `torch.amp.autocast('cuda', args...)` instead.
  with autocast(self.mixed_precision):
[2026-03-30 11:45:35](logger.py 179): id=CC_FMNIST_C10CFG_K20_E100_DT_0_7 | Ep. 47/100 - Step 125/273 (2.3 it/s) |#########           | - loss_cc=4.556 - loss_ce=2.109 - loss_ne=0.0172 - loss_div=0.000309 - threshold=0.863 - loss=6.683
/scratch/e0538389/DivClust/engine/trainer.py:41: FutureWarning: `torch.cuda.amp.autocast(args...)` is deprecated. Please use `torch.amp.autocast('cuda', args...)` instead.
  with autocast(self.mixed_precision):
/scratch/e0538389/DivClust/engine/trainer.py:41: FutureWarning: `torch.cuda.amp.autocast(args...)` is deprecated. Please use `torch.amp.autocast('cuda', args...)` instead.
  with autocast(self.mixed_precision):
[2026-03-30 11:45:46](logger.py 179): id=CC_FMNIST_C10CFG_K20_E100_DT_0_7 | Ep. 47/100 - Step 150/273 (2.29 it/s) |##########          | - loss_cc=4.556 - loss_ce=2.109 - loss_ne=0.0172 - loss_div=0.000374 - threshold=0.86 - loss=6.683
/scratch/e0538389/DivClust/engine/trainer.py:41: FutureWarning: `torch.cuda.amp.autocast(args...)` is deprecated. Please use `torch.amp.autocast('cuda', args...)` instead.
  with autocast(self.mixed_precision):
[2026-03-30 11:45:57](logger.py 179): id=CC_FMNIST_C10CFG_K20_E100_DT_0_7 | Ep. 47/100 - Step 175/273 (2.3 it/s) |############        | - loss_cc=4.556 - loss_ce=2.109 - loss_ne=0.0172 - loss_div=0.000333 - threshold=0.859 - loss=6.683
/scratch/e0538389/DivClust/engine/trainer.py:41: FutureWarning: `torch.cuda.amp.autocast(args...)` is deprecated. Please use `torch.amp.autocast('cuda', args...)` instead.
  with autocast(self.mixed_precision):
[2026-03-30 11:46:07](logger.py 179): id=CC_FMNIST_C10CFG_K20_E100_DT_0_7 | Ep. 47/100 - Step 200/273 (2.31 it/s) |##############      | - loss_cc=4.556 - loss_ce=2.109 - loss_ne=0.0173 - loss_div=0.000331 - threshold=0.858 - loss=6.683
/scratch/e0538389/DivClust/engine/trainer.py:41: FutureWarning: `torch.cuda.amp.autocast(args...)` is deprecated. Please use `torch.amp.autocast('cuda', args...)` instead.
  with autocast(self.mixed_precision):
[2026-03-30 11:46:18](logger.py 179): id=CC_FMNIST_C10CFG_K20_E100_DT_0_7 | Ep. 47/100 - Step 225/273 (2.31 it/s) |################    | - loss_cc=4.556 - loss_ce=2.109 - loss_ne=0.0175 - loss_div=0.000325 - threshold=0.858 - loss=6.683
/scratch/e0538389/DivClust/engine/trainer.py:41: FutureWarning: `torch.cuda.amp.autocast(args...)` is deprecated. Please use `torch.amp.autocast('cuda', args...)` instead.
  with autocast(self.mixed_precision):
/scratch/e0538389/DivClust/engine/trainer.py:41: FutureWarning: `torch.cuda.amp.autocast(args...)` is deprecated. Please use `torch.amp.autocast('cuda', args...)` instead.
  with autocast(self.mixed_precision):
[2026-03-30 11:46:29](logger.py 179): id=CC_FMNIST_C10CFG_K20_E100_DT_0_7 | Ep. 47/100 - Step 250/273 (2.31 it/s) |##################  | - loss_cc=4.557 - loss_ce=2.109 - loss_ne=0.0175 - loss_div=0.0003 - threshold=0.859 - loss=6.684
/scratch/e0538389/DivClust/engine/trainer.py:41: FutureWarning: `torch.cuda.amp.autocast(args...)` is deprecated. Please use `torch.amp.autocast('cuda', args...)` instead.
  with autocast(self.mixed_precision):
[2026-03-30 11:46:38](logger.py 179): id=CC_FMNIST_C10CFG_K20_E100_DT_0_7 | Ep. 47/100 | Time: 00:01 | loss_cc=4.557 - loss_ce=2.11 - loss_ne=0.0179 - loss_div=0.000285 - threshold=0.859 - loss=6.685
[2026-03-30 11:46:40](logger.py 179): id=CC_FMNIST_C10CFG_K20_E100_DT_0_7 | Ep. 48/100 - Step 0/273 (0.0 it/s) |                    | - loss_cc=4.55 - loss_ce=2.113 - loss_ne=0.0131 - loss_div=0.00022 - threshold=0.868 - loss=6.677
/scratch/e0538389/DivClust/engine/trainer.py:41: FutureWarning: `torch.cuda.amp.autocast(args...)` is deprecated. Please use `torch.amp.autocast('cuda', args...)` instead.
  with autocast(self.mixed_precision):
[2026-03-30 11:46:51](logger.py 179): id=CC_FMNIST_C10CFG_K20_E100_DT_0_7 | Ep. 48/100 - Step 25/273 (2.31 it/s) |#                   | - loss_cc=4.556 - loss_ce=2.11 - loss_ne=0.0147 - loss_div=0.000238 - threshold=0.864 - loss=6.681
/scratch/e0538389/DivClust/engine/trainer.py:41: FutureWarning: `torch.cuda.amp.autocast(args...)` is deprecated. Please use `torch.amp.autocast('cuda', args...)` instead.
  with autocast(self.mixed_precision):
[2026-03-30 11:47:02](logger.py 179): id=CC_FMNIST_C10CFG_K20_E100_DT_0_7 | Ep. 48/100 - Step 50/273 (2.34 it/s) |###                 | - loss_cc=4.557 - loss_ce=2.111 - loss_ne=0.0178 - loss_div=0.000357 - threshold=0.859 - loss=6.686
/scratch/e0538389/DivClust/engine/trainer.py:41: FutureWarning: `torch.cuda.amp.autocast(args...)` is deprecated. Please use `torch.amp.autocast('cuda', args...)` instead.
  with autocast(self.mixed_precision):
[2026-03-30 11:47:12](logger.py 179): id=CC_FMNIST_C10CFG_K20_E100_DT_0_7 | Ep. 48/100 - Step 75/273 (2.32 it/s) |#####               | - loss_cc=4.558 - loss_ce=2.111 - loss_ne=0.0179 - loss_div=0.000715 - threshold=0.854 - loss=6.688
/scratch/e0538389/DivClust/engine/trainer.py:41: FutureWarning: `torch.cuda.amp.autocast(args...)` is deprecated. Please use `torch.amp.autocast('cuda', args...)` instead.
  with autocast(self.mixed_precision):
/scratch/e0538389/DivClust/engine/trainer.py:41: FutureWarning: `torch.cuda.amp.autocast(args...)` is deprecated. Please use `torch.amp.autocast('cuda', args...)` instead.
  with autocast(self.mixed_precision):
[2026-03-30 11:47:23](logger.py 179): id=CC_FMNIST_C10CFG_K20_E100_DT_0_7 | Ep. 48/100 - Step 100/273 (2.32 it/s) |#######             | - loss_cc=4.557 - loss_ce=2.11 - loss_ne=0.0178 - loss_div=0.000556 - threshold=0.854 - loss=6.686
/scratch/e0538389/DivClust/engine/trainer.py:41: FutureWarning: `torch.cuda.amp.autocast(args...)` is deprecated. Please use `torch.amp.autocast('cuda', args...)` instead.
  with autocast(self.mixed_precision):
[2026-03-30 11:47:34](logger.py 179): id=CC_FMNIST_C10CFG_K20_E100_DT_0_7 | Ep. 48/100 - Step 125/273 (2.32 it/s) |#########           | - loss_cc=4.557 - loss_ce=2.109 - loss_ne=0.0176 - loss_div=0.000463 - threshold=0.855 - loss=6.684
/scratch/e0538389/DivClust/engine/trainer.py:41: FutureWarning: `torch.cuda.amp.autocast(args...)` is deprecated. Please use `torch.amp.autocast('cuda', args...)` instead.
  with autocast(self.mixed_precision):
[2026-03-30 11:47:45](logger.py 179): id=CC_FMNIST_C10CFG_K20_E100_DT_0_7 | Ep. 48/100 - Step 150/273 (2.32 it/s) |##########          | - loss_cc=4.555 - loss_ce=2.109 - loss_ne=0.0178 - loss_div=0.000387 - threshold=0.858 - loss=6.683
/scratch/e0538389/DivClust/engine/trainer.py:41: FutureWarning: `torch.cuda.amp.autocast(args...)` is deprecated. Please use `torch.amp.autocast('cuda', args...)` instead.
  with autocast(self.mixed_precision):
[2026-03-30 11:47:55](logger.py 179): id=CC_FMNIST_C10CFG_K20_E100_DT_0_7 | Ep. 48/100 - Step 175/273 (2.32 it/s) |############        | - loss_cc=4.556 - loss_ce=2.109 - loss_ne=0.0177 - loss_div=0.000332 - threshold=0.862 - loss=6.683
/scratch/e0538389/DivClust/engine/trainer.py:41: FutureWarning: `torch.cuda.amp.autocast(args...)` is deprecated. Please use `torch.amp.autocast('cuda', args...)` instead.
  with autocast(self.mixed_precision):
/scratch/e0538389/DivClust/engine/trainer.py:41: FutureWarning: `torch.cuda.amp.autocast(args...)` is deprecated. Please use `torch.amp.autocast('cuda', args...)` instead.
  with autocast(self.mixed_precision):
[2026-03-30 11:48:07](logger.py 179): id=CC_FMNIST_C10CFG_K20_E100_DT_0_7 | Ep. 48/100 - Step 200/273 (2.31 it/s) |##############      | - loss_cc=4.555 - loss_ce=2.109 - loss_ne=0.0179 - loss_div=0.000311 - threshold=0.863 - loss=6.683
/scratch/e0538389/DivClust/engine/trainer.py:41: FutureWarning: `torch.cuda.amp.autocast(args...)` is deprecated. Please use `torch.amp.autocast('cuda', args...)` instead.
  with autocast(self.mixed_precision):
[2026-03-30 11:48:18](logger.py 179): id=CC_FMNIST_C10CFG_K20_E100_DT_0_7 | Ep. 48/100 - Step 225/273 (2.31 it/s) |################    | - loss_cc=4.555 - loss_ce=2.109 - loss_ne=0.0178 - loss_div=0.000308 - threshold=0.863 - loss=6.682
/scratch/e0538389/DivClust/engine/trainer.py:41: FutureWarning: `torch.cuda.amp.autocast(args...)` is deprecated. Please use `torch.amp.autocast('cuda', args...)` instead.
  with autocast(self.mixed_precision):
[2026-03-30 11:48:28](logger.py 179): id=CC_FMNIST_C10CFG_K20_E100_DT_0_7 | Ep. 48/100 - Step 250/273 (2.31 it/s) |##################  | - loss_cc=4.555 - loss_ce=2.109 - loss_ne=0.0178 - loss_div=0.000375 - threshold=0.862 - loss=6.682
/scratch/e0538389/DivClust/engine/trainer.py:41: FutureWarning: `torch.cuda.amp.autocast(args...)` is deprecated. Please use `torch.amp.autocast('cuda', args...)` instead.
  with autocast(self.mixed_precision):
[2026-03-30 11:48:38](logger.py 179): id=CC_FMNIST_C10CFG_K20_E100_DT_0_7 | Ep. 48/100 | Time: 00:01 | loss_cc=4.555 - loss_ce=2.109 - loss_ne=0.0178 - loss_div=0.000345 - threshold=0.862 - loss=6.682
[2026-03-30 11:48:40](logger.py 179): id=CC_FMNIST_C10CFG_K20_E100_DT_0_7 | Ep. 49/100 - Step 0/273 (0.0 it/s) |                    | - loss_cc=4.558 - loss_ce=2.103 - loss_ne=0.00742 - loss_div=0.0 - threshold=0.858 - loss=6.669
/scratch/e0538389/DivClust/engine/trainer.py:41: FutureWarning: `torch.cuda.amp.autocast(args...)` is deprecated. Please use `torch.amp.autocast('cuda', args...)` instead.
  with autocast(self.mixed_precision):
/scratch/e0538389/DivClust/engine/trainer.py:41: FutureWarning: `torch.cuda.amp.autocast(args...)` is deprecated. Please use `torch.amp.autocast('cuda', args...)` instead.
  with autocast(self.mixed_precision):
[2026-03-30 11:48:51](logger.py 179): id=CC_FMNIST_C10CFG_K20_E100_DT_0_7 | Ep. 49/100 - Step 25/273 (2.26 it/s) |#                   | - loss_cc=4.559 - loss_ce=2.11 - loss_ne=0.0184 - loss_div=9.64e-05 - threshold=0.865 - loss=6.688
/scratch/e0538389/DivClust/engine/trainer.py:41: FutureWarning: `torch.cuda.amp.autocast(args...)` is deprecated. Please use `torch.amp.autocast('cuda', args...)` instead.
  with autocast(self.mixed_precision):
[2026-03-30 11:49:02](logger.py 179): id=CC_FMNIST_C10CFG_K20_E100_DT_0_7 | Ep. 49/100 - Step 50/273 (2.28 it/s) |###                 | - loss_cc=4.555 - loss_ce=2.109 - loss_ne=0.0178 - loss_div=0.000447 - threshold=0.86 - loss=6.682
/scratch/e0538389/DivClust/engine/trainer.py:41: FutureWarning: `torch.cuda.amp.autocast(args...)` is deprecated. Please use `torch.amp.autocast('cuda', args...)` instead.
  with autocast(self.mixed_precision):
[2026-03-30 11:49:13](logger.py 179): id=CC_FMNIST_C10CFG_K20_E100_DT_0_7 | Ep. 49/100 - Step 75/273 (2.29 it/s) |#####               | - loss_cc=4.554 - loss_ce=2.109 - loss_ne=0.0172 - loss_div=0.000536 - threshold=0.855 - loss=6.68
/scratch/e0538389/DivClust/engine/trainer.py:41: FutureWarning: `torch.cuda.amp.autocast(args...)` is deprecated. Please use `torch.amp.autocast('cuda', args...)` instead.
  with autocast(self.mixed_precision):
[2026-03-30 11:49:24](logger.py 179): id=CC_FMNIST_C10CFG_K20_E100_DT_0_7 | Ep. 49/100 - Step 100/273 (2.29 it/s) |#######             | - loss_cc=4.553 - loss_ce=2.108 - loss_ne=0.0171 - loss_div=0.00043 - threshold=0.853 - loss=6.679
/scratch/e0538389/DivClust/engine/trainer.py:41: FutureWarning: `torch.cuda.amp.autocast(args...)` is deprecated. Please use `torch.amp.autocast('cuda', args...)` instead.
  with autocast(self.mixed_precision):
/scratch/e0538389/DivClust/engine/trainer.py:41: FutureWarning: `torch.cuda.amp.autocast(args...)` is deprecated. Please use `torch.amp.autocast('cuda', args...)` instead.
  with autocast(self.mixed_precision):
[2026-03-30 11:49:35](logger.py 179): id=CC_FMNIST_C10CFG_K20_E100_DT_0_7 | Ep. 49/100 - Step 125/273 (2.28 it/s) |#########           | - loss_cc=4.551 - loss_ce=2.108 - loss_ne=0.0175 - loss_div=0.000358 - threshold=0.854 - loss=6.676
/scratch/e0538389/DivClust/engine/trainer.py:41: FutureWarning: `torch.cuda.amp.autocast(args...)` is deprecated. Please use `torch.amp.autocast('cuda', args...)` instead.
  with autocast(self.mixed_precision):
[2026-03-30 11:49:46](logger.py 179): id=CC_FMNIST_C10CFG_K20_E100_DT_0_7 | Ep. 49/100 - Step 150/273 (2.28 it/s) |##########          | - loss_cc=4.552 - loss_ce=2.108 - loss_ne=0.0171 - loss_div=0.00035 - threshold=0.854 - loss=6.677
/scratch/e0538389/DivClust/engine/trainer.py:41: FutureWarning: `torch.cuda.amp.autocast(args...)` is deprecated. Please use `torch.amp.autocast('cuda', args...)` instead.
  with autocast(self.mixed_precision):
[2026-03-30 11:49:57](logger.py 179): id=CC_FMNIST_C10CFG_K20_E100_DT_0_7 | Ep. 49/100 - Step 175/273 (2.28 it/s) |############        | - loss_cc=4.553 - loss_ce=2.108 - loss_ne=0.0169 - loss_div=0.00033 - threshold=0.854 - loss=6.678
/scratch/e0538389/DivClust/engine/trainer.py:41: FutureWarning: `torch.cuda.amp.autocast(args...)` is deprecated. Please use `torch.amp.autocast('cuda', args...)` instead.
  with autocast(self.mixed_precision):
[2026-03-30 11:50:07](logger.py 179): id=CC_FMNIST_C10CFG_K20_E100_DT_0_7 | Ep. 49/100 - Step 200/273 (2.29 it/s) |##############      | - loss_cc=4.553 - loss_ce=2.108 - loss_ne=0.0167 - loss_div=0.000306 - threshold=0.854 - loss=6.678
/scratch/e0538389/DivClust/engine/trainer.py:41: FutureWarning: `torch.cuda.amp.autocast(args...)` is deprecated. Please use `torch.amp.autocast('cuda', args...)` instead.
  with autocast(self.mixed_precision):
/scratch/e0538389/DivClust/engine/trainer.py:41: FutureWarning: `torch.cuda.amp.autocast(args...)` is deprecated. Please use `torch.amp.autocast('cuda', args...)` instead.
  with autocast(self.mixed_precision):
[2026-03-30 11:50:18](logger.py 179): id=CC_FMNIST_C10CFG_K20_E100_DT_0_7 | Ep. 49/100 - Step 225/273 (2.28 it/s) |################    | - loss_cc=4.553 - loss_ce=2.109 - loss_ne=0.0168 - loss_div=0.000295 - threshold=0.854 - loss=6.679
/scratch/e0538389/DivClust/engine/trainer.py:41: FutureWarning: `torch.cuda.amp.autocast(args...)` is deprecated. Please use `torch.amp.autocast('cuda', args...)` instead.
  with autocast(self.mixed_precision):
[2026-03-30 11:50:29](logger.py 179): id=CC_FMNIST_C10CFG_K20_E100_DT_0_7 | Ep. 49/100 - Step 250/273 (2.29 it/s) |##################  | - loss_cc=4.553 - loss_ce=2.109 - loss_ne=0.0169 - loss_div=0.000306 - threshold=0.854 - loss=6.679
/scratch/e0538389/DivClust/engine/trainer.py:41: FutureWarning: `torch.cuda.amp.autocast(args...)` is deprecated. Please use `torch.amp.autocast('cuda', args...)` instead.
  with autocast(self.mixed_precision):
[2026-03-30 11:50:39](logger.py 179): id=CC_FMNIST_C10CFG_K20_E100_DT_0_7 | Ep. 49/100 | Time: 00:01 | loss_cc=4.553 - loss_ce=2.109 - loss_ne=0.0171 - loss_div=0.000305 - threshold=0.854 - loss=6.679
[2026-03-30 11:50:41](logger.py 179): id=CC_FMNIST_C10CFG_K20_E100_DT_0_7 | Ep. 50/100 - Step 0/273 (0.0 it/s) |                    | - loss_cc=4.546 - loss_ce=2.101 - loss_ne=0.0136 - loss_div=0.0 - threshold=0.858 - loss=6.661
/scratch/e0538389/DivClust/engine/trainer.py:41: FutureWarning: `torch.cuda.amp.autocast(args...)` is deprecated. Please use `torch.amp.autocast('cuda', args...)` instead.
  with autocast(self.mixed_precision):
[2026-03-30 11:50:52](logger.py 179): id=CC_FMNIST_C10CFG_K20_E100_DT_0_7 | Ep. 50/100 - Step 25/273 (2.36 it/s) |#                   | - loss_cc=4.55 - loss_ce=2.11 - loss_ne=0.0173 - loss_div=4.89e-05 - threshold=0.863 - loss=6.677
/scratch/e0538389/DivClust/engine/trainer.py:41: FutureWarning: `torch.cuda.amp.autocast(args...)` is deprecated. Please use `torch.amp.autocast('cuda', args...)` instead.
  with autocast(self.mixed_precision):
[2026-03-30 11:51:03](logger.py 179): id=CC_FMNIST_C10CFG_K20_E100_DT_0_7 | Ep. 50/100 - Step 50/273 (2.34 it/s) |###                 | - loss_cc=4.55 - loss_ce=2.109 - loss_ne=0.0176 - loss_div=0.000108 - threshold=0.861 - loss=6.677
/scratch/e0538389/DivClust/engine/trainer.py:41: FutureWarning: `torch.cuda.amp.autocast(args...)` is deprecated. Please use `torch.amp.autocast('cuda', args...)` instead.
  with autocast(self.mixed_precision):
/scratch/e0538389/DivClust/engine/trainer.py:41: FutureWarning: `torch.cuda.amp.autocast(args...)` is deprecated. Please use `torch.amp.autocast('cuda', args...)` instead.
  with autocast(self.mixed_precision):
[2026-03-30 11:51:13](logger.py 179): id=CC_FMNIST_C10CFG_K20_E100_DT_0_7 | Ep. 50/100 - Step 75/273 (2.33 it/s) |#####               | - loss_cc=4.551 - loss_ce=2.108 - loss_ne=0.0175 - loss_div=0.000508 - threshold=0.856 - loss=6.677
/scratch/e0538389/DivClust/engine/trainer.py:41: FutureWarning: `torch.cuda.amp.autocast(args...)` is deprecated. Please use `torch.amp.autocast('cuda', args...)` instead.
  with autocast(self.mixed_precision):
[2026-03-30 11:51:24](logger.py 179): id=CC_FMNIST_C10CFG_K20_E100_DT_0_7 | Ep. 50/100 - Step 100/273 (2.33 it/s) |#######             | - loss_cc=4.549 - loss_ce=2.108 - loss_ne=0.0177 - loss_div=0.000517 - threshold=0.853 - loss=6.675
/scratch/e0538389/DivClust/engine/trainer.py:41: FutureWarning: `torch.cuda.amp.autocast(args...)` is deprecated. Please use `torch.amp.autocast('cuda', args...)` instead.
  with autocast(self.mixed_precision):
[2026-03-30 11:51:35](logger.py 179): id=CC_FMNIST_C10CFG_K20_E100_DT_0_7 | Ep. 50/100 - Step 125/273 (2.32 it/s) |#########           | - loss_cc=4.55 - loss_ce=2.108 - loss_ne=0.0175 - loss_div=0.000432 - threshold=0.854 - loss=6.677
/scratch/e0538389/DivClust/engine/trainer.py:41: FutureWarning: `torch.cuda.amp.autocast(args...)` is deprecated. Please use `torch.amp.autocast('cuda', args...)` instead.
  with autocast(self.mixed_precision):
[2026-03-30 11:51:46](logger.py 179): id=CC_FMNIST_C10CFG_K20_E100_DT_0_7 | Ep. 50/100 - Step 150/273 (2.31 it/s) |##########          | - loss_cc=4.55 - loss_ce=2.108 - loss_ne=0.0176 - loss_div=0.000363 - threshold=0.856 - loss=6.677
/scratch/e0538389/DivClust/engine/trainer.py:41: FutureWarning: `torch.cuda.amp.autocast(args...)` is deprecated. Please use `torch.amp.autocast('cuda', args...)` instead.
  with autocast(self.mixed_precision):
/scratch/e0538389/DivClust/engine/trainer.py:41: FutureWarning: `torch.cuda.amp.autocast(args...)` is deprecated. Please use `torch.amp.autocast('cuda', args...)` instead.
  with autocast(self.mixed_precision):
[2026-03-30 11:51:57](logger.py 179): id=CC_FMNIST_C10CFG_K20_E100_DT_0_7 | Ep. 50/100 - Step 175/273 (2.31 it/s) |############        | - loss_cc=4.551 - loss_ce=2.109 - loss_ne=0.0175 - loss_div=0.000313 - threshold=0.858 - loss=6.678
/scratch/e0538389/DivClust/engine/trainer.py:41: FutureWarning: `torch.cuda.amp.autocast(args...)` is deprecated. Please use `torch.amp.autocast('cuda', args...)` instead.
  with autocast(self.mixed_precision):
[2026-03-30 11:52:08](logger.py 179): id=CC_FMNIST_C10CFG_K20_E100_DT_0_7 | Ep. 50/100 - Step 200/273 (2.31 it/s) |##############      | - loss_cc=4.551 - loss_ce=2.108 - loss_ne=0.0173 - loss_div=0.00029 - threshold=0.859 - loss=6.677
/scratch/e0538389/DivClust/engine/trainer.py:41: FutureWarning: `torch.cuda.amp.autocast(args...)` is deprecated. Please use `torch.amp.autocast('cuda', args...)` instead.
  with autocast(self.mixed_precision):
[2026-03-30 11:52:18](logger.py 179): id=CC_FMNIST_C10CFG_K20_E100_DT_0_7 | Ep. 50/100 - Step 225/273 (2.31 it/s) |################    | - loss_cc=4.551 - loss_ce=2.108 - loss_ne=0.0174 - loss_div=0.000375 - threshold=0.858 - loss=6.677
/scratch/e0538389/DivClust/engine/trainer.py:41: FutureWarning: `torch.cuda.amp.autocast(args...)` is deprecated. Please use `torch.amp.autocast('cuda', args...)` instead.
  with autocast(self.mixed_precision):
[2026-03-30 11:52:30](logger.py 179): id=CC_FMNIST_C10CFG_K20_E100_DT_0_7 | Ep. 50/100 - Step 250/273 (2.31 it/s) |##################  | - loss_cc=4.551 - loss_ce=2.108 - loss_ne=0.0174 - loss_div=0.000341 - threshold=0.858 - loss=6.677
/scratch/e0538389/DivClust/engine/trainer.py:41: FutureWarning: `torch.cuda.amp.autocast(args...)` is deprecated. Please use `torch.amp.autocast('cuda', args...)` instead.
  with autocast(self.mixed_precision):
/scratch/e0538389/DivClust/engine/trainer.py:41: FutureWarning: `torch.cuda.amp.autocast(args...)` is deprecated. Please use `torch.amp.autocast('cuda', args...)` instead.
  with autocast(self.mixed_precision):
[2026-03-30 11:52:39](logger.py 179): Evaluating
[2026-03-30 11:52:39](logger.py 179): Eval. step 0 of 274
[2026-03-30 11:52:42](logger.py 179): Eval. step 25 of 274
[2026-03-30 11:52:44](logger.py 179): Eval. step 50 of 274
[2026-03-30 11:52:46](logger.py 179): Eval. step 75 of 274
[2026-03-30 11:52:49](logger.py 179): Eval. step 100 of 274
[2026-03-30 11:52:51](logger.py 179): Eval. step 125 of 274
[2026-03-30 11:52:53](logger.py 179): Eval. step 150 of 274
[2026-03-30 11:52:56](logger.py 179): Eval. step 175 of 274
[2026-03-30 11:52:58](logger.py 179): Eval. step 200 of 274
[2026-03-30 11:53:00](logger.py 179): Eval. step 225 of 274
[2026-03-30 11:53:03](logger.py 179): Eval. step 250 of 274
[2026-03-30 11:53:07](logger.py 179): id=CC_FMNIST_C10CFG_K20_E100_DT_0_7 | Ep. 50/100 | Time: 00:02 | loss_cc=4.551 - loss_ce=2.108 - loss_ne=0.0174 - loss_div=0.000314 - threshold=0.858 - loss=6.677 - eval_confidence=0.89 - cluster_acc_0_eval=59.92 - cluster_nmi_0_eval=0.576 - cluster_ari_0_eval=0.437 - cluster_acc_1_eval=51.71 - cluster_nmi_1_eval=0.543 - cluster_ari_1_eval=0.378 - cluster_acc_2_eval=58.4 - cluster_nmi_2_eval=0.573 - cluster_ari_2_eval=0.443 - cluster_acc_3_eval=61.6 - cluster_nmi_3_eval=0.592 - cluster_ari_3_eval=0.457 - cluster_acc_4_eval=58.88 - cluster_nmi_4_eval=0.574 - cluster_ari_4_eval=0.46 - cluster_acc_5_eval=63.86 - cluster_nmi_5_eval=0.628 - cluster_ari_5_eval=0.508 - cluster_acc_6_eval=60.89 - cluster_nmi_6_eval=0.598 - cluster_ari_6_eval=0.454 - cluster_acc_7_eval=57.33 - cluster_nmi_7_eval=0.565 - cluster_ari_7_eval=0.42 - cluster_acc_8_eval=55.53 - cluster_nmi_8_eval=0.572 - cluster_ari_8_eval=0.398 - cluster_acc_9_eval=63.32 - cluster_nmi_9_eval=0.608 - cluster_ari_9_eval=0.489 - cluster_acc_10_eval=58.22 - cluster_nmi_10_eval=0.565 - cluster_ari_10_eval=0.432 - cluster_acc_11_eval=53.41 - cluster_nmi_11_eval=0.536 - cluster_ari_11_eval=0.359 - cluster_acc_12_eval=53.96 - cluster_nmi_12_eval=0.564 - cluster_ari_12_eval=0.392 - cluster_acc_13_eval=66.3 - cluster_nmi_13_eval=0.665 - cluster_ari_13_eval=0.531 - cluster_acc_14_eval=63.27 - cluster_nmi_14_eval=0.627 - cluster_ari_14_eval=0.501 - cluster_acc_15_eval=62.91 - cluster_nmi_15_eval=0.598 - cluster_ari_15_eval=0.469 - cluster_acc_16_eval=63.49 - cluster_nmi_16_eval=0.618 - cluster_ari_16_eval=0.488 - cluster_acc_17_eval=61.81 - cluster_nmi_17_eval=0.612 - cluster_ari_17_eval=0.48 - cluster_acc_18_eval=58.39 - cluster_nmi_18_eval=0.61 - cluster_ari_18_eval=0.447 - cluster_acc_19_eval=62.76 - cluster_nmi_19_eval=0.634 - cluster_ari_19_eval=0.516 - max_cluster_acc_eval=66.3 - mean_cluster_acc_eval=59.8 - min_cluster_acc_eval=51.71 - max_cluster_nmi_eval=0.665 - mean_cluster_nmi_eval=0.593 - min_cluster_nmi_eval=0.536 - max_cluster_ari_eval=0.531 - mean_cluster_ari_eval=0.453 - min_cluster_ari_eval=0.359 - interclustering_nmi_eval=0.687
/scratch/e0538389/DivClust/engine/trainer.py:41: FutureWarning: `torch.cuda.amp.autocast(args...)` is deprecated. Please use `torch.amp.autocast('cuda', args...)` instead.
  with autocast(self.mixed_precision):
[2026-03-30 11:53:09](logger.py 179): id=CC_FMNIST_C10CFG_K20_E100_DT_0_7 | Ep. 51/100 - Step 0/273 (0.0 it/s) |                    | - loss_cc=4.543 - loss_ce=2.097 - loss_ne=0.0133 - loss_div=0.0 - threshold=0.875 - loss=6.653
/scratch/e0538389/DivClust/engine/trainer.py:41: FutureWarning: `torch.cuda.amp.autocast(args...)` is deprecated. Please use `torch.amp.autocast('cuda', args...)` instead.
  with autocast(self.mixed_precision):
[2026-03-30 11:53:20](logger.py 179): id=CC_FMNIST_C10CFG_K20_E100_DT_0_7 | Ep. 51/100 - Step 25/273 (2.38 it/s) |#                   | - loss_cc=4.56 - loss_ce=2.109 - loss_ne=0.0176 - loss_div=8.19e-05 - threshold=0.872 - loss=6.686
/scratch/e0538389/DivClust/engine/trainer.py:41: FutureWarning: `torch.cuda.amp.autocast(args...)` is deprecated. Please use `torch.amp.autocast('cuda', args...)` instead.
  with autocast(self.mixed_precision):
[2026-03-30 11:53:30](logger.py 179): id=CC_FMNIST_C10CFG_K20_E100_DT_0_7 | Ep. 51/100 - Step 50/273 (2.37 it/s) |###                 | - loss_cc=4.558 - loss_ce=2.11 - loss_ne=0.0181 - loss_div=0.000142 - threshold=0.866 - loss=6.685
/scratch/e0538389/DivClust/engine/trainer.py:41: FutureWarning: `torch.cuda.amp.autocast(args...)` is deprecated. Please use `torch.amp.autocast('cuda', args...)` instead.
  with autocast(self.mixed_precision):
[2026-03-30 11:53:41](logger.py 179): id=CC_FMNIST_C10CFG_K20_E100_DT_0_7 | Ep. 51/100 - Step 75/273 (2.35 it/s) |#####               | - loss_cc=4.555 - loss_ce=2.109 - loss_ne=0.018 - loss_div=0.000312 - threshold=0.861 - loss=6.682
/scratch/e0538389/DivClust/engine/trainer.py:41: FutureWarning: `torch.cuda.amp.autocast(args...)` is deprecated. Please use `torch.amp.autocast('cuda', args...)` instead.
  with autocast(self.mixed_precision):
/scratch/e0538389/DivClust/engine/trainer.py:41: FutureWarning: `torch.cuda.amp.autocast(args...)` is deprecated. Please use `torch.amp.autocast('cuda', args...)` instead.
  with autocast(self.mixed_precision):
[2026-03-30 11:53:53](logger.py 179): id=CC_FMNIST_C10CFG_K20_E100_DT_0_7 | Ep. 51/100 - Step 100/273 (2.32 it/s) |#######             | - loss_cc=4.554 - loss_ce=2.108 - loss_ne=0.0183 - loss_div=0.000425 - threshold=0.856 - loss=6.681
/scratch/e0538389/DivClust/engine/trainer.py:41: FutureWarning: `torch.cuda.amp.autocast(args...)` is deprecated. Please use `torch.amp.autocast('cuda', args...)` instead.
  with autocast(self.mixed_precision):
[2026-03-30 11:54:03](logger.py 179): id=CC_FMNIST_C10CFG_K20_E100_DT_0_7 | Ep. 51/100 - Step 125/273 (2.33 it/s) |#########           | - loss_cc=4.553 - loss_ce=2.108 - loss_ne=0.018 - loss_div=0.00037 - threshold=0.855 - loss=6.68
/scratch/e0538389/DivClust/engine/trainer.py:41: FutureWarning: `torch.cuda.amp.autocast(args...)` is deprecated. Please use `torch.amp.autocast('cuda', args...)` instead.
  with autocast(self.mixed_precision):
[2026-03-30 11:54:14](logger.py 179): id=CC_FMNIST_C10CFG_K20_E100_DT_0_7 | Ep. 51/100 - Step 150/273 (2.33 it/s) |##########          | - loss_cc=4.552 - loss_ce=2.108 - loss_ne=0.0179 - loss_div=0.000313 - threshold=0.857 - loss=6.678
/scratch/e0538389/DivClust/engine/trainer.py:41: FutureWarning: `torch.cuda.amp.autocast(args...)` is deprecated. Please use `torch.amp.autocast('cuda', args...)` instead.
  with autocast(self.mixed_precision):
[2026-03-30 11:54:25](logger.py 179): id=CC_FMNIST_C10CFG_K20_E100_DT_0_7 | Ep. 51/100 - Step 175/273 (2.33 it/s) |############        | - loss_cc=4.551 - loss_ce=2.108 - loss_ne=0.0179 - loss_div=0.000268 - threshold=0.859 - loss=6.677
/scratch/e0538389/DivClust/engine/trainer.py:41: FutureWarning: `torch.cuda.amp.autocast(args...)` is deprecated. Please use `torch.amp.autocast('cuda', args...)` instead.
  with autocast(self.mixed_precision):
/scratch/e0538389/DivClust/engine/trainer.py:41: FutureWarning: `torch.cuda.amp.autocast(args...)` is deprecated. Please use `torch.amp.autocast('cuda', args...)` instead.
  with autocast(self.mixed_precision):
[2026-03-30 11:54:36](logger.py 179): id=CC_FMNIST_C10CFG_K20_E100_DT_0_7 | Ep. 51/100 - Step 200/273 (2.32 it/s) |##############      | - loss_cc=4.551 - loss_ce=2.108 - loss_ne=0.0179 - loss_div=0.000239 - threshold=0.86 - loss=6.677
/scratch/e0538389/DivClust/engine/trainer.py:41: FutureWarning: `torch.cuda.amp.autocast(args...)` is deprecated. Please use `torch.amp.autocast('cuda', args...)` instead.
  with autocast(self.mixed_precision):
[2026-03-30 11:54:46](logger.py 179): id=CC_FMNIST_C10CFG_K20_E100_DT_0_7 | Ep. 51/100 - Step 225/273 (2.32 it/s) |################    | - loss_cc=4.551 - loss_ce=2.108 - loss_ne=0.0179 - loss_div=0.000223 - threshold=0.861 - loss=6.677
/scratch/e0538389/DivClust/engine/trainer.py:41: FutureWarning: `torch.cuda.amp.autocast(args...)` is deprecated. Please use `torch.amp.autocast('cuda', args...)` instead.
  with autocast(self.mixed_precision):
[2026-03-30 11:54:57](logger.py 179): id=CC_FMNIST_C10CFG_K20_E100_DT_0_7 | Ep. 51/100 - Step 250/273 (2.32 it/s) |##################  | - loss_cc=4.551 - loss_ce=2.107 - loss_ne=0.0179 - loss_div=0.000227 - threshold=0.861 - loss=6.676
/scratch/e0538389/DivClust/engine/trainer.py:41: FutureWarning: `torch.cuda.amp.autocast(args...)` is deprecated. Please use `torch.amp.autocast('cuda', args...)` instead.
  with autocast(self.mixed_precision):
[2026-03-30 11:55:07](logger.py 179): id=CC_FMNIST_C10CFG_K20_E100_DT_0_7 | Ep. 51/100 | Time: 00:01 | loss_cc=4.55 - loss_ce=2.107 - loss_ne=0.0178 - loss_div=0.000256 - threshold=0.86 - loss=6.676
[2026-03-30 11:55:09](logger.py 179): id=CC_FMNIST_C10CFG_K20_E100_DT_0_7 | Ep. 52/100 - Step 0/273 (0.0 it/s) |                    | - loss_cc=4.58 - loss_ce=2.125 - loss_ne=0.0151 - loss_div=9.56e-05 - threshold=0.848 - loss=6.72
/scratch/e0538389/DivClust/engine/trainer.py:41: FutureWarning: `torch.cuda.amp.autocast(args...)` is deprecated. Please use `torch.amp.autocast('cuda', args...)` instead.
  with autocast(self.mixed_precision):
/scratch/e0538389/DivClust/engine/trainer.py:41: FutureWarning: `torch.cuda.amp.autocast(args...)` is deprecated. Please use `torch.amp.autocast('cuda', args...)` instead.
  with autocast(self.mixed_precision):
[2026-03-30 11:55:20](logger.py 179): id=CC_FMNIST_C10CFG_K20_E100_DT_0_7 | Ep. 52/100 - Step 25/273 (2.16 it/s) |#                   | - loss_cc=4.55 - loss_ce=2.108 - loss_ne=0.0192 - loss_div=0.00129 - threshold=0.842 - loss=6.679
/scratch/e0538389/DivClust/engine/trainer.py:41: FutureWarning: `torch.cuda.amp.autocast(args...)` is deprecated. Please use `torch.amp.autocast('cuda', args...)` instead.
  with autocast(self.mixed_precision):
[2026-03-30 11:55:31](logger.py 179): id=CC_FMNIST_C10CFG_K20_E100_DT_0_7 | Ep. 52/100 - Step 50/273 (2.24 it/s) |###                 | - loss_cc=4.551 - loss_ce=2.108 - loss_ne=0.0182 - loss_div=0.000803 - threshold=0.844 - loss=6.678
/scratch/e0538389/DivClust/engine/trainer.py:41: FutureWarning: `torch.cuda.amp.autocast(args...)` is deprecated. Please use `torch.amp.autocast('cuda', args...)` instead.
  with autocast(self.mixed_precision):
[2026-03-30 11:55:42](logger.py 179): id=CC_FMNIST_C10CFG_K20_E100_DT_0_7 | Ep. 52/100 - Step 75/273 (2.26 it/s) |#####               | - loss_cc=4.551 - loss_ce=2.108 - loss_ne=0.0181 - loss_div=0.000627 - threshold=0.844 - loss=6.677
/scratch/e0538389/DivClust/engine/trainer.py:41: FutureWarning: `torch.cuda.amp.autocast(args...)` is deprecated. Please use `torch.amp.autocast('cuda', args...)` instead.
  with autocast(self.mixed_precision):
[2026-03-30 11:55:53](logger.py 179): id=CC_FMNIST_C10CFG_K20_E100_DT_0_7 | Ep. 52/100 - Step 100/273 (2.27 it/s) |#######             | - loss_cc=4.551 - loss_ce=2.108 - loss_ne=0.0189 - loss_div=0.000477 - threshold=0.846 - loss=6.678
/scratch/e0538389/DivClust/engine/trainer.py:41: FutureWarning: `torch.cuda.amp.autocast(args...)` is deprecated. Please use `torch.amp.autocast('cuda', args...)` instead.
  with autocast(self.mixed_precision):
/scratch/e0538389/DivClust/engine/trainer.py:41: FutureWarning: `torch.cuda.amp.autocast(args...)` is deprecated. Please use `torch.amp.autocast('cuda', args...)` instead.
  with autocast(self.mixed_precision):
[2026-03-30 11:56:04](logger.py 179): id=CC_FMNIST_C10CFG_K20_E100_DT_0_7 | Ep. 52/100 - Step 125/273 (2.27 it/s) |#########           | - loss_cc=4.551 - loss_ce=2.108 - loss_ne=0.0185 - loss_div=0.000395 - threshold=0.85 - loss=6.678
/scratch/e0538389/DivClust/engine/trainer.py:41: FutureWarning: `torch.cuda.amp.autocast(args...)` is deprecated. Please use `torch.amp.autocast('cuda', args...)` instead.
  with autocast(self.mixed_precision):
[2026-03-30 11:56:15](logger.py 179): id=CC_FMNIST_C10CFG_K20_E100_DT_0_7 | Ep. 52/100 - Step 150/273 (2.28 it/s) |##########          | - loss_cc=4.549 - loss_ce=2.107 - loss_ne=0.018 - loss_div=0.000359 - threshold=0.85 - loss=6.675
/scratch/e0538389/DivClust/engine/trainer.py:41: FutureWarning: `torch.cuda.amp.autocast(args...)` is deprecated. Please use `torch.amp.autocast('cuda', args...)` instead.
  with autocast(self.mixed_precision):
[2026-03-30 11:56:25](logger.py 179): id=CC_FMNIST_C10CFG_K20_E100_DT_0_7 | Ep. 52/100 - Step 175/273 (2.29 it/s) |############        | - loss_cc=4.549 - loss_ce=2.108 - loss_ne=0.018 - loss_div=0.000465 - threshold=0.849 - loss=6.675
/scratch/e0538389/DivClust/engine/trainer.py:41: FutureWarning: `torch.cuda.amp.autocast(args...)` is deprecated. Please use `torch.amp.autocast('cuda', args...)` instead.
  with autocast(self.mixed_precision):
[2026-03-30 11:56:36](logger.py 179): id=CC_FMNIST_C10CFG_K20_E100_DT_0_7 | Ep. 52/100 - Step 200/273 (2.29 it/s) |##############      | - loss_cc=4.549 - loss_ce=2.107 - loss_ne=0.0177 - loss_div=0.000415 - threshold=0.849 - loss=6.674
/scratch/e0538389/DivClust/engine/trainer.py:41: FutureWarning: `torch.cuda.amp.autocast(args...)` is deprecated. Please use `torch.amp.autocast('cuda', args...)` instead.
  with autocast(self.mixed_precision):
/scratch/e0538389/DivClust/engine/trainer.py:41: FutureWarning: `torch.cuda.amp.autocast(args...)` is deprecated. Please use `torch.amp.autocast('cuda', args...)` instead.
  with autocast(self.mixed_precision):
[2026-03-30 11:56:47](logger.py 179): id=CC_FMNIST_C10CFG_K20_E100_DT_0_7 | Ep. 52/100 - Step 225/273 (2.28 it/s) |################    | - loss_cc=4.549 - loss_ce=2.107 - loss_ne=0.0176 - loss_div=0.00037 - threshold=0.85 - loss=6.674
/scratch/e0538389/DivClust/engine/trainer.py:41: FutureWarning: `torch.cuda.amp.autocast(args...)` is deprecated. Please use `torch.amp.autocast('cuda', args...)` instead.
  with autocast(self.mixed_precision):
[2026-03-30 11:56:58](logger.py 179): id=CC_FMNIST_C10CFG_K20_E100_DT_0_7 | Ep. 52/100 - Step 250/273 (2.28 it/s) |##################  | - loss_cc=4.548 - loss_ce=2.107 - loss_ne=0.0176 - loss_div=0.000334 - threshold=0.851 - loss=6.673
/scratch/e0538389/DivClust/engine/trainer.py:41: FutureWarning: `torch.cuda.amp.autocast(args...)` is deprecated. Please use `torch.amp.autocast('cuda', args...)` instead.
  with autocast(self.mixed_precision):
[2026-03-30 11:57:08](logger.py 179): id=CC_FMNIST_C10CFG_K20_E100_DT_0_7 | Ep. 52/100 | Time: 00:01 | loss_cc=4.547 - loss_ce=2.107 - loss_ne=0.0177 - loss_div=0.000307 - threshold=0.853 - loss=6.672
[2026-03-30 11:57:10](logger.py 179): id=CC_FMNIST_C10CFG_K20_E100_DT_0_7 | Ep. 53/100 - Step 0/273 (0.0 it/s) |                    | - loss_cc=4.558 - loss_ce=2.111 - loss_ne=0.00622 - loss_div=0.0 - threshold=0.865 - loss=6.675
/scratch/e0538389/DivClust/engine/trainer.py:41: FutureWarning: `torch.cuda.amp.autocast(args...)` is deprecated. Please use `torch.amp.autocast('cuda', args...)` instead.
  with autocast(self.mixed_precision):
[2026-03-30 11:57:21](logger.py 179): id=CC_FMNIST_C10CFG_K20_E100_DT_0_7 | Ep. 53/100 - Step 25/273 (2.29 it/s) |#                   | - loss_cc=4.552 - loss_ce=2.109 - loss_ne=0.0191 - loss_div=0.000267 - threshold=0.86 - loss=6.681
/scratch/e0538389/DivClust/engine/trainer.py:41: FutureWarning: `torch.cuda.amp.autocast(args...)` is deprecated. Please use `torch.amp.autocast('cuda', args...)` instead.
  with autocast(self.mixed_precision):
[2026-03-30 11:57:31](logger.py 179): id=CC_FMNIST_C10CFG_K20_E100_DT_0_7 | Ep. 53/100 - Step 50/273 (2.3 it/s) |###                 | - loss_cc=4.55 - loss_ce=2.108 - loss_ne=0.0197 - loss_div=0.0006 - threshold=0.855 - loss=6.678
/scratch/e0538389/DivClust/engine/trainer.py:41: FutureWarning: `torch.cuda.amp.autocast(args...)` is deprecated. Please use `torch.amp.autocast('cuda', args...)` instead.
  with autocast(self.mixed_precision):
/scratch/e0538389/DivClust/engine/trainer.py:41: FutureWarning: `torch.cuda.amp.autocast(args...)` is deprecated. Please use `torch.amp.autocast('cuda', args...)` instead.
  with autocast(self.mixed_precision):
[2026-03-30 11:57:42](logger.py 179): id=CC_FMNIST_C10CFG_K20_E100_DT_0_7 | Ep. 53/100 - Step 75/273 (2.29 it/s) |#####               | - loss_cc=4.549 - loss_ce=2.108 - loss_ne=0.0186 - loss_div=0.000671 - threshold=0.85 - loss=6.676
/scratch/e0538389/DivClust/engine/trainer.py:41: FutureWarning: `torch.cuda.amp.autocast(args...)` is deprecated. Please use `torch.amp.autocast('cuda', args...)` instead.
  with autocast(self.mixed_precision):
[2026-03-30 11:57:53](logger.py 179): id=CC_FMNIST_C10CFG_K20_E100_DT_0_7 | Ep. 53/100 - Step 100/273 (2.3 it/s) |#######             | - loss_cc=4.547 - loss_ce=2.107 - loss_ne=0.018 - loss_div=0.000518 - threshold=0.85 - loss=6.673
/scratch/e0538389/DivClust/engine/trainer.py:41: FutureWarning: `torch.cuda.amp.autocast(args...)` is deprecated. Please use `torch.amp.autocast('cuda', args...)` instead.
  with autocast(self.mixed_precision):
[2026-03-30 11:58:04](logger.py 179): id=CC_FMNIST_C10CFG_K20_E100_DT_0_7 | Ep. 53/100 - Step 125/273 (2.31 it/s) |#########           | - loss_cc=4.547 - loss_ce=2.107 - loss_ne=0.0177 - loss_div=0.000428 - threshold=0.852 - loss=6.672
/scratch/e0538389/DivClust/engine/trainer.py:41: FutureWarning: `torch.cuda.amp.autocast(args...)` is deprecated. Please use `torch.amp.autocast('cuda', args...)` instead.
  with autocast(self.mixed_precision):
[2026-03-30 11:58:15](logger.py 179): id=CC_FMNIST_C10CFG_K20_E100_DT_0_7 | Ep. 53/100 - Step 150/273 (2.31 it/s) |##########          | - loss_cc=4.548 - loss_ce=2.107 - loss_ne=0.0182 - loss_div=0.000358 - threshold=0.856 - loss=6.674
/scratch/e0538389/DivClust/engine/trainer.py:41: FutureWarning: `torch.cuda.amp.autocast(args...)` is deprecated. Please use `torch.amp.autocast('cuda', args...)` instead.
  with autocast(self.mixed_precision):
/scratch/e0538389/DivClust/engine/trainer.py:41: FutureWarning: `torch.cuda.amp.autocast(args...)` is deprecated. Please use `torch.amp.autocast('cuda', args...)` instead.
  with autocast(self.mixed_precision):
[2026-03-30 11:58:26](logger.py 179): id=CC_FMNIST_C10CFG_K20_E100_DT_0_7 | Ep. 53/100 - Step 175/273 (2.29 it/s) |############        | - loss_cc=4.547 - loss_ce=2.107 - loss_ne=0.0179 - loss_div=0.000349 - threshold=0.857 - loss=6.672
/scratch/e0538389/DivClust/engine/trainer.py:41: FutureWarning: `torch.cuda.amp.autocast(args...)` is deprecated. Please use `torch.amp.autocast('cuda', args...)` instead.
  with autocast(self.mixed_precision):
[2026-03-30 11:58:37](logger.py 179): id=CC_FMNIST_C10CFG_K20_E100_DT_0_7 | Ep. 53/100 - Step 200/273 (2.3 it/s) |##############      | - loss_cc=4.547 - loss_ce=2.107 - loss_ne=0.018 - loss_div=0.00037 - threshold=0.856 - loss=6.672
/scratch/e0538389/DivClust/engine/trainer.py:41: FutureWarning: `torch.cuda.amp.autocast(args...)` is deprecated. Please use `torch.amp.autocast('cuda', args...)` instead.
  with autocast(self.mixed_precision):
[2026-03-30 11:58:48](logger.py 179): id=CC_FMNIST_C10CFG_K20_E100_DT_0_7 | Ep. 53/100 - Step 225/273 (2.3 it/s) |################    | - loss_cc=4.546 - loss_ce=2.107 - loss_ne=0.0181 - loss_div=0.00048 - threshold=0.854 - loss=6.672
/scratch/e0538389/DivClust/engine/trainer.py:41: FutureWarning: `torch.cuda.amp.autocast(args...)` is deprecated. Please use `torch.amp.autocast('cuda', args...)` instead.
  with autocast(self.mixed_precision):
[2026-03-30 11:58:58](logger.py 179): id=CC_FMNIST_C10CFG_K20_E100_DT_0_7 | Ep. 53/100 - Step 250/273 (2.3 it/s) |##################  | - loss_cc=4.547 - loss_ce=2.107 - loss_ne=0.0183 - loss_div=0.000464 - threshold=0.854 - loss=6.672
/scratch/e0538389/DivClust/engine/trainer.py:41: FutureWarning: `torch.cuda.amp.autocast(args...)` is deprecated. Please use `torch.amp.autocast('cuda', args...)` instead.
  with autocast(self.mixed_precision):
/scratch/e0538389/DivClust/engine/trainer.py:41: FutureWarning: `torch.cuda.amp.autocast(args...)` is deprecated. Please use `torch.amp.autocast('cuda', args...)` instead.
  with autocast(self.mixed_precision):
[2026-03-30 11:59:08](logger.py 179): id=CC_FMNIST_C10CFG_K20_E100_DT_0_7 | Ep. 53/100 | Time: 00:01 | loss_cc=4.547 - loss_ce=2.107 - loss_ne=0.0183 - loss_div=0.000427 - threshold=0.854 - loss=6.673
[2026-03-30 11:59:10](logger.py 179): id=CC_FMNIST_C10CFG_K20_E100_DT_0_7 | Ep. 54/100 - Step 0/273 (0.0 it/s) |                    | - loss_cc=4.526 - loss_ce=2.1 - loss_ne=0.0179 - loss_div=0.0 - threshold=0.864 - loss=6.644
/scratch/e0538389/DivClust/engine/trainer.py:41: FutureWarning: `torch.cuda.amp.autocast(args...)` is deprecated. Please use `torch.amp.autocast('cuda', args...)` instead.
  with autocast(self.mixed_precision):
[2026-03-30 11:59:21](logger.py 179): id=CC_FMNIST_C10CFG_K20_E100_DT_0_7 | Ep. 54/100 - Step 25/273 (2.33 it/s) |#                   | - loss_cc=4.549 - loss_ce=2.107 - loss_ne=0.0174 - loss_div=1.16e-05 - threshold=0.867 - loss=6.673
/scratch/e0538389/DivClust/engine/trainer.py:41: FutureWarning: `torch.cuda.amp.autocast(args...)` is deprecated. Please use `torch.amp.autocast('cuda', args...)` instead.
  with autocast(self.mixed_precision):
[2026-03-30 11:59:32](logger.py 179): id=CC_FMNIST_C10CFG_K20_E100_DT_0_7 | Ep. 54/100 - Step 50/273 (2.33 it/s) |###                 | - loss_cc=4.544 - loss_ce=2.106 - loss_ne=0.0165 - loss_div=2.55e-05 - threshold=0.867 - loss=6.666
/scratch/e0538389/DivClust/engine/trainer.py:41: FutureWarning: `torch.cuda.amp.autocast(args...)` is deprecated. Please use `torch.amp.autocast('cuda', args...)` instead.
  with autocast(self.mixed_precision):
[2026-03-30 11:59:43](logger.py 179): id=CC_FMNIST_C10CFG_K20_E100_DT_0_7 | Ep. 54/100 - Step 75/273 (2.32 it/s) |#####               | - loss_cc=4.545 - loss_ce=2.106 - loss_ne=0.0171 - loss_div=0.00011 - threshold=0.864 - loss=6.668
/scratch/e0538389/DivClust/engine/trainer.py:41: FutureWarning: `torch.cuda.amp.autocast(args...)` is deprecated. Please use `torch.amp.autocast('cuda', args...)` instead.
  with autocast(self.mixed_precision):
/scratch/e0538389/DivClust/engine/trainer.py:41: FutureWarning: `torch.cuda.amp.autocast(args...)` is deprecated. Please use `torch.amp.autocast('cuda', args...)` instead.
  with autocast(self.mixed_precision):
[2026-03-30 11:59:54](logger.py 179): id=CC_FMNIST_C10CFG_K20_E100_DT_0_7 | Ep. 54/100 - Step 100/273 (2.31 it/s) |#######             | - loss_cc=4.546 - loss_ce=2.107 - loss_ne=0.0179 - loss_div=0.000305 - threshold=0.86 - loss=6.671
/scratch/e0538389/DivClust/engine/trainer.py:41: FutureWarning: `torch.cuda.amp.autocast(args...)` is deprecated. Please use `torch.amp.autocast('cuda', args...)` instead.
  with autocast(self.mixed_precision):
[2026-03-30 12:00:04](logger.py 179): id=CC_FMNIST_C10CFG_K20_E100_DT_0_7 | Ep. 54/100 - Step 125/273 (2.31 it/s) |#########           | - loss_cc=4.546 - loss_ce=2.107 - loss_ne=0.0173 - loss_div=0.000247 - threshold=0.86 - loss=6.67
/scratch/e0538389/DivClust/engine/trainer.py:41: FutureWarning: `torch.cuda.amp.autocast(args...)` is deprecated. Please use `torch.amp.autocast('cuda', args...)` instead.
  with autocast(self.mixed_precision):
[2026-03-30 12:00:15](logger.py 179): id=CC_FMNIST_C10CFG_K20_E100_DT_0_7 | Ep. 54/100 - Step 150/273 (2.31 it/s) |##########          | - loss_cc=4.547 - loss_ce=2.107 - loss_ne=0.0176 - loss_div=0.000206 - threshold=0.861 - loss=6.671
/scratch/e0538389/DivClust/engine/trainer.py:41: FutureWarning: `torch.cuda.amp.autocast(args...)` is deprecated. Please use `torch.amp.autocast('cuda', args...)` instead.
  with autocast(self.mixed_precision):
[2026-03-30 12:00:26](logger.py 179): id=CC_FMNIST_C10CFG_K20_E100_DT_0_7 | Ep. 54/100 - Step 175/273 (2.31 it/s) |############        | - loss_cc=4.546 - loss_ce=2.107 - loss_ne=0.0172 - loss_div=0.000201 - threshold=0.862 - loss=6.67
/scratch/e0538389/DivClust/engine/trainer.py:41: FutureWarning: `torch.cuda.amp.autocast(args...)` is deprecated. Please use `torch.amp.autocast('cuda', args...)` instead.
  with autocast(self.mixed_precision):
/scratch/e0538389/DivClust/engine/trainer.py:41: FutureWarning: `torch.cuda.amp.autocast(args...)` is deprecated. Please use `torch.amp.autocast('cuda', args...)` instead.
  with autocast(self.mixed_precision):
[2026-03-30 12:00:37](logger.py 179): id=CC_FMNIST_C10CFG_K20_E100_DT_0_7 | Ep. 54/100 - Step 200/273 (2.31 it/s) |##############      | - loss_cc=4.546 - loss_ce=2.106 - loss_ne=0.0169 - loss_div=0.000235 - threshold=0.861 - loss=6.67
/scratch/e0538389/DivClust/engine/trainer.py:41: FutureWarning: `torch.cuda.amp.autocast(args...)` is deprecated. Please use `torch.amp.autocast('cuda', args...)` instead.
  with autocast(self.mixed_precision):
[2026-03-30 12:00:47](logger.py 179): id=CC_FMNIST_C10CFG_K20_E100_DT_0_7 | Ep. 54/100 - Step 225/273 (2.32 it/s) |################    | - loss_cc=4.547 - loss_ce=2.107 - loss_ne=0.0169 - loss_div=0.000258 - threshold=0.86 - loss=6.671
/scratch/e0538389/DivClust/engine/trainer.py:41: FutureWarning: `torch.cuda.amp.autocast(args...)` is deprecated. Please use `torch.amp.autocast('cuda', args...)` instead.
  with autocast(self.mixed_precision):
[2026-03-30 12:00:58](logger.py 179): id=CC_FMNIST_C10CFG_K20_E100_DT_0_7 | Ep. 54/100 - Step 250/273 (2.32 it/s) |##################  | - loss_cc=4.548 - loss_ce=2.107 - loss_ne=0.0167 - loss_div=0.000254 - threshold=0.859 - loss=6.671
/scratch/e0538389/DivClust/engine/trainer.py:41: FutureWarning: `torch.cuda.amp.autocast(args...)` is deprecated. Please use `torch.amp.autocast('cuda', args...)` instead.
  with autocast(self.mixed_precision):
[2026-03-30 12:01:08](logger.py 179): id=CC_FMNIST_C10CFG_K20_E100_DT_0_7 | Ep. 54/100 | Time: 00:01 | loss_cc=4.548 - loss_ce=2.107 - loss_ne=0.0167 - loss_div=0.000344 - threshold=0.857 - loss=6.671
[2026-03-30 12:01:11](logger.py 179): id=CC_FMNIST_C10CFG_K20_E100_DT_0_7 | Ep. 55/100 - Step 0/273 (0.0 it/s) |                    | - loss_cc=4.546 - loss_ce=2.107 - loss_ne=0.0199 - loss_div=0.000524 - threshold=0.838 - loss=6.673
/scratch/e0538389/DivClust/engine/trainer.py:41: FutureWarning: `torch.cuda.amp.autocast(args...)` is deprecated. Please use `torch.amp.autocast('cuda', args...)` instead.
  with autocast(self.mixed_precision):
[2026-03-30 12:01:21](logger.py 179): id=CC_FMNIST_C10CFG_K20_E100_DT_0_7 | Ep. 55/100 - Step 25/273 (2.31 it/s) |#                   | - loss_cc=4.548 - loss_ce=2.108 - loss_ne=0.0184 - loss_div=0.000367 - threshold=0.845 - loss=6.675
/scratch/e0538389/DivClust/engine/trainer.py:41: FutureWarning: `torch.cuda.amp.autocast(args...)` is deprecated. Please use `torch.amp.autocast('cuda', args...)` instead.
  with autocast(self.mixed_precision):
/scratch/e0538389/DivClust/engine/trainer.py:41: FutureWarning: `torch.cuda.amp.autocast(args...)` is deprecated. Please use `torch.amp.autocast('cuda', args...)` instead.
  with autocast(self.mixed_precision):
[2026-03-30 12:01:32](logger.py 179): id=CC_FMNIST_C10CFG_K20_E100_DT_0_7 | Ep. 55/100 - Step 50/273 (2.34 it/s) |###                 | - loss_cc=4.548 - loss_ce=2.108 - loss_ne=0.0175 - loss_div=0.000203 - threshold=0.851 - loss=6.673
/scratch/e0538389/DivClust/engine/trainer.py:41: FutureWarning: `torch.cuda.amp.autocast(args...)` is deprecated. Please use `torch.amp.autocast('cuda', args...)` instead.
  with autocast(self.mixed_precision):
[2026-03-30 12:01:42](logger.py 179): id=CC_FMNIST_C10CFG_K20_E100_DT_0_7 | Ep. 55/100 - Step 75/273 (2.36 it/s) |#####               | - loss_cc=4.548 - loss_ce=2.108 - loss_ne=0.0178 - loss_div=0.000137 - threshold=0.856 - loss=6.674
/scratch/e0538389/DivClust/engine/trainer.py:41: FutureWarning: `torch.cuda.amp.autocast(args...)` is deprecated. Please use `torch.amp.autocast('cuda', args...)` instead.
  with autocast(self.mixed_precision):
[2026-03-30 12:01:53](logger.py 179): id=CC_FMNIST_C10CFG_K20_E100_DT_0_7 | Ep. 55/100 - Step 100/273 (2.36 it/s) |#######             | - loss_cc=4.548 - loss_ce=2.107 - loss_ne=0.0178 - loss_div=0.000111 - threshold=0.859 - loss=6.673
/scratch/e0538389/DivClust/engine/trainer.py:41: FutureWarning: `torch.cuda.amp.autocast(args...)` is deprecated. Please use `torch.amp.autocast('cuda', args...)` instead.
  with autocast(self.mixed_precision):
[2026-03-30 12:02:04](logger.py 179): id=CC_FMNIST_C10CFG_K20_E100_DT_0_7 | Ep. 55/100 - Step 125/273 (2.34 it/s) |#########           | - loss_cc=4.548 - loss_ce=2.107 - loss_ne=0.0178 - loss_div=8.92e-05 - threshold=0.861 - loss=6.673
/scratch/e0538389/DivClust/engine/trainer.py:41: FutureWarning: `torch.cuda.amp.autocast(args...)` is deprecated. Please use `torch.amp.autocast('cuda', args...)` instead.
  with autocast(self.mixed_precision):
/scratch/e0538389/DivClust/engine/trainer.py:41: FutureWarning: `torch.cuda.amp.autocast(args...)` is deprecated. Please use `torch.amp.autocast('cuda', args...)` instead.
  with autocast(self.mixed_precision):
[2026-03-30 12:02:15](logger.py 179): id=CC_FMNIST_C10CFG_K20_E100_DT_0_7 | Ep. 55/100 - Step 150/273 (2.33 it/s) |##########          | - loss_cc=4.546 - loss_ce=2.107 - loss_ne=0.0176 - loss_div=0.000157 - threshold=0.861 - loss=6.671
/scratch/e0538389/DivClust/engine/trainer.py:41: FutureWarning: `torch.cuda.amp.autocast(args...)` is deprecated. Please use `torch.amp.autocast('cuda', args...)` instead.
  with autocast(self.mixed_precision):
[2026-03-30 12:02:26](logger.py 179): id=CC_FMNIST_C10CFG_K20_E100_DT_0_7 | Ep. 55/100 - Step 175/273 (2.33 it/s) |############        | - loss_cc=4.546 - loss_ce=2.106 - loss_ne=0.0173 - loss_div=0.00024 - threshold=0.86 - loss=6.67
/scratch/e0538389/DivClust/engine/trainer.py:41: FutureWarning: `torch.cuda.amp.autocast(args...)` is deprecated. Please use `torch.amp.autocast('cuda', args...)` instead.
  with autocast(self.mixed_precision):
[2026-03-30 12:02:36](logger.py 179): id=CC_FMNIST_C10CFG_K20_E100_DT_0_7 | Ep. 55/100 - Step 200/273 (2.33 it/s) |##############      | - loss_cc=4.545 - loss_ce=2.106 - loss_ne=0.0175 - loss_div=0.00029 - threshold=0.857 - loss=6.669
/scratch/e0538389/DivClust/engine/trainer.py:41: FutureWarning: `torch.cuda.amp.autocast(args...)` is deprecated. Please use `torch.amp.autocast('cuda', args...)` instead.
  with autocast(self.mixed_precision):
[2026-03-30 12:02:48](logger.py 179): id=CC_FMNIST_C10CFG_K20_E100_DT_0_7 | Ep. 55/100 - Step 225/273 (2.32 it/s) |################    | - loss_cc=4.545 - loss_ce=2.106 - loss_ne=0.0175 - loss_div=0.000286 - threshold=0.856 - loss=6.67
/scratch/e0538389/DivClust/engine/trainer.py:41: FutureWarning: `torch.cuda.amp.autocast(args...)` is deprecated. Please use `torch.amp.autocast('cuda', args...)` instead.
  with autocast(self.mixed_precision):
/scratch/e0538389/DivClust/engine/trainer.py:41: FutureWarning: `torch.cuda.amp.autocast(args...)` is deprecated. Please use `torch.amp.autocast('cuda', args...)` instead.
  with autocast(self.mixed_precision):
[2026-03-30 12:02:58](logger.py 179): id=CC_FMNIST_C10CFG_K20_E100_DT_0_7 | Ep. 55/100 - Step 250/273 (2.32 it/s) |##################  | - loss_cc=4.545 - loss_ce=2.106 - loss_ne=0.0172 - loss_div=0.000258 - threshold=0.856 - loss=6.668
/scratch/e0538389/DivClust/engine/trainer.py:41: FutureWarning: `torch.cuda.amp.autocast(args...)` is deprecated. Please use `torch.amp.autocast('cuda', args...)` instead.
  with autocast(self.mixed_precision):
[2026-03-30 12:03:08](logger.py 179): id=CC_FMNIST_C10CFG_K20_E100_DT_0_7 | Ep. 55/100 | Time: 00:01 | loss_cc=4.545 - loss_ce=2.106 - loss_ne=0.0171 - loss_div=0.00024 - threshold=0.856 - loss=6.668
[2026-03-30 12:03:11](logger.py 179): id=CC_FMNIST_C10CFG_K20_E100_DT_0_7 | Ep. 56/100 - Step 0/273 (0.0 it/s) |                    | - loss_cc=4.586 - loss_ce=2.115 - loss_ne=0.0155 - loss_div=0.0 - threshold=0.854 - loss=6.716
/scratch/e0538389/DivClust/engine/trainer.py:41: FutureWarning: `torch.cuda.amp.autocast(args...)` is deprecated. Please use `torch.amp.autocast('cuda', args...)` instead.
  with autocast(self.mixed_precision):
[2026-03-30 12:03:21](logger.py 179): id=CC_FMNIST_C10CFG_K20_E100_DT_0_7 | Ep. 56/100 - Step 25/273 (2.31 it/s) |#                   | - loss_cc=4.551 - loss_ce=2.108 - loss_ne=0.0172 - loss_div=0.000986 - threshold=0.85 - loss=6.676
/scratch/e0538389/DivClust/engine/trainer.py:41: FutureWarning: `torch.cuda.amp.autocast(args...)` is deprecated. Please use `torch.amp.autocast('cuda', args...)` instead.
  with autocast(self.mixed_precision):
[2026-03-30 12:03:32](logger.py 179): id=CC_FMNIST_C10CFG_K20_E100_DT_0_7 | Ep. 56/100 - Step 50/273 (2.31 it/s) |###                 | - loss_cc=4.547 - loss_ce=2.107 - loss_ne=0.0178 - loss_div=0.000838 - threshold=0.845 - loss=6.672
/scratch/e0538389/DivClust/engine/trainer.py:41: FutureWarning: `torch.cuda.amp.autocast(args...)` is deprecated. Please use `torch.amp.autocast('cuda', args...)` instead.
  with autocast(self.mixed_precision):
/scratch/e0538389/DivClust/engine/trainer.py:41: FutureWarning: `torch.cuda.amp.autocast(args...)` is deprecated. Please use `torch.amp.autocast('cuda', args...)` instead.
  with autocast(self.mixed_precision):
[2026-03-30 12:03:43](logger.py 179): id=CC_FMNIST_C10CFG_K20_E100_DT_0_7 | Ep. 56/100 - Step 75/273 (2.28 it/s) |#####               | - loss_cc=4.548 - loss_ce=2.107 - loss_ne=0.018 - loss_div=0.000629 - threshold=0.845 - loss=6.673
/scratch/e0538389/DivClust/engine/trainer.py:41: FutureWarning: `torch.cuda.amp.autocast(args...)` is deprecated. Please use `torch.amp.autocast('cuda', args...)` instead.
  with autocast(self.mixed_precision):
[2026-03-30 12:03:54](logger.py 179): id=CC_FMNIST_C10CFG_K20_E100_DT_0_7 | Ep. 56/100 - Step 100/273 (2.28 it/s) |#######             | - loss_cc=4.547 - loss_ce=2.107 - loss_ne=0.0172 - loss_div=0.000479 - threshold=0.848 - loss=6.672
/scratch/e0538389/DivClust/engine/trainer.py:41: FutureWarning: `torch.cuda.amp.autocast(args...)` is deprecated. Please use `torch.amp.autocast('cuda', args...)` instead.
  with autocast(self.mixed_precision):
[2026-03-30 12:04:05](logger.py 179): id=CC_FMNIST_C10CFG_K20_E100_DT_0_7 | Ep. 56/100 - Step 125/273 (2.29 it/s) |#########           | - loss_cc=4.546 - loss_ce=2.106 - loss_ne=0.0173 - loss_div=0.000384 - threshold=0.852 - loss=6.67
/scratch/e0538389/DivClust/engine/trainer.py:41: FutureWarning: `torch.cuda.amp.autocast(args...)` is deprecated. Please use `torch.amp.autocast('cuda', args...)` instead.
  with autocast(self.mixed_precision):
[2026-03-30 12:04:16](logger.py 179): id=CC_FMNIST_C10CFG_K20_E100_DT_0_7 | Ep. 56/100 - Step 150/273 (2.29 it/s) |##########          | - loss_cc=4.544 - loss_ce=2.106 - loss_ne=0.0173 - loss_div=0.00034 - threshold=0.854 - loss=6.668
/scratch/e0538389/DivClust/engine/trainer.py:41: FutureWarning: `torch.cuda.amp.autocast(args...)` is deprecated. Please use `torch.amp.autocast('cuda', args...)` instead.
  with autocast(self.mixed_precision):
/scratch/e0538389/DivClust/engine/trainer.py:41: FutureWarning: `torch.cuda.amp.autocast(args...)` is deprecated. Please use `torch.amp.autocast('cuda', args...)` instead.
  with autocast(self.mixed_precision):
[2026-03-30 12:04:27](logger.py 179): id=CC_FMNIST_C10CFG_K20_E100_DT_0_7 | Ep. 56/100 - Step 175/273 (2.28 it/s) |############        | - loss_cc=4.544 - loss_ce=2.105 - loss_ne=0.017 - loss_div=0.000338 - threshold=0.854 - loss=6.666
/scratch/e0538389/DivClust/engine/trainer.py:41: FutureWarning: `torch.cuda.amp.autocast(args...)` is deprecated. Please use `torch.amp.autocast('cuda', args...)` instead.
  with autocast(self.mixed_precision):
[2026-03-30 12:04:38](logger.py 179): id=CC_FMNIST_C10CFG_K20_E100_DT_0_7 | Ep. 56/100 - Step 200/273 (2.28 it/s) |##############      | - loss_cc=4.543 - loss_ce=2.105 - loss_ne=0.0171 - loss_div=0.000337 - threshold=0.853 - loss=6.666
/scratch/e0538389/DivClust/engine/trainer.py:41: FutureWarning: `torch.cuda.amp.autocast(args...)` is deprecated. Please use `torch.amp.autocast('cuda', args...)` instead.
  with autocast(self.mixed_precision):
[2026-03-30 12:04:49](logger.py 179): id=CC_FMNIST_C10CFG_K20_E100_DT_0_7 | Ep. 56/100 - Step 225/273 (2.29 it/s) |################    | - loss_cc=4.543 - loss_ce=2.105 - loss_ne=0.0172 - loss_div=0.000336 - threshold=0.853 - loss=6.666
/scratch/e0538389/DivClust/engine/trainer.py:41: FutureWarning: `torch.cuda.amp.autocast(args...)` is deprecated. Please use `torch.amp.autocast('cuda', args...)` instead.
  with autocast(self.mixed_precision):
[2026-03-30 12:04:59](logger.py 179): id=CC_FMNIST_C10CFG_K20_E100_DT_0_7 | Ep. 56/100 - Step 250/273 (2.3 it/s) |##################  | - loss_cc=4.543 - loss_ce=2.105 - loss_ne=0.017 - loss_div=0.000307 - threshold=0.853 - loss=6.665
/scratch/e0538389/DivClust/engine/trainer.py:41: FutureWarning: `torch.cuda.amp.autocast(args...)` is deprecated. Please use `torch.amp.autocast('cuda', args...)` instead.
  with autocast(self.mixed_precision):
[2026-03-30 12:05:09](logger.py 179): id=CC_FMNIST_C10CFG_K20_E100_DT_0_7 | Ep. 56/100 | Time: 00:01 | loss_cc=4.544 - loss_ce=2.105 - loss_ne=0.017 - loss_div=0.000351 - threshold=0.852 - loss=6.667
/scratch/e0538389/DivClust/engine/trainer.py:41: FutureWarning: `torch.cuda.amp.autocast(args...)` is deprecated. Please use `torch.amp.autocast('cuda', args...)` instead.
  with autocast(self.mixed_precision):
[2026-03-30 12:05:12](logger.py 179): id=CC_FMNIST_C10CFG_K20_E100_DT_0_7 | Ep. 57/100 - Step 0/273 (0.0 it/s) |                    | - loss_cc=4.546 - loss_ce=2.105 - loss_ne=0.00753 - loss_div=0.00178 - threshold=0.837 - loss=6.66
/scratch/e0538389/DivClust/engine/trainer.py:41: FutureWarning: `torch.cuda.amp.autocast(args...)` is deprecated. Please use `torch.amp.autocast('cuda', args...)` instead.
  with autocast(self.mixed_precision):
[2026-03-30 12:05:23](logger.py 179): id=CC_FMNIST_C10CFG_K20_E100_DT_0_7 | Ep. 57/100 - Step 25/273 (2.32 it/s) |#                   | - loss_cc=4.544 - loss_ce=2.106 - loss_ne=0.0155 - loss_div=0.000929 - threshold=0.839 - loss=6.666
/scratch/e0538389/DivClust/engine/trainer.py:41: FutureWarning: `torch.cuda.amp.autocast(args...)` is deprecated. Please use `torch.amp.autocast('cuda', args...)` instead.
  with autocast(self.mixed_precision):
[2026-03-30 12:05:34](logger.py 179): id=CC_FMNIST_C10CFG_K20_E100_DT_0_7 | Ep. 57/100 - Step 50/273 (2.31 it/s) |###                 | - loss_cc=4.55 - loss_ce=2.108 - loss_ne=0.0168 - loss_div=0.000529 - threshold=0.844 - loss=6.676
/scratch/e0538389/DivClust/engine/trainer.py:41: FutureWarning: `torch.cuda.amp.autocast(args...)` is deprecated. Please use `torch.amp.autocast('cuda', args...)` instead.
  with autocast(self.mixed_precision):
[2026-03-30 12:05:44](logger.py 179): id=CC_FMNIST_C10CFG_K20_E100_DT_0_7 | Ep. 57/100 - Step 75/273 (2.31 it/s) |#####               | - loss_cc=4.549 - loss_ce=2.107 - loss_ne=0.0171 - loss_div=0.000362 - threshold=0.849 - loss=6.673
/scratch/e0538389/DivClust/engine/trainer.py:41: FutureWarning: `torch.cuda.amp.autocast(args...)` is deprecated. Please use `torch.amp.autocast('cuda', args...)` instead.
  with autocast(self.mixed_precision):
/scratch/e0538389/DivClust/engine/trainer.py:41: FutureWarning: `torch.cuda.amp.autocast(args...)` is deprecated. Please use `torch.amp.autocast('cuda', args...)` instead.
  with autocast(self.mixed_precision):
[2026-03-30 12:05:56](logger.py 179): id=CC_FMNIST_C10CFG_K20_E100_DT_0_7 | Ep. 57/100 - Step 100/273 (2.29 it/s) |#######             | - loss_cc=4.547 - loss_ce=2.107 - loss_ne=0.0172 - loss_div=0.000272 - threshold=0.854 - loss=6.671
/scratch/e0538389/DivClust/engine/trainer.py:41: FutureWarning: `torch.cuda.amp.autocast(args...)` is deprecated. Please use `torch.amp.autocast('cuda', args...)` instead.
  with autocast(self.mixed_precision):
[2026-03-30 12:06:06](logger.py 179): id=CC_FMNIST_C10CFG_K20_E100_DT_0_7 | Ep. 57/100 - Step 125/273 (2.3 it/s) |#########           | - loss_cc=4.546 - loss_ce=2.106 - loss_ne=0.017 - loss_div=0.00027 - threshold=0.855 - loss=6.67
/scratch/e0538389/DivClust/engine/trainer.py:41: FutureWarning: `torch.cuda.amp.autocast(args...)` is deprecated. Please use `torch.amp.autocast('cuda', args...)` instead.
  with autocast(self.mixed_precision):
[2026-03-30 12:06:17](logger.py 179): id=CC_FMNIST_C10CFG_K20_E100_DT_0_7 | Ep. 57/100 - Step 150/273 (2.3 it/s) |##########          | - loss_cc=4.545 - loss_ce=2.106 - loss_ne=0.017 - loss_div=0.000277 - threshold=0.854 - loss=6.669
/scratch/e0538389/DivClust/engine/trainer.py:41: FutureWarning: `torch.cuda.amp.autocast(args...)` is deprecated. Please use `torch.amp.autocast('cuda', args...)` instead.
  with autocast(self.mixed_precision):
[2026-03-30 12:06:28](logger.py 179): id=CC_FMNIST_C10CFG_K20_E100_DT_0_7 | Ep. 57/100 - Step 175/273 (2.3 it/s) |############        | - loss_cc=4.545 - loss_ce=2.106 - loss_ne=0.0171 - loss_div=0.000472 - threshold=0.852 - loss=6.668
/scratch/e0538389/DivClust/engine/trainer.py:41: FutureWarning: `torch.cuda.amp.autocast(args...)` is deprecated. Please use `torch.amp.autocast('cuda', args...)` instead.
  with autocast(self.mixed_precision):
/scratch/e0538389/DivClust/engine/trainer.py:41: FutureWarning: `torch.cuda.amp.autocast(args...)` is deprecated. Please use `torch.amp.autocast('cuda', args...)` instead.
  with autocast(self.mixed_precision):
[2026-03-30 12:06:39](logger.py 179): id=CC_FMNIST_C10CFG_K20_E100_DT_0_7 | Ep. 57/100 - Step 200/273 (2.3 it/s) |##############      | - loss_cc=4.544 - loss_ce=2.105 - loss_ne=0.0172 - loss_div=0.000427 - threshold=0.851 - loss=6.667
/scratch/e0538389/DivClust/engine/trainer.py:41: FutureWarning: `torch.cuda.amp.autocast(args...)` is deprecated. Please use `torch.amp.autocast('cuda', args...)` instead.
  with autocast(self.mixed_precision):
[2026-03-30 12:06:49](logger.py 179): id=CC_FMNIST_C10CFG_K20_E100_DT_0_7 | Ep. 57/100 - Step 225/273 (2.31 it/s) |################    | - loss_cc=4.544 - loss_ce=2.105 - loss_ne=0.0176 - loss_div=0.000384 - threshold=0.852 - loss=6.667
/scratch/e0538389/DivClust/engine/trainer.py:41: FutureWarning: `torch.cuda.amp.autocast(args...)` is deprecated. Please use `torch.amp.autocast('cuda', args...)` instead.
  with autocast(self.mixed_precision):
[2026-03-30 12:07:00](logger.py 179): id=CC_FMNIST_C10CFG_K20_E100_DT_0_7 | Ep. 57/100 - Step 250/273 (2.31 it/s) |##################  | - loss_cc=4.544 - loss_ce=2.105 - loss_ne=0.0177 - loss_div=0.000346 - threshold=0.853 - loss=6.667
/scratch/e0538389/DivClust/engine/trainer.py:41: FutureWarning: `torch.cuda.amp.autocast(args...)` is deprecated. Please use `torch.amp.autocast('cuda', args...)` instead.
  with autocast(self.mixed_precision):
[2026-03-30 12:07:10](logger.py 179): id=CC_FMNIST_C10CFG_K20_E100_DT_0_7 | Ep. 57/100 | Time: 00:01 | loss_cc=4.543 - loss_ce=2.105 - loss_ne=0.0176 - loss_div=0.000319 - threshold=0.854 - loss=6.666
[2026-03-30 12:07:12](logger.py 179): id=CC_FMNIST_C10CFG_K20_E100_DT_0_7 | Ep. 58/100 - Step 0/273 (0.0 it/s) |                    | - loss_cc=4.558 - loss_ce=2.11 - loss_ne=0.0218 - loss_div=0.000541 - threshold=0.862 - loss=6.69
/scratch/e0538389/DivClust/engine/trainer.py:41: FutureWarning: `torch.cuda.amp.autocast(args...)` is deprecated. Please use `torch.amp.autocast('cuda', args...)` instead.
  with autocast(self.mixed_precision):
[2026-03-30 12:07:23](logger.py 179): id=CC_FMNIST_C10CFG_K20_E100_DT_0_7 | Ep. 58/100 - Step 25/273 (2.36 it/s) |#                   | - loss_cc=4.537 - loss_ce=2.102 - loss_ne=0.0163 - loss_div=0.000576 - threshold=0.855 - loss=6.656
/scratch/e0538389/DivClust/engine/trainer.py:41: FutureWarning: `torch.cuda.amp.autocast(args...)` is deprecated. Please use `torch.amp.autocast('cuda', args...)` instead.
  with autocast(self.mixed_precision):
/scratch/e0538389/DivClust/engine/trainer.py:41: FutureWarning: `torch.cuda.amp.autocast(args...)` is deprecated. Please use `torch.amp.autocast('cuda', args...)` instead.
  with autocast(self.mixed_precision):
[2026-03-30 12:07:34](logger.py 179): id=CC_FMNIST_C10CFG_K20_E100_DT_0_7 | Ep. 58/100 - Step 50/273 (2.29 it/s) |###                 | - loss_cc=4.54 - loss_ce=2.104 - loss_ne=0.0177 - loss_div=0.000746 - threshold=0.849 - loss=6.662
/scratch/e0538389/DivClust/engine/trainer.py:41: FutureWarning: `torch.cuda.amp.autocast(args...)` is deprecated. Please use `torch.amp.autocast('cuda', args...)` instead.
  with autocast(self.mixed_precision):
[2026-03-30 12:07:45](logger.py 179): id=CC_FMNIST_C10CFG_K20_E100_DT_0_7 | Ep. 58/100 - Step 75/273 (2.31 it/s) |#####               | - loss_cc=4.541 - loss_ce=2.104 - loss_ne=0.018 - loss_div=0.000692 - threshold=0.846 - loss=6.664
/scratch/e0538389/DivClust/engine/trainer.py:41: FutureWarning: `torch.cuda.amp.autocast(args...)` is deprecated. Please use `torch.amp.autocast('cuda', args...)` instead.
  with autocast(self.mixed_precision):
[2026-03-30 12:07:56](logger.py 179): id=CC_FMNIST_C10CFG_K20_E100_DT_0_7 | Ep. 58/100 - Step 100/273 (2.31 it/s) |#######             | - loss_cc=4.541 - loss_ce=2.104 - loss_ne=0.0173 - loss_div=0.000539 - threshold=0.847 - loss=6.663
/scratch/e0538389/DivClust/engine/trainer.py:41: FutureWarning: `torch.cuda.amp.autocast(args...)` is deprecated. Please use `torch.amp.autocast('cuda', args...)` instead.
  with autocast(self.mixed_precision):
[2026-03-30 12:08:06](logger.py 179): id=CC_FMNIST_C10CFG_K20_E100_DT_0_7 | Ep. 58/100 - Step 125/273 (2.31 it/s) |#########           | - loss_cc=4.541 - loss_ce=2.104 - loss_ne=0.0177 - loss_div=0.000443 - threshold=0.849 - loss=6.663
/scratch/e0538389/DivClust/engine/trainer.py:41: FutureWarning: `torch.cuda.amp.autocast(args...)` is deprecated. Please use `torch.amp.autocast('cuda', args...)` instead.
  with autocast(self.mixed_precision):
/scratch/e0538389/DivClust/engine/trainer.py:41: FutureWarning: `torch.cuda.amp.autocast(args...)` is deprecated. Please use `torch.amp.autocast('cuda', args...)` instead.
  with autocast(self.mixed_precision):
[2026-03-30 12:08:18](logger.py 179): id=CC_FMNIST_C10CFG_K20_E100_DT_0_7 | Ep. 58/100 - Step 150/273 (2.29 it/s) |##########          | - loss_cc=4.541 - loss_ce=2.104 - loss_ne=0.0176 - loss_div=0.000444 - threshold=0.85 - loss=6.663
/scratch/e0538389/DivClust/engine/trainer.py:41: FutureWarning: `torch.cuda.amp.autocast(args...)` is deprecated. Please use `torch.amp.autocast('cuda', args...)` instead.
  with autocast(self.mixed_precision):
[2026-03-30 12:08:28](logger.py 179): id=CC_FMNIST_C10CFG_K20_E100_DT_0_7 | Ep. 58/100 - Step 175/273 (2.3 it/s) |############        | - loss_cc=4.541 - loss_ce=2.104 - loss_ne=0.0175 - loss_div=0.000457 - threshold=0.849 - loss=6.662
/scratch/e0538389/DivClust/engine/trainer.py:41: FutureWarning: `torch.cuda.amp.autocast(args...)` is deprecated. Please use `torch.amp.autocast('cuda', args...)` instead.
  with autocast(self.mixed_precision):
[2026-03-30 12:08:39](logger.py 179): id=CC_FMNIST_C10CFG_K20_E100_DT_0_7 | Ep. 58/100 - Step 200/273 (2.3 it/s) |##############      | - loss_cc=4.541 - loss_ce=2.104 - loss_ne=0.0173 - loss_div=0.000454 - threshold=0.848 - loss=6.663
/scratch/e0538389/DivClust/engine/trainer.py:41: FutureWarning: `torch.cuda.amp.autocast(args...)` is deprecated. Please use `torch.amp.autocast('cuda', args...)` instead.
  with autocast(self.mixed_precision):
[2026-03-30 12:08:50](logger.py 179): id=CC_FMNIST_C10CFG_K20_E100_DT_0_7 | Ep. 58/100 - Step 225/273 (2.31 it/s) |################    | - loss_cc=4.542 - loss_ce=2.105 - loss_ne=0.0175 - loss_div=0.000423 - threshold=0.848 - loss=6.664
/scratch/e0538389/DivClust/engine/trainer.py:41: FutureWarning: `torch.cuda.amp.autocast(args...)` is deprecated. Please use `torch.amp.autocast('cuda', args...)` instead.
  with autocast(self.mixed_precision):
/scratch/e0538389/DivClust/engine/trainer.py:41: FutureWarning: `torch.cuda.amp.autocast(args...)` is deprecated. Please use `torch.amp.autocast('cuda', args...)` instead.
  with autocast(self.mixed_precision):
[2026-03-30 12:09:01](logger.py 179): id=CC_FMNIST_C10CFG_K20_E100_DT_0_7 | Ep. 58/100 - Step 250/273 (2.3 it/s) |##################  | - loss_cc=4.542 - loss_ce=2.105 - loss_ne=0.0175 - loss_div=0.000381 - threshold=0.849 - loss=6.665
/scratch/e0538389/DivClust/engine/trainer.py:41: FutureWarning: `torch.cuda.amp.autocast(args...)` is deprecated. Please use `torch.amp.autocast('cuda', args...)` instead.
  with autocast(self.mixed_precision):
[2026-03-30 12:09:10](logger.py 179): id=CC_FMNIST_C10CFG_K20_E100_DT_0_7 | Ep. 58/100 | Time: 00:01 | loss_cc=4.542 - loss_ce=2.105 - loss_ne=0.0174 - loss_div=0.00035 - threshold=0.851 - loss=6.665
[2026-03-30 12:09:13](logger.py 179): id=CC_FMNIST_C10CFG_K20_E100_DT_0_7 | Ep. 59/100 - Step 0/273 (0.0 it/s) |                    | - loss_cc=4.522 - loss_ce=2.1 - loss_ne=0.0213 - loss_div=0.0 - threshold=0.879 - loss=6.642
/scratch/e0538389/DivClust/engine/trainer.py:41: FutureWarning: `torch.cuda.amp.autocast(args...)` is deprecated. Please use `torch.amp.autocast('cuda', args...)` instead.
  with autocast(self.mixed_precision):
[2026-03-30 12:09:23](logger.py 179): id=CC_FMNIST_C10CFG_K20_E100_DT_0_7 | Ep. 59/100 - Step 25/273 (2.31 it/s) |#                   | - loss_cc=4.539 - loss_ce=2.103 - loss_ne=0.0152 - loss_div=0.0 - threshold=0.874 - loss=6.657
/scratch/e0538389/DivClust/engine/trainer.py:41: FutureWarning: `torch.cuda.amp.autocast(args...)` is deprecated. Please use `torch.amp.autocast('cuda', args...)` instead.
  with autocast(self.mixed_precision):
[2026-03-30 12:09:34](logger.py 179): id=CC_FMNIST_C10CFG_K20_E100_DT_0_7 | Ep. 59/100 - Step 50/273 (2.34 it/s) |###                 | - loss_cc=4.541 - loss_ce=2.104 - loss_ne=0.016 - loss_div=2.83e-05 - threshold=0.869 - loss=6.661
/scratch/e0538389/DivClust/engine/trainer.py:41: FutureWarning: `torch.cuda.amp.autocast(args...)` is deprecated. Please use `torch.amp.autocast('cuda', args...)` instead.
  with autocast(self.mixed_precision):
/scratch/e0538389/DivClust/engine/trainer.py:41: FutureWarning: `torch.cuda.amp.autocast(args...)` is deprecated. Please use `torch.amp.autocast('cuda', args...)` instead.
  with autocast(self.mixed_precision):
[2026-03-30 12:09:45](logger.py 179): id=CC_FMNIST_C10CFG_K20_E100_DT_0_7 | Ep. 59/100 - Step 75/273 (2.32 it/s) |#####               | - loss_cc=4.542 - loss_ce=2.104 - loss_ne=0.016 - loss_div=0.000208 - threshold=0.863 - loss=6.663
/scratch/e0538389/DivClust/engine/trainer.py:41: FutureWarning: `torch.cuda.amp.autocast(args...)` is deprecated. Please use `torch.amp.autocast('cuda', args...)` instead.
  with autocast(self.mixed_precision):
[2026-03-30 12:09:56](logger.py 179): id=CC_FMNIST_C10CFG_K20_E100_DT_0_7 | Ep. 59/100 - Step 100/273 (2.32 it/s) |#######             | - loss_cc=4.54 - loss_ce=2.103 - loss_ne=0.0162 - loss_div=0.000382 - threshold=0.858 - loss=6.66
/scratch/e0538389/DivClust/engine/trainer.py:41: FutureWarning: `torch.cuda.amp.autocast(args...)` is deprecated. Please use `torch.amp.autocast('cuda', args...)` instead.
  with autocast(self.mixed_precision):
[2026-03-30 12:10:07](logger.py 179): id=CC_FMNIST_C10CFG_K20_E100_DT_0_7 | Ep. 59/100 - Step 125/273 (2.31 it/s) |#########           | - loss_cc=4.54 - loss_ce=2.104 - loss_ne=0.0163 - loss_div=0.000397 - threshold=0.854 - loss=6.66
/scratch/e0538389/DivClust/engine/trainer.py:41: FutureWarning: `torch.cuda.amp.autocast(args...)` is deprecated. Please use `torch.amp.autocast('cuda', args...)` instead.
  with autocast(self.mixed_precision):
[2026-03-30 12:10:17](logger.py 179): id=CC_FMNIST_C10CFG_K20_E100_DT_0_7 | Ep. 59/100 - Step 150/273 (2.31 it/s) |##########          | - loss_cc=4.54 - loss_ce=2.104 - loss_ne=0.0163 - loss_div=0.000336 - threshold=0.854 - loss=6.66
/scratch/e0538389/DivClust/engine/trainer.py:41: FutureWarning: `torch.cuda.amp.autocast(args...)` is deprecated. Please use `torch.amp.autocast('cuda', args...)` instead.
  with autocast(self.mixed_precision):
/scratch/e0538389/DivClust/engine/trainer.py:41: FutureWarning: `torch.cuda.amp.autocast(args...)` is deprecated. Please use `torch.amp.autocast('cuda', args...)` instead.
  with autocast(self.mixed_precision):
[2026-03-30 12:10:29](logger.py 179): id=CC_FMNIST_C10CFG_K20_E100_DT_0_7 | Ep. 59/100 - Step 175/273 (2.3 it/s) |############        | - loss_cc=4.542 - loss_ce=2.105 - loss_ne=0.0162 - loss_div=0.000288 - threshold=0.855 - loss=6.663
/scratch/e0538389/DivClust/engine/trainer.py:41: FutureWarning: `torch.cuda.amp.autocast(args...)` is deprecated. Please use `torch.amp.autocast('cuda', args...)` instead.
  with autocast(self.mixed_precision):
[2026-03-30 12:10:40](logger.py 179): id=CC_FMNIST_C10CFG_K20_E100_DT_0_7 | Ep. 59/100 - Step 200/273 (2.3 it/s) |##############      | - loss_cc=4.541 - loss_ce=2.104 - loss_ne=0.0162 - loss_div=0.000254 - threshold=0.856 - loss=6.661
/scratch/e0538389/DivClust/engine/trainer.py:41: FutureWarning: `torch.cuda.amp.autocast(args...)` is deprecated. Please use `torch.amp.autocast('cuda', args...)` instead.
  with autocast(self.mixed_precision):
[2026-03-30 12:10:50](logger.py 179): id=CC_FMNIST_C10CFG_K20_E100_DT_0_7 | Ep. 59/100 - Step 225/273 (2.3 it/s) |################    | - loss_cc=4.541 - loss_ce=2.104 - loss_ne=0.0162 - loss_div=0.000264 - threshold=0.856 - loss=6.661
/scratch/e0538389/DivClust/engine/trainer.py:41: FutureWarning: `torch.cuda.amp.autocast(args...)` is deprecated. Please use `torch.amp.autocast('cuda', args...)` instead.
  with autocast(self.mixed_precision):
[2026-03-30 12:11:01](logger.py 179): id=CC_FMNIST_C10CFG_K20_E100_DT_0_7 | Ep. 59/100 - Step 250/273 (2.3 it/s) |##################  | - loss_cc=4.541 - loss_ce=2.104 - loss_ne=0.0163 - loss_div=0.000331 - threshold=0.855 - loss=6.662
/scratch/e0538389/DivClust/engine/trainer.py:41: FutureWarning: `torch.cuda.amp.autocast(args...)` is deprecated. Please use `torch.amp.autocast('cuda', args...)` instead.
  with autocast(self.mixed_precision):
[2026-03-30 12:11:11](logger.py 179): id=CC_FMNIST_C10CFG_K20_E100_DT_0_7 | Ep. 59/100 | Time: 00:01 | loss_cc=4.542 - loss_ce=2.105 - loss_ne=0.0163 - loss_div=0.000312 - threshold=0.855 - loss=6.663
[2026-03-30 12:11:14](logger.py 179): id=CC_FMNIST_C10CFG_K20_E100_DT_0_7 | Ep. 60/100 - Step 0/273 (0.0 it/s) |                    | - loss_cc=4.531 - loss_ce=2.097 - loss_ne=0.0249 - loss_div=0.0 - threshold=0.861 - loss=6.653
/scratch/e0538389/DivClust/engine/trainer.py:41: FutureWarning: `torch.cuda.amp.autocast(args...)` is deprecated. Please use `torch.amp.autocast('cuda', args...)` instead.
  with autocast(self.mixed_precision):
/scratch/e0538389/DivClust/engine/trainer.py:41: FutureWarning: `torch.cuda.amp.autocast(args...)` is deprecated. Please use `torch.amp.autocast('cuda', args...)` instead.
  with autocast(self.mixed_precision):
[2026-03-30 12:11:24](logger.py 179): id=CC_FMNIST_C10CFG_K20_E100_DT_0_7 | Ep. 60/100 - Step 25/273 (2.34 it/s) |#                   | - loss_cc=4.54 - loss_ce=2.105 - loss_ne=0.0142 - loss_div=2.1e-05 - threshold=0.859 - loss=6.659
/scratch/e0538389/DivClust/engine/trainer.py:41: FutureWarning: `torch.cuda.amp.autocast(args...)` is deprecated. Please use `torch.amp.autocast('cuda', args...)` instead.
  with autocast(self.mixed_precision):
[2026-03-30 12:11:35](logger.py 179): id=CC_FMNIST_C10CFG_K20_E100_DT_0_7 | Ep. 60/100 - Step 50/273 (2.32 it/s) |###                 | - loss_cc=4.541 - loss_ce=2.104 - loss_ne=0.0152 - loss_div=0.000101 - threshold=0.857 - loss=6.66
/scratch/e0538389/DivClust/engine/trainer.py:41: FutureWarning: `torch.cuda.amp.autocast(args...)` is deprecated. Please use `torch.amp.autocast('cuda', args...)` instead.
  with autocast(self.mixed_precision):
[2026-03-30 12:11:46](logger.py 179): id=CC_FMNIST_C10CFG_K20_E100_DT_0_7 | Ep. 60/100 - Step 75/273 (2.32 it/s) |#####               | - loss_cc=4.542 - loss_ce=2.105 - loss_ne=0.0158 - loss_div=0.000151 - threshold=0.856 - loss=6.663
/scratch/e0538389/DivClust/engine/trainer.py:41: FutureWarning: `torch.cuda.amp.autocast(args...)` is deprecated. Please use `torch.amp.autocast('cuda', args...)` instead.
  with autocast(self.mixed_precision):
[2026-03-30 12:11:57](logger.py 179): id=CC_FMNIST_C10CFG_K20_E100_DT_0_7 | Ep. 60/100 - Step 100/273 (2.31 it/s) |#######             | - loss_cc=4.541 - loss_ce=2.105 - loss_ne=0.0164 - loss_div=0.000275 - threshold=0.853 - loss=6.663
/scratch/e0538389/DivClust/engine/trainer.py:41: FutureWarning: `torch.cuda.amp.autocast(args...)` is deprecated. Please use `torch.amp.autocast('cuda', args...)` instead.
  with autocast(self.mixed_precision):
/scratch/e0538389/DivClust/engine/trainer.py:41: FutureWarning: `torch.cuda.amp.autocast(args...)` is deprecated. Please use `torch.amp.autocast('cuda', args...)` instead.
  with autocast(self.mixed_precision):
[2026-03-30 12:12:08](logger.py 179): id=CC_FMNIST_C10CFG_K20_E100_DT_0_7 | Ep. 60/100 - Step 125/273 (2.32 it/s) |#########           | - loss_cc=4.541 - loss_ce=2.105 - loss_ne=0.0163 - loss_div=0.000346 - threshold=0.85 - loss=6.663
/scratch/e0538389/DivClust/engine/trainer.py:41: FutureWarning: `torch.cuda.amp.autocast(args...)` is deprecated. Please use `torch.amp.autocast('cuda', args...)` instead.
  with autocast(self.mixed_precision):
[2026-03-30 12:12:18](logger.py 179): id=CC_FMNIST_C10CFG_K20_E100_DT_0_7 | Ep. 60/100 - Step 150/273 (2.32 it/s) |##########          | - loss_cc=4.541 - loss_ce=2.105 - loss_ne=0.0165 - loss_div=0.000306 - threshold=0.85 - loss=6.663
/scratch/e0538389/DivClust/engine/trainer.py:41: FutureWarning: `torch.cuda.amp.autocast(args...)` is deprecated. Please use `torch.amp.autocast('cuda', args...)` instead.
  with autocast(self.mixed_precision):
[2026-03-30 12:12:29](logger.py 179): id=CC_FMNIST_C10CFG_K20_E100_DT_0_7 | Ep. 60/100 - Step 175/273 (2.31 it/s) |############        | - loss_cc=4.54 - loss_ce=2.105 - loss_ne=0.0167 - loss_div=0.000266 - threshold=0.851 - loss=6.662
/scratch/e0538389/DivClust/engine/trainer.py:41: FutureWarning: `torch.cuda.amp.autocast(args...)` is deprecated. Please use `torch.amp.autocast('cuda', args...)` instead.
  with autocast(self.mixed_precision):
[2026-03-30 12:12:40](logger.py 179): id=CC_FMNIST_C10CFG_K20_E100_DT_0_7 | Ep. 60/100 - Step 200/273 (2.31 it/s) |##############      | - loss_cc=4.541 - loss_ce=2.105 - loss_ne=0.0167 - loss_div=0.000233 - threshold=0.853 - loss=6.663
/scratch/e0538389/DivClust/engine/trainer.py:41: FutureWarning: `torch.cuda.amp.autocast(args...)` is deprecated. Please use `torch.amp.autocast('cuda', args...)` instead.
  with autocast(self.mixed_precision):
/scratch/e0538389/DivClust/engine/trainer.py:41: FutureWarning: `torch.cuda.amp.autocast(args...)` is deprecated. Please use `torch.amp.autocast('cuda', args...)` instead.
  with autocast(self.mixed_precision):
[2026-03-30 12:12:51](logger.py 179): id=CC_FMNIST_C10CFG_K20_E100_DT_0_7 | Ep. 60/100 - Step 225/273 (2.31 it/s) |################    | - loss_cc=4.54 - loss_ce=2.105 - loss_ne=0.0168 - loss_div=0.000224 - threshold=0.853 - loss=6.662
/scratch/e0538389/DivClust/engine/trainer.py:41: FutureWarning: `torch.cuda.amp.autocast(args...)` is deprecated. Please use `torch.amp.autocast('cuda', args...)` instead.
  with autocast(self.mixed_precision):
[2026-03-30 12:13:02](logger.py 179): id=CC_FMNIST_C10CFG_K20_E100_DT_0_7 | Ep. 60/100 - Step 250/273 (2.31 it/s) |##################  | - loss_cc=4.54 - loss_ce=2.105 - loss_ne=0.0169 - loss_div=0.000294 - threshold=0.853 - loss=6.662
/scratch/e0538389/DivClust/engine/trainer.py:41: FutureWarning: `torch.cuda.amp.autocast(args...)` is deprecated. Please use `torch.amp.autocast('cuda', args...)` instead.
  with autocast(self.mixed_precision):
[2026-03-30 12:13:11](logger.py 179): Evaluating
[2026-03-30 12:13:12](logger.py 179): Eval. step 0 of 274
[2026-03-30 12:13:14](logger.py 179): Eval. step 25 of 274
[2026-03-30 12:13:17](logger.py 179): Eval. step 50 of 274
[2026-03-30 12:13:19](logger.py 179): Eval. step 75 of 274
[2026-03-30 12:13:21](logger.py 179): Eval. step 100 of 274
[2026-03-30 12:13:24](logger.py 179): Eval. step 125 of 274
[2026-03-30 12:13:26](logger.py 179): Eval. step 150 of 274
[2026-03-30 12:13:28](logger.py 179): Eval. step 175 of 274
[2026-03-30 12:13:31](logger.py 179): Eval. step 200 of 274
[2026-03-30 12:13:33](logger.py 179): Eval. step 225 of 274
[2026-03-30 12:13:36](logger.py 179): Eval. step 250 of 274
[2026-03-30 12:13:39](logger.py 179): id=CC_FMNIST_C10CFG_K20_E100_DT_0_7 | Ep. 60/100 | Time: 00:02 | loss_cc=4.54 - loss_ce=2.104 - loss_ne=0.0169 - loss_div=0.000276 - threshold=0.852 - loss=6.661 - eval_confidence=0.884 - cluster_acc_0_eval=56.59 - cluster_nmi_0_eval=0.556 - cluster_ari_0_eval=0.436 - cluster_acc_1_eval=56.0 - cluster_nmi_1_eval=0.546 - cluster_ari_1_eval=0.423 - cluster_acc_2_eval=57.29 - cluster_nmi_2_eval=0.543 - cluster_ari_2_eval=0.425 - cluster_acc_3_eval=62.7 - cluster_nmi_3_eval=0.587 - cluster_ari_3_eval=0.469 - cluster_acc_4_eval=58.2 - cluster_nmi_4_eval=0.577 - cluster_ari_4_eval=0.469 - cluster_acc_5_eval=64.66 - cluster_nmi_5_eval=0.634 - cluster_ari_5_eval=0.528 - cluster_acc_6_eval=62.72 - cluster_nmi_6_eval=0.602 - cluster_ari_6_eval=0.47 - cluster_acc_7_eval=58.26 - cluster_nmi_7_eval=0.568 - cluster_ari_7_eval=0.459 - cluster_acc_8_eval=59.77 - cluster_nmi_8_eval=0.578 - cluster_ari_8_eval=0.474 - cluster_acc_9_eval=65.29 - cluster_nmi_9_eval=0.613 - cluster_ari_9_eval=0.507 - cluster_acc_10_eval=60.37 - cluster_nmi_10_eval=0.571 - cluster_ari_10_eval=0.456 - cluster_acc_11_eval=58.32 - cluster_nmi_11_eval=0.543 - cluster_ari_11_eval=0.425 - cluster_acc_12_eval=53.41 - cluster_nmi_12_eval=0.546 - cluster_ari_12_eval=0.38 - cluster_acc_13_eval=68.0 - cluster_nmi_13_eval=0.65 - cluster_ari_13_eval=0.546 - cluster_acc_14_eval=62.98 - cluster_nmi_14_eval=0.606 - cluster_ari_14_eval=0.5 - cluster_acc_15_eval=62.95 - cluster_nmi_15_eval=0.602 - cluster_ari_15_eval=0.483 - cluster_acc_16_eval=64.67 - cluster_nmi_16_eval=0.615 - cluster_ari_16_eval=0.519 - cluster_acc_17_eval=62.96 - cluster_nmi_17_eval=0.613 - cluster_ari_17_eval=0.519 - cluster_acc_18_eval=60.52 - cluster_nmi_18_eval=0.599 - cluster_ari_18_eval=0.463 - cluster_acc_19_eval=64.76 - cluster_nmi_19_eval=0.639 - cluster_ari_19_eval=0.537 - max_cluster_acc_eval=68.0 - mean_cluster_acc_eval=61.02 - min_cluster_acc_eval=53.41 - max_cluster_nmi_eval=0.65 - mean_cluster_nmi_eval=0.589 - min_cluster_nmi_eval=0.543 - max_cluster_ari_eval=0.546 - mean_cluster_ari_eval=0.474 - min_cluster_ari_eval=0.38 - interclustering_nmi_eval=0.691
/scratch/e0538389/DivClust/engine/trainer.py:41: FutureWarning: `torch.cuda.amp.autocast(args...)` is deprecated. Please use `torch.amp.autocast('cuda', args...)` instead.
  with autocast(self.mixed_precision):
[2026-03-30 12:13:41](logger.py 179): id=CC_FMNIST_C10CFG_K20_E100_DT_0_7 | Ep. 61/100 - Step 0/273 (0.0 it/s) |                    | - loss_cc=4.554 - loss_ce=2.111 - loss_ne=0.0136 - loss_div=0.000274 - threshold=0.851 - loss=6.679
/scratch/e0538389/DivClust/engine/trainer.py:41: FutureWarning: `torch.cuda.amp.autocast(args...)` is deprecated. Please use `torch.amp.autocast('cuda', args...)` instead.
  with autocast(self.mixed_precision):
[2026-03-30 12:13:52](logger.py 179): id=CC_FMNIST_C10CFG_K20_E100_DT_0_7 | Ep. 61/100 - Step 25/273 (2.3 it/s) |#                   | - loss_cc=4.548 - loss_ce=2.108 - loss_ne=0.0184 - loss_div=1.05e-05 - threshold=0.858 - loss=6.675
/scratch/e0538389/DivClust/engine/trainer.py:41: FutureWarning: `torch.cuda.amp.autocast(args...)` is deprecated. Please use `torch.amp.autocast('cuda', args...)` instead.
  with autocast(self.mixed_precision):
/scratch/e0538389/DivClust/engine/trainer.py:41: FutureWarning: `torch.cuda.amp.autocast(args...)` is deprecated. Please use `torch.amp.autocast('cuda', args...)` instead.
  with autocast(self.mixed_precision):
[2026-03-30 12:14:04](logger.py 179): id=CC_FMNIST_C10CFG_K20_E100_DT_0_7 | Ep. 61/100 - Step 50/273 (2.26 it/s) |###                 | - loss_cc=4.547 - loss_ce=2.108 - loss_ne=0.0172 - loss_div=0.000127 - threshold=0.854 - loss=6.672
/scratch/e0538389/DivClust/engine/trainer.py:41: FutureWarning: `torch.cuda.amp.autocast(args...)` is deprecated. Please use `torch.amp.autocast('cuda', args...)` instead.
  with autocast(self.mixed_precision):
[2026-03-30 12:14:14](logger.py 179): id=CC_FMNIST_C10CFG_K20_E100_DT_0_7 | Ep. 61/100 - Step 75/273 (2.28 it/s) |#####               | - loss_cc=4.546 - loss_ce=2.107 - loss_ne=0.0184 - loss_div=0.000271 - threshold=0.851 - loss=6.671
/scratch/e0538389/DivClust/engine/trainer.py:41: FutureWarning: `torch.cuda.amp.autocast(args...)` is deprecated. Please use `torch.amp.autocast('cuda', args...)` instead.
  with autocast(self.mixed_precision):
[2026-03-30 12:14:25](logger.py 179): id=CC_FMNIST_C10CFG_K20_E100_DT_0_7 | Ep. 61/100 - Step 100/273 (2.29 it/s) |#######             | - loss_cc=4.543 - loss_ce=2.106 - loss_ne=0.0177 - loss_div=0.000263 - threshold=0.853 - loss=6.667
/scratch/e0538389/DivClust/engine/trainer.py:41: FutureWarning: `torch.cuda.amp.autocast(args...)` is deprecated. Please use `torch.amp.autocast('cuda', args...)` instead.
  with autocast(self.mixed_precision):
[2026-03-30 12:14:36](logger.py 179): id=CC_FMNIST_C10CFG_K20_E100_DT_0_7 | Ep. 61/100 - Step 125/273 (2.29 it/s) |#########           | - loss_cc=4.543 - loss_ce=2.105 - loss_ne=0.0172 - loss_div=0.000279 - threshold=0.853 - loss=6.666
/scratch/e0538389/DivClust/engine/trainer.py:41: FutureWarning: `torch.cuda.amp.autocast(args...)` is deprecated. Please use `torch.amp.autocast('cuda', args...)` instead.
  with autocast(self.mixed_precision):
/scratch/e0538389/DivClust/engine/trainer.py:41: FutureWarning: `torch.cuda.amp.autocast(args...)` is deprecated. Please use `torch.amp.autocast('cuda', args...)` instead.
  with autocast(self.mixed_precision):
[2026-03-30 12:14:47](logger.py 179): id=CC_FMNIST_C10CFG_K20_E100_DT_0_7 | Ep. 61/100 - Step 150/273 (2.29 it/s) |##########          | - loss_cc=4.542 - loss_ce=2.105 - loss_ne=0.017 - loss_div=0.000414 - threshold=0.851 - loss=6.664
/scratch/e0538389/DivClust/engine/trainer.py:41: FutureWarning: `torch.cuda.amp.autocast(args...)` is deprecated. Please use `torch.amp.autocast('cuda', args...)` instead.
  with autocast(self.mixed_precision):
[2026-03-30 12:14:58](logger.py 179): id=CC_FMNIST_C10CFG_K20_E100_DT_0_7 | Ep. 61/100 - Step 175/273 (2.29 it/s) |############        | - loss_cc=4.541 - loss_ce=2.105 - loss_ne=0.017 - loss_div=0.000433 - threshold=0.849 - loss=6.663
/scratch/e0538389/DivClust/engine/trainer.py:41: FutureWarning: `torch.cuda.amp.autocast(args...)` is deprecated. Please use `torch.amp.autocast('cuda', args...)` instead.
  with autocast(self.mixed_precision):
[2026-03-30 12:15:08](logger.py 179): id=CC_FMNIST_C10CFG_K20_E100_DT_0_7 | Ep. 61/100 - Step 200/273 (2.3 it/s) |##############      | - loss_cc=4.541 - loss_ce=2.105 - loss_ne=0.017 - loss_div=0.0004 - threshold=0.849 - loss=6.663
/scratch/e0538389/DivClust/engine/trainer.py:41: FutureWarning: `torch.cuda.amp.autocast(args...)` is deprecated. Please use `torch.amp.autocast('cuda', args...)` instead.
  with autocast(self.mixed_precision):
[2026-03-30 12:15:19](logger.py 179): id=CC_FMNIST_C10CFG_K20_E100_DT_0_7 | Ep. 61/100 - Step 225/273 (2.3 it/s) |################    | - loss_cc=4.54 - loss_ce=2.105 - loss_ne=0.0171 - loss_div=0.000356 - threshold=0.85 - loss=6.662
/scratch/e0538389/DivClust/engine/trainer.py:41: FutureWarning: `torch.cuda.amp.autocast(args...)` is deprecated. Please use `torch.amp.autocast('cuda', args...)` instead.
  with autocast(self.mixed_precision):
/scratch/e0538389/DivClust/engine/trainer.py:41: FutureWarning: `torch.cuda.amp.autocast(args...)` is deprecated. Please use `torch.amp.autocast('cuda', args...)` instead.
  with autocast(self.mixed_precision):
[2026-03-30 12:15:30](logger.py 179): id=CC_FMNIST_C10CFG_K20_E100_DT_0_7 | Ep. 61/100 - Step 250/273 (2.3 it/s) |##################  | - loss_cc=4.541 - loss_ce=2.105 - loss_ne=0.0171 - loss_div=0.000321 - threshold=0.852 - loss=6.663
/scratch/e0538389/DivClust/engine/trainer.py:41: FutureWarning: `torch.cuda.amp.autocast(args...)` is deprecated. Please use `torch.amp.autocast('cuda', args...)` instead.
  with autocast(self.mixed_precision):
[2026-03-30 12:15:40](logger.py 179): id=CC_FMNIST_C10CFG_K20_E100_DT_0_7 | Ep. 61/100 | Time: 00:01 | loss_cc=4.541 - loss_ce=2.105 - loss_ne=0.0169 - loss_div=0.000295 - threshold=0.853 - loss=6.662
[2026-03-30 12:15:42](logger.py 179): id=CC_FMNIST_C10CFG_K20_E100_DT_0_7 | Ep. 62/100 - Step 0/273 (0.0 it/s) |                    | - loss_cc=4.508 - loss_ce=2.091 - loss_ne=0.0103 - loss_div=0.0 - threshold=0.868 - loss=6.609
/scratch/e0538389/DivClust/engine/trainer.py:41: FutureWarning: `torch.cuda.amp.autocast(args...)` is deprecated. Please use `torch.amp.autocast('cuda', args...)` instead.
  with autocast(self.mixed_precision):
[2026-03-30 12:15:53](logger.py 179): id=CC_FMNIST_C10CFG_K20_E100_DT_0_7 | Ep. 62/100 - Step 25/273 (2.36 it/s) |#                   | - loss_cc=4.543 - loss_ce=2.105 - loss_ne=0.0186 - loss_div=7.64e-05 - threshold=0.864 - loss=6.666
/scratch/e0538389/DivClust/engine/trainer.py:41: FutureWarning: `torch.cuda.amp.autocast(args...)` is deprecated. Please use `torch.amp.autocast('cuda', args...)` instead.
  with autocast(self.mixed_precision):
[2026-03-30 12:16:03](logger.py 179): id=CC_FMNIST_C10CFG_K20_E100_DT_0_7 | Ep. 62/100 - Step 50/273 (2.37 it/s) |###                 | - loss_cc=4.543 - loss_ce=2.104 - loss_ne=0.0184 - loss_div=0.0003 - threshold=0.859 - loss=6.665
/scratch/e0538389/DivClust/engine/trainer.py:41: FutureWarning: `torch.cuda.amp.autocast(args...)` is deprecated. Please use `torch.amp.autocast('cuda', args...)` instead.
  with autocast(self.mixed_precision):
/scratch/e0538389/DivClust/engine/trainer.py:41: FutureWarning: `torch.cuda.amp.autocast(args...)` is deprecated. Please use `torch.amp.autocast('cuda', args...)` instead.
  with autocast(self.mixed_precision):
[2026-03-30 12:16:15](logger.py 179): id=CC_FMNIST_C10CFG_K20_E100_DT_0_7 | Ep. 62/100 - Step 75/273 (2.31 it/s) |#####               | - loss_cc=4.542 - loss_ce=2.104 - loss_ne=0.0179 - loss_div=0.000428 - threshold=0.854 - loss=6.664
/scratch/e0538389/DivClust/engine/trainer.py:41: FutureWarning: `torch.cuda.amp.autocast(args...)` is deprecated. Please use `torch.amp.autocast('cuda', args...)` instead.
  with autocast(self.mixed_precision):
[2026-03-30 12:16:25](logger.py 179): id=CC_FMNIST_C10CFG_K20_E100_DT_0_7 | Ep. 62/100 - Step 100/273 (2.32 it/s) |#######             | - loss_cc=4.541 - loss_ce=2.104 - loss_ne=0.0176 - loss_div=0.000322 - threshold=0.854 - loss=6.663
/scratch/e0538389/DivClust/engine/trainer.py:41: FutureWarning: `torch.cuda.amp.autocast(args...)` is deprecated. Please use `torch.amp.autocast('cuda', args...)` instead.
  with autocast(self.mixed_precision):
[2026-03-30 12:16:36](logger.py 179): id=CC_FMNIST_C10CFG_K20_E100_DT_0_7 | Ep. 62/100 - Step 125/273 (2.33 it/s) |#########           | - loss_cc=4.541 - loss_ce=2.104 - loss_ne=0.0179 - loss_div=0.000268 - threshold=0.854 - loss=6.663
/scratch/e0538389/DivClust/engine/trainer.py:41: FutureWarning: `torch.cuda.amp.autocast(args...)` is deprecated. Please use `torch.amp.autocast('cuda', args...)` instead.
  with autocast(self.mixed_precision):
[2026-03-30 12:16:47](logger.py 179): id=CC_FMNIST_C10CFG_K20_E100_DT_0_7 | Ep. 62/100 - Step 150/273 (2.33 it/s) |##########          | - loss_cc=4.542 - loss_ce=2.104 - loss_ne=0.0178 - loss_div=0.000375 - threshold=0.852 - loss=6.664
/scratch/e0538389/DivClust/engine/trainer.py:41: FutureWarning: `torch.cuda.amp.autocast(args...)` is deprecated. Please use `torch.amp.autocast('cuda', args...)` instead.
  with autocast(self.mixed_precision):
/scratch/e0538389/DivClust/engine/trainer.py:41: FutureWarning: `torch.cuda.amp.autocast(args...)` is deprecated. Please use `torch.amp.autocast('cuda', args...)` instead.
  with autocast(self.mixed_precision):
[2026-03-30 12:16:58](logger.py 179): id=CC_FMNIST_C10CFG_K20_E100_DT_0_7 | Ep. 62/100 - Step 175/273 (2.32 it/s) |############        | - loss_cc=4.542 - loss_ce=2.105 - loss_ne=0.018 - loss_div=0.000354 - threshold=0.852 - loss=6.665
/scratch/e0538389/DivClust/engine/trainer.py:41: FutureWarning: `torch.cuda.amp.autocast(args...)` is deprecated. Please use `torch.amp.autocast('cuda', args...)` instead.
  with autocast(self.mixed_precision):
[2026-03-30 12:17:08](logger.py 179): id=CC_FMNIST_C10CFG_K20_E100_DT_0_7 | Ep. 62/100 - Step 200/273 (2.32 it/s) |##############      | - loss_cc=4.541 - loss_ce=2.105 - loss_ne=0.0179 - loss_div=0.000332 - threshold=0.851 - loss=6.664
/scratch/e0538389/DivClust/engine/trainer.py:41: FutureWarning: `torch.cuda.amp.autocast(args...)` is deprecated. Please use `torch.amp.autocast('cuda', args...)` instead.
  with autocast(self.mixed_precision):
[2026-03-30 12:17:19](logger.py 179): id=CC_FMNIST_C10CFG_K20_E100_DT_0_7 | Ep. 62/100 - Step 225/273 (2.32 it/s) |################    | - loss_cc=4.541 - loss_ce=2.105 - loss_ne=0.018 - loss_div=0.000302 - threshold=0.851 - loss=6.664
/scratch/e0538389/DivClust/engine/trainer.py:41: FutureWarning: `torch.cuda.amp.autocast(args...)` is deprecated. Please use `torch.amp.autocast('cuda', args...)` instead.
  with autocast(self.mixed_precision):
[2026-03-30 12:17:30](logger.py 179): id=CC_FMNIST_C10CFG_K20_E100_DT_0_7 | Ep. 62/100 - Step 250/273 (2.32 it/s) |##################  | - loss_cc=4.541 - loss_ce=2.105 - loss_ne=0.0177 - loss_div=0.000272 - threshold=0.853 - loss=6.663
/scratch/e0538389/DivClust/engine/trainer.py:41: FutureWarning: `torch.cuda.amp.autocast(args...)` is deprecated. Please use `torch.amp.autocast('cuda', args...)` instead.
  with autocast(self.mixed_precision):
[2026-03-30 12:17:40](logger.py 179): id=CC_FMNIST_C10CFG_K20_E100_DT_0_7 | Ep. 62/100 | Time: 00:01 | loss_cc=4.541 - loss_ce=2.105 - loss_ne=0.0175 - loss_div=0.000253 - threshold=0.853 - loss=6.663
[2026-03-30 12:17:42](logger.py 179): id=CC_FMNIST_C10CFG_K20_E100_DT_0_7 | Ep. 63/100 - Step 0/273 (0.0 it/s) |                    | - loss_cc=4.571 - loss_ce=2.106 - loss_ne=0.0183 - loss_div=0.0 - threshold=0.859 - loss=6.695
/scratch/e0538389/DivClust/engine/trainer.py:41: FutureWarning: `torch.cuda.amp.autocast(args...)` is deprecated. Please use `torch.amp.autocast('cuda', args...)` instead.
  with autocast(self.mixed_precision):
/scratch/e0538389/DivClust/engine/trainer.py:41: FutureWarning: `torch.cuda.amp.autocast(args...)` is deprecated. Please use `torch.amp.autocast('cuda', args...)` instead.
  with autocast(self.mixed_precision):
[2026-03-30 12:17:53](logger.py 179): id=CC_FMNIST_C10CFG_K20_E100_DT_0_7 | Ep. 63/100 - Step 25/273 (2.23 it/s) |#                   | - loss_cc=4.538 - loss_ce=2.103 - loss_ne=0.0175 - loss_div=0.000419 - threshold=0.852 - loss=6.66
/scratch/e0538389/DivClust/engine/trainer.py:41: FutureWarning: `torch.cuda.amp.autocast(args...)` is deprecated. Please use `torch.amp.autocast('cuda', args...)` instead.
  with autocast(self.mixed_precision):
[2026-03-30 12:18:04](logger.py 179): id=CC_FMNIST_C10CFG_K20_E100_DT_0_7 | Ep. 63/100 - Step 50/273 (2.27 it/s) |###                 | - loss_cc=4.539 - loss_ce=2.104 - loss_ne=0.0174 - loss_div=0.000224 - threshold=0.857 - loss=6.66
/scratch/e0538389/DivClust/engine/trainer.py:41: FutureWarning: `torch.cuda.amp.autocast(args...)` is deprecated. Please use `torch.amp.autocast('cuda', args...)` instead.
  with autocast(self.mixed_precision):
[2026-03-30 12:18:15](logger.py 179): id=CC_FMNIST_C10CFG_K20_E100_DT_0_7 | Ep. 63/100 - Step 75/273 (2.28 it/s) |#####               | - loss_cc=4.541 - loss_ce=2.104 - loss_ne=0.0171 - loss_div=0.000197 - threshold=0.859 - loss=6.662
/scratch/e0538389/DivClust/engine/trainer.py:41: FutureWarning: `torch.cuda.amp.autocast(args...)` is deprecated. Please use `torch.amp.autocast('cuda', args...)` instead.
  with autocast(self.mixed_precision):
[2026-03-30 12:18:25](logger.py 179): id=CC_FMNIST_C10CFG_K20_E100_DT_0_7 | Ep. 63/100 - Step 100/273 (2.28 it/s) |#######             | - loss_cc=4.541 - loss_ce=2.104 - loss_ne=0.0164 - loss_div=0.000262 - threshold=0.857 - loss=6.662
/scratch/e0538389/DivClust/engine/trainer.py:41: FutureWarning: `torch.cuda.amp.autocast(args...)` is deprecated. Please use `torch.amp.autocast('cuda', args...)` instead.
  with autocast(self.mixed_precision):
/scratch/e0538389/DivClust/engine/trainer.py:41: FutureWarning: `torch.cuda.amp.autocast(args...)` is deprecated. Please use `torch.amp.autocast('cuda', args...)` instead.
  with autocast(self.mixed_precision):
[2026-03-30 12:18:36](logger.py 179): id=CC_FMNIST_C10CFG_K20_E100_DT_0_7 | Ep. 63/100 - Step 125/273 (2.29 it/s) |#########           | - loss_cc=4.54 - loss_ce=2.104 - loss_ne=0.0167 - loss_div=0.000378 - threshold=0.854 - loss=6.661
/scratch/e0538389/DivClust/engine/trainer.py:41: FutureWarning: `torch.cuda.amp.autocast(args...)` is deprecated. Please use `torch.amp.autocast('cuda', args...)` instead.
  with autocast(self.mixed_precision):
[2026-03-30 12:18:47](logger.py 179): id=CC_FMNIST_C10CFG_K20_E100_DT_0_7 | Ep. 63/100 - Step 150/273 (2.3 it/s) |##########          | - loss_cc=4.538 - loss_ce=2.103 - loss_ne=0.0165 - loss_div=0.000392 - threshold=0.851 - loss=6.658
/scratch/e0538389/DivClust/engine/trainer.py:41: FutureWarning: `torch.cuda.amp.autocast(args...)` is deprecated. Please use `torch.amp.autocast('cuda', args...)` instead.
  with autocast(self.mixed_precision):
[2026-03-30 12:18:58](logger.py 179): id=CC_FMNIST_C10CFG_K20_E100_DT_0_7 | Ep. 63/100 - Step 175/273 (2.3 it/s) |############        | - loss_cc=4.539 - loss_ce=2.104 - loss_ne=0.0164 - loss_div=0.000344 - threshold=0.85 - loss=6.659
/scratch/e0538389/DivClust/engine/trainer.py:41: FutureWarning: `torch.cuda.amp.autocast(args...)` is deprecated. Please use `torch.amp.autocast('cuda', args...)` instead.
  with autocast(self.mixed_precision):
[2026-03-30 12:19:09](logger.py 179): id=CC_FMNIST_C10CFG_K20_E100_DT_0_7 | Ep. 63/100 - Step 200/273 (2.3 it/s) |##############      | - loss_cc=4.539 - loss_ce=2.104 - loss_ne=0.0164 - loss_div=0.000303 - threshold=0.851 - loss=6.66
/scratch/e0538389/DivClust/engine/trainer.py:41: FutureWarning: `torch.cuda.amp.autocast(args...)` is deprecated. Please use `torch.amp.autocast('cuda', args...)` instead.
  with autocast(self.mixed_precision):
/scratch/e0538389/DivClust/engine/trainer.py:41: FutureWarning: `torch.cuda.amp.autocast(args...)` is deprecated. Please use `torch.amp.autocast('cuda', args...)` instead.
  with autocast(self.mixed_precision):
[2026-03-30 12:19:20](logger.py 179): id=CC_FMNIST_C10CFG_K20_E100_DT_0_7 | Ep. 63/100 - Step 225/273 (2.29 it/s) |################    | - loss_cc=4.539 - loss_ce=2.104 - loss_ne=0.0164 - loss_div=0.00027 - threshold=0.853 - loss=6.66
/scratch/e0538389/DivClust/engine/trainer.py:41: FutureWarning: `torch.cuda.amp.autocast(args...)` is deprecated. Please use `torch.amp.autocast('cuda', args...)` instead.
  with autocast(self.mixed_precision):
[2026-03-30 12:19:31](logger.py 179): id=CC_FMNIST_C10CFG_K20_E100_DT_0_7 | Ep. 63/100 - Step 250/273 (2.29 it/s) |##################  | - loss_cc=4.538 - loss_ce=2.104 - loss_ne=0.0165 - loss_div=0.000243 - threshold=0.855 - loss=6.658
/scratch/e0538389/DivClust/engine/trainer.py:41: FutureWarning: `torch.cuda.amp.autocast(args...)` is deprecated. Please use `torch.amp.autocast('cuda', args...)` instead.
  with autocast(self.mixed_precision):
[2026-03-30 12:19:40](logger.py 179): id=CC_FMNIST_C10CFG_K20_E100_DT_0_7 | Ep. 63/100 | Time: 00:01 | loss_cc=4.537 - loss_ce=2.103 - loss_ne=0.0166 - loss_div=0.000225 - threshold=0.855 - loss=6.657
[2026-03-30 12:19:42](logger.py 179): id=CC_FMNIST_C10CFG_K20_E100_DT_0_7 | Ep. 64/100 - Step 0/273 (0.0 it/s) |                    | - loss_cc=4.541 - loss_ce=2.105 - loss_ne=0.0145 - loss_div=0.00203 - threshold=0.858 - loss=6.662
/scratch/e0538389/DivClust/engine/trainer.py:41: FutureWarning: `torch.cuda.amp.autocast(args...)` is deprecated. Please use `torch.amp.autocast('cuda', args...)` instead.
  with autocast(self.mixed_precision):
[2026-03-30 12:19:53](logger.py 179): id=CC_FMNIST_C10CFG_K20_E100_DT_0_7 | Ep. 64/100 - Step 25/273 (2.31 it/s) |#                   | - loss_cc=4.537 - loss_ce=2.103 - loss_ne=0.0147 - loss_div=0.000531 - threshold=0.852 - loss=6.655
/scratch/e0538389/DivClust/engine/trainer.py:41: FutureWarning: `torch.cuda.amp.autocast(args...)` is deprecated. Please use `torch.amp.autocast('cuda', args...)` instead.
  with autocast(self.mixed_precision):
/scratch/e0538389/DivClust/engine/trainer.py:41: FutureWarning: `torch.cuda.amp.autocast(args...)` is deprecated. Please use `torch.amp.autocast('cuda', args...)` instead.
  with autocast(self.mixed_precision):
[2026-03-30 12:20:04](logger.py 179): id=CC_FMNIST_C10CFG_K20_E100_DT_0_7 | Ep. 64/100 - Step 50/273 (2.26 it/s) |###                 | - loss_cc=4.537 - loss_ce=2.103 - loss_ne=0.0176 - loss_div=0.000699 - threshold=0.848 - loss=6.659
/scratch/e0538389/DivClust/engine/trainer.py:41: FutureWarning: `torch.cuda.amp.autocast(args...)` is deprecated. Please use `torch.amp.autocast('cuda', args...)` instead.
  with autocast(self.mixed_precision):
[2026-03-30 12:20:15](logger.py 179): id=CC_FMNIST_C10CFG_K20_E100_DT_0_7 | Ep. 64/100 - Step 75/273 (2.27 it/s) |#####               | - loss_cc=4.535 - loss_ce=2.103 - loss_ne=0.0171 - loss_div=0.000472 - threshold=0.849 - loss=6.655
/scratch/e0538389/DivClust/engine/trainer.py:41: FutureWarning: `torch.cuda.amp.autocast(args...)` is deprecated. Please use `torch.amp.autocast('cuda', args...)` instead.
  with autocast(self.mixed_precision):
[2026-03-30 12:20:26](logger.py 179): id=CC_FMNIST_C10CFG_K20_E100_DT_0_7 | Ep. 64/100 - Step 100/273 (2.28 it/s) |#######             | - loss_cc=4.536 - loss_ce=2.103 - loss_ne=0.0167 - loss_div=0.000461 - threshold=0.85 - loss=6.656
/scratch/e0538389/DivClust/engine/trainer.py:41: FutureWarning: `torch.cuda.amp.autocast(args...)` is deprecated. Please use `torch.amp.autocast('cuda', args...)` instead.
  with autocast(self.mixed_precision):
[2026-03-30 12:20:37](logger.py 179): id=CC_FMNIST_C10CFG_K20_E100_DT_0_7 | Ep. 64/100 - Step 125/273 (2.29 it/s) |#########           | - loss_cc=4.537 - loss_ce=2.103 - loss_ne=0.0168 - loss_div=0.000476 - threshold=0.849 - loss=6.657
/scratch/e0538389/DivClust/engine/trainer.py:41: FutureWarning: `torch.cuda.amp.autocast(args...)` is deprecated. Please use `torch.amp.autocast('cuda', args...)` instead.
  with autocast(self.mixed_precision):
/scratch/e0538389/DivClust/engine/trainer.py:41: FutureWarning: `torch.cuda.amp.autocast(args...)` is deprecated. Please use `torch.amp.autocast('cuda', args...)` instead.
  with autocast(self.mixed_precision):
[2026-03-30 12:20:48](logger.py 179): id=CC_FMNIST_C10CFG_K20_E100_DT_0_7 | Ep. 64/100 - Step 150/273 (2.29 it/s) |##########          | - loss_cc=4.535 - loss_ce=2.103 - loss_ne=0.0167 - loss_div=0.000417 - threshold=0.849 - loss=6.655
/scratch/e0538389/DivClust/engine/trainer.py:41: FutureWarning: `torch.cuda.amp.autocast(args...)` is deprecated. Please use `torch.amp.autocast('cuda', args...)` instead.
  with autocast(self.mixed_precision):
[2026-03-30 12:20:58](logger.py 179): id=CC_FMNIST_C10CFG_K20_E100_DT_0_7 | Ep. 64/100 - Step 175/273 (2.3 it/s) |############        | - loss_cc=4.536 - loss_ce=2.103 - loss_ne=0.0167 - loss_div=0.00036 - threshold=0.85 - loss=6.656
/scratch/e0538389/DivClust/engine/trainer.py:41: FutureWarning: `torch.cuda.amp.autocast(args...)` is deprecated. Please use `torch.amp.autocast('cuda', args...)` instead.
  with autocast(self.mixed_precision):
[2026-03-30 12:21:09](logger.py 179): id=CC_FMNIST_C10CFG_K20_E100_DT_0_7 | Ep. 64/100 - Step 200/273 (2.31 it/s) |##############      | - loss_cc=4.536 - loss_ce=2.103 - loss_ne=0.0171 - loss_div=0.000372 - threshold=0.849 - loss=6.656
/scratch/e0538389/DivClust/engine/trainer.py:41: FutureWarning: `torch.cuda.amp.autocast(args...)` is deprecated. Please use `torch.amp.autocast('cuda', args...)` instead.
  with autocast(self.mixed_precision):
[2026-03-30 12:21:19](logger.py 179): id=CC_FMNIST_C10CFG_K20_E100_DT_0_7 | Ep. 64/100 - Step 225/273 (2.31 it/s) |################    | - loss_cc=4.536 - loss_ce=2.103 - loss_ne=0.017 - loss_div=0.000364 - threshold=0.849 - loss=6.656
/scratch/e0538389/DivClust/engine/trainer.py:41: FutureWarning: `torch.cuda.amp.autocast(args...)` is deprecated. Please use `torch.amp.autocast('cuda', args...)` instead.
  with autocast(self.mixed_precision):
/scratch/e0538389/DivClust/engine/trainer.py:41: FutureWarning: `torch.cuda.amp.autocast(args...)` is deprecated. Please use `torch.amp.autocast('cuda', args...)` instead.
  with autocast(self.mixed_precision):
[2026-03-30 12:21:31](logger.py 179): id=CC_FMNIST_C10CFG_K20_E100_DT_0_7 | Ep. 64/100 - Step 250/273 (2.3 it/s) |##################  | - loss_cc=4.535 - loss_ce=2.103 - loss_ne=0.0171 - loss_div=0.000333 - threshold=0.85 - loss=6.655
/scratch/e0538389/DivClust/engine/trainer.py:41: FutureWarning: `torch.cuda.amp.autocast(args...)` is deprecated. Please use `torch.amp.autocast('cuda', args...)` instead.
  with autocast(self.mixed_precision):
[2026-03-30 12:21:40](logger.py 179): id=CC_FMNIST_C10CFG_K20_E100_DT_0_7 | Ep. 64/100 | Time: 00:01 | loss_cc=4.535 - loss_ce=2.103 - loss_ne=0.0171 - loss_div=0.000308 - threshold=0.851 - loss=6.656
[2026-03-30 12:21:42](logger.py 179): id=CC_FMNIST_C10CFG_K20_E100_DT_0_7 | Ep. 65/100 - Step 0/273 (0.0 it/s) |                    | - loss_cc=4.573 - loss_ce=2.124 - loss_ne=0.0122 - loss_div=0.0 - threshold=0.875 - loss=6.709
/scratch/e0538389/DivClust/engine/trainer.py:41: FutureWarning: `torch.cuda.amp.autocast(args...)` is deprecated. Please use `torch.amp.autocast('cuda', args...)` instead.
  with autocast(self.mixed_precision):
[2026-03-30 12:21:53](logger.py 179): id=CC_FMNIST_C10CFG_K20_E100_DT_0_7 | Ep. 65/100 - Step 25/273 (2.32 it/s) |#                   | - loss_cc=4.542 - loss_ce=2.105 - loss_ne=0.0163 - loss_div=0.00015 - threshold=0.871 - loss=6.663
/scratch/e0538389/DivClust/engine/trainer.py:41: FutureWarning: `torch.cuda.amp.autocast(args...)` is deprecated. Please use `torch.amp.autocast('cuda', args...)` instead.
  with autocast(self.mixed_precision):
[2026-03-30 12:22:04](logger.py 179): id=CC_FMNIST_C10CFG_K20_E100_DT_0_7 | Ep. 65/100 - Step 50/273 (2.32 it/s) |###                 | - loss_cc=4.539 - loss_ce=2.105 - loss_ne=0.0162 - loss_div=0.000229 - threshold=0.866 - loss=6.661
/scratch/e0538389/DivClust/engine/trainer.py:41: FutureWarning: `torch.cuda.amp.autocast(args...)` is deprecated. Please use `torch.amp.autocast('cuda', args...)` instead.
  with autocast(self.mixed_precision):
[2026-03-30 12:22:15](logger.py 179): id=CC_FMNIST_C10CFG_K20_E100_DT_0_7 | Ep. 65/100 - Step 75/273 (2.28 it/s) |#####               | - loss_cc=4.538 - loss_ce=2.104 - loss_ne=0.0164 - loss_div=0.000286 - threshold=0.861 - loss=6.659
/scratch/e0538389/DivClust/engine/trainer.py:41: FutureWarning: `torch.cuda.amp.autocast(args...)` is deprecated. Please use `torch.amp.autocast('cuda', args...)` instead.
  with autocast(self.mixed_precision):
/scratch/e0538389/DivClust/engine/trainer.py:41: FutureWarning: `torch.cuda.amp.autocast(args...)` is deprecated. Please use `torch.amp.autocast('cuda', args...)` instead.
  with autocast(self.mixed_precision):
[2026-03-30 12:22:26](logger.py 179): id=CC_FMNIST_C10CFG_K20_E100_DT_0_7 | Ep. 65/100 - Step 100/273 (2.3 it/s) |#######             | - loss_cc=4.535 - loss_ce=2.103 - loss_ne=0.0168 - loss_div=0.000537 - threshold=0.855 - loss=6.656
/scratch/e0538389/DivClust/engine/trainer.py:41: FutureWarning: `torch.cuda.amp.autocast(args...)` is deprecated. Please use `torch.amp.autocast('cuda', args...)` instead.
  with autocast(self.mixed_precision):
[2026-03-30 12:22:37](logger.py 179): id=CC_FMNIST_C10CFG_K20_E100_DT_0_7 | Ep. 65/100 - Step 125/273 (2.3 it/s) |#########           | - loss_cc=4.537 - loss_ce=2.104 - loss_ne=0.0173 - loss_div=0.000535 - threshold=0.851 - loss=6.659
/scratch/e0538389/DivClust/engine/trainer.py:41: FutureWarning: `torch.cuda.amp.autocast(args...)` is deprecated. Please use `torch.amp.autocast('cuda', args...)` instead.
  with autocast(self.mixed_precision):
[2026-03-30 12:22:48](logger.py 179): id=CC_FMNIST_C10CFG_K20_E100_DT_0_7 | Ep. 65/100 - Step 150/273 (2.3 it/s) |##########          | - loss_cc=4.537 - loss_ce=2.104 - loss_ne=0.0174 - loss_div=0.00046 - threshold=0.85 - loss=6.658
/scratch/e0538389/DivClust/engine/trainer.py:41: FutureWarning: `torch.cuda.amp.autocast(args...)` is deprecated. Please use `torch.amp.autocast('cuda', args...)` instead.
  with autocast(self.mixed_precision):
[2026-03-30 12:22:58](logger.py 179): id=CC_FMNIST_C10CFG_K20_E100_DT_0_7 | Ep. 65/100 - Step 175/273 (2.3 it/s) |############        | - loss_cc=4.536 - loss_ce=2.104 - loss_ne=0.0177 - loss_div=0.000419 - threshold=0.851 - loss=6.658
/scratch/e0538389/DivClust/engine/trainer.py:41: FutureWarning: `torch.cuda.amp.autocast(args...)` is deprecated. Please use `torch.amp.autocast('cuda', args...)` instead.
  with autocast(self.mixed_precision):
/scratch/e0538389/DivClust/engine/trainer.py:41: FutureWarning: `torch.cuda.amp.autocast(args...)` is deprecated. Please use `torch.amp.autocast('cuda', args...)` instead.
  with autocast(self.mixed_precision):
[2026-03-30 12:23:09](logger.py 179): id=CC_FMNIST_C10CFG_K20_E100_DT_0_7 | Ep. 65/100 - Step 200/273 (2.31 it/s) |##############      | - loss_cc=4.535 - loss_ce=2.103 - loss_ne=0.0176 - loss_div=0.000367 - threshold=0.853 - loss=6.657
/scratch/e0538389/DivClust/engine/trainer.py:41: FutureWarning: `torch.cuda.amp.autocast(args...)` is deprecated. Please use `torch.amp.autocast('cuda', args...)` instead.
  with autocast(self.mixed_precision):
[2026-03-30 12:23:20](logger.py 179): id=CC_FMNIST_C10CFG_K20_E100_DT_0_7 | Ep. 65/100 - Step 225/273 (2.31 it/s) |################    | - loss_cc=4.535 - loss_ce=2.103 - loss_ne=0.0173 - loss_div=0.00034 - threshold=0.853 - loss=6.656
/scratch/e0538389/DivClust/engine/trainer.py:41: FutureWarning: `torch.cuda.amp.autocast(args...)` is deprecated. Please use `torch.amp.autocast('cuda', args...)` instead.
  with autocast(self.mixed_precision):
[2026-03-30 12:23:31](logger.py 179): id=CC_FMNIST_C10CFG_K20_E100_DT_0_7 | Ep. 65/100 - Step 250/273 (2.31 it/s) |##################  | - loss_cc=4.535 - loss_ce=2.103 - loss_ne=0.0173 - loss_div=0.000406 - threshold=0.852 - loss=6.656
/scratch/e0538389/DivClust/engine/trainer.py:41: FutureWarning: `torch.cuda.amp.autocast(args...)` is deprecated. Please use `torch.amp.autocast('cuda', args...)` instead.
  with autocast(self.mixed_precision):
[2026-03-30 12:23:40](logger.py 179): id=CC_FMNIST_C10CFG_K20_E100_DT_0_7 | Ep. 65/100 | Time: 00:01 | loss_cc=4.535 - loss_ce=2.103 - loss_ne=0.0171 - loss_div=0.000384 - threshold=0.852 - loss=6.655
[2026-03-30 12:23:42](logger.py 179): id=CC_FMNIST_C10CFG_K20_E100_DT_0_7 | Ep. 66/100 - Step 0/273 (0.0 it/s) |                    | - loss_cc=4.555 - loss_ce=2.112 - loss_ne=0.0192 - loss_div=0.0 - threshold=0.849 - loss=6.687
/scratch/e0538389/DivClust/engine/trainer.py:41: FutureWarning: `torch.cuda.amp.autocast(args...)` is deprecated. Please use `torch.amp.autocast('cuda', args...)` instead.
  with autocast(self.mixed_precision):
/scratch/e0538389/DivClust/engine/trainer.py:41: FutureWarning: `torch.cuda.amp.autocast(args...)` is deprecated. Please use `torch.amp.autocast('cuda', args...)` instead.
  with autocast(self.mixed_precision):
[2026-03-30 12:23:53](logger.py 179): id=CC_FMNIST_C10CFG_K20_E100_DT_0_7 | Ep. 66/100 - Step 25/273 (2.22 it/s) |#                   | - loss_cc=4.53 - loss_ce=2.101 - loss_ne=0.0185 - loss_div=0.0 - threshold=0.858 - loss=6.649
/scratch/e0538389/DivClust/engine/trainer.py:41: FutureWarning: `torch.cuda.amp.autocast(args...)` is deprecated. Please use `torch.amp.autocast('cuda', args...)` instead.
  with autocast(self.mixed_precision):
[2026-03-30 12:24:04](logger.py 179): id=CC_FMNIST_C10CFG_K20_E100_DT_0_7 | Ep. 66/100 - Step 50/273 (2.26 it/s) |###                 | - loss_cc=4.536 - loss_ce=2.102 - loss_ne=0.0183 - loss_div=7.88e-06 - threshold=0.86 - loss=6.657
/scratch/e0538389/DivClust/engine/trainer.py:41: FutureWarning: `torch.cuda.amp.autocast(args...)` is deprecated. Please use `torch.amp.autocast('cuda', args...)` instead.
  with autocast(self.mixed_precision):
[2026-03-30 12:24:15](logger.py 179): id=CC_FMNIST_C10CFG_K20_E100_DT_0_7 | Ep. 66/100 - Step 75/273 (2.28 it/s) |#####               | - loss_cc=4.535 - loss_ce=2.103 - loss_ne=0.0176 - loss_div=0.000104 - threshold=0.857 - loss=6.656
/scratch/e0538389/DivClust/engine/trainer.py:41: FutureWarning: `torch.cuda.amp.autocast(args...)` is deprecated. Please use `torch.amp.autocast('cuda', args...)` instead.
  with autocast(self.mixed_precision):
[2026-03-30 12:24:26](logger.py 179): id=CC_FMNIST_C10CFG_K20_E100_DT_0_7 | Ep. 66/100 - Step 100/273 (2.29 it/s) |#######             | - loss_cc=4.536 - loss_ce=2.103 - loss_ne=0.0171 - loss_div=0.000305 - threshold=0.854 - loss=6.657
/scratch/e0538389/DivClust/engine/trainer.py:41: FutureWarning: `torch.cuda.amp.autocast(args...)` is deprecated. Please use `torch.amp.autocast('cuda', args...)` instead.
  with autocast(self.mixed_precision):
/scratch/e0538389/DivClust/engine/trainer.py:41: FutureWarning: `torch.cuda.amp.autocast(args...)` is deprecated. Please use `torch.amp.autocast('cuda', args...)` instead.
  with autocast(self.mixed_precision):
[2026-03-30 12:24:37](logger.py 179): id=CC_FMNIST_C10CFG_K20_E100_DT_0_7 | Ep. 66/100 - Step 125/273 (2.27 it/s) |#########           | - loss_cc=4.535 - loss_ce=2.103 - loss_ne=0.0172 - loss_div=0.000261 - threshold=0.853 - loss=6.655
/scratch/e0538389/DivClust/engine/trainer.py:41: FutureWarning: `torch.cuda.amp.autocast(args...)` is deprecated. Please use `torch.amp.autocast('cuda', args...)` instead.
  with autocast(self.mixed_precision):
[2026-03-30 12:24:48](logger.py 179): id=CC_FMNIST_C10CFG_K20_E100_DT_0_7 | Ep. 66/100 - Step 150/273 (2.28 it/s) |##########          | - loss_cc=4.534 - loss_ce=2.102 - loss_ne=0.0172 - loss_div=0.000218 - threshold=0.854 - loss=6.654
/scratch/e0538389/DivClust/engine/trainer.py:41: FutureWarning: `torch.cuda.amp.autocast(args...)` is deprecated. Please use `torch.amp.autocast('cuda', args...)` instead.
  with autocast(self.mixed_precision):
[2026-03-30 12:24:59](logger.py 179): id=CC_FMNIST_C10CFG_K20_E100_DT_0_7 | Ep. 66/100 - Step 175/273 (2.28 it/s) |############        | - loss_cc=4.534 - loss_ce=2.102 - loss_ne=0.0172 - loss_div=0.000187 - threshold=0.856 - loss=6.654
/scratch/e0538389/DivClust/engine/trainer.py:41: FutureWarning: `torch.cuda.amp.autocast(args...)` is deprecated. Please use `torch.amp.autocast('cuda', args...)` instead.
  with autocast(self.mixed_precision):
[2026-03-30 12:25:10](logger.py 179): id=CC_FMNIST_C10CFG_K20_E100_DT_0_7 | Ep. 66/100 - Step 200/273 (2.29 it/s) |##############      | - loss_cc=4.534 - loss_ce=2.102 - loss_ne=0.0171 - loss_div=0.000172 - threshold=0.858 - loss=6.653
/scratch/e0538389/DivClust/engine/trainer.py:41: FutureWarning: `torch.cuda.amp.autocast(args...)` is deprecated. Please use `torch.amp.autocast('cuda', args...)` instead.
  with autocast(self.mixed_precision):
/scratch/e0538389/DivClust/engine/trainer.py:41: FutureWarning: `torch.cuda.amp.autocast(args...)` is deprecated. Please use `torch.amp.autocast('cuda', args...)` instead.
  with autocast(self.mixed_precision):
[2026-03-30 12:25:21](logger.py 179): id=CC_FMNIST_C10CFG_K20_E100_DT_0_7 | Ep. 66/100 - Step 225/273 (2.28 it/s) |################    | - loss_cc=4.534 - loss_ce=2.102 - loss_ne=0.017 - loss_div=0.000223 - threshold=0.857 - loss=6.654
/scratch/e0538389/DivClust/engine/trainer.py:41: FutureWarning: `torch.cuda.amp.autocast(args...)` is deprecated. Please use `torch.amp.autocast('cuda', args...)` instead.
  with autocast(self.mixed_precision):
[2026-03-30 12:25:32](logger.py 179): id=CC_FMNIST_C10CFG_K20_E100_DT_0_7 | Ep. 66/100 - Step 250/273 (2.28 it/s) |##################  | - loss_cc=4.534 - loss_ce=2.102 - loss_ne=0.0169 - loss_div=0.000286 - threshold=0.856 - loss=6.653
/scratch/e0538389/DivClust/engine/trainer.py:41: FutureWarning: `torch.cuda.amp.autocast(args...)` is deprecated. Please use `torch.amp.autocast('cuda', args...)` instead.
  with autocast(self.mixed_precision):
[2026-03-30 12:25:41](logger.py 179): id=CC_FMNIST_C10CFG_K20_E100_DT_0_7 | Ep. 66/100 | Time: 00:01 | loss_cc=4.534 - loss_ce=2.102 - loss_ne=0.0172 - loss_div=0.000291 - threshold=0.855 - loss=6.654
[2026-03-30 12:25:43](logger.py 179): id=CC_FMNIST_C10CFG_K20_E100_DT_0_7 | Ep. 67/100 - Step 0/273 (0.0 it/s) |                    | - loss_cc=4.542 - loss_ce=2.105 - loss_ne=0.0167 - loss_div=0.0 - threshold=0.848 - loss=6.664
/scratch/e0538389/DivClust/engine/trainer.py:41: FutureWarning: `torch.cuda.amp.autocast(args...)` is deprecated. Please use `torch.amp.autocast('cuda', args...)` instead.
  with autocast(self.mixed_precision):
[2026-03-30 12:25:54](logger.py 179): id=CC_FMNIST_C10CFG_K20_E100_DT_0_7 | Ep. 67/100 - Step 25/273 (2.37 it/s) |#                   | - loss_cc=4.539 - loss_ce=2.104 - loss_ne=0.0155 - loss_div=2.54e-05 - threshold=0.854 - loss=6.659
/scratch/e0538389/DivClust/engine/trainer.py:41: FutureWarning: `torch.cuda.amp.autocast(args...)` is deprecated. Please use `torch.amp.autocast('cuda', args...)` instead.
  with autocast(self.mixed_precision):
/scratch/e0538389/DivClust/engine/trainer.py:41: FutureWarning: `torch.cuda.amp.autocast(args...)` is deprecated. Please use `torch.amp.autocast('cuda', args...)` instead.
  with autocast(self.mixed_precision):
[2026-03-30 12:26:05](logger.py 179): id=CC_FMNIST_C10CFG_K20_E100_DT_0_7 | Ep. 67/100 - Step 50/273 (2.29 it/s) |###                 | - loss_cc=4.535 - loss_ce=2.103 - loss_ne=0.0151 - loss_div=1.36e-05 - threshold=0.858 - loss=6.653
/scratch/e0538389/DivClust/engine/trainer.py:41: FutureWarning: `torch.cuda.amp.autocast(args...)` is deprecated. Please use `torch.amp.autocast('cuda', args...)` instead.
  with autocast(self.mixed_precision):
[2026-03-30 12:26:16](logger.py 179): id=CC_FMNIST_C10CFG_K20_E100_DT_0_7 | Ep. 67/100 - Step 75/273 (2.3 it/s) |#####               | - loss_cc=4.535 - loss_ce=2.103 - loss_ne=0.0156 - loss_div=1.52e-05 - threshold=0.858 - loss=6.653
/scratch/e0538389/DivClust/engine/trainer.py:41: FutureWarning: `torch.cuda.amp.autocast(args...)` is deprecated. Please use `torch.amp.autocast('cuda', args...)` instead.
  with autocast(self.mixed_precision):
[2026-03-30 12:26:26](logger.py 179): id=CC_FMNIST_C10CFG_K20_E100_DT_0_7 | Ep. 67/100 - Step 100/273 (2.32 it/s) |#######             | - loss_cc=4.534 - loss_ce=2.102 - loss_ne=0.0159 - loss_div=4.27e-05 - threshold=0.859 - loss=6.652
/scratch/e0538389/DivClust/engine/trainer.py:41: FutureWarning: `torch.cuda.amp.autocast(args...)` is deprecated. Please use `torch.amp.autocast('cuda', args...)` instead.
  with autocast(self.mixed_precision):
[2026-03-30 12:26:37](logger.py 179): id=CC_FMNIST_C10CFG_K20_E100_DT_0_7 | Ep. 67/100 - Step 125/273 (2.33 it/s) |#########           | - loss_cc=4.534 - loss_ce=2.102 - loss_ne=0.0161 - loss_div=0.000104 - threshold=0.857 - loss=6.652
/scratch/e0538389/DivClust/engine/trainer.py:41: FutureWarning: `torch.cuda.amp.autocast(args...)` is deprecated. Please use `torch.amp.autocast('cuda', args...)` instead.
  with autocast(self.mixed_precision):
/scratch/e0538389/DivClust/engine/trainer.py:41: FutureWarning: `torch.cuda.amp.autocast(args...)` is deprecated. Please use `torch.amp.autocast('cuda', args...)` instead.
  with autocast(self.mixed_precision):
[2026-03-30 12:26:48](logger.py 179): id=CC_FMNIST_C10CFG_K20_E100_DT_0_7 | Ep. 67/100 - Step 150/273 (2.32 it/s) |##########          | - loss_cc=4.535 - loss_ce=2.102 - loss_ne=0.0163 - loss_div=0.000284 - threshold=0.855 - loss=6.653
/scratch/e0538389/DivClust/engine/trainer.py:41: FutureWarning: `torch.cuda.amp.autocast(args...)` is deprecated. Please use `torch.amp.autocast('cuda', args...)` instead.
  with autocast(self.mixed_precision):
[2026-03-30 12:26:59](logger.py 179): id=CC_FMNIST_C10CFG_K20_E100_DT_0_7 | Ep. 67/100 - Step 175/273 (2.32 it/s) |############        | - loss_cc=4.534 - loss_ce=2.102 - loss_ne=0.0163 - loss_div=0.000246 - threshold=0.854 - loss=6.653
/scratch/e0538389/DivClust/engine/trainer.py:41: FutureWarning: `torch.cuda.amp.autocast(args...)` is deprecated. Please use `torch.amp.autocast('cuda', args...)` instead.
  with autocast(self.mixed_precision):
[2026-03-30 12:27:10](logger.py 179): id=CC_FMNIST_C10CFG_K20_E100_DT_0_7 | Ep. 67/100 - Step 200/273 (2.32 it/s) |##############      | - loss_cc=4.535 - loss_ce=2.102 - loss_ne=0.0163 - loss_div=0.000216 - threshold=0.855 - loss=6.654
/scratch/e0538389/DivClust/engine/trainer.py:41: FutureWarning: `torch.cuda.amp.autocast(args...)` is deprecated. Please use `torch.amp.autocast('cuda', args...)` instead.
  with autocast(self.mixed_precision):
[2026-03-30 12:27:20](logger.py 179): id=CC_FMNIST_C10CFG_K20_E100_DT_0_7 | Ep. 67/100 - Step 225/273 (2.32 it/s) |################    | - loss_cc=4.536 - loss_ce=2.103 - loss_ne=0.0162 - loss_div=0.000192 - threshold=0.856 - loss=6.655
/scratch/e0538389/DivClust/engine/trainer.py:41: FutureWarning: `torch.cuda.amp.autocast(args...)` is deprecated. Please use `torch.amp.autocast('cuda', args...)` instead.
  with autocast(self.mixed_precision):
/scratch/e0538389/DivClust/engine/trainer.py:41: FutureWarning: `torch.cuda.amp.autocast(args...)` is deprecated. Please use `torch.amp.autocast('cuda', args...)` instead.
  with autocast(self.mixed_precision):
[2026-03-30 12:27:31](logger.py 179): id=CC_FMNIST_C10CFG_K20_E100_DT_0_7 | Ep. 67/100 - Step 250/273 (2.32 it/s) |##################  | - loss_cc=4.535 - loss_ce=2.103 - loss_ne=0.0162 - loss_div=0.000173 - threshold=0.857 - loss=6.654
/scratch/e0538389/DivClust/engine/trainer.py:41: FutureWarning: `torch.cuda.amp.autocast(args...)` is deprecated. Please use `torch.amp.autocast('cuda', args...)` instead.
  with autocast(self.mixed_precision):
[2026-03-30 12:27:40](logger.py 179): id=CC_FMNIST_C10CFG_K20_E100_DT_0_7 | Ep. 67/100 | Time: 00:01 | loss_cc=4.536 - loss_ce=2.103 - loss_ne=0.0162 - loss_div=0.000204 - threshold=0.857 - loss=6.655
[2026-03-30 12:27:42](logger.py 179): id=CC_FMNIST_C10CFG_K20_E100_DT_0_7 | Ep. 68/100 - Step 0/273 (0.0 it/s) |                    | - loss_cc=4.497 - loss_ce=2.094 - loss_ne=0.0185 - loss_div=0.0 - threshold=0.847 - loss=6.609
/scratch/e0538389/DivClust/engine/trainer.py:41: FutureWarning: `torch.cuda.amp.autocast(args...)` is deprecated. Please use `torch.amp.autocast('cuda', args...)` instead.
  with autocast(self.mixed_precision):
[2026-03-30 12:27:54](logger.py 179): id=CC_FMNIST_C10CFG_K20_E100_DT_0_7 | Ep. 68/100 - Step 25/273 (2.23 it/s) |#                   | - loss_cc=4.53 - loss_ce=2.102 - loss_ne=0.0157 - loss_div=0.000847 - threshold=0.844 - loss=6.649
/scratch/e0538389/DivClust/engine/trainer.py:41: FutureWarning: `torch.cuda.amp.autocast(args...)` is deprecated. Please use `torch.amp.autocast('cuda', args...)` instead.
  with autocast(self.mixed_precision):
[2026-03-30 12:28:05](logger.py 179): id=CC_FMNIST_C10CFG_K20_E100_DT_0_7 | Ep. 68/100 - Step 50/273 (2.26 it/s) |###                 | - loss_cc=4.533 - loss_ce=2.103 - loss_ne=0.0163 - loss_div=0.000618 - threshold=0.844 - loss=6.653
/scratch/e0538389/DivClust/engine/trainer.py:41: FutureWarning: `torch.cuda.amp.autocast(args...)` is deprecated. Please use `torch.amp.autocast('cuda', args...)` instead.
  with autocast(self.mixed_precision):
[2026-03-30 12:28:15](logger.py 179): id=CC_FMNIST_C10CFG_K20_E100_DT_0_7 | Ep. 68/100 - Step 75/273 (2.28 it/s) |#####               | - loss_cc=4.531 - loss_ce=2.102 - loss_ne=0.0166 - loss_div=0.000474 - threshold=0.847 - loss=6.65
/scratch/e0538389/DivClust/engine/trainer.py:41: FutureWarning: `torch.cuda.amp.autocast(args...)` is deprecated. Please use `torch.amp.autocast('cuda', args...)` instead.
  with autocast(self.mixed_precision):
/scratch/e0538389/DivClust/engine/trainer.py:41: FutureWarning: `torch.cuda.amp.autocast(args...)` is deprecated. Please use `torch.amp.autocast('cuda', args...)` instead.
  with autocast(self.mixed_precision):
[2026-03-30 12:28:27](logger.py 179): id=CC_FMNIST_C10CFG_K20_E100_DT_0_7 | Ep. 68/100 - Step 100/273 (2.26 it/s) |#######             | - loss_cc=4.533 - loss_ce=2.103 - loss_ne=0.0163 - loss_div=0.000449 - threshold=0.848 - loss=6.652
/scratch/e0538389/DivClust/engine/trainer.py:41: FutureWarning: `torch.cuda.amp.autocast(args...)` is deprecated. Please use `torch.amp.autocast('cuda', args...)` instead.
  with autocast(self.mixed_precision):
[2026-03-30 12:28:37](logger.py 179): id=CC_FMNIST_C10CFG_K20_E100_DT_0_7 | Ep. 68/100 - Step 125/273 (2.27 it/s) |#########           | - loss_cc=4.532 - loss_ce=2.102 - loss_ne=0.0165 - loss_div=0.00036 - threshold=0.85 - loss=6.652
/scratch/e0538389/DivClust/engine/trainer.py:41: FutureWarning: `torch.cuda.amp.autocast(args...)` is deprecated. Please use `torch.amp.autocast('cuda', args...)` instead.
  with autocast(self.mixed_precision):
[2026-03-30 12:28:48](logger.py 179): id=CC_FMNIST_C10CFG_K20_E100_DT_0_7 | Ep. 68/100 - Step 150/273 (2.28 it/s) |##########          | - loss_cc=4.532 - loss_ce=2.102 - loss_ne=0.0169 - loss_div=0.000315 - threshold=0.851 - loss=6.651
/scratch/e0538389/DivClust/engine/trainer.py:41: FutureWarning: `torch.cuda.amp.autocast(args...)` is deprecated. Please use `torch.amp.autocast('cuda', args...)` instead.
  with autocast(self.mixed_precision):
[2026-03-30 12:28:59](logger.py 179): id=CC_FMNIST_C10CFG_K20_E100_DT_0_7 | Ep. 68/100 - Step 175/273 (2.28 it/s) |############        | - loss_cc=4.532 - loss_ce=2.102 - loss_ne=0.0169 - loss_div=0.000346 - threshold=0.851 - loss=6.651
/scratch/e0538389/DivClust/engine/trainer.py:41: FutureWarning: `torch.cuda.amp.autocast(args...)` is deprecated. Please use `torch.amp.autocast('cuda', args...)` instead.
  with autocast(self.mixed_precision):
/scratch/e0538389/DivClust/engine/trainer.py:41: FutureWarning: `torch.cuda.amp.autocast(args...)` is deprecated. Please use `torch.amp.autocast('cuda', args...)` instead.
  with autocast(self.mixed_precision):
[2026-03-30 12:29:10](logger.py 179): id=CC_FMNIST_C10CFG_K20_E100_DT_0_7 | Ep. 68/100 - Step 200/273 (2.28 it/s) |##############      | - loss_cc=4.531 - loss_ce=2.102 - loss_ne=0.0171 - loss_div=0.000386 - threshold=0.85 - loss=6.651
/scratch/e0538389/DivClust/engine/trainer.py:41: FutureWarning: `torch.cuda.amp.autocast(args...)` is deprecated. Please use `torch.amp.autocast('cuda', args...)` instead.
  with autocast(self.mixed_precision):
[2026-03-30 12:29:21](logger.py 179): id=CC_FMNIST_C10CFG_K20_E100_DT_0_7 | Ep. 68/100 - Step 225/273 (2.28 it/s) |################    | - loss_cc=4.533 - loss_ce=2.102 - loss_ne=0.0173 - loss_div=0.000352 - threshold=0.85 - loss=6.652
/scratch/e0538389/DivClust/engine/trainer.py:41: FutureWarning: `torch.cuda.amp.autocast(args...)` is deprecated. Please use `torch.amp.autocast('cuda', args...)` instead.
  with autocast(self.mixed_precision):
[2026-03-30 12:29:32](logger.py 179): id=CC_FMNIST_C10CFG_K20_E100_DT_0_7 | Ep. 68/100 - Step 250/273 (2.28 it/s) |##################  | - loss_cc=4.532 - loss_ce=2.102 - loss_ne=0.0171 - loss_div=0.000355 - threshold=0.85 - loss=6.652
/scratch/e0538389/DivClust/engine/trainer.py:41: FutureWarning: `torch.cuda.amp.autocast(args...)` is deprecated. Please use `torch.amp.autocast('cuda', args...)` instead.
  with autocast(self.mixed_precision):
[2026-03-30 12:29:41](logger.py 179): id=CC_FMNIST_C10CFG_K20_E100_DT_0_7 | Ep. 68/100 | Time: 00:01 | loss_cc=4.532 - loss_ce=2.102 - loss_ne=0.0171 - loss_div=0.000331 - threshold=0.85 - loss=6.651
[2026-03-30 12:29:44](logger.py 179): id=CC_FMNIST_C10CFG_K20_E100_DT_0_7 | Ep. 69/100 - Step 0/273 (0.0 it/s) |                    | - loss_cc=4.549 - loss_ce=2.111 - loss_ne=0.0206 - loss_div=0.000159 - threshold=0.855 - loss=6.681
/scratch/e0538389/DivClust/engine/trainer.py:41: FutureWarning: `torch.cuda.amp.autocast(args...)` is deprecated. Please use `torch.amp.autocast('cuda', args...)` instead.
  with autocast(self.mixed_precision):
/scratch/e0538389/DivClust/engine/trainer.py:41: FutureWarning: `torch.cuda.amp.autocast(args...)` is deprecated. Please use `torch.amp.autocast('cuda', args...)` instead.
  with autocast(self.mixed_precision):
[2026-03-30 12:29:55](logger.py 179): id=CC_FMNIST_C10CFG_K20_E100_DT_0_7 | Ep. 69/100 - Step 25/273 (2.25 it/s) |#                   | - loss_cc=4.535 - loss_ce=2.103 - loss_ne=0.0144 - loss_div=4.98e-05 - threshold=0.862 - loss=6.652
/scratch/e0538389/DivClust/engine/trainer.py:41: FutureWarning: `torch.cuda.amp.autocast(args...)` is deprecated. Please use `torch.amp.autocast('cuda', args...)` instead.
  with autocast(self.mixed_precision):
[2026-03-30 12:30:06](logger.py 179): id=CC_FMNIST_C10CFG_K20_E100_DT_0_7 | Ep. 69/100 - Step 50/273 (2.31 it/s) |###                 | - loss_cc=4.537 - loss_ce=2.103 - loss_ne=0.0148 - loss_div=0.000209 - threshold=0.857 - loss=6.655
/scratch/e0538389/DivClust/engine/trainer.py:41: FutureWarning: `torch.cuda.amp.autocast(args...)` is deprecated. Please use `torch.amp.autocast('cuda', args...)` instead.
  with autocast(self.mixed_precision):
[2026-03-30 12:30:17](logger.py 179): id=CC_FMNIST_C10CFG_K20_E100_DT_0_7 | Ep. 69/100 - Step 75/273 (2.32 it/s) |#####               | - loss_cc=4.537 - loss_ce=2.104 - loss_ne=0.0155 - loss_div=0.000295 - threshold=0.852 - loss=6.656
/scratch/e0538389/DivClust/engine/trainer.py:41: FutureWarning: `torch.cuda.amp.autocast(args...)` is deprecated. Please use `torch.amp.autocast('cuda', args...)` instead.
  with autocast(self.mixed_precision):
[2026-03-30 12:30:27](logger.py 179): id=CC_FMNIST_C10CFG_K20_E100_DT_0_7 | Ep. 69/100 - Step 100/273 (2.33 it/s) |#######             | - loss_cc=4.535 - loss_ce=2.103 - loss_ne=0.0152 - loss_div=0.000301 - threshold=0.85 - loss=6.654
/scratch/e0538389/DivClust/engine/trainer.py:41: FutureWarning: `torch.cuda.amp.autocast(args...)` is deprecated. Please use `torch.amp.autocast('cuda', args...)` instead.
  with autocast(self.mixed_precision):
/scratch/e0538389/DivClust/engine/trainer.py:41: FutureWarning: `torch.cuda.amp.autocast(args...)` is deprecated. Please use `torch.amp.autocast('cuda', args...)` instead.
  with autocast(self.mixed_precision):
[2026-03-30 12:30:38](logger.py 179): id=CC_FMNIST_C10CFG_K20_E100_DT_0_7 | Ep. 69/100 - Step 125/273 (2.31 it/s) |#########           | - loss_cc=4.535 - loss_ce=2.103 - loss_ne=0.0155 - loss_div=0.000241 - threshold=0.851 - loss=6.654
/scratch/e0538389/DivClust/engine/trainer.py:41: FutureWarning: `torch.cuda.amp.autocast(args...)` is deprecated. Please use `torch.amp.autocast('cuda', args...)` instead.
  with autocast(self.mixed_precision):
[2026-03-30 12:30:49](logger.py 179): id=CC_FMNIST_C10CFG_K20_E100_DT_0_7 | Ep. 69/100 - Step 150/273 (2.31 it/s) |##########          | - loss_cc=4.534 - loss_ce=2.103 - loss_ne=0.0155 - loss_div=0.000201 - threshold=0.854 - loss=6.653
/scratch/e0538389/DivClust/engine/trainer.py:41: FutureWarning: `torch.cuda.amp.autocast(args...)` is deprecated. Please use `torch.amp.autocast('cuda', args...)` instead.
  with autocast(self.mixed_precision):
[2026-03-30 12:31:00](logger.py 179): id=CC_FMNIST_C10CFG_K20_E100_DT_0_7 | Ep. 69/100 - Step 175/273 (2.31 it/s) |############        | - loss_cc=4.535 - loss_ce=2.103 - loss_ne=0.0156 - loss_div=0.000193 - threshold=0.856 - loss=6.654
/scratch/e0538389/DivClust/engine/trainer.py:41: FutureWarning: `torch.cuda.amp.autocast(args...)` is deprecated. Please use `torch.amp.autocast('cuda', args...)` instead.
  with autocast(self.mixed_precision):
[2026-03-30 12:31:11](logger.py 179): id=CC_FMNIST_C10CFG_K20_E100_DT_0_7 | Ep. 69/100 - Step 200/273 (2.31 it/s) |##############      | - loss_cc=4.534 - loss_ce=2.103 - loss_ne=0.0158 - loss_div=0.000179 - threshold=0.856 - loss=6.652
/scratch/e0538389/DivClust/engine/trainer.py:41: FutureWarning: `torch.cuda.amp.autocast(args...)` is deprecated. Please use `torch.amp.autocast('cuda', args...)` instead.
  with autocast(self.mixed_precision):
/scratch/e0538389/DivClust/engine/trainer.py:41: FutureWarning: `torch.cuda.amp.autocast(args...)` is deprecated. Please use `torch.amp.autocast('cuda', args...)` instead.
  with autocast(self.mixed_precision):
[2026-03-30 12:31:22](logger.py 179): id=CC_FMNIST_C10CFG_K20_E100_DT_0_7 | Ep. 69/100 - Step 225/273 (2.3 it/s) |################    | - loss_cc=4.534 - loss_ce=2.102 - loss_ne=0.0157 - loss_div=0.000275 - threshold=0.855 - loss=6.652
/scratch/e0538389/DivClust/engine/trainer.py:41: FutureWarning: `torch.cuda.amp.autocast(args...)` is deprecated. Please use `torch.amp.autocast('cuda', args...)` instead.
  with autocast(self.mixed_precision):
[2026-03-30 12:31:33](logger.py 179): id=CC_FMNIST_C10CFG_K20_E100_DT_0_7 | Ep. 69/100 - Step 250/273 (2.31 it/s) |##################  | - loss_cc=4.533 - loss_ce=2.102 - loss_ne=0.0157 - loss_div=0.00028 - threshold=0.853 - loss=6.652
/scratch/e0538389/DivClust/engine/trainer.py:41: FutureWarning: `torch.cuda.amp.autocast(args...)` is deprecated. Please use `torch.amp.autocast('cuda', args...)` instead.
  with autocast(self.mixed_precision):
[2026-03-30 12:31:42](logger.py 179): id=CC_FMNIST_C10CFG_K20_E100_DT_0_7 | Ep. 69/100 | Time: 00:01 | loss_cc=4.533 - loss_ce=2.102 - loss_ne=0.0156 - loss_div=0.000302 - threshold=0.853 - loss=6.651
[2026-03-30 12:31:44](logger.py 179): id=CC_FMNIST_C10CFG_K20_E100_DT_0_7 | Ep. 70/100 - Step 0/273 (0.0 it/s) |                    | - loss_cc=4.506 - loss_ce=2.098 - loss_ne=0.0115 - loss_div=0.0 - threshold=0.838 - loss=6.616
/scratch/e0538389/DivClust/engine/trainer.py:41: FutureWarning: `torch.cuda.amp.autocast(args...)` is deprecated. Please use `torch.amp.autocast('cuda', args...)` instead.
  with autocast(self.mixed_precision):
[2026-03-30 12:31:55](logger.py 179): id=CC_FMNIST_C10CFG_K20_E100_DT_0_7 | Ep. 70/100 - Step 25/273 (2.3 it/s) |#                   | - loss_cc=4.533 - loss_ce=2.104 - loss_ne=0.017 - loss_div=0.000159 - threshold=0.843 - loss=6.654
/scratch/e0538389/DivClust/engine/trainer.py:41: FutureWarning: `torch.cuda.amp.autocast(args...)` is deprecated. Please use `torch.amp.autocast('cuda', args...)` instead.
  with autocast(self.mixed_precision):
[2026-03-30 12:32:06](logger.py 179): id=CC_FMNIST_C10CFG_K20_E100_DT_0_7 | Ep. 70/100 - Step 50/273 (2.25 it/s) |###                 | - loss_cc=4.534 - loss_ce=2.103 - loss_ne=0.0164 - loss_div=0.000133 - threshold=0.848 - loss=6.653
/scratch/e0538389/DivClust/engine/trainer.py:41: FutureWarning: `torch.cuda.amp.autocast(args...)` is deprecated. Please use `torch.amp.autocast('cuda', args...)` instead.
  with autocast(self.mixed_precision):
/scratch/e0538389/DivClust/engine/trainer.py:41: FutureWarning: `torch.cuda.amp.autocast(args...)` is deprecated. Please use `torch.amp.autocast('cuda', args...)` instead.
  with autocast(self.mixed_precision):
[2026-03-30 12:32:17](logger.py 179): id=CC_FMNIST_C10CFG_K20_E100_DT_0_7 | Ep. 70/100 - Step 75/273 (2.27 it/s) |#####               | - loss_cc=4.533 - loss_ce=2.103 - loss_ne=0.0169 - loss_div=9.23e-05 - threshold=0.852 - loss=6.653
/scratch/e0538389/DivClust/engine/trainer.py:41: FutureWarning: `torch.cuda.amp.autocast(args...)` is deprecated. Please use `torch.amp.autocast('cuda', args...)` instead.
  with autocast(self.mixed_precision):
[2026-03-30 12:32:28](logger.py 179): id=CC_FMNIST_C10CFG_K20_E100_DT_0_7 | Ep. 70/100 - Step 100/273 (2.28 it/s) |#######             | - loss_cc=4.532 - loss_ce=2.103 - loss_ne=0.0161 - loss_div=0.000129 - threshold=0.852 - loss=6.651
/scratch/e0538389/DivClust/engine/trainer.py:41: FutureWarning: `torch.cuda.amp.autocast(args...)` is deprecated. Please use `torch.amp.autocast('cuda', args...)` instead.
  with autocast(self.mixed_precision):
[2026-03-30 12:32:39](logger.py 179): id=CC_FMNIST_C10CFG_K20_E100_DT_0_7 | Ep. 70/100 - Step 125/273 (2.29 it/s) |#########           | - loss_cc=4.532 - loss_ce=2.102 - loss_ne=0.0161 - loss_div=0.000301 - threshold=0.85 - loss=6.651
/scratch/e0538389/DivClust/engine/trainer.py:41: FutureWarning: `torch.cuda.amp.autocast(args...)` is deprecated. Please use `torch.amp.autocast('cuda', args...)` instead.
  with autocast(self.mixed_precision):
[2026-03-30 12:32:50](logger.py 179): id=CC_FMNIST_C10CFG_K20_E100_DT_0_7 | Ep. 70/100 - Step 150/273 (2.28 it/s) |##########          | - loss_cc=4.532 - loss_ce=2.102 - loss_ne=0.0161 - loss_div=0.000286 - threshold=0.849 - loss=6.65
/scratch/e0538389/DivClust/engine/trainer.py:41: FutureWarning: `torch.cuda.amp.autocast(args...)` is deprecated. Please use `torch.amp.autocast('cuda', args...)` instead.
  with autocast(self.mixed_precision):
/scratch/e0538389/DivClust/engine/trainer.py:41: FutureWarning: `torch.cuda.amp.autocast(args...)` is deprecated. Please use `torch.amp.autocast('cuda', args...)` instead.
  with autocast(self.mixed_precision):
[2026-03-30 12:33:01](logger.py 179): id=CC_FMNIST_C10CFG_K20_E100_DT_0_7 | Ep. 70/100 - Step 175/273 (2.28 it/s) |############        | - loss_cc=4.531 - loss_ce=2.102 - loss_ne=0.0161 - loss_div=0.000248 - threshold=0.85 - loss=6.65
/scratch/e0538389/DivClust/engine/trainer.py:41: FutureWarning: `torch.cuda.amp.autocast(args...)` is deprecated. Please use `torch.amp.autocast('cuda', args...)` instead.
  with autocast(self.mixed_precision):
[2026-03-30 12:33:11](logger.py 179): id=CC_FMNIST_C10CFG_K20_E100_DT_0_7 | Ep. 70/100 - Step 200/273 (2.29 it/s) |##############      | - loss_cc=4.531 - loss_ce=2.102 - loss_ne=0.016 - loss_div=0.000217 - threshold=0.852 - loss=6.65
/scratch/e0538389/DivClust/engine/trainer.py:41: FutureWarning: `torch.cuda.amp.autocast(args...)` is deprecated. Please use `torch.amp.autocast('cuda', args...)` instead.
  with autocast(self.mixed_precision):
[2026-03-30 12:33:22](logger.py 179): id=CC_FMNIST_C10CFG_K20_E100_DT_0_7 | Ep. 70/100 - Step 225/273 (2.29 it/s) |################    | - loss_cc=4.532 - loss_ce=2.103 - loss_ne=0.0158 - loss_div=0.000194 - threshold=0.854 - loss=6.651
/scratch/e0538389/DivClust/engine/trainer.py:41: FutureWarning: `torch.cuda.amp.autocast(args...)` is deprecated. Please use `torch.amp.autocast('cuda', args...)` instead.
  with autocast(self.mixed_precision):
[2026-03-30 12:33:33](logger.py 179): id=CC_FMNIST_C10CFG_K20_E100_DT_0_7 | Ep. 70/100 - Step 250/273 (2.29 it/s) |##################  | - loss_cc=4.533 - loss_ce=2.103 - loss_ne=0.016 - loss_div=0.000204 - threshold=0.854 - loss=6.652
/scratch/e0538389/DivClust/engine/trainer.py:41: FutureWarning: `torch.cuda.amp.autocast(args...)` is deprecated. Please use `torch.amp.autocast('cuda', args...)` instead.
  with autocast(self.mixed_precision):
/scratch/e0538389/DivClust/engine/trainer.py:41: FutureWarning: `torch.cuda.amp.autocast(args...)` is deprecated. Please use `torch.amp.autocast('cuda', args...)` instead.
  with autocast(self.mixed_precision):
[2026-03-30 12:33:43](logger.py 179): Evaluating
[2026-03-30 12:33:43](logger.py 179): Eval. step 0 of 274
[2026-03-30 12:33:45](logger.py 179): Eval. step 25 of 274
[2026-03-30 12:33:48](logger.py 179): Eval. step 50 of 274
[2026-03-30 12:33:50](logger.py 179): Eval. step 75 of 274
[2026-03-30 12:33:53](logger.py 179): Eval. step 100 of 274
[2026-03-30 12:33:55](logger.py 179): Eval. step 125 of 274
[2026-03-30 12:33:57](logger.py 179): Eval. step 150 of 274
[2026-03-30 12:34:00](logger.py 179): Eval. step 175 of 274
[2026-03-30 12:34:02](logger.py 179): Eval. step 200 of 274
[2026-03-30 12:34:04](logger.py 179): Eval. step 225 of 274
[2026-03-30 12:34:07](logger.py 179): Eval. step 250 of 274
[2026-03-30 12:34:11](logger.py 179): id=CC_FMNIST_C10CFG_K20_E100_DT_0_7 | Ep. 70/100 | Time: 00:02 | loss_cc=4.533 - loss_ce=2.103 - loss_ne=0.0161 - loss_div=0.000237 - threshold=0.853 - loss=6.652 - eval_confidence=0.88 - cluster_acc_0_eval=58.45 - cluster_nmi_0_eval=0.571 - cluster_ari_0_eval=0.414 - cluster_acc_1_eval=53.64 - cluster_nmi_1_eval=0.54 - cluster_ari_1_eval=0.376 - cluster_acc_2_eval=54.93 - cluster_nmi_2_eval=0.551 - cluster_ari_2_eval=0.409 - cluster_acc_3_eval=58.51 - cluster_nmi_3_eval=0.584 - cluster_ari_3_eval=0.428 - cluster_acc_4_eval=59.63 - cluster_nmi_4_eval=0.577 - cluster_ari_4_eval=0.456 - cluster_acc_5_eval=64.3 - cluster_nmi_5_eval=0.642 - cluster_ari_5_eval=0.513 - cluster_acc_6_eval=60.21 - cluster_nmi_6_eval=0.602 - cluster_ari_6_eval=0.454 - cluster_acc_7_eval=57.67 - cluster_nmi_7_eval=0.574 - cluster_ari_7_eval=0.431 - cluster_acc_8_eval=55.91 - cluster_nmi_8_eval=0.577 - cluster_ari_8_eval=0.418 - cluster_acc_9_eval=62.11 - cluster_nmi_9_eval=0.608 - cluster_ari_9_eval=0.463 - cluster_acc_10_eval=57.27 - cluster_nmi_10_eval=0.574 - cluster_ari_10_eval=0.436 - cluster_acc_11_eval=55.88 - cluster_nmi_11_eval=0.547 - cluster_ari_11_eval=0.377 - cluster_acc_12_eval=52.33 - cluster_nmi_12_eval=0.571 - cluster_ari_12_eval=0.402 - cluster_acc_13_eval=66.24 - cluster_nmi_13_eval=0.675 - cluster_ari_13_eval=0.529 - cluster_acc_14_eval=63.02 - cluster_nmi_14_eval=0.621 - cluster_ari_14_eval=0.483 - cluster_acc_15_eval=59.7 - cluster_nmi_15_eval=0.588 - cluster_ari_15_eval=0.448 - cluster_acc_16_eval=62.68 - cluster_nmi_16_eval=0.625 - cluster_ari_16_eval=0.475 - cluster_acc_17_eval=63.98 - cluster_nmi_17_eval=0.635 - cluster_ari_17_eval=0.506 - cluster_acc_18_eval=59.34 - cluster_nmi_18_eval=0.635 - cluster_ari_18_eval=0.469 - cluster_acc_19_eval=64.03 - cluster_nmi_19_eval=0.643 - cluster_ari_19_eval=0.523 - max_cluster_acc_eval=66.24 - mean_cluster_acc_eval=59.49 - min_cluster_acc_eval=52.33 - max_cluster_nmi_eval=0.675 - mean_cluster_nmi_eval=0.597 - min_cluster_nmi_eval=0.54 - max_cluster_ari_eval=0.529 - mean_cluster_ari_eval=0.45 - min_cluster_ari_eval=0.376 - interclustering_nmi_eval=0.679
/scratch/e0538389/DivClust/engine/trainer.py:41: FutureWarning: `torch.cuda.amp.autocast(args...)` is deprecated. Please use `torch.amp.autocast('cuda', args...)` instead.
  with autocast(self.mixed_precision):
[2026-03-30 12:34:13](logger.py 179): id=CC_FMNIST_C10CFG_K20_E100_DT_0_7 | Ep. 71/100 - Step 0/273 (0.0 it/s) |                    | - loss_cc=4.546 - loss_ce=2.102 - loss_ne=0.00955 - loss_div=0.000538 - threshold=0.837 - loss=6.658
/scratch/e0538389/DivClust/engine/trainer.py:41: FutureWarning: `torch.cuda.amp.autocast(args...)` is deprecated. Please use `torch.amp.autocast('cuda', args...)` instead.
  with autocast(self.mixed_precision):
[2026-03-30 12:34:24](logger.py 179): id=CC_FMNIST_C10CFG_K20_E100_DT_0_7 | Ep. 71/100 - Step 25/273 (2.33 it/s) |#                   | - loss_cc=4.541 - loss_ce=2.106 - loss_ne=0.0148 - loss_div=0.00119 - threshold=0.84 - loss=6.663
/scratch/e0538389/DivClust/engine/trainer.py:41: FutureWarning: `torch.cuda.amp.autocast(args...)` is deprecated. Please use `torch.amp.autocast('cuda', args...)` instead.
  with autocast(self.mixed_precision):
[2026-03-30 12:34:35](logger.py 179): id=CC_FMNIST_C10CFG_K20_E100_DT_0_7 | Ep. 71/100 - Step 50/273 (2.32 it/s) |###                 | - loss_cc=4.536 - loss_ce=2.104 - loss_ne=0.0147 - loss_div=0.00065 - threshold=0.845 - loss=6.656
/scratch/e0538389/DivClust/engine/trainer.py:41: FutureWarning: `torch.cuda.amp.autocast(args...)` is deprecated. Please use `torch.amp.autocast('cuda', args...)` instead.
  with autocast(self.mixed_precision):
[2026-03-30 12:34:45](logger.py 179): id=CC_FMNIST_C10CFG_K20_E100_DT_0_7 | Ep. 71/100 - Step 75/273 (2.32 it/s) |#####               | - loss_cc=4.533 - loss_ce=2.103 - loss_ne=0.0145 - loss_div=0.000437 - threshold=0.85 - loss=6.651
/scratch/e0538389/DivClust/engine/trainer.py:41: FutureWarning: `torch.cuda.amp.autocast(args...)` is deprecated. Please use `torch.amp.autocast('cuda', args...)` instead.
  with autocast(self.mixed_precision):
/scratch/e0538389/DivClust/engine/trainer.py:41: FutureWarning: `torch.cuda.amp.autocast(args...)` is deprecated. Please use `torch.amp.autocast('cuda', args...)` instead.
  with autocast(self.mixed_precision):
[2026-03-30 12:34:57](logger.py 179): id=CC_FMNIST_C10CFG_K20_E100_DT_0_7 | Ep. 71/100 - Step 100/273 (2.29 it/s) |#######             | - loss_cc=4.531 - loss_ce=2.102 - loss_ne=0.0148 - loss_div=0.000329 - threshold=0.856 - loss=6.648
/scratch/e0538389/DivClust/engine/trainer.py:41: FutureWarning: `torch.cuda.amp.autocast(args...)` is deprecated. Please use `torch.amp.autocast('cuda', args...)` instead.
  with autocast(self.mixed_precision):
[2026-03-30 12:35:07](logger.py 179): id=CC_FMNIST_C10CFG_K20_E100_DT_0_7 | Ep. 71/100 - Step 125/273 (2.31 it/s) |#########           | - loss_cc=4.529 - loss_ce=2.101 - loss_ne=0.0151 - loss_div=0.000264 - threshold=0.86 - loss=6.646
/scratch/e0538389/DivClust/engine/trainer.py:41: FutureWarning: `torch.cuda.amp.autocast(args...)` is deprecated. Please use `torch.amp.autocast('cuda', args...)` instead.
  with autocast(self.mixed_precision):
[2026-03-30 12:35:18](logger.py 179): id=CC_FMNIST_C10CFG_K20_E100_DT_0_7 | Ep. 71/100 - Step 150/273 (2.32 it/s) |##########          | - loss_cc=4.53 - loss_ce=2.101 - loss_ne=0.0152 - loss_div=0.000236 - threshold=0.861 - loss=6.647
/scratch/e0538389/DivClust/engine/trainer.py:41: FutureWarning: `torch.cuda.amp.autocast(args...)` is deprecated. Please use `torch.amp.autocast('cuda', args...)` instead.
  with autocast(self.mixed_precision):
[2026-03-30 12:35:28](logger.py 179): id=CC_FMNIST_C10CFG_K20_E100_DT_0_7 | Ep. 71/100 - Step 175/273 (2.32 it/s) |############        | - loss_cc=4.53 - loss_ce=2.101 - loss_ne=0.0152 - loss_div=0.000249 - threshold=0.86 - loss=6.646
/scratch/e0538389/DivClust/engine/trainer.py:41: FutureWarning: `torch.cuda.amp.autocast(args...)` is deprecated. Please use `torch.amp.autocast('cuda', args...)` instead.
  with autocast(self.mixed_precision):
/scratch/e0538389/DivClust/engine/trainer.py:41: FutureWarning: `torch.cuda.amp.autocast(args...)` is deprecated. Please use `torch.amp.autocast('cuda', args...)` instead.
  with autocast(self.mixed_precision):
[2026-03-30 12:35:39](logger.py 179): id=CC_FMNIST_C10CFG_K20_E100_DT_0_7 | Ep. 71/100 - Step 200/273 (2.31 it/s) |##############      | - loss_cc=4.53 - loss_ce=2.101 - loss_ne=0.0154 - loss_div=0.000394 - threshold=0.858 - loss=6.647
/scratch/e0538389/DivClust/engine/trainer.py:41: FutureWarning: `torch.cuda.amp.autocast(args...)` is deprecated. Please use `torch.amp.autocast('cuda', args...)` instead.
  with autocast(self.mixed_precision):
[2026-03-30 12:35:50](logger.py 179): id=CC_FMNIST_C10CFG_K20_E100_DT_0_7 | Ep. 71/100 - Step 225/273 (2.32 it/s) |################    | - loss_cc=4.531 - loss_ce=2.101 - loss_ne=0.0153 - loss_div=0.000398 - threshold=0.856 - loss=6.648
/scratch/e0538389/DivClust/engine/trainer.py:41: FutureWarning: `torch.cuda.amp.autocast(args...)` is deprecated. Please use `torch.amp.autocast('cuda', args...)` instead.
  with autocast(self.mixed_precision):
[2026-03-30 12:36:00](logger.py 179): id=CC_FMNIST_C10CFG_K20_E100_DT_0_7 | Ep. 71/100 - Step 250/273 (2.33 it/s) |##################  | - loss_cc=4.53 - loss_ce=2.101 - loss_ne=0.0153 - loss_div=0.00036 - threshold=0.856 - loss=6.647
/scratch/e0538389/DivClust/engine/trainer.py:41: FutureWarning: `torch.cuda.amp.autocast(args...)` is deprecated. Please use `torch.amp.autocast('cuda', args...)` instead.
  with autocast(self.mixed_precision):
[2026-03-30 12:36:10](logger.py 179): id=CC_FMNIST_C10CFG_K20_E100_DT_0_7 | Ep. 71/100 | Time: 00:01 | loss_cc=4.531 - loss_ce=2.101 - loss_ne=0.0154 - loss_div=0.000331 - threshold=0.856 - loss=6.648
[2026-03-30 12:36:12](logger.py 179): id=CC_FMNIST_C10CFG_K20_E100_DT_0_7 | Ep. 72/100 - Step 0/273 (0.0 it/s) |                    | - loss_cc=4.55 - loss_ce=2.11 - loss_ne=0.0153 - loss_div=0.0 - threshold=0.862 - loss=6.675
/scratch/e0538389/DivClust/engine/trainer.py:41: FutureWarning: `torch.cuda.amp.autocast(args...)` is deprecated. Please use `torch.amp.autocast('cuda', args...)` instead.
  with autocast(self.mixed_precision):
/scratch/e0538389/DivClust/engine/trainer.py:41: FutureWarning: `torch.cuda.amp.autocast(args...)` is deprecated. Please use `torch.amp.autocast('cuda', args...)` instead.
  with autocast(self.mixed_precision):
[2026-03-30 12:36:24](logger.py 179): id=CC_FMNIST_C10CFG_K20_E100_DT_0_7 | Ep. 72/100 - Step 25/273 (2.22 it/s) |#                   | - loss_cc=4.524 - loss_ce=2.099 - loss_ne=0.0165 - loss_div=0.000134 - threshold=0.854 - loss=6.64
/scratch/e0538389/DivClust/engine/trainer.py:41: FutureWarning: `torch.cuda.amp.autocast(args...)` is deprecated. Please use `torch.amp.autocast('cuda', args...)` instead.
  with autocast(self.mixed_precision):
[2026-03-30 12:36:34](logger.py 179): id=CC_FMNIST_C10CFG_K20_E100_DT_0_7 | Ep. 72/100 - Step 50/273 (2.26 it/s) |###                 | - loss_cc=4.527 - loss_ce=2.101 - loss_ne=0.015 - loss_div=0.000378 - threshold=0.849 - loss=6.643
/scratch/e0538389/DivClust/engine/trainer.py:41: FutureWarning: `torch.cuda.amp.autocast(args...)` is deprecated. Please use `torch.amp.autocast('cuda', args...)` instead.
  with autocast(self.mixed_precision):
[2026-03-30 12:36:45](logger.py 179): id=CC_FMNIST_C10CFG_K20_E100_DT_0_7 | Ep. 72/100 - Step 75/273 (2.29 it/s) |#####               | - loss_cc=4.529 - loss_ce=2.101 - loss_ne=0.0159 - loss_div=0.000736 - threshold=0.843 - loss=6.647
/scratch/e0538389/DivClust/engine/trainer.py:41: FutureWarning: `torch.cuda.amp.autocast(args...)` is deprecated. Please use `torch.amp.autocast('cuda', args...)` instead.
  with autocast(self.mixed_precision):
[2026-03-30 12:36:55](logger.py 179): id=CC_FMNIST_C10CFG_K20_E100_DT_0_7 | Ep. 72/100 - Step 100/273 (2.32 it/s) |#######             | - loss_cc=4.528 - loss_ce=2.101 - loss_ne=0.0163 - loss_div=0.000658 - threshold=0.841 - loss=6.646
/scratch/e0538389/DivClust/engine/trainer.py:41: FutureWarning: `torch.cuda.amp.autocast(args...)` is deprecated. Please use `torch.amp.autocast('cuda', args...)` instead.
  with autocast(self.mixed_precision):
/scratch/e0538389/DivClust/engine/trainer.py:41: FutureWarning: `torch.cuda.amp.autocast(args...)` is deprecated. Please use `torch.amp.autocast('cuda', args...)` instead.
  with autocast(self.mixed_precision):
[2026-03-30 12:37:06](logger.py 179): id=CC_FMNIST_C10CFG_K20_E100_DT_0_7 | Ep. 72/100 - Step 125/273 (2.32 it/s) |#########           | - loss_cc=4.527 - loss_ce=2.101 - loss_ne=0.0165 - loss_div=0.000532 - threshold=0.842 - loss=6.645
/scratch/e0538389/DivClust/engine/trainer.py:41: FutureWarning: `torch.cuda.amp.autocast(args...)` is deprecated. Please use `torch.amp.autocast('cuda', args...)` instead.
  with autocast(self.mixed_precision):
[2026-03-30 12:37:17](logger.py 179): id=CC_FMNIST_C10CFG_K20_E100_DT_0_7 | Ep. 72/100 - Step 150/273 (2.33 it/s) |##########          | - loss_cc=4.528 - loss_ce=2.101 - loss_ne=0.0168 - loss_div=0.000444 - threshold=0.844 - loss=6.646
/scratch/e0538389/DivClust/engine/trainer.py:41: FutureWarning: `torch.cuda.amp.autocast(args...)` is deprecated. Please use `torch.amp.autocast('cuda', args...)` instead.
  with autocast(self.mixed_precision):
[2026-03-30 12:37:27](logger.py 179): id=CC_FMNIST_C10CFG_K20_E100_DT_0_7 | Ep. 72/100 - Step 175/273 (2.33 it/s) |############        | - loss_cc=4.528 - loss_ce=2.102 - loss_ne=0.017 - loss_div=0.000381 - threshold=0.847 - loss=6.647
/scratch/e0538389/DivClust/engine/trainer.py:41: FutureWarning: `torch.cuda.amp.autocast(args...)` is deprecated. Please use `torch.amp.autocast('cuda', args...)` instead.
  with autocast(self.mixed_precision):
[2026-03-30 12:37:38](logger.py 179): id=CC_FMNIST_C10CFG_K20_E100_DT_0_7 | Ep. 72/100 - Step 200/273 (2.34 it/s) |##############      | - loss_cc=4.528 - loss_ce=2.102 - loss_ne=0.0169 - loss_div=0.000334 - threshold=0.849 - loss=6.647
/scratch/e0538389/DivClust/engine/trainer.py:41: FutureWarning: `torch.cuda.amp.autocast(args...)` is deprecated. Please use `torch.amp.autocast('cuda', args...)` instead.
  with autocast(self.mixed_precision):
/scratch/e0538389/DivClust/engine/trainer.py:41: FutureWarning: `torch.cuda.amp.autocast(args...)` is deprecated. Please use `torch.amp.autocast('cuda', args...)` instead.
  with autocast(self.mixed_precision):
[2026-03-30 12:37:49](logger.py 179): id=CC_FMNIST_C10CFG_K20_E100_DT_0_7 | Ep. 72/100 - Step 225/273 (2.32 it/s) |################    | - loss_cc=4.527 - loss_ce=2.101 - loss_ne=0.0168 - loss_div=0.000356 - threshold=0.85 - loss=6.646
/scratch/e0538389/DivClust/engine/trainer.py:41: FutureWarning: `torch.cuda.amp.autocast(args...)` is deprecated. Please use `torch.amp.autocast('cuda', args...)` instead.
  with autocast(self.mixed_precision):
[2026-03-30 12:38:00](logger.py 179): id=CC_FMNIST_C10CFG_K20_E100_DT_0_7 | Ep. 72/100 - Step 250/273 (2.33 it/s) |##################  | - loss_cc=4.527 - loss_ce=2.101 - loss_ne=0.0168 - loss_div=0.000392 - threshold=0.849 - loss=6.646
/scratch/e0538389/DivClust/engine/trainer.py:41: FutureWarning: `torch.cuda.amp.autocast(args...)` is deprecated. Please use `torch.amp.autocast('cuda', args...)` instead.
  with autocast(self.mixed_precision):
[2026-03-30 12:38:09](logger.py 179): id=CC_FMNIST_C10CFG_K20_E100_DT_0_7 | Ep. 72/100 | Time: 00:01 | loss_cc=4.527 - loss_ce=2.101 - loss_ne=0.0168 - loss_div=0.00039 - threshold=0.848 - loss=6.645
[2026-03-30 12:38:12](logger.py 179): id=CC_FMNIST_C10CFG_K20_E100_DT_0_7 | Ep. 73/100 - Step 0/273 (0.0 it/s) |                    | - loss_cc=4.551 - loss_ce=2.103 - loss_ne=0.0121 - loss_div=0.000169 - threshold=0.845 - loss=6.666
/scratch/e0538389/DivClust/engine/trainer.py:41: FutureWarning: `torch.cuda.amp.autocast(args...)` is deprecated. Please use `torch.amp.autocast('cuda', args...)` instead.
  with autocast(self.mixed_precision):
[2026-03-30 12:38:23](logger.py 179): id=CC_FMNIST_C10CFG_K20_E100_DT_0_7 | Ep. 73/100 - Step 25/273 (2.31 it/s) |#                   | - loss_cc=4.53 - loss_ce=2.102 - loss_ne=0.018 - loss_div=6.49e-06 - threshold=0.849 - loss=6.65
/scratch/e0538389/DivClust/engine/trainer.py:41: FutureWarning: `torch.cuda.amp.autocast(args...)` is deprecated. Please use `torch.amp.autocast('cuda', args...)` instead.
  with autocast(self.mixed_precision):
[2026-03-30 12:38:33](logger.py 179): id=CC_FMNIST_C10CFG_K20_E100_DT_0_7 | Ep. 73/100 - Step 50/273 (2.31 it/s) |###                 | - loss_cc=4.533 - loss_ce=2.102 - loss_ne=0.017 - loss_div=3.31e-06 - threshold=0.854 - loss=6.652
/scratch/e0538389/DivClust/engine/trainer.py:41: FutureWarning: `torch.cuda.amp.autocast(args...)` is deprecated. Please use `torch.amp.autocast('cuda', args...)` instead.
  with autocast(self.mixed_precision):
/scratch/e0538389/DivClust/engine/trainer.py:41: FutureWarning: `torch.cuda.amp.autocast(args...)` is deprecated. Please use `torch.amp.autocast('cuda', args...)` instead.
  with autocast(self.mixed_precision):
[2026-03-30 12:38:45](logger.py 179): id=CC_FMNIST_C10CFG_K20_E100_DT_0_7 | Ep. 73/100 - Step 75/273 (2.28 it/s) |#####               | - loss_cc=4.531 - loss_ce=2.102 - loss_ne=0.0163 - loss_div=3.17e-06 - threshold=0.859 - loss=6.65
/scratch/e0538389/DivClust/engine/trainer.py:41: FutureWarning: `torch.cuda.amp.autocast(args...)` is deprecated. Please use `torch.amp.autocast('cuda', args...)` instead.
  with autocast(self.mixed_precision):
[2026-03-30 12:38:55](logger.py 179): id=CC_FMNIST_C10CFG_K20_E100_DT_0_7 | Ep. 73/100 - Step 100/273 (2.29 it/s) |#######             | - loss_cc=4.531 - loss_ce=2.102 - loss_ne=0.016 - loss_div=2.98e-05 - threshold=0.859 - loss=6.649
/scratch/e0538389/DivClust/engine/trainer.py:41: FutureWarning: `torch.cuda.amp.autocast(args...)` is deprecated. Please use `torch.amp.autocast('cuda', args...)` instead.
  with autocast(self.mixed_precision):
[2026-03-30 12:39:06](logger.py 179): id=CC_FMNIST_C10CFG_K20_E100_DT_0_7 | Ep. 73/100 - Step 125/273 (2.29 it/s) |#########           | - loss_cc=4.531 - loss_ce=2.102 - loss_ne=0.0158 - loss_div=6.5e-05 - threshold=0.857 - loss=6.649
/scratch/e0538389/DivClust/engine/trainer.py:41: FutureWarning: `torch.cuda.amp.autocast(args...)` is deprecated. Please use `torch.amp.autocast('cuda', args...)` instead.
  with autocast(self.mixed_precision):
[2026-03-30 12:39:17](logger.py 179): id=CC_FMNIST_C10CFG_K20_E100_DT_0_7 | Ep. 73/100 - Step 150/273 (2.31 it/s) |##########          | - loss_cc=4.53 - loss_ce=2.102 - loss_ne=0.0162 - loss_div=0.000331 - threshold=0.853 - loss=6.649
/scratch/e0538389/DivClust/engine/trainer.py:41: FutureWarning: `torch.cuda.amp.autocast(args...)` is deprecated. Please use `torch.amp.autocast('cuda', args...)` instead.
  with autocast(self.mixed_precision):
/scratch/e0538389/DivClust/engine/trainer.py:41: FutureWarning: `torch.cuda.amp.autocast(args...)` is deprecated. Please use `torch.amp.autocast('cuda', args...)` instead.
  with autocast(self.mixed_precision):
[2026-03-30 12:39:28](logger.py 179): id=CC_FMNIST_C10CFG_K20_E100_DT_0_7 | Ep. 73/100 - Step 175/273 (2.29 it/s) |############        | - loss_cc=4.531 - loss_ce=2.102 - loss_ne=0.0163 - loss_div=0.000288 - threshold=0.852 - loss=6.649
/scratch/e0538389/DivClust/engine/trainer.py:41: FutureWarning: `torch.cuda.amp.autocast(args...)` is deprecated. Please use `torch.amp.autocast('cuda', args...)` instead.
  with autocast(self.mixed_precision):
[2026-03-30 12:39:39](logger.py 179): id=CC_FMNIST_C10CFG_K20_E100_DT_0_7 | Ep. 73/100 - Step 200/273 (2.29 it/s) |##############      | - loss_cc=4.532 - loss_ce=2.102 - loss_ne=0.0164 - loss_div=0.000254 - threshold=0.853 - loss=6.651
/scratch/e0538389/DivClust/engine/trainer.py:41: FutureWarning: `torch.cuda.amp.autocast(args...)` is deprecated. Please use `torch.amp.autocast('cuda', args...)` instead.
  with autocast(self.mixed_precision):
[2026-03-30 12:39:50](logger.py 179): id=CC_FMNIST_C10CFG_K20_E100_DT_0_7 | Ep. 73/100 - Step 225/273 (2.3 it/s) |################    | - loss_cc=4.531 - loss_ce=2.102 - loss_ne=0.0165 - loss_div=0.000226 - threshold=0.854 - loss=6.65
/scratch/e0538389/DivClust/engine/trainer.py:41: FutureWarning: `torch.cuda.amp.autocast(args...)` is deprecated. Please use `torch.amp.autocast('cuda', args...)` instead.
  with autocast(self.mixed_precision):
[2026-03-30 12:40:01](logger.py 179): id=CC_FMNIST_C10CFG_K20_E100_DT_0_7 | Ep. 73/100 - Step 250/273 (2.3 it/s) |##################  | - loss_cc=4.532 - loss_ce=2.102 - loss_ne=0.0165 - loss_div=0.000203 - threshold=0.855 - loss=6.651
/scratch/e0538389/DivClust/engine/trainer.py:41: FutureWarning: `torch.cuda.amp.autocast(args...)` is deprecated. Please use `torch.amp.autocast('cuda', args...)` instead.
  with autocast(self.mixed_precision):
/scratch/e0538389/DivClust/engine/trainer.py:41: FutureWarning: `torch.cuda.amp.autocast(args...)` is deprecated. Please use `torch.amp.autocast('cuda', args...)` instead.
  with autocast(self.mixed_precision):
[2026-03-30 12:40:10](logger.py 179): id=CC_FMNIST_C10CFG_K20_E100_DT_0_7 | Ep. 73/100 | Time: 00:01 | loss_cc=4.532 - loss_ce=2.102 - loss_ne=0.0164 - loss_div=0.000188 - threshold=0.856 - loss=6.651
[2026-03-30 12:40:12](logger.py 179): id=CC_FMNIST_C10CFG_K20_E100_DT_0_7 | Ep. 74/100 - Step 0/273 (0.0 it/s) |                    | - loss_cc=4.539 - loss_ce=2.109 - loss_ne=0.0128 - loss_div=0.0 - threshold=0.861 - loss=6.661
/scratch/e0538389/DivClust/engine/trainer.py:41: FutureWarning: `torch.cuda.amp.autocast(args...)` is deprecated. Please use `torch.amp.autocast('cuda', args...)` instead.
  with autocast(self.mixed_precision):
[2026-03-30 12:40:23](logger.py 179): id=CC_FMNIST_C10CFG_K20_E100_DT_0_7 | Ep. 74/100 - Step 25/273 (2.32 it/s) |#                   | - loss_cc=4.525 - loss_ce=2.099 - loss_ne=0.0173 - loss_div=6.73e-05 - threshold=0.858 - loss=6.642
/scratch/e0538389/DivClust/engine/trainer.py:41: FutureWarning: `torch.cuda.amp.autocast(args...)` is deprecated. Please use `torch.amp.autocast('cuda', args...)` instead.
  with autocast(self.mixed_precision):
[2026-03-30 12:40:34](logger.py 179): id=CC_FMNIST_C10CFG_K20_E100_DT_0_7 | Ep. 74/100 - Step 50/273 (2.32 it/s) |###                 | - loss_cc=4.527 - loss_ce=2.101 - loss_ne=0.0164 - loss_div=0.000454 - threshold=0.853 - loss=6.645
/scratch/e0538389/DivClust/engine/trainer.py:41: FutureWarning: `torch.cuda.amp.autocast(args...)` is deprecated. Please use `torch.amp.autocast('cuda', args...)` instead.
  with autocast(self.mixed_precision):
[2026-03-30 12:40:45](logger.py 179): id=CC_FMNIST_C10CFG_K20_E100_DT_0_7 | Ep. 74/100 - Step 75/273 (2.33 it/s) |#####               | - loss_cc=4.53 - loss_ce=2.102 - loss_ne=0.0163 - loss_div=0.000343 - threshold=0.852 - loss=6.648
/scratch/e0538389/DivClust/engine/trainer.py:41: FutureWarning: `torch.cuda.amp.autocast(args...)` is deprecated. Please use `torch.amp.autocast('cuda', args...)` instead.
  with autocast(self.mixed_precision):
/scratch/e0538389/DivClust/engine/trainer.py:41: FutureWarning: `torch.cuda.amp.autocast(args...)` is deprecated. Please use `torch.amp.autocast('cuda', args...)` instead.
  with autocast(self.mixed_precision):
[2026-03-30 12:40:56](logger.py 179): id=CC_FMNIST_C10CFG_K20_E100_DT_0_7 | Ep. 74/100 - Step 100/273 (2.31 it/s) |#######             | - loss_cc=4.53 - loss_ce=2.102 - loss_ne=0.0163 - loss_div=0.000386 - threshold=0.85 - loss=6.648
/scratch/e0538389/DivClust/engine/trainer.py:41: FutureWarning: `torch.cuda.amp.autocast(args...)` is deprecated. Please use `torch.amp.autocast('cuda', args...)` instead.
  with autocast(self.mixed_precision):
[2026-03-30 12:41:06](logger.py 179): id=CC_FMNIST_C10CFG_K20_E100_DT_0_7 | Ep. 74/100 - Step 125/273 (2.31 it/s) |#########           | - loss_cc=4.529 - loss_ce=2.101 - loss_ne=0.0165 - loss_div=0.000433 - threshold=0.848 - loss=6.647
/scratch/e0538389/DivClust/engine/trainer.py:41: FutureWarning: `torch.cuda.amp.autocast(args...)` is deprecated. Please use `torch.amp.autocast('cuda', args...)` instead.
  with autocast(self.mixed_precision):
[2026-03-30 12:41:17](logger.py 179): id=CC_FMNIST_C10CFG_K20_E100_DT_0_7 | Ep. 74/100 - Step 150/273 (2.31 it/s) |##########          | - loss_cc=4.529 - loss_ce=2.102 - loss_ne=0.0167 - loss_div=0.000387 - threshold=0.848 - loss=6.648
/scratch/e0538389/DivClust/engine/trainer.py:41: FutureWarning: `torch.cuda.amp.autocast(args...)` is deprecated. Please use `torch.amp.autocast('cuda', args...)` instead.
  with autocast(self.mixed_precision):
[2026-03-30 12:41:28](logger.py 179): id=CC_FMNIST_C10CFG_K20_E100_DT_0_7 | Ep. 74/100 - Step 175/273 (2.31 it/s) |############        | - loss_cc=4.529 - loss_ce=2.101 - loss_ne=0.0166 - loss_div=0.000332 - threshold=0.849 - loss=6.647
/scratch/e0538389/DivClust/engine/trainer.py:41: FutureWarning: `torch.cuda.amp.autocast(args...)` is deprecated. Please use `torch.amp.autocast('cuda', args...)` instead.
  with autocast(self.mixed_precision):
/scratch/e0538389/DivClust/engine/trainer.py:41: FutureWarning: `torch.cuda.amp.autocast(args...)` is deprecated. Please use `torch.amp.autocast('cuda', args...)` instead.
  with autocast(self.mixed_precision):
[2026-03-30 12:41:39](logger.py 179): id=CC_FMNIST_C10CFG_K20_E100_DT_0_7 | Ep. 74/100 - Step 200/273 (2.3 it/s) |##############      | - loss_cc=4.529 - loss_ce=2.102 - loss_ne=0.0164 - loss_div=0.000336 - threshold=0.849 - loss=6.647
/scratch/e0538389/DivClust/engine/trainer.py:41: FutureWarning: `torch.cuda.amp.autocast(args...)` is deprecated. Please use `torch.amp.autocast('cuda', args...)` instead.
  with autocast(self.mixed_precision):
[2026-03-30 12:41:50](logger.py 179): id=CC_FMNIST_C10CFG_K20_E100_DT_0_7 | Ep. 74/100 - Step 225/273 (2.31 it/s) |################    | - loss_cc=4.529 - loss_ce=2.102 - loss_ne=0.0163 - loss_div=0.00033 - threshold=0.849 - loss=6.647
/scratch/e0538389/DivClust/engine/trainer.py:41: FutureWarning: `torch.cuda.amp.autocast(args...)` is deprecated. Please use `torch.amp.autocast('cuda', args...)` instead.
  with autocast(self.mixed_precision):
[2026-03-30 12:42:00](logger.py 179): id=CC_FMNIST_C10CFG_K20_E100_DT_0_7 | Ep. 74/100 - Step 250/273 (2.31 it/s) |##################  | - loss_cc=4.529 - loss_ce=2.102 - loss_ne=0.0161 - loss_div=0.000323 - threshold=0.849 - loss=6.647
/scratch/e0538389/DivClust/engine/trainer.py:41: FutureWarning: `torch.cuda.amp.autocast(args...)` is deprecated. Please use `torch.amp.autocast('cuda', args...)` instead.
  with autocast(self.mixed_precision):
[2026-03-30 12:42:10](logger.py 179): id=CC_FMNIST_C10CFG_K20_E100_DT_0_7 | Ep. 74/100 | Time: 00:01 | loss_cc=4.529 - loss_ce=2.102 - loss_ne=0.0162 - loss_div=0.000313 - threshold=0.849 - loss=6.647
[2026-03-30 12:42:13](logger.py 179): id=CC_FMNIST_C10CFG_K20_E100_DT_0_7 | Ep. 75/100 - Step 0/273 (0.0 it/s) |                    | - loss_cc=4.507 - loss_ce=2.101 - loss_ne=0.0134 - loss_div=0.0 - threshold=0.852 - loss=6.621
/scratch/e0538389/DivClust/engine/trainer.py:41: FutureWarning: `torch.cuda.amp.autocast(args...)` is deprecated. Please use `torch.amp.autocast('cuda', args...)` instead.
  with autocast(self.mixed_precision):
[2026-03-30 12:42:24](logger.py 179): id=CC_FMNIST_C10CFG_K20_E100_DT_0_7 | Ep. 75/100 - Step 25/273 (2.27 it/s) |#                   | - loss_cc=4.525 - loss_ce=2.1 - loss_ne=0.0161 - loss_div=0.000231 - threshold=0.858 - loss=6.641
/scratch/e0538389/DivClust/engine/trainer.py:41: FutureWarning: `torch.cuda.amp.autocast(args...)` is deprecated. Please use `torch.amp.autocast('cuda', args...)` instead.
  with autocast(self.mixed_precision):
/scratch/e0538389/DivClust/engine/trainer.py:41: FutureWarning: `torch.cuda.amp.autocast(args...)` is deprecated. Please use `torch.amp.autocast('cuda', args...)` instead.
  with autocast(self.mixed_precision):
[2026-03-30 12:42:34](logger.py 179): id=CC_FMNIST_C10CFG_K20_E100_DT_0_7 | Ep. 75/100 - Step 50/273 (2.3 it/s) |###                 | - loss_cc=4.525 - loss_ce=2.101 - loss_ne=0.0162 - loss_div=0.000321 - threshold=0.854 - loss=6.642
/scratch/e0538389/DivClust/engine/trainer.py:41: FutureWarning: `torch.cuda.amp.autocast(args...)` is deprecated. Please use `torch.amp.autocast('cuda', args...)` instead.
  with autocast(self.mixed_precision):
[2026-03-30 12:42:45](logger.py 179): id=CC_FMNIST_C10CFG_K20_E100_DT_0_7 | Ep. 75/100 - Step 75/273 (2.3 it/s) |#####               | - loss_cc=4.525 - loss_ce=2.101 - loss_ne=0.0169 - loss_div=0.000379 - threshold=0.849 - loss=6.644
/scratch/e0538389/DivClust/engine/trainer.py:41: FutureWarning: `torch.cuda.amp.autocast(args...)` is deprecated. Please use `torch.amp.autocast('cuda', args...)` instead.
  with autocast(self.mixed_precision):
[2026-03-30 12:42:56](logger.py 179): id=CC_FMNIST_C10CFG_K20_E100_DT_0_7 | Ep. 75/100 - Step 100/273 (2.31 it/s) |#######             | - loss_cc=4.525 - loss_ce=2.101 - loss_ne=0.0168 - loss_div=0.00042 - threshold=0.847 - loss=6.644
/scratch/e0538389/DivClust/engine/trainer.py:41: FutureWarning: `torch.cuda.amp.autocast(args...)` is deprecated. Please use `torch.amp.autocast('cuda', args...)` instead.
  with autocast(self.mixed_precision):
[2026-03-30 12:43:07](logger.py 179): id=CC_FMNIST_C10CFG_K20_E100_DT_0_7 | Ep. 75/100 - Step 125/273 (2.3 it/s) |#########           | - loss_cc=4.526 - loss_ce=2.101 - loss_ne=0.0166 - loss_div=0.000349 - threshold=0.848 - loss=6.644
/scratch/e0538389/DivClust/engine/trainer.py:41: FutureWarning: `torch.cuda.amp.autocast(args...)` is deprecated. Please use `torch.amp.autocast('cuda', args...)` instead.
  with autocast(self.mixed_precision):
/scratch/e0538389/DivClust/engine/trainer.py:41: FutureWarning: `torch.cuda.amp.autocast(args...)` is deprecated. Please use `torch.amp.autocast('cuda', args...)` instead.
  with autocast(self.mixed_precision):
[2026-03-30 12:43:18](logger.py 179): id=CC_FMNIST_C10CFG_K20_E100_DT_0_7 | Ep. 75/100 - Step 150/273 (2.31 it/s) |##########          | - loss_cc=4.527 - loss_ce=2.101 - loss_ne=0.0163 - loss_div=0.000291 - threshold=0.85 - loss=6.645
/scratch/e0538389/DivClust/engine/trainer.py:41: FutureWarning: `torch.cuda.amp.autocast(args...)` is deprecated. Please use `torch.amp.autocast('cuda', args...)` instead.
  with autocast(self.mixed_precision):
[2026-03-30 12:43:28](logger.py 179): id=CC_FMNIST_C10CFG_K20_E100_DT_0_7 | Ep. 75/100 - Step 175/273 (2.32 it/s) |############        | - loss_cc=4.526 - loss_ce=2.101 - loss_ne=0.0165 - loss_div=0.000252 - threshold=0.852 - loss=6.644
/scratch/e0538389/DivClust/engine/trainer.py:41: FutureWarning: `torch.cuda.amp.autocast(args...)` is deprecated. Please use `torch.amp.autocast('cuda', args...)` instead.
  with autocast(self.mixed_precision):
[2026-03-30 12:43:39](logger.py 179): id=CC_FMNIST_C10CFG_K20_E100_DT_0_7 | Ep. 75/100 - Step 200/273 (2.31 it/s) |##############      | - loss_cc=4.526 - loss_ce=2.101 - loss_ne=0.0163 - loss_div=0.000245 - threshold=0.853 - loss=6.644
/scratch/e0538389/DivClust/engine/trainer.py:41: FutureWarning: `torch.cuda.amp.autocast(args...)` is deprecated. Please use `torch.amp.autocast('cuda', args...)` instead.
  with autocast(self.mixed_precision):
[2026-03-30 12:43:50](logger.py 179): id=CC_FMNIST_C10CFG_K20_E100_DT_0_7 | Ep. 75/100 - Step 225/273 (2.3 it/s) |################    | - loss_cc=4.526 - loss_ce=2.101 - loss_ne=0.0165 - loss_div=0.000255 - threshold=0.852 - loss=6.644
/scratch/e0538389/DivClust/engine/trainer.py:41: FutureWarning: `torch.cuda.amp.autocast(args...)` is deprecated. Please use `torch.amp.autocast('cuda', args...)` instead.
  with autocast(self.mixed_precision):
/scratch/e0538389/DivClust/engine/trainer.py:41: FutureWarning: `torch.cuda.amp.autocast(args...)` is deprecated. Please use `torch.amp.autocast('cuda', args...)` instead.
  with autocast(self.mixed_precision):
[2026-03-30 12:44:01](logger.py 179): id=CC_FMNIST_C10CFG_K20_E100_DT_0_7 | Ep. 75/100 - Step 250/273 (2.3 it/s) |##################  | - loss_cc=4.527 - loss_ce=2.101 - loss_ne=0.0167 - loss_div=0.000285 - threshold=0.851 - loss=6.645
/scratch/e0538389/DivClust/engine/trainer.py:41: FutureWarning: `torch.cuda.amp.autocast(args...)` is deprecated. Please use `torch.amp.autocast('cuda', args...)` instead.
  with autocast(self.mixed_precision):
[2026-03-30 12:44:11](logger.py 179): id=CC_FMNIST_C10CFG_K20_E100_DT_0_7 | Ep. 75/100 | Time: 00:01 | loss_cc=4.527 - loss_ce=2.101 - loss_ne=0.0167 - loss_div=0.000293 - threshold=0.851 - loss=6.645
[2026-03-30 12:44:13](logger.py 179): id=CC_FMNIST_C10CFG_K20_E100_DT_0_7 | Ep. 76/100 - Step 0/273 (0.0 it/s) |                    | - loss_cc=4.52 - loss_ce=2.096 - loss_ne=0.0243 - loss_div=0.0 - threshold=0.851 - loss=6.64
/scratch/e0538389/DivClust/engine/trainer.py:41: FutureWarning: `torch.cuda.amp.autocast(args...)` is deprecated. Please use `torch.amp.autocast('cuda', args...)` instead.
  with autocast(self.mixed_precision):
[2026-03-30 12:44:24](logger.py 179): id=CC_FMNIST_C10CFG_K20_E100_DT_0_7 | Ep. 76/100 - Step 25/273 (2.32 it/s) |#                   | - loss_cc=4.523 - loss_ce=2.099 - loss_ne=0.0162 - loss_div=0.0 - threshold=0.856 - loss=6.638
/scratch/e0538389/DivClust/engine/trainer.py:41: FutureWarning: `torch.cuda.amp.autocast(args...)` is deprecated. Please use `torch.amp.autocast('cuda', args...)` instead.
  with autocast(self.mixed_precision):
[2026-03-30 12:44:35](logger.py 179): id=CC_FMNIST_C10CFG_K20_E100_DT_0_7 | Ep. 76/100 - Step 50/273 (2.31 it/s) |###                 | - loss_cc=4.526 - loss_ce=2.1 - loss_ne=0.0169 - loss_div=0.0 - threshold=0.861 - loss=6.643
/scratch/e0538389/DivClust/engine/trainer.py:41: FutureWarning: `torch.cuda.amp.autocast(args...)` is deprecated. Please use `torch.amp.autocast('cuda', args...)` instead.
  with autocast(self.mixed_precision):
/scratch/e0538389/DivClust/engine/trainer.py:41: FutureWarning: `torch.cuda.amp.autocast(args...)` is deprecated. Please use `torch.amp.autocast('cuda', args...)` instead.
  with autocast(self.mixed_precision):
[2026-03-30 12:44:46](logger.py 179): id=CC_FMNIST_C10CFG_K20_E100_DT_0_7 | Ep. 76/100 - Step 75/273 (2.28 it/s) |#####               | - loss_cc=4.528 - loss_ce=2.1 - loss_ne=0.0163 - loss_div=4.52e-05 - threshold=0.86 - loss=6.645
/scratch/e0538389/DivClust/engine/trainer.py:41: FutureWarning: `torch.cuda.amp.autocast(args...)` is deprecated. Please use `torch.amp.autocast('cuda', args...)` instead.
  with autocast(self.mixed_precision):
[2026-03-30 12:44:57](logger.py 179): id=CC_FMNIST_C10CFG_K20_E100_DT_0_7 | Ep. 76/100 - Step 100/273 (2.29 it/s) |#######             | - loss_cc=4.526 - loss_ce=2.1 - loss_ne=0.0164 - loss_div=0.000203 - threshold=0.857 - loss=6.642
/scratch/e0538389/DivClust/engine/trainer.py:41: FutureWarning: `torch.cuda.amp.autocast(args...)` is deprecated. Please use `torch.amp.autocast('cuda', args...)` instead.
  with autocast(self.mixed_precision):
[2026-03-30 12:45:08](logger.py 179): id=CC_FMNIST_C10CFG_K20_E100_DT_0_7 | Ep. 76/100 - Step 125/273 (2.29 it/s) |#########           | - loss_cc=4.528 - loss_ce=2.101 - loss_ne=0.0161 - loss_div=0.000201 - threshold=0.855 - loss=6.645
/scratch/e0538389/DivClust/engine/trainer.py:41: FutureWarning: `torch.cuda.amp.autocast(args...)` is deprecated. Please use `torch.amp.autocast('cuda', args...)` instead.
  with autocast(self.mixed_precision):
[2026-03-30 12:45:19](logger.py 179): id=CC_FMNIST_C10CFG_K20_E100_DT_0_7 | Ep. 76/100 - Step 150/273 (2.29 it/s) |##########          | - loss_cc=4.527 - loss_ce=2.1 - loss_ne=0.0157 - loss_div=0.000174 - threshold=0.856 - loss=6.643
/scratch/e0538389/DivClust/engine/trainer.py:41: FutureWarning: `torch.cuda.amp.autocast(args...)` is deprecated. Please use `torch.amp.autocast('cuda', args...)` instead.
  with autocast(self.mixed_precision):
/scratch/e0538389/DivClust/engine/trainer.py:41: FutureWarning: `torch.cuda.amp.autocast(args...)` is deprecated. Please use `torch.amp.autocast('cuda', args...)` instead.
  with autocast(self.mixed_precision):
[2026-03-30 12:45:30](logger.py 179): id=CC_FMNIST_C10CFG_K20_E100_DT_0_7 | Ep. 76/100 - Step 175/273 (2.29 it/s) |############        | - loss_cc=4.527 - loss_ce=2.1 - loss_ne=0.016 - loss_div=0.000186 - threshold=0.855 - loss=6.643
/scratch/e0538389/DivClust/engine/trainer.py:41: FutureWarning: `torch.cuda.amp.autocast(args...)` is deprecated. Please use `torch.amp.autocast('cuda', args...)` instead.
  with autocast(self.mixed_precision):
[2026-03-30 12:45:41](logger.py 179): id=CC_FMNIST_C10CFG_K20_E100_DT_0_7 | Ep. 76/100 - Step 200/273 (2.29 it/s) |##############      | - loss_cc=4.527 - loss_ce=2.1 - loss_ne=0.016 - loss_div=0.000245 - threshold=0.853 - loss=6.643
/scratch/e0538389/DivClust/engine/trainer.py:41: FutureWarning: `torch.cuda.amp.autocast(args...)` is deprecated. Please use `torch.amp.autocast('cuda', args...)` instead.
  with autocast(self.mixed_precision):
[2026-03-30 12:45:51](logger.py 179): id=CC_FMNIST_C10CFG_K20_E100_DT_0_7 | Ep. 76/100 - Step 225/273 (2.3 it/s) |################    | - loss_cc=4.526 - loss_ce=2.1 - loss_ne=0.016 - loss_div=0.000307 - threshold=0.851 - loss=6.643
/scratch/e0538389/DivClust/engine/trainer.py:41: FutureWarning: `torch.cuda.amp.autocast(args...)` is deprecated. Please use `torch.amp.autocast('cuda', args...)` instead.
  with autocast(self.mixed_precision):
[2026-03-30 12:46:02](logger.py 179): id=CC_FMNIST_C10CFG_K20_E100_DT_0_7 | Ep. 76/100 - Step 250/273 (2.3 it/s) |##################  | - loss_cc=4.526 - loss_ce=2.1 - loss_ne=0.0162 - loss_div=0.000288 - threshold=0.851 - loss=6.643
/scratch/e0538389/DivClust/engine/trainer.py:41: FutureWarning: `torch.cuda.amp.autocast(args...)` is deprecated. Please use `torch.amp.autocast('cuda', args...)` instead.
  with autocast(self.mixed_precision):
[2026-03-30 12:46:12](logger.py 179): id=CC_FMNIST_C10CFG_K20_E100_DT_0_7 | Ep. 76/100 | Time: 00:01 | loss_cc=4.526 - loss_ce=2.1 - loss_ne=0.0161 - loss_div=0.000265 - threshold=0.852 - loss=6.642
/scratch/e0538389/DivClust/engine/trainer.py:41: FutureWarning: `torch.cuda.amp.autocast(args...)` is deprecated. Please use `torch.amp.autocast('cuda', args...)` instead.
  with autocast(self.mixed_precision):
[2026-03-30 12:46:14](logger.py 179): id=CC_FMNIST_C10CFG_K20_E100_DT_0_7 | Ep. 77/100 - Step 0/273 (0.0 it/s) |                    | - loss_cc=4.556 - loss_ce=2.11 - loss_ne=0.0181 - loss_div=0.0 - threshold=0.868 - loss=6.684
/scratch/e0538389/DivClust/engine/trainer.py:41: FutureWarning: `torch.cuda.amp.autocast(args...)` is deprecated. Please use `torch.amp.autocast('cuda', args...)` instead.
  with autocast(self.mixed_precision):
[2026-03-30 12:46:25](logger.py 179): id=CC_FMNIST_C10CFG_K20_E100_DT_0_7 | Ep. 77/100 - Step 25/273 (2.25 it/s) |#                   | - loss_cc=4.533 - loss_ce=2.101 - loss_ne=0.0169 - loss_div=1.25e-05 - threshold=0.87 - loss=6.651
/scratch/e0538389/DivClust/engine/trainer.py:41: FutureWarning: `torch.cuda.amp.autocast(args...)` is deprecated. Please use `torch.amp.autocast('cuda', args...)` instead.
  with autocast(self.mixed_precision):
[2026-03-30 12:46:36](logger.py 179): id=CC_FMNIST_C10CFG_K20_E100_DT_0_7 | Ep. 77/100 - Step 50/273 (2.28 it/s) |###                 | - loss_cc=4.53 - loss_ce=2.101 - loss_ne=0.0159 - loss_div=2.24e-05 - threshold=0.871 - loss=6.647
/scratch/e0538389/DivClust/engine/trainer.py:41: FutureWarning: `torch.cuda.amp.autocast(args...)` is deprecated. Please use `torch.amp.autocast('cuda', args...)` instead.
  with autocast(self.mixed_precision):
[2026-03-30 12:46:47](logger.py 179): id=CC_FMNIST_C10CFG_K20_E100_DT_0_7 | Ep. 77/100 - Step 75/273 (2.29 it/s) |#####               | - loss_cc=4.528 - loss_ce=2.101 - loss_ne=0.0158 - loss_div=6.11e-05 - threshold=0.868 - loss=6.644
/scratch/e0538389/DivClust/engine/trainer.py:41: FutureWarning: `torch.cuda.amp.autocast(args...)` is deprecated. Please use `torch.amp.autocast('cuda', args...)` instead.
  with autocast(self.mixed_precision):
/scratch/e0538389/DivClust/engine/trainer.py:41: FutureWarning: `torch.cuda.amp.autocast(args...)` is deprecated. Please use `torch.amp.autocast('cuda', args...)` instead.
  with autocast(self.mixed_precision):
[2026-03-30 12:46:58](logger.py 179): id=CC_FMNIST_C10CFG_K20_E100_DT_0_7 | Ep. 77/100 - Step 100/273 (2.27 it/s) |#######             | - loss_cc=4.526 - loss_ce=2.1 - loss_ne=0.0157 - loss_div=0.000196 - threshold=0.864 - loss=6.641
/scratch/e0538389/DivClust/engine/trainer.py:41: FutureWarning: `torch.cuda.amp.autocast(args...)` is deprecated. Please use `torch.amp.autocast('cuda', args...)` instead.
  with autocast(self.mixed_precision):
[2026-03-30 12:47:09](logger.py 179): id=CC_FMNIST_C10CFG_K20_E100_DT_0_7 | Ep. 77/100 - Step 125/273 (2.28 it/s) |#########           | - loss_cc=4.526 - loss_ce=2.1 - loss_ne=0.0159 - loss_div=0.000253 - threshold=0.86 - loss=6.642
/scratch/e0538389/DivClust/engine/trainer.py:41: FutureWarning: `torch.cuda.amp.autocast(args...)` is deprecated. Please use `torch.amp.autocast('cuda', args...)` instead.
  with autocast(self.mixed_precision):
[2026-03-30 12:47:20](logger.py 179): id=CC_FMNIST_C10CFG_K20_E100_DT_0_7 | Ep. 77/100 - Step 150/273 (2.29 it/s) |##########          | - loss_cc=4.526 - loss_ce=2.1 - loss_ne=0.0157 - loss_div=0.000212 - threshold=0.859 - loss=6.641
/scratch/e0538389/DivClust/engine/trainer.py:41: FutureWarning: `torch.cuda.amp.autocast(args...)` is deprecated. Please use `torch.amp.autocast('cuda', args...)` instead.
  with autocast(self.mixed_precision):
[2026-03-30 12:47:30](logger.py 179): id=CC_FMNIST_C10CFG_K20_E100_DT_0_7 | Ep. 77/100 - Step 175/273 (2.29 it/s) |############        | - loss_cc=4.527 - loss_ce=2.1 - loss_ne=0.0158 - loss_div=0.000213 - threshold=0.858 - loss=6.643
/scratch/e0538389/DivClust/engine/trainer.py:41: FutureWarning: `torch.cuda.amp.autocast(args...)` is deprecated. Please use `torch.amp.autocast('cuda', args...)` instead.
  with autocast(self.mixed_precision):
/scratch/e0538389/DivClust/engine/trainer.py:41: FutureWarning: `torch.cuda.amp.autocast(args...)` is deprecated. Please use `torch.amp.autocast('cuda', args...)` instead.
  with autocast(self.mixed_precision):
[2026-03-30 12:47:41](logger.py 179): id=CC_FMNIST_C10CFG_K20_E100_DT_0_7 | Ep. 77/100 - Step 200/273 (2.29 it/s) |##############      | - loss_cc=4.526 - loss_ce=2.1 - loss_ne=0.0158 - loss_div=0.000309 - threshold=0.856 - loss=6.642
/scratch/e0538389/DivClust/engine/trainer.py:41: FutureWarning: `torch.cuda.amp.autocast(args...)` is deprecated. Please use `torch.amp.autocast('cuda', args...)` instead.
  with autocast(self.mixed_precision):
[2026-03-30 12:47:52](logger.py 179): id=CC_FMNIST_C10CFG_K20_E100_DT_0_7 | Ep. 77/100 - Step 225/273 (2.3 it/s) |################    | - loss_cc=4.526 - loss_ce=2.1 - loss_ne=0.0157 - loss_div=0.000334 - threshold=0.854 - loss=6.643
/scratch/e0538389/DivClust/engine/trainer.py:41: FutureWarning: `torch.cuda.amp.autocast(args...)` is deprecated. Please use `torch.amp.autocast('cuda', args...)` instead.
  with autocast(self.mixed_precision):
[2026-03-30 12:48:03](logger.py 179): id=CC_FMNIST_C10CFG_K20_E100_DT_0_7 | Ep. 77/100 - Step 250/273 (2.3 it/s) |##################  | - loss_cc=4.527 - loss_ce=2.101 - loss_ne=0.0157 - loss_div=0.000301 - threshold=0.853 - loss=6.643
/scratch/e0538389/DivClust/engine/trainer.py:41: FutureWarning: `torch.cuda.amp.autocast(args...)` is deprecated. Please use `torch.amp.autocast('cuda', args...)` instead.
  with autocast(self.mixed_precision):
[2026-03-30 12:48:12](logger.py 179): id=CC_FMNIST_C10CFG_K20_E100_DT_0_7 | Ep. 77/100 | Time: 00:01 | loss_cc=4.527 - loss_ce=2.101 - loss_ne=0.0159 - loss_div=0.00028 - threshold=0.853 - loss=6.644
[2026-03-30 12:48:14](logger.py 179): id=CC_FMNIST_C10CFG_K20_E100_DT_0_7 | Ep. 78/100 - Step 0/273 (0.0 it/s) |                    | - loss_cc=4.551 - loss_ce=2.114 - loss_ne=0.014 - loss_div=0.0 - threshold=0.859 - loss=6.679
/scratch/e0538389/DivClust/engine/trainer.py:41: FutureWarning: `torch.cuda.amp.autocast(args...)` is deprecated. Please use `torch.amp.autocast('cuda', args...)` instead.
  with autocast(self.mixed_precision):
[2026-03-30 12:48:25](logger.py 179): id=CC_FMNIST_C10CFG_K20_E100_DT_0_7 | Ep. 78/100 - Step 25/273 (2.35 it/s) |#                   | - loss_cc=4.527 - loss_ce=2.101 - loss_ne=0.0156 - loss_div=0.0 - threshold=0.865 - loss=6.645
/scratch/e0538389/DivClust/engine/trainer.py:41: FutureWarning: `torch.cuda.amp.autocast(args...)` is deprecated. Please use `torch.amp.autocast('cuda', args...)` instead.
  with autocast(self.mixed_precision):
/scratch/e0538389/DivClust/engine/trainer.py:41: FutureWarning: `torch.cuda.amp.autocast(args...)` is deprecated. Please use `torch.amp.autocast('cuda', args...)` instead.
  with autocast(self.mixed_precision):
[2026-03-30 12:48:36](logger.py 179): id=CC_FMNIST_C10CFG_K20_E100_DT_0_7 | Ep. 78/100 - Step 50/273 (2.28 it/s) |###                 | - loss_cc=4.527 - loss_ce=2.101 - loss_ne=0.016 - loss_div=5.12e-05 - threshold=0.861 - loss=6.644
/scratch/e0538389/DivClust/engine/trainer.py:41: FutureWarning: `torch.cuda.amp.autocast(args...)` is deprecated. Please use `torch.amp.autocast('cuda', args...)` instead.
  with autocast(self.mixed_precision):
[2026-03-30 12:48:47](logger.py 179): id=CC_FMNIST_C10CFG_K20_E100_DT_0_7 | Ep. 78/100 - Step 75/273 (2.31 it/s) |#####               | - loss_cc=4.527 - loss_ce=2.101 - loss_ne=0.0159 - loss_div=0.000191 - threshold=0.856 - loss=6.644
/scratch/e0538389/DivClust/engine/trainer.py:41: FutureWarning: `torch.cuda.amp.autocast(args...)` is deprecated. Please use `torch.amp.autocast('cuda', args...)` instead.
  with autocast(self.mixed_precision):
[2026-03-30 12:48:58](logger.py 179): id=CC_FMNIST_C10CFG_K20_E100_DT_0_7 | Ep. 78/100 - Step 100/273 (2.32 it/s) |#######             | - loss_cc=4.526 - loss_ce=2.101 - loss_ne=0.0166 - loss_div=0.000231 - threshold=0.854 - loss=6.644
/scratch/e0538389/DivClust/engine/trainer.py:41: FutureWarning: `torch.cuda.amp.autocast(args...)` is deprecated. Please use `torch.amp.autocast('cuda', args...)` instead.
  with autocast(self.mixed_precision):
[2026-03-30 12:49:08](logger.py 179): id=CC_FMNIST_C10CFG_K20_E100_DT_0_7 | Ep. 78/100 - Step 125/273 (2.32 it/s) |#########           | - loss_cc=4.525 - loss_ce=2.101 - loss_ne=0.0163 - loss_div=0.000185 - threshold=0.854 - loss=6.642
/scratch/e0538389/DivClust/engine/trainer.py:41: FutureWarning: `torch.cuda.amp.autocast(args...)` is deprecated. Please use `torch.amp.autocast('cuda', args...)` instead.
  with autocast(self.mixed_precision):
/scratch/e0538389/DivClust/engine/trainer.py:41: FutureWarning: `torch.cuda.amp.autocast(args...)` is deprecated. Please use `torch.amp.autocast('cuda', args...)` instead.
  with autocast(self.mixed_precision):
[2026-03-30 12:49:19](logger.py 179): id=CC_FMNIST_C10CFG_K20_E100_DT_0_7 | Ep. 78/100 - Step 150/273 (2.31 it/s) |##########          | - loss_cc=4.525 - loss_ce=2.1 - loss_ne=0.0162 - loss_div=0.000244 - threshold=0.853 - loss=6.642
/scratch/e0538389/DivClust/engine/trainer.py:41: FutureWarning: `torch.cuda.amp.autocast(args...)` is deprecated. Please use `torch.amp.autocast('cuda', args...)` instead.
  with autocast(self.mixed_precision):
[2026-03-30 12:49:30](logger.py 179): id=CC_FMNIST_C10CFG_K20_E100_DT_0_7 | Ep. 78/100 - Step 175/273 (2.32 it/s) |############        | - loss_cc=4.524 - loss_ce=2.1 - loss_ne=0.0163 - loss_div=0.000372 - threshold=0.851 - loss=6.641
/scratch/e0538389/DivClust/engine/trainer.py:41: FutureWarning: `torch.cuda.amp.autocast(args...)` is deprecated. Please use `torch.amp.autocast('cuda', args...)` instead.
  with autocast(self.mixed_precision):
[2026-03-30 12:49:40](logger.py 179): id=CC_FMNIST_C10CFG_K20_E100_DT_0_7 | Ep. 78/100 - Step 200/273 (2.33 it/s) |##############      | - loss_cc=4.526 - loss_ce=2.101 - loss_ne=0.0164 - loss_div=0.000341 - threshold=0.85 - loss=6.644
/scratch/e0538389/DivClust/engine/trainer.py:41: FutureWarning: `torch.cuda.amp.autocast(args...)` is deprecated. Please use `torch.amp.autocast('cuda', args...)` instead.
  with autocast(self.mixed_precision):
[2026-03-30 12:49:51](logger.py 179): id=CC_FMNIST_C10CFG_K20_E100_DT_0_7 | Ep. 78/100 - Step 225/273 (2.33 it/s) |################    | - loss_cc=4.526 - loss_ce=2.101 - loss_ne=0.0165 - loss_div=0.000316 - threshold=0.849 - loss=6.644
/scratch/e0538389/DivClust/engine/trainer.py:41: FutureWarning: `torch.cuda.amp.autocast(args...)` is deprecated. Please use `torch.amp.autocast('cuda', args...)` instead.
  with autocast(self.mixed_precision):
/scratch/e0538389/DivClust/engine/trainer.py:41: FutureWarning: `torch.cuda.amp.autocast(args...)` is deprecated. Please use `torch.amp.autocast('cuda', args...)` instead.
  with autocast(self.mixed_precision):
[2026-03-30 12:50:02](logger.py 179): id=CC_FMNIST_C10CFG_K20_E100_DT_0_7 | Ep. 78/100 - Step 250/273 (2.32 it/s) |##################  | - loss_cc=4.527 - loss_ce=2.101 - loss_ne=0.0162 - loss_div=0.000285 - threshold=0.85 - loss=6.644
/scratch/e0538389/DivClust/engine/trainer.py:41: FutureWarning: `torch.cuda.amp.autocast(args...)` is deprecated. Please use `torch.amp.autocast('cuda', args...)` instead.
  with autocast(self.mixed_precision):
[2026-03-30 12:50:12](logger.py 179): id=CC_FMNIST_C10CFG_K20_E100_DT_0_7 | Ep. 78/100 | Time: 00:01 | loss_cc=4.526 - loss_ce=2.101 - loss_ne=0.0161 - loss_div=0.000263 - threshold=0.852 - loss=6.644
[2026-03-30 12:50:14](logger.py 179): id=CC_FMNIST_C10CFG_K20_E100_DT_0_7 | Ep. 79/100 - Step 0/273 (0.0 it/s) |                    | - loss_cc=4.525 - loss_ce=2.102 - loss_ne=0.0315 - loss_div=0.0 - threshold=0.875 - loss=6.659
/scratch/e0538389/DivClust/engine/trainer.py:41: FutureWarning: `torch.cuda.amp.autocast(args...)` is deprecated. Please use `torch.amp.autocast('cuda', args...)` instead.
  with autocast(self.mixed_precision):
[2026-03-30 12:50:25](logger.py 179): id=CC_FMNIST_C10CFG_K20_E100_DT_0_7 | Ep. 79/100 - Step 25/273 (2.31 it/s) |#                   | - loss_cc=4.521 - loss_ce=2.097 - loss_ne=0.0165 - loss_div=1.54e-07 - threshold=0.871 - loss=6.635
/scratch/e0538389/DivClust/engine/trainer.py:41: FutureWarning: `torch.cuda.amp.autocast(args...)` is deprecated. Please use `torch.amp.autocast('cuda', args...)` instead.
  with autocast(self.mixed_precision):
[2026-03-30 12:50:36](logger.py 179): id=CC_FMNIST_C10CFG_K20_E100_DT_0_7 | Ep. 79/100 - Step 50/273 (2.3 it/s) |###                 | - loss_cc=4.524 - loss_ce=2.098 - loss_ne=0.0159 - loss_div=4.28e-05 - threshold=0.866 - loss=6.639
/scratch/e0538389/DivClust/engine/trainer.py:41: FutureWarning: `torch.cuda.amp.autocast(args...)` is deprecated. Please use `torch.amp.autocast('cuda', args...)` instead.
  with autocast(self.mixed_precision):
/scratch/e0538389/DivClust/engine/trainer.py:41: FutureWarning: `torch.cuda.amp.autocast(args...)` is deprecated. Please use `torch.amp.autocast('cuda', args...)` instead.
  with autocast(self.mixed_precision):
[2026-03-30 12:50:47](logger.py 179): id=CC_FMNIST_C10CFG_K20_E100_DT_0_7 | Ep. 79/100 - Step 75/273 (2.27 it/s) |#####               | - loss_cc=4.523 - loss_ce=2.098 - loss_ne=0.0175 - loss_div=0.000348 - threshold=0.86 - loss=6.639
/scratch/e0538389/DivClust/engine/trainer.py:41: FutureWarning: `torch.cuda.amp.autocast(args...)` is deprecated. Please use `torch.amp.autocast('cuda', args...)` instead.
  with autocast(self.mixed_precision):
[2026-03-30 12:50:58](logger.py 179): id=CC_FMNIST_C10CFG_K20_E100_DT_0_7 | Ep. 79/100 - Step 100/273 (2.3 it/s) |#######             | - loss_cc=4.524 - loss_ce=2.099 - loss_ne=0.0177 - loss_div=0.00038 - threshold=0.856 - loss=6.641
/scratch/e0538389/DivClust/engine/trainer.py:41: FutureWarning: `torch.cuda.amp.autocast(args...)` is deprecated. Please use `torch.amp.autocast('cuda', args...)` instead.
  with autocast(self.mixed_precision):
[2026-03-30 12:51:09](logger.py 179): id=CC_FMNIST_C10CFG_K20_E100_DT_0_7 | Ep. 79/100 - Step 125/273 (2.3 it/s) |#########           | - loss_cc=4.523 - loss_ce=2.099 - loss_ne=0.0173 - loss_div=0.000371 - threshold=0.854 - loss=6.64
/scratch/e0538389/DivClust/engine/trainer.py:41: FutureWarning: `torch.cuda.amp.autocast(args...)` is deprecated. Please use `torch.amp.autocast('cuda', args...)` instead.
  with autocast(self.mixed_precision):
[2026-03-30 12:51:20](logger.py 179): id=CC_FMNIST_C10CFG_K20_E100_DT_0_7 | Ep. 79/100 - Step 150/273 (2.3 it/s) |##########          | - loss_cc=4.524 - loss_ce=2.099 - loss_ne=0.0173 - loss_div=0.000332 - threshold=0.853 - loss=6.641
/scratch/e0538389/DivClust/engine/trainer.py:41: FutureWarning: `torch.cuda.amp.autocast(args...)` is deprecated. Please use `torch.amp.autocast('cuda', args...)` instead.
  with autocast(self.mixed_precision):
/scratch/e0538389/DivClust/engine/trainer.py:41: FutureWarning: `torch.cuda.amp.autocast(args...)` is deprecated. Please use `torch.amp.autocast('cuda', args...)` instead.
  with autocast(self.mixed_precision):
[2026-03-30 12:51:31](logger.py 179): id=CC_FMNIST_C10CFG_K20_E100_DT_0_7 | Ep. 79/100 - Step 175/273 (2.29 it/s) |############        | - loss_cc=4.525 - loss_ce=2.1 - loss_ne=0.0171 - loss_div=0.000293 - threshold=0.853 - loss=6.642
/scratch/e0538389/DivClust/engine/trainer.py:41: FutureWarning: `torch.cuda.amp.autocast(args...)` is deprecated. Please use `torch.amp.autocast('cuda', args...)` instead.
  with autocast(self.mixed_precision):
[2026-03-30 12:51:42](logger.py 179): id=CC_FMNIST_C10CFG_K20_E100_DT_0_7 | Ep. 79/100 - Step 200/273 (2.29 it/s) |##############      | - loss_cc=4.524 - loss_ce=2.099 - loss_ne=0.017 - loss_div=0.000309 - threshold=0.852 - loss=6.64
/scratch/e0538389/DivClust/engine/trainer.py:41: FutureWarning: `torch.cuda.amp.autocast(args...)` is deprecated. Please use `torch.amp.autocast('cuda', args...)` instead.
  with autocast(self.mixed_precision):
[2026-03-30 12:51:53](logger.py 179): id=CC_FMNIST_C10CFG_K20_E100_DT_0_7 | Ep. 79/100 - Step 225/273 (2.29 it/s) |################    | - loss_cc=4.524 - loss_ce=2.099 - loss_ne=0.0167 - loss_div=0.000298 - threshold=0.852 - loss=6.64
/scratch/e0538389/DivClust/engine/trainer.py:41: FutureWarning: `torch.cuda.amp.autocast(args...)` is deprecated. Please use `torch.amp.autocast('cuda', args...)` instead.
  with autocast(self.mixed_precision):
[2026-03-30 12:52:03](logger.py 179): id=CC_FMNIST_C10CFG_K20_E100_DT_0_7 | Ep. 79/100 - Step 250/273 (2.29 it/s) |##################  | - loss_cc=4.524 - loss_ce=2.1 - loss_ne=0.0165 - loss_div=0.000268 - threshold=0.852 - loss=6.64
/scratch/e0538389/DivClust/engine/trainer.py:41: FutureWarning: `torch.cuda.amp.autocast(args...)` is deprecated. Please use `torch.amp.autocast('cuda', args...)` instead.
  with autocast(self.mixed_precision):
[2026-03-30 12:52:13](logger.py 179): id=CC_FMNIST_C10CFG_K20_E100_DT_0_7 | Ep. 79/100 | Time: 00:01 | loss_cc=4.524 - loss_ce=2.1 - loss_ne=0.0166 - loss_div=0.000249 - threshold=0.853 - loss=6.64
[2026-03-30 12:52:16](logger.py 179): id=CC_FMNIST_C10CFG_K20_E100_DT_0_7 | Ep. 80/100 - Step 0/273 (0.0 it/s) |                    | - loss_cc=4.511 - loss_ce=2.097 - loss_ne=0.0217 - loss_div=0.0 - threshold=0.875 - loss=6.629
/scratch/e0538389/DivClust/engine/trainer.py:41: FutureWarning: `torch.cuda.amp.autocast(args...)` is deprecated. Please use `torch.amp.autocast('cuda', args...)` instead.
  with autocast(self.mixed_precision):
/scratch/e0538389/DivClust/engine/trainer.py:41: FutureWarning: `torch.cuda.amp.autocast(args...)` is deprecated. Please use `torch.amp.autocast('cuda', args...)` instead.
  with autocast(self.mixed_precision):
[2026-03-30 12:52:27](logger.py 179): id=CC_FMNIST_C10CFG_K20_E100_DT_0_7 | Ep. 80/100 - Step 25/273 (2.3 it/s) |#                   | - loss_cc=4.522 - loss_ce=2.098 - loss_ne=0.015 - loss_div=0.0 - threshold=0.873 - loss=6.635
/scratch/e0538389/DivClust/engine/trainer.py:41: FutureWarning: `torch.cuda.amp.autocast(args...)` is deprecated. Please use `torch.amp.autocast('cuda', args...)` instead.
  with autocast(self.mixed_precision):
[2026-03-30 12:52:38](logger.py 179): id=CC_FMNIST_C10CFG_K20_E100_DT_0_7 | Ep. 80/100 - Step 50/273 (2.3 it/s) |###                 | - loss_cc=4.525 - loss_ce=2.099 - loss_ne=0.0164 - loss_div=8.13e-05 - threshold=0.868 - loss=6.641
/scratch/e0538389/DivClust/engine/trainer.py:41: FutureWarning: `torch.cuda.amp.autocast(args...)` is deprecated. Please use `torch.amp.autocast('cuda', args...)` instead.
  with autocast(self.mixed_precision):
[2026-03-30 12:52:49](logger.py 179): id=CC_FMNIST_C10CFG_K20_E100_DT_0_7 | Ep. 80/100 - Step 75/273 (2.3 it/s) |#####               | - loss_cc=4.527 - loss_ce=2.1 - loss_ne=0.016 - loss_div=0.000103 - threshold=0.862 - loss=6.643
/scratch/e0538389/DivClust/engine/trainer.py:41: FutureWarning: `torch.cuda.amp.autocast(args...)` is deprecated. Please use `torch.amp.autocast('cuda', args...)` instead.
  with autocast(self.mixed_precision):
[2026-03-30 12:53:00](logger.py 179): id=CC_FMNIST_C10CFG_K20_E100_DT_0_7 | Ep. 80/100 - Step 100/273 (2.29 it/s) |#######             | - loss_cc=4.527 - loss_ce=2.1 - loss_ne=0.0165 - loss_div=0.000432 - threshold=0.857 - loss=6.644
/scratch/e0538389/DivClust/engine/trainer.py:41: FutureWarning: `torch.cuda.amp.autocast(args...)` is deprecated. Please use `torch.amp.autocast('cuda', args...)` instead.
  with autocast(self.mixed_precision):
/scratch/e0538389/DivClust/engine/trainer.py:41: FutureWarning: `torch.cuda.amp.autocast(args...)` is deprecated. Please use `torch.amp.autocast('cuda', args...)` instead.
  with autocast(self.mixed_precision):
[2026-03-30 12:53:10](logger.py 179): id=CC_FMNIST_C10CFG_K20_E100_DT_0_7 | Ep. 80/100 - Step 125/273 (2.31 it/s) |#########           | - loss_cc=4.526 - loss_ce=2.1 - loss_ne=0.0163 - loss_div=0.000459 - threshold=0.853 - loss=6.643
/scratch/e0538389/DivClust/engine/trainer.py:41: FutureWarning: `torch.cuda.amp.autocast(args...)` is deprecated. Please use `torch.amp.autocast('cuda', args...)` instead.
  with autocast(self.mixed_precision):
[2026-03-30 12:53:21](logger.py 179): id=CC_FMNIST_C10CFG_K20_E100_DT_0_7 | Ep. 80/100 - Step 150/273 (2.31 it/s) |##########          | - loss_cc=4.526 - loss_ce=2.1 - loss_ne=0.0161 - loss_div=0.000419 - threshold=0.851 - loss=6.642
/scratch/e0538389/DivClust/engine/trainer.py:41: FutureWarning: `torch.cuda.amp.autocast(args...)` is deprecated. Please use `torch.amp.autocast('cuda', args...)` instead.
  with autocast(self.mixed_precision):
[2026-03-30 12:53:32](logger.py 179): id=CC_FMNIST_C10CFG_K20_E100_DT_0_7 | Ep. 80/100 - Step 175/273 (2.31 it/s) |############        | - loss_cc=4.525 - loss_ce=2.1 - loss_ne=0.0159 - loss_div=0.000359 - threshold=0.852 - loss=6.642
/scratch/e0538389/DivClust/engine/trainer.py:41: FutureWarning: `torch.cuda.amp.autocast(args...)` is deprecated. Please use `torch.amp.autocast('cuda', args...)` instead.
  with autocast(self.mixed_precision):
[2026-03-30 12:53:43](logger.py 179): id=CC_FMNIST_C10CFG_K20_E100_DT_0_7 | Ep. 80/100 - Step 200/273 (2.3 it/s) |##############      | - loss_cc=4.524 - loss_ce=2.1 - loss_ne=0.0159 - loss_div=0.000321 - threshold=0.853 - loss=6.64
/scratch/e0538389/DivClust/engine/trainer.py:41: FutureWarning: `torch.cuda.amp.autocast(args...)` is deprecated. Please use `torch.amp.autocast('cuda', args...)` instead.
  with autocast(self.mixed_precision):
/scratch/e0538389/DivClust/engine/trainer.py:41: FutureWarning: `torch.cuda.amp.autocast(args...)` is deprecated. Please use `torch.amp.autocast('cuda', args...)` instead.
  with autocast(self.mixed_precision):
[2026-03-30 12:53:54](logger.py 179): id=CC_FMNIST_C10CFG_K20_E100_DT_0_7 | Ep. 80/100 - Step 225/273 (2.3 it/s) |################    | - loss_cc=4.523 - loss_ce=2.1 - loss_ne=0.0157 - loss_div=0.000326 - threshold=0.853 - loss=6.639
/scratch/e0538389/DivClust/engine/trainer.py:41: FutureWarning: `torch.cuda.amp.autocast(args...)` is deprecated. Please use `torch.amp.autocast('cuda', args...)` instead.
  with autocast(self.mixed_precision):
[2026-03-30 12:54:05](logger.py 179): id=CC_FMNIST_C10CFG_K20_E100_DT_0_7 | Ep. 80/100 - Step 250/273 (2.3 it/s) |##################  | - loss_cc=4.524 - loss_ce=2.1 - loss_ne=0.0156 - loss_div=0.000316 - threshold=0.853 - loss=6.639
/scratch/e0538389/DivClust/engine/trainer.py:41: FutureWarning: `torch.cuda.amp.autocast(args...)` is deprecated. Please use `torch.amp.autocast('cuda', args...)` instead.
  with autocast(self.mixed_precision):
[2026-03-30 12:54:14](logger.py 179): Evaluating
[2026-03-30 12:54:15](logger.py 179): Eval. step 0 of 274
[2026-03-30 12:54:17](logger.py 179): Eval. step 25 of 274
[2026-03-30 12:54:20](logger.py 179): Eval. step 50 of 274
[2026-03-30 12:54:22](logger.py 179): Eval. step 75 of 274
[2026-03-30 12:54:24](logger.py 179): Eval. step 100 of 274
[2026-03-30 12:54:27](logger.py 179): Eval. step 125 of 274
[2026-03-30 12:54:29](logger.py 179): Eval. step 150 of 274
[2026-03-30 12:54:31](logger.py 179): Eval. step 175 of 274
[2026-03-30 12:54:34](logger.py 179): Eval. step 200 of 274
[2026-03-30 12:54:36](logger.py 179): Eval. step 225 of 274
[2026-03-30 12:54:38](logger.py 179): Eval. step 250 of 274
[2026-03-30 12:54:42](logger.py 179): id=CC_FMNIST_C10CFG_K20_E100_DT_0_7 | Ep. 80/100 | Time: 00:02 | loss_cc=4.524 - loss_ce=2.1 - loss_ne=0.0155 - loss_div=0.000291 - threshold=0.854 - loss=6.64 - eval_confidence=0.902 - cluster_acc_0_eval=56.93 - cluster_nmi_0_eval=0.547 - cluster_ari_0_eval=0.43 - cluster_acc_1_eval=55.39 - cluster_nmi_1_eval=0.544 - cluster_ari_1_eval=0.424 - cluster_acc_2_eval=56.38 - cluster_nmi_2_eval=0.536 - cluster_ari_2_eval=0.414 - cluster_acc_3_eval=61.81 - cluster_nmi_3_eval=0.582 - cluster_ari_3_eval=0.46 - cluster_acc_4_eval=59.69 - cluster_nmi_4_eval=0.571 - cluster_ari_4_eval=0.462 - cluster_acc_5_eval=64.33 - cluster_nmi_5_eval=0.621 - cluster_ari_5_eval=0.516 - cluster_acc_6_eval=62.28 - cluster_nmi_6_eval=0.602 - cluster_ari_6_eval=0.466 - cluster_acc_7_eval=57.66 - cluster_nmi_7_eval=0.566 - cluster_ari_7_eval=0.453 - cluster_acc_8_eval=59.72 - cluster_nmi_8_eval=0.574 - cluster_ari_8_eval=0.468 - cluster_acc_9_eval=64.66 - cluster_nmi_9_eval=0.609 - cluster_ari_9_eval=0.505 - cluster_acc_10_eval=60.86 - cluster_nmi_10_eval=0.565 - cluster_ari_10_eval=0.452 - cluster_acc_11_eval=58.25 - cluster_nmi_11_eval=0.541 - cluster_ari_11_eval=0.427 - cluster_acc_12_eval=55.48 - cluster_nmi_12_eval=0.551 - cluster_ari_12_eval=0.391 - cluster_acc_13_eval=67.17 - cluster_nmi_13_eval=0.649 - cluster_ari_13_eval=0.542 - cluster_acc_14_eval=63.19 - cluster_nmi_14_eval=0.614 - cluster_ari_14_eval=0.513 - cluster_acc_15_eval=61.9 - cluster_nmi_15_eval=0.597 - cluster_ari_15_eval=0.468 - cluster_acc_16_eval=65.51 - cluster_nmi_16_eval=0.622 - cluster_ari_16_eval=0.526 - cluster_acc_17_eval=63.37 - cluster_nmi_17_eval=0.611 - cluster_ari_17_eval=0.513 - cluster_acc_18_eval=57.71 - cluster_nmi_18_eval=0.591 - cluster_ari_18_eval=0.449 - cluster_acc_19_eval=63.96 - cluster_nmi_19_eval=0.639 - cluster_ari_19_eval=0.532 - max_cluster_acc_eval=67.17 - mean_cluster_acc_eval=60.81 - min_cluster_acc_eval=55.39 - max_cluster_nmi_eval=0.649 - mean_cluster_nmi_eval=0.587 - min_cluster_nmi_eval=0.536 - max_cluster_ari_eval=0.542 - mean_cluster_ari_eval=0.471 - min_cluster_ari_eval=0.391 - interclustering_nmi_eval=0.699
/scratch/e0538389/DivClust/engine/trainer.py:41: FutureWarning: `torch.cuda.amp.autocast(args...)` is deprecated. Please use `torch.amp.autocast('cuda', args...)` instead.
  with autocast(self.mixed_precision):
[2026-03-30 12:54:44](logger.py 179): id=CC_FMNIST_C10CFG_K20_E100_DT_0_7 | Ep. 81/100 - Step 0/273 (0.0 it/s) |                    | - loss_cc=4.54 - loss_ce=2.114 - loss_ne=0.0109 - loss_div=0.0 - threshold=0.865 - loss=6.665
/scratch/e0538389/DivClust/engine/trainer.py:41: FutureWarning: `torch.cuda.amp.autocast(args...)` is deprecated. Please use `torch.amp.autocast('cuda', args...)` instead.
  with autocast(self.mixed_precision):
[2026-03-30 12:54:55](logger.py 179): id=CC_FMNIST_C10CFG_K20_E100_DT_0_7 | Ep. 81/100 - Step 25/273 (2.32 it/s) |#                   | - loss_cc=4.521 - loss_ce=2.099 - loss_ne=0.016 - loss_div=0.0 - threshold=0.872 - loss=6.635
/scratch/e0538389/DivClust/engine/trainer.py:41: FutureWarning: `torch.cuda.amp.autocast(args...)` is deprecated. Please use `torch.amp.autocast('cuda', args...)` instead.
  with autocast(self.mixed_precision):
/scratch/e0538389/DivClust/engine/trainer.py:41: FutureWarning: `torch.cuda.amp.autocast(args...)` is deprecated. Please use `torch.amp.autocast('cuda', args...)` instead.
  with autocast(self.mixed_precision):
[2026-03-30 12:55:06](logger.py 179): id=CC_FMNIST_C10CFG_K20_E100_DT_0_7 | Ep. 81/100 - Step 50/273 (2.3 it/s) |###                 | - loss_cc=4.524 - loss_ce=2.1 - loss_ne=0.0171 - loss_div=2.49e-05 - threshold=0.868 - loss=6.641
/scratch/e0538389/DivClust/engine/trainer.py:41: FutureWarning: `torch.cuda.amp.autocast(args...)` is deprecated. Please use `torch.amp.autocast('cuda', args...)` instead.
  with autocast(self.mixed_precision):
[2026-03-30 12:55:17](logger.py 179): id=CC_FMNIST_C10CFG_K20_E100_DT_0_7 | Ep. 81/100 - Step 75/273 (2.3 it/s) |#####               | - loss_cc=4.527 - loss_ce=2.101 - loss_ne=0.0165 - loss_div=0.000207 - threshold=0.863 - loss=6.644
/scratch/e0538389/DivClust/engine/trainer.py:41: FutureWarning: `torch.cuda.amp.autocast(args...)` is deprecated. Please use `torch.amp.autocast('cuda', args...)` instead.
  with autocast(self.mixed_precision):
[2026-03-30 12:55:28](logger.py 179): id=CC_FMNIST_C10CFG_K20_E100_DT_0_7 | Ep. 81/100 - Step 100/273 (2.3 it/s) |#######             | - loss_cc=4.526 - loss_ce=2.1 - loss_ne=0.0171 - loss_div=0.000484 - threshold=0.858 - loss=6.644
/scratch/e0538389/DivClust/engine/trainer.py:41: FutureWarning: `torch.cuda.amp.autocast(args...)` is deprecated. Please use `torch.amp.autocast('cuda', args...)` instead.
  with autocast(self.mixed_precision):
[2026-03-30 12:55:38](logger.py 179): id=CC_FMNIST_C10CFG_K20_E100_DT_0_7 | Ep. 81/100 - Step 125/273 (2.31 it/s) |#########           | - loss_cc=4.525 - loss_ce=2.1 - loss_ne=0.0166 - loss_div=0.000408 - threshold=0.856 - loss=6.643
/scratch/e0538389/DivClust/engine/trainer.py:41: FutureWarning: `torch.cuda.amp.autocast(args...)` is deprecated. Please use `torch.amp.autocast('cuda', args...)` instead.
  with autocast(self.mixed_precision):
/scratch/e0538389/DivClust/engine/trainer.py:41: FutureWarning: `torch.cuda.amp.autocast(args...)` is deprecated. Please use `torch.amp.autocast('cuda', args...)` instead.
  with autocast(self.mixed_precision):
[2026-03-30 12:55:50](logger.py 179): id=CC_FMNIST_C10CFG_K20_E100_DT_0_7 | Ep. 81/100 - Step 150/273 (2.3 it/s) |##########          | - loss_cc=4.524 - loss_ce=2.1 - loss_ne=0.0166 - loss_div=0.000344 - threshold=0.856 - loss=6.641
/scratch/e0538389/DivClust/engine/trainer.py:41: FutureWarning: `torch.cuda.amp.autocast(args...)` is deprecated. Please use `torch.amp.autocast('cuda', args...)` instead.
  with autocast(self.mixed_precision):
[2026-03-30 12:56:00](logger.py 179): id=CC_FMNIST_C10CFG_K20_E100_DT_0_7 | Ep. 81/100 - Step 175/273 (2.31 it/s) |############        | - loss_cc=4.524 - loss_ce=2.1 - loss_ne=0.0167 - loss_div=0.0004 - threshold=0.854 - loss=6.642
/scratch/e0538389/DivClust/engine/trainer.py:41: FutureWarning: `torch.cuda.amp.autocast(args...)` is deprecated. Please use `torch.amp.autocast('cuda', args...)` instead.
  with autocast(self.mixed_precision):
[2026-03-30 12:56:11](logger.py 179): id=CC_FMNIST_C10CFG_K20_E100_DT_0_7 | Ep. 81/100 - Step 200/273 (2.31 it/s) |##############      | - loss_cc=4.526 - loss_ce=2.101 - loss_ne=0.0166 - loss_div=0.000366 - threshold=0.853 - loss=6.643
/scratch/e0538389/DivClust/engine/trainer.py:41: FutureWarning: `torch.cuda.amp.autocast(args...)` is deprecated. Please use `torch.amp.autocast('cuda', args...)` instead.
  with autocast(self.mixed_precision):
[2026-03-30 12:56:22](logger.py 179): id=CC_FMNIST_C10CFG_K20_E100_DT_0_7 | Ep. 81/100 - Step 225/273 (2.31 it/s) |################    | - loss_cc=4.525 - loss_ce=2.101 - loss_ne=0.0167 - loss_div=0.000333 - threshold=0.853 - loss=6.643
/scratch/e0538389/DivClust/engine/trainer.py:41: FutureWarning: `torch.cuda.amp.autocast(args...)` is deprecated. Please use `torch.amp.autocast('cuda', args...)` instead.
  with autocast(self.mixed_precision):
/scratch/e0538389/DivClust/engine/trainer.py:41: FutureWarning: `torch.cuda.amp.autocast(args...)` is deprecated. Please use `torch.amp.autocast('cuda', args...)` instead.
  with autocast(self.mixed_precision):
[2026-03-30 12:56:33](logger.py 179): id=CC_FMNIST_C10CFG_K20_E100_DT_0_7 | Ep. 81/100 - Step 250/273 (2.3 it/s) |##################  | - loss_cc=4.525 - loss_ce=2.1 - loss_ne=0.0164 - loss_div=0.000336 - threshold=0.853 - loss=6.642
/scratch/e0538389/DivClust/engine/trainer.py:41: FutureWarning: `torch.cuda.amp.autocast(args...)` is deprecated. Please use `torch.amp.autocast('cuda', args...)` instead.
  with autocast(self.mixed_precision):
[2026-03-30 12:56:42](logger.py 179): id=CC_FMNIST_C10CFG_K20_E100_DT_0_7 | Ep. 81/100 | Time: 00:01 | loss_cc=4.525 - loss_ce=2.1 - loss_ne=0.0163 - loss_div=0.000365 - threshold=0.851 - loss=6.642
[2026-03-30 12:56:45](logger.py 179): id=CC_FMNIST_C10CFG_K20_E100_DT_0_7 | Ep. 82/100 - Step 0/273 (0.0 it/s) |                    | - loss_cc=4.582 - loss_ce=2.115 - loss_ne=0.0148 - loss_div=0.0 - threshold=0.831 - loss=6.713
/scratch/e0538389/DivClust/engine/trainer.py:41: FutureWarning: `torch.cuda.amp.autocast(args...)` is deprecated. Please use `torch.amp.autocast('cuda', args...)` instead.
  with autocast(self.mixed_precision):
[2026-03-30 12:56:56](logger.py 179): id=CC_FMNIST_C10CFG_K20_E100_DT_0_7 | Ep. 82/100 - Step 25/273 (2.31 it/s) |#                   | - loss_cc=4.528 - loss_ce=2.101 - loss_ne=0.0154 - loss_div=0.000443 - threshold=0.835 - loss=6.644
/scratch/e0538389/DivClust/engine/trainer.py:41: FutureWarning: `torch.cuda.amp.autocast(args...)` is deprecated. Please use `torch.amp.autocast('cuda', args...)` instead.
  with autocast(self.mixed_precision):
[2026-03-30 12:57:07](logger.py 179): id=CC_FMNIST_C10CFG_K20_E100_DT_0_7 | Ep. 82/100 - Step 50/273 (2.32 it/s) |###                 | - loss_cc=4.526 - loss_ce=2.1 - loss_ne=0.0148 - loss_div=0.000233 - threshold=0.84 - loss=6.641
/scratch/e0538389/DivClust/engine/trainer.py:41: FutureWarning: `torch.cuda.amp.autocast(args...)` is deprecated. Please use `torch.amp.autocast('cuda', args...)` instead.
  with autocast(self.mixed_precision):
/scratch/e0538389/DivClust/engine/trainer.py:41: FutureWarning: `torch.cuda.amp.autocast(args...)` is deprecated. Please use `torch.amp.autocast('cuda', args...)` instead.
  with autocast(self.mixed_precision):
[2026-03-30 12:57:18](logger.py 179): id=CC_FMNIST_C10CFG_K20_E100_DT_0_7 | Ep. 82/100 - Step 75/273 (2.3 it/s) |#####               | - loss_cc=4.525 - loss_ce=2.1 - loss_ne=0.0147 - loss_div=0.000156 - threshold=0.845 - loss=6.64
/scratch/e0538389/DivClust/engine/trainer.py:41: FutureWarning: `torch.cuda.amp.autocast(args...)` is deprecated. Please use `torch.amp.autocast('cuda', args...)` instead.
  with autocast(self.mixed_precision):
[2026-03-30 12:57:28](logger.py 179): id=CC_FMNIST_C10CFG_K20_E100_DT_0_7 | Ep. 82/100 - Step 100/273 (2.3 it/s) |#######             | - loss_cc=4.524 - loss_ce=2.099 - loss_ne=0.0146 - loss_div=0.000124 - threshold=0.849 - loss=6.638
/scratch/e0538389/DivClust/engine/trainer.py:41: FutureWarning: `torch.cuda.amp.autocast(args...)` is deprecated. Please use `torch.amp.autocast('cuda', args...)` instead.
  with autocast(self.mixed_precision):
[2026-03-30 12:57:39](logger.py 179): id=CC_FMNIST_C10CFG_K20_E100_DT_0_7 | Ep. 82/100 - Step 125/273 (2.31 it/s) |#########           | - loss_cc=4.524 - loss_ce=2.099 - loss_ne=0.0147 - loss_div=0.000157 - threshold=0.85 - loss=6.638
/scratch/e0538389/DivClust/engine/trainer.py:41: FutureWarning: `torch.cuda.amp.autocast(args...)` is deprecated. Please use `torch.amp.autocast('cuda', args...)` instead.
  with autocast(self.mixed_precision):
[2026-03-30 12:57:50](logger.py 179): id=CC_FMNIST_C10CFG_K20_E100_DT_0_7 | Ep. 82/100 - Step 150/273 (2.31 it/s) |##########          | - loss_cc=4.524 - loss_ce=2.099 - loss_ne=0.0148 - loss_div=0.0002 - threshold=0.849 - loss=6.638
/scratch/e0538389/DivClust/engine/trainer.py:41: FutureWarning: `torch.cuda.amp.autocast(args...)` is deprecated. Please use `torch.amp.autocast('cuda', args...)` instead.
  with autocast(self.mixed_precision):
/scratch/e0538389/DivClust/engine/trainer.py:41: FutureWarning: `torch.cuda.amp.autocast(args...)` is deprecated. Please use `torch.amp.autocast('cuda', args...)` instead.
  with autocast(self.mixed_precision):
[2026-03-30 12:58:01](logger.py 179): id=CC_FMNIST_C10CFG_K20_E100_DT_0_7 | Ep. 82/100 - Step 175/273 (2.3 it/s) |############        | - loss_cc=4.523 - loss_ce=2.099 - loss_ne=0.0147 - loss_div=0.00028 - threshold=0.846 - loss=6.637
/scratch/e0538389/DivClust/engine/trainer.py:41: FutureWarning: `torch.cuda.amp.autocast(args...)` is deprecated. Please use `torch.amp.autocast('cuda', args...)` instead.
  with autocast(self.mixed_precision):
[2026-03-30 12:58:12](logger.py 179): id=CC_FMNIST_C10CFG_K20_E100_DT_0_7 | Ep. 82/100 - Step 200/273 (2.31 it/s) |##############      | - loss_cc=4.522 - loss_ce=2.099 - loss_ne=0.015 - loss_div=0.000258 - threshold=0.846 - loss=6.636
/scratch/e0538389/DivClust/engine/trainer.py:41: FutureWarning: `torch.cuda.amp.autocast(args...)` is deprecated. Please use `torch.amp.autocast('cuda', args...)` instead.
  with autocast(self.mixed_precision):
[2026-03-30 12:58:22](logger.py 179): id=CC_FMNIST_C10CFG_K20_E100_DT_0_7 | Ep. 82/100 - Step 225/273 (2.31 it/s) |################    | - loss_cc=4.522 - loss_ce=2.099 - loss_ne=0.0151 - loss_div=0.00028 - threshold=0.845 - loss=6.636
/scratch/e0538389/DivClust/engine/trainer.py:41: FutureWarning: `torch.cuda.amp.autocast(args...)` is deprecated. Please use `torch.amp.autocast('cuda', args...)` instead.
  with autocast(self.mixed_precision):
[2026-03-30 12:58:33](logger.py 179): id=CC_FMNIST_C10CFG_K20_E100_DT_0_7 | Ep. 82/100 - Step 250/273 (2.31 it/s) |##################  | - loss_cc=4.522 - loss_ce=2.099 - loss_ne=0.0152 - loss_div=0.000261 - threshold=0.845 - loss=6.636
/scratch/e0538389/DivClust/engine/trainer.py:41: FutureWarning: `torch.cuda.amp.autocast(args...)` is deprecated. Please use `torch.amp.autocast('cuda', args...)` instead.
  with autocast(self.mixed_precision):
[2026-03-30 12:58:43](logger.py 179): id=CC_FMNIST_C10CFG_K20_E100_DT_0_7 | Ep. 82/100 | Time: 00:01 | loss_cc=4.522 - loss_ce=2.099 - loss_ne=0.0152 - loss_div=0.000248 - threshold=0.846 - loss=6.637
[2026-03-30 12:58:45](logger.py 179): id=CC_FMNIST_C10CFG_K20_E100_DT_0_7 | Ep. 83/100 - Step 0/273 (0.0 it/s) |                    | - loss_cc=4.532 - loss_ce=2.095 - loss_ne=0.017 - loss_div=0.0 - threshold=0.856 - loss=6.644
/scratch/e0538389/DivClust/engine/trainer.py:41: FutureWarning: `torch.cuda.amp.autocast(args...)` is deprecated. Please use `torch.amp.autocast('cuda', args...)` instead.
  with autocast(self.mixed_precision):
/scratch/e0538389/DivClust/engine/trainer.py:41: FutureWarning: `torch.cuda.amp.autocast(args...)` is deprecated. Please use `torch.amp.autocast('cuda', args...)` instead.
  with autocast(self.mixed_precision):
[2026-03-30 12:58:56](logger.py 179): id=CC_FMNIST_C10CFG_K20_E100_DT_0_7 | Ep. 83/100 - Step 25/273 (2.25 it/s) |#                   | - loss_cc=4.52 - loss_ce=2.098 - loss_ne=0.0144 - loss_div=0.000152 - threshold=0.846 - loss=6.632
/scratch/e0538389/DivClust/engine/trainer.py:41: FutureWarning: `torch.cuda.amp.autocast(args...)` is deprecated. Please use `torch.amp.autocast('cuda', args...)` instead.
  with autocast(self.mixed_precision):
[2026-03-30 12:59:07](logger.py 179): id=CC_FMNIST_C10CFG_K20_E100_DT_0_7 | Ep. 83/100 - Step 50/273 (2.28 it/s) |###                 | - loss_cc=4.521 - loss_ce=2.099 - loss_ne=0.0152 - loss_div=0.000395 - threshold=0.844 - loss=6.635
/scratch/e0538389/DivClust/engine/trainer.py:41: FutureWarning: `torch.cuda.amp.autocast(args...)` is deprecated. Please use `torch.amp.autocast('cuda', args...)` instead.
  with autocast(self.mixed_precision):
[2026-03-30 12:59:17](logger.py 179): id=CC_FMNIST_C10CFG_K20_E100_DT_0_7 | Ep. 83/100 - Step 75/273 (2.29 it/s) |#####               | - loss_cc=4.52 - loss_ce=2.099 - loss_ne=0.0156 - loss_div=0.000293 - threshold=0.847 - loss=6.634
/scratch/e0538389/DivClust/engine/trainer.py:41: FutureWarning: `torch.cuda.amp.autocast(args...)` is deprecated. Please use `torch.amp.autocast('cuda', args...)` instead.
  with autocast(self.mixed_precision):
[2026-03-30 12:59:28](logger.py 179): id=CC_FMNIST_C10CFG_K20_E100_DT_0_7 | Ep. 83/100 - Step 100/273 (2.3 it/s) |#######             | - loss_cc=4.522 - loss_ce=2.099 - loss_ne=0.0155 - loss_div=0.000257 - threshold=0.847 - loss=6.636
/scratch/e0538389/DivClust/engine/trainer.py:41: FutureWarning: `torch.cuda.amp.autocast(args...)` is deprecated. Please use `torch.amp.autocast('cuda', args...)` instead.
  with autocast(self.mixed_precision):
/scratch/e0538389/DivClust/engine/trainer.py:41: FutureWarning: `torch.cuda.amp.autocast(args...)` is deprecated. Please use `torch.amp.autocast('cuda', args...)` instead.
  with autocast(self.mixed_precision):
[2026-03-30 12:59:39](logger.py 179): id=CC_FMNIST_C10CFG_K20_E100_DT_0_7 | Ep. 83/100 - Step 125/273 (2.28 it/s) |#########           | - loss_cc=4.523 - loss_ce=2.099 - loss_ne=0.0155 - loss_div=0.000361 - threshold=0.845 - loss=6.638
/scratch/e0538389/DivClust/engine/trainer.py:41: FutureWarning: `torch.cuda.amp.autocast(args...)` is deprecated. Please use `torch.amp.autocast('cuda', args...)` instead.
  with autocast(self.mixed_precision):
[2026-03-30 12:59:50](logger.py 179): id=CC_FMNIST_C10CFG_K20_E100_DT_0_7 | Ep. 83/100 - Step 150/273 (2.29 it/s) |##########          | - loss_cc=4.523 - loss_ce=2.1 - loss_ne=0.0155 - loss_div=0.000408 - threshold=0.843 - loss=6.639
/scratch/e0538389/DivClust/engine/trainer.py:41: FutureWarning: `torch.cuda.amp.autocast(args...)` is deprecated. Please use `torch.amp.autocast('cuda', args...)` instead.
  with autocast(self.mixed_precision):
[2026-03-30 13:00:01](logger.py 179): id=CC_FMNIST_C10CFG_K20_E100_DT_0_7 | Ep. 83/100 - Step 175/273 (2.3 it/s) |############        | - loss_cc=4.523 - loss_ce=2.099 - loss_ne=0.0155 - loss_div=0.000361 - threshold=0.843 - loss=6.638
/scratch/e0538389/DivClust/engine/trainer.py:41: FutureWarning: `torch.cuda.amp.autocast(args...)` is deprecated. Please use `torch.amp.autocast('cuda', args...)` instead.
  with autocast(self.mixed_precision):
[2026-03-30 13:00:12](logger.py 179): id=CC_FMNIST_C10CFG_K20_E100_DT_0_7 | Ep. 83/100 - Step 200/273 (2.3 it/s) |##############      | - loss_cc=4.523 - loss_ce=2.1 - loss_ne=0.0156 - loss_div=0.000321 - threshold=0.845 - loss=6.638
/scratch/e0538389/DivClust/engine/trainer.py:41: FutureWarning: `torch.cuda.amp.autocast(args...)` is deprecated. Please use `torch.amp.autocast('cuda', args...)` instead.
  with autocast(self.mixed_precision):
/scratch/e0538389/DivClust/engine/trainer.py:41: FutureWarning: `torch.cuda.amp.autocast(args...)` is deprecated. Please use `torch.amp.autocast('cuda', args...)` instead.
  with autocast(self.mixed_precision):
[2026-03-30 13:00:23](logger.py 179): id=CC_FMNIST_C10CFG_K20_E100_DT_0_7 | Ep. 83/100 - Step 225/273 (2.3 it/s) |################    | - loss_cc=4.523 - loss_ce=2.1 - loss_ne=0.0154 - loss_div=0.000285 - threshold=0.847 - loss=6.639
/scratch/e0538389/DivClust/engine/trainer.py:41: FutureWarning: `torch.cuda.amp.autocast(args...)` is deprecated. Please use `torch.amp.autocast('cuda', args...)` instead.
  with autocast(self.mixed_precision):
[2026-03-30 13:00:33](logger.py 179): id=CC_FMNIST_C10CFG_K20_E100_DT_0_7 | Ep. 83/100 - Step 250/273 (2.3 it/s) |##################  | - loss_cc=4.523 - loss_ce=2.099 - loss_ne=0.0155 - loss_div=0.000257 - threshold=0.849 - loss=6.638
/scratch/e0538389/DivClust/engine/trainer.py:41: FutureWarning: `torch.cuda.amp.autocast(args...)` is deprecated. Please use `torch.amp.autocast('cuda', args...)` instead.
  with autocast(self.mixed_precision):
[2026-03-30 13:00:43](logger.py 179): id=CC_FMNIST_C10CFG_K20_E100_DT_0_7 | Ep. 83/100 | Time: 00:01 | loss_cc=4.523 - loss_ce=2.099 - loss_ne=0.0153 - loss_div=0.000247 - threshold=0.85 - loss=6.638
[2026-03-30 13:00:45](logger.py 179): id=CC_FMNIST_C10CFG_K20_E100_DT_0_7 | Ep. 84/100 - Step 0/273 (0.0 it/s) |                    | - loss_cc=4.52 - loss_ce=2.104 - loss_ne=0.00853 - loss_div=0.0 - threshold=0.855 - loss=6.633
/scratch/e0538389/DivClust/engine/trainer.py:41: FutureWarning: `torch.cuda.amp.autocast(args...)` is deprecated. Please use `torch.amp.autocast('cuda', args...)` instead.
  with autocast(self.mixed_precision):
[2026-03-30 13:00:56](logger.py 179): id=CC_FMNIST_C10CFG_K20_E100_DT_0_7 | Ep. 84/100 - Step 25/273 (2.24 it/s) |#                   | - loss_cc=4.524 - loss_ce=2.101 - loss_ne=0.0146 - loss_div=0.00033 - threshold=0.849 - loss=6.64
/scratch/e0538389/DivClust/engine/trainer.py:41: FutureWarning: `torch.cuda.amp.autocast(args...)` is deprecated. Please use `torch.amp.autocast('cuda', args...)` instead.
  with autocast(self.mixed_precision):
/scratch/e0538389/DivClust/engine/trainer.py:41: FutureWarning: `torch.cuda.amp.autocast(args...)` is deprecated. Please use `torch.amp.autocast('cuda', args...)` instead.
  with autocast(self.mixed_precision):
[2026-03-30 13:01:07](logger.py 179): id=CC_FMNIST_C10CFG_K20_E100_DT_0_7 | Ep. 84/100 - Step 50/273 (2.23 it/s) |###                 | - loss_cc=4.523 - loss_ce=2.1 - loss_ne=0.0148 - loss_div=0.000354 - threshold=0.845 - loss=6.638
/scratch/e0538389/DivClust/engine/trainer.py:41: FutureWarning: `torch.cuda.amp.autocast(args...)` is deprecated. Please use `torch.amp.autocast('cuda', args...)` instead.
  with autocast(self.mixed_precision):
[2026-03-30 13:01:18](logger.py 179): id=CC_FMNIST_C10CFG_K20_E100_DT_0_7 | Ep. 84/100 - Step 75/273 (2.26 it/s) |#####               | - loss_cc=4.524 - loss_ce=2.1 - loss_ne=0.0154 - loss_div=0.000356 - threshold=0.844 - loss=6.639
/scratch/e0538389/DivClust/engine/trainer.py:41: FutureWarning: `torch.cuda.amp.autocast(args...)` is deprecated. Please use `torch.amp.autocast('cuda', args...)` instead.
  with autocast(self.mixed_precision):
[2026-03-30 13:01:29](logger.py 179): id=CC_FMNIST_C10CFG_K20_E100_DT_0_7 | Ep. 84/100 - Step 100/273 (2.27 it/s) |#######             | - loss_cc=4.524 - loss_ce=2.1 - loss_ne=0.0159 - loss_div=0.000354 - threshold=0.844 - loss=6.641
/scratch/e0538389/DivClust/engine/trainer.py:41: FutureWarning: `torch.cuda.amp.autocast(args...)` is deprecated. Please use `torch.amp.autocast('cuda', args...)` instead.
  with autocast(self.mixed_precision):
[2026-03-30 13:01:39](logger.py 179): id=CC_FMNIST_C10CFG_K20_E100_DT_0_7 | Ep. 84/100 - Step 125/273 (2.28 it/s) |#########           | - loss_cc=4.524 - loss_ce=2.1 - loss_ne=0.0161 - loss_div=0.000284 - threshold=0.846 - loss=6.64
/scratch/e0538389/DivClust/engine/trainer.py:41: FutureWarning: `torch.cuda.amp.autocast(args...)` is deprecated. Please use `torch.amp.autocast('cuda', args...)` instead.
  with autocast(self.mixed_precision):
/scratch/e0538389/DivClust/engine/trainer.py:41: FutureWarning: `torch.cuda.amp.autocast(args...)` is deprecated. Please use `torch.amp.autocast('cuda', args...)` instead.
  with autocast(self.mixed_precision):
[2026-03-30 13:01:51](logger.py 179): id=CC_FMNIST_C10CFG_K20_E100_DT_0_7 | Ep. 84/100 - Step 150/273 (2.27 it/s) |##########          | - loss_cc=4.526 - loss_ce=2.1 - loss_ne=0.016 - loss_div=0.000237 - threshold=0.848 - loss=6.642
/scratch/e0538389/DivClust/engine/trainer.py:41: FutureWarning: `torch.cuda.amp.autocast(args...)` is deprecated. Please use `torch.amp.autocast('cuda', args...)` instead.
  with autocast(self.mixed_precision):
[2026-03-30 13:02:01](logger.py 179): id=CC_FMNIST_C10CFG_K20_E100_DT_0_7 | Ep. 84/100 - Step 175/273 (2.29 it/s) |############        | - loss_cc=4.526 - loss_ce=2.101 - loss_ne=0.0159 - loss_div=0.000286 - threshold=0.849 - loss=6.643
/scratch/e0538389/DivClust/engine/trainer.py:41: FutureWarning: `torch.cuda.amp.autocast(args...)` is deprecated. Please use `torch.amp.autocast('cuda', args...)` instead.
  with autocast(self.mixed_precision):
[2026-03-30 13:02:12](logger.py 179): id=CC_FMNIST_C10CFG_K20_E100_DT_0_7 | Ep. 84/100 - Step 200/273 (2.3 it/s) |##############      | - loss_cc=4.525 - loss_ce=2.1 - loss_ne=0.016 - loss_div=0.000375 - threshold=0.848 - loss=6.641
/scratch/e0538389/DivClust/engine/trainer.py:41: FutureWarning: `torch.cuda.amp.autocast(args...)` is deprecated. Please use `torch.amp.autocast('cuda', args...)` instead.
  with autocast(self.mixed_precision):
[2026-03-30 13:02:22](logger.py 179): id=CC_FMNIST_C10CFG_K20_E100_DT_0_7 | Ep. 84/100 - Step 225/273 (2.3 it/s) |################    | - loss_cc=4.525 - loss_ce=2.1 - loss_ne=0.0158 - loss_div=0.000348 - threshold=0.847 - loss=6.641
/scratch/e0538389/DivClust/engine/trainer.py:41: FutureWarning: `torch.cuda.amp.autocast(args...)` is deprecated. Please use `torch.amp.autocast('cuda', args...)` instead.
  with autocast(self.mixed_precision):
/scratch/e0538389/DivClust/engine/trainer.py:41: FutureWarning: `torch.cuda.amp.autocast(args...)` is deprecated. Please use `torch.amp.autocast('cuda', args...)` instead.
  with autocast(self.mixed_precision):
[2026-03-30 13:02:34](logger.py 179): id=CC_FMNIST_C10CFG_K20_E100_DT_0_7 | Ep. 84/100 - Step 250/273 (2.29 it/s) |##################  | - loss_cc=4.525 - loss_ce=2.1 - loss_ne=0.0159 - loss_div=0.000318 - threshold=0.848 - loss=6.642
/scratch/e0538389/DivClust/engine/trainer.py:41: FutureWarning: `torch.cuda.amp.autocast(args...)` is deprecated. Please use `torch.amp.autocast('cuda', args...)` instead.
  with autocast(self.mixed_precision):
[2026-03-30 13:02:43](logger.py 179): id=CC_FMNIST_C10CFG_K20_E100_DT_0_7 | Ep. 84/100 | Time: 00:01 | loss_cc=4.526 - loss_ce=2.101 - loss_ne=0.0159 - loss_div=0.000292 - threshold=0.85 - loss=6.642
[2026-03-30 13:02:45](logger.py 179): id=CC_FMNIST_C10CFG_K20_E100_DT_0_7 | Ep. 85/100 - Step 0/273 (0.0 it/s) |                    | - loss_cc=4.537 - loss_ce=2.106 - loss_ne=0.0203 - loss_div=0.0 - threshold=0.872 - loss=6.664
/scratch/e0538389/DivClust/engine/trainer.py:41: FutureWarning: `torch.cuda.amp.autocast(args...)` is deprecated. Please use `torch.amp.autocast('cuda', args...)` instead.
  with autocast(self.mixed_precision):
[2026-03-30 13:02:56](logger.py 179): id=CC_FMNIST_C10CFG_K20_E100_DT_0_7 | Ep. 85/100 - Step 25/273 (2.32 it/s) |#                   | - loss_cc=4.517 - loss_ce=2.097 - loss_ne=0.0133 - loss_div=0.0 - threshold=0.868 - loss=6.627
/scratch/e0538389/DivClust/engine/trainer.py:41: FutureWarning: `torch.cuda.amp.autocast(args...)` is deprecated. Please use `torch.amp.autocast('cuda', args...)` instead.
  with autocast(self.mixed_precision):
[2026-03-30 13:03:07](logger.py 179): id=CC_FMNIST_C10CFG_K20_E100_DT_0_7 | Ep. 85/100 - Step 50/273 (2.32 it/s) |###                 | - loss_cc=4.521 - loss_ce=2.099 - loss_ne=0.0144 - loss_div=0.000112 - threshold=0.863 - loss=6.634
/scratch/e0538389/DivClust/engine/trainer.py:41: FutureWarning: `torch.cuda.amp.autocast(args...)` is deprecated. Please use `torch.amp.autocast('cuda', args...)` instead.
  with autocast(self.mixed_precision):
[2026-03-30 13:03:18](logger.py 179): id=CC_FMNIST_C10CFG_K20_E100_DT_0_7 | Ep. 85/100 - Step 75/273 (2.3 it/s) |#####               | - loss_cc=4.522 - loss_ce=2.099 - loss_ne=0.0148 - loss_div=0.000259 - threshold=0.858 - loss=6.636
/scratch/e0538389/DivClust/engine/trainer.py:41: FutureWarning: `torch.cuda.amp.autocast(args...)` is deprecated. Please use `torch.amp.autocast('cuda', args...)` instead.
  with autocast(self.mixed_precision):
/scratch/e0538389/DivClust/engine/trainer.py:41: FutureWarning: `torch.cuda.amp.autocast(args...)` is deprecated. Please use `torch.amp.autocast('cuda', args...)` instead.
  with autocast(self.mixed_precision):
[2026-03-30 13:03:29](logger.py 179): id=CC_FMNIST_C10CFG_K20_E100_DT_0_7 | Ep. 85/100 - Step 100/273 (2.3 it/s) |#######             | - loss_cc=4.522 - loss_ce=2.099 - loss_ne=0.0147 - loss_div=0.000341 - threshold=0.853 - loss=6.637
/scratch/e0538389/DivClust/engine/trainer.py:41: FutureWarning: `torch.cuda.amp.autocast(args...)` is deprecated. Please use `torch.amp.autocast('cuda', args...)` instead.
  with autocast(self.mixed_precision):
[2026-03-30 13:03:40](logger.py 179): id=CC_FMNIST_C10CFG_K20_E100_DT_0_7 | Ep. 85/100 - Step 125/273 (2.3 it/s) |#########           | - loss_cc=4.521 - loss_ce=2.099 - loss_ne=0.0147 - loss_div=0.000289 - threshold=0.852 - loss=6.635
/scratch/e0538389/DivClust/engine/trainer.py:41: FutureWarning: `torch.cuda.amp.autocast(args...)` is deprecated. Please use `torch.amp.autocast('cuda', args...)` instead.
  with autocast(self.mixed_precision):
[2026-03-30 13:03:50](logger.py 179): id=CC_FMNIST_C10CFG_K20_E100_DT_0_7 | Ep. 85/100 - Step 150/273 (2.3 it/s) |##########          | - loss_cc=4.522 - loss_ce=2.099 - loss_ne=0.0148 - loss_div=0.000243 - threshold=0.854 - loss=6.636
/scratch/e0538389/DivClust/engine/trainer.py:41: FutureWarning: `torch.cuda.amp.autocast(args...)` is deprecated. Please use `torch.amp.autocast('cuda', args...)` instead.
  with autocast(self.mixed_precision):
[2026-03-30 13:04:02](logger.py 179): id=CC_FMNIST_C10CFG_K20_E100_DT_0_7 | Ep. 85/100 - Step 175/273 (2.3 it/s) |############        | - loss_cc=4.521 - loss_ce=2.099 - loss_ne=0.015 - loss_div=0.000215 - threshold=0.854 - loss=6.635
/scratch/e0538389/DivClust/engine/trainer.py:41: FutureWarning: `torch.cuda.amp.autocast(args...)` is deprecated. Please use `torch.amp.autocast('cuda', args...)` instead.
  with autocast(self.mixed_precision):
/scratch/e0538389/DivClust/engine/trainer.py:41: FutureWarning: `torch.cuda.amp.autocast(args...)` is deprecated. Please use `torch.amp.autocast('cuda', args...)` instead.
  with autocast(self.mixed_precision):
[2026-03-30 13:04:12](logger.py 179): id=CC_FMNIST_C10CFG_K20_E100_DT_0_7 | Ep. 85/100 - Step 200/273 (2.3 it/s) |##############      | - loss_cc=4.52 - loss_ce=2.099 - loss_ne=0.0152 - loss_div=0.000311 - threshold=0.853 - loss=6.635
/scratch/e0538389/DivClust/engine/trainer.py:41: FutureWarning: `torch.cuda.amp.autocast(args...)` is deprecated. Please use `torch.amp.autocast('cuda', args...)` instead.
  with autocast(self.mixed_precision):
[2026-03-30 13:04:23](logger.py 179): id=CC_FMNIST_C10CFG_K20_E100_DT_0_7 | Ep. 85/100 - Step 225/273 (2.31 it/s) |################    | - loss_cc=4.521 - loss_ce=2.099 - loss_ne=0.0153 - loss_div=0.00031 - threshold=0.851 - loss=6.636
/scratch/e0538389/DivClust/engine/trainer.py:41: FutureWarning: `torch.cuda.amp.autocast(args...)` is deprecated. Please use `torch.amp.autocast('cuda', args...)` instead.
  with autocast(self.mixed_precision):
[2026-03-30 13:04:34](logger.py 179): id=CC_FMNIST_C10CFG_K20_E100_DT_0_7 | Ep. 85/100 - Step 250/273 (2.31 it/s) |##################  | - loss_cc=4.521 - loss_ce=2.099 - loss_ne=0.0155 - loss_div=0.000282 - threshold=0.851 - loss=6.636
/scratch/e0538389/DivClust/engine/trainer.py:41: FutureWarning: `torch.cuda.amp.autocast(args...)` is deprecated. Please use `torch.amp.autocast('cuda', args...)` instead.
  with autocast(self.mixed_precision):
[2026-03-30 13:04:43](logger.py 179): id=CC_FMNIST_C10CFG_K20_E100_DT_0_7 | Ep. 85/100 | Time: 00:01 | loss_cc=4.521 - loss_ce=2.099 - loss_ne=0.0155 - loss_div=0.000259 - threshold=0.852 - loss=6.636
[2026-03-30 13:04:46](logger.py 179): id=CC_FMNIST_C10CFG_K20_E100_DT_0_7 | Ep. 86/100 - Step 0/273 (0.0 it/s) |                    | - loss_cc=4.518 - loss_ce=2.095 - loss_ne=0.0106 - loss_div=0.0 - threshold=0.863 - loss=6.623
/scratch/e0538389/DivClust/engine/trainer.py:41: FutureWarning: `torch.cuda.amp.autocast(args...)` is deprecated. Please use `torch.amp.autocast('cuda', args...)` instead.
  with autocast(self.mixed_precision):
/scratch/e0538389/DivClust/engine/trainer.py:41: FutureWarning: `torch.cuda.amp.autocast(args...)` is deprecated. Please use `torch.amp.autocast('cuda', args...)` instead.
  with autocast(self.mixed_precision):
[2026-03-30 13:04:57](logger.py 179): id=CC_FMNIST_C10CFG_K20_E100_DT_0_7 | Ep. 86/100 - Step 25/273 (2.26 it/s) |#                   | - loss_cc=4.527 - loss_ce=2.101 - loss_ne=0.0158 - loss_div=5.06e-05 - threshold=0.853 - loss=6.644
/scratch/e0538389/DivClust/engine/trainer.py:41: FutureWarning: `torch.cuda.amp.autocast(args...)` is deprecated. Please use `torch.amp.autocast('cuda', args...)` instead.
  with autocast(self.mixed_precision):
[2026-03-30 13:05:07](logger.py 179): id=CC_FMNIST_C10CFG_K20_E100_DT_0_7 | Ep. 86/100 - Step 50/273 (2.31 it/s) |###                 | - loss_cc=4.525 - loss_ce=2.1 - loss_ne=0.0157 - loss_div=0.000574 - threshold=0.848 - loss=6.641
/scratch/e0538389/DivClust/engine/trainer.py:41: FutureWarning: `torch.cuda.amp.autocast(args...)` is deprecated. Please use `torch.amp.autocast('cuda', args...)` instead.
  with autocast(self.mixed_precision):
[2026-03-30 13:05:18](logger.py 179): id=CC_FMNIST_C10CFG_K20_E100_DT_0_7 | Ep. 86/100 - Step 75/273 (2.31 it/s) |#####               | - loss_cc=4.523 - loss_ce=2.101 - loss_ne=0.0153 - loss_div=0.000475 - threshold=0.846 - loss=6.64
/scratch/e0538389/DivClust/engine/trainer.py:41: FutureWarning: `torch.cuda.amp.autocast(args...)` is deprecated. Please use `torch.amp.autocast('cuda', args...)` instead.
  with autocast(self.mixed_precision):
[2026-03-30 13:05:29](logger.py 179): id=CC_FMNIST_C10CFG_K20_E100_DT_0_7 | Ep. 86/100 - Step 100/273 (2.31 it/s) |#######             | - loss_cc=4.521 - loss_ce=2.1 - loss_ne=0.0154 - loss_div=0.000358 - threshold=0.847 - loss=6.637
/scratch/e0538389/DivClust/engine/trainer.py:41: FutureWarning: `torch.cuda.amp.autocast(args...)` is deprecated. Please use `torch.amp.autocast('cuda', args...)` instead.
  with autocast(self.mixed_precision):
/scratch/e0538389/DivClust/engine/trainer.py:41: FutureWarning: `torch.cuda.amp.autocast(args...)` is deprecated. Please use `torch.amp.autocast('cuda', args...)` instead.
  with autocast(self.mixed_precision):
[2026-03-30 13:05:40](logger.py 179): id=CC_FMNIST_C10CFG_K20_E100_DT_0_7 | Ep. 86/100 - Step 125/273 (2.29 it/s) |#########           | - loss_cc=4.52 - loss_ce=2.1 - loss_ne=0.0155 - loss_div=0.000287 - threshold=0.85 - loss=6.635
/scratch/e0538389/DivClust/engine/trainer.py:41: FutureWarning: `torch.cuda.amp.autocast(args...)` is deprecated. Please use `torch.amp.autocast('cuda', args...)` instead.
  with autocast(self.mixed_precision):
[2026-03-30 13:05:51](logger.py 179): id=CC_FMNIST_C10CFG_K20_E100_DT_0_7 | Ep. 86/100 - Step 150/273 (2.3 it/s) |##########          | - loss_cc=4.519 - loss_ce=2.099 - loss_ne=0.0156 - loss_div=0.00024 - threshold=0.854 - loss=6.634
/scratch/e0538389/DivClust/engine/trainer.py:41: FutureWarning: `torch.cuda.amp.autocast(args...)` is deprecated. Please use `torch.amp.autocast('cuda', args...)` instead.
  with autocast(self.mixed_precision):
[2026-03-30 13:06:02](logger.py 179): id=CC_FMNIST_C10CFG_K20_E100_DT_0_7 | Ep. 86/100 - Step 175/273 (2.31 it/s) |############        | - loss_cc=4.52 - loss_ce=2.1 - loss_ne=0.0157 - loss_div=0.000206 - threshold=0.857 - loss=6.636
/scratch/e0538389/DivClust/engine/trainer.py:41: FutureWarning: `torch.cuda.amp.autocast(args...)` is deprecated. Please use `torch.amp.autocast('cuda', args...)` instead.
  with autocast(self.mixed_precision):
[2026-03-30 13:06:12](logger.py 179): id=CC_FMNIST_C10CFG_K20_E100_DT_0_7 | Ep. 86/100 - Step 200/273 (2.31 it/s) |##############      | - loss_cc=4.52 - loss_ce=2.099 - loss_ne=0.0159 - loss_div=0.000182 - threshold=0.858 - loss=6.635
/scratch/e0538389/DivClust/engine/trainer.py:41: FutureWarning: `torch.cuda.amp.autocast(args...)` is deprecated. Please use `torch.amp.autocast('cuda', args...)` instead.
  with autocast(self.mixed_precision):
/scratch/e0538389/DivClust/engine/trainer.py:41: FutureWarning: `torch.cuda.amp.autocast(args...)` is deprecated. Please use `torch.amp.autocast('cuda', args...)` instead.
  with autocast(self.mixed_precision):
[2026-03-30 13:06:24](logger.py 179): id=CC_FMNIST_C10CFG_K20_E100_DT_0_7 | Ep. 86/100 - Step 225/273 (2.3 it/s) |################    | - loss_cc=4.52 - loss_ce=2.099 - loss_ne=0.0158 - loss_div=0.000228 - threshold=0.858 - loss=6.636
/scratch/e0538389/DivClust/engine/trainer.py:41: FutureWarning: `torch.cuda.amp.autocast(args...)` is deprecated. Please use `torch.amp.autocast('cuda', args...)` instead.
  with autocast(self.mixed_precision):
[2026-03-30 13:06:35](logger.py 179): id=CC_FMNIST_C10CFG_K20_E100_DT_0_7 | Ep. 86/100 - Step 250/273 (2.3 it/s) |##################  | - loss_cc=4.52 - loss_ce=2.099 - loss_ne=0.0158 - loss_div=0.000288 - threshold=0.856 - loss=6.635
/scratch/e0538389/DivClust/engine/trainer.py:41: FutureWarning: `torch.cuda.amp.autocast(args...)` is deprecated. Please use `torch.amp.autocast('cuda', args...)` instead.
  with autocast(self.mixed_precision):
[2026-03-30 13:06:44](logger.py 179): id=CC_FMNIST_C10CFG_K20_E100_DT_0_7 | Ep. 86/100 | Time: 00:01 | loss_cc=4.52 - loss_ce=2.099 - loss_ne=0.0157 - loss_div=0.000313 - threshold=0.855 - loss=6.636
[2026-03-30 13:06:47](logger.py 179): id=CC_FMNIST_C10CFG_K20_E100_DT_0_7 | Ep. 87/100 - Step 0/273 (0.0 it/s) |                    | - loss_cc=4.537 - loss_ce=2.105 - loss_ne=0.0136 - loss_div=0.0 - threshold=0.845 - loss=6.656
/scratch/e0538389/DivClust/engine/trainer.py:41: FutureWarning: `torch.cuda.amp.autocast(args...)` is deprecated. Please use `torch.amp.autocast('cuda', args...)` instead.
  with autocast(self.mixed_precision):
[2026-03-30 13:06:57](logger.py 179): id=CC_FMNIST_C10CFG_K20_E100_DT_0_7 | Ep. 87/100 - Step 25/273 (2.37 it/s) |#                   | - loss_cc=4.526 - loss_ce=2.1 - loss_ne=0.0149 - loss_div=3.99e-05 - threshold=0.85 - loss=6.642
/scratch/e0538389/DivClust/engine/trainer.py:41: FutureWarning: `torch.cuda.amp.autocast(args...)` is deprecated. Please use `torch.amp.autocast('cuda', args...)` instead.
  with autocast(self.mixed_precision):
/scratch/e0538389/DivClust/engine/trainer.py:41: FutureWarning: `torch.cuda.amp.autocast(args...)` is deprecated. Please use `torch.amp.autocast('cuda', args...)` instead.
  with autocast(self.mixed_precision):
[2026-03-30 13:07:08](logger.py 179): id=CC_FMNIST_C10CFG_K20_E100_DT_0_7 | Ep. 87/100 - Step 50/273 (2.33 it/s) |###                 | - loss_cc=4.524 - loss_ce=2.099 - loss_ne=0.015 - loss_div=0.000135 - threshold=0.848 - loss=6.639
/scratch/e0538389/DivClust/engine/trainer.py:41: FutureWarning: `torch.cuda.amp.autocast(args...)` is deprecated. Please use `torch.amp.autocast('cuda', args...)` instead.
  with autocast(self.mixed_precision):
[2026-03-30 13:07:19](logger.py 179): id=CC_FMNIST_C10CFG_K20_E100_DT_0_7 | Ep. 87/100 - Step 75/273 (2.34 it/s) |#####               | - loss_cc=4.525 - loss_ce=2.1 - loss_ne=0.0152 - loss_div=0.000218 - threshold=0.845 - loss=6.641
/scratch/e0538389/DivClust/engine/trainer.py:41: FutureWarning: `torch.cuda.amp.autocast(args...)` is deprecated. Please use `torch.amp.autocast('cuda', args...)` instead.
  with autocast(self.mixed_precision):
[2026-03-30 13:07:29](logger.py 179): id=CC_FMNIST_C10CFG_K20_E100_DT_0_7 | Ep. 87/100 - Step 100/273 (2.35 it/s) |#######             | - loss_cc=4.525 - loss_ce=2.1 - loss_ne=0.0151 - loss_div=0.00017 - threshold=0.846 - loss=6.64
/scratch/e0538389/DivClust/engine/trainer.py:41: FutureWarning: `torch.cuda.amp.autocast(args...)` is deprecated. Please use `torch.amp.autocast('cuda', args...)` instead.
  with autocast(self.mixed_precision):
[2026-03-30 13:07:40](logger.py 179): id=CC_FMNIST_C10CFG_K20_E100_DT_0_7 | Ep. 87/100 - Step 125/273 (2.36 it/s) |#########           | - loss_cc=4.523 - loss_ce=2.099 - loss_ne=0.0153 - loss_div=0.000192 - threshold=0.846 - loss=6.638
/scratch/e0538389/DivClust/engine/trainer.py:41: FutureWarning: `torch.cuda.amp.autocast(args...)` is deprecated. Please use `torch.amp.autocast('cuda', args...)` instead.
  with autocast(self.mixed_precision):
/scratch/e0538389/DivClust/engine/trainer.py:41: FutureWarning: `torch.cuda.amp.autocast(args...)` is deprecated. Please use `torch.amp.autocast('cuda', args...)` instead.
  with autocast(self.mixed_precision):
[2026-03-30 13:07:51](logger.py 179): id=CC_FMNIST_C10CFG_K20_E100_DT_0_7 | Ep. 87/100 - Step 150/273 (2.33 it/s) |##########          | - loss_cc=4.522 - loss_ce=2.099 - loss_ne=0.015 - loss_div=0.000168 - threshold=0.847 - loss=6.636
/scratch/e0538389/DivClust/engine/trainer.py:41: FutureWarning: `torch.cuda.amp.autocast(args...)` is deprecated. Please use `torch.amp.autocast('cuda', args...)` instead.
  with autocast(self.mixed_precision):
[2026-03-30 13:08:02](logger.py 179): id=CC_FMNIST_C10CFG_K20_E100_DT_0_7 | Ep. 87/100 - Step 175/273 (2.33 it/s) |############        | - loss_cc=4.521 - loss_ce=2.099 - loss_ne=0.015 - loss_div=0.000144 - threshold=0.85 - loss=6.635
/scratch/e0538389/DivClust/engine/trainer.py:41: FutureWarning: `torch.cuda.amp.autocast(args...)` is deprecated. Please use `torch.amp.autocast('cuda', args...)` instead.
  with autocast(self.mixed_precision):
[2026-03-30 13:08:13](logger.py 179): id=CC_FMNIST_C10CFG_K20_E100_DT_0_7 | Ep. 87/100 - Step 200/273 (2.33 it/s) |##############      | - loss_cc=4.521 - loss_ce=2.099 - loss_ne=0.0151 - loss_div=0.000126 - threshold=0.852 - loss=6.636
/scratch/e0538389/DivClust/engine/trainer.py:41: FutureWarning: `torch.cuda.amp.autocast(args...)` is deprecated. Please use `torch.amp.autocast('cuda', args...)` instead.
  with autocast(self.mixed_precision):
[2026-03-30 13:08:23](logger.py 179): id=CC_FMNIST_C10CFG_K20_E100_DT_0_7 | Ep. 87/100 - Step 225/273 (2.32 it/s) |################    | - loss_cc=4.521 - loss_ce=2.099 - loss_ne=0.0151 - loss_div=0.000128 - threshold=0.852 - loss=6.636
/scratch/e0538389/DivClust/engine/trainer.py:41: FutureWarning: `torch.cuda.amp.autocast(args...)` is deprecated. Please use `torch.amp.autocast('cuda', args...)` instead.
  with autocast(self.mixed_precision):
/scratch/e0538389/DivClust/engine/trainer.py:41: FutureWarning: `torch.cuda.amp.autocast(args...)` is deprecated. Please use `torch.amp.autocast('cuda', args...)` instead.
  with autocast(self.mixed_precision):
[2026-03-30 13:08:34](logger.py 179): id=CC_FMNIST_C10CFG_K20_E100_DT_0_7 | Ep. 87/100 - Step 250/273 (2.32 it/s) |##################  | - loss_cc=4.521 - loss_ce=2.099 - loss_ne=0.015 - loss_div=0.00021 - threshold=0.851 - loss=6.636
/scratch/e0538389/DivClust/engine/trainer.py:41: FutureWarning: `torch.cuda.amp.autocast(args...)` is deprecated. Please use `torch.amp.autocast('cuda', args...)` instead.
  with autocast(self.mixed_precision):
[2026-03-30 13:08:44](logger.py 179): id=CC_FMNIST_C10CFG_K20_E100_DT_0_7 | Ep. 87/100 | Time: 00:01 | loss_cc=4.521 - loss_ce=2.099 - loss_ne=0.0148 - loss_div=0.000247 - threshold=0.85 - loss=6.636
[2026-03-30 13:08:47](logger.py 179): id=CC_FMNIST_C10CFG_K20_E100_DT_0_7 | Ep. 88/100 - Step 0/273 (0.0 it/s) |                    | - loss_cc=4.537 - loss_ce=2.111 - loss_ne=0.0185 - loss_div=0.00153 - threshold=0.828 - loss=6.668
/scratch/e0538389/DivClust/engine/trainer.py:41: FutureWarning: `torch.cuda.amp.autocast(args...)` is deprecated. Please use `torch.amp.autocast('cuda', args...)` instead.
  with autocast(self.mixed_precision):
[2026-03-30 13:08:57](logger.py 179): id=CC_FMNIST_C10CFG_K20_E100_DT_0_7 | Ep. 88/100 - Step 25/273 (2.31 it/s) |#                   | - loss_cc=4.526 - loss_ce=2.101 - loss_ne=0.0155 - loss_div=0.000761 - threshold=0.831 - loss=6.644
/scratch/e0538389/DivClust/engine/trainer.py:41: FutureWarning: `torch.cuda.amp.autocast(args...)` is deprecated. Please use `torch.amp.autocast('cuda', args...)` instead.
  with autocast(self.mixed_precision):
[2026-03-30 13:09:08](logger.py 179): id=CC_FMNIST_C10CFG_K20_E100_DT_0_7 | Ep. 88/100 - Step 50/273 (2.32 it/s) |###                 | - loss_cc=4.519 - loss_ce=2.099 - loss_ne=0.0148 - loss_div=0.000539 - threshold=0.836 - loss=6.634
/scratch/e0538389/DivClust/engine/trainer.py:41: FutureWarning: `torch.cuda.amp.autocast(args...)` is deprecated. Please use `torch.amp.autocast('cuda', args...)` instead.
  with autocast(self.mixed_precision):
[2026-03-30 13:09:19](logger.py 179): id=CC_FMNIST_C10CFG_K20_E100_DT_0_7 | Ep. 88/100 - Step 75/273 (2.31 it/s) |#####               | - loss_cc=4.517 - loss_ce=2.098 - loss_ne=0.015 - loss_div=0.000368 - threshold=0.841 - loss=6.63
/scratch/e0538389/DivClust/engine/trainer.py:41: FutureWarning: `torch.cuda.amp.autocast(args...)` is deprecated. Please use `torch.amp.autocast('cuda', args...)` instead.
  with autocast(self.mixed_precision):
/scratch/e0538389/DivClust/engine/trainer.py:41: FutureWarning: `torch.cuda.amp.autocast(args...)` is deprecated. Please use `torch.amp.autocast('cuda', args...)` instead.
  with autocast(self.mixed_precision):
[2026-03-30 13:09:30](logger.py 179): id=CC_FMNIST_C10CFG_K20_E100_DT_0_7 | Ep. 88/100 - Step 100/273 (2.29 it/s) |#######             | - loss_cc=4.518 - loss_ce=2.098 - loss_ne=0.0153 - loss_div=0.000277 - threshold=0.846 - loss=6.631
/scratch/e0538389/DivClust/engine/trainer.py:41: FutureWarning: `torch.cuda.amp.autocast(args...)` is deprecated. Please use `torch.amp.autocast('cuda', args...)` instead.
  with autocast(self.mixed_precision):
[2026-03-30 13:09:41](logger.py 179): id=CC_FMNIST_C10CFG_K20_E100_DT_0_7 | Ep. 88/100 - Step 125/273 (2.3 it/s) |#########           | - loss_cc=4.518 - loss_ce=2.098 - loss_ne=0.0152 - loss_div=0.000222 - threshold=0.852 - loss=6.632
/scratch/e0538389/DivClust/engine/trainer.py:41: FutureWarning: `torch.cuda.amp.autocast(args...)` is deprecated. Please use `torch.amp.autocast('cuda', args...)` instead.
  with autocast(self.mixed_precision):
[2026-03-30 13:09:52](logger.py 179): id=CC_FMNIST_C10CFG_K20_E100_DT_0_7 | Ep. 88/100 - Step 150/273 (2.3 it/s) |##########          | - loss_cc=4.518 - loss_ce=2.099 - loss_ne=0.0151 - loss_div=0.000185 - threshold=0.855 - loss=6.632
/scratch/e0538389/DivClust/engine/trainer.py:41: FutureWarning: `torch.cuda.amp.autocast(args...)` is deprecated. Please use `torch.amp.autocast('cuda', args...)` instead.
  with autocast(self.mixed_precision):
[2026-03-30 13:10:03](logger.py 179): id=CC_FMNIST_C10CFG_K20_E100_DT_0_7 | Ep. 88/100 - Step 175/273 (2.3 it/s) |############        | - loss_cc=4.518 - loss_ce=2.099 - loss_ne=0.0152 - loss_div=0.000159 - threshold=0.856 - loss=6.632
/scratch/e0538389/DivClust/engine/trainer.py:41: FutureWarning: `torch.cuda.amp.autocast(args...)` is deprecated. Please use `torch.amp.autocast('cuda', args...)` instead.
  with autocast(self.mixed_precision):
/scratch/e0538389/DivClust/engine/trainer.py:41: FutureWarning: `torch.cuda.amp.autocast(args...)` is deprecated. Please use `torch.amp.autocast('cuda', args...)` instead.
  with autocast(self.mixed_precision):
[2026-03-30 13:10:14](logger.py 179): id=CC_FMNIST_C10CFG_K20_E100_DT_0_7 | Ep. 88/100 - Step 200/273 (2.3 it/s) |##############      | - loss_cc=4.519 - loss_ce=2.099 - loss_ne=0.0152 - loss_div=0.00018 - threshold=0.856 - loss=6.633
/scratch/e0538389/DivClust/engine/trainer.py:41: FutureWarning: `torch.cuda.amp.autocast(args...)` is deprecated. Please use `torch.amp.autocast('cuda', args...)` instead.
  with autocast(self.mixed_precision):
[2026-03-30 13:10:24](logger.py 179): id=CC_FMNIST_C10CFG_K20_E100_DT_0_7 | Ep. 88/100 - Step 225/273 (2.3 it/s) |################    | - loss_cc=4.519 - loss_ce=2.099 - loss_ne=0.0152 - loss_div=0.000276 - threshold=0.854 - loss=6.634
/scratch/e0538389/DivClust/engine/trainer.py:41: FutureWarning: `torch.cuda.amp.autocast(args...)` is deprecated. Please use `torch.amp.autocast('cuda', args...)` instead.
  with autocast(self.mixed_precision):
[2026-03-30 13:10:35](logger.py 179): id=CC_FMNIST_C10CFG_K20_E100_DT_0_7 | Ep. 88/100 - Step 250/273 (2.3 it/s) |##################  | - loss_cc=4.519 - loss_ce=2.099 - loss_ne=0.0151 - loss_div=0.000274 - threshold=0.853 - loss=6.634
/scratch/e0538389/DivClust/engine/trainer.py:41: FutureWarning: `torch.cuda.amp.autocast(args...)` is deprecated. Please use `torch.amp.autocast('cuda', args...)` instead.
  with autocast(self.mixed_precision):
[2026-03-30 13:10:44](logger.py 179): id=CC_FMNIST_C10CFG_K20_E100_DT_0_7 | Ep. 88/100 | Time: 00:01 | loss_cc=4.519 - loss_ce=2.099 - loss_ne=0.0154 - loss_div=0.000254 - threshold=0.852 - loss=6.634
[2026-03-30 13:10:47](logger.py 179): id=CC_FMNIST_C10CFG_K20_E100_DT_0_7 | Ep. 89/100 - Step 0/273 (0.0 it/s) |                    | - loss_cc=4.495 - loss_ce=2.092 - loss_ne=0.0207 - loss_div=0.0 - threshold=0.852 - loss=6.608
/scratch/e0538389/DivClust/engine/trainer.py:41: FutureWarning: `torch.cuda.amp.autocast(args...)` is deprecated. Please use `torch.amp.autocast('cuda', args...)` instead.
  with autocast(self.mixed_precision):
/scratch/e0538389/DivClust/engine/trainer.py:41: FutureWarning: `torch.cuda.amp.autocast(args...)` is deprecated. Please use `torch.amp.autocast('cuda', args...)` instead.
  with autocast(self.mixed_precision):
[2026-03-30 13:10:58](logger.py 179): id=CC_FMNIST_C10CFG_K20_E100_DT_0_7 | Ep. 89/100 - Step 25/273 (2.23 it/s) |#                   | - loss_cc=4.515 - loss_ce=2.098 - loss_ne=0.0145 - loss_div=7.87e-06 - threshold=0.861 - loss=6.627
/scratch/e0538389/DivClust/engine/trainer.py:41: FutureWarning: `torch.cuda.amp.autocast(args...)` is deprecated. Please use `torch.amp.autocast('cuda', args...)` instead.
  with autocast(self.mixed_precision):
[2026-03-30 13:11:09](logger.py 179): id=CC_FMNIST_C10CFG_K20_E100_DT_0_7 | Ep. 89/100 - Step 50/273 (2.27 it/s) |###                 | - loss_cc=4.516 - loss_ce=2.098 - loss_ne=0.0158 - loss_div=5.51e-06 - threshold=0.864 - loss=6.63
/scratch/e0538389/DivClust/engine/trainer.py:41: FutureWarning: `torch.cuda.amp.autocast(args...)` is deprecated. Please use `torch.amp.autocast('cuda', args...)` instead.
  with autocast(self.mixed_precision):
[2026-03-30 13:11:20](logger.py 179): id=CC_FMNIST_C10CFG_K20_E100_DT_0_7 | Ep. 89/100 - Step 75/273 (2.3 it/s) |#####               | - loss_cc=4.517 - loss_ce=2.098 - loss_ne=0.0157 - loss_div=1.76e-05 - threshold=0.861 - loss=6.631
/scratch/e0538389/DivClust/engine/trainer.py:41: FutureWarning: `torch.cuda.amp.autocast(args...)` is deprecated. Please use `torch.amp.autocast('cuda', args...)` instead.
  with autocast(self.mixed_precision):
[2026-03-30 13:11:30](logger.py 179): id=CC_FMNIST_C10CFG_K20_E100_DT_0_7 | Ep. 89/100 - Step 100/273 (2.32 it/s) |#######             | - loss_cc=4.517 - loss_ce=2.098 - loss_ne=0.0154 - loss_div=0.000177 - threshold=0.857 - loss=6.631
/scratch/e0538389/DivClust/engine/trainer.py:41: FutureWarning: `torch.cuda.amp.autocast(args...)` is deprecated. Please use `torch.amp.autocast('cuda', args...)` instead.
  with autocast(self.mixed_precision):
/scratch/e0538389/DivClust/engine/trainer.py:41: FutureWarning: `torch.cuda.amp.autocast(args...)` is deprecated. Please use `torch.amp.autocast('cuda', args...)` instead.
  with autocast(self.mixed_precision):
[2026-03-30 13:11:41](logger.py 179): id=CC_FMNIST_C10CFG_K20_E100_DT_0_7 | Ep. 89/100 - Step 125/273 (2.31 it/s) |#########           | - loss_cc=4.519 - loss_ce=2.099 - loss_ne=0.0152 - loss_div=0.000304 - threshold=0.853 - loss=6.634
/scratch/e0538389/DivClust/engine/trainer.py:41: FutureWarning: `torch.cuda.amp.autocast(args...)` is deprecated. Please use `torch.amp.autocast('cuda', args...)` instead.
  with autocast(self.mixed_precision):
[2026-03-30 13:11:52](logger.py 179): id=CC_FMNIST_C10CFG_K20_E100_DT_0_7 | Ep. 89/100 - Step 150/273 (2.31 it/s) |##########          | - loss_cc=4.519 - loss_ce=2.099 - loss_ne=0.0153 - loss_div=0.000259 - threshold=0.852 - loss=6.634
/scratch/e0538389/DivClust/engine/trainer.py:41: FutureWarning: `torch.cuda.amp.autocast(args...)` is deprecated. Please use `torch.amp.autocast('cuda', args...)` instead.
  with autocast(self.mixed_precision):
[2026-03-30 13:12:03](logger.py 179): id=CC_FMNIST_C10CFG_K20_E100_DT_0_7 | Ep. 89/100 - Step 175/273 (2.31 it/s) |############        | - loss_cc=4.519 - loss_ce=2.099 - loss_ne=0.0151 - loss_div=0.000257 - threshold=0.851 - loss=6.633
/scratch/e0538389/DivClust/engine/trainer.py:41: FutureWarning: `torch.cuda.amp.autocast(args...)` is deprecated. Please use `torch.amp.autocast('cuda', args...)` instead.
  with autocast(self.mixed_precision):
[2026-03-30 13:12:13](logger.py 179): id=CC_FMNIST_C10CFG_K20_E100_DT_0_7 | Ep. 89/100 - Step 200/273 (2.32 it/s) |##############      | - loss_cc=4.519 - loss_ce=2.099 - loss_ne=0.0149 - loss_div=0.000237 - threshold=0.851 - loss=6.633
/scratch/e0538389/DivClust/engine/trainer.py:41: FutureWarning: `torch.cuda.amp.autocast(args...)` is deprecated. Please use `torch.amp.autocast('cuda', args...)` instead.
  with autocast(self.mixed_precision):
/scratch/e0538389/DivClust/engine/trainer.py:41: FutureWarning: `torch.cuda.amp.autocast(args...)` is deprecated. Please use `torch.amp.autocast('cuda', args...)` instead.
  with autocast(self.mixed_precision):
[2026-03-30 13:12:24](logger.py 179): id=CC_FMNIST_C10CFG_K20_E100_DT_0_7 | Ep. 89/100 - Step 225/273 (2.31 it/s) |################    | - loss_cc=4.519 - loss_ce=2.099 - loss_ne=0.0148 - loss_div=0.000238 - threshold=0.85 - loss=6.633
/scratch/e0538389/DivClust/engine/trainer.py:41: FutureWarning: `torch.cuda.amp.autocast(args...)` is deprecated. Please use `torch.amp.autocast('cuda', args...)` instead.
  with autocast(self.mixed_precision):
[2026-03-30 13:12:35](logger.py 179): id=CC_FMNIST_C10CFG_K20_E100_DT_0_7 | Ep. 89/100 - Step 250/273 (2.31 it/s) |##################  | - loss_cc=4.519 - loss_ce=2.099 - loss_ne=0.0149 - loss_div=0.000274 - threshold=0.849 - loss=6.633
/scratch/e0538389/DivClust/engine/trainer.py:41: FutureWarning: `torch.cuda.amp.autocast(args...)` is deprecated. Please use `torch.amp.autocast('cuda', args...)` instead.
  with autocast(self.mixed_precision):
[2026-03-30 13:12:45](logger.py 179): id=CC_FMNIST_C10CFG_K20_E100_DT_0_7 | Ep. 89/100 | Time: 00:01 | loss_cc=4.519 - loss_ce=2.098 - loss_ne=0.0149 - loss_div=0.000259 - threshold=0.849 - loss=6.632
[2026-03-30 13:12:47](logger.py 179): id=CC_FMNIST_C10CFG_K20_E100_DT_0_7 | Ep. 90/100 - Step 0/273 (0.0 it/s) |                    | - loss_cc=4.487 - loss_ce=2.078 - loss_ne=0.0202 - loss_div=0.0 - threshold=0.852 - loss=6.585
/scratch/e0538389/DivClust/engine/trainer.py:41: FutureWarning: `torch.cuda.amp.autocast(args...)` is deprecated. Please use `torch.amp.autocast('cuda', args...)` instead.
  with autocast(self.mixed_precision):
[2026-03-30 13:12:57](logger.py 179): id=CC_FMNIST_C10CFG_K20_E100_DT_0_7 | Ep. 90/100 - Step 25/273 (2.33 it/s) |#                   | - loss_cc=4.517 - loss_ce=2.097 - loss_ne=0.0176 - loss_div=0.000312 - threshold=0.846 - loss=6.632
/scratch/e0538389/DivClust/engine/trainer.py:41: FutureWarning: `torch.cuda.amp.autocast(args...)` is deprecated. Please use `torch.amp.autocast('cuda', args...)` instead.
  with autocast(self.mixed_precision):
[2026-03-30 13:13:08](logger.py 179): id=CC_FMNIST_C10CFG_K20_E100_DT_0_7 | Ep. 90/100 - Step 50/273 (2.3 it/s) |###                 | - loss_cc=4.518 - loss_ce=2.097 - loss_ne=0.0159 - loss_div=0.000175 - threshold=0.848 - loss=6.631
/scratch/e0538389/DivClust/engine/trainer.py:41: FutureWarning: `torch.cuda.amp.autocast(args...)` is deprecated. Please use `torch.amp.autocast('cuda', args...)` instead.
  with autocast(self.mixed_precision):
/scratch/e0538389/DivClust/engine/trainer.py:41: FutureWarning: `torch.cuda.amp.autocast(args...)` is deprecated. Please use `torch.amp.autocast('cuda', args...)` instead.
  with autocast(self.mixed_precision):
[2026-03-30 13:13:19](logger.py 179): id=CC_FMNIST_C10CFG_K20_E100_DT_0_7 | Ep. 90/100 - Step 75/273 (2.3 it/s) |#####               | - loss_cc=4.519 - loss_ce=2.097 - loss_ne=0.0159 - loss_div=0.000191 - threshold=0.847 - loss=6.632
/scratch/e0538389/DivClust/engine/trainer.py:41: FutureWarning: `torch.cuda.amp.autocast(args...)` is deprecated. Please use `torch.amp.autocast('cuda', args...)` instead.
  with autocast(self.mixed_precision):
[2026-03-30 13:13:30](logger.py 179): id=CC_FMNIST_C10CFG_K20_E100_DT_0_7 | Ep. 90/100 - Step 100/273 (2.31 it/s) |#######             | - loss_cc=4.519 - loss_ce=2.098 - loss_ne=0.0159 - loss_div=0.000144 - threshold=0.849 - loss=6.633
/scratch/e0538389/DivClust/engine/trainer.py:41: FutureWarning: `torch.cuda.amp.autocast(args...)` is deprecated. Please use `torch.amp.autocast('cuda', args...)` instead.
  with autocast(self.mixed_precision):
[2026-03-30 13:13:41](logger.py 179): id=CC_FMNIST_C10CFG_K20_E100_DT_0_7 | Ep. 90/100 - Step 125/273 (2.31 it/s) |#########           | - loss_cc=4.52 - loss_ce=2.098 - loss_ne=0.0155 - loss_div=0.000125 - threshold=0.85 - loss=6.633
/scratch/e0538389/DivClust/engine/trainer.py:41: FutureWarning: `torch.cuda.amp.autocast(args...)` is deprecated. Please use `torch.amp.autocast('cuda', args...)` instead.
  with autocast(self.mixed_precision):
[2026-03-30 13:13:52](logger.py 179): id=CC_FMNIST_C10CFG_K20_E100_DT_0_7 | Ep. 90/100 - Step 150/273 (2.3 it/s) |##########          | - loss_cc=4.52 - loss_ce=2.098 - loss_ne=0.0154 - loss_div=0.000219 - threshold=0.849 - loss=6.633
/scratch/e0538389/DivClust/engine/trainer.py:41: FutureWarning: `torch.cuda.amp.autocast(args...)` is deprecated. Please use `torch.amp.autocast('cuda', args...)` instead.
  with autocast(self.mixed_precision):
/scratch/e0538389/DivClust/engine/trainer.py:41: FutureWarning: `torch.cuda.amp.autocast(args...)` is deprecated. Please use `torch.amp.autocast('cuda', args...)` instead.
  with autocast(self.mixed_precision):
[2026-03-30 13:14:02](logger.py 179): id=CC_FMNIST_C10CFG_K20_E100_DT_0_7 | Ep. 90/100 - Step 175/273 (2.31 it/s) |############        | - loss_cc=4.519 - loss_ce=2.098 - loss_ne=0.0155 - loss_div=0.000286 - threshold=0.847 - loss=6.633
/scratch/e0538389/DivClust/engine/trainer.py:41: FutureWarning: `torch.cuda.amp.autocast(args...)` is deprecated. Please use `torch.amp.autocast('cuda', args...)` instead.
  with autocast(self.mixed_precision):
[2026-03-30 13:14:13](logger.py 179): id=CC_FMNIST_C10CFG_K20_E100_DT_0_7 | Ep. 90/100 - Step 200/273 (2.32 it/s) |##############      | - loss_cc=4.518 - loss_ce=2.098 - loss_ne=0.0153 - loss_div=0.00027 - threshold=0.847 - loss=6.632
/scratch/e0538389/DivClust/engine/trainer.py:41: FutureWarning: `torch.cuda.amp.autocast(args...)` is deprecated. Please use `torch.amp.autocast('cuda', args...)` instead.
  with autocast(self.mixed_precision):
[2026-03-30 13:14:24](logger.py 179): id=CC_FMNIST_C10CFG_K20_E100_DT_0_7 | Ep. 90/100 - Step 225/273 (2.32 it/s) |################    | - loss_cc=4.518 - loss_ce=2.098 - loss_ne=0.0153 - loss_div=0.000251 - threshold=0.848 - loss=6.631
/scratch/e0538389/DivClust/engine/trainer.py:41: FutureWarning: `torch.cuda.amp.autocast(args...)` is deprecated. Please use `torch.amp.autocast('cuda', args...)` instead.
  with autocast(self.mixed_precision):
[2026-03-30 13:14:35](logger.py 179): id=CC_FMNIST_C10CFG_K20_E100_DT_0_7 | Ep. 90/100 - Step 250/273 (2.31 it/s) |##################  | - loss_cc=4.518 - loss_ce=2.098 - loss_ne=0.0155 - loss_div=0.000226 - threshold=0.85 - loss=6.631
/scratch/e0538389/DivClust/engine/trainer.py:41: FutureWarning: `torch.cuda.amp.autocast(args...)` is deprecated. Please use `torch.amp.autocast('cuda', args...)` instead.
  with autocast(self.mixed_precision):
/scratch/e0538389/DivClust/engine/trainer.py:41: FutureWarning: `torch.cuda.amp.autocast(args...)` is deprecated. Please use `torch.amp.autocast('cuda', args...)` instead.
  with autocast(self.mixed_precision):
[2026-03-30 13:14:44](logger.py 179): Evaluating
[2026-03-30 13:14:44](logger.py 179): Eval. step 0 of 274
[2026-03-30 13:14:47](logger.py 179): Eval. step 25 of 274
[2026-03-30 13:14:49](logger.py 179): Eval. step 50 of 274
[2026-03-30 13:14:52](logger.py 179): Eval. step 75 of 274
[2026-03-30 13:14:54](logger.py 179): Eval. step 100 of 274
[2026-03-30 13:14:56](logger.py 179): Eval. step 125 of 274
[2026-03-30 13:14:59](logger.py 179): Eval. step 150 of 274
[2026-03-30 13:15:01](logger.py 179): Eval. step 175 of 274
[2026-03-30 13:15:03](logger.py 179): Eval. step 200 of 274
[2026-03-30 13:15:06](logger.py 179): Eval. step 225 of 274
[2026-03-30 13:15:08](logger.py 179): Eval. step 250 of 274
[2026-03-30 13:15:12](logger.py 179): id=CC_FMNIST_C10CFG_K20_E100_DT_0_7 | Ep. 90/100 | Time: 00:02 | loss_cc=4.518 - loss_ce=2.098 - loss_ne=0.0153 - loss_div=0.000209 - threshold=0.851 - loss=6.631 - eval_confidence=0.907 - cluster_acc_0_eval=56.6 - cluster_nmi_0_eval=0.555 - cluster_ari_0_eval=0.438 - cluster_acc_1_eval=55.34 - cluster_nmi_1_eval=0.551 - cluster_ari_1_eval=0.426 - cluster_acc_2_eval=55.7 - cluster_nmi_2_eval=0.541 - cluster_ari_2_eval=0.412 - cluster_acc_3_eval=61.71 - cluster_nmi_3_eval=0.583 - cluster_ari_3_eval=0.463 - cluster_acc_4_eval=59.24 - cluster_nmi_4_eval=0.579 - cluster_ari_4_eval=0.47 - cluster_acc_5_eval=64.73 - cluster_nmi_5_eval=0.626 - cluster_ari_5_eval=0.519 - cluster_acc_6_eval=62.38 - cluster_nmi_6_eval=0.61 - cluster_ari_6_eval=0.469 - cluster_acc_7_eval=58.5 - cluster_nmi_7_eval=0.571 - cluster_ari_7_eval=0.461 - cluster_acc_8_eval=59.64 - cluster_nmi_8_eval=0.584 - cluster_ari_8_eval=0.479 - cluster_acc_9_eval=65.21 - cluster_nmi_9_eval=0.616 - cluster_ari_9_eval=0.514 - cluster_acc_10_eval=60.61 - cluster_nmi_10_eval=0.568 - cluster_ari_10_eval=0.453 - cluster_acc_11_eval=58.37 - cluster_nmi_11_eval=0.554 - cluster_ari_11_eval=0.442 - cluster_acc_12_eval=53.32 - cluster_nmi_12_eval=0.548 - cluster_ari_12_eval=0.379 - cluster_acc_13_eval=66.86 - cluster_nmi_13_eval=0.652 - cluster_ari_13_eval=0.546 - cluster_acc_14_eval=63.49 - cluster_nmi_14_eval=0.613 - cluster_ari_14_eval=0.508 - cluster_acc_15_eval=62.73 - cluster_nmi_15_eval=0.606 - cluster_ari_15_eval=0.482 - cluster_acc_16_eval=65.64 - cluster_nmi_16_eval=0.633 - cluster_ari_16_eval=0.535 - cluster_acc_17_eval=63.63 - cluster_nmi_17_eval=0.614 - cluster_ari_17_eval=0.515 - cluster_acc_18_eval=57.38 - cluster_nmi_18_eval=0.596 - cluster_ari_18_eval=0.449 - cluster_acc_19_eval=64.18 - cluster_nmi_19_eval=0.637 - cluster_ari_19_eval=0.529 - max_cluster_acc_eval=66.86 - mean_cluster_acc_eval=60.76 - min_cluster_acc_eval=53.32 - max_cluster_nmi_eval=0.652 - mean_cluster_nmi_eval=0.592 - min_cluster_nmi_eval=0.541 - max_cluster_ari_eval=0.546 - mean_cluster_ari_eval=0.474 - min_cluster_ari_eval=0.379 - interclustering_nmi_eval=0.703
/scratch/e0538389/DivClust/engine/trainer.py:41: FutureWarning: `torch.cuda.amp.autocast(args...)` is deprecated. Please use `torch.amp.autocast('cuda', args...)` instead.
  with autocast(self.mixed_precision):
[2026-03-30 13:15:14](logger.py 179): id=CC_FMNIST_C10CFG_K20_E100_DT_0_7 | Ep. 91/100 - Step 0/273 (0.0 it/s) |                    | - loss_cc=4.506 - loss_ce=2.096 - loss_ne=0.0161 - loss_div=0.0 - threshold=0.851 - loss=6.619
/scratch/e0538389/DivClust/engine/trainer.py:41: FutureWarning: `torch.cuda.amp.autocast(args...)` is deprecated. Please use `torch.amp.autocast('cuda', args...)` instead.
  with autocast(self.mixed_precision):
[2026-03-30 13:15:25](logger.py 179): id=CC_FMNIST_C10CFG_K20_E100_DT_0_7 | Ep. 91/100 - Step 25/273 (2.37 it/s) |#                   | - loss_cc=4.516 - loss_ce=2.097 - loss_ne=0.0148 - loss_div=0.000457 - threshold=0.848 - loss=6.628
/scratch/e0538389/DivClust/engine/trainer.py:41: FutureWarning: `torch.cuda.amp.autocast(args...)` is deprecated. Please use `torch.amp.autocast('cuda', args...)` instead.
  with autocast(self.mixed_precision):
[2026-03-30 13:15:35](logger.py 179): id=CC_FMNIST_C10CFG_K20_E100_DT_0_7 | Ep. 91/100 - Step 50/273 (2.37 it/s) |###                 | - loss_cc=4.519 - loss_ce=2.099 - loss_ne=0.0147 - loss_div=0.000681 - threshold=0.843 - loss=6.633
/scratch/e0538389/DivClust/engine/trainer.py:41: FutureWarning: `torch.cuda.amp.autocast(args...)` is deprecated. Please use `torch.amp.autocast('cuda', args...)` instead.
  with autocast(self.mixed_precision):
[2026-03-30 13:15:46](logger.py 179): id=CC_FMNIST_C10CFG_K20_E100_DT_0_7 | Ep. 91/100 - Step 75/273 (2.38 it/s) |#####               | - loss_cc=4.52 - loss_ce=2.099 - loss_ne=0.015 - loss_div=0.000493 - threshold=0.842 - loss=6.635
/scratch/e0538389/DivClust/engine/trainer.py:41: FutureWarning: `torch.cuda.amp.autocast(args...)` is deprecated. Please use `torch.amp.autocast('cuda', args...)` instead.
  with autocast(self.mixed_precision):
/scratch/e0538389/DivClust/engine/trainer.py:41: FutureWarning: `torch.cuda.amp.autocast(args...)` is deprecated. Please use `torch.amp.autocast('cuda', args...)` instead.
  with autocast(self.mixed_precision):
[2026-03-30 13:15:56](logger.py 179): id=CC_FMNIST_C10CFG_K20_E100_DT_0_7 | Ep. 91/100 - Step 100/273 (2.36 it/s) |#######             | - loss_cc=4.519 - loss_ce=2.098 - loss_ne=0.0151 - loss_div=0.00041 - threshold=0.844 - loss=6.632
/scratch/e0538389/DivClust/engine/trainer.py:41: FutureWarning: `torch.cuda.amp.autocast(args...)` is deprecated. Please use `torch.amp.autocast('cuda', args...)` instead.
  with autocast(self.mixed_precision):
[2026-03-30 13:16:07](logger.py 179): id=CC_FMNIST_C10CFG_K20_E100_DT_0_7 | Ep. 91/100 - Step 125/273 (2.35 it/s) |#########           | - loss_cc=4.519 - loss_ce=2.098 - loss_ne=0.015 - loss_div=0.000434 - threshold=0.843 - loss=6.633
/scratch/e0538389/DivClust/engine/trainer.py:41: FutureWarning: `torch.cuda.amp.autocast(args...)` is deprecated. Please use `torch.amp.autocast('cuda', args...)` instead.
  with autocast(self.mixed_precision):
[2026-03-30 13:16:18](logger.py 179): id=CC_FMNIST_C10CFG_K20_E100_DT_0_7 | Ep. 91/100 - Step 150/273 (2.35 it/s) |##########          | - loss_cc=4.519 - loss_ce=2.099 - loss_ne=0.015 - loss_div=0.000404 - threshold=0.842 - loss=6.634
/scratch/e0538389/DivClust/engine/trainer.py:41: FutureWarning: `torch.cuda.amp.autocast(args...)` is deprecated. Please use `torch.amp.autocast('cuda', args...)` instead.
  with autocast(self.mixed_precision):
[2026-03-30 13:16:29](logger.py 179): id=CC_FMNIST_C10CFG_K20_E100_DT_0_7 | Ep. 91/100 - Step 175/273 (2.34 it/s) |############        | - loss_cc=4.518 - loss_ce=2.098 - loss_ne=0.0151 - loss_div=0.000355 - threshold=0.843 - loss=6.632
/scratch/e0538389/DivClust/engine/trainer.py:41: FutureWarning: `torch.cuda.amp.autocast(args...)` is deprecated. Please use `torch.amp.autocast('cuda', args...)` instead.
  with autocast(self.mixed_precision):
/scratch/e0538389/DivClust/engine/trainer.py:41: FutureWarning: `torch.cuda.amp.autocast(args...)` is deprecated. Please use `torch.amp.autocast('cuda', args...)` instead.
  with autocast(self.mixed_precision):
[2026-03-30 13:16:40](logger.py 179): id=CC_FMNIST_C10CFG_K20_E100_DT_0_7 | Ep. 91/100 - Step 200/273 (2.33 it/s) |##############      | - loss_cc=4.518 - loss_ce=2.098 - loss_ne=0.0148 - loss_div=0.000312 - threshold=0.845 - loss=6.631
/scratch/e0538389/DivClust/engine/trainer.py:41: FutureWarning: `torch.cuda.amp.autocast(args...)` is deprecated. Please use `torch.amp.autocast('cuda', args...)` instead.
  with autocast(self.mixed_precision):
[2026-03-30 13:16:51](logger.py 179): id=CC_FMNIST_C10CFG_K20_E100_DT_0_7 | Ep. 91/100 - Step 225/273 (2.33 it/s) |################    | - loss_cc=4.518 - loss_ce=2.098 - loss_ne=0.0151 - loss_div=0.0003 - threshold=0.845 - loss=6.631
/scratch/e0538389/DivClust/engine/trainer.py:41: FutureWarning: `torch.cuda.amp.autocast(args...)` is deprecated. Please use `torch.amp.autocast('cuda', args...)` instead.
  with autocast(self.mixed_precision):
[2026-03-30 13:17:01](logger.py 179): id=CC_FMNIST_C10CFG_K20_E100_DT_0_7 | Ep. 91/100 - Step 250/273 (2.33 it/s) |##################  | - loss_cc=4.518 - loss_ce=2.099 - loss_ne=0.0151 - loss_div=0.000326 - threshold=0.844 - loss=6.632
/scratch/e0538389/DivClust/engine/trainer.py:41: FutureWarning: `torch.cuda.amp.autocast(args...)` is deprecated. Please use `torch.amp.autocast('cuda', args...)` instead.
  with autocast(self.mixed_precision):
[2026-03-30 13:17:11](logger.py 179): id=CC_FMNIST_C10CFG_K20_E100_DT_0_7 | Ep. 91/100 | Time: 00:01 | loss_cc=4.518 - loss_ce=2.099 - loss_ne=0.0151 - loss_div=0.000305 - threshold=0.844 - loss=6.632
[2026-03-30 13:17:13](logger.py 179): id=CC_FMNIST_C10CFG_K20_E100_DT_0_7 | Ep. 92/100 - Step 0/273 (0.0 it/s) |                    | - loss_cc=4.508 - loss_ce=2.097 - loss_ne=0.0103 - loss_div=0.0 - threshold=0.842 - loss=6.614
/scratch/e0538389/DivClust/engine/trainer.py:41: FutureWarning: `torch.cuda.amp.autocast(args...)` is deprecated. Please use `torch.amp.autocast('cuda', args...)` instead.
  with autocast(self.mixed_precision):
/scratch/e0538389/DivClust/engine/trainer.py:41: FutureWarning: `torch.cuda.amp.autocast(args...)` is deprecated. Please use `torch.amp.autocast('cuda', args...)` instead.
  with autocast(self.mixed_precision):
[2026-03-30 13:17:24](logger.py 179): id=CC_FMNIST_C10CFG_K20_E100_DT_0_7 | Ep. 92/100 - Step 25/273 (2.26 it/s) |#                   | - loss_cc=4.515 - loss_ce=2.097 - loss_ne=0.0168 - loss_div=3.63e-05 - threshold=0.848 - loss=6.629
/scratch/e0538389/DivClust/engine/trainer.py:41: FutureWarning: `torch.cuda.amp.autocast(args...)` is deprecated. Please use `torch.amp.autocast('cuda', args...)` instead.
  with autocast(self.mixed_precision):
[2026-03-30 13:17:35](logger.py 179): id=CC_FMNIST_C10CFG_K20_E100_DT_0_7 | Ep. 92/100 - Step 50/273 (2.29 it/s) |###                 | - loss_cc=4.52 - loss_ce=2.099 - loss_ne=0.0154 - loss_div=0.000281 - threshold=0.846 - loss=6.635
/scratch/e0538389/DivClust/engine/trainer.py:41: FutureWarning: `torch.cuda.amp.autocast(args...)` is deprecated. Please use `torch.amp.autocast('cuda', args...)` instead.
  with autocast(self.mixed_precision):
[2026-03-30 13:17:46](logger.py 179): id=CC_FMNIST_C10CFG_K20_E100_DT_0_7 | Ep. 92/100 - Step 75/273 (2.3 it/s) |#####               | - loss_cc=4.518 - loss_ce=2.098 - loss_ne=0.0145 - loss_div=0.000191 - threshold=0.849 - loss=6.631
/scratch/e0538389/DivClust/engine/trainer.py:41: FutureWarning: `torch.cuda.amp.autocast(args...)` is deprecated. Please use `torch.amp.autocast('cuda', args...)` instead.
  with autocast(self.mixed_precision):
[2026-03-30 13:17:57](logger.py 179): id=CC_FMNIST_C10CFG_K20_E100_DT_0_7 | Ep. 92/100 - Step 100/273 (2.3 it/s) |#######             | - loss_cc=4.519 - loss_ce=2.098 - loss_ne=0.0144 - loss_div=0.000156 - threshold=0.853 - loss=6.632
/scratch/e0538389/DivClust/engine/trainer.py:41: FutureWarning: `torch.cuda.amp.autocast(args...)` is deprecated. Please use `torch.amp.autocast('cuda', args...)` instead.
  with autocast(self.mixed_precision):
/scratch/e0538389/DivClust/engine/trainer.py:41: FutureWarning: `torch.cuda.amp.autocast(args...)` is deprecated. Please use `torch.amp.autocast('cuda', args...)` instead.
  with autocast(self.mixed_precision):
[2026-03-30 13:18:08](logger.py 179): id=CC_FMNIST_C10CFG_K20_E100_DT_0_7 | Ep. 92/100 - Step 125/273 (2.29 it/s) |#########           | - loss_cc=4.517 - loss_ce=2.098 - loss_ne=0.0145 - loss_div=0.000142 - threshold=0.854 - loss=6.629
/scratch/e0538389/DivClust/engine/trainer.py:41: FutureWarning: `torch.cuda.amp.autocast(args...)` is deprecated. Please use `torch.amp.autocast('cuda', args...)` instead.
  with autocast(self.mixed_precision):
[2026-03-30 13:18:19](logger.py 179): id=CC_FMNIST_C10CFG_K20_E100_DT_0_7 | Ep. 92/100 - Step 150/273 (2.29 it/s) |##########          | - loss_cc=4.518 - loss_ce=2.098 - loss_ne=0.0146 - loss_div=0.000182 - threshold=0.853 - loss=6.63
/scratch/e0538389/DivClust/engine/trainer.py:41: FutureWarning: `torch.cuda.amp.autocast(args...)` is deprecated. Please use `torch.amp.autocast('cuda', args...)` instead.
  with autocast(self.mixed_precision):
[2026-03-30 13:18:30](logger.py 179): id=CC_FMNIST_C10CFG_K20_E100_DT_0_7 | Ep. 92/100 - Step 175/273 (2.29 it/s) |############        | - loss_cc=4.517 - loss_ce=2.098 - loss_ne=0.0146 - loss_div=0.000218 - threshold=0.852 - loss=6.629
/scratch/e0538389/DivClust/engine/trainer.py:41: FutureWarning: `torch.cuda.amp.autocast(args...)` is deprecated. Please use `torch.amp.autocast('cuda', args...)` instead.
  with autocast(self.mixed_precision):
[2026-03-30 13:18:40](logger.py 179): id=CC_FMNIST_C10CFG_K20_E100_DT_0_7 | Ep. 92/100 - Step 200/273 (2.29 it/s) |##############      | - loss_cc=4.516 - loss_ce=2.098 - loss_ne=0.0145 - loss_div=0.000194 - threshold=0.853 - loss=6.629
/scratch/e0538389/DivClust/engine/trainer.py:41: FutureWarning: `torch.cuda.amp.autocast(args...)` is deprecated. Please use `torch.amp.autocast('cuda', args...)` instead.
  with autocast(self.mixed_precision):
/scratch/e0538389/DivClust/engine/trainer.py:41: FutureWarning: `torch.cuda.amp.autocast(args...)` is deprecated. Please use `torch.amp.autocast('cuda', args...)` instead.
  with autocast(self.mixed_precision):
[2026-03-30 13:18:52](logger.py 179): id=CC_FMNIST_C10CFG_K20_E100_DT_0_7 | Ep. 92/100 - Step 225/273 (2.29 it/s) |################    | - loss_cc=4.517 - loss_ce=2.098 - loss_ne=0.0147 - loss_div=0.000174 - threshold=0.854 - loss=6.629
/scratch/e0538389/DivClust/engine/trainer.py:41: FutureWarning: `torch.cuda.amp.autocast(args...)` is deprecated. Please use `torch.amp.autocast('cuda', args...)` instead.
  with autocast(self.mixed_precision):
[2026-03-30 13:19:03](logger.py 179): id=CC_FMNIST_C10CFG_K20_E100_DT_0_7 | Ep. 92/100 - Step 250/273 (2.29 it/s) |##################  | - loss_cc=4.516 - loss_ce=2.098 - loss_ne=0.0146 - loss_div=0.000182 - threshold=0.854 - loss=6.629
/scratch/e0538389/DivClust/engine/trainer.py:41: FutureWarning: `torch.cuda.amp.autocast(args...)` is deprecated. Please use `torch.amp.autocast('cuda', args...)` instead.
  with autocast(self.mixed_precision):
[2026-03-30 13:19:12](logger.py 179): id=CC_FMNIST_C10CFG_K20_E100_DT_0_7 | Ep. 92/100 | Time: 00:01 | loss_cc=4.516 - loss_ce=2.098 - loss_ne=0.0148 - loss_div=0.000203 - threshold=0.854 - loss=6.629
[2026-03-30 13:19:15](logger.py 179): id=CC_FMNIST_C10CFG_K20_E100_DT_0_7 | Ep. 93/100 - Step 0/273 (0.0 it/s) |                    | - loss_cc=4.538 - loss_ce=2.102 - loss_ne=0.019 - loss_div=0.000153 - threshold=0.841 - loss=6.659
/scratch/e0538389/DivClust/engine/trainer.py:41: FutureWarning: `torch.cuda.amp.autocast(args...)` is deprecated. Please use `torch.amp.autocast('cuda', args...)` instead.
  with autocast(self.mixed_precision):
[2026-03-30 13:19:25](logger.py 179): id=CC_FMNIST_C10CFG_K20_E100_DT_0_7 | Ep. 93/100 - Step 25/273 (2.31 it/s) |#                   | - loss_cc=4.519 - loss_ce=2.1 - loss_ne=0.0134 - loss_div=0.000593 - threshold=0.837 - loss=6.633
/scratch/e0538389/DivClust/engine/trainer.py:41: FutureWarning: `torch.cuda.amp.autocast(args...)` is deprecated. Please use `torch.amp.autocast('cuda', args...)` instead.
  with autocast(self.mixed_precision):
[2026-03-30 13:19:36](logger.py 179): id=CC_FMNIST_C10CFG_K20_E100_DT_0_7 | Ep. 93/100 - Step 50/273 (2.31 it/s) |###                 | - loss_cc=4.521 - loss_ce=2.1 - loss_ne=0.0143 - loss_div=0.000463 - threshold=0.838 - loss=6.636
/scratch/e0538389/DivClust/engine/trainer.py:41: FutureWarning: `torch.cuda.amp.autocast(args...)` is deprecated. Please use `torch.amp.autocast('cuda', args...)` instead.
  with autocast(self.mixed_precision):
/scratch/e0538389/DivClust/engine/trainer.py:41: FutureWarning: `torch.cuda.amp.autocast(args...)` is deprecated. Please use `torch.amp.autocast('cuda', args...)` instead.
  with autocast(self.mixed_precision):
[2026-03-30 13:19:47](logger.py 179): id=CC_FMNIST_C10CFG_K20_E100_DT_0_7 | Ep. 93/100 - Step 75/273 (2.29 it/s) |#####               | - loss_cc=4.519 - loss_ce=2.099 - loss_ne=0.016 - loss_div=0.000327 - threshold=0.841 - loss=6.635
/scratch/e0538389/DivClust/engine/trainer.py:41: FutureWarning: `torch.cuda.amp.autocast(args...)` is deprecated. Please use `torch.amp.autocast('cuda', args...)` instead.
  with autocast(self.mixed_precision):
[2026-03-30 13:19:58](logger.py 179): id=CC_FMNIST_C10CFG_K20_E100_DT_0_7 | Ep. 93/100 - Step 100/273 (2.3 it/s) |#######             | - loss_cc=4.519 - loss_ce=2.1 - loss_ne=0.0156 - loss_div=0.000276 - threshold=0.842 - loss=6.635
/scratch/e0538389/DivClust/engine/trainer.py:41: FutureWarning: `torch.cuda.amp.autocast(args...)` is deprecated. Please use `torch.amp.autocast('cuda', args...)` instead.
  with autocast(self.mixed_precision):
[2026-03-30 13:20:09](logger.py 179): id=CC_FMNIST_C10CFG_K20_E100_DT_0_7 | Ep. 93/100 - Step 125/273 (2.3 it/s) |#########           | - loss_cc=4.521 - loss_ce=2.1 - loss_ne=0.0155 - loss_div=0.000228 - threshold=0.845 - loss=6.636
/scratch/e0538389/DivClust/engine/trainer.py:41: FutureWarning: `torch.cuda.amp.autocast(args...)` is deprecated. Please use `torch.amp.autocast('cuda', args...)` instead.
  with autocast(self.mixed_precision):
[2026-03-30 13:20:20](logger.py 179): id=CC_FMNIST_C10CFG_K20_E100_DT_0_7 | Ep. 93/100 - Step 150/273 (2.3 it/s) |##########          | - loss_cc=4.521 - loss_ce=2.1 - loss_ne=0.0154 - loss_div=0.000233 - threshold=0.846 - loss=6.636
/scratch/e0538389/DivClust/engine/trainer.py:41: FutureWarning: `torch.cuda.amp.autocast(args...)` is deprecated. Please use `torch.amp.autocast('cuda', args...)` instead.
  with autocast(self.mixed_precision):
/scratch/e0538389/DivClust/engine/trainer.py:41: FutureWarning: `torch.cuda.amp.autocast(args...)` is deprecated. Please use `torch.amp.autocast('cuda', args...)` instead.
  with autocast(self.mixed_precision):
[2026-03-30 13:20:31](logger.py 179): id=CC_FMNIST_C10CFG_K20_E100_DT_0_7 | Ep. 93/100 - Step 175/273 (2.29 it/s) |############        | - loss_cc=4.521 - loss_ce=2.1 - loss_ne=0.0152 - loss_div=0.000297 - threshold=0.845 - loss=6.636
/scratch/e0538389/DivClust/engine/trainer.py:41: FutureWarning: `torch.cuda.amp.autocast(args...)` is deprecated. Please use `torch.amp.autocast('cuda', args...)` instead.
  with autocast(self.mixed_precision):
[2026-03-30 13:20:42](logger.py 179): id=CC_FMNIST_C10CFG_K20_E100_DT_0_7 | Ep. 93/100 - Step 200/273 (2.29 it/s) |##############      | - loss_cc=4.52 - loss_ce=2.1 - loss_ne=0.0151 - loss_div=0.000396 - threshold=0.843 - loss=6.636
/scratch/e0538389/DivClust/engine/trainer.py:41: FutureWarning: `torch.cuda.amp.autocast(args...)` is deprecated. Please use `torch.amp.autocast('cuda', args...)` instead.
  with autocast(self.mixed_precision):
[2026-03-30 13:20:53](logger.py 179): id=CC_FMNIST_C10CFG_K20_E100_DT_0_7 | Ep. 93/100 - Step 225/273 (2.29 it/s) |################    | - loss_cc=4.52 - loss_ce=2.1 - loss_ne=0.0152 - loss_div=0.000395 - threshold=0.841 - loss=6.635
/scratch/e0538389/DivClust/engine/trainer.py:41: FutureWarning: `torch.cuda.amp.autocast(args...)` is deprecated. Please use `torch.amp.autocast('cuda', args...)` instead.
  with autocast(self.mixed_precision):
[2026-03-30 13:21:03](logger.py 179): id=CC_FMNIST_C10CFG_K20_E100_DT_0_7 | Ep. 93/100 - Step 250/273 (2.3 it/s) |##################  | - loss_cc=4.52 - loss_ce=2.1 - loss_ne=0.0151 - loss_div=0.000376 - threshold=0.841 - loss=6.635
/scratch/e0538389/DivClust/engine/trainer.py:41: FutureWarning: `torch.cuda.amp.autocast(args...)` is deprecated. Please use `torch.amp.autocast('cuda', args...)` instead.
  with autocast(self.mixed_precision):
/scratch/e0538389/DivClust/engine/trainer.py:41: FutureWarning: `torch.cuda.amp.autocast(args...)` is deprecated. Please use `torch.amp.autocast('cuda', args...)` instead.
  with autocast(self.mixed_precision):
[2026-03-30 13:21:13](logger.py 179): id=CC_FMNIST_C10CFG_K20_E100_DT_0_7 | Ep. 93/100 | Time: 00:01 | loss_cc=4.52 - loss_ce=2.1 - loss_ne=0.0151 - loss_div=0.000346 - threshold=0.842 - loss=6.635
[2026-03-30 13:21:15](logger.py 179): id=CC_FMNIST_C10CFG_K20_E100_DT_0_7 | Ep. 94/100 - Step 0/273 (0.0 it/s) |                    | - loss_cc=4.519 - loss_ce=2.094 - loss_ne=0.00955 - loss_div=0.0 - threshold=0.858 - loss=6.622
/scratch/e0538389/DivClust/engine/trainer.py:41: FutureWarning: `torch.cuda.amp.autocast(args...)` is deprecated. Please use `torch.amp.autocast('cuda', args...)` instead.
  with autocast(self.mixed_precision):
[2026-03-30 13:21:26](logger.py 179): id=CC_FMNIST_C10CFG_K20_E100_DT_0_7 | Ep. 94/100 - Step 25/273 (2.39 it/s) |#                   | - loss_cc=4.514 - loss_ce=2.097 - loss_ne=0.0168 - loss_div=0.0 - threshold=0.86 - loss=6.628
/scratch/e0538389/DivClust/engine/trainer.py:41: FutureWarning: `torch.cuda.amp.autocast(args...)` is deprecated. Please use `torch.amp.autocast('cuda', args...)` instead.
  with autocast(self.mixed_precision):
[2026-03-30 13:21:36](logger.py 179): id=CC_FMNIST_C10CFG_K20_E100_DT_0_7 | Ep. 94/100 - Step 50/273 (2.34 it/s) |###                 | - loss_cc=4.517 - loss_ce=2.099 - loss_ne=0.0162 - loss_div=5.37e-06 - threshold=0.866 - loss=6.632
/scratch/e0538389/DivClust/engine/trainer.py:41: FutureWarning: `torch.cuda.amp.autocast(args...)` is deprecated. Please use `torch.amp.autocast('cuda', args...)` instead.
  with autocast(self.mixed_precision):
[2026-03-30 13:21:47](logger.py 179): id=CC_FMNIST_C10CFG_K20_E100_DT_0_7 | Ep. 94/100 - Step 75/273 (2.33 it/s) |#####               | - loss_cc=4.517 - loss_ce=2.099 - loss_ne=0.0159 - loss_div=3.6e-06 - threshold=0.867 - loss=6.633
/scratch/e0538389/DivClust/engine/trainer.py:41: FutureWarning: `torch.cuda.amp.autocast(args...)` is deprecated. Please use `torch.amp.autocast('cuda', args...)` instead.
  with autocast(self.mixed_precision):
/scratch/e0538389/DivClust/engine/trainer.py:41: FutureWarning: `torch.cuda.amp.autocast(args...)` is deprecated. Please use `torch.amp.autocast('cuda', args...)` instead.
  with autocast(self.mixed_precision):
[2026-03-30 13:21:59](logger.py 179): id=CC_FMNIST_C10CFG_K20_E100_DT_0_7 | Ep. 94/100 - Step 100/273 (2.3 it/s) |#######             | - loss_cc=4.517 - loss_ce=2.098 - loss_ne=0.016 - loss_div=0.000141 - threshold=0.864 - loss=6.631
/scratch/e0538389/DivClust/engine/trainer.py:41: FutureWarning: `torch.cuda.amp.autocast(args...)` is deprecated. Please use `torch.amp.autocast('cuda', args...)` instead.
  with autocast(self.mixed_precision):
[2026-03-30 13:22:09](logger.py 179): id=CC_FMNIST_C10CFG_K20_E100_DT_0_7 | Ep. 94/100 - Step 125/273 (2.3 it/s) |#########           | - loss_cc=4.515 - loss_ce=2.098 - loss_ne=0.0154 - loss_div=0.000186 - threshold=0.861 - loss=6.628
/scratch/e0538389/DivClust/engine/trainer.py:41: FutureWarning: `torch.cuda.amp.autocast(args...)` is deprecated. Please use `torch.amp.autocast('cuda', args...)` instead.
  with autocast(self.mixed_precision):
[2026-03-30 13:22:20](logger.py 179): id=CC_FMNIST_C10CFG_K20_E100_DT_0_7 | Ep. 94/100 - Step 150/273 (2.31 it/s) |##########          | - loss_cc=4.517 - loss_ce=2.098 - loss_ne=0.0152 - loss_div=0.000268 - threshold=0.857 - loss=6.63
/scratch/e0538389/DivClust/engine/trainer.py:41: FutureWarning: `torch.cuda.amp.autocast(args...)` is deprecated. Please use `torch.amp.autocast('cuda', args...)` instead.
  with autocast(self.mixed_precision):
[2026-03-30 13:22:31](logger.py 179): id=CC_FMNIST_C10CFG_K20_E100_DT_0_7 | Ep. 94/100 - Step 175/273 (2.31 it/s) |############        | - loss_cc=4.517 - loss_ce=2.098 - loss_ne=0.0151 - loss_div=0.000239 - threshold=0.854 - loss=6.631
/scratch/e0538389/DivClust/engine/trainer.py:41: FutureWarning: `torch.cuda.amp.autocast(args...)` is deprecated. Please use `torch.amp.autocast('cuda', args...)` instead.
  with autocast(self.mixed_precision):
/scratch/e0538389/DivClust/engine/trainer.py:41: FutureWarning: `torch.cuda.amp.autocast(args...)` is deprecated. Please use `torch.amp.autocast('cuda', args...)` instead.
  with autocast(self.mixed_precision):
[2026-03-30 13:22:42](logger.py 179): id=CC_FMNIST_C10CFG_K20_E100_DT_0_7 | Ep. 94/100 - Step 200/273 (2.31 it/s) |##############      | - loss_cc=4.517 - loss_ce=2.098 - loss_ne=0.0151 - loss_div=0.000218 - threshold=0.853 - loss=6.63
/scratch/e0538389/DivClust/engine/trainer.py:41: FutureWarning: `torch.cuda.amp.autocast(args...)` is deprecated. Please use `torch.amp.autocast('cuda', args...)` instead.
  with autocast(self.mixed_precision):
[2026-03-30 13:22:53](logger.py 179): id=CC_FMNIST_C10CFG_K20_E100_DT_0_7 | Ep. 94/100 - Step 225/273 (2.31 it/s) |################    | - loss_cc=4.517 - loss_ce=2.098 - loss_ne=0.0152 - loss_div=0.000226 - threshold=0.852 - loss=6.631
/scratch/e0538389/DivClust/engine/trainer.py:41: FutureWarning: `torch.cuda.amp.autocast(args...)` is deprecated. Please use `torch.amp.autocast('cuda', args...)` instead.
  with autocast(self.mixed_precision):
[2026-03-30 13:23:03](logger.py 179): id=CC_FMNIST_C10CFG_K20_E100_DT_0_7 | Ep. 94/100 - Step 250/273 (2.31 it/s) |##################  | - loss_cc=4.518 - loss_ce=2.098 - loss_ne=0.0151 - loss_div=0.000204 - threshold=0.852 - loss=6.631
/scratch/e0538389/DivClust/engine/trainer.py:41: FutureWarning: `torch.cuda.amp.autocast(args...)` is deprecated. Please use `torch.amp.autocast('cuda', args...)` instead.
  with autocast(self.mixed_precision):
[2026-03-30 13:23:12](logger.py 179): id=CC_FMNIST_C10CFG_K20_E100_DT_0_7 | Ep. 94/100 | Time: 00:01 | loss_cc=4.518 - loss_ce=2.098 - loss_ne=0.0149 - loss_div=0.000217 - threshold=0.852 - loss=6.631
[2026-03-30 13:23:15](logger.py 179): id=CC_FMNIST_C10CFG_K20_E100_DT_0_7 | Ep. 95/100 - Step 0/273 (0.0 it/s) |                    | - loss_cc=4.509 - loss_ce=2.09 - loss_ne=0.0117 - loss_div=0.0 - threshold=0.849 - loss=6.611
/scratch/e0538389/DivClust/engine/trainer.py:41: FutureWarning: `torch.cuda.amp.autocast(args...)` is deprecated. Please use `torch.amp.autocast('cuda', args...)` instead.
  with autocast(self.mixed_precision):
[2026-03-30 13:23:26](logger.py 179): id=CC_FMNIST_C10CFG_K20_E100_DT_0_7 | Ep. 95/100 - Step 25/273 (2.25 it/s) |#                   | - loss_cc=4.525 - loss_ce=2.1 - loss_ne=0.0149 - loss_div=0.000623 - threshold=0.842 - loss=6.641
/scratch/e0538389/DivClust/engine/trainer.py:41: FutureWarning: `torch.cuda.amp.autocast(args...)` is deprecated. Please use `torch.amp.autocast('cuda', args...)` instead.
  with autocast(self.mixed_precision):
/scratch/e0538389/DivClust/engine/trainer.py:41: FutureWarning: `torch.cuda.amp.autocast(args...)` is deprecated. Please use `torch.amp.autocast('cuda', args...)` instead.
  with autocast(self.mixed_precision):
[2026-03-30 13:23:37](logger.py 179): id=CC_FMNIST_C10CFG_K20_E100_DT_0_7 | Ep. 95/100 - Step 50/273 (2.31 it/s) |###                 | - loss_cc=4.52 - loss_ce=2.099 - loss_ne=0.0152 - loss_div=0.000318 - threshold=0.846 - loss=6.635
/scratch/e0538389/DivClust/engine/trainer.py:41: FutureWarning: `torch.cuda.amp.autocast(args...)` is deprecated. Please use `torch.amp.autocast('cuda', args...)` instead.
  with autocast(self.mixed_precision):
[2026-03-30 13:23:47](logger.py 179): id=CC_FMNIST_C10CFG_K20_E100_DT_0_7 | Ep. 95/100 - Step 75/273 (2.33 it/s) |#####               | - loss_cc=4.521 - loss_ce=2.099 - loss_ne=0.0149 - loss_div=0.000233 - threshold=0.849 - loss=6.635
/scratch/e0538389/DivClust/engine/trainer.py:41: FutureWarning: `torch.cuda.amp.autocast(args...)` is deprecated. Please use `torch.amp.autocast('cuda', args...)` instead.
  with autocast(self.mixed_precision):
[2026-03-30 13:23:58](logger.py 179): id=CC_FMNIST_C10CFG_K20_E100_DT_0_7 | Ep. 95/100 - Step 100/273 (2.33 it/s) |#######             | - loss_cc=4.52 - loss_ce=2.099 - loss_ne=0.0153 - loss_div=0.000177 - threshold=0.85 - loss=6.635
/scratch/e0538389/DivClust/engine/trainer.py:41: FutureWarning: `torch.cuda.amp.autocast(args...)` is deprecated. Please use `torch.amp.autocast('cuda', args...)` instead.
  with autocast(self.mixed_precision):
[2026-03-30 13:24:09](logger.py 179): id=CC_FMNIST_C10CFG_K20_E100_DT_0_7 | Ep. 95/100 - Step 125/273 (2.33 it/s) |#########           | - loss_cc=4.519 - loss_ce=2.098 - loss_ne=0.0148 - loss_div=0.000158 - threshold=0.85 - loss=6.632
/scratch/e0538389/DivClust/engine/trainer.py:41: FutureWarning: `torch.cuda.amp.autocast(args...)` is deprecated. Please use `torch.amp.autocast('cuda', args...)` instead.
  with autocast(self.mixed_precision):
/scratch/e0538389/DivClust/engine/trainer.py:41: FutureWarning: `torch.cuda.amp.autocast(args...)` is deprecated. Please use `torch.amp.autocast('cuda', args...)` instead.
  with autocast(self.mixed_precision):
[2026-03-30 13:24:19](logger.py 179): id=CC_FMNIST_C10CFG_K20_E100_DT_0_7 | Ep. 95/100 - Step 150/273 (2.34 it/s) |##########          | - loss_cc=4.518 - loss_ce=2.098 - loss_ne=0.0146 - loss_div=0.000302 - threshold=0.848 - loss=6.631
/scratch/e0538389/DivClust/engine/trainer.py:41: FutureWarning: `torch.cuda.amp.autocast(args...)` is deprecated. Please use `torch.amp.autocast('cuda', args...)` instead.
  with autocast(self.mixed_precision):
[2026-03-30 13:24:30](logger.py 179): id=CC_FMNIST_C10CFG_K20_E100_DT_0_7 | Ep. 95/100 - Step 175/273 (2.34 it/s) |############        | - loss_cc=4.518 - loss_ce=2.098 - loss_ne=0.0147 - loss_div=0.000368 - threshold=0.846 - loss=6.632
/scratch/e0538389/DivClust/engine/trainer.py:41: FutureWarning: `torch.cuda.amp.autocast(args...)` is deprecated. Please use `torch.amp.autocast('cuda', args...)` instead.
  with autocast(self.mixed_precision):
[2026-03-30 13:24:40](logger.py 179): id=CC_FMNIST_C10CFG_K20_E100_DT_0_7 | Ep. 95/100 - Step 200/273 (2.35 it/s) |##############      | - loss_cc=4.518 - loss_ce=2.098 - loss_ne=0.0145 - loss_div=0.000328 - threshold=0.846 - loss=6.631
/scratch/e0538389/DivClust/engine/trainer.py:41: FutureWarning: `torch.cuda.amp.autocast(args...)` is deprecated. Please use `torch.amp.autocast('cuda', args...)` instead.
  with autocast(self.mixed_precision):
[2026-03-30 13:24:51](logger.py 179): id=CC_FMNIST_C10CFG_K20_E100_DT_0_7 | Ep. 95/100 - Step 225/273 (2.34 it/s) |################    | - loss_cc=4.517 - loss_ce=2.098 - loss_ne=0.0148 - loss_div=0.000292 - threshold=0.847 - loss=6.63
/scratch/e0538389/DivClust/engine/trainer.py:41: FutureWarning: `torch.cuda.amp.autocast(args...)` is deprecated. Please use `torch.amp.autocast('cuda', args...)` instead.
  with autocast(self.mixed_precision):
/scratch/e0538389/DivClust/engine/trainer.py:41: FutureWarning: `torch.cuda.amp.autocast(args...)` is deprecated. Please use `torch.amp.autocast('cuda', args...)` instead.
  with autocast(self.mixed_precision):
[2026-03-30 13:25:02](logger.py 179): id=CC_FMNIST_C10CFG_K20_E100_DT_0_7 | Ep. 95/100 - Step 250/273 (2.33 it/s) |##################  | - loss_cc=4.517 - loss_ce=2.098 - loss_ne=0.0146 - loss_div=0.000263 - threshold=0.849 - loss=6.63
/scratch/e0538389/DivClust/engine/trainer.py:41: FutureWarning: `torch.cuda.amp.autocast(args...)` is deprecated. Please use `torch.amp.autocast('cuda', args...)` instead.
  with autocast(self.mixed_precision):
[2026-03-30 13:25:12](logger.py 179): id=CC_FMNIST_C10CFG_K20_E100_DT_0_7 | Ep. 95/100 | Time: 00:01 | loss_cc=4.517 - loss_ce=2.098 - loss_ne=0.0146 - loss_div=0.000242 - threshold=0.851 - loss=6.63
[2026-03-30 13:25:14](logger.py 179): id=CC_FMNIST_C10CFG_K20_E100_DT_0_7 | Ep. 96/100 - Step 0/273 (0.0 it/s) |                    | - loss_cc=4.523 - loss_ce=2.095 - loss_ne=0.0143 - loss_div=0.0 - threshold=0.865 - loss=6.632
/scratch/e0538389/DivClust/engine/trainer.py:41: FutureWarning: `torch.cuda.amp.autocast(args...)` is deprecated. Please use `torch.amp.autocast('cuda', args...)` instead.
  with autocast(self.mixed_precision):
[2026-03-30 13:25:24](logger.py 179): id=CC_FMNIST_C10CFG_K20_E100_DT_0_7 | Ep. 96/100 - Step 25/273 (2.33 it/s) |#                   | - loss_cc=4.522 - loss_ce=2.1 - loss_ne=0.0173 - loss_div=9.47e-05 - threshold=0.861 - loss=6.639
/scratch/e0538389/DivClust/engine/trainer.py:41: FutureWarning: `torch.cuda.amp.autocast(args...)` is deprecated. Please use `torch.amp.autocast('cuda', args...)` instead.
  with autocast(self.mixed_precision):
[2026-03-30 13:25:35](logger.py 179): id=CC_FMNIST_C10CFG_K20_E100_DT_0_7 | Ep. 96/100 - Step 50/273 (2.32 it/s) |###                 | - loss_cc=4.518 - loss_ce=2.1 - loss_ne=0.0149 - loss_div=0.000207 - threshold=0.855 - loss=6.633
/scratch/e0538389/DivClust/engine/trainer.py:41: FutureWarning: `torch.cuda.amp.autocast(args...)` is deprecated. Please use `torch.amp.autocast('cuda', args...)` instead.
  with autocast(self.mixed_precision):
/scratch/e0538389/DivClust/engine/trainer.py:41: FutureWarning: `torch.cuda.amp.autocast(args...)` is deprecated. Please use `torch.amp.autocast('cuda', args...)` instead.
  with autocast(self.mixed_precision):
[2026-03-30 13:25:46](logger.py 179): id=CC_FMNIST_C10CFG_K20_E100_DT_0_7 | Ep. 96/100 - Step 75/273 (2.29 it/s) |#####               | - loss_cc=4.518 - loss_ce=2.099 - loss_ne=0.0151 - loss_div=0.000194 - threshold=0.855 - loss=6.632
/scratch/e0538389/DivClust/engine/trainer.py:41: FutureWarning: `torch.cuda.amp.autocast(args...)` is deprecated. Please use `torch.amp.autocast('cuda', args...)` instead.
  with autocast(self.mixed_precision):
[2026-03-30 13:25:57](logger.py 179): id=CC_FMNIST_C10CFG_K20_E100_DT_0_7 | Ep. 96/100 - Step 100/273 (2.3 it/s) |#######             | - loss_cc=4.518 - loss_ce=2.099 - loss_ne=0.0147 - loss_div=0.000272 - threshold=0.853 - loss=6.631
/scratch/e0538389/DivClust/engine/trainer.py:41: FutureWarning: `torch.cuda.amp.autocast(args...)` is deprecated. Please use `torch.amp.autocast('cuda', args...)` instead.
  with autocast(self.mixed_precision):
[2026-03-30 13:26:08](logger.py 179): id=CC_FMNIST_C10CFG_K20_E100_DT_0_7 | Ep. 96/100 - Step 125/273 (2.31 it/s) |#########           | - loss_cc=4.518 - loss_ce=2.099 - loss_ne=0.0146 - loss_div=0.000367 - threshold=0.849 - loss=6.632
/scratch/e0538389/DivClust/engine/trainer.py:41: FutureWarning: `torch.cuda.amp.autocast(args...)` is deprecated. Please use `torch.amp.autocast('cuda', args...)` instead.
  with autocast(self.mixed_precision):
[2026-03-30 13:26:18](logger.py 179): id=CC_FMNIST_C10CFG_K20_E100_DT_0_7 | Ep. 96/100 - Step 150/273 (2.31 it/s) |##########          | - loss_cc=4.517 - loss_ce=2.098 - loss_ne=0.0147 - loss_div=0.000401 - threshold=0.847 - loss=6.631
/scratch/e0538389/DivClust/engine/trainer.py:41: FutureWarning: `torch.cuda.amp.autocast(args...)` is deprecated. Please use `torch.amp.autocast('cuda', args...)` instead.
  with autocast(self.mixed_precision):
/scratch/e0538389/DivClust/engine/trainer.py:41: FutureWarning: `torch.cuda.amp.autocast(args...)` is deprecated. Please use `torch.amp.autocast('cuda', args...)` instead.
  with autocast(self.mixed_precision):
[2026-03-30 13:26:30](logger.py 179): id=CC_FMNIST_C10CFG_K20_E100_DT_0_7 | Ep. 96/100 - Step 175/273 (2.3 it/s) |############        | - loss_cc=4.516 - loss_ce=2.098 - loss_ne=0.0146 - loss_div=0.000347 - threshold=0.847 - loss=6.629
/scratch/e0538389/DivClust/engine/trainer.py:41: FutureWarning: `torch.cuda.amp.autocast(args...)` is deprecated. Please use `torch.amp.autocast('cuda', args...)` instead.
  with autocast(self.mixed_precision):
[2026-03-30 13:26:41](logger.py 179): id=CC_FMNIST_C10CFG_K20_E100_DT_0_7 | Ep. 96/100 - Step 200/273 (2.3 it/s) |##############      | - loss_cc=4.516 - loss_ce=2.098 - loss_ne=0.0144 - loss_div=0.000309 - threshold=0.849 - loss=6.628
/scratch/e0538389/DivClust/engine/trainer.py:41: FutureWarning: `torch.cuda.amp.autocast(args...)` is deprecated. Please use `torch.amp.autocast('cuda', args...)` instead.
  with autocast(self.mixed_precision):
[2026-03-30 13:26:51](logger.py 179): id=CC_FMNIST_C10CFG_K20_E100_DT_0_7 | Ep. 96/100 - Step 225/273 (2.3 it/s) |################    | - loss_cc=4.515 - loss_ce=2.098 - loss_ne=0.0147 - loss_div=0.000275 - threshold=0.85 - loss=6.627
/scratch/e0538389/DivClust/engine/trainer.py:41: FutureWarning: `torch.cuda.amp.autocast(args...)` is deprecated. Please use `torch.amp.autocast('cuda', args...)` instead.
  with autocast(self.mixed_precision):
[2026-03-30 13:27:02](logger.py 179): id=CC_FMNIST_C10CFG_K20_E100_DT_0_7 | Ep. 96/100 - Step 250/273 (2.31 it/s) |##################  | - loss_cc=4.515 - loss_ce=2.098 - loss_ne=0.0147 - loss_div=0.00027 - threshold=0.85 - loss=6.628
/scratch/e0538389/DivClust/engine/trainer.py:41: FutureWarning: `torch.cuda.amp.autocast(args...)` is deprecated. Please use `torch.amp.autocast('cuda', args...)` instead.
  with autocast(self.mixed_precision):
[2026-03-30 13:27:12](logger.py 179): id=CC_FMNIST_C10CFG_K20_E100_DT_0_7 | Ep. 96/100 | Time: 00:01 | loss_cc=4.515 - loss_ce=2.098 - loss_ne=0.0149 - loss_div=0.00029 - threshold=0.849 - loss=6.627
/scratch/e0538389/DivClust/engine/trainer.py:41: FutureWarning: `torch.cuda.amp.autocast(args...)` is deprecated. Please use `torch.amp.autocast('cuda', args...)` instead.
  with autocast(self.mixed_precision):
[2026-03-30 13:27:14](logger.py 179): id=CC_FMNIST_C10CFG_K20_E100_DT_0_7 | Ep. 97/100 - Step 0/273 (0.0 it/s) |                    | - loss_cc=4.503 - loss_ce=2.09 - loss_ne=0.0125 - loss_div=0.0 - threshold=0.848 - loss=6.606
/scratch/e0538389/DivClust/engine/trainer.py:41: FutureWarning: `torch.cuda.amp.autocast(args...)` is deprecated. Please use `torch.amp.autocast('cuda', args...)` instead.
  with autocast(self.mixed_precision):
[2026-03-30 13:27:25](logger.py 179): id=CC_FMNIST_C10CFG_K20_E100_DT_0_7 | Ep. 97/100 - Step 25/273 (2.31 it/s) |#                   | - loss_cc=4.511 - loss_ce=2.097 - loss_ne=0.0146 - loss_div=8.37e-05 - threshold=0.85 - loss=6.622
/scratch/e0538389/DivClust/engine/trainer.py:41: FutureWarning: `torch.cuda.amp.autocast(args...)` is deprecated. Please use `torch.amp.autocast('cuda', args...)` instead.
  with autocast(self.mixed_precision):
[2026-03-30 13:27:36](logger.py 179): id=CC_FMNIST_C10CFG_K20_E100_DT_0_7 | Ep. 97/100 - Step 50/273 (2.31 it/s) |###                 | - loss_cc=4.51 - loss_ce=2.097 - loss_ne=0.0148 - loss_div=5.6e-05 - threshold=0.855 - loss=6.622
/scratch/e0538389/DivClust/engine/trainer.py:41: FutureWarning: `torch.cuda.amp.autocast(args...)` is deprecated. Please use `torch.amp.autocast('cuda', args...)` instead.
  with autocast(self.mixed_precision):
[2026-03-30 13:27:46](logger.py 179): id=CC_FMNIST_C10CFG_K20_E100_DT_0_7 | Ep. 97/100 - Step 75/273 (2.33 it/s) |#####               | - loss_cc=4.511 - loss_ce=2.097 - loss_ne=0.0139 - loss_div=4.66e-05 - threshold=0.856 - loss=6.622
/scratch/e0538389/DivClust/engine/trainer.py:41: FutureWarning: `torch.cuda.amp.autocast(args...)` is deprecated. Please use `torch.amp.autocast('cuda', args...)` instead.
  with autocast(self.mixed_precision):
/scratch/e0538389/DivClust/engine/trainer.py:41: FutureWarning: `torch.cuda.amp.autocast(args...)` is deprecated. Please use `torch.amp.autocast('cuda', args...)` instead.
  with autocast(self.mixed_precision):
[2026-03-30 13:27:57](logger.py 179): id=CC_FMNIST_C10CFG_K20_E100_DT_0_7 | Ep. 97/100 - Step 100/273 (2.33 it/s) |#######             | - loss_cc=4.511 - loss_ce=2.097 - loss_ne=0.0142 - loss_div=0.000166 - threshold=0.854 - loss=6.622
/scratch/e0538389/DivClust/engine/trainer.py:41: FutureWarning: `torch.cuda.amp.autocast(args...)` is deprecated. Please use `torch.amp.autocast('cuda', args...)` instead.
  with autocast(self.mixed_precision):
[2026-03-30 13:28:08](logger.py 179): id=CC_FMNIST_C10CFG_K20_E100_DT_0_7 | Ep. 97/100 - Step 125/273 (2.32 it/s) |#########           | - loss_cc=4.512 - loss_ce=2.097 - loss_ne=0.0144 - loss_div=0.000258 - threshold=0.851 - loss=6.624
/scratch/e0538389/DivClust/engine/trainer.py:41: FutureWarning: `torch.cuda.amp.autocast(args...)` is deprecated. Please use `torch.amp.autocast('cuda', args...)` instead.
  with autocast(self.mixed_precision):
[2026-03-30 13:28:19](logger.py 179): id=CC_FMNIST_C10CFG_K20_E100_DT_0_7 | Ep. 97/100 - Step 150/273 (2.32 it/s) |##########          | - loss_cc=4.512 - loss_ce=2.097 - loss_ne=0.0146 - loss_div=0.000277 - threshold=0.848 - loss=6.624
/scratch/e0538389/DivClust/engine/trainer.py:41: FutureWarning: `torch.cuda.amp.autocast(args...)` is deprecated. Please use `torch.amp.autocast('cuda', args...)` instead.
  with autocast(self.mixed_precision):
[2026-03-30 13:28:30](logger.py 179): id=CC_FMNIST_C10CFG_K20_E100_DT_0_7 | Ep. 97/100 - Step 175/273 (2.32 it/s) |############        | - loss_cc=4.513 - loss_ce=2.097 - loss_ne=0.0146 - loss_div=0.000241 - threshold=0.847 - loss=6.625
/scratch/e0538389/DivClust/engine/trainer.py:41: FutureWarning: `torch.cuda.amp.autocast(args...)` is deprecated. Please use `torch.amp.autocast('cuda', args...)` instead.
  with autocast(self.mixed_precision):
/scratch/e0538389/DivClust/engine/trainer.py:41: FutureWarning: `torch.cuda.amp.autocast(args...)` is deprecated. Please use `torch.amp.autocast('cuda', args...)` instead.
  with autocast(self.mixed_precision):
[2026-03-30 13:28:40](logger.py 179): id=CC_FMNIST_C10CFG_K20_E100_DT_0_7 | Ep. 97/100 - Step 200/273 (2.32 it/s) |##############      | - loss_cc=4.513 - loss_ce=2.097 - loss_ne=0.0145 - loss_div=0.000211 - threshold=0.848 - loss=6.625
/scratch/e0538389/DivClust/engine/trainer.py:41: FutureWarning: `torch.cuda.amp.autocast(args...)` is deprecated. Please use `torch.amp.autocast('cuda', args...)` instead.
  with autocast(self.mixed_precision):
[2026-03-30 13:28:51](logger.py 179): id=CC_FMNIST_C10CFG_K20_E100_DT_0_7 | Ep. 97/100 - Step 225/273 (2.33 it/s) |################    | - loss_cc=4.513 - loss_ce=2.097 - loss_ne=0.0145 - loss_div=0.000188 - threshold=0.85 - loss=6.625
/scratch/e0538389/DivClust/engine/trainer.py:41: FutureWarning: `torch.cuda.amp.autocast(args...)` is deprecated. Please use `torch.amp.autocast('cuda', args...)` instead.
  with autocast(self.mixed_precision):
[2026-03-30 13:29:01](logger.py 179): id=CC_FMNIST_C10CFG_K20_E100_DT_0_7 | Ep. 97/100 - Step 250/273 (2.33 it/s) |##################  | - loss_cc=4.512 - loss_ce=2.097 - loss_ne=0.0145 - loss_div=0.000212 - threshold=0.85 - loss=6.624
/scratch/e0538389/DivClust/engine/trainer.py:41: FutureWarning: `torch.cuda.amp.autocast(args...)` is deprecated. Please use `torch.amp.autocast('cuda', args...)` instead.
  with autocast(self.mixed_precision):
[2026-03-30 13:29:11](logger.py 179): id=CC_FMNIST_C10CFG_K20_E100_DT_0_7 | Ep. 97/100 | Time: 00:01 | loss_cc=4.513 - loss_ce=2.097 - loss_ne=0.0144 - loss_div=0.000213 - threshold=0.849 - loss=6.624
[2026-03-30 13:29:14](logger.py 179): id=CC_FMNIST_C10CFG_K20_E100_DT_0_7 | Ep. 98/100 - Step 0/273 (0.0 it/s) |                    | - loss_cc=4.526 - loss_ce=2.096 - loss_ne=0.0107 - loss_div=0.000308 - threshold=0.839 - loss=6.633
/scratch/e0538389/DivClust/engine/trainer.py:41: FutureWarning: `torch.cuda.amp.autocast(args...)` is deprecated. Please use `torch.amp.autocast('cuda', args...)` instead.
  with autocast(self.mixed_precision):
[2026-03-30 13:29:24](logger.py 179): id=CC_FMNIST_C10CFG_K20_E100_DT_0_7 | Ep. 98/100 - Step 25/273 (2.38 it/s) |#                   | - loss_cc=4.515 - loss_ce=2.097 - loss_ne=0.0146 - loss_div=0.000125 - threshold=0.845 - loss=6.627
/scratch/e0538389/DivClust/engine/trainer.py:41: FutureWarning: `torch.cuda.amp.autocast(args...)` is deprecated. Please use `torch.amp.autocast('cuda', args...)` instead.
  with autocast(self.mixed_precision):
/scratch/e0538389/DivClust/engine/trainer.py:41: FutureWarning: `torch.cuda.amp.autocast(args...)` is deprecated. Please use `torch.amp.autocast('cuda', args...)` instead.
  with autocast(self.mixed_precision):
[2026-03-30 13:29:35](logger.py 179): id=CC_FMNIST_C10CFG_K20_E100_DT_0_7 | Ep. 98/100 - Step 50/273 (2.32 it/s) |###                 | - loss_cc=4.514 - loss_ce=2.096 - loss_ne=0.0159 - loss_div=0.000354 - threshold=0.843 - loss=6.626
/scratch/e0538389/DivClust/engine/trainer.py:41: FutureWarning: `torch.cuda.amp.autocast(args...)` is deprecated. Please use `torch.amp.autocast('cuda', args...)` instead.
  with autocast(self.mixed_precision):
[2026-03-30 13:29:46](logger.py 179): id=CC_FMNIST_C10CFG_K20_E100_DT_0_7 | Ep. 98/100 - Step 75/273 (2.31 it/s) |#####               | - loss_cc=4.512 - loss_ce=2.096 - loss_ne=0.0154 - loss_div=0.000406 - threshold=0.843 - loss=6.624
/scratch/e0538389/DivClust/engine/trainer.py:41: FutureWarning: `torch.cuda.amp.autocast(args...)` is deprecated. Please use `torch.amp.autocast('cuda', args...)` instead.
  with autocast(self.mixed_precision):
[2026-03-30 13:29:57](logger.py 179): id=CC_FMNIST_C10CFG_K20_E100_DT_0_7 | Ep. 98/100 - Step 100/273 (2.31 it/s) |#######             | - loss_cc=4.511 - loss_ce=2.096 - loss_ne=0.015 - loss_div=0.000343 - threshold=0.843 - loss=6.623
/scratch/e0538389/DivClust/engine/trainer.py:41: FutureWarning: `torch.cuda.amp.autocast(args...)` is deprecated. Please use `torch.amp.autocast('cuda', args...)` instead.
  with autocast(self.mixed_precision):
[2026-03-30 13:30:08](logger.py 179): id=CC_FMNIST_C10CFG_K20_E100_DT_0_7 | Ep. 98/100 - Step 125/273 (2.31 it/s) |#########           | - loss_cc=4.512 - loss_ce=2.096 - loss_ne=0.0151 - loss_div=0.000277 - threshold=0.845 - loss=6.624
/scratch/e0538389/DivClust/engine/trainer.py:41: FutureWarning: `torch.cuda.amp.autocast(args...)` is deprecated. Please use `torch.amp.autocast('cuda', args...)` instead.
  with autocast(self.mixed_precision):
/scratch/e0538389/DivClust/engine/trainer.py:41: FutureWarning: `torch.cuda.amp.autocast(args...)` is deprecated. Please use `torch.amp.autocast('cuda', args...)` instead.
  with autocast(self.mixed_precision):
[2026-03-30 13:30:18](logger.py 179): id=CC_FMNIST_C10CFG_K20_E100_DT_0_7 | Ep. 98/100 - Step 150/273 (2.31 it/s) |##########          | - loss_cc=4.512 - loss_ce=2.097 - loss_ne=0.0151 - loss_div=0.000283 - threshold=0.845 - loss=6.624
/scratch/e0538389/DivClust/engine/trainer.py:41: FutureWarning: `torch.cuda.amp.autocast(args...)` is deprecated. Please use `torch.amp.autocast('cuda', args...)` instead.
  with autocast(self.mixed_precision):
[2026-03-30 13:30:29](logger.py 179): id=CC_FMNIST_C10CFG_K20_E100_DT_0_7 | Ep. 98/100 - Step 175/273 (2.31 it/s) |############        | - loss_cc=4.511 - loss_ce=2.096 - loss_ne=0.0153 - loss_div=0.000264 - threshold=0.845 - loss=6.623
/scratch/e0538389/DivClust/engine/trainer.py:41: FutureWarning: `torch.cuda.amp.autocast(args...)` is deprecated. Please use `torch.amp.autocast('cuda', args...)` instead.
  with autocast(self.mixed_precision):
[2026-03-30 13:30:40](logger.py 179): id=CC_FMNIST_C10CFG_K20_E100_DT_0_7 | Ep. 98/100 - Step 200/273 (2.31 it/s) |##############      | - loss_cc=4.511 - loss_ce=2.096 - loss_ne=0.0153 - loss_div=0.000265 - threshold=0.844 - loss=6.622
/scratch/e0538389/DivClust/engine/trainer.py:41: FutureWarning: `torch.cuda.amp.autocast(args...)` is deprecated. Please use `torch.amp.autocast('cuda', args...)` instead.
  with autocast(self.mixed_precision):
[2026-03-30 13:30:51](logger.py 179): id=CC_FMNIST_C10CFG_K20_E100_DT_0_7 | Ep. 98/100 - Step 225/273 (2.32 it/s) |################    | - loss_cc=4.511 - loss_ce=2.096 - loss_ne=0.0151 - loss_div=0.000255 - threshold=0.844 - loss=6.623
/scratch/e0538389/DivClust/engine/trainer.py:41: FutureWarning: `torch.cuda.amp.autocast(args...)` is deprecated. Please use `torch.amp.autocast('cuda', args...)` instead.
  with autocast(self.mixed_precision):
/scratch/e0538389/DivClust/engine/trainer.py:41: FutureWarning: `torch.cuda.amp.autocast(args...)` is deprecated. Please use `torch.amp.autocast('cuda', args...)` instead.
  with autocast(self.mixed_precision):
[2026-03-30 13:31:02](logger.py 179): id=CC_FMNIST_C10CFG_K20_E100_DT_0_7 | Ep. 98/100 - Step 250/273 (2.31 it/s) |##################  | - loss_cc=4.511 - loss_ce=2.096 - loss_ne=0.0152 - loss_div=0.000231 - threshold=0.846 - loss=6.623
/scratch/e0538389/DivClust/engine/trainer.py:41: FutureWarning: `torch.cuda.amp.autocast(args...)` is deprecated. Please use `torch.amp.autocast('cuda', args...)` instead.
  with autocast(self.mixed_precision):
[2026-03-30 13:31:11](logger.py 179): id=CC_FMNIST_C10CFG_K20_E100_DT_0_7 | Ep. 98/100 | Time: 00:01 | loss_cc=4.512 - loss_ce=2.097 - loss_ne=0.0152 - loss_div=0.000214 - threshold=0.847 - loss=6.624
[2026-03-30 13:31:14](logger.py 179): id=CC_FMNIST_C10CFG_K20_E100_DT_0_7 | Ep. 99/100 - Step 0/273 (0.0 it/s) |                    | - loss_cc=4.466 - loss_ce=2.078 - loss_ne=0.022 - loss_div=0.0 - threshold=0.855 - loss=6.566
/scratch/e0538389/DivClust/engine/trainer.py:41: FutureWarning: `torch.cuda.amp.autocast(args...)` is deprecated. Please use `torch.amp.autocast('cuda', args...)` instead.
  with autocast(self.mixed_precision):
[2026-03-30 13:31:25](logger.py 179): id=CC_FMNIST_C10CFG_K20_E100_DT_0_7 | Ep. 99/100 - Step 25/273 (2.32 it/s) |#                   | - loss_cc=4.518 - loss_ce=2.099 - loss_ne=0.0145 - loss_div=5.23e-05 - threshold=0.859 - loss=6.632
/scratch/e0538389/DivClust/engine/trainer.py:41: FutureWarning: `torch.cuda.amp.autocast(args...)` is deprecated. Please use `torch.amp.autocast('cuda', args...)` instead.
  with autocast(self.mixed_precision):
[2026-03-30 13:31:36](logger.py 179): id=CC_FMNIST_C10CFG_K20_E100_DT_0_7 | Ep. 99/100 - Step 50/273 (2.32 it/s) |###                 | - loss_cc=4.517 - loss_ce=2.097 - loss_ne=0.014 - loss_div=6.17e-05 - threshold=0.858 - loss=6.629
/scratch/e0538389/DivClust/engine/trainer.py:41: FutureWarning: `torch.cuda.amp.autocast(args...)` is deprecated. Please use `torch.amp.autocast('cuda', args...)` instead.
  with autocast(self.mixed_precision):
/scratch/e0538389/DivClust/engine/trainer.py:41: FutureWarning: `torch.cuda.amp.autocast(args...)` is deprecated. Please use `torch.amp.autocast('cuda', args...)` instead.
  with autocast(self.mixed_precision):
[2026-03-30 13:31:47](logger.py 179): id=CC_FMNIST_C10CFG_K20_E100_DT_0_7 | Ep. 99/100 - Step 75/273 (2.29 it/s) |#####               | - loss_cc=4.515 - loss_ce=2.097 - loss_ne=0.014 - loss_div=0.000341 - threshold=0.854 - loss=6.626
/scratch/e0538389/DivClust/engine/trainer.py:41: FutureWarning: `torch.cuda.amp.autocast(args...)` is deprecated. Please use `torch.amp.autocast('cuda', args...)` instead.
  with autocast(self.mixed_precision):
[2026-03-30 13:31:58](logger.py 179): id=CC_FMNIST_C10CFG_K20_E100_DT_0_7 | Ep. 99/100 - Step 100/273 (2.29 it/s) |#######             | - loss_cc=4.515 - loss_ce=2.097 - loss_ne=0.0145 - loss_div=0.000459 - threshold=0.849 - loss=6.627
/scratch/e0538389/DivClust/engine/trainer.py:41: FutureWarning: `torch.cuda.amp.autocast(args...)` is deprecated. Please use `torch.amp.autocast('cuda', args...)` instead.
  with autocast(self.mixed_precision):
[2026-03-30 13:32:09](logger.py 179): id=CC_FMNIST_C10CFG_K20_E100_DT_0_7 | Ep. 99/100 - Step 125/273 (2.29 it/s) |#########           | - loss_cc=4.516 - loss_ce=2.098 - loss_ne=0.0144 - loss_div=0.000475 - threshold=0.846 - loss=6.628
/scratch/e0538389/DivClust/engine/trainer.py:41: FutureWarning: `torch.cuda.amp.autocast(args...)` is deprecated. Please use `torch.amp.autocast('cuda', args...)` instead.
  with autocast(self.mixed_precision):
[2026-03-30 13:32:19](logger.py 179): id=CC_FMNIST_C10CFG_K20_E100_DT_0_7 | Ep. 99/100 - Step 150/273 (2.3 it/s) |##########          | - loss_cc=4.516 - loss_ce=2.098 - loss_ne=0.0145 - loss_div=0.000403 - threshold=0.846 - loss=6.629
/scratch/e0538389/DivClust/engine/trainer.py:41: FutureWarning: `torch.cuda.amp.autocast(args...)` is deprecated. Please use `torch.amp.autocast('cuda', args...)` instead.
  with autocast(self.mixed_precision):
/scratch/e0538389/DivClust/engine/trainer.py:41: FutureWarning: `torch.cuda.amp.autocast(args...)` is deprecated. Please use `torch.amp.autocast('cuda', args...)` instead.
  with autocast(self.mixed_precision):
[2026-03-30 13:32:30](logger.py 179): id=CC_FMNIST_C10CFG_K20_E100_DT_0_7 | Ep. 99/100 - Step 175/273 (2.29 it/s) |############        | - loss_cc=4.515 - loss_ce=2.098 - loss_ne=0.0145 - loss_div=0.000346 - threshold=0.847 - loss=6.628
/scratch/e0538389/DivClust/engine/trainer.py:41: FutureWarning: `torch.cuda.amp.autocast(args...)` is deprecated. Please use `torch.amp.autocast('cuda', args...)` instead.
  with autocast(self.mixed_precision):
[2026-03-30 13:32:41](logger.py 179): id=CC_FMNIST_C10CFG_K20_E100_DT_0_7 | Ep. 99/100 - Step 200/273 (2.29 it/s) |##############      | - loss_cc=4.515 - loss_ce=2.098 - loss_ne=0.0147 - loss_div=0.000303 - threshold=0.85 - loss=6.628
/scratch/e0538389/DivClust/engine/trainer.py:41: FutureWarning: `torch.cuda.amp.autocast(args...)` is deprecated. Please use `torch.amp.autocast('cuda', args...)` instead.
  with autocast(self.mixed_precision):
[2026-03-30 13:32:52](logger.py 179): id=CC_FMNIST_C10CFG_K20_E100_DT_0_7 | Ep. 99/100 - Step 225/273 (2.3 it/s) |################    | - loss_cc=4.516 - loss_ce=2.098 - loss_ne=0.0147 - loss_div=0.00027 - threshold=0.852 - loss=6.629
/scratch/e0538389/DivClust/engine/trainer.py:41: FutureWarning: `torch.cuda.amp.autocast(args...)` is deprecated. Please use `torch.amp.autocast('cuda', args...)` instead.
  with autocast(self.mixed_precision):
[2026-03-30 13:33:03](logger.py 179): id=CC_FMNIST_C10CFG_K20_E100_DT_0_7 | Ep. 99/100 - Step 250/273 (2.3 it/s) |##################  | - loss_cc=4.516 - loss_ce=2.098 - loss_ne=0.0146 - loss_div=0.000243 - threshold=0.855 - loss=6.629
/scratch/e0538389/DivClust/engine/trainer.py:41: FutureWarning: `torch.cuda.amp.autocast(args...)` is deprecated. Please use `torch.amp.autocast('cuda', args...)` instead.
  with autocast(self.mixed_precision):
[2026-03-30 13:33:12](logger.py 179): Evaluating
[2026-03-30 13:33:13](logger.py 179): Eval. step 0 of 274
[2026-03-30 13:33:15](logger.py 179): Eval. step 25 of 274
[2026-03-30 13:33:17](logger.py 179): Eval. step 50 of 274
[2026-03-30 13:33:20](logger.py 179): Eval. step 75 of 274
[2026-03-30 13:33:22](logger.py 179): Eval. step 100 of 274
[2026-03-30 13:33:24](logger.py 179): Eval. step 125 of 274
[2026-03-30 13:33:27](logger.py 179): Eval. step 150 of 274
[2026-03-30 13:33:29](logger.py 179): Eval. step 175 of 274
[2026-03-30 13:33:31](logger.py 179): Eval. step 200 of 274
[2026-03-30 13:33:34](logger.py 179): Eval. step 225 of 274
[2026-03-30 13:33:36](logger.py 179): Eval. step 250 of 274
[2026-03-30 13:33:40](logger.py 179): id=CC_FMNIST_C10CFG_K20_E100_DT_0_7 | Ep. 99/100 | Time: 00:02 | loss_cc=4.515 - loss_ce=2.098 - loss_ne=0.0145 - loss_div=0.000223 - threshold=0.855 - loss=6.627 - eval_confidence=0.904 - cluster_acc_0_eval=58.14 - cluster_nmi_0_eval=0.562 - cluster_ari_0_eval=0.451 - cluster_acc_1_eval=56.92 - cluster_nmi_1_eval=0.559 - cluster_ari_1_eval=0.443 - cluster_acc_2_eval=57.09 - cluster_nmi_2_eval=0.552 - cluster_ari_2_eval=0.434 - cluster_acc_3_eval=62.18 - cluster_nmi_3_eval=0.588 - cluster_ari_3_eval=0.472 - cluster_acc_4_eval=59.87 - cluster_nmi_4_eval=0.584 - cluster_ari_4_eval=0.478 - cluster_acc_5_eval=65.45 - cluster_nmi_5_eval=0.631 - cluster_ari_5_eval=0.532 - cluster_acc_6_eval=63.7 - cluster_nmi_6_eval=0.611 - cluster_ari_6_eval=0.481 - cluster_acc_7_eval=59.09 - cluster_nmi_7_eval=0.576 - cluster_ari_7_eval=0.471 - cluster_acc_8_eval=60.1 - cluster_nmi_8_eval=0.589 - cluster_ari_8_eval=0.485 - cluster_acc_9_eval=65.95 - cluster_nmi_9_eval=0.621 - cluster_ari_9_eval=0.524 - cluster_acc_10_eval=60.69 - cluster_nmi_10_eval=0.57 - cluster_ari_10_eval=0.458 - cluster_acc_11_eval=58.84 - cluster_nmi_11_eval=0.557 - cluster_ari_11_eval=0.449 - cluster_acc_12_eval=52.5 - cluster_nmi_12_eval=0.55 - cluster_ari_12_eval=0.379 - cluster_acc_13_eval=67.33 - cluster_nmi_13_eval=0.654 - cluster_ari_13_eval=0.553 - cluster_acc_14_eval=64.75 - cluster_nmi_14_eval=0.626 - cluster_ari_14_eval=0.528 - cluster_acc_15_eval=63.53 - cluster_nmi_15_eval=0.609 - cluster_ari_15_eval=0.491 - cluster_acc_16_eval=67.11 - cluster_nmi_16_eval=0.642 - cluster_ari_16_eval=0.552 - cluster_acc_17_eval=64.12 - cluster_nmi_17_eval=0.615 - cluster_ari_17_eval=0.522 - cluster_acc_18_eval=58.46 - cluster_nmi_18_eval=0.599 - cluster_ari_18_eval=0.458 - cluster_acc_19_eval=64.76 - cluster_nmi_19_eval=0.643 - cluster_ari_19_eval=0.54 - max_cluster_acc_eval=67.33 - mean_cluster_acc_eval=61.53 - min_cluster_acc_eval=52.5 - max_cluster_nmi_eval=0.654 - mean_cluster_nmi_eval=0.597 - min_cluster_nmi_eval=0.55 - max_cluster_ari_eval=0.553 - mean_cluster_ari_eval=0.485 - min_cluster_ari_eval=0.379 - interclustering_nmi_eval=0.713
END Mon Mar 30 01:33:42 PM +08 2026 DT=0.7 RUN_NAME=CC_FMNIST_C10CFG_K20_E100_DT_0_7
