START Mon Mar 30 10:11:19 AM +08 2026 DT=1.0 RUN_NAME=CC_FMNIST_C10CFG_K20_E100_DT_1_0
[2026-03-30 10:11:36](logger.py 179): Initializing experiment CC_FMNIST_C10CFG_K20_E100_DT_1_0

[2026-03-30 10:11:36](logger.py 179): NMI_interval = 20
[2026-03-30 10:11:36](logger.py 179): NMI_target = 1.0
[2026-03-30 10:11:36](logger.py 179): backbone = resnet34
[2026-03-30 10:11:36](logger.py 179): bash_command = None
[2026-03-30 10:11:36](logger.py 179): batch_size = 256
[2026-03-30 10:11:36](logger.py 179): checkpoint_path = None
[2026-03-30 10:11:36](logger.py 179): classes_no = 10
[2026-03-30 10:11:36](logger.py 179): clustering_framework = cc
[2026-03-30 10:11:36](logger.py 179): clusterings = 20
[2026-03-30 10:11:36](logger.py 179): clusters = 10
[2026-03-30 10:11:36](logger.py 179): complex_arg = None
[2026-03-30 10:11:36](logger.py 179): crop_size = 224
[2026-03-30 10:11:36](logger.py 179): dataset = fashion_mnist
[2026-03-30 10:11:36](logger.py 179): dataset_path = ./data_folder/FashionMNIST
[2026-03-30 10:11:36](logger.py 179): divclust_mbank_size = 10000
[2026-03-30 10:11:36](logger.py 179): entity = default
[2026-03-30 10:11:36](logger.py 179): epochs = 100
[2026-03-30 10:11:36](logger.py 179): eval_interval = 10
[2026-03-30 10:11:36](logger.py 179): f = None
[2026-03-30 10:11:36](logger.py 179): fff = None
[2026-03-30 10:11:36](logger.py 179): gpu = 0
[2026-03-30 10:11:36](logger.py 179): gpus = None
[2026-03-30 10:11:36](logger.py 179): group = fashion_mnist_cifar10cfg_k20
[2026-03-30 10:11:36](logger.py 179): lr = 0.0003
[2026-03-30 10:11:36](logger.py 179): lr_schedule = cosine
[2026-03-30 10:11:36](logger.py 179): mixed_precision = True
[2026-03-30 10:11:36](logger.py 179): notes = None
[2026-03-30 10:11:36](logger.py 179): num_workers = 4
[2026-03-30 10:11:36](logger.py 179): optimizer = adam
[2026-03-30 10:11:36](logger.py 179): output_dir = ./experiments/deep_clustering/CC_FMNIST_C10CFG_K20_E100_DT_1_0
[2026-03-30 10:11:36](logger.py 179): preset = cc_cifar10
[2026-03-30 10:11:36](logger.py 179): proj_dim = 128
[2026-03-30 10:11:36](logger.py 179): project_name = deep_clustering
[2026-03-30 10:11:36](logger.py 179): resume = None
[2026-03-30 10:11:36](logger.py 179): run_id = None
[2026-03-30 10:11:36](logger.py 179): run_name = CC_FMNIST_C10CFG_K20_E100_DT_1_0
[2026-03-30 10:11:36](logger.py 179): seed = 0
[2026-03-30 10:11:36](logger.py 179): tags = None
[2026-03-30 10:11:36](logger.py 179): threshold_rate = 0.99
[2026-03-30 10:11:36](logger.py 179): wandb_mode = off
[2026-03-30 10:11:36](logger.py 179): weight_decay = 0.0
[2026-03-30 10:11:36](logger.py 179): 
[2026-03-30 10:11:37](logger.py 179): Loading data
[2026-03-30 10:11:37](logger.py 179): Loading model
/scratch/e0538389/DivClust/engine/trainer.py:19: FutureWarning: `torch.cuda.amp.GradScaler(args...)` is deprecated. Please use `torch.amp.GradScaler('cuda', args...)` instead.
  self.scaler = GradScaler()
[2026-03-30 10:11:38](logger.py 179): Mixed precision: ON
/scratch/e0538389/DivClust/engine/trainer.py:41: FutureWarning: `torch.cuda.amp.autocast(args...)` is deprecated. Please use `torch.amp.autocast('cuda', args...)` instead.
  with autocast(self.mixed_precision):
[2026-03-30 10:11:42](logger.py 179): id=CC_FMNIST_C10CFG_K20_E100_DT_1_0 | Ep. 0/100 - Step 0/273 (0.0 it/s) |                    | - loss_cc=6.102 - loss_ce=2.943 - loss_ne=0.00699 - loss_div=0.0 - threshold=1.0 - loss=9.052
[2026-03-30 10:11:52](logger.py 179): id=CC_FMNIST_C10CFG_K20_E100_DT_1_0 | Ep. 0/100 - Step 25/273 (2.58 it/s) |#                   | - loss_cc=5.649 - loss_ce=2.884 - loss_ne=0.00119 - loss_div=0.0 - threshold=1.0 - loss=8.534
[2026-03-30 10:12:02](logger.py 179): id=CC_FMNIST_C10CFG_K20_E100_DT_1_0 | Ep. 0/100 - Step 50/273 (2.58 it/s) |###                 | - loss_cc=5.503 - loss_ce=2.767 - loss_ne=0.00228 - loss_div=0.0 - threshold=1.0 - loss=8.272
[2026-03-30 10:12:11](logger.py 179): id=CC_FMNIST_C10CFG_K20_E100_DT_1_0 | Ep. 0/100 - Step 75/273 (2.58 it/s) |#####               | - loss_cc=5.415 - loss_ce=2.688 - loss_ne=0.00418 - loss_div=0.0 - threshold=1.0 - loss=8.107
[2026-03-30 10:12:21](logger.py 179): id=CC_FMNIST_C10CFG_K20_E100_DT_1_0 | Ep. 0/100 - Step 100/273 (2.58 it/s) |#######             | - loss_cc=5.354 - loss_ce=2.629 - loss_ne=0.00548 - loss_div=0.0 - threshold=1.0 - loss=7.989
[2026-03-30 10:12:31](logger.py 179): id=CC_FMNIST_C10CFG_K20_E100_DT_1_0 | Ep. 0/100 - Step 125/273 (2.58 it/s) |#########           | - loss_cc=5.309 - loss_ce=2.583 - loss_ne=0.00729 - loss_div=0.0 - threshold=1.0 - loss=7.9
[2026-03-30 10:12:40](logger.py 179): id=CC_FMNIST_C10CFG_K20_E100_DT_1_0 | Ep. 0/100 - Step 150/273 (2.58 it/s) |##########          | - loss_cc=5.273 - loss_ce=2.548 - loss_ne=0.00896 - loss_div=0.0 - threshold=1.0 - loss=7.83
[2026-03-30 10:12:50](logger.py 179): id=CC_FMNIST_C10CFG_K20_E100_DT_1_0 | Ep. 0/100 - Step 175/273 (2.58 it/s) |############        | - loss_cc=5.243 - loss_ce=2.518 - loss_ne=0.0102 - loss_div=0.0 - threshold=1.0 - loss=7.771
[2026-03-30 10:13:00](logger.py 179): id=CC_FMNIST_C10CFG_K20_E100_DT_1_0 | Ep. 0/100 - Step 200/273 (2.58 it/s) |##############      | - loss_cc=5.217 - loss_ce=2.495 - loss_ne=0.0112 - loss_div=0.0 - threshold=1.0 - loss=7.724
[2026-03-30 10:13:10](logger.py 179): id=CC_FMNIST_C10CFG_K20_E100_DT_1_0 | Ep. 0/100 - Step 225/273 (2.58 it/s) |################    | - loss_cc=5.195 - loss_ce=2.475 - loss_ne=0.0121 - loss_div=0.0 - threshold=1.0 - loss=7.682
[2026-03-30 10:13:19](logger.py 179): id=CC_FMNIST_C10CFG_K20_E100_DT_1_0 | Ep. 0/100 - Step 250/273 (2.57 it/s) |##################  | - loss_cc=5.175 - loss_ce=2.458 - loss_ne=0.0127 - loss_div=0.0 - threshold=1.0 - loss=7.646
[2026-03-30 10:13:28](logger.py 179): Evaluating
[2026-03-30 10:13:28](logger.py 179): Eval. step 0 of 274
[2026-03-30 10:13:31](logger.py 179): Eval. step 25 of 274
[2026-03-30 10:13:34](logger.py 179): Eval. step 50 of 274
[2026-03-30 10:13:36](logger.py 179): Eval. step 75 of 274
[2026-03-30 10:13:38](logger.py 179): Eval. step 100 of 274
[2026-03-30 10:13:41](logger.py 179): Eval. step 125 of 274
[2026-03-30 10:13:43](logger.py 179): Eval. step 150 of 274
[2026-03-30 10:13:45](logger.py 179): Eval. step 175 of 274
[2026-03-30 10:13:48](logger.py 179): Eval. step 200 of 274
[2026-03-30 10:13:50](logger.py 179): Eval. step 225 of 274
[2026-03-30 10:13:52](logger.py 179): Eval. step 250 of 274
[2026-03-30 10:13:57](logger.py 179): id=CC_FMNIST_C10CFG_K20_E100_DT_1_0 | Ep. 0/100 | Time: 00:02 | loss_cc=5.159 - loss_ce=2.445 - loss_ne=0.0134 - loss_div=0.0 - threshold=1.0 - loss=7.617 - eval_confidence=0.632 - cluster_acc_0_eval=41.34 - cluster_nmi_0_eval=0.384 - cluster_ari_0_eval=0.255 - cluster_acc_1_eval=39.43 - cluster_nmi_1_eval=0.357 - cluster_ari_1_eval=0.218 - cluster_acc_2_eval=40.68 - cluster_nmi_2_eval=0.367 - cluster_ari_2_eval=0.226 - cluster_acc_3_eval=38.63 - cluster_nmi_3_eval=0.343 - cluster_ari_3_eval=0.203 - cluster_acc_4_eval=42.93 - cluster_nmi_4_eval=0.374 - cluster_ari_4_eval=0.249 - cluster_acc_5_eval=37.27 - cluster_nmi_5_eval=0.348 - cluster_ari_5_eval=0.203 - cluster_acc_6_eval=35.52 - cluster_nmi_6_eval=0.358 - cluster_ari_6_eval=0.224 - cluster_acc_7_eval=39.41 - cluster_nmi_7_eval=0.359 - cluster_ari_7_eval=0.228 - cluster_acc_8_eval=43.04 - cluster_nmi_8_eval=0.381 - cluster_ari_8_eval=0.247 - cluster_acc_9_eval=41.87 - cluster_nmi_9_eval=0.37 - cluster_ari_9_eval=0.243 - cluster_acc_10_eval=42.49 - cluster_nmi_10_eval=0.372 - cluster_ari_10_eval=0.235 - cluster_acc_11_eval=39.47 - cluster_nmi_11_eval=0.367 - cluster_ari_11_eval=0.216 - cluster_acc_12_eval=39.58 - cluster_nmi_12_eval=0.357 - cluster_ari_12_eval=0.218 - cluster_acc_13_eval=39.73 - cluster_nmi_13_eval=0.378 - cluster_ari_13_eval=0.229 - cluster_acc_14_eval=36.86 - cluster_nmi_14_eval=0.353 - cluster_ari_14_eval=0.207 - cluster_acc_15_eval=40.74 - cluster_nmi_15_eval=0.37 - cluster_ari_15_eval=0.236 - cluster_acc_16_eval=37.9 - cluster_nmi_16_eval=0.351 - cluster_ari_16_eval=0.207 - cluster_acc_17_eval=39.8 - cluster_nmi_17_eval=0.364 - cluster_ari_17_eval=0.23 - cluster_acc_18_eval=39.82 - cluster_nmi_18_eval=0.377 - cluster_ari_18_eval=0.234 - cluster_acc_19_eval=34.82 - cluster_nmi_19_eval=0.344 - cluster_ari_19_eval=0.199 - max_cluster_acc_eval=43.04 - mean_cluster_acc_eval=39.57 - min_cluster_acc_eval=34.82 - max_cluster_nmi_eval=0.384 - mean_cluster_nmi_eval=0.364 - min_cluster_nmi_eval=0.343 - max_cluster_ari_eval=0.255 - mean_cluster_ari_eval=0.225 - min_cluster_ari_eval=0.199 - interclustering_nmi_eval=0.679
/scratch/e0538389/DivClust/engine/trainer.py:41: FutureWarning: `torch.cuda.amp.autocast(args...)` is deprecated. Please use `torch.amp.autocast('cuda', args...)` instead.
  with autocast(self.mixed_precision):
[2026-03-30 10:13:59](logger.py 179): id=CC_FMNIST_C10CFG_K20_E100_DT_1_0 | Ep. 1/100 - Step 0/273 (0.0 it/s) |                    | - loss_cc=4.974 - loss_ce=2.293 - loss_ne=0.0159 - loss_div=0.0 - threshold=1.0 - loss=7.283
[2026-03-30 10:14:08](logger.py 179): id=CC_FMNIST_C10CFG_K20_E100_DT_1_0 | Ep. 1/100 - Step 25/273 (2.56 it/s) |#                   | - loss_cc=4.964 - loss_ce=2.291 - loss_ne=0.0194 - loss_div=0.0 - threshold=1.0 - loss=7.275
[2026-03-30 10:14:18](logger.py 179): id=CC_FMNIST_C10CFG_K20_E100_DT_1_0 | Ep. 1/100 - Step 50/273 (2.56 it/s) |###                 | - loss_cc=4.957 - loss_ce=2.288 - loss_ne=0.0203 - loss_div=0.0 - threshold=1.0 - loss=7.265
[2026-03-30 10:14:28](logger.py 179): id=CC_FMNIST_C10CFG_K20_E100_DT_1_0 | Ep. 1/100 - Step 75/273 (2.56 it/s) |#####               | - loss_cc=4.948 - loss_ce=2.283 - loss_ne=0.0204 - loss_div=0.0 - threshold=1.0 - loss=7.251
[2026-03-30 10:14:38](logger.py 179): id=CC_FMNIST_C10CFG_K20_E100_DT_1_0 | Ep. 1/100 - Step 100/273 (2.56 it/s) |#######             | - loss_cc=4.944 - loss_ce=2.281 - loss_ne=0.0206 - loss_div=0.0 - threshold=1.0 - loss=7.246
[2026-03-30 10:14:47](logger.py 179): id=CC_FMNIST_C10CFG_K20_E100_DT_1_0 | Ep. 1/100 - Step 125/273 (2.56 it/s) |#########           | - loss_cc=4.938 - loss_ce=2.277 - loss_ne=0.0211 - loss_div=0.0 - threshold=1.0 - loss=7.236
[2026-03-30 10:14:57](logger.py 179): id=CC_FMNIST_C10CFG_K20_E100_DT_1_0 | Ep. 1/100 - Step 150/273 (2.56 it/s) |##########          | - loss_cc=4.934 - loss_ce=2.275 - loss_ne=0.0207 - loss_div=0.0 - threshold=1.0 - loss=7.229
[2026-03-30 10:15:07](logger.py 179): id=CC_FMNIST_C10CFG_K20_E100_DT_1_0 | Ep. 1/100 - Step 175/273 (2.56 it/s) |############        | - loss_cc=4.928 - loss_ce=2.272 - loss_ne=0.0205 - loss_div=0.0 - threshold=1.0 - loss=7.221
[2026-03-30 10:15:17](logger.py 179): id=CC_FMNIST_C10CFG_K20_E100_DT_1_0 | Ep. 1/100 - Step 200/273 (2.56 it/s) |##############      | - loss_cc=4.923 - loss_ce=2.269 - loss_ne=0.021 - loss_div=0.0 - threshold=1.0 - loss=7.213
[2026-03-30 10:15:27](logger.py 179): id=CC_FMNIST_C10CFG_K20_E100_DT_1_0 | Ep. 1/100 - Step 225/273 (2.56 it/s) |################    | - loss_cc=4.919 - loss_ce=2.266 - loss_ne=0.0213 - loss_div=0.0 - threshold=1.0 - loss=7.207
[2026-03-30 10:15:36](logger.py 179): id=CC_FMNIST_C10CFG_K20_E100_DT_1_0 | Ep. 1/100 - Step 250/273 (2.56 it/s) |##################  | - loss_cc=4.915 - loss_ce=2.264 - loss_ne=0.0215 - loss_div=0.0 - threshold=1.0 - loss=7.2
[2026-03-30 10:15:45](logger.py 179): id=CC_FMNIST_C10CFG_K20_E100_DT_1_0 | Ep. 1/100 | Time: 00:01 | loss_cc=4.911 - loss_ce=2.261 - loss_ne=0.0215 - loss_div=0.0 - threshold=1.0 - loss=7.194
[2026-03-30 10:15:47](logger.py 179): id=CC_FMNIST_C10CFG_K20_E100_DT_1_0 | Ep. 2/100 - Step 0/273 (0.0 it/s) |                    | - loss_cc=4.817 - loss_ce=2.211 - loss_ne=0.0352 - loss_div=0.0 - threshold=1.0 - loss=7.064
[2026-03-30 10:15:57](logger.py 179): id=CC_FMNIST_C10CFG_K20_E100_DT_1_0 | Ep. 2/100 - Step 25/273 (2.56 it/s) |#                   | - loss_cc=4.84 - loss_ce=2.227 - loss_ne=0.0181 - loss_div=0.0 - threshold=1.0 - loss=7.086
[2026-03-30 10:16:06](logger.py 179): id=CC_FMNIST_C10CFG_K20_E100_DT_1_0 | Ep. 2/100 - Step 50/273 (2.56 it/s) |###                 | - loss_cc=4.841 - loss_ce=2.228 - loss_ne=0.0188 - loss_div=0.0 - threshold=1.0 - loss=7.088
[2026-03-30 10:16:16](logger.py 179): id=CC_FMNIST_C10CFG_K20_E100_DT_1_0 | Ep. 2/100 - Step 75/273 (2.56 it/s) |#####               | - loss_cc=4.844 - loss_ce=2.227 - loss_ne=0.0193 - loss_div=0.0 - threshold=1.0 - loss=7.091
[2026-03-30 10:16:26](logger.py 179): id=CC_FMNIST_C10CFG_K20_E100_DT_1_0 | Ep. 2/100 - Step 100/273 (2.56 it/s) |#######             | - loss_cc=4.841 - loss_ce=2.225 - loss_ne=0.0196 - loss_div=0.0 - threshold=1.0 - loss=7.085
[2026-03-30 10:16:36](logger.py 179): id=CC_FMNIST_C10CFG_K20_E100_DT_1_0 | Ep. 2/100 - Step 125/273 (2.56 it/s) |#########           | - loss_cc=4.84 - loss_ce=2.224 - loss_ne=0.0208 - loss_div=0.0 - threshold=1.0 - loss=7.084
[2026-03-30 10:16:45](logger.py 179): id=CC_FMNIST_C10CFG_K20_E100_DT_1_0 | Ep. 2/100 - Step 150/273 (2.56 it/s) |##########          | - loss_cc=4.836 - loss_ce=2.222 - loss_ne=0.0208 - loss_div=0.0 - threshold=1.0 - loss=7.079
[2026-03-30 10:16:55](logger.py 179): id=CC_FMNIST_C10CFG_K20_E100_DT_1_0 | Ep. 2/100 - Step 175/273 (2.56 it/s) |############        | - loss_cc=4.833 - loss_ce=2.221 - loss_ne=0.0207 - loss_div=0.0 - threshold=1.0 - loss=7.074
[2026-03-30 10:17:05](logger.py 179): id=CC_FMNIST_C10CFG_K20_E100_DT_1_0 | Ep. 2/100 - Step 200/273 (2.56 it/s) |##############      | - loss_cc=4.832 - loss_ce=2.22 - loss_ne=0.0208 - loss_div=0.0 - threshold=1.0 - loss=7.073
[2026-03-30 10:17:15](logger.py 179): id=CC_FMNIST_C10CFG_K20_E100_DT_1_0 | Ep. 2/100 - Step 225/273 (2.56 it/s) |################    | - loss_cc=4.83 - loss_ce=2.218 - loss_ne=0.0214 - loss_div=0.0 - threshold=1.0 - loss=7.07
[2026-03-30 10:17:25](logger.py 179): id=CC_FMNIST_C10CFG_K20_E100_DT_1_0 | Ep. 2/100 - Step 250/273 (2.56 it/s) |##################  | - loss_cc=4.827 - loss_ce=2.217 - loss_ne=0.0211 - loss_div=0.0 - threshold=1.0 - loss=7.066
[2026-03-30 10:17:33](logger.py 179): id=CC_FMNIST_C10CFG_K20_E100_DT_1_0 | Ep. 2/100 | Time: 00:01 | loss_cc=4.827 - loss_ce=2.216 - loss_ne=0.0212 - loss_div=0.0 - threshold=1.0 - loss=7.064
[2026-03-30 10:17:35](logger.py 179): id=CC_FMNIST_C10CFG_K20_E100_DT_1_0 | Ep. 3/100 - Step 0/273 (0.0 it/s) |                    | - loss_cc=4.803 - loss_ce=2.2 - loss_ne=0.0195 - loss_div=0.0 - threshold=1.0 - loss=7.022
[2026-03-30 10:17:45](logger.py 179): id=CC_FMNIST_C10CFG_K20_E100_DT_1_0 | Ep. 3/100 - Step 25/273 (2.57 it/s) |#                   | - loss_cc=4.81 - loss_ce=2.205 - loss_ne=0.0242 - loss_div=0.0 - threshold=1.0 - loss=7.039
[2026-03-30 10:17:55](logger.py 179): id=CC_FMNIST_C10CFG_K20_E100_DT_1_0 | Ep. 3/100 - Step 50/273 (2.56 it/s) |###                 | - loss_cc=4.81 - loss_ce=2.205 - loss_ne=0.0218 - loss_div=0.0 - threshold=1.0 - loss=7.037
[2026-03-30 10:18:04](logger.py 179): id=CC_FMNIST_C10CFG_K20_E100_DT_1_0 | Ep. 3/100 - Step 75/273 (2.56 it/s) |#####               | - loss_cc=4.806 - loss_ce=2.203 - loss_ne=0.0208 - loss_div=0.0 - threshold=1.0 - loss=7.03
[2026-03-30 10:18:14](logger.py 179): id=CC_FMNIST_C10CFG_K20_E100_DT_1_0 | Ep. 3/100 - Step 100/273 (2.56 it/s) |#######             | - loss_cc=4.802 - loss_ce=2.201 - loss_ne=0.021 - loss_div=0.0 - threshold=1.0 - loss=7.024
[2026-03-30 10:18:24](logger.py 179): id=CC_FMNIST_C10CFG_K20_E100_DT_1_0 | Ep. 3/100 - Step 125/273 (2.56 it/s) |#########           | - loss_cc=4.799 - loss_ce=2.2 - loss_ne=0.0207 - loss_div=0.0 - threshold=1.0 - loss=7.02
[2026-03-30 10:18:34](logger.py 179): id=CC_FMNIST_C10CFG_K20_E100_DT_1_0 | Ep. 3/100 - Step 150/273 (2.56 it/s) |##########          | - loss_cc=4.798 - loss_ce=2.199 - loss_ne=0.0209 - loss_div=0.0 - threshold=1.0 - loss=7.018
[2026-03-30 10:18:43](logger.py 179): id=CC_FMNIST_C10CFG_K20_E100_DT_1_0 | Ep. 3/100 - Step 175/273 (2.56 it/s) |############        | - loss_cc=4.794 - loss_ce=2.197 - loss_ne=0.0208 - loss_div=0.0 - threshold=1.0 - loss=7.013
[2026-03-30 10:18:53](logger.py 179): id=CC_FMNIST_C10CFG_K20_E100_DT_1_0 | Ep. 3/100 - Step 200/273 (2.56 it/s) |##############      | - loss_cc=4.792 - loss_ce=2.196 - loss_ne=0.0207 - loss_div=0.0 - threshold=1.0 - loss=7.009
[2026-03-30 10:19:03](logger.py 179): id=CC_FMNIST_C10CFG_K20_E100_DT_1_0 | Ep. 3/100 - Step 225/273 (2.56 it/s) |################    | - loss_cc=4.791 - loss_ce=2.196 - loss_ne=0.0206 - loss_div=0.0 - threshold=1.0 - loss=7.007
[2026-03-30 10:19:13](logger.py 179): id=CC_FMNIST_C10CFG_K20_E100_DT_1_0 | Ep. 3/100 - Step 250/273 (2.56 it/s) |##################  | - loss_cc=4.789 - loss_ce=2.195 - loss_ne=0.0207 - loss_div=0.0 - threshold=1.0 - loss=7.005
[2026-03-30 10:19:21](logger.py 179): id=CC_FMNIST_C10CFG_K20_E100_DT_1_0 | Ep. 3/100 | Time: 00:01 | loss_cc=4.789 - loss_ce=2.195 - loss_ne=0.0208 - loss_div=0.0 - threshold=1.0 - loss=7.004
[2026-03-30 10:19:23](logger.py 179): id=CC_FMNIST_C10CFG_K20_E100_DT_1_0 | Ep. 4/100 - Step 0/273 (0.0 it/s) |                    | - loss_cc=4.813 - loss_ce=2.208 - loss_ne=0.0211 - loss_div=0.0 - threshold=1.0 - loss=7.042
[2026-03-30 10:19:33](logger.py 179): id=CC_FMNIST_C10CFG_K20_E100_DT_1_0 | Ep. 4/100 - Step 25/273 (2.57 it/s) |#                   | - loss_cc=4.772 - loss_ce=2.185 - loss_ne=0.0228 - loss_div=0.0 - threshold=1.0 - loss=6.98
[2026-03-30 10:19:43](logger.py 179): id=CC_FMNIST_C10CFG_K20_E100_DT_1_0 | Ep. 4/100 - Step 50/273 (2.57 it/s) |###                 | - loss_cc=4.77 - loss_ce=2.187 - loss_ne=0.0213 - loss_div=0.0 - threshold=1.0 - loss=6.978
[2026-03-30 10:19:52](logger.py 179): id=CC_FMNIST_C10CFG_K20_E100_DT_1_0 | Ep. 4/100 - Step 75/273 (2.57 it/s) |#####               | - loss_cc=4.767 - loss_ce=2.184 - loss_ne=0.0216 - loss_div=0.0 - threshold=1.0 - loss=6.972
[2026-03-30 10:20:02](logger.py 179): id=CC_FMNIST_C10CFG_K20_E100_DT_1_0 | Ep. 4/100 - Step 100/273 (2.56 it/s) |#######             | - loss_cc=4.766 - loss_ce=2.184 - loss_ne=0.0208 - loss_div=0.0 - threshold=1.0 - loss=6.971
[2026-03-30 10:20:12](logger.py 179): id=CC_FMNIST_C10CFG_K20_E100_DT_1_0 | Ep. 4/100 - Step 125/273 (2.56 it/s) |#########           | - loss_cc=4.766 - loss_ce=2.184 - loss_ne=0.0212 - loss_div=0.0 - threshold=1.0 - loss=6.971
[2026-03-30 10:20:22](logger.py 179): id=CC_FMNIST_C10CFG_K20_E100_DT_1_0 | Ep. 4/100 - Step 150/273 (2.56 it/s) |##########          | - loss_cc=4.765 - loss_ce=2.183 - loss_ne=0.0219 - loss_div=0.0 - threshold=1.0 - loss=6.969
[2026-03-30 10:20:31](logger.py 179): id=CC_FMNIST_C10CFG_K20_E100_DT_1_0 | Ep. 4/100 - Step 175/273 (2.56 it/s) |############        | - loss_cc=4.761 - loss_ce=2.181 - loss_ne=0.0217 - loss_div=0.0 - threshold=1.0 - loss=6.964
[2026-03-30 10:20:41](logger.py 179): id=CC_FMNIST_C10CFG_K20_E100_DT_1_0 | Ep. 4/100 - Step 200/273 (2.56 it/s) |##############      | - loss_cc=4.759 - loss_ce=2.181 - loss_ne=0.0217 - loss_div=0.0 - threshold=1.0 - loss=6.962
[2026-03-30 10:20:51](logger.py 179): id=CC_FMNIST_C10CFG_K20_E100_DT_1_0 | Ep. 4/100 - Step 225/273 (2.56 it/s) |################    | - loss_cc=4.758 - loss_ce=2.18 - loss_ne=0.0217 - loss_div=0.0 - threshold=1.0 - loss=6.96
[2026-03-30 10:21:01](logger.py 179): id=CC_FMNIST_C10CFG_K20_E100_DT_1_0 | Ep. 4/100 - Step 250/273 (2.56 it/s) |##################  | - loss_cc=4.757 - loss_ce=2.18 - loss_ne=0.0215 - loss_div=0.0 - threshold=1.0 - loss=6.958
[2026-03-30 10:21:09](logger.py 179): id=CC_FMNIST_C10CFG_K20_E100_DT_1_0 | Ep. 4/100 | Time: 00:01 | loss_cc=4.755 - loss_ce=2.179 - loss_ne=0.0213 - loss_div=0.0 - threshold=1.0 - loss=6.956
[2026-03-30 10:21:11](logger.py 179): id=CC_FMNIST_C10CFG_K20_E100_DT_1_0 | Ep. 5/100 - Step 0/273 (0.0 it/s) |                    | - loss_cc=4.726 - loss_ce=2.176 - loss_ne=0.016 - loss_div=0.0 - threshold=1.0 - loss=6.918
[2026-03-30 10:21:21](logger.py 179): id=CC_FMNIST_C10CFG_K20_E100_DT_1_0 | Ep. 5/100 - Step 25/273 (2.56 it/s) |#                   | - loss_cc=4.748 - loss_ce=2.175 - loss_ne=0.0242 - loss_div=0.0 - threshold=1.0 - loss=6.947
[2026-03-30 10:21:31](logger.py 179): id=CC_FMNIST_C10CFG_K20_E100_DT_1_0 | Ep. 5/100 - Step 50/273 (2.56 it/s) |###                 | - loss_cc=4.746 - loss_ce=2.173 - loss_ne=0.0244 - loss_div=0.0 - threshold=1.0 - loss=6.943
[2026-03-30 10:21:40](logger.py 179): id=CC_FMNIST_C10CFG_K20_E100_DT_1_0 | Ep. 5/100 - Step 75/273 (2.56 it/s) |#####               | - loss_cc=4.741 - loss_ce=2.172 - loss_ne=0.0234 - loss_div=0.0 - threshold=1.0 - loss=6.936
[2026-03-30 10:21:50](logger.py 179): id=CC_FMNIST_C10CFG_K20_E100_DT_1_0 | Ep. 5/100 - Step 100/273 (2.56 it/s) |#######             | - loss_cc=4.739 - loss_ce=2.171 - loss_ne=0.0223 - loss_div=0.0 - threshold=1.0 - loss=6.932
[2026-03-30 10:22:00](logger.py 179): id=CC_FMNIST_C10CFG_K20_E100_DT_1_0 | Ep. 5/100 - Step 125/273 (2.56 it/s) |#########           | - loss_cc=4.739 - loss_ce=2.171 - loss_ne=0.0217 - loss_div=0.0 - threshold=1.0 - loss=6.931
[2026-03-30 10:22:10](logger.py 179): id=CC_FMNIST_C10CFG_K20_E100_DT_1_0 | Ep. 5/100 - Step 150/273 (2.56 it/s) |##########          | - loss_cc=4.737 - loss_ce=2.17 - loss_ne=0.0212 - loss_div=0.0 - threshold=1.0 - loss=6.928
[2026-03-30 10:22:20](logger.py 179): id=CC_FMNIST_C10CFG_K20_E100_DT_1_0 | Ep. 5/100 - Step 175/273 (2.56 it/s) |############        | - loss_cc=4.737 - loss_ce=2.17 - loss_ne=0.0214 - loss_div=0.0 - threshold=1.0 - loss=6.928
[2026-03-30 10:22:29](logger.py 179): id=CC_FMNIST_C10CFG_K20_E100_DT_1_0 | Ep. 5/100 - Step 200/273 (2.56 it/s) |##############      | - loss_cc=4.737 - loss_ce=2.17 - loss_ne=0.0213 - loss_div=0.0 - threshold=1.0 - loss=6.928
[2026-03-30 10:22:39](logger.py 179): id=CC_FMNIST_C10CFG_K20_E100_DT_1_0 | Ep. 5/100 - Step 225/273 (2.56 it/s) |################    | - loss_cc=4.735 - loss_ce=2.169 - loss_ne=0.0215 - loss_div=0.0 - threshold=1.0 - loss=6.925
[2026-03-30 10:22:49](logger.py 179): id=CC_FMNIST_C10CFG_K20_E100_DT_1_0 | Ep. 5/100 - Step 250/273 (2.56 it/s) |##################  | - loss_cc=4.735 - loss_ce=2.169 - loss_ne=0.0213 - loss_div=0.0 - threshold=1.0 - loss=6.926
[2026-03-30 10:22:57](logger.py 179): id=CC_FMNIST_C10CFG_K20_E100_DT_1_0 | Ep. 5/100 | Time: 00:01 | loss_cc=4.734 - loss_ce=2.169 - loss_ne=0.0209 - loss_div=0.0 - threshold=1.0 - loss=6.924
[2026-03-30 10:22:59](logger.py 179): id=CC_FMNIST_C10CFG_K20_E100_DT_1_0 | Ep. 6/100 - Step 0/273 (0.0 it/s) |                    | - loss_cc=4.728 - loss_ce=2.164 - loss_ne=0.0344 - loss_div=0.0 - threshold=1.0 - loss=6.926
[2026-03-30 10:23:09](logger.py 179): id=CC_FMNIST_C10CFG_K20_E100_DT_1_0 | Ep. 6/100 - Step 25/273 (2.56 it/s) |#                   | - loss_cc=4.724 - loss_ce=2.165 - loss_ne=0.0208 - loss_div=0.0 - threshold=1.0 - loss=6.91
[2026-03-30 10:23:19](logger.py 179): id=CC_FMNIST_C10CFG_K20_E100_DT_1_0 | Ep. 6/100 - Step 50/273 (2.56 it/s) |###                 | - loss_cc=4.718 - loss_ce=2.162 - loss_ne=0.021 - loss_div=0.0 - threshold=1.0 - loss=6.9
[2026-03-30 10:23:29](logger.py 179): id=CC_FMNIST_C10CFG_K20_E100_DT_1_0 | Ep. 6/100 - Step 75/273 (2.56 it/s) |#####               | - loss_cc=4.723 - loss_ce=2.164 - loss_ne=0.0209 - loss_div=0.0 - threshold=1.0 - loss=6.907
[2026-03-30 10:23:39](logger.py 179): id=CC_FMNIST_C10CFG_K20_E100_DT_1_0 | Ep. 6/100 - Step 100/273 (2.56 it/s) |#######             | - loss_cc=4.721 - loss_ce=2.163 - loss_ne=0.021 - loss_div=0.0 - threshold=1.0 - loss=6.906
[2026-03-30 10:23:48](logger.py 179): id=CC_FMNIST_C10CFG_K20_E100_DT_1_0 | Ep. 6/100 - Step 125/273 (2.56 it/s) |#########           | - loss_cc=4.72 - loss_ce=2.162 - loss_ne=0.0204 - loss_div=0.0 - threshold=1.0 - loss=6.903
[2026-03-30 10:23:58](logger.py 179): id=CC_FMNIST_C10CFG_K20_E100_DT_1_0 | Ep. 6/100 - Step 150/273 (2.56 it/s) |##########          | - loss_cc=4.72 - loss_ce=2.162 - loss_ne=0.0205 - loss_div=0.0 - threshold=1.0 - loss=6.903
[2026-03-30 10:24:08](logger.py 179): id=CC_FMNIST_C10CFG_K20_E100_DT_1_0 | Ep. 6/100 - Step 175/273 (2.56 it/s) |############        | - loss_cc=4.719 - loss_ce=2.162 - loss_ne=0.0204 - loss_div=0.0 - threshold=1.0 - loss=6.902
[2026-03-30 10:24:18](logger.py 179): id=CC_FMNIST_C10CFG_K20_E100_DT_1_0 | Ep. 6/100 - Step 200/273 (2.56 it/s) |##############      | - loss_cc=4.719 - loss_ce=2.162 - loss_ne=0.0203 - loss_div=0.0 - threshold=1.0 - loss=6.901
[2026-03-30 10:24:27](logger.py 179): id=CC_FMNIST_C10CFG_K20_E100_DT_1_0 | Ep. 6/100 - Step 225/273 (2.56 it/s) |################    | - loss_cc=4.718 - loss_ce=2.161 - loss_ne=0.0201 - loss_div=0.0 - threshold=1.0 - loss=6.899
[2026-03-30 10:24:37](logger.py 179): id=CC_FMNIST_C10CFG_K20_E100_DT_1_0 | Ep. 6/100 - Step 250/273 (2.56 it/s) |##################  | - loss_cc=4.716 - loss_ce=2.161 - loss_ne=0.0203 - loss_div=0.0 - threshold=1.0 - loss=6.897
[2026-03-30 10:24:46](logger.py 179): id=CC_FMNIST_C10CFG_K20_E100_DT_1_0 | Ep. 6/100 | Time: 00:01 | loss_cc=4.715 - loss_ce=2.16 - loss_ne=0.0204 - loss_div=0.0 - threshold=1.0 - loss=6.896
[2026-03-30 10:24:48](logger.py 179): id=CC_FMNIST_C10CFG_K20_E100_DT_1_0 | Ep. 7/100 - Step 0/273 (0.0 it/s) |                    | - loss_cc=4.702 - loss_ce=2.151 - loss_ne=0.0208 - loss_div=0.0 - threshold=1.0 - loss=6.873
[2026-03-30 10:24:57](logger.py 179): id=CC_FMNIST_C10CFG_K20_E100_DT_1_0 | Ep. 7/100 - Step 25/273 (2.56 it/s) |#                   | - loss_cc=4.706 - loss_ce=2.157 - loss_ne=0.0211 - loss_div=0.0 - threshold=1.0 - loss=6.884
[2026-03-30 10:25:07](logger.py 179): id=CC_FMNIST_C10CFG_K20_E100_DT_1_0 | Ep. 7/100 - Step 50/273 (2.55 it/s) |###                 | - loss_cc=4.705 - loss_ce=2.157 - loss_ne=0.0211 - loss_div=0.0 - threshold=1.0 - loss=6.883
[2026-03-30 10:25:17](logger.py 179): id=CC_FMNIST_C10CFG_K20_E100_DT_1_0 | Ep. 7/100 - Step 75/273 (2.55 it/s) |#####               | - loss_cc=4.704 - loss_ce=2.156 - loss_ne=0.021 - loss_div=0.0 - threshold=1.0 - loss=6.881
[2026-03-30 10:25:27](logger.py 179): id=CC_FMNIST_C10CFG_K20_E100_DT_1_0 | Ep. 7/100 - Step 100/273 (2.55 it/s) |#######             | - loss_cc=4.704 - loss_ce=2.156 - loss_ne=0.0215 - loss_div=0.0 - threshold=1.0 - loss=6.881
[2026-03-30 10:25:36](logger.py 179): id=CC_FMNIST_C10CFG_K20_E100_DT_1_0 | Ep. 7/100 - Step 125/273 (2.56 it/s) |#########           | - loss_cc=4.703 - loss_ce=2.155 - loss_ne=0.0208 - loss_div=0.0 - threshold=1.0 - loss=6.879
[2026-03-30 10:25:46](logger.py 179): id=CC_FMNIST_C10CFG_K20_E100_DT_1_0 | Ep. 7/100 - Step 150/273 (2.55 it/s) |##########          | - loss_cc=4.702 - loss_ce=2.155 - loss_ne=0.0203 - loss_div=0.0 - threshold=1.0 - loss=6.877
[2026-03-30 10:25:56](logger.py 179): id=CC_FMNIST_C10CFG_K20_E100_DT_1_0 | Ep. 7/100 - Step 175/273 (2.55 it/s) |############        | - loss_cc=4.704 - loss_ce=2.155 - loss_ne=0.0203 - loss_div=0.0 - threshold=1.0 - loss=6.879
[2026-03-30 10:26:06](logger.py 179): id=CC_FMNIST_C10CFG_K20_E100_DT_1_0 | Ep. 7/100 - Step 200/273 (2.55 it/s) |##############      | - loss_cc=4.703 - loss_ce=2.155 - loss_ne=0.0204 - loss_div=0.0 - threshold=1.0 - loss=6.878
[2026-03-30 10:26:16](logger.py 179): id=CC_FMNIST_C10CFG_K20_E100_DT_1_0 | Ep. 7/100 - Step 225/273 (2.55 it/s) |################    | - loss_cc=4.702 - loss_ce=2.155 - loss_ne=0.0202 - loss_div=0.0 - threshold=1.0 - loss=6.877
[2026-03-30 10:26:25](logger.py 179): id=CC_FMNIST_C10CFG_K20_E100_DT_1_0 | Ep. 7/100 - Step 250/273 (2.55 it/s) |##################  | - loss_cc=4.702 - loss_ce=2.154 - loss_ne=0.0201 - loss_div=0.0 - threshold=1.0 - loss=6.876
[2026-03-30 10:26:34](logger.py 179): id=CC_FMNIST_C10CFG_K20_E100_DT_1_0 | Ep. 7/100 | Time: 00:01 | loss_cc=4.702 - loss_ce=2.154 - loss_ne=0.0203 - loss_div=0.0 - threshold=1.0 - loss=6.876
[2026-03-30 10:26:36](logger.py 179): id=CC_FMNIST_C10CFG_K20_E100_DT_1_0 | Ep. 8/100 - Step 0/273 (0.0 it/s) |                    | - loss_cc=4.695 - loss_ce=2.14 - loss_ne=0.0209 - loss_div=0.0 - threshold=1.0 - loss=6.856
[2026-03-30 10:26:46](logger.py 179): id=CC_FMNIST_C10CFG_K20_E100_DT_1_0 | Ep. 8/100 - Step 25/273 (2.56 it/s) |#                   | - loss_cc=4.689 - loss_ce=2.148 - loss_ne=0.0174 - loss_div=0.0 - threshold=1.0 - loss=6.855
[2026-03-30 10:26:55](logger.py 179): id=CC_FMNIST_C10CFG_K20_E100_DT_1_0 | Ep. 8/100 - Step 50/273 (2.55 it/s) |###                 | - loss_cc=4.69 - loss_ce=2.147 - loss_ne=0.0176 - loss_div=0.0 - threshold=1.0 - loss=6.854
[2026-03-30 10:27:05](logger.py 179): id=CC_FMNIST_C10CFG_K20_E100_DT_1_0 | Ep. 8/100 - Step 75/273 (2.55 it/s) |#####               | - loss_cc=4.687 - loss_ce=2.147 - loss_ne=0.0187 - loss_div=0.0 - threshold=1.0 - loss=6.853
[2026-03-30 10:27:15](logger.py 179): id=CC_FMNIST_C10CFG_K20_E100_DT_1_0 | Ep. 8/100 - Step 100/273 (2.55 it/s) |#######             | - loss_cc=4.688 - loss_ce=2.147 - loss_ne=0.0187 - loss_div=0.0 - threshold=1.0 - loss=6.854
[2026-03-30 10:27:25](logger.py 179): id=CC_FMNIST_C10CFG_K20_E100_DT_1_0 | Ep. 8/100 - Step 125/273 (2.55 it/s) |#########           | - loss_cc=4.688 - loss_ce=2.148 - loss_ne=0.0198 - loss_div=0.0 - threshold=1.0 - loss=6.856
[2026-03-30 10:27:35](logger.py 179): id=CC_FMNIST_C10CFG_K20_E100_DT_1_0 | Ep. 8/100 - Step 150/273 (2.55 it/s) |##########          | - loss_cc=4.687 - loss_ce=2.148 - loss_ne=0.0201 - loss_div=0.0 - threshold=1.0 - loss=6.855
[2026-03-30 10:27:44](logger.py 179): id=CC_FMNIST_C10CFG_K20_E100_DT_1_0 | Ep. 8/100 - Step 175/273 (2.55 it/s) |############        | - loss_cc=4.688 - loss_ce=2.148 - loss_ne=0.0201 - loss_div=0.0 - threshold=1.0 - loss=6.856
[2026-03-30 10:27:54](logger.py 179): id=CC_FMNIST_C10CFG_K20_E100_DT_1_0 | Ep. 8/100 - Step 200/273 (2.55 it/s) |##############      | - loss_cc=4.688 - loss_ce=2.148 - loss_ne=0.02 - loss_div=0.0 - threshold=1.0 - loss=6.856
[2026-03-30 10:28:04](logger.py 179): id=CC_FMNIST_C10CFG_K20_E100_DT_1_0 | Ep. 8/100 - Step 225/273 (2.55 it/s) |################    | - loss_cc=4.688 - loss_ce=2.148 - loss_ne=0.0205 - loss_div=0.0 - threshold=1.0 - loss=6.857
[2026-03-30 10:28:14](logger.py 179): id=CC_FMNIST_C10CFG_K20_E100_DT_1_0 | Ep. 8/100 - Step 250/273 (2.55 it/s) |##################  | - loss_cc=4.687 - loss_ce=2.148 - loss_ne=0.0206 - loss_div=0.0 - threshold=1.0 - loss=6.856
[2026-03-30 10:28:22](logger.py 179): id=CC_FMNIST_C10CFG_K20_E100_DT_1_0 | Ep. 8/100 | Time: 00:01 | loss_cc=4.687 - loss_ce=2.148 - loss_ne=0.0209 - loss_div=0.0 - threshold=1.0 - loss=6.856
[2026-03-30 10:28:24](logger.py 179): id=CC_FMNIST_C10CFG_K20_E100_DT_1_0 | Ep. 9/100 - Step 0/273 (0.0 it/s) |                    | - loss_cc=4.663 - loss_ce=2.125 - loss_ne=0.0104 - loss_div=0.0 - threshold=1.0 - loss=6.799
[2026-03-30 10:28:34](logger.py 179): id=CC_FMNIST_C10CFG_K20_E100_DT_1_0 | Ep. 9/100 - Step 25/273 (2.56 it/s) |#                   | - loss_cc=4.68 - loss_ce=2.144 - loss_ne=0.0176 - loss_div=0.0 - threshold=1.0 - loss=6.841
[2026-03-30 10:28:44](logger.py 179): id=CC_FMNIST_C10CFG_K20_E100_DT_1_0 | Ep. 9/100 - Step 50/273 (2.56 it/s) |###                 | - loss_cc=4.68 - loss_ce=2.144 - loss_ne=0.0184 - loss_div=0.0 - threshold=1.0 - loss=6.843
[2026-03-30 10:28:54](logger.py 179): id=CC_FMNIST_C10CFG_K20_E100_DT_1_0 | Ep. 9/100 - Step 75/273 (2.56 it/s) |#####               | - loss_cc=4.679 - loss_ce=2.145 - loss_ne=0.0186 - loss_div=0.0 - threshold=1.0 - loss=6.842
[2026-03-30 10:29:03](logger.py 179): id=CC_FMNIST_C10CFG_K20_E100_DT_1_0 | Ep. 9/100 - Step 100/273 (2.56 it/s) |#######             | - loss_cc=4.681 - loss_ce=2.145 - loss_ne=0.0194 - loss_div=0.0 - threshold=1.0 - loss=6.845
[2026-03-30 10:29:13](logger.py 179): id=CC_FMNIST_C10CFG_K20_E100_DT_1_0 | Ep. 9/100 - Step 125/273 (2.56 it/s) |#########           | - loss_cc=4.682 - loss_ce=2.145 - loss_ne=0.0204 - loss_div=0.0 - threshold=1.0 - loss=6.847
[2026-03-30 10:29:23](logger.py 179): id=CC_FMNIST_C10CFG_K20_E100_DT_1_0 | Ep. 9/100 - Step 150/273 (2.56 it/s) |##########          | - loss_cc=4.683 - loss_ce=2.146 - loss_ne=0.0209 - loss_div=0.0 - threshold=1.0 - loss=6.849
[2026-03-30 10:29:33](logger.py 179): id=CC_FMNIST_C10CFG_K20_E100_DT_1_0 | Ep. 9/100 - Step 175/273 (2.56 it/s) |############        | - loss_cc=4.682 - loss_ce=2.145 - loss_ne=0.0209 - loss_div=0.0 - threshold=1.0 - loss=6.848
[2026-03-30 10:29:43](logger.py 179): id=CC_FMNIST_C10CFG_K20_E100_DT_1_0 | Ep. 9/100 - Step 200/273 (2.56 it/s) |##############      | - loss_cc=4.681 - loss_ce=2.145 - loss_ne=0.0207 - loss_div=0.0 - threshold=1.0 - loss=6.847
[2026-03-30 10:29:52](logger.py 179): id=CC_FMNIST_C10CFG_K20_E100_DT_1_0 | Ep. 9/100 - Step 225/273 (2.56 it/s) |################    | - loss_cc=4.68 - loss_ce=2.145 - loss_ne=0.0205 - loss_div=0.0 - threshold=1.0 - loss=6.846
[2026-03-30 10:30:02](logger.py 179): id=CC_FMNIST_C10CFG_K20_E100_DT_1_0 | Ep. 9/100 - Step 250/273 (2.56 it/s) |##################  | - loss_cc=4.68 - loss_ce=2.145 - loss_ne=0.0207 - loss_div=0.0 - threshold=1.0 - loss=6.845
[2026-03-30 10:30:11](logger.py 179): id=CC_FMNIST_C10CFG_K20_E100_DT_1_0 | Ep. 9/100 | Time: 00:01 | loss_cc=4.679 - loss_ce=2.144 - loss_ne=0.0204 - loss_div=0.0 - threshold=1.0 - loss=6.843
[2026-03-30 10:30:13](logger.py 179): id=CC_FMNIST_C10CFG_K20_E100_DT_1_0 | Ep. 10/100 - Step 0/273 (0.0 it/s) |                    | - loss_cc=4.685 - loss_ce=2.146 - loss_ne=0.0228 - loss_div=0.0 - threshold=1.0 - loss=6.853
[2026-03-30 10:30:22](logger.py 179): id=CC_FMNIST_C10CFG_K20_E100_DT_1_0 | Ep. 10/100 - Step 25/273 (2.57 it/s) |#                   | - loss_cc=4.663 - loss_ce=2.135 - loss_ne=0.0183 - loss_div=0.0 - threshold=1.0 - loss=6.817
[2026-03-30 10:30:32](logger.py 179): id=CC_FMNIST_C10CFG_K20_E100_DT_1_0 | Ep. 10/100 - Step 50/273 (2.56 it/s) |###                 | - loss_cc=4.667 - loss_ce=2.139 - loss_ne=0.0191 - loss_div=0.0 - threshold=1.0 - loss=6.824
[2026-03-30 10:30:42](logger.py 179): id=CC_FMNIST_C10CFG_K20_E100_DT_1_0 | Ep. 10/100 - Step 75/273 (2.56 it/s) |#####               | - loss_cc=4.666 - loss_ce=2.139 - loss_ne=0.0197 - loss_div=0.0 - threshold=1.0 - loss=6.825
[2026-03-30 10:30:52](logger.py 179): id=CC_FMNIST_C10CFG_K20_E100_DT_1_0 | Ep. 10/100 - Step 100/273 (2.56 it/s) |#######             | - loss_cc=4.666 - loss_ce=2.139 - loss_ne=0.0196 - loss_div=0.0 - threshold=1.0 - loss=6.824
[2026-03-30 10:31:02](logger.py 179): id=CC_FMNIST_C10CFG_K20_E100_DT_1_0 | Ep. 10/100 - Step 125/273 (2.56 it/s) |#########           | - loss_cc=4.669 - loss_ce=2.14 - loss_ne=0.0201 - loss_div=0.0 - threshold=1.0 - loss=6.829
[2026-03-30 10:31:11](logger.py 179): id=CC_FMNIST_C10CFG_K20_E100_DT_1_0 | Ep. 10/100 - Step 150/273 (2.56 it/s) |##########          | - loss_cc=4.67 - loss_ce=2.14 - loss_ne=0.0201 - loss_div=0.0 - threshold=1.0 - loss=6.83
[2026-03-30 10:31:21](logger.py 179): id=CC_FMNIST_C10CFG_K20_E100_DT_1_0 | Ep. 10/100 - Step 175/273 (2.56 it/s) |############        | - loss_cc=4.668 - loss_ce=2.14 - loss_ne=0.0205 - loss_div=0.0 - threshold=1.0 - loss=6.828
[2026-03-30 10:31:31](logger.py 179): id=CC_FMNIST_C10CFG_K20_E100_DT_1_0 | Ep. 10/100 - Step 200/273 (2.56 it/s) |##############      | - loss_cc=4.668 - loss_ce=2.139 - loss_ne=0.0203 - loss_div=0.0 - threshold=1.0 - loss=6.828
[2026-03-30 10:31:41](logger.py 179): id=CC_FMNIST_C10CFG_K20_E100_DT_1_0 | Ep. 10/100 - Step 225/273 (2.56 it/s) |################    | - loss_cc=4.668 - loss_ce=2.139 - loss_ne=0.0205 - loss_div=0.0 - threshold=1.0 - loss=6.828
[2026-03-30 10:31:50](logger.py 179): id=CC_FMNIST_C10CFG_K20_E100_DT_1_0 | Ep. 10/100 - Step 250/273 (2.56 it/s) |##################  | - loss_cc=4.668 - loss_ce=2.139 - loss_ne=0.0205 - loss_div=0.0 - threshold=1.0 - loss=6.828
[2026-03-30 10:31:59](logger.py 179): Evaluating
[2026-03-30 10:31:59](logger.py 179): Eval. step 0 of 274
[2026-03-30 10:32:02](logger.py 179): Eval. step 25 of 274
[2026-03-30 10:32:04](logger.py 179): Eval. step 50 of 274
[2026-03-30 10:32:06](logger.py 179): Eval. step 75 of 274
[2026-03-30 10:32:09](logger.py 179): Eval. step 100 of 274
[2026-03-30 10:32:11](logger.py 179): Eval. step 125 of 274
[2026-03-30 10:32:13](logger.py 179): Eval. step 150 of 274
[2026-03-30 10:32:16](logger.py 179): Eval. step 175 of 274
[2026-03-30 10:32:18](logger.py 179): Eval. step 200 of 274
[2026-03-30 10:32:20](logger.py 179): Eval. step 225 of 274
[2026-03-30 10:32:23](logger.py 179): Eval. step 250 of 274
[2026-03-30 10:32:27](logger.py 179): id=CC_FMNIST_C10CFG_K20_E100_DT_1_0 | Ep. 10/100 | Time: 00:02 | loss_cc=4.667 - loss_ce=2.14 - loss_ne=0.0205 - loss_div=0.0 - threshold=1.0 - loss=6.827 - eval_confidence=0.87 - cluster_acc_0_eval=63.15 - cluster_nmi_0_eval=0.591 - cluster_ari_0_eval=0.486 - cluster_acc_1_eval=54.56 - cluster_nmi_1_eval=0.509 - cluster_ari_1_eval=0.38 - cluster_acc_2_eval=62.84 - cluster_nmi_2_eval=0.588 - cluster_ari_2_eval=0.482 - cluster_acc_3_eval=50.54 - cluster_nmi_3_eval=0.488 - cluster_ari_3_eval=0.363 - cluster_acc_4_eval=63.17 - cluster_nmi_4_eval=0.592 - cluster_ari_4_eval=0.487 - cluster_acc_5_eval=63.19 - cluster_nmi_5_eval=0.592 - cluster_ari_5_eval=0.486 - cluster_acc_6_eval=63.14 - cluster_nmi_6_eval=0.591 - cluster_ari_6_eval=0.486 - cluster_acc_7_eval=63.16 - cluster_nmi_7_eval=0.59 - cluster_ari_7_eval=0.484 - cluster_acc_8_eval=63.17 - cluster_nmi_8_eval=0.592 - cluster_ari_8_eval=0.487 - cluster_acc_9_eval=63.2 - cluster_nmi_9_eval=0.591 - cluster_ari_9_eval=0.485 - cluster_acc_10_eval=63.1 - cluster_nmi_10_eval=0.591 - cluster_ari_10_eval=0.486 - cluster_acc_11_eval=52.97 - cluster_nmi_11_eval=0.493 - cluster_ari_11_eval=0.369 - cluster_acc_12_eval=48.99 - cluster_nmi_12_eval=0.486 - cluster_ari_12_eval=0.354 - cluster_acc_13_eval=63.17 - cluster_nmi_13_eval=0.591 - cluster_ari_13_eval=0.485 - cluster_acc_14_eval=63.11 - cluster_nmi_14_eval=0.588 - cluster_ari_14_eval=0.482 - cluster_acc_15_eval=63.24 - cluster_nmi_15_eval=0.59 - cluster_ari_15_eval=0.486 - cluster_acc_16_eval=63.22 - cluster_nmi_16_eval=0.591 - cluster_ari_16_eval=0.486 - cluster_acc_17_eval=63.26 - cluster_nmi_17_eval=0.592 - cluster_ari_17_eval=0.486 - cluster_acc_18_eval=63.12 - cluster_nmi_18_eval=0.59 - cluster_ari_18_eval=0.485 - cluster_acc_19_eval=62.57 - cluster_nmi_19_eval=0.581 - cluster_ari_19_eval=0.472 - max_cluster_acc_eval=63.26 - mean_cluster_acc_eval=60.84 - min_cluster_acc_eval=48.99 - max_cluster_nmi_eval=0.592 - mean_cluster_nmi_eval=0.571 - min_cluster_nmi_eval=0.486 - max_cluster_ari_eval=0.487 - mean_cluster_ari_eval=0.461 - min_cluster_ari_eval=0.354 - interclustering_nmi_eval=0.882
/scratch/e0538389/DivClust/engine/trainer.py:41: FutureWarning: `torch.cuda.amp.autocast(args...)` is deprecated. Please use `torch.amp.autocast('cuda', args...)` instead.
  with autocast(self.mixed_precision):
[2026-03-30 10:32:29](logger.py 179): id=CC_FMNIST_C10CFG_K20_E100_DT_1_0 | Ep. 11/100 - Step 0/273 (0.0 it/s) |                    | - loss_cc=4.679 - loss_ce=2.134 - loss_ne=0.0308 - loss_div=0.0 - threshold=1.0 - loss=6.845
[2026-03-30 10:32:38](logger.py 179): id=CC_FMNIST_C10CFG_K20_E100_DT_1_0 | Ep. 11/100 - Step 25/273 (2.56 it/s) |#                   | - loss_cc=4.667 - loss_ce=2.141 - loss_ne=0.0214 - loss_div=0.0 - threshold=1.0 - loss=6.829
[2026-03-30 10:32:48](logger.py 179): id=CC_FMNIST_C10CFG_K20_E100_DT_1_0 | Ep. 11/100 - Step 50/273 (2.56 it/s) |###                 | - loss_cc=4.662 - loss_ce=2.138 - loss_ne=0.0215 - loss_div=0.0 - threshold=1.0 - loss=6.821
[2026-03-30 10:32:58](logger.py 179): id=CC_FMNIST_C10CFG_K20_E100_DT_1_0 | Ep. 11/100 - Step 75/273 (2.56 it/s) |#####               | - loss_cc=4.664 - loss_ce=2.138 - loss_ne=0.0216 - loss_div=0.0 - threshold=1.0 - loss=6.824
[2026-03-30 10:33:08](logger.py 179): id=CC_FMNIST_C10CFG_K20_E100_DT_1_0 | Ep. 11/100 - Step 100/273 (2.56 it/s) |#######             | - loss_cc=4.665 - loss_ce=2.139 - loss_ne=0.0215 - loss_div=0.0 - threshold=1.0 - loss=6.825
[2026-03-30 10:33:17](logger.py 179): id=CC_FMNIST_C10CFG_K20_E100_DT_1_0 | Ep. 11/100 - Step 125/273 (2.56 it/s) |#########           | - loss_cc=4.664 - loss_ce=2.139 - loss_ne=0.021 - loss_div=0.0 - threshold=1.0 - loss=6.824
[2026-03-30 10:33:27](logger.py 179): id=CC_FMNIST_C10CFG_K20_E100_DT_1_0 | Ep. 11/100 - Step 150/273 (2.56 it/s) |##########          | - loss_cc=4.663 - loss_ce=2.139 - loss_ne=0.0209 - loss_div=0.0 - threshold=1.0 - loss=6.823
[2026-03-30 10:33:37](logger.py 179): id=CC_FMNIST_C10CFG_K20_E100_DT_1_0 | Ep. 11/100 - Step 175/273 (2.56 it/s) |############        | - loss_cc=4.663 - loss_ce=2.139 - loss_ne=0.0211 - loss_div=0.0 - threshold=1.0 - loss=6.823
[2026-03-30 10:33:47](logger.py 179): id=CC_FMNIST_C10CFG_K20_E100_DT_1_0 | Ep. 11/100 - Step 200/273 (2.56 it/s) |##############      | - loss_cc=4.664 - loss_ce=2.139 - loss_ne=0.0207 - loss_div=0.0 - threshold=1.0 - loss=6.823
[2026-03-30 10:33:57](logger.py 179): id=CC_FMNIST_C10CFG_K20_E100_DT_1_0 | Ep. 11/100 - Step 225/273 (2.56 it/s) |################    | - loss_cc=4.663 - loss_ce=2.139 - loss_ne=0.0207 - loss_div=0.0 - threshold=1.0 - loss=6.823
[2026-03-30 10:34:06](logger.py 179): id=CC_FMNIST_C10CFG_K20_E100_DT_1_0 | Ep. 11/100 - Step 250/273 (2.56 it/s) |##################  | - loss_cc=4.663 - loss_ce=2.139 - loss_ne=0.021 - loss_div=0.0 - threshold=1.0 - loss=6.823
[2026-03-30 10:34:15](logger.py 179): id=CC_FMNIST_C10CFG_K20_E100_DT_1_0 | Ep. 11/100 | Time: 00:01 | loss_cc=4.662 - loss_ce=2.138 - loss_ne=0.0209 - loss_div=0.0 - threshold=1.0 - loss=6.822
[2026-03-30 10:34:17](logger.py 179): id=CC_FMNIST_C10CFG_K20_E100_DT_1_0 | Ep. 12/100 - Step 0/273 (0.0 it/s) |                    | - loss_cc=4.674 - loss_ce=2.14 - loss_ne=0.0104 - loss_div=0.0 - threshold=1.0 - loss=6.824
[2026-03-30 10:34:27](logger.py 179): id=CC_FMNIST_C10CFG_K20_E100_DT_1_0 | Ep. 12/100 - Step 25/273 (2.57 it/s) |#                   | - loss_cc=4.661 - loss_ce=2.136 - loss_ne=0.0195 - loss_div=0.0 - threshold=1.0 - loss=6.817
[2026-03-30 10:34:36](logger.py 179): id=CC_FMNIST_C10CFG_K20_E100_DT_1_0 | Ep. 12/100 - Step 50/273 (2.57 it/s) |###                 | - loss_cc=4.659 - loss_ce=2.137 - loss_ne=0.0182 - loss_div=0.0 - threshold=1.0 - loss=6.814
[2026-03-30 10:34:46](logger.py 179): id=CC_FMNIST_C10CFG_K20_E100_DT_1_0 | Ep. 12/100 - Step 75/273 (2.57 it/s) |#####               | - loss_cc=4.661 - loss_ce=2.137 - loss_ne=0.0196 - loss_div=0.0 - threshold=1.0 - loss=6.818
[2026-03-30 10:34:56](logger.py 179): id=CC_FMNIST_C10CFG_K20_E100_DT_1_0 | Ep. 12/100 - Step 100/273 (2.57 it/s) |#######             | - loss_cc=4.661 - loss_ce=2.137 - loss_ne=0.0191 - loss_div=0.0 - threshold=1.0 - loss=6.817
[2026-03-30 10:35:05](logger.py 179): id=CC_FMNIST_C10CFG_K20_E100_DT_1_0 | Ep. 12/100 - Step 125/273 (2.57 it/s) |#########           | - loss_cc=4.659 - loss_ce=2.136 - loss_ne=0.019 - loss_div=0.0 - threshold=1.0 - loss=6.814
[2026-03-30 10:35:15](logger.py 179): id=CC_FMNIST_C10CFG_K20_E100_DT_1_0 | Ep. 12/100 - Step 150/273 (2.57 it/s) |##########          | - loss_cc=4.658 - loss_ce=2.136 - loss_ne=0.0188 - loss_div=0.0 - threshold=1.0 - loss=6.813
[2026-03-30 10:35:25](logger.py 179): id=CC_FMNIST_C10CFG_K20_E100_DT_1_0 | Ep. 12/100 - Step 175/273 (2.57 it/s) |############        | - loss_cc=4.657 - loss_ce=2.136 - loss_ne=0.0183 - loss_div=0.0 - threshold=1.0 - loss=6.811
[2026-03-30 10:35:35](logger.py 179): id=CC_FMNIST_C10CFG_K20_E100_DT_1_0 | Ep. 12/100 - Step 200/273 (2.57 it/s) |##############      | - loss_cc=4.656 - loss_ce=2.135 - loss_ne=0.0183 - loss_div=0.0 - threshold=1.0 - loss=6.809
[2026-03-30 10:35:44](logger.py 179): id=CC_FMNIST_C10CFG_K20_E100_DT_1_0 | Ep. 12/100 - Step 225/273 (2.57 it/s) |################    | - loss_cc=4.656 - loss_ce=2.135 - loss_ne=0.0185 - loss_div=0.0 - threshold=1.0 - loss=6.809
[2026-03-30 10:35:54](logger.py 179): id=CC_FMNIST_C10CFG_K20_E100_DT_1_0 | Ep. 12/100 - Step 250/273 (2.57 it/s) |##################  | - loss_cc=4.656 - loss_ce=2.135 - loss_ne=0.0183 - loss_div=0.0 - threshold=1.0 - loss=6.81
[2026-03-30 10:36:03](logger.py 179): id=CC_FMNIST_C10CFG_K20_E100_DT_1_0 | Ep. 12/100 | Time: 00:01 | loss_cc=4.655 - loss_ce=2.135 - loss_ne=0.0184 - loss_div=0.0 - threshold=1.0 - loss=6.808
[2026-03-30 10:36:05](logger.py 179): id=CC_FMNIST_C10CFG_K20_E100_DT_1_0 | Ep. 13/100 - Step 0/273 (0.0 it/s) |                    | - loss_cc=4.668 - loss_ce=2.143 - loss_ne=0.0299 - loss_div=0.0 - threshold=1.0 - loss=6.841
[2026-03-30 10:36:15](logger.py 179): id=CC_FMNIST_C10CFG_K20_E100_DT_1_0 | Ep. 13/100 - Step 25/273 (2.56 it/s) |#                   | - loss_cc=4.646 - loss_ce=2.131 - loss_ne=0.0224 - loss_div=0.0 - threshold=1.0 - loss=6.799
[2026-03-30 10:36:24](logger.py 179): id=CC_FMNIST_C10CFG_K20_E100_DT_1_0 | Ep. 13/100 - Step 50/273 (2.56 it/s) |###                 | - loss_cc=4.649 - loss_ce=2.132 - loss_ne=0.0212 - loss_div=0.0 - threshold=1.0 - loss=6.802
[2026-03-30 10:36:34](logger.py 179): id=CC_FMNIST_C10CFG_K20_E100_DT_1_0 | Ep. 13/100 - Step 75/273 (2.56 it/s) |#####               | - loss_cc=4.648 - loss_ce=2.133 - loss_ne=0.0215 - loss_div=0.0 - threshold=1.0 - loss=6.803
[2026-03-30 10:36:44](logger.py 179): id=CC_FMNIST_C10CFG_K20_E100_DT_1_0 | Ep. 13/100 - Step 100/273 (2.56 it/s) |#######             | - loss_cc=4.647 - loss_ce=2.132 - loss_ne=0.0212 - loss_div=0.0 - threshold=1.0 - loss=6.8
[2026-03-30 10:36:54](logger.py 179): id=CC_FMNIST_C10CFG_K20_E100_DT_1_0 | Ep. 13/100 - Step 125/273 (2.56 it/s) |#########           | - loss_cc=4.648 - loss_ce=2.133 - loss_ne=0.0205 - loss_div=0.0 - threshold=1.0 - loss=6.801
[2026-03-30 10:37:04](logger.py 179): id=CC_FMNIST_C10CFG_K20_E100_DT_1_0 | Ep. 13/100 - Step 150/273 (2.56 it/s) |##########          | - loss_cc=4.649 - loss_ce=2.133 - loss_ne=0.0206 - loss_div=0.0 - threshold=1.0 - loss=6.802
[2026-03-30 10:37:13](logger.py 179): id=CC_FMNIST_C10CFG_K20_E100_DT_1_0 | Ep. 13/100 - Step 175/273 (2.56 it/s) |############        | - loss_cc=4.649 - loss_ce=2.133 - loss_ne=0.0204 - loss_div=0.0 - threshold=1.0 - loss=6.803
[2026-03-30 10:37:23](logger.py 179): id=CC_FMNIST_C10CFG_K20_E100_DT_1_0 | Ep. 13/100 - Step 200/273 (2.56 it/s) |##############      | - loss_cc=4.649 - loss_ce=2.133 - loss_ne=0.0203 - loss_div=0.0 - threshold=1.0 - loss=6.802
[2026-03-30 10:37:33](logger.py 179): id=CC_FMNIST_C10CFG_K20_E100_DT_1_0 | Ep. 13/100 - Step 225/273 (2.56 it/s) |################    | - loss_cc=4.648 - loss_ce=2.133 - loss_ne=0.0203 - loss_div=0.0 - threshold=1.0 - loss=6.801
[2026-03-30 10:37:43](logger.py 179): id=CC_FMNIST_C10CFG_K20_E100_DT_1_0 | Ep. 13/100 - Step 250/273 (2.56 it/s) |##################  | - loss_cc=4.647 - loss_ce=2.132 - loss_ne=0.02 - loss_div=0.0 - threshold=1.0 - loss=6.799
[2026-03-30 10:37:51](logger.py 179): id=CC_FMNIST_C10CFG_K20_E100_DT_1_0 | Ep. 13/100 | Time: 00:01 | loss_cc=4.647 - loss_ce=2.132 - loss_ne=0.0202 - loss_div=0.0 - threshold=1.0 - loss=6.799
[2026-03-30 10:37:53](logger.py 179): id=CC_FMNIST_C10CFG_K20_E100_DT_1_0 | Ep. 14/100 - Step 0/273 (0.0 it/s) |                    | - loss_cc=4.642 - loss_ce=2.148 - loss_ne=0.0191 - loss_div=0.0 - threshold=1.0 - loss=6.809
[2026-03-30 10:38:03](logger.py 179): id=CC_FMNIST_C10CFG_K20_E100_DT_1_0 | Ep. 14/100 - Step 25/273 (2.56 it/s) |#                   | - loss_cc=4.652 - loss_ce=2.132 - loss_ne=0.0195 - loss_div=0.0 - threshold=1.0 - loss=6.804
[2026-03-30 10:38:13](logger.py 179): id=CC_FMNIST_C10CFG_K20_E100_DT_1_0 | Ep. 14/100 - Step 50/273 (2.56 it/s) |###                 | - loss_cc=4.651 - loss_ce=2.133 - loss_ne=0.0173 - loss_div=0.0 - threshold=1.0 - loss=6.801
[2026-03-30 10:38:22](logger.py 179): id=CC_FMNIST_C10CFG_K20_E100_DT_1_0 | Ep. 14/100 - Step 75/273 (2.56 it/s) |#####               | - loss_cc=4.646 - loss_ce=2.131 - loss_ne=0.0195 - loss_div=0.0 - threshold=1.0 - loss=6.797
[2026-03-30 10:38:32](logger.py 179): id=CC_FMNIST_C10CFG_K20_E100_DT_1_0 | Ep. 14/100 - Step 100/273 (2.56 it/s) |#######             | - loss_cc=4.644 - loss_ce=2.13 - loss_ne=0.0191 - loss_div=0.0 - threshold=1.0 - loss=6.794
[2026-03-30 10:38:42](logger.py 179): id=CC_FMNIST_C10CFG_K20_E100_DT_1_0 | Ep. 14/100 - Step 125/273 (2.56 it/s) |#########           | - loss_cc=4.644 - loss_ce=2.13 - loss_ne=0.019 - loss_div=0.0 - threshold=1.0 - loss=6.793
[2026-03-30 10:38:52](logger.py 179): id=CC_FMNIST_C10CFG_K20_E100_DT_1_0 | Ep. 14/100 - Step 150/273 (2.56 it/s) |##########          | - loss_cc=4.642 - loss_ce=2.13 - loss_ne=0.0194 - loss_div=0.0 - threshold=1.0 - loss=6.792
[2026-03-30 10:39:02](logger.py 179): id=CC_FMNIST_C10CFG_K20_E100_DT_1_0 | Ep. 14/100 - Step 175/273 (2.56 it/s) |############        | - loss_cc=4.642 - loss_ce=2.13 - loss_ne=0.019 - loss_div=0.0 - threshold=1.0 - loss=6.791
[2026-03-30 10:39:11](logger.py 179): id=CC_FMNIST_C10CFG_K20_E100_DT_1_0 | Ep. 14/100 - Step 200/273 (2.56 it/s) |##############      | - loss_cc=4.642 - loss_ce=2.13 - loss_ne=0.0187 - loss_div=0.0 - threshold=1.0 - loss=6.79
[2026-03-30 10:39:21](logger.py 179): id=CC_FMNIST_C10CFG_K20_E100_DT_1_0 | Ep. 14/100 - Step 225/273 (2.56 it/s) |################    | - loss_cc=4.642 - loss_ce=2.13 - loss_ne=0.0187 - loss_div=0.0 - threshold=1.0 - loss=6.79
[2026-03-30 10:39:31](logger.py 179): id=CC_FMNIST_C10CFG_K20_E100_DT_1_0 | Ep. 14/100 - Step 250/273 (2.56 it/s) |##################  | - loss_cc=4.641 - loss_ce=2.129 - loss_ne=0.0188 - loss_div=0.0 - threshold=1.0 - loss=6.79
[2026-03-30 10:39:39](logger.py 179): id=CC_FMNIST_C10CFG_K20_E100_DT_1_0 | Ep. 14/100 | Time: 00:01 | loss_cc=4.642 - loss_ce=2.129 - loss_ne=0.019 - loss_div=0.0 - threshold=1.0 - loss=6.79
[2026-03-30 10:39:42](logger.py 179): id=CC_FMNIST_C10CFG_K20_E100_DT_1_0 | Ep. 15/100 - Step 0/273 (0.0 it/s) |                    | - loss_cc=4.708 - loss_ce=2.154 - loss_ne=0.0196 - loss_div=0.0 - threshold=1.0 - loss=6.882
[2026-03-30 10:39:51](logger.py 179): id=CC_FMNIST_C10CFG_K20_E100_DT_1_0 | Ep. 15/100 - Step 25/273 (2.56 it/s) |#                   | - loss_cc=4.64 - loss_ce=2.132 - loss_ne=0.0201 - loss_div=0.0 - threshold=1.0 - loss=6.792
[2026-03-30 10:40:01](logger.py 179): id=CC_FMNIST_C10CFG_K20_E100_DT_1_0 | Ep. 15/100 - Step 50/273 (2.56 it/s) |###                 | - loss_cc=4.636 - loss_ce=2.13 - loss_ne=0.0188 - loss_div=0.0 - threshold=1.0 - loss=6.785
[2026-03-30 10:40:11](logger.py 179): id=CC_FMNIST_C10CFG_K20_E100_DT_1_0 | Ep. 15/100 - Step 75/273 (2.56 it/s) |#####               | - loss_cc=4.638 - loss_ce=2.131 - loss_ne=0.0197 - loss_div=0.0 - threshold=1.0 - loss=6.788
[2026-03-30 10:40:21](logger.py 179): id=CC_FMNIST_C10CFG_K20_E100_DT_1_0 | Ep. 15/100 - Step 100/273 (2.56 it/s) |#######             | - loss_cc=4.636 - loss_ce=2.129 - loss_ne=0.0205 - loss_div=0.0 - threshold=1.0 - loss=6.786
[2026-03-30 10:40:30](logger.py 179): id=CC_FMNIST_C10CFG_K20_E100_DT_1_0 | Ep. 15/100 - Step 125/273 (2.56 it/s) |#########           | - loss_cc=4.636 - loss_ce=2.129 - loss_ne=0.0204 - loss_div=0.0 - threshold=1.0 - loss=6.785
[2026-03-30 10:40:40](logger.py 179): id=CC_FMNIST_C10CFG_K20_E100_DT_1_0 | Ep. 15/100 - Step 150/273 (2.56 it/s) |##########          | - loss_cc=4.637 - loss_ce=2.129 - loss_ne=0.0209 - loss_div=0.0 - threshold=1.0 - loss=6.786
[2026-03-30 10:40:50](logger.py 179): id=CC_FMNIST_C10CFG_K20_E100_DT_1_0 | Ep. 15/100 - Step 175/273 (2.56 it/s) |############        | - loss_cc=4.638 - loss_ce=2.129 - loss_ne=0.0207 - loss_div=0.0 - threshold=1.0 - loss=6.787
[2026-03-30 10:41:00](logger.py 179): id=CC_FMNIST_C10CFG_K20_E100_DT_1_0 | Ep. 15/100 - Step 200/273 (2.56 it/s) |##############      | - loss_cc=4.637 - loss_ce=2.128 - loss_ne=0.0205 - loss_div=0.0 - threshold=1.0 - loss=6.786
[2026-03-30 10:41:09](logger.py 179): id=CC_FMNIST_C10CFG_K20_E100_DT_1_0 | Ep. 15/100 - Step 225/273 (2.56 it/s) |################    | - loss_cc=4.637 - loss_ce=2.128 - loss_ne=0.0206 - loss_div=0.0 - threshold=1.0 - loss=6.785
[2026-03-30 10:41:19](logger.py 179): id=CC_FMNIST_C10CFG_K20_E100_DT_1_0 | Ep. 15/100 - Step 250/273 (2.56 it/s) |##################  | - loss_cc=4.637 - loss_ce=2.128 - loss_ne=0.0205 - loss_div=0.0 - threshold=1.0 - loss=6.785
[2026-03-30 10:41:28](logger.py 179): id=CC_FMNIST_C10CFG_K20_E100_DT_1_0 | Ep. 15/100 | Time: 00:01 | loss_cc=4.636 - loss_ce=2.127 - loss_ne=0.0209 - loss_div=0.0 - threshold=1.0 - loss=6.784
[2026-03-30 10:41:30](logger.py 179): id=CC_FMNIST_C10CFG_K20_E100_DT_1_0 | Ep. 16/100 - Step 0/273 (0.0 it/s) |                    | - loss_cc=4.7 - loss_ce=2.141 - loss_ne=0.0334 - loss_div=0.0 - threshold=1.0 - loss=6.875
[2026-03-30 10:41:40](logger.py 179): id=CC_FMNIST_C10CFG_K20_E100_DT_1_0 | Ep. 16/100 - Step 25/273 (2.57 it/s) |#                   | - loss_cc=4.641 - loss_ce=2.127 - loss_ne=0.0198 - loss_div=0.0 - threshold=1.0 - loss=6.788
[2026-03-30 10:41:49](logger.py 179): id=CC_FMNIST_C10CFG_K20_E100_DT_1_0 | Ep. 16/100 - Step 50/273 (2.56 it/s) |###                 | - loss_cc=4.636 - loss_ce=2.126 - loss_ne=0.0203 - loss_div=0.0 - threshold=1.0 - loss=6.782
[2026-03-30 10:41:59](logger.py 179): id=CC_FMNIST_C10CFG_K20_E100_DT_1_0 | Ep. 16/100 - Step 75/273 (2.56 it/s) |#####               | - loss_cc=4.635 - loss_ce=2.125 - loss_ne=0.0195 - loss_div=0.0 - threshold=1.0 - loss=6.78
[2026-03-30 10:42:09](logger.py 179): id=CC_FMNIST_C10CFG_K20_E100_DT_1_0 | Ep. 16/100 - Step 100/273 (2.56 it/s) |#######             | - loss_cc=4.634 - loss_ce=2.125 - loss_ne=0.0202 - loss_div=0.0 - threshold=1.0 - loss=6.779
[2026-03-30 10:42:19](logger.py 179): id=CC_FMNIST_C10CFG_K20_E100_DT_1_0 | Ep. 16/100 - Step 125/273 (2.56 it/s) |#########           | - loss_cc=4.634 - loss_ce=2.125 - loss_ne=0.0202 - loss_div=0.0 - threshold=1.0 - loss=6.779
[2026-03-30 10:42:28](logger.py 179): id=CC_FMNIST_C10CFG_K20_E100_DT_1_0 | Ep. 16/100 - Step 150/273 (2.56 it/s) |##########          | - loss_cc=4.634 - loss_ce=2.125 - loss_ne=0.0198 - loss_div=0.0 - threshold=1.0 - loss=6.778
[2026-03-30 10:42:38](logger.py 179): id=CC_FMNIST_C10CFG_K20_E100_DT_1_0 | Ep. 16/100 - Step 175/273 (2.56 it/s) |############        | - loss_cc=4.633 - loss_ce=2.125 - loss_ne=0.0198 - loss_div=0.0 - threshold=1.0 - loss=6.778
[2026-03-30 10:42:48](logger.py 179): id=CC_FMNIST_C10CFG_K20_E100_DT_1_0 | Ep. 16/100 - Step 200/273 (2.56 it/s) |##############      | - loss_cc=4.634 - loss_ce=2.125 - loss_ne=0.0197 - loss_div=0.0 - threshold=1.0 - loss=6.778
[2026-03-30 10:42:58](logger.py 179): id=CC_FMNIST_C10CFG_K20_E100_DT_1_0 | Ep. 16/100 - Step 225/273 (2.56 it/s) |################    | - loss_cc=4.632 - loss_ce=2.125 - loss_ne=0.0197 - loss_div=0.0 - threshold=1.0 - loss=6.777
[2026-03-30 10:43:07](logger.py 179): id=CC_FMNIST_C10CFG_K20_E100_DT_1_0 | Ep. 16/100 - Step 250/273 (2.56 it/s) |##################  | - loss_cc=4.633 - loss_ce=2.125 - loss_ne=0.0194 - loss_div=0.0 - threshold=1.0 - loss=6.777
[2026-03-30 10:43:16](logger.py 179): id=CC_FMNIST_C10CFG_K20_E100_DT_1_0 | Ep. 16/100 | Time: 00:01 | loss_cc=4.633 - loss_ce=2.125 - loss_ne=0.0193 - loss_div=0.0 - threshold=1.0 - loss=6.777
[2026-03-30 10:43:18](logger.py 179): id=CC_FMNIST_C10CFG_K20_E100_DT_1_0 | Ep. 17/100 - Step 0/273 (0.0 it/s) |                    | - loss_cc=4.606 - loss_ce=2.127 - loss_ne=0.0186 - loss_div=0.0 - threshold=1.0 - loss=6.751
[2026-03-30 10:43:28](logger.py 179): id=CC_FMNIST_C10CFG_K20_E100_DT_1_0 | Ep. 17/100 - Step 25/273 (2.55 it/s) |#                   | - loss_cc=4.631 - loss_ce=2.122 - loss_ne=0.0187 - loss_div=0.0 - threshold=1.0 - loss=6.772
[2026-03-30 10:43:37](logger.py 179): id=CC_FMNIST_C10CFG_K20_E100_DT_1_0 | Ep. 17/100 - Step 50/273 (2.56 it/s) |###                 | - loss_cc=4.628 - loss_ce=2.122 - loss_ne=0.018 - loss_div=0.0 - threshold=1.0 - loss=6.768
[2026-03-30 10:43:47](logger.py 179): id=CC_FMNIST_C10CFG_K20_E100_DT_1_0 | Ep. 17/100 - Step 75/273 (2.55 it/s) |#####               | - loss_cc=4.628 - loss_ce=2.123 - loss_ne=0.0195 - loss_div=0.0 - threshold=1.0 - loss=6.77
[2026-03-30 10:43:57](logger.py 179): id=CC_FMNIST_C10CFG_K20_E100_DT_1_0 | Ep. 17/100 - Step 100/273 (2.55 it/s) |#######             | - loss_cc=4.631 - loss_ce=2.124 - loss_ne=0.0193 - loss_div=0.0 - threshold=1.0 - loss=6.774
[2026-03-30 10:44:07](logger.py 179): id=CC_FMNIST_C10CFG_K20_E100_DT_1_0 | Ep. 17/100 - Step 125/273 (2.56 it/s) |#########           | - loss_cc=4.63 - loss_ce=2.124 - loss_ne=0.0192 - loss_div=0.0 - threshold=1.0 - loss=6.773
[2026-03-30 10:44:17](logger.py 179): id=CC_FMNIST_C10CFG_K20_E100_DT_1_0 | Ep. 17/100 - Step 150/273 (2.56 it/s) |##########          | - loss_cc=4.629 - loss_ce=2.125 - loss_ne=0.0195 - loss_div=0.0 - threshold=1.0 - loss=6.773
[2026-03-30 10:44:26](logger.py 179): id=CC_FMNIST_C10CFG_K20_E100_DT_1_0 | Ep. 17/100 - Step 175/273 (2.56 it/s) |############        | - loss_cc=4.63 - loss_ce=2.125 - loss_ne=0.0196 - loss_div=0.0 - threshold=1.0 - loss=6.775
[2026-03-30 10:44:36](logger.py 179): id=CC_FMNIST_C10CFG_K20_E100_DT_1_0 | Ep. 17/100 - Step 200/273 (2.56 it/s) |##############      | - loss_cc=4.629 - loss_ce=2.124 - loss_ne=0.0196 - loss_div=0.0 - threshold=1.0 - loss=6.773
[2026-03-30 10:44:46](logger.py 179): id=CC_FMNIST_C10CFG_K20_E100_DT_1_0 | Ep. 17/100 - Step 225/273 (2.56 it/s) |################    | - loss_cc=4.63 - loss_ce=2.124 - loss_ne=0.0197 - loss_div=0.0 - threshold=1.0 - loss=6.774
[2026-03-30 10:44:56](logger.py 179): id=CC_FMNIST_C10CFG_K20_E100_DT_1_0 | Ep. 17/100 - Step 250/273 (2.56 it/s) |##################  | - loss_cc=4.629 - loss_ce=2.124 - loss_ne=0.0195 - loss_div=0.0 - threshold=1.0 - loss=6.772
[2026-03-30 10:45:04](logger.py 179): id=CC_FMNIST_C10CFG_K20_E100_DT_1_0 | Ep. 17/100 | Time: 00:01 | loss_cc=4.628 - loss_ce=2.124 - loss_ne=0.0196 - loss_div=0.0 - threshold=1.0 - loss=6.771
[2026-03-30 10:45:06](logger.py 179): id=CC_FMNIST_C10CFG_K20_E100_DT_1_0 | Ep. 18/100 - Step 0/273 (0.0 it/s) |                    | - loss_cc=4.664 - loss_ce=2.146 - loss_ne=0.0252 - loss_div=0.0 - threshold=1.0 - loss=6.835
[2026-03-30 10:45:16](logger.py 179): id=CC_FMNIST_C10CFG_K20_E100_DT_1_0 | Ep. 18/100 - Step 25/273 (2.56 it/s) |#                   | - loss_cc=4.626 - loss_ce=2.125 - loss_ne=0.0182 - loss_div=0.0 - threshold=1.0 - loss=6.769
[2026-03-30 10:45:26](logger.py 179): id=CC_FMNIST_C10CFG_K20_E100_DT_1_0 | Ep. 18/100 - Step 50/273 (2.55 it/s) |###                 | - loss_cc=4.624 - loss_ce=2.123 - loss_ne=0.0187 - loss_div=0.0 - threshold=1.0 - loss=6.766
[2026-03-30 10:45:35](logger.py 179): id=CC_FMNIST_C10CFG_K20_E100_DT_1_0 | Ep. 18/100 - Step 75/273 (2.56 it/s) |#####               | - loss_cc=4.622 - loss_ce=2.122 - loss_ne=0.0192 - loss_div=0.0 - threshold=1.0 - loss=6.763
[2026-03-30 10:45:45](logger.py 179): id=CC_FMNIST_C10CFG_K20_E100_DT_1_0 | Ep. 18/100 - Step 100/273 (2.56 it/s) |#######             | - loss_cc=4.621 - loss_ce=2.122 - loss_ne=0.0189 - loss_div=0.0 - threshold=1.0 - loss=6.762
[2026-03-30 10:45:55](logger.py 179): id=CC_FMNIST_C10CFG_K20_E100_DT_1_0 | Ep. 18/100 - Step 125/273 (2.56 it/s) |#########           | - loss_cc=4.621 - loss_ce=2.122 - loss_ne=0.0192 - loss_div=0.0 - threshold=1.0 - loss=6.763
[2026-03-30 10:46:05](logger.py 179): id=CC_FMNIST_C10CFG_K20_E100_DT_1_0 | Ep. 18/100 - Step 150/273 (2.56 it/s) |##########          | - loss_cc=4.621 - loss_ce=2.121 - loss_ne=0.0194 - loss_div=0.0 - threshold=1.0 - loss=6.761
[2026-03-30 10:46:15](logger.py 179): id=CC_FMNIST_C10CFG_K20_E100_DT_1_0 | Ep. 18/100 - Step 175/273 (2.56 it/s) |############        | - loss_cc=4.621 - loss_ce=2.121 - loss_ne=0.0193 - loss_div=0.0 - threshold=1.0 - loss=6.762
[2026-03-30 10:46:24](logger.py 179): id=CC_FMNIST_C10CFG_K20_E100_DT_1_0 | Ep. 18/100 - Step 200/273 (2.56 it/s) |##############      | - loss_cc=4.621 - loss_ce=2.121 - loss_ne=0.0193 - loss_div=0.0 - threshold=1.0 - loss=6.762
[2026-03-30 10:46:34](logger.py 179): id=CC_FMNIST_C10CFG_K20_E100_DT_1_0 | Ep. 18/100 - Step 225/273 (2.56 it/s) |################    | - loss_cc=4.621 - loss_ce=2.121 - loss_ne=0.0192 - loss_div=0.0 - threshold=1.0 - loss=6.762
[2026-03-30 10:46:44](logger.py 179): id=CC_FMNIST_C10CFG_K20_E100_DT_1_0 | Ep. 18/100 - Step 250/273 (2.56 it/s) |##################  | - loss_cc=4.621 - loss_ce=2.121 - loss_ne=0.0189 - loss_div=0.0 - threshold=1.0 - loss=6.76
[2026-03-30 10:46:52](logger.py 179): id=CC_FMNIST_C10CFG_K20_E100_DT_1_0 | Ep. 18/100 | Time: 00:01 | loss_cc=4.621 - loss_ce=2.121 - loss_ne=0.0189 - loss_div=0.0 - threshold=1.0 - loss=6.76
[2026-03-30 10:46:54](logger.py 179): id=CC_FMNIST_C10CFG_K20_E100_DT_1_0 | Ep. 19/100 - Step 0/273 (0.0 it/s) |                    | - loss_cc=4.645 - loss_ce=2.134 - loss_ne=0.0226 - loss_div=0.0 - threshold=1.0 - loss=6.801
[2026-03-30 10:47:04](logger.py 179): id=CC_FMNIST_C10CFG_K20_E100_DT_1_0 | Ep. 19/100 - Step 25/273 (2.57 it/s) |#                   | - loss_cc=4.616 - loss_ce=2.121 - loss_ne=0.0208 - loss_div=0.0 - threshold=1.0 - loss=6.758
[2026-03-30 10:47:14](logger.py 179): id=CC_FMNIST_C10CFG_K20_E100_DT_1_0 | Ep. 19/100 - Step 50/273 (2.56 it/s) |###                 | - loss_cc=4.616 - loss_ce=2.12 - loss_ne=0.0204 - loss_div=0.0 - threshold=1.0 - loss=6.757
[2026-03-30 10:47:24](logger.py 179): id=CC_FMNIST_C10CFG_K20_E100_DT_1_0 | Ep. 19/100 - Step 75/273 (2.56 it/s) |#####               | - loss_cc=4.616 - loss_ce=2.12 - loss_ne=0.0196 - loss_div=0.0 - threshold=1.0 - loss=6.755
[2026-03-30 10:47:33](logger.py 179): id=CC_FMNIST_C10CFG_K20_E100_DT_1_0 | Ep. 19/100 - Step 100/273 (2.56 it/s) |#######             | - loss_cc=4.618 - loss_ce=2.12 - loss_ne=0.0201 - loss_div=0.0 - threshold=1.0 - loss=6.758
[2026-03-30 10:47:43](logger.py 179): id=CC_FMNIST_C10CFG_K20_E100_DT_1_0 | Ep. 19/100 - Step 125/273 (2.56 it/s) |#########           | - loss_cc=4.618 - loss_ce=2.12 - loss_ne=0.0198 - loss_div=0.0 - threshold=1.0 - loss=6.757
[2026-03-30 10:47:53](logger.py 179): id=CC_FMNIST_C10CFG_K20_E100_DT_1_0 | Ep. 19/100 - Step 150/273 (2.56 it/s) |##########          | - loss_cc=4.618 - loss_ce=2.119 - loss_ne=0.0199 - loss_div=0.0 - threshold=1.0 - loss=6.757
[2026-03-30 10:48:03](logger.py 179): id=CC_FMNIST_C10CFG_K20_E100_DT_1_0 | Ep. 19/100 - Step 175/273 (2.56 it/s) |############        | - loss_cc=4.619 - loss_ce=2.12 - loss_ne=0.0201 - loss_div=0.0 - threshold=1.0 - loss=6.759
[2026-03-30 10:48:13](logger.py 179): id=CC_FMNIST_C10CFG_K20_E100_DT_1_0 | Ep. 19/100 - Step 200/273 (2.56 it/s) |##############      | - loss_cc=4.618 - loss_ce=2.12 - loss_ne=0.0203 - loss_div=0.0 - threshold=1.0 - loss=6.758
[2026-03-30 10:48:22](logger.py 179): id=CC_FMNIST_C10CFG_K20_E100_DT_1_0 | Ep. 19/100 - Step 225/273 (2.56 it/s) |################    | - loss_cc=4.617 - loss_ce=2.12 - loss_ne=0.0204 - loss_div=0.0 - threshold=1.0 - loss=6.758
[2026-03-30 10:48:32](logger.py 179): id=CC_FMNIST_C10CFG_K20_E100_DT_1_0 | Ep. 19/100 - Step 250/273 (2.56 it/s) |##################  | - loss_cc=4.617 - loss_ce=2.12 - loss_ne=0.0204 - loss_div=0.0 - threshold=1.0 - loss=6.757
[2026-03-30 10:48:41](logger.py 179): id=CC_FMNIST_C10CFG_K20_E100_DT_1_0 | Ep. 19/100 | Time: 00:01 | loss_cc=4.617 - loss_ce=2.12 - loss_ne=0.0205 - loss_div=0.0 - threshold=1.0 - loss=6.758
[2026-03-30 10:48:43](logger.py 179): id=CC_FMNIST_C10CFG_K20_E100_DT_1_0 | Ep. 20/100 - Step 0/273 (0.0 it/s) |                    | - loss_cc=4.629 - loss_ce=2.129 - loss_ne=0.0187 - loss_div=0.0 - threshold=1.0 - loss=6.776
[2026-03-30 10:48:52](logger.py 179): id=CC_FMNIST_C10CFG_K20_E100_DT_1_0 | Ep. 20/100 - Step 25/273 (2.56 it/s) |#                   | - loss_cc=4.615 - loss_ce=2.117 - loss_ne=0.0185 - loss_div=0.0 - threshold=1.0 - loss=6.75
[2026-03-30 10:49:02](logger.py 179): id=CC_FMNIST_C10CFG_K20_E100_DT_1_0 | Ep. 20/100 - Step 50/273 (2.56 it/s) |###                 | - loss_cc=4.614 - loss_ce=2.118 - loss_ne=0.0169 - loss_div=0.0 - threshold=1.0 - loss=6.749
[2026-03-30 10:49:12](logger.py 179): id=CC_FMNIST_C10CFG_K20_E100_DT_1_0 | Ep. 20/100 - Step 75/273 (2.56 it/s) |#####               | - loss_cc=4.616 - loss_ce=2.119 - loss_ne=0.0177 - loss_div=0.0 - threshold=1.0 - loss=6.753
[2026-03-30 10:49:22](logger.py 179): id=CC_FMNIST_C10CFG_K20_E100_DT_1_0 | Ep. 20/100 - Step 100/273 (2.56 it/s) |#######             | - loss_cc=4.617 - loss_ce=2.119 - loss_ne=0.0186 - loss_div=0.0 - threshold=1.0 - loss=6.754
[2026-03-30 10:49:31](logger.py 179): id=CC_FMNIST_C10CFG_K20_E100_DT_1_0 | Ep. 20/100 - Step 125/273 (2.56 it/s) |#########           | - loss_cc=4.616 - loss_ce=2.119 - loss_ne=0.0189 - loss_div=0.0 - threshold=1.0 - loss=6.753
[2026-03-30 10:49:41](logger.py 179): id=CC_FMNIST_C10CFG_K20_E100_DT_1_0 | Ep. 20/100 - Step 150/273 (2.56 it/s) |##########          | - loss_cc=4.615 - loss_ce=2.119 - loss_ne=0.0191 - loss_div=0.0 - threshold=1.0 - loss=6.753
[2026-03-30 10:49:51](logger.py 179): id=CC_FMNIST_C10CFG_K20_E100_DT_1_0 | Ep. 20/100 - Step 175/273 (2.56 it/s) |############        | - loss_cc=4.616 - loss_ce=2.119 - loss_ne=0.0191 - loss_div=0.0 - threshold=1.0 - loss=6.754
[2026-03-30 10:50:01](logger.py 179): id=CC_FMNIST_C10CFG_K20_E100_DT_1_0 | Ep. 20/100 - Step 200/273 (2.56 it/s) |##############      | - loss_cc=4.616 - loss_ce=2.119 - loss_ne=0.0191 - loss_div=0.0 - threshold=1.0 - loss=6.755
[2026-03-30 10:50:10](logger.py 179): id=CC_FMNIST_C10CFG_K20_E100_DT_1_0 | Ep. 20/100 - Step 225/273 (2.56 it/s) |################    | - loss_cc=4.616 - loss_ce=2.119 - loss_ne=0.0193 - loss_div=0.0 - threshold=1.0 - loss=6.754
[2026-03-30 10:50:20](logger.py 179): id=CC_FMNIST_C10CFG_K20_E100_DT_1_0 | Ep. 20/100 - Step 250/273 (2.56 it/s) |##################  | - loss_cc=4.616 - loss_ce=2.119 - loss_ne=0.0194 - loss_div=0.0 - threshold=1.0 - loss=6.754
[2026-03-30 10:50:29](logger.py 179): Evaluating
[2026-03-30 10:50:29](logger.py 179): Eval. step 0 of 274
[2026-03-30 10:50:31](logger.py 179): Eval. step 25 of 274
[2026-03-30 10:50:34](logger.py 179): Eval. step 50 of 274
[2026-03-30 10:50:36](logger.py 179): Eval. step 75 of 274
[2026-03-30 10:50:38](logger.py 179): Eval. step 100 of 274
[2026-03-30 10:50:41](logger.py 179): Eval. step 125 of 274
[2026-03-30 10:50:43](logger.py 179): Eval. step 150 of 274
[2026-03-30 10:50:45](logger.py 179): Eval. step 175 of 274
[2026-03-30 10:50:48](logger.py 179): Eval. step 200 of 274
[2026-03-30 10:50:50](logger.py 179): Eval. step 225 of 274
[2026-03-30 10:50:52](logger.py 179): Eval. step 250 of 274
[2026-03-30 10:50:56](logger.py 179): id=CC_FMNIST_C10CFG_K20_E100_DT_1_0 | Ep. 20/100 | Time: 00:02 | loss_cc=4.615 - loss_ce=2.119 - loss_ne=0.0195 - loss_div=0.0 - threshold=1.0 - loss=6.754 - eval_confidence=0.899 - cluster_acc_0_eval=64.4 - cluster_nmi_0_eval=0.62 - cluster_ari_0_eval=0.518 - cluster_acc_1_eval=64.43 - cluster_nmi_1_eval=0.621 - cluster_ari_1_eval=0.52 - cluster_acc_2_eval=64.37 - cluster_nmi_2_eval=0.619 - cluster_ari_2_eval=0.517 - cluster_acc_3_eval=64.55 - cluster_nmi_3_eval=0.62 - cluster_ari_3_eval=0.518 - cluster_acc_4_eval=64.39 - cluster_nmi_4_eval=0.62 - cluster_ari_4_eval=0.518 - cluster_acc_5_eval=64.33 - cluster_nmi_5_eval=0.619 - cluster_ari_5_eval=0.518 - cluster_acc_6_eval=64.38 - cluster_nmi_6_eval=0.62 - cluster_ari_6_eval=0.518 - cluster_acc_7_eval=64.29 - cluster_nmi_7_eval=0.619 - cluster_ari_7_eval=0.517 - cluster_acc_8_eval=64.37 - cluster_nmi_8_eval=0.619 - cluster_ari_8_eval=0.517 - cluster_acc_9_eval=64.34 - cluster_nmi_9_eval=0.62 - cluster_ari_9_eval=0.518 - cluster_acc_10_eval=64.41 - cluster_nmi_10_eval=0.62 - cluster_ari_10_eval=0.518 - cluster_acc_11_eval=64.52 - cluster_nmi_11_eval=0.621 - cluster_ari_11_eval=0.519 - cluster_acc_12_eval=64.42 - cluster_nmi_12_eval=0.62 - cluster_ari_12_eval=0.519 - cluster_acc_13_eval=64.41 - cluster_nmi_13_eval=0.62 - cluster_ari_13_eval=0.519 - cluster_acc_14_eval=64.45 - cluster_nmi_14_eval=0.621 - cluster_ari_14_eval=0.52 - cluster_acc_15_eval=64.39 - cluster_nmi_15_eval=0.62 - cluster_ari_15_eval=0.518 - cluster_acc_16_eval=64.37 - cluster_nmi_16_eval=0.62 - cluster_ari_16_eval=0.518 - cluster_acc_17_eval=64.41 - cluster_nmi_17_eval=0.62 - cluster_ari_17_eval=0.518 - cluster_acc_18_eval=64.34 - cluster_nmi_18_eval=0.619 - cluster_ari_18_eval=0.518 - cluster_acc_19_eval=64.33 - cluster_nmi_19_eval=0.62 - cluster_ari_19_eval=0.518 - max_cluster_acc_eval=64.55 - mean_cluster_acc_eval=64.39 - min_cluster_acc_eval=64.29 - max_cluster_nmi_eval=0.621 - mean_cluster_nmi_eval=0.62 - min_cluster_nmi_eval=0.619 - max_cluster_ari_eval=0.52 - mean_cluster_ari_eval=0.518 - min_cluster_ari_eval=0.517 - interclustering_nmi_eval=0.978
/scratch/e0538389/DivClust/engine/trainer.py:41: FutureWarning: `torch.cuda.amp.autocast(args...)` is deprecated. Please use `torch.amp.autocast('cuda', args...)` instead.
  with autocast(self.mixed_precision):
[2026-03-30 10:50:58](logger.py 179): id=CC_FMNIST_C10CFG_K20_E100_DT_1_0 | Ep. 21/100 - Step 0/273 (0.0 it/s) |                    | - loss_cc=4.599 - loss_ce=2.111 - loss_ne=0.0135 - loss_div=0.0 - threshold=1.0 - loss=6.723
[2026-03-30 10:51:08](logger.py 179): id=CC_FMNIST_C10CFG_K20_E100_DT_1_0 | Ep. 21/100 - Step 25/273 (2.56 it/s) |#                   | - loss_cc=4.611 - loss_ce=2.116 - loss_ne=0.0204 - loss_div=0.0 - threshold=1.0 - loss=6.747
[2026-03-30 10:51:18](logger.py 179): id=CC_FMNIST_C10CFG_K20_E100_DT_1_0 | Ep. 21/100 - Step 50/273 (2.56 it/s) |###                 | - loss_cc=4.612 - loss_ce=2.117 - loss_ne=0.0211 - loss_div=0.0 - threshold=1.0 - loss=6.751
[2026-03-30 10:51:28](logger.py 179): id=CC_FMNIST_C10CFG_K20_E100_DT_1_0 | Ep. 21/100 - Step 75/273 (2.56 it/s) |#####               | - loss_cc=4.61 - loss_ce=2.118 - loss_ne=0.0198 - loss_div=0.0 - threshold=1.0 - loss=6.748
[2026-03-30 10:51:37](logger.py 179): id=CC_FMNIST_C10CFG_K20_E100_DT_1_0 | Ep. 21/100 - Step 100/273 (2.56 it/s) |#######             | - loss_cc=4.61 - loss_ce=2.117 - loss_ne=0.0197 - loss_div=0.0 - threshold=1.0 - loss=6.748
[2026-03-30 10:51:47](logger.py 179): id=CC_FMNIST_C10CFG_K20_E100_DT_1_0 | Ep. 21/100 - Step 125/273 (2.56 it/s) |#########           | - loss_cc=4.612 - loss_ce=2.118 - loss_ne=0.02 - loss_div=0.0 - threshold=1.0 - loss=6.749
[2026-03-30 10:51:57](logger.py 179): id=CC_FMNIST_C10CFG_K20_E100_DT_1_0 | Ep. 21/100 - Step 150/273 (2.56 it/s) |##########          | - loss_cc=4.614 - loss_ce=2.118 - loss_ne=0.0204 - loss_div=0.0 - threshold=1.0 - loss=6.752
[2026-03-30 10:52:07](logger.py 179): id=CC_FMNIST_C10CFG_K20_E100_DT_1_0 | Ep. 21/100 - Step 175/273 (2.56 it/s) |############        | - loss_cc=4.614 - loss_ce=2.119 - loss_ne=0.0206 - loss_div=0.0 - threshold=1.0 - loss=6.753
[2026-03-30 10:52:16](logger.py 179): id=CC_FMNIST_C10CFG_K20_E100_DT_1_0 | Ep. 21/100 - Step 200/273 (2.56 it/s) |##############      | - loss_cc=4.614 - loss_ce=2.119 - loss_ne=0.0208 - loss_div=0.0 - threshold=1.0 - loss=6.753
[2026-03-30 10:52:26](logger.py 179): id=CC_FMNIST_C10CFG_K20_E100_DT_1_0 | Ep. 21/100 - Step 225/273 (2.56 it/s) |################    | - loss_cc=4.613 - loss_ce=2.119 - loss_ne=0.0209 - loss_div=0.0 - threshold=1.0 - loss=6.753
[2026-03-30 10:52:36](logger.py 179): id=CC_FMNIST_C10CFG_K20_E100_DT_1_0 | Ep. 21/100 - Step 250/273 (2.56 it/s) |##################  | - loss_cc=4.614 - loss_ce=2.119 - loss_ne=0.0212 - loss_div=0.0 - threshold=1.0 - loss=6.754
[2026-03-30 10:52:44](logger.py 179): id=CC_FMNIST_C10CFG_K20_E100_DT_1_0 | Ep. 21/100 | Time: 00:01 | loss_cc=4.614 - loss_ce=2.119 - loss_ne=0.0209 - loss_div=0.0 - threshold=1.0 - loss=6.754
[2026-03-30 10:52:46](logger.py 179): id=CC_FMNIST_C10CFG_K20_E100_DT_1_0 | Ep. 22/100 - Step 0/273 (0.0 it/s) |                    | - loss_cc=4.624 - loss_ce=2.115 - loss_ne=0.0174 - loss_div=0.0 - threshold=1.0 - loss=6.756
[2026-03-30 10:52:56](logger.py 179): id=CC_FMNIST_C10CFG_K20_E100_DT_1_0 | Ep. 22/100 - Step 25/273 (2.57 it/s) |#                   | - loss_cc=4.61 - loss_ce=2.117 - loss_ne=0.0216 - loss_div=0.0 - threshold=1.0 - loss=6.749
[2026-03-30 10:53:06](logger.py 179): id=CC_FMNIST_C10CFG_K20_E100_DT_1_0 | Ep. 22/100 - Step 50/273 (2.56 it/s) |###                 | - loss_cc=4.613 - loss_ce=2.119 - loss_ne=0.0199 - loss_div=0.0 - threshold=1.0 - loss=6.752
[2026-03-30 10:53:16](logger.py 179): id=CC_FMNIST_C10CFG_K20_E100_DT_1_0 | Ep. 22/100 - Step 75/273 (2.56 it/s) |#####               | - loss_cc=4.609 - loss_ce=2.118 - loss_ne=0.02 - loss_div=0.0 - threshold=1.0 - loss=6.747
[2026-03-30 10:53:25](logger.py 179): id=CC_FMNIST_C10CFG_K20_E100_DT_1_0 | Ep. 22/100 - Step 100/273 (2.56 it/s) |#######             | - loss_cc=4.611 - loss_ce=2.118 - loss_ne=0.0194 - loss_div=0.0 - threshold=1.0 - loss=6.748
[2026-03-30 10:53:35](logger.py 179): id=CC_FMNIST_C10CFG_K20_E100_DT_1_0 | Ep. 22/100 - Step 125/273 (2.56 it/s) |#########           | - loss_cc=4.611 - loss_ce=2.119 - loss_ne=0.0189 - loss_div=0.0 - threshold=1.0 - loss=6.748
[2026-03-30 10:53:45](logger.py 179): id=CC_FMNIST_C10CFG_K20_E100_DT_1_0 | Ep. 22/100 - Step 150/273 (2.56 it/s) |##########          | - loss_cc=4.61 - loss_ce=2.118 - loss_ne=0.0188 - loss_div=0.0 - threshold=1.0 - loss=6.747
[2026-03-30 10:53:55](logger.py 179): id=CC_FMNIST_C10CFG_K20_E100_DT_1_0 | Ep. 22/100 - Step 175/273 (2.56 it/s) |############        | - loss_cc=4.61 - loss_ce=2.118 - loss_ne=0.0187 - loss_div=0.0 - threshold=1.0 - loss=6.746
[2026-03-30 10:54:04](logger.py 179): id=CC_FMNIST_C10CFG_K20_E100_DT_1_0 | Ep. 22/100 - Step 200/273 (2.56 it/s) |##############      | - loss_cc=4.61 - loss_ce=2.118 - loss_ne=0.0186 - loss_div=0.0 - threshold=1.0 - loss=6.746
[2026-03-30 10:54:14](logger.py 179): id=CC_FMNIST_C10CFG_K20_E100_DT_1_0 | Ep. 22/100 - Step 225/273 (2.56 it/s) |################    | - loss_cc=4.608 - loss_ce=2.117 - loss_ne=0.0186 - loss_div=0.0 - threshold=1.0 - loss=6.744
[2026-03-30 10:54:24](logger.py 179): id=CC_FMNIST_C10CFG_K20_E100_DT_1_0 | Ep. 22/100 - Step 250/273 (2.56 it/s) |##################  | - loss_cc=4.608 - loss_ce=2.117 - loss_ne=0.0184 - loss_div=0.0 - threshold=1.0 - loss=6.744
[2026-03-30 10:54:33](logger.py 179): id=CC_FMNIST_C10CFG_K20_E100_DT_1_0 | Ep. 22/100 | Time: 00:01 | loss_cc=4.608 - loss_ce=2.117 - loss_ne=0.0184 - loss_div=0.0 - threshold=1.0 - loss=6.743
[2026-03-30 10:54:35](logger.py 179): id=CC_FMNIST_C10CFG_K20_E100_DT_1_0 | Ep. 23/100 - Step 0/273 (0.0 it/s) |                    | - loss_cc=4.631 - loss_ce=2.111 - loss_ne=0.0118 - loss_div=0.0 - threshold=1.0 - loss=6.753
[2026-03-30 10:54:44](logger.py 179): id=CC_FMNIST_C10CFG_K20_E100_DT_1_0 | Ep. 23/100 - Step 25/273 (2.56 it/s) |#                   | - loss_cc=4.608 - loss_ce=2.117 - loss_ne=0.0187 - loss_div=0.0 - threshold=1.0 - loss=6.743
[2026-03-30 10:54:54](logger.py 179): id=CC_FMNIST_C10CFG_K20_E100_DT_1_0 | Ep. 23/100 - Step 50/273 (2.56 it/s) |###                 | - loss_cc=4.608 - loss_ce=2.117 - loss_ne=0.0199 - loss_div=0.0 - threshold=1.0 - loss=6.744
[2026-03-30 10:55:04](logger.py 179): id=CC_FMNIST_C10CFG_K20_E100_DT_1_0 | Ep. 23/100 - Step 75/273 (2.56 it/s) |#####               | - loss_cc=4.606 - loss_ce=2.117 - loss_ne=0.0205 - loss_div=0.0 - threshold=1.0 - loss=6.744
[2026-03-30 10:55:14](logger.py 179): id=CC_FMNIST_C10CFG_K20_E100_DT_1_0 | Ep. 23/100 - Step 100/273 (2.56 it/s) |#######             | - loss_cc=4.604 - loss_ce=2.116 - loss_ne=0.0201 - loss_div=0.0 - threshold=1.0 - loss=6.74
[2026-03-30 10:55:23](logger.py 179): id=CC_FMNIST_C10CFG_K20_E100_DT_1_0 | Ep. 23/100 - Step 125/273 (2.56 it/s) |#########           | - loss_cc=4.604 - loss_ce=2.116 - loss_ne=0.0195 - loss_div=0.0 - threshold=1.0 - loss=6.739
[2026-03-30 10:55:33](logger.py 179): id=CC_FMNIST_C10CFG_K20_E100_DT_1_0 | Ep. 23/100 - Step 150/273 (2.56 it/s) |##########          | - loss_cc=4.604 - loss_ce=2.116 - loss_ne=0.0194 - loss_div=0.0 - threshold=1.0 - loss=6.739
[2026-03-30 10:55:43](logger.py 179): id=CC_FMNIST_C10CFG_K20_E100_DT_1_0 | Ep. 23/100 - Step 175/273 (2.56 it/s) |############        | - loss_cc=4.603 - loss_ce=2.116 - loss_ne=0.0185 - loss_div=0.0 - threshold=1.0 - loss=6.737
[2026-03-30 10:55:53](logger.py 179): id=CC_FMNIST_C10CFG_K20_E100_DT_1_0 | Ep. 23/100 - Step 200/273 (2.56 it/s) |##############      | - loss_cc=4.603 - loss_ce=2.116 - loss_ne=0.019 - loss_div=0.0 - threshold=1.0 - loss=6.738
[2026-03-30 10:56:02](logger.py 179): id=CC_FMNIST_C10CFG_K20_E100_DT_1_0 | Ep. 23/100 - Step 225/273 (2.56 it/s) |################    | - loss_cc=4.603 - loss_ce=2.116 - loss_ne=0.0193 - loss_div=0.0 - threshold=1.0 - loss=6.738
[2026-03-30 10:56:12](logger.py 179): id=CC_FMNIST_C10CFG_K20_E100_DT_1_0 | Ep. 23/100 - Step 250/273 (2.56 it/s) |##################  | - loss_cc=4.604 - loss_ce=2.116 - loss_ne=0.019 - loss_div=0.0 - threshold=1.0 - loss=6.739
[2026-03-30 10:56:21](logger.py 179): id=CC_FMNIST_C10CFG_K20_E100_DT_1_0 | Ep. 23/100 | Time: 00:01 | loss_cc=4.605 - loss_ce=2.116 - loss_ne=0.0192 - loss_div=0.0 - threshold=1.0 - loss=6.74
[2026-03-30 10:56:23](logger.py 179): id=CC_FMNIST_C10CFG_K20_E100_DT_1_0 | Ep. 24/100 - Step 0/273 (0.0 it/s) |                    | - loss_cc=4.581 - loss_ce=2.107 - loss_ne=0.00969 - loss_div=0.0 - threshold=1.0 - loss=6.698
[2026-03-30 10:56:33](logger.py 179): id=CC_FMNIST_C10CFG_K20_E100_DT_1_0 | Ep. 24/100 - Step 25/273 (2.57 it/s) |#                   | - loss_cc=4.602 - loss_ce=2.114 - loss_ne=0.0167 - loss_div=0.0 - threshold=1.0 - loss=6.733
[2026-03-30 10:56:42](logger.py 179): id=CC_FMNIST_C10CFG_K20_E100_DT_1_0 | Ep. 24/100 - Step 50/273 (2.57 it/s) |###                 | - loss_cc=4.606 - loss_ce=2.116 - loss_ne=0.0188 - loss_div=0.0 - threshold=1.0 - loss=6.74
[2026-03-30 10:56:52](logger.py 179): id=CC_FMNIST_C10CFG_K20_E100_DT_1_0 | Ep. 24/100 - Step 75/273 (2.56 it/s) |#####               | - loss_cc=4.604 - loss_ce=2.115 - loss_ne=0.0182 - loss_div=0.0 - threshold=1.0 - loss=6.737
[2026-03-30 10:57:02](logger.py 179): id=CC_FMNIST_C10CFG_K20_E100_DT_1_0 | Ep. 24/100 - Step 100/273 (2.56 it/s) |#######             | - loss_cc=4.602 - loss_ce=2.114 - loss_ne=0.0191 - loss_div=0.0 - threshold=1.0 - loss=6.736
[2026-03-30 10:57:12](logger.py 179): id=CC_FMNIST_C10CFG_K20_E100_DT_1_0 | Ep. 24/100 - Step 125/273 (2.56 it/s) |#########           | - loss_cc=4.603 - loss_ce=2.115 - loss_ne=0.0188 - loss_div=0.0 - threshold=1.0 - loss=6.736
[2026-03-30 10:57:21](logger.py 179): id=CC_FMNIST_C10CFG_K20_E100_DT_1_0 | Ep. 24/100 - Step 150/273 (2.56 it/s) |##########          | - loss_cc=4.601 - loss_ce=2.114 - loss_ne=0.0185 - loss_div=0.0 - threshold=1.0 - loss=6.734
[2026-03-30 10:57:31](logger.py 179): id=CC_FMNIST_C10CFG_K20_E100_DT_1_0 | Ep. 24/100 - Step 175/273 (2.56 it/s) |############        | - loss_cc=4.601 - loss_ce=2.114 - loss_ne=0.0183 - loss_div=0.0 - threshold=1.0 - loss=6.734
[2026-03-30 10:57:41](logger.py 179): id=CC_FMNIST_C10CFG_K20_E100_DT_1_0 | Ep. 24/100 - Step 200/273 (2.56 it/s) |##############      | - loss_cc=4.601 - loss_ce=2.114 - loss_ne=0.0185 - loss_div=0.0 - threshold=1.0 - loss=6.733
[2026-03-30 10:57:51](logger.py 179): id=CC_FMNIST_C10CFG_K20_E100_DT_1_0 | Ep. 24/100 - Step 225/273 (2.56 it/s) |################    | - loss_cc=4.601 - loss_ce=2.114 - loss_ne=0.0181 - loss_div=0.0 - threshold=1.0 - loss=6.733
[2026-03-30 10:58:01](logger.py 179): id=CC_FMNIST_C10CFG_K20_E100_DT_1_0 | Ep. 24/100 - Step 250/273 (2.56 it/s) |##################  | - loss_cc=4.6 - loss_ce=2.114 - loss_ne=0.018 - loss_div=0.0 - threshold=1.0 - loss=6.732
[2026-03-30 10:58:09](logger.py 179): id=CC_FMNIST_C10CFG_K20_E100_DT_1_0 | Ep. 24/100 | Time: 00:01 | loss_cc=4.601 - loss_ce=2.114 - loss_ne=0.0179 - loss_div=0.0 - threshold=1.0 - loss=6.733
[2026-03-30 10:58:11](logger.py 179): id=CC_FMNIST_C10CFG_K20_E100_DT_1_0 | Ep. 25/100 - Step 0/273 (0.0 it/s) |                    | - loss_cc=4.63 - loss_ce=2.127 - loss_ne=0.0437 - loss_div=0.0 - threshold=1.0 - loss=6.8
[2026-03-30 10:58:21](logger.py 179): id=CC_FMNIST_C10CFG_K20_E100_DT_1_0 | Ep. 25/100 - Step 25/273 (2.56 it/s) |#                   | - loss_cc=4.603 - loss_ce=2.116 - loss_ne=0.0234 - loss_div=0.0 - threshold=1.0 - loss=6.743
[2026-03-30 10:58:31](logger.py 179): id=CC_FMNIST_C10CFG_K20_E100_DT_1_0 | Ep. 25/100 - Step 50/273 (2.56 it/s) |###                 | - loss_cc=4.599 - loss_ce=2.114 - loss_ne=0.0211 - loss_div=0.0 - threshold=1.0 - loss=6.734
[2026-03-30 10:58:40](logger.py 179): id=CC_FMNIST_C10CFG_K20_E100_DT_1_0 | Ep. 25/100 - Step 75/273 (2.56 it/s) |#####               | - loss_cc=4.6 - loss_ce=2.114 - loss_ne=0.0199 - loss_div=0.0 - threshold=1.0 - loss=6.734
[2026-03-30 10:58:50](logger.py 179): id=CC_FMNIST_C10CFG_K20_E100_DT_1_0 | Ep. 25/100 - Step 100/273 (2.56 it/s) |#######             | - loss_cc=4.598 - loss_ce=2.114 - loss_ne=0.0195 - loss_div=0.0 - threshold=1.0 - loss=6.732
[2026-03-30 10:59:00](logger.py 179): id=CC_FMNIST_C10CFG_K20_E100_DT_1_0 | Ep. 25/100 - Step 125/273 (2.56 it/s) |#########           | - loss_cc=4.598 - loss_ce=2.114 - loss_ne=0.0191 - loss_div=0.0 - threshold=1.0 - loss=6.731
[2026-03-30 10:59:10](logger.py 179): id=CC_FMNIST_C10CFG_K20_E100_DT_1_0 | Ep. 25/100 - Step 150/273 (2.56 it/s) |##########          | - loss_cc=4.598 - loss_ce=2.114 - loss_ne=0.0192 - loss_div=0.0 - threshold=1.0 - loss=6.731
[2026-03-30 10:59:19](logger.py 179): id=CC_FMNIST_C10CFG_K20_E100_DT_1_0 | Ep. 25/100 - Step 175/273 (2.56 it/s) |############        | - loss_cc=4.6 - loss_ce=2.114 - loss_ne=0.0194 - loss_div=0.0 - threshold=1.0 - loss=6.733
[2026-03-30 10:59:29](logger.py 179): id=CC_FMNIST_C10CFG_K20_E100_DT_1_0 | Ep. 25/100 - Step 200/273 (2.56 it/s) |##############      | - loss_cc=4.599 - loss_ce=2.114 - loss_ne=0.0191 - loss_div=0.0 - threshold=1.0 - loss=6.732
[2026-03-30 10:59:39](logger.py 179): id=CC_FMNIST_C10CFG_K20_E100_DT_1_0 | Ep. 25/100 - Step 225/273 (2.56 it/s) |################    | - loss_cc=4.598 - loss_ce=2.114 - loss_ne=0.0189 - loss_div=0.0 - threshold=1.0 - loss=6.731
[2026-03-30 10:59:49](logger.py 179): id=CC_FMNIST_C10CFG_K20_E100_DT_1_0 | Ep. 25/100 - Step 250/273 (2.56 it/s) |##################  | - loss_cc=4.599 - loss_ce=2.114 - loss_ne=0.019 - loss_div=0.0 - threshold=1.0 - loss=6.731
[2026-03-30 10:59:57](logger.py 179): id=CC_FMNIST_C10CFG_K20_E100_DT_1_0 | Ep. 25/100 | Time: 00:01 | loss_cc=4.599 - loss_ce=2.114 - loss_ne=0.0189 - loss_div=0.0 - threshold=1.0 - loss=6.731
[2026-03-30 10:59:59](logger.py 179): id=CC_FMNIST_C10CFG_K20_E100_DT_1_0 | Ep. 26/100 - Step 0/273 (0.0 it/s) |                    | - loss_cc=4.562 - loss_ce=2.094 - loss_ne=0.00986 - loss_div=0.0 - threshold=1.0 - loss=6.666
[2026-03-30 11:00:09](logger.py 179): id=CC_FMNIST_C10CFG_K20_E100_DT_1_0 | Ep. 26/100 - Step 25/273 (2.56 it/s) |#                   | - loss_cc=4.595 - loss_ce=2.112 - loss_ne=0.0209 - loss_div=0.0 - threshold=1.0 - loss=6.728
[2026-03-30 11:00:19](logger.py 179): id=CC_FMNIST_C10CFG_K20_E100_DT_1_0 | Ep. 26/100 - Step 50/273 (2.55 it/s) |###                 | - loss_cc=4.592 - loss_ce=2.112 - loss_ne=0.0186 - loss_div=0.0 - threshold=1.0 - loss=6.722
[2026-03-30 11:00:29](logger.py 179): id=CC_FMNIST_C10CFG_K20_E100_DT_1_0 | Ep. 26/100 - Step 75/273 (2.55 it/s) |#####               | - loss_cc=4.594 - loss_ce=2.112 - loss_ne=0.0192 - loss_div=0.0 - threshold=1.0 - loss=6.725
[2026-03-30 11:00:38](logger.py 179): id=CC_FMNIST_C10CFG_K20_E100_DT_1_0 | Ep. 26/100 - Step 100/273 (2.55 it/s) |#######             | - loss_cc=4.596 - loss_ce=2.112 - loss_ne=0.0186 - loss_div=0.0 - threshold=1.0 - loss=6.727
[2026-03-30 11:00:48](logger.py 179): id=CC_FMNIST_C10CFG_K20_E100_DT_1_0 | Ep. 26/100 - Step 125/273 (2.55 it/s) |#########           | - loss_cc=4.595 - loss_ce=2.113 - loss_ne=0.0187 - loss_div=0.0 - threshold=1.0 - loss=6.727
[2026-03-30 11:00:58](logger.py 179): id=CC_FMNIST_C10CFG_K20_E100_DT_1_0 | Ep. 26/100 - Step 150/273 (2.56 it/s) |##########          | - loss_cc=4.595 - loss_ce=2.113 - loss_ne=0.0188 - loss_div=0.0 - threshold=1.0 - loss=6.726
[2026-03-30 11:01:08](logger.py 179): id=CC_FMNIST_C10CFG_K20_E100_DT_1_0 | Ep. 26/100 - Step 175/273 (2.56 it/s) |############        | - loss_cc=4.596 - loss_ce=2.113 - loss_ne=0.019 - loss_div=0.0 - threshold=1.0 - loss=6.728
[2026-03-30 11:01:18](logger.py 179): id=CC_FMNIST_C10CFG_K20_E100_DT_1_0 | Ep. 26/100 - Step 200/273 (2.56 it/s) |##############      | - loss_cc=4.596 - loss_ce=2.113 - loss_ne=0.0188 - loss_div=0.0 - threshold=1.0 - loss=6.728
[2026-03-30 11:01:27](logger.py 179): id=CC_FMNIST_C10CFG_K20_E100_DT_1_0 | Ep. 26/100 - Step 225/273 (2.56 it/s) |################    | - loss_cc=4.596 - loss_ce=2.113 - loss_ne=0.0187 - loss_div=0.0 - threshold=1.0 - loss=6.728
[2026-03-30 11:01:37](logger.py 179): id=CC_FMNIST_C10CFG_K20_E100_DT_1_0 | Ep. 26/100 - Step 250/273 (2.56 it/s) |##################  | - loss_cc=4.596 - loss_ce=2.113 - loss_ne=0.0186 - loss_div=0.0 - threshold=1.0 - loss=6.727
[2026-03-30 11:01:46](logger.py 179): id=CC_FMNIST_C10CFG_K20_E100_DT_1_0 | Ep. 26/100 | Time: 00:01 | loss_cc=4.596 - loss_ce=2.113 - loss_ne=0.0185 - loss_div=0.0 - threshold=1.0 - loss=6.727
[2026-03-30 11:01:48](logger.py 179): id=CC_FMNIST_C10CFG_K20_E100_DT_1_0 | Ep. 27/100 - Step 0/273 (0.0 it/s) |                    | - loss_cc=4.571 - loss_ce=2.104 - loss_ne=0.0224 - loss_div=0.0 - threshold=1.0 - loss=6.697
[2026-03-30 11:01:58](logger.py 179): id=CC_FMNIST_C10CFG_K20_E100_DT_1_0 | Ep. 27/100 - Step 25/273 (2.55 it/s) |#                   | - loss_cc=4.593 - loss_ce=2.113 - loss_ne=0.0192 - loss_div=0.0 - threshold=1.0 - loss=6.725
[2026-03-30 11:02:07](logger.py 179): id=CC_FMNIST_C10CFG_K20_E100_DT_1_0 | Ep. 27/100 - Step 50/273 (2.56 it/s) |###                 | - loss_cc=4.593 - loss_ce=2.112 - loss_ne=0.0179 - loss_div=0.0 - threshold=1.0 - loss=6.724
[2026-03-30 11:02:17](logger.py 179): id=CC_FMNIST_C10CFG_K20_E100_DT_1_0 | Ep. 27/100 - Step 75/273 (2.55 it/s) |#####               | - loss_cc=4.592 - loss_ce=2.112 - loss_ne=0.0184 - loss_div=0.0 - threshold=1.0 - loss=6.723
[2026-03-30 11:02:27](logger.py 179): id=CC_FMNIST_C10CFG_K20_E100_DT_1_0 | Ep. 27/100 - Step 100/273 (2.56 it/s) |#######             | - loss_cc=4.594 - loss_ce=2.112 - loss_ne=0.0185 - loss_div=0.0 - threshold=1.0 - loss=6.725
[2026-03-30 11:02:37](logger.py 179): id=CC_FMNIST_C10CFG_K20_E100_DT_1_0 | Ep. 27/100 - Step 125/273 (2.56 it/s) |#########           | - loss_cc=4.594 - loss_ce=2.112 - loss_ne=0.0188 - loss_div=0.0 - threshold=1.0 - loss=6.725
[2026-03-30 11:02:46](logger.py 179): id=CC_FMNIST_C10CFG_K20_E100_DT_1_0 | Ep. 27/100 - Step 150/273 (2.56 it/s) |##########          | - loss_cc=4.594 - loss_ce=2.112 - loss_ne=0.0188 - loss_div=0.0 - threshold=1.0 - loss=6.725
[2026-03-30 11:02:56](logger.py 179): id=CC_FMNIST_C10CFG_K20_E100_DT_1_0 | Ep. 27/100 - Step 175/273 (2.56 it/s) |############        | - loss_cc=4.594 - loss_ce=2.112 - loss_ne=0.0189 - loss_div=0.0 - threshold=1.0 - loss=6.725
[2026-03-30 11:03:06](logger.py 179): id=CC_FMNIST_C10CFG_K20_E100_DT_1_0 | Ep. 27/100 - Step 200/273 (2.56 it/s) |##############      | - loss_cc=4.593 - loss_ce=2.112 - loss_ne=0.019 - loss_div=0.0 - threshold=1.0 - loss=6.724
[2026-03-30 11:03:16](logger.py 179): id=CC_FMNIST_C10CFG_K20_E100_DT_1_0 | Ep. 27/100 - Step 225/273 (2.56 it/s) |################    | - loss_cc=4.594 - loss_ce=2.112 - loss_ne=0.0193 - loss_div=0.0 - threshold=1.0 - loss=6.726
[2026-03-30 11:03:25](logger.py 179): id=CC_FMNIST_C10CFG_K20_E100_DT_1_0 | Ep. 27/100 - Step 250/273 (2.56 it/s) |##################  | - loss_cc=4.594 - loss_ce=2.112 - loss_ne=0.0193 - loss_div=0.0 - threshold=1.0 - loss=6.726
[2026-03-30 11:03:34](logger.py 179): id=CC_FMNIST_C10CFG_K20_E100_DT_1_0 | Ep. 27/100 | Time: 00:01 | loss_cc=4.594 - loss_ce=2.112 - loss_ne=0.0193 - loss_div=0.0 - threshold=1.0 - loss=6.726
[2026-03-30 11:03:36](logger.py 179): id=CC_FMNIST_C10CFG_K20_E100_DT_1_0 | Ep. 28/100 - Step 0/273 (0.0 it/s) |                    | - loss_cc=4.584 - loss_ce=2.125 - loss_ne=0.0146 - loss_div=0.0 - threshold=1.0 - loss=6.723
[2026-03-30 11:03:46](logger.py 179): id=CC_FMNIST_C10CFG_K20_E100_DT_1_0 | Ep. 28/100 - Step 25/273 (2.56 it/s) |#                   | - loss_cc=4.591 - loss_ce=2.113 - loss_ne=0.0167 - loss_div=0.0 - threshold=1.0 - loss=6.721
[2026-03-30 11:03:56](logger.py 179): id=CC_FMNIST_C10CFG_K20_E100_DT_1_0 | Ep. 28/100 - Step 50/273 (2.56 it/s) |###                 | - loss_cc=4.593 - loss_ce=2.113 - loss_ne=0.0171 - loss_div=0.0 - threshold=1.0 - loss=6.724
[2026-03-30 11:04:05](logger.py 179): id=CC_FMNIST_C10CFG_K20_E100_DT_1_0 | Ep. 28/100 - Step 75/273 (2.55 it/s) |#####               | - loss_cc=4.593 - loss_ce=2.113 - loss_ne=0.0175 - loss_div=0.0 - threshold=1.0 - loss=6.723
[2026-03-30 11:04:15](logger.py 179): id=CC_FMNIST_C10CFG_K20_E100_DT_1_0 | Ep. 28/100 - Step 100/273 (2.56 it/s) |#######             | - loss_cc=4.593 - loss_ce=2.113 - loss_ne=0.0175 - loss_div=0.0 - threshold=1.0 - loss=6.724
[2026-03-30 11:04:25](logger.py 179): id=CC_FMNIST_C10CFG_K20_E100_DT_1_0 | Ep. 28/100 - Step 125/273 (2.56 it/s) |#########           | - loss_cc=4.593 - loss_ce=2.113 - loss_ne=0.0172 - loss_div=0.0 - threshold=1.0 - loss=6.723
[2026-03-30 11:04:35](logger.py 179): id=CC_FMNIST_C10CFG_K20_E100_DT_1_0 | Ep. 28/100 - Step 150/273 (2.56 it/s) |##########          | - loss_cc=4.593 - loss_ce=2.113 - loss_ne=0.0173 - loss_div=0.0 - threshold=1.0 - loss=6.724
[2026-03-30 11:04:44](logger.py 179): id=CC_FMNIST_C10CFG_K20_E100_DT_1_0 | Ep. 28/100 - Step 175/273 (2.56 it/s) |############        | - loss_cc=4.593 - loss_ce=2.113 - loss_ne=0.0174 - loss_div=0.0 - threshold=1.0 - loss=6.723
[2026-03-30 11:04:54](logger.py 179): id=CC_FMNIST_C10CFG_K20_E100_DT_1_0 | Ep. 28/100 - Step 200/273 (2.56 it/s) |##############      | - loss_cc=4.592 - loss_ce=2.113 - loss_ne=0.017 - loss_div=0.0 - threshold=1.0 - loss=6.722
[2026-03-30 11:05:04](logger.py 179): id=CC_FMNIST_C10CFG_K20_E100_DT_1_0 | Ep. 28/100 - Step 225/273 (2.56 it/s) |################    | - loss_cc=4.592 - loss_ce=2.113 - loss_ne=0.0175 - loss_div=0.0 - threshold=1.0 - loss=6.722
[2026-03-30 11:05:14](logger.py 179): id=CC_FMNIST_C10CFG_K20_E100_DT_1_0 | Ep. 28/100 - Step 250/273 (2.56 it/s) |##################  | - loss_cc=4.59 - loss_ce=2.112 - loss_ne=0.0174 - loss_div=0.0 - threshold=1.0 - loss=6.72
[2026-03-30 11:05:22](logger.py 179): id=CC_FMNIST_C10CFG_K20_E100_DT_1_0 | Ep. 28/100 | Time: 00:01 | loss_cc=4.59 - loss_ce=2.112 - loss_ne=0.0175 - loss_div=0.0 - threshold=1.0 - loss=6.719
[2026-03-30 11:05:24](logger.py 179): id=CC_FMNIST_C10CFG_K20_E100_DT_1_0 | Ep. 29/100 - Step 0/273 (0.0 it/s) |                    | - loss_cc=4.575 - loss_ce=2.109 - loss_ne=0.0207 - loss_div=0.0 - threshold=1.0 - loss=6.705
[2026-03-30 11:05:34](logger.py 179): id=CC_FMNIST_C10CFG_K20_E100_DT_1_0 | Ep. 29/100 - Step 25/273 (2.56 it/s) |#                   | - loss_cc=4.587 - loss_ce=2.11 - loss_ne=0.0181 - loss_div=0.0 - threshold=1.0 - loss=6.714
[2026-03-30 11:05:44](logger.py 179): id=CC_FMNIST_C10CFG_K20_E100_DT_1_0 | Ep. 29/100 - Step 50/273 (2.56 it/s) |###                 | - loss_cc=4.588 - loss_ce=2.11 - loss_ne=0.018 - loss_div=0.0 - threshold=1.0 - loss=6.716
[2026-03-30 11:05:54](logger.py 179): id=CC_FMNIST_C10CFG_K20_E100_DT_1_0 | Ep. 29/100 - Step 75/273 (2.56 it/s) |#####               | - loss_cc=4.59 - loss_ce=2.111 - loss_ne=0.0187 - loss_div=0.0 - threshold=1.0 - loss=6.72
[2026-03-30 11:06:03](logger.py 179): id=CC_FMNIST_C10CFG_K20_E100_DT_1_0 | Ep. 29/100 - Step 100/273 (2.56 it/s) |#######             | - loss_cc=4.592 - loss_ce=2.112 - loss_ne=0.0183 - loss_div=0.0 - threshold=1.0 - loss=6.722
[2026-03-30 11:06:13](logger.py 179): id=CC_FMNIST_C10CFG_K20_E100_DT_1_0 | Ep. 29/100 - Step 125/273 (2.56 it/s) |#########           | - loss_cc=4.59 - loss_ce=2.111 - loss_ne=0.0184 - loss_div=0.0 - threshold=1.0 - loss=6.72
[2026-03-30 11:06:23](logger.py 179): id=CC_FMNIST_C10CFG_K20_E100_DT_1_0 | Ep. 29/100 - Step 150/273 (2.56 it/s) |##########          | - loss_cc=4.589 - loss_ce=2.111 - loss_ne=0.0183 - loss_div=0.0 - threshold=1.0 - loss=6.718
[2026-03-30 11:06:33](logger.py 179): id=CC_FMNIST_C10CFG_K20_E100_DT_1_0 | Ep. 29/100 - Step 175/273 (2.56 it/s) |############        | - loss_cc=4.59 - loss_ce=2.111 - loss_ne=0.0183 - loss_div=0.0 - threshold=1.0 - loss=6.719
[2026-03-30 11:06:42](logger.py 179): id=CC_FMNIST_C10CFG_K20_E100_DT_1_0 | Ep. 29/100 - Step 200/273 (2.56 it/s) |##############      | - loss_cc=4.589 - loss_ce=2.11 - loss_ne=0.0183 - loss_div=0.0 - threshold=1.0 - loss=6.717
[2026-03-30 11:06:52](logger.py 179): id=CC_FMNIST_C10CFG_K20_E100_DT_1_0 | Ep. 29/100 - Step 225/273 (2.56 it/s) |################    | - loss_cc=4.59 - loss_ce=2.111 - loss_ne=0.0183 - loss_div=0.0 - threshold=1.0 - loss=6.719
[2026-03-30 11:07:02](logger.py 179): id=CC_FMNIST_C10CFG_K20_E100_DT_1_0 | Ep. 29/100 - Step 250/273 (2.56 it/s) |##################  | - loss_cc=4.59 - loss_ce=2.111 - loss_ne=0.0185 - loss_div=0.0 - threshold=1.0 - loss=6.72
[2026-03-30 11:07:11](logger.py 179): id=CC_FMNIST_C10CFG_K20_E100_DT_1_0 | Ep. 29/100 | Time: 00:01 | loss_cc=4.591 - loss_ce=2.111 - loss_ne=0.0186 - loss_div=0.0 - threshold=1.0 - loss=6.721
[2026-03-30 11:07:13](logger.py 179): id=CC_FMNIST_C10CFG_K20_E100_DT_1_0 | Ep. 30/100 - Step 0/273 (0.0 it/s) |                    | - loss_cc=4.584 - loss_ce=2.114 - loss_ne=0.0118 - loss_div=0.0 - threshold=1.0 - loss=6.71
[2026-03-30 11:07:22](logger.py 179): id=CC_FMNIST_C10CFG_K20_E100_DT_1_0 | Ep. 30/100 - Step 25/273 (2.55 it/s) |#                   | - loss_cc=4.584 - loss_ce=2.109 - loss_ne=0.0172 - loss_div=0.0 - threshold=1.0 - loss=6.71
[2026-03-30 11:07:32](logger.py 179): id=CC_FMNIST_C10CFG_K20_E100_DT_1_0 | Ep. 30/100 - Step 50/273 (2.55 it/s) |###                 | - loss_cc=4.585 - loss_ce=2.109 - loss_ne=0.018 - loss_div=0.0 - threshold=1.0 - loss=6.713
[2026-03-30 11:07:42](logger.py 179): id=CC_FMNIST_C10CFG_K20_E100_DT_1_0 | Ep. 30/100 - Step 75/273 (2.55 it/s) |#####               | - loss_cc=4.586 - loss_ce=2.11 - loss_ne=0.0179 - loss_div=0.0 - threshold=1.0 - loss=6.714
[2026-03-30 11:07:52](logger.py 179): id=CC_FMNIST_C10CFG_K20_E100_DT_1_0 | Ep. 30/100 - Step 100/273 (2.55 it/s) |#######             | - loss_cc=4.586 - loss_ce=2.11 - loss_ne=0.0187 - loss_div=0.0 - threshold=1.0 - loss=6.715
[2026-03-30 11:08:02](logger.py 179): id=CC_FMNIST_C10CFG_K20_E100_DT_1_0 | Ep. 30/100 - Step 125/273 (2.55 it/s) |#########           | - loss_cc=4.587 - loss_ce=2.11 - loss_ne=0.0182 - loss_div=0.0 - threshold=1.0 - loss=6.715
[2026-03-30 11:08:11](logger.py 179): id=CC_FMNIST_C10CFG_K20_E100_DT_1_0 | Ep. 30/100 - Step 150/273 (2.55 it/s) |##########          | - loss_cc=4.587 - loss_ce=2.11 - loss_ne=0.0186 - loss_div=0.0 - threshold=1.0 - loss=6.716
[2026-03-30 11:08:21](logger.py 179): id=CC_FMNIST_C10CFG_K20_E100_DT_1_0 | Ep. 30/100 - Step 175/273 (2.55 it/s) |############        | - loss_cc=4.588 - loss_ce=2.11 - loss_ne=0.0186 - loss_div=0.0 - threshold=1.0 - loss=6.717
[2026-03-30 11:08:31](logger.py 179): id=CC_FMNIST_C10CFG_K20_E100_DT_1_0 | Ep. 30/100 - Step 200/273 (2.56 it/s) |##############      | - loss_cc=4.588 - loss_ce=2.111 - loss_ne=0.0191 - loss_div=0.0 - threshold=1.0 - loss=6.717
[2026-03-30 11:08:41](logger.py 179): id=CC_FMNIST_C10CFG_K20_E100_DT_1_0 | Ep. 30/100 - Step 225/273 (2.56 it/s) |################    | - loss_cc=4.587 - loss_ce=2.11 - loss_ne=0.0188 - loss_div=0.0 - threshold=1.0 - loss=6.716
[2026-03-30 11:08:50](logger.py 179): id=CC_FMNIST_C10CFG_K20_E100_DT_1_0 | Ep. 30/100 - Step 250/273 (2.56 it/s) |##################  | - loss_cc=4.588 - loss_ce=2.111 - loss_ne=0.0187 - loss_div=0.0 - threshold=1.0 - loss=6.717
[2026-03-30 11:08:59](logger.py 179): Evaluating
[2026-03-30 11:09:00](logger.py 179): Eval. step 0 of 274
[2026-03-30 11:09:02](logger.py 179): Eval. step 25 of 274
[2026-03-30 11:09:04](logger.py 179): Eval. step 50 of 274
[2026-03-30 11:09:06](logger.py 179): Eval. step 75 of 274
[2026-03-30 11:09:09](logger.py 179): Eval. step 100 of 274
[2026-03-30 11:09:11](logger.py 179): Eval. step 125 of 274
[2026-03-30 11:09:13](logger.py 179): Eval. step 150 of 274
[2026-03-30 11:09:16](logger.py 179): Eval. step 175 of 274
[2026-03-30 11:09:18](logger.py 179): Eval. step 200 of 274
[2026-03-30 11:09:20](logger.py 179): Eval. step 225 of 274
[2026-03-30 11:09:23](logger.py 179): Eval. step 250 of 274
[2026-03-30 11:09:27](logger.py 179): id=CC_FMNIST_C10CFG_K20_E100_DT_1_0 | Ep. 30/100 | Time: 00:02 | loss_cc=4.588 - loss_ce=2.111 - loss_ne=0.0187 - loss_div=0.0 - threshold=1.0 - loss=6.718 - eval_confidence=0.891 - cluster_acc_0_eval=63.72 - cluster_nmi_0_eval=0.626 - cluster_ari_0_eval=0.507 - cluster_acc_1_eval=63.75 - cluster_nmi_1_eval=0.626 - cluster_ari_1_eval=0.508 - cluster_acc_2_eval=63.62 - cluster_nmi_2_eval=0.626 - cluster_ari_2_eval=0.506 - cluster_acc_3_eval=63.76 - cluster_nmi_3_eval=0.626 - cluster_ari_3_eval=0.507 - cluster_acc_4_eval=63.67 - cluster_nmi_4_eval=0.626 - cluster_ari_4_eval=0.507 - cluster_acc_5_eval=63.68 - cluster_nmi_5_eval=0.626 - cluster_ari_5_eval=0.507 - cluster_acc_6_eval=63.67 - cluster_nmi_6_eval=0.625 - cluster_ari_6_eval=0.506 - cluster_acc_7_eval=63.8 - cluster_nmi_7_eval=0.626 - cluster_ari_7_eval=0.507 - cluster_acc_8_eval=63.69 - cluster_nmi_8_eval=0.626 - cluster_ari_8_eval=0.507 - cluster_acc_9_eval=63.72 - cluster_nmi_9_eval=0.626 - cluster_ari_9_eval=0.507 - cluster_acc_10_eval=63.69 - cluster_nmi_10_eval=0.626 - cluster_ari_10_eval=0.506 - cluster_acc_11_eval=63.69 - cluster_nmi_11_eval=0.626 - cluster_ari_11_eval=0.506 - cluster_acc_12_eval=63.57 - cluster_nmi_12_eval=0.626 - cluster_ari_12_eval=0.506 - cluster_acc_13_eval=63.66 - cluster_nmi_13_eval=0.626 - cluster_ari_13_eval=0.506 - cluster_acc_14_eval=63.76 - cluster_nmi_14_eval=0.626 - cluster_ari_14_eval=0.507 - cluster_acc_15_eval=63.71 - cluster_nmi_15_eval=0.626 - cluster_ari_15_eval=0.507 - cluster_acc_16_eval=63.7 - cluster_nmi_16_eval=0.626 - cluster_ari_16_eval=0.507 - cluster_acc_17_eval=63.71 - cluster_nmi_17_eval=0.626 - cluster_ari_17_eval=0.507 - cluster_acc_18_eval=63.67 - cluster_nmi_18_eval=0.626 - cluster_ari_18_eval=0.506 - cluster_acc_19_eval=63.73 - cluster_nmi_19_eval=0.625 - cluster_ari_19_eval=0.507 - max_cluster_acc_eval=63.8 - mean_cluster_acc_eval=63.7 - min_cluster_acc_eval=63.57 - max_cluster_nmi_eval=0.626 - mean_cluster_nmi_eval=0.626 - min_cluster_nmi_eval=0.625 - max_cluster_ari_eval=0.508 - mean_cluster_ari_eval=0.507 - min_cluster_ari_eval=0.506 - interclustering_nmi_eval=0.979
/scratch/e0538389/DivClust/engine/trainer.py:41: FutureWarning: `torch.cuda.amp.autocast(args...)` is deprecated. Please use `torch.amp.autocast('cuda', args...)` instead.
  with autocast(self.mixed_precision):
[2026-03-30 11:09:29](logger.py 179): id=CC_FMNIST_C10CFG_K20_E100_DT_1_0 | Ep. 31/100 - Step 0/273 (0.0 it/s) |                    | - loss_cc=4.549 - loss_ce=2.102 - loss_ne=0.0279 - loss_div=0.0 - threshold=1.0 - loss=6.679
[2026-03-30 11:09:39](logger.py 179): id=CC_FMNIST_C10CFG_K20_E100_DT_1_0 | Ep. 31/100 - Step 25/273 (2.57 it/s) |#                   | - loss_cc=4.583 - loss_ce=2.108 - loss_ne=0.0211 - loss_div=0.0 - threshold=1.0 - loss=6.712
[2026-03-30 11:09:48](logger.py 179): id=CC_FMNIST_C10CFG_K20_E100_DT_1_0 | Ep. 31/100 - Step 50/273 (2.56 it/s) |###                 | - loss_cc=4.584 - loss_ce=2.109 - loss_ne=0.0203 - loss_div=0.0 - threshold=1.0 - loss=6.714
[2026-03-30 11:09:58](logger.py 179): id=CC_FMNIST_C10CFG_K20_E100_DT_1_0 | Ep. 31/100 - Step 75/273 (2.56 it/s) |#####               | - loss_cc=4.585 - loss_ce=2.109 - loss_ne=0.0188 - loss_div=0.0 - threshold=1.0 - loss=6.713
[2026-03-30 11:10:08](logger.py 179): id=CC_FMNIST_C10CFG_K20_E100_DT_1_0 | Ep. 31/100 - Step 100/273 (2.56 it/s) |#######             | - loss_cc=4.584 - loss_ce=2.109 - loss_ne=0.0192 - loss_div=0.0 - threshold=1.0 - loss=6.712
[2026-03-30 11:10:18](logger.py 179): id=CC_FMNIST_C10CFG_K20_E100_DT_1_0 | Ep. 31/100 - Step 125/273 (2.56 it/s) |#########           | - loss_cc=4.586 - loss_ce=2.11 - loss_ne=0.0189 - loss_div=0.0 - threshold=1.0 - loss=6.714
[2026-03-30 11:10:28](logger.py 179): id=CC_FMNIST_C10CFG_K20_E100_DT_1_0 | Ep. 31/100 - Step 150/273 (2.56 it/s) |##########          | - loss_cc=4.587 - loss_ce=2.11 - loss_ne=0.0192 - loss_div=0.0 - threshold=1.0 - loss=6.717
[2026-03-30 11:10:37](logger.py 179): id=CC_FMNIST_C10CFG_K20_E100_DT_1_0 | Ep. 31/100 - Step 175/273 (2.56 it/s) |############        | - loss_cc=4.587 - loss_ce=2.11 - loss_ne=0.0186 - loss_div=0.0 - threshold=1.0 - loss=6.716
[2026-03-30 11:10:47](logger.py 179): id=CC_FMNIST_C10CFG_K20_E100_DT_1_0 | Ep. 31/100 - Step 200/273 (2.56 it/s) |##############      | - loss_cc=4.587 - loss_ce=2.11 - loss_ne=0.0184 - loss_div=0.0 - threshold=1.0 - loss=6.715
[2026-03-30 11:10:57](logger.py 179): id=CC_FMNIST_C10CFG_K20_E100_DT_1_0 | Ep. 31/100 - Step 225/273 (2.56 it/s) |################    | - loss_cc=4.586 - loss_ce=2.11 - loss_ne=0.0185 - loss_div=0.0 - threshold=1.0 - loss=6.714
[2026-03-30 11:11:07](logger.py 179): id=CC_FMNIST_C10CFG_K20_E100_DT_1_0 | Ep. 31/100 - Step 250/273 (2.56 it/s) |##################  | - loss_cc=4.585 - loss_ce=2.11 - loss_ne=0.0184 - loss_div=0.0 - threshold=1.0 - loss=6.713
[2026-03-30 11:11:15](logger.py 179): id=CC_FMNIST_C10CFG_K20_E100_DT_1_0 | Ep. 31/100 | Time: 00:01 | loss_cc=4.585 - loss_ce=2.11 - loss_ne=0.0184 - loss_div=0.0 - threshold=1.0 - loss=6.713
[2026-03-30 11:11:17](logger.py 179): id=CC_FMNIST_C10CFG_K20_E100_DT_1_0 | Ep. 32/100 - Step 0/273 (0.0 it/s) |                    | - loss_cc=4.611 - loss_ce=2.13 - loss_ne=0.0287 - loss_div=0.0 - threshold=1.0 - loss=6.771
[2026-03-30 11:11:27](logger.py 179): id=CC_FMNIST_C10CFG_K20_E100_DT_1_0 | Ep. 32/100 - Step 25/273 (2.56 it/s) |#                   | - loss_cc=4.58 - loss_ce=2.108 - loss_ne=0.016 - loss_div=0.0 - threshold=1.0 - loss=6.704
[2026-03-30 11:11:37](logger.py 179): id=CC_FMNIST_C10CFG_K20_E100_DT_1_0 | Ep. 32/100 - Step 50/273 (2.56 it/s) |###                 | - loss_cc=4.582 - loss_ce=2.108 - loss_ne=0.017 - loss_div=0.0 - threshold=1.0 - loss=6.706
[2026-03-30 11:11:46](logger.py 179): id=CC_FMNIST_C10CFG_K20_E100_DT_1_0 | Ep. 32/100 - Step 75/273 (2.56 it/s) |#####               | - loss_cc=4.58 - loss_ce=2.108 - loss_ne=0.018 - loss_div=0.0 - threshold=1.0 - loss=6.706
[2026-03-30 11:11:56](logger.py 179): id=CC_FMNIST_C10CFG_K20_E100_DT_1_0 | Ep. 32/100 - Step 100/273 (2.56 it/s) |#######             | - loss_cc=4.58 - loss_ce=2.108 - loss_ne=0.0176 - loss_div=0.0 - threshold=1.0 - loss=6.705
[2026-03-30 11:12:06](logger.py 179): id=CC_FMNIST_C10CFG_K20_E100_DT_1_0 | Ep. 32/100 - Step 125/273 (2.56 it/s) |#########           | - loss_cc=4.58 - loss_ce=2.108 - loss_ne=0.0179 - loss_div=0.0 - threshold=1.0 - loss=6.705
[2026-03-30 11:12:16](logger.py 179): id=CC_FMNIST_C10CFG_K20_E100_DT_1_0 | Ep. 32/100 - Step 150/273 (2.56 it/s) |##########          | - loss_cc=4.579 - loss_ce=2.108 - loss_ne=0.0181 - loss_div=0.0 - threshold=1.0 - loss=6.705
[2026-03-30 11:12:26](logger.py 179): id=CC_FMNIST_C10CFG_K20_E100_DT_1_0 | Ep. 32/100 - Step 175/273 (2.56 it/s) |############        | - loss_cc=4.579 - loss_ce=2.107 - loss_ne=0.0182 - loss_div=0.0 - threshold=1.0 - loss=6.704
[2026-03-30 11:12:35](logger.py 179): id=CC_FMNIST_C10CFG_K20_E100_DT_1_0 | Ep. 32/100 - Step 200/273 (2.56 it/s) |##############      | - loss_cc=4.579 - loss_ce=2.108 - loss_ne=0.0182 - loss_div=0.0 - threshold=1.0 - loss=6.705
[2026-03-30 11:12:45](logger.py 179): id=CC_FMNIST_C10CFG_K20_E100_DT_1_0 | Ep. 32/100 - Step 225/273 (2.56 it/s) |################    | - loss_cc=4.58 - loss_ce=2.108 - loss_ne=0.0178 - loss_div=0.0 - threshold=1.0 - loss=6.705
[2026-03-30 11:12:55](logger.py 179): id=CC_FMNIST_C10CFG_K20_E100_DT_1_0 | Ep. 32/100 - Step 250/273 (2.56 it/s) |##################  | - loss_cc=4.58 - loss_ce=2.108 - loss_ne=0.0178 - loss_div=0.0 - threshold=1.0 - loss=6.706
[2026-03-30 11:13:03](logger.py 179): id=CC_FMNIST_C10CFG_K20_E100_DT_1_0 | Ep. 32/100 | Time: 00:01 | loss_cc=4.58 - loss_ce=2.108 - loss_ne=0.0179 - loss_div=0.0 - threshold=1.0 - loss=6.706
[2026-03-30 11:13:05](logger.py 179): id=CC_FMNIST_C10CFG_K20_E100_DT_1_0 | Ep. 33/100 - Step 0/273 (0.0 it/s) |                    | - loss_cc=4.606 - loss_ce=2.117 - loss_ne=0.0118 - loss_div=0.0 - threshold=1.0 - loss=6.736
[2026-03-30 11:13:15](logger.py 179): id=CC_FMNIST_C10CFG_K20_E100_DT_1_0 | Ep. 33/100 - Step 25/273 (2.57 it/s) |#                   | - loss_cc=4.582 - loss_ce=2.109 - loss_ne=0.015 - loss_div=0.0 - threshold=1.0 - loss=6.706
[2026-03-30 11:13:25](logger.py 179): id=CC_FMNIST_C10CFG_K20_E100_DT_1_0 | Ep. 33/100 - Step 50/273 (2.57 it/s) |###                 | - loss_cc=4.579 - loss_ce=2.108 - loss_ne=0.0173 - loss_div=0.0 - threshold=1.0 - loss=6.704
[2026-03-30 11:13:35](logger.py 179): id=CC_FMNIST_C10CFG_K20_E100_DT_1_0 | Ep. 33/100 - Step 75/273 (2.57 it/s) |#####               | - loss_cc=4.58 - loss_ce=2.108 - loss_ne=0.0179 - loss_div=0.0 - threshold=1.0 - loss=6.706
[2026-03-30 11:13:44](logger.py 179): id=CC_FMNIST_C10CFG_K20_E100_DT_1_0 | Ep. 33/100 - Step 100/273 (2.56 it/s) |#######             | - loss_cc=4.581 - loss_ce=2.109 - loss_ne=0.0173 - loss_div=0.0 - threshold=1.0 - loss=6.707
[2026-03-30 11:13:54](logger.py 179): id=CC_FMNIST_C10CFG_K20_E100_DT_1_0 | Ep. 33/100 - Step 125/273 (2.56 it/s) |#########           | - loss_cc=4.581 - loss_ce=2.109 - loss_ne=0.0173 - loss_div=0.0 - threshold=1.0 - loss=6.707
[2026-03-30 11:14:04](logger.py 179): id=CC_FMNIST_C10CFG_K20_E100_DT_1_0 | Ep. 33/100 - Step 150/273 (2.56 it/s) |##########          | - loss_cc=4.581 - loss_ce=2.108 - loss_ne=0.0168 - loss_div=0.0 - threshold=1.0 - loss=6.706
[2026-03-30 11:14:14](logger.py 179): id=CC_FMNIST_C10CFG_K20_E100_DT_1_0 | Ep. 33/100 - Step 175/273 (2.56 it/s) |############        | - loss_cc=4.581 - loss_ce=2.108 - loss_ne=0.0171 - loss_div=0.0 - threshold=1.0 - loss=6.706
[2026-03-30 11:14:24](logger.py 179): id=CC_FMNIST_C10CFG_K20_E100_DT_1_0 | Ep. 33/100 - Step 200/273 (2.56 it/s) |##############      | - loss_cc=4.581 - loss_ce=2.108 - loss_ne=0.0176 - loss_div=0.0 - threshold=1.0 - loss=6.707
[2026-03-30 11:14:33](logger.py 179): id=CC_FMNIST_C10CFG_K20_E100_DT_1_0 | Ep. 33/100 - Step 225/273 (2.56 it/s) |################    | - loss_cc=4.582 - loss_ce=2.109 - loss_ne=0.0176 - loss_div=0.0 - threshold=1.0 - loss=6.709
[2026-03-30 11:14:43](logger.py 179): id=CC_FMNIST_C10CFG_K20_E100_DT_1_0 | Ep. 33/100 - Step 250/273 (2.56 it/s) |##################  | - loss_cc=4.583 - loss_ce=2.109 - loss_ne=0.0178 - loss_div=0.0 - threshold=1.0 - loss=6.709
[2026-03-30 11:14:52](logger.py 179): id=CC_FMNIST_C10CFG_K20_E100_DT_1_0 | Ep. 33/100 | Time: 00:01 | loss_cc=4.582 - loss_ce=2.109 - loss_ne=0.0177 - loss_div=0.0 - threshold=1.0 - loss=6.708
[2026-03-30 11:14:54](logger.py 179): id=CC_FMNIST_C10CFG_K20_E100_DT_1_0 | Ep. 34/100 - Step 0/273 (0.0 it/s) |                    | - loss_cc=4.531 - loss_ce=2.09 - loss_ne=0.0102 - loss_div=0.0 - threshold=1.0 - loss=6.632
[2026-03-30 11:15:03](logger.py 179): id=CC_FMNIST_C10CFG_K20_E100_DT_1_0 | Ep. 34/100 - Step 25/273 (2.56 it/s) |#                   | - loss_cc=4.568 - loss_ce=2.105 - loss_ne=0.0169 - loss_div=0.0 - threshold=1.0 - loss=6.69
[2026-03-30 11:15:13](logger.py 179): id=CC_FMNIST_C10CFG_K20_E100_DT_1_0 | Ep. 34/100 - Step 50/273 (2.56 it/s) |###                 | - loss_cc=4.573 - loss_ce=2.106 - loss_ne=0.0191 - loss_div=0.0 - threshold=1.0 - loss=6.698
[2026-03-30 11:15:23](logger.py 179): id=CC_FMNIST_C10CFG_K20_E100_DT_1_0 | Ep. 34/100 - Step 75/273 (2.56 it/s) |#####               | - loss_cc=4.572 - loss_ce=2.105 - loss_ne=0.0188 - loss_div=0.0 - threshold=1.0 - loss=6.696
[2026-03-30 11:15:33](logger.py 179): id=CC_FMNIST_C10CFG_K20_E100_DT_1_0 | Ep. 34/100 - Step 100/273 (2.56 it/s) |#######             | - loss_cc=4.574 - loss_ce=2.106 - loss_ne=0.0186 - loss_div=0.0 - threshold=1.0 - loss=6.699
[2026-03-30 11:15:42](logger.py 179): id=CC_FMNIST_C10CFG_K20_E100_DT_1_0 | Ep. 34/100 - Step 125/273 (2.56 it/s) |#########           | - loss_cc=4.576 - loss_ce=2.108 - loss_ne=0.0182 - loss_div=0.0 - threshold=1.0 - loss=6.702
[2026-03-30 11:15:52](logger.py 179): id=CC_FMNIST_C10CFG_K20_E100_DT_1_0 | Ep. 34/100 - Step 150/273 (2.56 it/s) |##########          | - loss_cc=4.576 - loss_ce=2.107 - loss_ne=0.0183 - loss_div=0.0 - threshold=1.0 - loss=6.702
[2026-03-30 11:16:02](logger.py 179): id=CC_FMNIST_C10CFG_K20_E100_DT_1_0 | Ep. 34/100 - Step 175/273 (2.56 it/s) |############        | - loss_cc=4.577 - loss_ce=2.107 - loss_ne=0.0187 - loss_div=0.0 - threshold=1.0 - loss=6.702
[2026-03-30 11:16:12](logger.py 179): id=CC_FMNIST_C10CFG_K20_E100_DT_1_0 | Ep. 34/100 - Step 200/273 (2.56 it/s) |##############      | - loss_cc=4.577 - loss_ce=2.107 - loss_ne=0.019 - loss_div=0.0 - threshold=1.0 - loss=6.703
[2026-03-30 11:16:21](logger.py 179): id=CC_FMNIST_C10CFG_K20_E100_DT_1_0 | Ep. 34/100 - Step 225/273 (2.56 it/s) |################    | - loss_cc=4.577 - loss_ce=2.107 - loss_ne=0.0188 - loss_div=0.0 - threshold=1.0 - loss=6.703
[2026-03-30 11:16:31](logger.py 179): id=CC_FMNIST_C10CFG_K20_E100_DT_1_0 | Ep. 34/100 - Step 250/273 (2.56 it/s) |##################  | - loss_cc=4.578 - loss_ce=2.108 - loss_ne=0.0187 - loss_div=0.0 - threshold=1.0 - loss=6.704
[2026-03-30 11:16:40](logger.py 179): id=CC_FMNIST_C10CFG_K20_E100_DT_1_0 | Ep. 34/100 | Time: 00:01 | loss_cc=4.578 - loss_ce=2.108 - loss_ne=0.0188 - loss_div=0.0 - threshold=1.0 - loss=6.705
[2026-03-30 11:16:42](logger.py 179): id=CC_FMNIST_C10CFG_K20_E100_DT_1_0 | Ep. 35/100 - Step 0/273 (0.0 it/s) |                    | - loss_cc=4.573 - loss_ce=2.105 - loss_ne=0.00831 - loss_div=0.0 - threshold=1.0 - loss=6.687
[2026-03-30 11:16:51](logger.py 179): id=CC_FMNIST_C10CFG_K20_E100_DT_1_0 | Ep. 35/100 - Step 25/273 (2.57 it/s) |#                   | - loss_cc=4.566 - loss_ce=2.103 - loss_ne=0.0144 - loss_div=0.0 - threshold=1.0 - loss=6.683
[2026-03-30 11:17:01](logger.py 179): id=CC_FMNIST_C10CFG_K20_E100_DT_1_0 | Ep. 35/100 - Step 50/273 (2.57 it/s) |###                 | - loss_cc=4.567 - loss_ce=2.104 - loss_ne=0.0168 - loss_div=0.0 - threshold=1.0 - loss=6.688
[2026-03-30 11:17:11](logger.py 179): id=CC_FMNIST_C10CFG_K20_E100_DT_1_0 | Ep. 35/100 - Step 75/273 (2.57 it/s) |#####               | - loss_cc=4.569 - loss_ce=2.104 - loss_ne=0.0162 - loss_div=0.0 - threshold=1.0 - loss=6.689
[2026-03-30 11:17:21](logger.py 179): id=CC_FMNIST_C10CFG_K20_E100_DT_1_0 | Ep. 35/100 - Step 100/273 (2.56 it/s) |#######             | - loss_cc=4.571 - loss_ce=2.106 - loss_ne=0.0169 - loss_div=0.0 - threshold=1.0 - loss=6.694
[2026-03-30 11:17:30](logger.py 179): id=CC_FMNIST_C10CFG_K20_E100_DT_1_0 | Ep. 35/100 - Step 125/273 (2.56 it/s) |#########           | - loss_cc=4.573 - loss_ce=2.107 - loss_ne=0.0173 - loss_div=0.0 - threshold=1.0 - loss=6.697
[2026-03-30 11:17:40](logger.py 179): id=CC_FMNIST_C10CFG_K20_E100_DT_1_0 | Ep. 35/100 - Step 150/273 (2.56 it/s) |##########          | - loss_cc=4.575 - loss_ce=2.108 - loss_ne=0.0171 - loss_div=0.0 - threshold=1.0 - loss=6.7
[2026-03-30 11:17:50](logger.py 179): id=CC_FMNIST_C10CFG_K20_E100_DT_1_0 | Ep. 35/100 - Step 175/273 (2.56 it/s) |############        | - loss_cc=4.577 - loss_ce=2.109 - loss_ne=0.017 - loss_div=0.0 - threshold=1.0 - loss=6.702
[2026-03-30 11:18:00](logger.py 179): id=CC_FMNIST_C10CFG_K20_E100_DT_1_0 | Ep. 35/100 - Step 200/273 (2.56 it/s) |##############      | - loss_cc=4.577 - loss_ce=2.109 - loss_ne=0.017 - loss_div=0.0 - threshold=1.0 - loss=6.703
[2026-03-30 11:18:09](logger.py 179): id=CC_FMNIST_C10CFG_K20_E100_DT_1_0 | Ep. 35/100 - Step 225/273 (2.56 it/s) |################    | - loss_cc=4.577 - loss_ce=2.108 - loss_ne=0.0171 - loss_div=0.0 - threshold=1.0 - loss=6.702
[2026-03-30 11:18:19](logger.py 179): id=CC_FMNIST_C10CFG_K20_E100_DT_1_0 | Ep. 35/100 - Step 250/273 (2.56 it/s) |##################  | - loss_cc=4.576 - loss_ce=2.108 - loss_ne=0.0172 - loss_div=0.0 - threshold=1.0 - loss=6.701
[2026-03-30 11:18:28](logger.py 179): id=CC_FMNIST_C10CFG_K20_E100_DT_1_0 | Ep. 35/100 | Time: 00:01 | loss_cc=4.576 - loss_ce=2.108 - loss_ne=0.0172 - loss_div=0.0 - threshold=1.0 - loss=6.701
[2026-03-30 11:18:30](logger.py 179): id=CC_FMNIST_C10CFG_K20_E100_DT_1_0 | Ep. 36/100 - Step 0/273 (0.0 it/s) |                    | - loss_cc=4.548 - loss_ce=2.099 - loss_ne=0.00609 - loss_div=0.0 - threshold=1.0 - loss=6.653
[2026-03-30 11:18:40](logger.py 179): id=CC_FMNIST_C10CFG_K20_E100_DT_1_0 | Ep. 36/100 - Step 25/273 (2.56 it/s) |#                   | - loss_cc=4.574 - loss_ce=2.105 - loss_ne=0.0171 - loss_div=0.0 - threshold=1.0 - loss=6.697
[2026-03-30 11:18:49](logger.py 179): id=CC_FMNIST_C10CFG_K20_E100_DT_1_0 | Ep. 36/100 - Step 50/273 (2.56 it/s) |###                 | - loss_cc=4.578 - loss_ce=2.107 - loss_ne=0.0158 - loss_div=0.0 - threshold=1.0 - loss=6.701
[2026-03-30 11:18:59](logger.py 179): id=CC_FMNIST_C10CFG_K20_E100_DT_1_0 | Ep. 36/100 - Step 75/273 (2.56 it/s) |#####               | - loss_cc=4.578 - loss_ce=2.107 - loss_ne=0.0167 - loss_div=0.0 - threshold=1.0 - loss=6.702
[2026-03-30 11:19:09](logger.py 179): id=CC_FMNIST_C10CFG_K20_E100_DT_1_0 | Ep. 36/100 - Step 100/273 (2.56 it/s) |#######             | - loss_cc=4.576 - loss_ce=2.107 - loss_ne=0.0181 - loss_div=0.0 - threshold=1.0 - loss=6.702
[2026-03-30 11:19:19](logger.py 179): id=CC_FMNIST_C10CFG_K20_E100_DT_1_0 | Ep. 36/100 - Step 125/273 (2.56 it/s) |#########           | - loss_cc=4.578 - loss_ce=2.108 - loss_ne=0.0184 - loss_div=0.0 - threshold=1.0 - loss=6.705
[2026-03-30 11:19:28](logger.py 179): id=CC_FMNIST_C10CFG_K20_E100_DT_1_0 | Ep. 36/100 - Step 150/273 (2.56 it/s) |##########          | - loss_cc=4.578 - loss_ce=2.108 - loss_ne=0.0181 - loss_div=0.0 - threshold=1.0 - loss=6.704
[2026-03-30 11:19:38](logger.py 179): id=CC_FMNIST_C10CFG_K20_E100_DT_1_0 | Ep. 36/100 - Step 175/273 (2.56 it/s) |############        | - loss_cc=4.577 - loss_ce=2.107 - loss_ne=0.0184 - loss_div=0.0 - threshold=1.0 - loss=6.703
[2026-03-30 11:19:48](logger.py 179): id=CC_FMNIST_C10CFG_K20_E100_DT_1_0 | Ep. 36/100 - Step 200/273 (2.56 it/s) |##############      | - loss_cc=4.577 - loss_ce=2.107 - loss_ne=0.018 - loss_div=0.0 - threshold=1.0 - loss=6.702
[2026-03-30 11:19:58](logger.py 179): id=CC_FMNIST_C10CFG_K20_E100_DT_1_0 | Ep. 36/100 - Step 225/273 (2.56 it/s) |################    | - loss_cc=4.576 - loss_ce=2.107 - loss_ne=0.018 - loss_div=0.0 - threshold=1.0 - loss=6.702
[2026-03-30 11:20:08](logger.py 179): id=CC_FMNIST_C10CFG_K20_E100_DT_1_0 | Ep. 36/100 - Step 250/273 (2.56 it/s) |##################  | - loss_cc=4.576 - loss_ce=2.107 - loss_ne=0.018 - loss_div=0.0 - threshold=1.0 - loss=6.701
[2026-03-30 11:20:16](logger.py 179): id=CC_FMNIST_C10CFG_K20_E100_DT_1_0 | Ep. 36/100 | Time: 00:01 | loss_cc=4.576 - loss_ce=2.107 - loss_ne=0.018 - loss_div=0.0 - threshold=1.0 - loss=6.701
[2026-03-30 11:20:18](logger.py 179): id=CC_FMNIST_C10CFG_K20_E100_DT_1_0 | Ep. 37/100 - Step 0/273 (0.0 it/s) |                    | - loss_cc=4.582 - loss_ce=2.117 - loss_ne=0.00784 - loss_div=0.0 - threshold=1.0 - loss=6.707
[2026-03-30 11:20:28](logger.py 179): id=CC_FMNIST_C10CFG_K20_E100_DT_1_0 | Ep. 37/100 - Step 25/273 (2.56 it/s) |#                   | - loss_cc=4.57 - loss_ce=2.105 - loss_ne=0.0167 - loss_div=0.0 - threshold=1.0 - loss=6.692
[2026-03-30 11:20:38](logger.py 179): id=CC_FMNIST_C10CFG_K20_E100_DT_1_0 | Ep. 37/100 - Step 50/273 (2.56 it/s) |###                 | - loss_cc=4.568 - loss_ce=2.105 - loss_ne=0.0171 - loss_div=0.0 - threshold=1.0 - loss=6.69
[2026-03-30 11:20:48](logger.py 179): id=CC_FMNIST_C10CFG_K20_E100_DT_1_0 | Ep. 37/100 - Step 75/273 (2.56 it/s) |#####               | - loss_cc=4.569 - loss_ce=2.105 - loss_ne=0.017 - loss_div=0.0 - threshold=1.0 - loss=6.691
[2026-03-30 11:20:57](logger.py 179): id=CC_FMNIST_C10CFG_K20_E100_DT_1_0 | Ep. 37/100 - Step 100/273 (2.56 it/s) |#######             | - loss_cc=4.571 - loss_ce=2.106 - loss_ne=0.017 - loss_div=0.0 - threshold=1.0 - loss=6.694
[2026-03-30 11:21:07](logger.py 179): id=CC_FMNIST_C10CFG_K20_E100_DT_1_0 | Ep. 37/100 - Step 125/273 (2.56 it/s) |#########           | - loss_cc=4.57 - loss_ce=2.106 - loss_ne=0.017 - loss_div=0.0 - threshold=1.0 - loss=6.693
[2026-03-30 11:21:17](logger.py 179): id=CC_FMNIST_C10CFG_K20_E100_DT_1_0 | Ep. 37/100 - Step 150/273 (2.56 it/s) |##########          | - loss_cc=4.572 - loss_ce=2.106 - loss_ne=0.0173 - loss_div=0.0 - threshold=1.0 - loss=6.695
[2026-03-30 11:21:27](logger.py 179): id=CC_FMNIST_C10CFG_K20_E100_DT_1_0 | Ep. 37/100 - Step 175/273 (2.56 it/s) |############        | - loss_cc=4.571 - loss_ce=2.105 - loss_ne=0.0175 - loss_div=0.0 - threshold=1.0 - loss=6.694
[2026-03-30 11:21:36](logger.py 179): id=CC_FMNIST_C10CFG_K20_E100_DT_1_0 | Ep. 37/100 - Step 200/273 (2.56 it/s) |##############      | - loss_cc=4.571 - loss_ce=2.106 - loss_ne=0.0176 - loss_div=0.0 - threshold=1.0 - loss=6.694
[2026-03-30 11:21:46](logger.py 179): id=CC_FMNIST_C10CFG_K20_E100_DT_1_0 | Ep. 37/100 - Step 225/273 (2.56 it/s) |################    | - loss_cc=4.572 - loss_ce=2.106 - loss_ne=0.0176 - loss_div=0.0 - threshold=1.0 - loss=6.695
[2026-03-30 11:21:56](logger.py 179): id=CC_FMNIST_C10CFG_K20_E100_DT_1_0 | Ep. 37/100 - Step 250/273 (2.56 it/s) |##################  | - loss_cc=4.572 - loss_ce=2.106 - loss_ne=0.0175 - loss_div=0.0 - threshold=1.0 - loss=6.696
[2026-03-30 11:22:05](logger.py 179): id=CC_FMNIST_C10CFG_K20_E100_DT_1_0 | Ep. 37/100 | Time: 00:01 | loss_cc=4.572 - loss_ce=2.106 - loss_ne=0.0176 - loss_div=0.0 - threshold=1.0 - loss=6.695
[2026-03-30 11:22:06](logger.py 179): id=CC_FMNIST_C10CFG_K20_E100_DT_1_0 | Ep. 38/100 - Step 0/273 (0.0 it/s) |                    | - loss_cc=4.582 - loss_ce=2.111 - loss_ne=0.0216 - loss_div=0.0 - threshold=1.0 - loss=6.714
[2026-03-30 11:22:16](logger.py 179): id=CC_FMNIST_C10CFG_K20_E100_DT_1_0 | Ep. 38/100 - Step 25/273 (2.57 it/s) |#                   | - loss_cc=4.571 - loss_ce=2.106 - loss_ne=0.02 - loss_div=0.0 - threshold=1.0 - loss=6.697
[2026-03-30 11:22:26](logger.py 179): id=CC_FMNIST_C10CFG_K20_E100_DT_1_0 | Ep. 38/100 - Step 50/273 (2.57 it/s) |###                 | - loss_cc=4.569 - loss_ce=2.105 - loss_ne=0.0196 - loss_div=0.0 - threshold=1.0 - loss=6.694
[2026-03-30 11:22:36](logger.py 179): id=CC_FMNIST_C10CFG_K20_E100_DT_1_0 | Ep. 38/100 - Step 75/273 (2.56 it/s) |#####               | - loss_cc=4.567 - loss_ce=2.105 - loss_ne=0.0178 - loss_div=0.0 - threshold=1.0 - loss=6.69
[2026-03-30 11:22:45](logger.py 179): id=CC_FMNIST_C10CFG_K20_E100_DT_1_0 | Ep. 38/100 - Step 100/273 (2.57 it/s) |#######             | - loss_cc=4.571 - loss_ce=2.106 - loss_ne=0.0174 - loss_div=0.0 - threshold=1.0 - loss=6.694
[2026-03-30 11:22:55](logger.py 179): id=CC_FMNIST_C10CFG_K20_E100_DT_1_0 | Ep. 38/100 - Step 125/273 (2.56 it/s) |#########           | - loss_cc=4.572 - loss_ce=2.106 - loss_ne=0.0179 - loss_div=0.0 - threshold=1.0 - loss=6.695
[2026-03-30 11:23:05](logger.py 179): id=CC_FMNIST_C10CFG_K20_E100_DT_1_0 | Ep. 38/100 - Step 150/273 (2.56 it/s) |##########          | - loss_cc=4.572 - loss_ce=2.105 - loss_ne=0.0177 - loss_div=0.0 - threshold=1.0 - loss=6.695
[2026-03-30 11:23:15](logger.py 179): id=CC_FMNIST_C10CFG_K20_E100_DT_1_0 | Ep. 38/100 - Step 175/273 (2.56 it/s) |############        | - loss_cc=4.572 - loss_ce=2.106 - loss_ne=0.0177 - loss_div=0.0 - threshold=1.0 - loss=6.695
[2026-03-30 11:23:24](logger.py 179): id=CC_FMNIST_C10CFG_K20_E100_DT_1_0 | Ep. 38/100 - Step 200/273 (2.56 it/s) |##############      | - loss_cc=4.572 - loss_ce=2.106 - loss_ne=0.018 - loss_div=0.0 - threshold=1.0 - loss=6.695
[2026-03-30 11:23:34](logger.py 179): id=CC_FMNIST_C10CFG_K20_E100_DT_1_0 | Ep. 38/100 - Step 225/273 (2.56 it/s) |################    | - loss_cc=4.572 - loss_ce=2.105 - loss_ne=0.0184 - loss_div=0.0 - threshold=1.0 - loss=6.696
[2026-03-30 11:23:44](logger.py 179): id=CC_FMNIST_C10CFG_K20_E100_DT_1_0 | Ep. 38/100 - Step 250/273 (2.56 it/s) |##################  | - loss_cc=4.572 - loss_ce=2.105 - loss_ne=0.0181 - loss_div=0.0 - threshold=1.0 - loss=6.695
[2026-03-30 11:23:53](logger.py 179): id=CC_FMNIST_C10CFG_K20_E100_DT_1_0 | Ep. 38/100 | Time: 00:01 | loss_cc=4.571 - loss_ce=2.105 - loss_ne=0.0182 - loss_div=0.0 - threshold=1.0 - loss=6.694
[2026-03-30 11:23:54](logger.py 179): id=CC_FMNIST_C10CFG_K20_E100_DT_1_0 | Ep. 39/100 - Step 0/273 (0.0 it/s) |                    | - loss_cc=4.618 - loss_ce=2.107 - loss_ne=0.0225 - loss_div=0.0 - threshold=1.0 - loss=6.747
[2026-03-30 11:24:04](logger.py 179): id=CC_FMNIST_C10CFG_K20_E100_DT_1_0 | Ep. 39/100 - Step 25/273 (2.56 it/s) |#                   | - loss_cc=4.571 - loss_ce=2.103 - loss_ne=0.0179 - loss_div=0.0 - threshold=1.0 - loss=6.691
[2026-03-30 11:24:14](logger.py 179): id=CC_FMNIST_C10CFG_K20_E100_DT_1_0 | Ep. 39/100 - Step 50/273 (2.56 it/s) |###                 | - loss_cc=4.573 - loss_ce=2.105 - loss_ne=0.0185 - loss_div=0.0 - threshold=1.0 - loss=6.697
[2026-03-30 11:24:24](logger.py 179): id=CC_FMNIST_C10CFG_K20_E100_DT_1_0 | Ep. 39/100 - Step 75/273 (2.56 it/s) |#####               | - loss_cc=4.574 - loss_ce=2.106 - loss_ne=0.0183 - loss_div=0.0 - threshold=1.0 - loss=6.698
[2026-03-30 11:24:34](logger.py 179): id=CC_FMNIST_C10CFG_K20_E100_DT_1_0 | Ep. 39/100 - Step 100/273 (2.56 it/s) |#######             | - loss_cc=4.573 - loss_ce=2.105 - loss_ne=0.0179 - loss_div=0.0 - threshold=1.0 - loss=6.696
[2026-03-30 11:24:43](logger.py 179): id=CC_FMNIST_C10CFG_K20_E100_DT_1_0 | Ep. 39/100 - Step 125/273 (2.56 it/s) |#########           | - loss_cc=4.574 - loss_ce=2.106 - loss_ne=0.0186 - loss_div=0.0 - threshold=1.0 - loss=6.698
[2026-03-30 11:24:53](logger.py 179): id=CC_FMNIST_C10CFG_K20_E100_DT_1_0 | Ep. 39/100 - Step 150/273 (2.56 it/s) |##########          | - loss_cc=4.572 - loss_ce=2.105 - loss_ne=0.0182 - loss_div=0.0 - threshold=1.0 - loss=6.696
[2026-03-30 11:25:03](logger.py 179): id=CC_FMNIST_C10CFG_K20_E100_DT_1_0 | Ep. 39/100 - Step 175/273 (2.56 it/s) |############        | - loss_cc=4.571 - loss_ce=2.105 - loss_ne=0.0179 - loss_div=0.0 - threshold=1.0 - loss=6.694
[2026-03-30 11:25:13](logger.py 179): id=CC_FMNIST_C10CFG_K20_E100_DT_1_0 | Ep. 39/100 - Step 200/273 (2.56 it/s) |##############      | - loss_cc=4.572 - loss_ce=2.106 - loss_ne=0.0179 - loss_div=0.0 - threshold=1.0 - loss=6.695
[2026-03-30 11:25:22](logger.py 179): id=CC_FMNIST_C10CFG_K20_E100_DT_1_0 | Ep. 39/100 - Step 225/273 (2.56 it/s) |################    | - loss_cc=4.571 - loss_ce=2.106 - loss_ne=0.0177 - loss_div=0.0 - threshold=1.0 - loss=6.694
[2026-03-30 11:25:32](logger.py 179): id=CC_FMNIST_C10CFG_K20_E100_DT_1_0 | Ep. 39/100 - Step 250/273 (2.56 it/s) |##################  | - loss_cc=4.571 - loss_ce=2.106 - loss_ne=0.0178 - loss_div=0.0 - threshold=1.0 - loss=6.694
[2026-03-30 11:25:41](logger.py 179): id=CC_FMNIST_C10CFG_K20_E100_DT_1_0 | Ep. 39/100 | Time: 00:01 | loss_cc=4.571 - loss_ce=2.106 - loss_ne=0.0176 - loss_div=0.0 - threshold=1.0 - loss=6.694
[2026-03-30 11:25:43](logger.py 179): id=CC_FMNIST_C10CFG_K20_E100_DT_1_0 | Ep. 40/100 - Step 0/273 (0.0 it/s) |                    | - loss_cc=4.576 - loss_ce=2.111 - loss_ne=0.012 - loss_div=0.0 - threshold=1.0 - loss=6.699
[2026-03-30 11:25:53](logger.py 179): id=CC_FMNIST_C10CFG_K20_E100_DT_1_0 | Ep. 40/100 - Step 25/273 (2.57 it/s) |#                   | - loss_cc=4.564 - loss_ce=2.102 - loss_ne=0.0148 - loss_div=0.0 - threshold=1.0 - loss=6.681
[2026-03-30 11:26:02](logger.py 179): id=CC_FMNIST_C10CFG_K20_E100_DT_1_0 | Ep. 40/100 - Step 50/273 (2.57 it/s) |###                 | - loss_cc=4.567 - loss_ce=2.104 - loss_ne=0.0151 - loss_div=0.0 - threshold=1.0 - loss=6.686
[2026-03-30 11:26:12](logger.py 179): id=CC_FMNIST_C10CFG_K20_E100_DT_1_0 | Ep. 40/100 - Step 75/273 (2.56 it/s) |#####               | - loss_cc=4.567 - loss_ce=2.104 - loss_ne=0.0158 - loss_div=0.0 - threshold=1.0 - loss=6.686
[2026-03-30 11:26:22](logger.py 179): id=CC_FMNIST_C10CFG_K20_E100_DT_1_0 | Ep. 40/100 - Step 100/273 (2.56 it/s) |#######             | - loss_cc=4.567 - loss_ce=2.104 - loss_ne=0.0165 - loss_div=0.0 - threshold=1.0 - loss=6.688
[2026-03-30 11:26:32](logger.py 179): id=CC_FMNIST_C10CFG_K20_E100_DT_1_0 | Ep. 40/100 - Step 125/273 (2.56 it/s) |#########           | - loss_cc=4.568 - loss_ce=2.104 - loss_ne=0.0163 - loss_div=0.0 - threshold=1.0 - loss=6.688
[2026-03-30 11:26:41](logger.py 179): id=CC_FMNIST_C10CFG_K20_E100_DT_1_0 | Ep. 40/100 - Step 150/273 (2.56 it/s) |##########          | - loss_cc=4.567 - loss_ce=2.104 - loss_ne=0.0163 - loss_div=0.0 - threshold=1.0 - loss=6.688
[2026-03-30 11:26:51](logger.py 179): id=CC_FMNIST_C10CFG_K20_E100_DT_1_0 | Ep. 40/100 - Step 175/273 (2.56 it/s) |############        | - loss_cc=4.568 - loss_ce=2.104 - loss_ne=0.0166 - loss_div=0.0 - threshold=1.0 - loss=6.688
[2026-03-30 11:27:01](logger.py 179): id=CC_FMNIST_C10CFG_K20_E100_DT_1_0 | Ep. 40/100 - Step 200/273 (2.56 it/s) |##############      | - loss_cc=4.567 - loss_ce=2.104 - loss_ne=0.0169 - loss_div=0.0 - threshold=1.0 - loss=6.688
[2026-03-30 11:27:11](logger.py 179): id=CC_FMNIST_C10CFG_K20_E100_DT_1_0 | Ep. 40/100 - Step 225/273 (2.56 it/s) |################    | - loss_cc=4.569 - loss_ce=2.104 - loss_ne=0.0171 - loss_div=0.0 - threshold=1.0 - loss=6.69
[2026-03-30 11:27:20](logger.py 179): id=CC_FMNIST_C10CFG_K20_E100_DT_1_0 | Ep. 40/100 - Step 250/273 (2.56 it/s) |##################  | - loss_cc=4.568 - loss_ce=2.104 - loss_ne=0.0172 - loss_div=0.0 - threshold=1.0 - loss=6.69
[2026-03-30 11:27:29](logger.py 179): Evaluating
[2026-03-30 11:27:29](logger.py 179): Eval. step 0 of 274
[2026-03-30 11:27:32](logger.py 179): Eval. step 25 of 274
[2026-03-30 11:27:34](logger.py 179): Eval. step 50 of 274
[2026-03-30 11:27:36](logger.py 179): Eval. step 75 of 274
[2026-03-30 11:27:39](logger.py 179): Eval. step 100 of 274
[2026-03-30 11:27:41](logger.py 179): Eval. step 125 of 274
[2026-03-30 11:27:43](logger.py 179): Eval. step 150 of 274
[2026-03-30 11:27:46](logger.py 179): Eval. step 175 of 274
[2026-03-30 11:27:48](logger.py 179): Eval. step 200 of 274
[2026-03-30 11:27:50](logger.py 179): Eval. step 225 of 274
[2026-03-30 11:27:53](logger.py 179): Eval. step 250 of 274
[2026-03-30 11:27:57](logger.py 179): id=CC_FMNIST_C10CFG_K20_E100_DT_1_0 | Ep. 40/100 | Time: 00:02 | loss_cc=4.569 - loss_ce=2.104 - loss_ne=0.0172 - loss_div=0.0 - threshold=1.0 - loss=6.691 - eval_confidence=0.889 - cluster_acc_0_eval=64.44 - cluster_nmi_0_eval=0.622 - cluster_ari_0_eval=0.512 - cluster_acc_1_eval=64.41 - cluster_nmi_1_eval=0.622 - cluster_ari_1_eval=0.511 - cluster_acc_2_eval=64.42 - cluster_nmi_2_eval=0.622 - cluster_ari_2_eval=0.512 - cluster_acc_3_eval=64.4 - cluster_nmi_3_eval=0.622 - cluster_ari_3_eval=0.512 - cluster_acc_4_eval=64.38 - cluster_nmi_4_eval=0.621 - cluster_ari_4_eval=0.511 - cluster_acc_5_eval=64.48 - cluster_nmi_5_eval=0.622 - cluster_ari_5_eval=0.512 - cluster_acc_6_eval=64.42 - cluster_nmi_6_eval=0.622 - cluster_ari_6_eval=0.513 - cluster_acc_7_eval=64.46 - cluster_nmi_7_eval=0.622 - cluster_ari_7_eval=0.512 - cluster_acc_8_eval=64.41 - cluster_nmi_8_eval=0.621 - cluster_ari_8_eval=0.512 - cluster_acc_9_eval=64.37 - cluster_nmi_9_eval=0.622 - cluster_ari_9_eval=0.512 - cluster_acc_10_eval=64.4 - cluster_nmi_10_eval=0.622 - cluster_ari_10_eval=0.512 - cluster_acc_11_eval=64.41 - cluster_nmi_11_eval=0.621 - cluster_ari_11_eval=0.512 - cluster_acc_12_eval=64.41 - cluster_nmi_12_eval=0.622 - cluster_ari_12_eval=0.512 - cluster_acc_13_eval=64.39 - cluster_nmi_13_eval=0.621 - cluster_ari_13_eval=0.512 - cluster_acc_14_eval=64.37 - cluster_nmi_14_eval=0.622 - cluster_ari_14_eval=0.511 - cluster_acc_15_eval=64.42 - cluster_nmi_15_eval=0.622 - cluster_ari_15_eval=0.512 - cluster_acc_16_eval=64.42 - cluster_nmi_16_eval=0.622 - cluster_ari_16_eval=0.512 - cluster_acc_17_eval=64.42 - cluster_nmi_17_eval=0.621 - cluster_ari_17_eval=0.512 - cluster_acc_18_eval=64.38 - cluster_nmi_18_eval=0.621 - cluster_ari_18_eval=0.511 - cluster_acc_19_eval=64.4 - cluster_nmi_19_eval=0.622 - cluster_ari_19_eval=0.512 - max_cluster_acc_eval=64.48 - mean_cluster_acc_eval=64.41 - min_cluster_acc_eval=64.37 - max_cluster_nmi_eval=0.622 - mean_cluster_nmi_eval=0.622 - min_cluster_nmi_eval=0.621 - max_cluster_ari_eval=0.513 - mean_cluster_ari_eval=0.512 - min_cluster_ari_eval=0.511 - interclustering_nmi_eval=0.981
/scratch/e0538389/DivClust/engine/trainer.py:41: FutureWarning: `torch.cuda.amp.autocast(args...)` is deprecated. Please use `torch.amp.autocast('cuda', args...)` instead.
  with autocast(self.mixed_precision):
[2026-03-30 11:27:59](logger.py 179): id=CC_FMNIST_C10CFG_K20_E100_DT_1_0 | Ep. 41/100 - Step 0/273 (0.0 it/s) |                    | - loss_cc=4.56 - loss_ce=2.099 - loss_ne=0.0259 - loss_div=0.0 - threshold=1.0 - loss=6.685
[2026-03-30 11:28:08](logger.py 179): id=CC_FMNIST_C10CFG_K20_E100_DT_1_0 | Ep. 41/100 - Step 25/273 (2.56 it/s) |#                   | - loss_cc=4.573 - loss_ce=2.105 - loss_ne=0.0167 - loss_div=0.0 - threshold=1.0 - loss=6.695
[2026-03-30 11:28:18](logger.py 179): id=CC_FMNIST_C10CFG_K20_E100_DT_1_0 | Ep. 41/100 - Step 50/273 (2.56 it/s) |###                 | - loss_cc=4.568 - loss_ce=2.106 - loss_ne=0.0165 - loss_div=0.0 - threshold=1.0 - loss=6.691
[2026-03-30 11:28:28](logger.py 179): id=CC_FMNIST_C10CFG_K20_E100_DT_1_0 | Ep. 41/100 - Step 75/273 (2.56 it/s) |#####               | - loss_cc=4.568 - loss_ce=2.105 - loss_ne=0.0172 - loss_div=0.0 - threshold=1.0 - loss=6.69
[2026-03-30 11:28:38](logger.py 179): id=CC_FMNIST_C10CFG_K20_E100_DT_1_0 | Ep. 41/100 - Step 100/273 (2.56 it/s) |#######             | - loss_cc=4.568 - loss_ce=2.105 - loss_ne=0.0175 - loss_div=0.0 - threshold=1.0 - loss=6.691
[2026-03-30 11:28:48](logger.py 179): id=CC_FMNIST_C10CFG_K20_E100_DT_1_0 | Ep. 41/100 - Step 125/273 (2.56 it/s) |#########           | - loss_cc=4.568 - loss_ce=2.105 - loss_ne=0.0174 - loss_div=0.0 - threshold=1.0 - loss=6.691
[2026-03-30 11:28:57](logger.py 179): id=CC_FMNIST_C10CFG_K20_E100_DT_1_0 | Ep. 41/100 - Step 150/273 (2.56 it/s) |##########          | - loss_cc=4.568 - loss_ce=2.105 - loss_ne=0.0172 - loss_div=0.0 - threshold=1.0 - loss=6.691
[2026-03-30 11:29:07](logger.py 179): id=CC_FMNIST_C10CFG_K20_E100_DT_1_0 | Ep. 41/100 - Step 175/273 (2.56 it/s) |############        | - loss_cc=4.568 - loss_ce=2.105 - loss_ne=0.0172 - loss_div=0.0 - threshold=1.0 - loss=6.69
[2026-03-30 11:29:17](logger.py 179): id=CC_FMNIST_C10CFG_K20_E100_DT_1_0 | Ep. 41/100 - Step 200/273 (2.56 it/s) |##############      | - loss_cc=4.569 - loss_ce=2.105 - loss_ne=0.0173 - loss_div=0.0 - threshold=1.0 - loss=6.692
[2026-03-30 11:29:27](logger.py 179): id=CC_FMNIST_C10CFG_K20_E100_DT_1_0 | Ep. 41/100 - Step 225/273 (2.56 it/s) |################    | - loss_cc=4.569 - loss_ce=2.105 - loss_ne=0.0172 - loss_div=0.0 - threshold=1.0 - loss=6.691
[2026-03-30 11:29:36](logger.py 179): id=CC_FMNIST_C10CFG_K20_E100_DT_1_0 | Ep. 41/100 - Step 250/273 (2.56 it/s) |##################  | - loss_cc=4.568 - loss_ce=2.105 - loss_ne=0.0171 - loss_div=0.0 - threshold=1.0 - loss=6.69
[2026-03-30 11:29:45](logger.py 179): id=CC_FMNIST_C10CFG_K20_E100_DT_1_0 | Ep. 41/100 | Time: 00:01 | loss_cc=4.568 - loss_ce=2.105 - loss_ne=0.0172 - loss_div=0.0 - threshold=1.0 - loss=6.69
[2026-03-30 11:29:47](logger.py 179): id=CC_FMNIST_C10CFG_K20_E100_DT_1_0 | Ep. 42/100 - Step 0/273 (0.0 it/s) |                    | - loss_cc=4.551 - loss_ce=2.102 - loss_ne=0.00748 - loss_div=0.0 - threshold=1.0 - loss=6.66
[2026-03-30 11:29:57](logger.py 179): id=CC_FMNIST_C10CFG_K20_E100_DT_1_0 | Ep. 42/100 - Step 25/273 (2.57 it/s) |#                   | - loss_cc=4.565 - loss_ce=2.103 - loss_ne=0.0182 - loss_div=0.0 - threshold=1.0 - loss=6.686
[2026-03-30 11:30:06](logger.py 179): id=CC_FMNIST_C10CFG_K20_E100_DT_1_0 | Ep. 42/100 - Step 50/273 (2.56 it/s) |###                 | - loss_cc=4.565 - loss_ce=2.102 - loss_ne=0.0179 - loss_div=0.0 - threshold=1.0 - loss=6.685
[2026-03-30 11:30:16](logger.py 179): id=CC_FMNIST_C10CFG_K20_E100_DT_1_0 | Ep. 42/100 - Step 75/273 (2.56 it/s) |#####               | - loss_cc=4.567 - loss_ce=2.103 - loss_ne=0.0179 - loss_div=0.0 - threshold=1.0 - loss=6.689
[2026-03-30 11:30:26](logger.py 179): id=CC_FMNIST_C10CFG_K20_E100_DT_1_0 | Ep. 42/100 - Step 100/273 (2.56 it/s) |#######             | - loss_cc=4.566 - loss_ce=2.103 - loss_ne=0.0182 - loss_div=0.0 - threshold=1.0 - loss=6.687
[2026-03-30 11:30:36](logger.py 179): id=CC_FMNIST_C10CFG_K20_E100_DT_1_0 | Ep. 42/100 - Step 125/273 (2.56 it/s) |#########           | - loss_cc=4.566 - loss_ce=2.104 - loss_ne=0.0178 - loss_div=0.0 - threshold=1.0 - loss=6.687
[2026-03-30 11:30:46](logger.py 179): id=CC_FMNIST_C10CFG_K20_E100_DT_1_0 | Ep. 42/100 - Step 150/273 (2.56 it/s) |##########          | - loss_cc=4.566 - loss_ce=2.104 - loss_ne=0.0182 - loss_div=0.0 - threshold=1.0 - loss=6.688
[2026-03-30 11:30:55](logger.py 179): id=CC_FMNIST_C10CFG_K20_E100_DT_1_0 | Ep. 42/100 - Step 175/273 (2.56 it/s) |############        | - loss_cc=4.566 - loss_ce=2.104 - loss_ne=0.0179 - loss_div=0.0 - threshold=1.0 - loss=6.688
[2026-03-30 11:31:05](logger.py 179): id=CC_FMNIST_C10CFG_K20_E100_DT_1_0 | Ep. 42/100 - Step 200/273 (2.56 it/s) |##############      | - loss_cc=4.566 - loss_ce=2.104 - loss_ne=0.018 - loss_div=0.0 - threshold=1.0 - loss=6.689
[2026-03-30 11:31:15](logger.py 179): id=CC_FMNIST_C10CFG_K20_E100_DT_1_0 | Ep. 42/100 - Step 225/273 (2.56 it/s) |################    | - loss_cc=4.566 - loss_ce=2.105 - loss_ne=0.018 - loss_div=0.0 - threshold=1.0 - loss=6.689
[2026-03-30 11:31:25](logger.py 179): id=CC_FMNIST_C10CFG_K20_E100_DT_1_0 | Ep. 42/100 - Step 250/273 (2.56 it/s) |##################  | - loss_cc=4.566 - loss_ce=2.104 - loss_ne=0.0181 - loss_div=0.0 - threshold=1.0 - loss=6.689
[2026-03-30 11:31:33](logger.py 179): id=CC_FMNIST_C10CFG_K20_E100_DT_1_0 | Ep. 42/100 | Time: 00:01 | loss_cc=4.566 - loss_ce=2.104 - loss_ne=0.0181 - loss_div=0.0 - threshold=1.0 - loss=6.688
[2026-03-30 11:31:35](logger.py 179): id=CC_FMNIST_C10CFG_K20_E100_DT_1_0 | Ep. 43/100 - Step 0/273 (0.0 it/s) |                    | - loss_cc=4.572 - loss_ce=2.106 - loss_ne=0.0194 - loss_div=0.0 - threshold=1.0 - loss=6.697
[2026-03-30 11:31:45](logger.py 179): id=CC_FMNIST_C10CFG_K20_E100_DT_1_0 | Ep. 43/100 - Step 25/273 (2.56 it/s) |#                   | - loss_cc=4.562 - loss_ce=2.102 - loss_ne=0.0158 - loss_div=0.0 - threshold=1.0 - loss=6.679
[2026-03-30 11:31:55](logger.py 179): id=CC_FMNIST_C10CFG_K20_E100_DT_1_0 | Ep. 43/100 - Step 50/273 (2.56 it/s) |###                 | - loss_cc=4.564 - loss_ce=2.103 - loss_ne=0.016 - loss_div=0.0 - threshold=1.0 - loss=6.682
[2026-03-30 11:32:04](logger.py 179): id=CC_FMNIST_C10CFG_K20_E100_DT_1_0 | Ep. 43/100 - Step 75/273 (2.56 it/s) |#####               | - loss_cc=4.563 - loss_ce=2.103 - loss_ne=0.0167 - loss_div=0.0 - threshold=1.0 - loss=6.683
[2026-03-30 11:32:14](logger.py 179): id=CC_FMNIST_C10CFG_K20_E100_DT_1_0 | Ep. 43/100 - Step 100/273 (2.56 it/s) |#######             | - loss_cc=4.563 - loss_ce=2.104 - loss_ne=0.0167 - loss_div=0.0 - threshold=1.0 - loss=6.683
[2026-03-30 11:32:24](logger.py 179): id=CC_FMNIST_C10CFG_K20_E100_DT_1_0 | Ep. 43/100 - Step 125/273 (2.56 it/s) |#########           | - loss_cc=4.564 - loss_ce=2.104 - loss_ne=0.0167 - loss_div=0.0 - threshold=1.0 - loss=6.685
[2026-03-30 11:32:34](logger.py 179): id=CC_FMNIST_C10CFG_K20_E100_DT_1_0 | Ep. 43/100 - Step 150/273 (2.56 it/s) |##########          | - loss_cc=4.564 - loss_ce=2.104 - loss_ne=0.0167 - loss_div=0.0 - threshold=1.0 - loss=6.685
[2026-03-30 11:32:43](logger.py 179): id=CC_FMNIST_C10CFG_K20_E100_DT_1_0 | Ep. 43/100 - Step 175/273 (2.56 it/s) |############        | - loss_cc=4.563 - loss_ce=2.104 - loss_ne=0.0165 - loss_div=0.0 - threshold=1.0 - loss=6.683
[2026-03-30 11:32:53](logger.py 179): id=CC_FMNIST_C10CFG_K20_E100_DT_1_0 | Ep. 43/100 - Step 200/273 (2.56 it/s) |##############      | - loss_cc=4.563 - loss_ce=2.104 - loss_ne=0.0165 - loss_div=0.0 - threshold=1.0 - loss=6.684
[2026-03-30 11:33:03](logger.py 179): id=CC_FMNIST_C10CFG_K20_E100_DT_1_0 | Ep. 43/100 - Step 225/273 (2.56 it/s) |################    | - loss_cc=4.563 - loss_ce=2.104 - loss_ne=0.0164 - loss_div=0.0 - threshold=1.0 - loss=6.684
[2026-03-30 11:33:13](logger.py 179): id=CC_FMNIST_C10CFG_K20_E100_DT_1_0 | Ep. 43/100 - Step 250/273 (2.56 it/s) |##################  | - loss_cc=4.564 - loss_ce=2.104 - loss_ne=0.0166 - loss_div=0.0 - threshold=1.0 - loss=6.684
[2026-03-30 11:33:21](logger.py 179): id=CC_FMNIST_C10CFG_K20_E100_DT_1_0 | Ep. 43/100 | Time: 00:01 | loss_cc=4.564 - loss_ce=2.104 - loss_ne=0.0167 - loss_div=0.0 - threshold=1.0 - loss=6.684
[2026-03-30 11:33:23](logger.py 179): id=CC_FMNIST_C10CFG_K20_E100_DT_1_0 | Ep. 44/100 - Step 0/273 (0.0 it/s) |                    | - loss_cc=4.537 - loss_ce=2.101 - loss_ne=0.0191 - loss_div=0.0 - threshold=1.0 - loss=6.657
[2026-03-30 11:33:33](logger.py 179): id=CC_FMNIST_C10CFG_K20_E100_DT_1_0 | Ep. 44/100 - Step 25/273 (2.57 it/s) |#                   | - loss_cc=4.565 - loss_ce=2.105 - loss_ne=0.0217 - loss_div=0.0 - threshold=1.0 - loss=6.691
[2026-03-30 11:33:43](logger.py 179): id=CC_FMNIST_C10CFG_K20_E100_DT_1_0 | Ep. 44/100 - Step 50/273 (2.57 it/s) |###                 | - loss_cc=4.568 - loss_ce=2.106 - loss_ne=0.0199 - loss_div=0.0 - threshold=1.0 - loss=6.694
[2026-03-30 11:33:52](logger.py 179): id=CC_FMNIST_C10CFG_K20_E100_DT_1_0 | Ep. 44/100 - Step 75/273 (2.57 it/s) |#####               | - loss_cc=4.565 - loss_ce=2.105 - loss_ne=0.0189 - loss_div=0.0 - threshold=1.0 - loss=6.688
[2026-03-30 11:34:02](logger.py 179): id=CC_FMNIST_C10CFG_K20_E100_DT_1_0 | Ep. 44/100 - Step 100/273 (2.57 it/s) |#######             | - loss_cc=4.563 - loss_ce=2.104 - loss_ne=0.0191 - loss_div=0.0 - threshold=1.0 - loss=6.686
[2026-03-30 11:34:12](logger.py 179): id=CC_FMNIST_C10CFG_K20_E100_DT_1_0 | Ep. 44/100 - Step 125/273 (2.56 it/s) |#########           | - loss_cc=4.564 - loss_ce=2.104 - loss_ne=0.0189 - loss_div=0.0 - threshold=1.0 - loss=6.687
[2026-03-30 11:34:22](logger.py 179): id=CC_FMNIST_C10CFG_K20_E100_DT_1_0 | Ep. 44/100 - Step 150/273 (2.56 it/s) |##########          | - loss_cc=4.563 - loss_ce=2.104 - loss_ne=0.0192 - loss_div=0.0 - threshold=1.0 - loss=6.686
[2026-03-30 11:34:31](logger.py 179): id=CC_FMNIST_C10CFG_K20_E100_DT_1_0 | Ep. 44/100 - Step 175/273 (2.56 it/s) |############        | - loss_cc=4.565 - loss_ce=2.104 - loss_ne=0.0188 - loss_div=0.0 - threshold=1.0 - loss=6.687
[2026-03-30 11:34:41](logger.py 179): id=CC_FMNIST_C10CFG_K20_E100_DT_1_0 | Ep. 44/100 - Step 200/273 (2.56 it/s) |##############      | - loss_cc=4.564 - loss_ce=2.103 - loss_ne=0.0183 - loss_div=0.0 - threshold=1.0 - loss=6.686
[2026-03-30 11:34:51](logger.py 179): id=CC_FMNIST_C10CFG_K20_E100_DT_1_0 | Ep. 44/100 - Step 225/273 (2.56 it/s) |################    | - loss_cc=4.564 - loss_ce=2.103 - loss_ne=0.0179 - loss_div=0.0 - threshold=1.0 - loss=6.686
[2026-03-30 11:35:01](logger.py 179): id=CC_FMNIST_C10CFG_K20_E100_DT_1_0 | Ep. 44/100 - Step 250/273 (2.56 it/s) |##################  | - loss_cc=4.565 - loss_ce=2.104 - loss_ne=0.0177 - loss_div=0.0 - threshold=1.0 - loss=6.686
[2026-03-30 11:35:09](logger.py 179): id=CC_FMNIST_C10CFG_K20_E100_DT_1_0 | Ep. 44/100 | Time: 00:01 | loss_cc=4.565 - loss_ce=2.104 - loss_ne=0.0176 - loss_div=0.0 - threshold=1.0 - loss=6.686
[2026-03-30 11:35:11](logger.py 179): id=CC_FMNIST_C10CFG_K20_E100_DT_1_0 | Ep. 45/100 - Step 0/273 (0.0 it/s) |                    | - loss_cc=4.58 - loss_ce=2.095 - loss_ne=0.0133 - loss_div=0.0 - threshold=1.0 - loss=6.688
[2026-03-30 11:35:21](logger.py 179): id=CC_FMNIST_C10CFG_K20_E100_DT_1_0 | Ep. 45/100 - Step 25/273 (2.56 it/s) |#                   | - loss_cc=4.561 - loss_ce=2.1 - loss_ne=0.0179 - loss_div=0.0 - threshold=1.0 - loss=6.679
[2026-03-30 11:35:31](logger.py 179): id=CC_FMNIST_C10CFG_K20_E100_DT_1_0 | Ep. 45/100 - Step 50/273 (2.56 it/s) |###                 | - loss_cc=4.56 - loss_ce=2.102 - loss_ne=0.0182 - loss_div=0.0 - threshold=1.0 - loss=6.68
[2026-03-30 11:35:41](logger.py 179): id=CC_FMNIST_C10CFG_K20_E100_DT_1_0 | Ep. 45/100 - Step 75/273 (2.57 it/s) |#####               | - loss_cc=4.561 - loss_ce=2.102 - loss_ne=0.0177 - loss_div=0.0 - threshold=1.0 - loss=6.68
[2026-03-30 11:35:50](logger.py 179): id=CC_FMNIST_C10CFG_K20_E100_DT_1_0 | Ep. 45/100 - Step 100/273 (2.56 it/s) |#######             | - loss_cc=4.562 - loss_ce=2.102 - loss_ne=0.0177 - loss_div=0.0 - threshold=1.0 - loss=6.681
[2026-03-30 11:36:00](logger.py 179): id=CC_FMNIST_C10CFG_K20_E100_DT_1_0 | Ep. 45/100 - Step 125/273 (2.56 it/s) |#########           | - loss_cc=4.561 - loss_ce=2.102 - loss_ne=0.0184 - loss_div=0.0 - threshold=1.0 - loss=6.682
[2026-03-30 11:36:10](logger.py 179): id=CC_FMNIST_C10CFG_K20_E100_DT_1_0 | Ep. 45/100 - Step 150/273 (2.56 it/s) |##########          | - loss_cc=4.561 - loss_ce=2.102 - loss_ne=0.0182 - loss_div=0.0 - threshold=1.0 - loss=6.681
[2026-03-30 11:36:20](logger.py 179): id=CC_FMNIST_C10CFG_K20_E100_DT_1_0 | Ep. 45/100 - Step 175/273 (2.56 it/s) |############        | - loss_cc=4.562 - loss_ce=2.103 - loss_ne=0.0179 - loss_div=0.0 - threshold=1.0 - loss=6.683
[2026-03-30 11:36:30](logger.py 179): id=CC_FMNIST_C10CFG_K20_E100_DT_1_0 | Ep. 45/100 - Step 200/273 (2.56 it/s) |##############      | - loss_cc=4.563 - loss_ce=2.103 - loss_ne=0.018 - loss_div=0.0 - threshold=1.0 - loss=6.683
[2026-03-30 11:36:39](logger.py 179): id=CC_FMNIST_C10CFG_K20_E100_DT_1_0 | Ep. 45/100 - Step 225/273 (2.56 it/s) |################    | - loss_cc=4.563 - loss_ce=2.103 - loss_ne=0.0179 - loss_div=0.0 - threshold=1.0 - loss=6.683
[2026-03-30 11:36:49](logger.py 179): id=CC_FMNIST_C10CFG_K20_E100_DT_1_0 | Ep. 45/100 - Step 250/273 (2.56 it/s) |##################  | - loss_cc=4.562 - loss_ce=2.102 - loss_ne=0.0176 - loss_div=0.0 - threshold=1.0 - loss=6.682
[2026-03-30 11:36:58](logger.py 179): id=CC_FMNIST_C10CFG_K20_E100_DT_1_0 | Ep. 45/100 | Time: 00:01 | loss_cc=4.562 - loss_ce=2.102 - loss_ne=0.0177 - loss_div=0.0 - threshold=1.0 - loss=6.682
[2026-03-30 11:37:00](logger.py 179): id=CC_FMNIST_C10CFG_K20_E100_DT_1_0 | Ep. 46/100 - Step 0/273 (0.0 it/s) |                    | - loss_cc=4.565 - loss_ce=2.096 - loss_ne=0.0122 - loss_div=0.0 - threshold=1.0 - loss=6.673
[2026-03-30 11:37:09](logger.py 179): id=CC_FMNIST_C10CFG_K20_E100_DT_1_0 | Ep. 46/100 - Step 25/273 (2.56 it/s) |#                   | - loss_cc=4.561 - loss_ce=2.101 - loss_ne=0.0167 - loss_div=0.0 - threshold=1.0 - loss=6.679
[2026-03-30 11:37:19](logger.py 179): id=CC_FMNIST_C10CFG_K20_E100_DT_1_0 | Ep. 46/100 - Step 50/273 (2.57 it/s) |###                 | - loss_cc=4.563 - loss_ce=2.104 - loss_ne=0.0171 - loss_div=0.0 - threshold=1.0 - loss=6.683
[2026-03-30 11:37:29](logger.py 179): id=CC_FMNIST_C10CFG_K20_E100_DT_1_0 | Ep. 46/100 - Step 75/273 (2.56 it/s) |#####               | - loss_cc=4.563 - loss_ce=2.104 - loss_ne=0.0174 - loss_div=0.0 - threshold=1.0 - loss=6.684
[2026-03-30 11:37:39](logger.py 179): id=CC_FMNIST_C10CFG_K20_E100_DT_1_0 | Ep. 46/100 - Step 100/273 (2.56 it/s) |#######             | - loss_cc=4.564 - loss_ce=2.103 - loss_ne=0.0177 - loss_div=0.0 - threshold=1.0 - loss=6.685
[2026-03-30 11:37:48](logger.py 179): id=CC_FMNIST_C10CFG_K20_E100_DT_1_0 | Ep. 46/100 - Step 125/273 (2.56 it/s) |#########           | - loss_cc=4.564 - loss_ce=2.104 - loss_ne=0.0175 - loss_div=0.0 - threshold=1.0 - loss=6.685
[2026-03-30 11:37:58](logger.py 179): id=CC_FMNIST_C10CFG_K20_E100_DT_1_0 | Ep. 46/100 - Step 150/273 (2.56 it/s) |##########          | - loss_cc=4.564 - loss_ce=2.103 - loss_ne=0.0174 - loss_div=0.0 - threshold=1.0 - loss=6.684
[2026-03-30 11:38:08](logger.py 179): id=CC_FMNIST_C10CFG_K20_E100_DT_1_0 | Ep. 46/100 - Step 175/273 (2.56 it/s) |############        | - loss_cc=4.564 - loss_ce=2.103 - loss_ne=0.0171 - loss_div=0.0 - threshold=1.0 - loss=6.684
[2026-03-30 11:38:18](logger.py 179): id=CC_FMNIST_C10CFG_K20_E100_DT_1_0 | Ep. 46/100 - Step 200/273 (2.56 it/s) |##############      | - loss_cc=4.564 - loss_ce=2.103 - loss_ne=0.0174 - loss_div=0.0 - threshold=1.0 - loss=6.684
[2026-03-30 11:38:27](logger.py 179): id=CC_FMNIST_C10CFG_K20_E100_DT_1_0 | Ep. 46/100 - Step 225/273 (2.56 it/s) |################    | - loss_cc=4.563 - loss_ce=2.103 - loss_ne=0.0172 - loss_div=0.0 - threshold=1.0 - loss=6.684
[2026-03-30 11:38:37](logger.py 179): id=CC_FMNIST_C10CFG_K20_E100_DT_1_0 | Ep. 46/100 - Step 250/273 (2.56 it/s) |##################  | - loss_cc=4.563 - loss_ce=2.103 - loss_ne=0.0172 - loss_div=0.0 - threshold=1.0 - loss=6.683
[2026-03-30 11:38:46](logger.py 179): id=CC_FMNIST_C10CFG_K20_E100_DT_1_0 | Ep. 46/100 | Time: 00:01 | loss_cc=4.563 - loss_ce=2.103 - loss_ne=0.017 - loss_div=0.0 - threshold=1.0 - loss=6.683
[2026-03-30 11:38:48](logger.py 179): id=CC_FMNIST_C10CFG_K20_E100_DT_1_0 | Ep. 47/100 - Step 0/273 (0.0 it/s) |                    | - loss_cc=4.532 - loss_ce=2.098 - loss_ne=0.025 - loss_div=0.0 - threshold=1.0 - loss=6.655
[2026-03-30 11:38:58](logger.py 179): id=CC_FMNIST_C10CFG_K20_E100_DT_1_0 | Ep. 47/100 - Step 25/273 (2.57 it/s) |#                   | - loss_cc=4.551 - loss_ce=2.097 - loss_ne=0.0171 - loss_div=0.0 - threshold=1.0 - loss=6.665
[2026-03-30 11:39:07](logger.py 179): id=CC_FMNIST_C10CFG_K20_E100_DT_1_0 | Ep. 47/100 - Step 50/273 (2.56 it/s) |###                 | - loss_cc=4.555 - loss_ce=2.099 - loss_ne=0.0162 - loss_div=0.0 - threshold=1.0 - loss=6.671
[2026-03-30 11:39:17](logger.py 179): id=CC_FMNIST_C10CFG_K20_E100_DT_1_0 | Ep. 47/100 - Step 75/273 (2.56 it/s) |#####               | - loss_cc=4.558 - loss_ce=2.101 - loss_ne=0.0161 - loss_div=0.0 - threshold=1.0 - loss=6.675
[2026-03-30 11:39:27](logger.py 179): id=CC_FMNIST_C10CFG_K20_E100_DT_1_0 | Ep. 47/100 - Step 100/273 (2.56 it/s) |#######             | - loss_cc=4.559 - loss_ce=2.101 - loss_ne=0.016 - loss_div=0.0 - threshold=1.0 - loss=6.677
[2026-03-30 11:39:37](logger.py 179): id=CC_FMNIST_C10CFG_K20_E100_DT_1_0 | Ep. 47/100 - Step 125/273 (2.56 it/s) |#########           | - loss_cc=4.56 - loss_ce=2.102 - loss_ne=0.0162 - loss_div=0.0 - threshold=1.0 - loss=6.678
[2026-03-30 11:39:46](logger.py 179): id=CC_FMNIST_C10CFG_K20_E100_DT_1_0 | Ep. 47/100 - Step 150/273 (2.56 it/s) |##########          | - loss_cc=4.56 - loss_ce=2.103 - loss_ne=0.0161 - loss_div=0.0 - threshold=1.0 - loss=6.679
[2026-03-30 11:39:56](logger.py 179): id=CC_FMNIST_C10CFG_K20_E100_DT_1_0 | Ep. 47/100 - Step 175/273 (2.56 it/s) |############        | - loss_cc=4.56 - loss_ce=2.102 - loss_ne=0.0161 - loss_div=0.0 - threshold=1.0 - loss=6.678
[2026-03-30 11:40:06](logger.py 179): id=CC_FMNIST_C10CFG_K20_E100_DT_1_0 | Ep. 47/100 - Step 200/273 (2.56 it/s) |##############      | - loss_cc=4.561 - loss_ce=2.102 - loss_ne=0.0163 - loss_div=0.0 - threshold=1.0 - loss=6.679
[2026-03-30 11:40:16](logger.py 179): id=CC_FMNIST_C10CFG_K20_E100_DT_1_0 | Ep. 47/100 - Step 225/273 (2.56 it/s) |################    | - loss_cc=4.56 - loss_ce=2.102 - loss_ne=0.0165 - loss_div=0.0 - threshold=1.0 - loss=6.679
[2026-03-30 11:40:25](logger.py 179): id=CC_FMNIST_C10CFG_K20_E100_DT_1_0 | Ep. 47/100 - Step 250/273 (2.56 it/s) |##################  | - loss_cc=4.561 - loss_ce=2.103 - loss_ne=0.0165 - loss_div=0.0 - threshold=1.0 - loss=6.68
[2026-03-30 11:40:34](logger.py 179): id=CC_FMNIST_C10CFG_K20_E100_DT_1_0 | Ep. 47/100 | Time: 00:01 | loss_cc=4.561 - loss_ce=2.103 - loss_ne=0.0169 - loss_div=0.0 - threshold=1.0 - loss=6.681
[2026-03-30 11:40:36](logger.py 179): id=CC_FMNIST_C10CFG_K20_E100_DT_1_0 | Ep. 48/100 - Step 0/273 (0.0 it/s) |                    | - loss_cc=4.558 - loss_ce=2.109 - loss_ne=0.0116 - loss_div=0.0 - threshold=1.0 - loss=6.678
[2026-03-30 11:40:46](logger.py 179): id=CC_FMNIST_C10CFG_K20_E100_DT_1_0 | Ep. 48/100 - Step 25/273 (2.55 it/s) |#                   | - loss_cc=4.56 - loss_ce=2.103 - loss_ne=0.0135 - loss_div=0.0 - threshold=1.0 - loss=6.677
[2026-03-30 11:40:55](logger.py 179): id=CC_FMNIST_C10CFG_K20_E100_DT_1_0 | Ep. 48/100 - Step 50/273 (2.55 it/s) |###                 | - loss_cc=4.561 - loss_ce=2.104 - loss_ne=0.0166 - loss_div=0.0 - threshold=1.0 - loss=6.682
[2026-03-30 11:41:05](logger.py 179): id=CC_FMNIST_C10CFG_K20_E100_DT_1_0 | Ep. 48/100 - Step 75/273 (2.55 it/s) |#####               | - loss_cc=4.562 - loss_ce=2.104 - loss_ne=0.0169 - loss_div=0.0 - threshold=1.0 - loss=6.683
[2026-03-30 11:41:15](logger.py 179): id=CC_FMNIST_C10CFG_K20_E100_DT_1_0 | Ep. 48/100 - Step 100/273 (2.55 it/s) |#######             | - loss_cc=4.561 - loss_ce=2.103 - loss_ne=0.0168 - loss_div=0.0 - threshold=1.0 - loss=6.681
[2026-03-30 11:41:25](logger.py 179): id=CC_FMNIST_C10CFG_K20_E100_DT_1_0 | Ep. 48/100 - Step 125/273 (2.55 it/s) |#########           | - loss_cc=4.56 - loss_ce=2.102 - loss_ne=0.0165 - loss_div=0.0 - threshold=1.0 - loss=6.678
[2026-03-30 11:41:35](logger.py 179): id=CC_FMNIST_C10CFG_K20_E100_DT_1_0 | Ep. 48/100 - Step 150/273 (2.55 it/s) |##########          | - loss_cc=4.559 - loss_ce=2.102 - loss_ne=0.0168 - loss_div=0.0 - threshold=1.0 - loss=6.678
[2026-03-30 11:41:44](logger.py 179): id=CC_FMNIST_C10CFG_K20_E100_DT_1_0 | Ep. 48/100 - Step 175/273 (2.55 it/s) |############        | - loss_cc=4.559 - loss_ce=2.102 - loss_ne=0.0167 - loss_div=0.0 - threshold=1.0 - loss=6.678
[2026-03-30 11:41:54](logger.py 179): id=CC_FMNIST_C10CFG_K20_E100_DT_1_0 | Ep. 48/100 - Step 200/273 (2.55 it/s) |##############      | - loss_cc=4.559 - loss_ce=2.102 - loss_ne=0.0168 - loss_div=0.0 - threshold=1.0 - loss=6.678
[2026-03-30 11:42:04](logger.py 179): id=CC_FMNIST_C10CFG_K20_E100_DT_1_0 | Ep. 48/100 - Step 225/273 (2.55 it/s) |################    | - loss_cc=4.559 - loss_ce=2.102 - loss_ne=0.0167 - loss_div=0.0 - threshold=1.0 - loss=6.677
[2026-03-30 11:42:14](logger.py 179): id=CC_FMNIST_C10CFG_K20_E100_DT_1_0 | Ep. 48/100 - Step 250/273 (2.55 it/s) |##################  | - loss_cc=4.558 - loss_ce=2.102 - loss_ne=0.0167 - loss_div=0.0 - threshold=1.0 - loss=6.676
[2026-03-30 11:42:22](logger.py 179): id=CC_FMNIST_C10CFG_K20_E100_DT_1_0 | Ep. 48/100 | Time: 00:01 | loss_cc=4.558 - loss_ce=2.102 - loss_ne=0.0166 - loss_div=0.0 - threshold=1.0 - loss=6.677
[2026-03-30 11:42:24](logger.py 179): id=CC_FMNIST_C10CFG_K20_E100_DT_1_0 | Ep. 49/100 - Step 0/273 (0.0 it/s) |                    | - loss_cc=4.556 - loss_ce=2.099 - loss_ne=0.00392 - loss_div=0.0 - threshold=1.0 - loss=6.659
[2026-03-30 11:42:34](logger.py 179): id=CC_FMNIST_C10CFG_K20_E100_DT_1_0 | Ep. 49/100 - Step 25/273 (2.57 it/s) |#                   | - loss_cc=4.562 - loss_ce=2.106 - loss_ne=0.0181 - loss_div=0.0 - threshold=1.0 - loss=6.686
[2026-03-30 11:42:44](logger.py 179): id=CC_FMNIST_C10CFG_K20_E100_DT_1_0 | Ep. 49/100 - Step 50/273 (2.56 it/s) |###                 | - loss_cc=4.557 - loss_ce=2.104 - loss_ne=0.0173 - loss_div=0.0 - threshold=1.0 - loss=6.678
[2026-03-30 11:42:54](logger.py 179): id=CC_FMNIST_C10CFG_K20_E100_DT_1_0 | Ep. 49/100 - Step 75/273 (2.56 it/s) |#####               | - loss_cc=4.557 - loss_ce=2.102 - loss_ne=0.0165 - loss_div=0.0 - threshold=1.0 - loss=6.676
[2026-03-30 11:43:03](logger.py 179): id=CC_FMNIST_C10CFG_K20_E100_DT_1_0 | Ep. 49/100 - Step 100/273 (2.56 it/s) |#######             | - loss_cc=4.556 - loss_ce=2.102 - loss_ne=0.0163 - loss_div=0.0 - threshold=1.0 - loss=6.674
[2026-03-30 11:43:13](logger.py 179): id=CC_FMNIST_C10CFG_K20_E100_DT_1_0 | Ep. 49/100 - Step 125/273 (2.56 it/s) |#########           | - loss_cc=4.554 - loss_ce=2.101 - loss_ne=0.0167 - loss_div=0.0 - threshold=1.0 - loss=6.672
[2026-03-30 11:43:23](logger.py 179): id=CC_FMNIST_C10CFG_K20_E100_DT_1_0 | Ep. 49/100 - Step 150/273 (2.56 it/s) |##########          | - loss_cc=4.555 - loss_ce=2.102 - loss_ne=0.0163 - loss_div=0.0 - threshold=1.0 - loss=6.673
[2026-03-30 11:43:33](logger.py 179): id=CC_FMNIST_C10CFG_K20_E100_DT_1_0 | Ep. 49/100 - Step 175/273 (2.56 it/s) |############        | - loss_cc=4.556 - loss_ce=2.102 - loss_ne=0.0161 - loss_div=0.0 - threshold=1.0 - loss=6.674
[2026-03-30 11:43:42](logger.py 179): id=CC_FMNIST_C10CFG_K20_E100_DT_1_0 | Ep. 49/100 - Step 200/273 (2.56 it/s) |##############      | - loss_cc=4.556 - loss_ce=2.102 - loss_ne=0.0158 - loss_div=0.0 - threshold=1.0 - loss=6.673
[2026-03-30 11:43:52](logger.py 179): id=CC_FMNIST_C10CFG_K20_E100_DT_1_0 | Ep. 49/100 - Step 225/273 (2.56 it/s) |################    | - loss_cc=4.556 - loss_ce=2.102 - loss_ne=0.016 - loss_div=0.0 - threshold=1.0 - loss=6.674
[2026-03-30 11:44:02](logger.py 179): id=CC_FMNIST_C10CFG_K20_E100_DT_1_0 | Ep. 49/100 - Step 250/273 (2.56 it/s) |##################  | - loss_cc=4.557 - loss_ce=2.102 - loss_ne=0.0161 - loss_div=0.0 - threshold=1.0 - loss=6.675
[2026-03-30 11:44:11](logger.py 179): id=CC_FMNIST_C10CFG_K20_E100_DT_1_0 | Ep. 49/100 | Time: 00:01 | loss_cc=4.556 - loss_ce=2.102 - loss_ne=0.0162 - loss_div=0.0 - threshold=1.0 - loss=6.674
[2026-03-30 11:44:13](logger.py 179): id=CC_FMNIST_C10CFG_K20_E100_DT_1_0 | Ep. 50/100 - Step 0/273 (0.0 it/s) |                    | - loss_cc=4.552 - loss_ce=2.086 - loss_ne=0.0111 - loss_div=0.0 - threshold=1.0 - loss=6.649
[2026-03-30 11:44:22](logger.py 179): id=CC_FMNIST_C10CFG_K20_E100_DT_1_0 | Ep. 50/100 - Step 25/273 (2.57 it/s) |#                   | - loss_cc=4.553 - loss_ce=2.103 - loss_ne=0.0162 - loss_div=0.0 - threshold=1.0 - loss=6.673
[2026-03-30 11:44:32](logger.py 179): id=CC_FMNIST_C10CFG_K20_E100_DT_1_0 | Ep. 50/100 - Step 50/273 (2.56 it/s) |###                 | - loss_cc=4.554 - loss_ce=2.102 - loss_ne=0.0166 - loss_div=0.0 - threshold=1.0 - loss=6.673
[2026-03-30 11:44:42](logger.py 179): id=CC_FMNIST_C10CFG_K20_E100_DT_1_0 | Ep. 50/100 - Step 75/273 (2.56 it/s) |#####               | - loss_cc=4.554 - loss_ce=2.101 - loss_ne=0.0166 - loss_div=0.0 - threshold=1.0 - loss=6.671
[2026-03-30 11:44:52](logger.py 179): id=CC_FMNIST_C10CFG_K20_E100_DT_1_0 | Ep. 50/100 - Step 100/273 (2.56 it/s) |#######             | - loss_cc=4.552 - loss_ce=2.1 - loss_ne=0.0168 - loss_div=0.0 - threshold=1.0 - loss=6.669
[2026-03-30 11:45:01](logger.py 179): id=CC_FMNIST_C10CFG_K20_E100_DT_1_0 | Ep. 50/100 - Step 125/273 (2.56 it/s) |#########           | - loss_cc=4.553 - loss_ce=2.101 - loss_ne=0.0167 - loss_div=0.0 - threshold=1.0 - loss=6.671
[2026-03-30 11:45:11](logger.py 179): id=CC_FMNIST_C10CFG_K20_E100_DT_1_0 | Ep. 50/100 - Step 150/273 (2.56 it/s) |##########          | - loss_cc=4.553 - loss_ce=2.101 - loss_ne=0.0167 - loss_div=0.0 - threshold=1.0 - loss=6.671
[2026-03-30 11:45:21](logger.py 179): id=CC_FMNIST_C10CFG_K20_E100_DT_1_0 | Ep. 50/100 - Step 175/273 (2.56 it/s) |############        | - loss_cc=4.555 - loss_ce=2.101 - loss_ne=0.0166 - loss_div=0.0 - threshold=1.0 - loss=6.673
[2026-03-30 11:45:31](logger.py 179): id=CC_FMNIST_C10CFG_K20_E100_DT_1_0 | Ep. 50/100 - Step 200/273 (2.56 it/s) |##############      | - loss_cc=4.555 - loss_ce=2.101 - loss_ne=0.0164 - loss_div=0.0 - threshold=1.0 - loss=6.672
[2026-03-30 11:45:40](logger.py 179): id=CC_FMNIST_C10CFG_K20_E100_DT_1_0 | Ep. 50/100 - Step 225/273 (2.56 it/s) |################    | - loss_cc=4.554 - loss_ce=2.101 - loss_ne=0.0165 - loss_div=0.0 - threshold=1.0 - loss=6.672
[2026-03-30 11:45:50](logger.py 179): id=CC_FMNIST_C10CFG_K20_E100_DT_1_0 | Ep. 50/100 - Step 250/273 (2.56 it/s) |##################  | - loss_cc=4.554 - loss_ce=2.101 - loss_ne=0.0166 - loss_div=0.0 - threshold=1.0 - loss=6.672
[2026-03-30 11:45:59](logger.py 179): Evaluating
[2026-03-30 11:45:59](logger.py 179): Eval. step 0 of 274
[2026-03-30 11:46:02](logger.py 179): Eval. step 25 of 274
[2026-03-30 11:46:04](logger.py 179): Eval. step 50 of 274
[2026-03-30 11:46:06](logger.py 179): Eval. step 75 of 274
[2026-03-30 11:46:09](logger.py 179): Eval. step 100 of 274
[2026-03-30 11:46:11](logger.py 179): Eval. step 125 of 274
[2026-03-30 11:46:13](logger.py 179): Eval. step 150 of 274
[2026-03-30 11:46:16](logger.py 179): Eval. step 175 of 274
[2026-03-30 11:46:18](logger.py 179): Eval. step 200 of 274
[2026-03-30 11:46:20](logger.py 179): Eval. step 225 of 274
[2026-03-30 11:46:23](logger.py 179): Eval. step 250 of 274
[2026-03-30 11:46:26](logger.py 179): id=CC_FMNIST_C10CFG_K20_E100_DT_1_0 | Ep. 50/100 | Time: 00:02 | loss_cc=4.554 - loss_ce=2.101 - loss_ne=0.0165 - loss_div=0.0 - threshold=1.0 - loss=6.672 - eval_confidence=0.897 - cluster_acc_0_eval=64.69 - cluster_nmi_0_eval=0.62 - cluster_ari_0_eval=0.518 - cluster_acc_1_eval=64.64 - cluster_nmi_1_eval=0.619 - cluster_ari_1_eval=0.517 - cluster_acc_2_eval=64.73 - cluster_nmi_2_eval=0.62 - cluster_ari_2_eval=0.518 - cluster_acc_3_eval=64.66 - cluster_nmi_3_eval=0.619 - cluster_ari_3_eval=0.518 - cluster_acc_4_eval=64.63 - cluster_nmi_4_eval=0.619 - cluster_ari_4_eval=0.517 - cluster_acc_5_eval=64.63 - cluster_nmi_5_eval=0.619 - cluster_ari_5_eval=0.517 - cluster_acc_6_eval=64.71 - cluster_nmi_6_eval=0.62 - cluster_ari_6_eval=0.519 - cluster_acc_7_eval=64.66 - cluster_nmi_7_eval=0.619 - cluster_ari_7_eval=0.518 - cluster_acc_8_eval=64.7 - cluster_nmi_8_eval=0.62 - cluster_ari_8_eval=0.518 - cluster_acc_9_eval=64.68 - cluster_nmi_9_eval=0.619 - cluster_ari_9_eval=0.518 - cluster_acc_10_eval=64.65 - cluster_nmi_10_eval=0.619 - cluster_ari_10_eval=0.518 - cluster_acc_11_eval=64.66 - cluster_nmi_11_eval=0.62 - cluster_ari_11_eval=0.518 - cluster_acc_12_eval=64.63 - cluster_nmi_12_eval=0.619 - cluster_ari_12_eval=0.518 - cluster_acc_13_eval=64.67 - cluster_nmi_13_eval=0.62 - cluster_ari_13_eval=0.519 - cluster_acc_14_eval=64.7 - cluster_nmi_14_eval=0.62 - cluster_ari_14_eval=0.518 - cluster_acc_15_eval=64.63 - cluster_nmi_15_eval=0.62 - cluster_ari_15_eval=0.518 - cluster_acc_16_eval=64.64 - cluster_nmi_16_eval=0.619 - cluster_ari_16_eval=0.518 - cluster_acc_17_eval=64.69 - cluster_nmi_17_eval=0.62 - cluster_ari_17_eval=0.518 - cluster_acc_18_eval=64.68 - cluster_nmi_18_eval=0.619 - cluster_ari_18_eval=0.518 - cluster_acc_19_eval=64.66 - cluster_nmi_19_eval=0.619 - cluster_ari_19_eval=0.518 - max_cluster_acc_eval=64.73 - mean_cluster_acc_eval=64.67 - min_cluster_acc_eval=64.63 - max_cluster_nmi_eval=0.62 - mean_cluster_nmi_eval=0.62 - min_cluster_nmi_eval=0.619 - max_cluster_ari_eval=0.519 - mean_cluster_ari_eval=0.518 - min_cluster_ari_eval=0.517 - interclustering_nmi_eval=0.98
/scratch/e0538389/DivClust/engine/trainer.py:41: FutureWarning: `torch.cuda.amp.autocast(args...)` is deprecated. Please use `torch.amp.autocast('cuda', args...)` instead.
  with autocast(self.mixed_precision):
[2026-03-30 11:46:28](logger.py 179): id=CC_FMNIST_C10CFG_K20_E100_DT_1_0 | Ep. 51/100 - Step 0/273 (0.0 it/s) |                    | - loss_cc=4.545 - loss_ce=2.085 - loss_ne=0.00852 - loss_div=0.0 - threshold=1.0 - loss=6.639
[2026-03-30 11:46:38](logger.py 179): id=CC_FMNIST_C10CFG_K20_E100_DT_1_0 | Ep. 51/100 - Step 25/273 (2.56 it/s) |#                   | - loss_cc=4.563 - loss_ce=2.102 - loss_ne=0.0162 - loss_div=0.0 - threshold=1.0 - loss=6.681
[2026-03-30 11:46:48](logger.py 179): id=CC_FMNIST_C10CFG_K20_E100_DT_1_0 | Ep. 51/100 - Step 50/273 (2.56 it/s) |###                 | - loss_cc=4.561 - loss_ce=2.104 - loss_ne=0.0169 - loss_div=0.0 - threshold=1.0 - loss=6.682
[2026-03-30 11:46:58](logger.py 179): id=CC_FMNIST_C10CFG_K20_E100_DT_1_0 | Ep. 51/100 - Step 75/273 (2.56 it/s) |#####               | - loss_cc=4.559 - loss_ce=2.103 - loss_ne=0.0173 - loss_div=0.0 - threshold=1.0 - loss=6.679
[2026-03-30 11:47:07](logger.py 179): id=CC_FMNIST_C10CFG_K20_E100_DT_1_0 | Ep. 51/100 - Step 100/273 (2.56 it/s) |#######             | - loss_cc=4.558 - loss_ce=2.102 - loss_ne=0.0175 - loss_div=0.0 - threshold=1.0 - loss=6.678
[2026-03-30 11:47:17](logger.py 179): id=CC_FMNIST_C10CFG_K20_E100_DT_1_0 | Ep. 51/100 - Step 125/273 (2.56 it/s) |#########           | - loss_cc=4.557 - loss_ce=2.102 - loss_ne=0.0172 - loss_div=0.0 - threshold=1.0 - loss=6.676
[2026-03-30 11:47:27](logger.py 179): id=CC_FMNIST_C10CFG_K20_E100_DT_1_0 | Ep. 51/100 - Step 150/273 (2.56 it/s) |##########          | - loss_cc=4.555 - loss_ce=2.101 - loss_ne=0.0172 - loss_div=0.0 - threshold=1.0 - loss=6.674
[2026-03-30 11:47:37](logger.py 179): id=CC_FMNIST_C10CFG_K20_E100_DT_1_0 | Ep. 51/100 - Step 175/273 (2.56 it/s) |############        | - loss_cc=4.555 - loss_ce=2.101 - loss_ne=0.0169 - loss_div=0.0 - threshold=1.0 - loss=6.673
[2026-03-30 11:47:46](logger.py 179): id=CC_FMNIST_C10CFG_K20_E100_DT_1_0 | Ep. 51/100 - Step 200/273 (2.56 it/s) |##############      | - loss_cc=4.555 - loss_ce=2.101 - loss_ne=0.0169 - loss_div=0.0 - threshold=1.0 - loss=6.673
[2026-03-30 11:47:56](logger.py 179): id=CC_FMNIST_C10CFG_K20_E100_DT_1_0 | Ep. 51/100 - Step 225/273 (2.56 it/s) |################    | - loss_cc=4.555 - loss_ce=2.101 - loss_ne=0.017 - loss_div=0.0 - threshold=1.0 - loss=6.673
[2026-03-30 11:48:06](logger.py 179): id=CC_FMNIST_C10CFG_K20_E100_DT_1_0 | Ep. 51/100 - Step 250/273 (2.56 it/s) |##################  | - loss_cc=4.555 - loss_ce=2.101 - loss_ne=0.017 - loss_div=0.0 - threshold=1.0 - loss=6.673
[2026-03-30 11:48:15](logger.py 179): id=CC_FMNIST_C10CFG_K20_E100_DT_1_0 | Ep. 51/100 | Time: 00:01 | loss_cc=4.554 - loss_ce=2.101 - loss_ne=0.0169 - loss_div=0.0 - threshold=1.0 - loss=6.672
[2026-03-30 11:48:17](logger.py 179): id=CC_FMNIST_C10CFG_K20_E100_DT_1_0 | Ep. 52/100 - Step 0/273 (0.0 it/s) |                    | - loss_cc=4.586 - loss_ce=2.123 - loss_ne=0.0115 - loss_div=0.0 - threshold=1.0 - loss=6.72
[2026-03-30 11:48:26](logger.py 179): id=CC_FMNIST_C10CFG_K20_E100_DT_1_0 | Ep. 52/100 - Step 25/273 (2.56 it/s) |#                   | - loss_cc=4.554 - loss_ce=2.102 - loss_ne=0.017 - loss_div=0.0 - threshold=1.0 - loss=6.673
[2026-03-30 11:48:36](logger.py 179): id=CC_FMNIST_C10CFG_K20_E100_DT_1_0 | Ep. 52/100 - Step 50/273 (2.56 it/s) |###                 | - loss_cc=4.555 - loss_ce=2.101 - loss_ne=0.0162 - loss_div=0.0 - threshold=1.0 - loss=6.672
[2026-03-30 11:48:46](logger.py 179): id=CC_FMNIST_C10CFG_K20_E100_DT_1_0 | Ep. 52/100 - Step 75/273 (2.56 it/s) |#####               | - loss_cc=4.555 - loss_ce=2.101 - loss_ne=0.0162 - loss_div=0.0 - threshold=1.0 - loss=6.673
[2026-03-30 11:48:56](logger.py 179): id=CC_FMNIST_C10CFG_K20_E100_DT_1_0 | Ep. 52/100 - Step 100/273 (2.56 it/s) |#######             | - loss_cc=4.556 - loss_ce=2.101 - loss_ne=0.0175 - loss_div=0.0 - threshold=1.0 - loss=6.674
[2026-03-30 11:49:05](logger.py 179): id=CC_FMNIST_C10CFG_K20_E100_DT_1_0 | Ep. 52/100 - Step 125/273 (2.56 it/s) |#########           | - loss_cc=4.556 - loss_ce=2.101 - loss_ne=0.0172 - loss_div=0.0 - threshold=1.0 - loss=6.674
[2026-03-30 11:49:15](logger.py 179): id=CC_FMNIST_C10CFG_K20_E100_DT_1_0 | Ep. 52/100 - Step 150/273 (2.56 it/s) |##########          | - loss_cc=4.554 - loss_ce=2.101 - loss_ne=0.0166 - loss_div=0.0 - threshold=1.0 - loss=6.671
[2026-03-30 11:49:25](logger.py 179): id=CC_FMNIST_C10CFG_K20_E100_DT_1_0 | Ep. 52/100 - Step 175/273 (2.56 it/s) |############        | - loss_cc=4.553 - loss_ce=2.101 - loss_ne=0.0166 - loss_div=0.0 - threshold=1.0 - loss=6.671
[2026-03-30 11:49:35](logger.py 179): id=CC_FMNIST_C10CFG_K20_E100_DT_1_0 | Ep. 52/100 - Step 200/273 (2.56 it/s) |##############      | - loss_cc=4.553 - loss_ce=2.101 - loss_ne=0.0162 - loss_div=0.0 - threshold=1.0 - loss=6.67
[2026-03-30 11:49:44](logger.py 179): id=CC_FMNIST_C10CFG_K20_E100_DT_1_0 | Ep. 52/100 - Step 225/273 (2.56 it/s) |################    | - loss_cc=4.553 - loss_ce=2.101 - loss_ne=0.0162 - loss_div=0.0 - threshold=1.0 - loss=6.67
[2026-03-30 11:49:54](logger.py 179): id=CC_FMNIST_C10CFG_K20_E100_DT_1_0 | Ep. 52/100 - Step 250/273 (2.56 it/s) |##################  | - loss_cc=4.552 - loss_ce=2.101 - loss_ne=0.0161 - loss_div=0.0 - threshold=1.0 - loss=6.669
[2026-03-30 11:50:03](logger.py 179): id=CC_FMNIST_C10CFG_K20_E100_DT_1_0 | Ep. 52/100 | Time: 00:01 | loss_cc=4.552 - loss_ce=2.101 - loss_ne=0.0164 - loss_div=0.0 - threshold=1.0 - loss=6.669
[2026-03-30 11:50:05](logger.py 179): id=CC_FMNIST_C10CFG_K20_E100_DT_1_0 | Ep. 53/100 - Step 0/273 (0.0 it/s) |                    | - loss_cc=4.56 - loss_ce=2.101 - loss_ne=0.00285 - loss_div=0.0 - threshold=1.0 - loss=6.664
[2026-03-30 11:50:15](logger.py 179): id=CC_FMNIST_C10CFG_K20_E100_DT_1_0 | Ep. 53/100 - Step 25/273 (2.57 it/s) |#                   | - loss_cc=4.557 - loss_ce=2.102 - loss_ne=0.0178 - loss_div=0.0 - threshold=1.0 - loss=6.676
[2026-03-30 11:50:24](logger.py 179): id=CC_FMNIST_C10CFG_K20_E100_DT_1_0 | Ep. 53/100 - Step 50/273 (2.57 it/s) |###                 | - loss_cc=4.554 - loss_ce=2.102 - loss_ne=0.019 - loss_div=0.0 - threshold=1.0 - loss=6.675
[2026-03-30 11:50:34](logger.py 179): id=CC_FMNIST_C10CFG_K20_E100_DT_1_0 | Ep. 53/100 - Step 75/273 (2.56 it/s) |#####               | - loss_cc=4.553 - loss_ce=2.101 - loss_ne=0.0174 - loss_div=0.0 - threshold=1.0 - loss=6.672
[2026-03-30 11:50:44](logger.py 179): id=CC_FMNIST_C10CFG_K20_E100_DT_1_0 | Ep. 53/100 - Step 100/273 (2.56 it/s) |#######             | - loss_cc=4.551 - loss_ce=2.1 - loss_ne=0.0166 - loss_div=0.0 - threshold=1.0 - loss=6.668
[2026-03-30 11:50:54](logger.py 179): id=CC_FMNIST_C10CFG_K20_E100_DT_1_0 | Ep. 53/100 - Step 125/273 (2.56 it/s) |#########           | - loss_cc=4.552 - loss_ce=2.1 - loss_ne=0.0163 - loss_div=0.0 - threshold=1.0 - loss=6.668
[2026-03-30 11:51:03](logger.py 179): id=CC_FMNIST_C10CFG_K20_E100_DT_1_0 | Ep. 53/100 - Step 150/273 (2.56 it/s) |##########          | - loss_cc=4.553 - loss_ce=2.101 - loss_ne=0.0169 - loss_div=0.0 - threshold=1.0 - loss=6.671
[2026-03-30 11:51:13](logger.py 179): id=CC_FMNIST_C10CFG_K20_E100_DT_1_0 | Ep. 53/100 - Step 175/273 (2.56 it/s) |############        | - loss_cc=4.552 - loss_ce=2.101 - loss_ne=0.0167 - loss_div=0.0 - threshold=1.0 - loss=6.67
[2026-03-30 11:51:23](logger.py 179): id=CC_FMNIST_C10CFG_K20_E100_DT_1_0 | Ep. 53/100 - Step 200/273 (2.56 it/s) |##############      | - loss_cc=4.552 - loss_ce=2.101 - loss_ne=0.0168 - loss_div=0.0 - threshold=1.0 - loss=6.669
[2026-03-30 11:51:33](logger.py 179): id=CC_FMNIST_C10CFG_K20_E100_DT_1_0 | Ep. 53/100 - Step 225/273 (2.56 it/s) |################    | - loss_cc=4.551 - loss_ce=2.101 - loss_ne=0.0169 - loss_div=0.0 - threshold=1.0 - loss=6.669
[2026-03-30 11:51:43](logger.py 179): id=CC_FMNIST_C10CFG_K20_E100_DT_1_0 | Ep. 53/100 - Step 250/273 (2.56 it/s) |##################  | - loss_cc=4.551 - loss_ce=2.1 - loss_ne=0.0171 - loss_div=0.0 - threshold=1.0 - loss=6.669
[2026-03-30 11:51:51](logger.py 179): id=CC_FMNIST_C10CFG_K20_E100_DT_1_0 | Ep. 53/100 | Time: 00:01 | loss_cc=4.552 - loss_ce=2.1 - loss_ne=0.0171 - loss_div=0.0 - threshold=1.0 - loss=6.669
[2026-03-30 11:51:53](logger.py 179): id=CC_FMNIST_C10CFG_K20_E100_DT_1_0 | Ep. 54/100 - Step 0/273 (0.0 it/s) |                    | - loss_cc=4.528 - loss_ce=2.09 - loss_ne=0.0195 - loss_div=0.0 - threshold=1.0 - loss=6.638
[2026-03-30 11:52:03](logger.py 179): id=CC_FMNIST_C10CFG_K20_E100_DT_1_0 | Ep. 54/100 - Step 25/273 (2.57 it/s) |#                   | - loss_cc=4.554 - loss_ce=2.102 - loss_ne=0.0159 - loss_div=0.0 - threshold=1.0 - loss=6.671
[2026-03-30 11:52:13](logger.py 179): id=CC_FMNIST_C10CFG_K20_E100_DT_1_0 | Ep. 54/100 - Step 50/273 (2.57 it/s) |###                 | - loss_cc=4.547 - loss_ce=2.099 - loss_ne=0.0153 - loss_div=0.0 - threshold=1.0 - loss=6.662
[2026-03-30 11:52:22](logger.py 179): id=CC_FMNIST_C10CFG_K20_E100_DT_1_0 | Ep. 54/100 - Step 75/273 (2.56 it/s) |#####               | - loss_cc=4.548 - loss_ce=2.1 - loss_ne=0.016 - loss_div=0.0 - threshold=1.0 - loss=6.664
[2026-03-30 11:52:32](logger.py 179): id=CC_FMNIST_C10CFG_K20_E100_DT_1_0 | Ep. 54/100 - Step 100/273 (2.56 it/s) |#######             | - loss_cc=4.549 - loss_ce=2.1 - loss_ne=0.0168 - loss_div=0.0 - threshold=1.0 - loss=6.666
[2026-03-30 11:52:42](logger.py 179): id=CC_FMNIST_C10CFG_K20_E100_DT_1_0 | Ep. 54/100 - Step 125/273 (2.56 it/s) |#########           | - loss_cc=4.55 - loss_ce=2.1 - loss_ne=0.0163 - loss_div=0.0 - threshold=1.0 - loss=6.666
[2026-03-30 11:52:52](logger.py 179): id=CC_FMNIST_C10CFG_K20_E100_DT_1_0 | Ep. 54/100 - Step 150/273 (2.56 it/s) |##########          | - loss_cc=4.551 - loss_ce=2.1 - loss_ne=0.0165 - loss_div=0.0 - threshold=1.0 - loss=6.667
[2026-03-30 11:53:01](logger.py 179): id=CC_FMNIST_C10CFG_K20_E100_DT_1_0 | Ep. 54/100 - Step 175/273 (2.56 it/s) |############        | - loss_cc=4.55 - loss_ce=2.1 - loss_ne=0.0163 - loss_div=0.0 - threshold=1.0 - loss=6.666
[2026-03-30 11:53:11](logger.py 179): id=CC_FMNIST_C10CFG_K20_E100_DT_1_0 | Ep. 54/100 - Step 200/273 (2.56 it/s) |##############      | - loss_cc=4.55 - loss_ce=2.1 - loss_ne=0.0161 - loss_div=0.0 - threshold=1.0 - loss=6.666
[2026-03-30 11:53:21](logger.py 179): id=CC_FMNIST_C10CFG_K20_E100_DT_1_0 | Ep. 54/100 - Step 225/273 (2.56 it/s) |################    | - loss_cc=4.551 - loss_ce=2.1 - loss_ne=0.0159 - loss_div=0.0 - threshold=1.0 - loss=6.667
[2026-03-30 11:53:31](logger.py 179): id=CC_FMNIST_C10CFG_K20_E100_DT_1_0 | Ep. 54/100 - Step 250/273 (2.56 it/s) |##################  | - loss_cc=4.552 - loss_ce=2.1 - loss_ne=0.0156 - loss_div=0.0 - threshold=1.0 - loss=6.668
[2026-03-30 11:53:39](logger.py 179): id=CC_FMNIST_C10CFG_K20_E100_DT_1_0 | Ep. 54/100 | Time: 00:01 | loss_cc=4.552 - loss_ce=2.1 - loss_ne=0.0157 - loss_div=0.0 - threshold=1.0 - loss=6.667
[2026-03-30 11:53:41](logger.py 179): id=CC_FMNIST_C10CFG_K20_E100_DT_1_0 | Ep. 55/100 - Step 0/273 (0.0 it/s) |                    | - loss_cc=4.546 - loss_ce=2.091 - loss_ne=0.019 - loss_div=0.0 - threshold=1.0 - loss=6.656
[2026-03-30 11:53:51](logger.py 179): id=CC_FMNIST_C10CFG_K20_E100_DT_1_0 | Ep. 55/100 - Step 25/273 (2.57 it/s) |#                   | - loss_cc=4.55 - loss_ce=2.098 - loss_ne=0.017 - loss_div=0.0 - threshold=1.0 - loss=6.665
[2026-03-30 11:54:01](logger.py 179): id=CC_FMNIST_C10CFG_K20_E100_DT_1_0 | Ep. 55/100 - Step 50/273 (2.57 it/s) |###                 | - loss_cc=4.55 - loss_ce=2.099 - loss_ne=0.0164 - loss_div=0.0 - threshold=1.0 - loss=6.666
[2026-03-30 11:54:11](logger.py 179): id=CC_FMNIST_C10CFG_K20_E100_DT_1_0 | Ep. 55/100 - Step 75/273 (2.56 it/s) |#####               | - loss_cc=4.551 - loss_ce=2.1 - loss_ne=0.0166 - loss_div=0.0 - threshold=1.0 - loss=6.667
[2026-03-30 11:54:21](logger.py 179): id=CC_FMNIST_C10CFG_K20_E100_DT_1_0 | Ep. 55/100 - Step 100/273 (2.56 it/s) |#######             | - loss_cc=4.551 - loss_ce=2.1 - loss_ne=0.0165 - loss_div=0.0 - threshold=1.0 - loss=6.667
[2026-03-30 11:54:30](logger.py 179): id=CC_FMNIST_C10CFG_K20_E100_DT_1_0 | Ep. 55/100 - Step 125/273 (2.56 it/s) |#########           | - loss_cc=4.551 - loss_ce=2.1 - loss_ne=0.0167 - loss_div=0.0 - threshold=1.0 - loss=6.668
[2026-03-30 11:54:40](logger.py 179): id=CC_FMNIST_C10CFG_K20_E100_DT_1_0 | Ep. 55/100 - Step 150/273 (2.56 it/s) |##########          | - loss_cc=4.55 - loss_ce=2.099 - loss_ne=0.0164 - loss_div=0.0 - threshold=1.0 - loss=6.666
[2026-03-30 11:54:50](logger.py 179): id=CC_FMNIST_C10CFG_K20_E100_DT_1_0 | Ep. 55/100 - Step 175/273 (2.56 it/s) |############        | - loss_cc=4.549 - loss_ce=2.099 - loss_ne=0.0162 - loss_div=0.0 - threshold=1.0 - loss=6.664
[2026-03-30 11:55:00](logger.py 179): id=CC_FMNIST_C10CFG_K20_E100_DT_1_0 | Ep. 55/100 - Step 200/273 (2.56 it/s) |##############      | - loss_cc=4.549 - loss_ce=2.099 - loss_ne=0.0164 - loss_div=0.0 - threshold=1.0 - loss=6.664
[2026-03-30 11:55:09](logger.py 179): id=CC_FMNIST_C10CFG_K20_E100_DT_1_0 | Ep. 55/100 - Step 225/273 (2.56 it/s) |################    | - loss_cc=4.549 - loss_ce=2.099 - loss_ne=0.0165 - loss_div=0.0 - threshold=1.0 - loss=6.664
[2026-03-30 11:55:19](logger.py 179): id=CC_FMNIST_C10CFG_K20_E100_DT_1_0 | Ep. 55/100 - Step 250/273 (2.56 it/s) |##################  | - loss_cc=4.548 - loss_ce=2.099 - loss_ne=0.0161 - loss_div=0.0 - threshold=1.0 - loss=6.663
[2026-03-30 11:55:28](logger.py 179): id=CC_FMNIST_C10CFG_K20_E100_DT_1_0 | Ep. 55/100 | Time: 00:01 | loss_cc=4.548 - loss_ce=2.099 - loss_ne=0.0162 - loss_div=0.0 - threshold=1.0 - loss=6.663
[2026-03-30 11:55:30](logger.py 179): id=CC_FMNIST_C10CFG_K20_E100_DT_1_0 | Ep. 56/100 - Step 0/273 (0.0 it/s) |                    | - loss_cc=4.593 - loss_ce=2.112 - loss_ne=0.0158 - loss_div=0.0 - threshold=1.0 - loss=6.721
[2026-03-30 11:55:39](logger.py 179): id=CC_FMNIST_C10CFG_K20_E100_DT_1_0 | Ep. 56/100 - Step 25/273 (2.56 it/s) |#                   | - loss_cc=4.557 - loss_ce=2.101 - loss_ne=0.0158 - loss_div=0.0 - threshold=1.0 - loss=6.673
[2026-03-30 11:55:49](logger.py 179): id=CC_FMNIST_C10CFG_K20_E100_DT_1_0 | Ep. 56/100 - Step 50/273 (2.56 it/s) |###                 | - loss_cc=4.553 - loss_ce=2.1 - loss_ne=0.0164 - loss_div=0.0 - threshold=1.0 - loss=6.67
[2026-03-30 11:55:59](logger.py 179): id=CC_FMNIST_C10CFG_K20_E100_DT_1_0 | Ep. 56/100 - Step 75/273 (2.56 it/s) |#####               | - loss_cc=4.553 - loss_ce=2.1 - loss_ne=0.0166 - loss_div=0.0 - threshold=1.0 - loss=6.67
[2026-03-30 11:56:09](logger.py 179): id=CC_FMNIST_C10CFG_K20_E100_DT_1_0 | Ep. 56/100 - Step 100/273 (2.56 it/s) |#######             | - loss_cc=4.552 - loss_ce=2.1 - loss_ne=0.0156 - loss_div=0.0 - threshold=1.0 - loss=6.668
[2026-03-30 11:56:19](logger.py 179): id=CC_FMNIST_C10CFG_K20_E100_DT_1_0 | Ep. 56/100 - Step 125/273 (2.56 it/s) |#########           | - loss_cc=4.55 - loss_ce=2.1 - loss_ne=0.0158 - loss_div=0.0 - threshold=1.0 - loss=6.665
[2026-03-30 11:56:28](logger.py 179): id=CC_FMNIST_C10CFG_K20_E100_DT_1_0 | Ep. 56/100 - Step 150/273 (2.56 it/s) |##########          | - loss_cc=4.548 - loss_ce=2.099 - loss_ne=0.0158 - loss_div=0.0 - threshold=1.0 - loss=6.663
[2026-03-30 11:56:38](logger.py 179): id=CC_FMNIST_C10CFG_K20_E100_DT_1_0 | Ep. 56/100 - Step 175/273 (2.56 it/s) |############        | - loss_cc=4.548 - loss_ce=2.099 - loss_ne=0.0153 - loss_div=0.0 - threshold=1.0 - loss=6.662
[2026-03-30 11:56:48](logger.py 179): id=CC_FMNIST_C10CFG_K20_E100_DT_1_0 | Ep. 56/100 - Step 200/273 (2.56 it/s) |##############      | - loss_cc=4.547 - loss_ce=2.099 - loss_ne=0.0155 - loss_div=0.0 - threshold=1.0 - loss=6.662
[2026-03-30 11:56:58](logger.py 179): id=CC_FMNIST_C10CFG_K20_E100_DT_1_0 | Ep. 56/100 - Step 225/273 (2.56 it/s) |################    | - loss_cc=4.547 - loss_ce=2.099 - loss_ne=0.0157 - loss_div=0.0 - threshold=1.0 - loss=6.662
[2026-03-30 11:57:07](logger.py 179): id=CC_FMNIST_C10CFG_K20_E100_DT_1_0 | Ep. 56/100 - Step 250/273 (2.56 it/s) |##################  | - loss_cc=4.547 - loss_ce=2.099 - loss_ne=0.0157 - loss_div=0.0 - threshold=1.0 - loss=6.661
[2026-03-30 11:57:16](logger.py 179): id=CC_FMNIST_C10CFG_K20_E100_DT_1_0 | Ep. 56/100 | Time: 00:01 | loss_cc=4.548 - loss_ce=2.099 - loss_ne=0.0157 - loss_div=0.0 - threshold=1.0 - loss=6.662
[2026-03-30 11:57:18](logger.py 179): id=CC_FMNIST_C10CFG_K20_E100_DT_1_0 | Ep. 57/100 - Step 0/273 (0.0 it/s) |                    | - loss_cc=4.56 - loss_ce=2.105 - loss_ne=0.00423 - loss_div=0.0 - threshold=1.0 - loss=6.669
[2026-03-30 11:57:28](logger.py 179): id=CC_FMNIST_C10CFG_K20_E100_DT_1_0 | Ep. 57/100 - Step 25/273 (2.57 it/s) |#                   | - loss_cc=4.546 - loss_ce=2.098 - loss_ne=0.0132 - loss_div=0.0 - threshold=1.0 - loss=6.657
[2026-03-30 11:57:38](logger.py 179): id=CC_FMNIST_C10CFG_K20_E100_DT_1_0 | Ep. 57/100 - Step 50/273 (2.57 it/s) |###                 | - loss_cc=4.553 - loss_ce=2.1 - loss_ne=0.0153 - loss_div=0.0 - threshold=1.0 - loss=6.668
[2026-03-30 11:57:47](logger.py 179): id=CC_FMNIST_C10CFG_K20_E100_DT_1_0 | Ep. 57/100 - Step 75/273 (2.56 it/s) |#####               | - loss_cc=4.551 - loss_ce=2.1 - loss_ne=0.0161 - loss_div=0.0 - threshold=1.0 - loss=6.667
[2026-03-30 11:57:57](logger.py 179): id=CC_FMNIST_C10CFG_K20_E100_DT_1_0 | Ep. 57/100 - Step 100/273 (2.56 it/s) |#######             | - loss_cc=4.55 - loss_ce=2.099 - loss_ne=0.0162 - loss_div=0.0 - threshold=1.0 - loss=6.665
[2026-03-30 11:58:07](logger.py 179): id=CC_FMNIST_C10CFG_K20_E100_DT_1_0 | Ep. 57/100 - Step 125/273 (2.56 it/s) |#########           | - loss_cc=4.549 - loss_ce=2.099 - loss_ne=0.0162 - loss_div=0.0 - threshold=1.0 - loss=6.664
[2026-03-30 11:58:17](logger.py 179): id=CC_FMNIST_C10CFG_K20_E100_DT_1_0 | Ep. 57/100 - Step 150/273 (2.56 it/s) |##########          | - loss_cc=4.548 - loss_ce=2.098 - loss_ne=0.0162 - loss_div=0.0 - threshold=1.0 - loss=6.663
[2026-03-30 11:58:26](logger.py 179): id=CC_FMNIST_C10CFG_K20_E100_DT_1_0 | Ep. 57/100 - Step 175/273 (2.56 it/s) |############        | - loss_cc=4.548 - loss_ce=2.098 - loss_ne=0.0164 - loss_div=0.0 - threshold=1.0 - loss=6.662
[2026-03-30 11:58:36](logger.py 179): id=CC_FMNIST_C10CFG_K20_E100_DT_1_0 | Ep. 57/100 - Step 200/273 (2.56 it/s) |##############      | - loss_cc=4.547 - loss_ce=2.098 - loss_ne=0.0165 - loss_div=0.0 - threshold=1.0 - loss=6.661
[2026-03-30 11:58:46](logger.py 179): id=CC_FMNIST_C10CFG_K20_E100_DT_1_0 | Ep. 57/100 - Step 225/273 (2.56 it/s) |################    | - loss_cc=4.547 - loss_ce=2.098 - loss_ne=0.0168 - loss_div=0.0 - threshold=1.0 - loss=6.662
[2026-03-30 11:58:56](logger.py 179): id=CC_FMNIST_C10CFG_K20_E100_DT_1_0 | Ep. 57/100 - Step 250/273 (2.56 it/s) |##################  | - loss_cc=4.547 - loss_ce=2.098 - loss_ne=0.0169 - loss_div=0.0 - threshold=1.0 - loss=6.662
[2026-03-30 11:59:04](logger.py 179): id=CC_FMNIST_C10CFG_K20_E100_DT_1_0 | Ep. 57/100 | Time: 00:01 | loss_cc=4.547 - loss_ce=2.098 - loss_ne=0.0169 - loss_div=0.0 - threshold=1.0 - loss=6.661
[2026-03-30 11:59:06](logger.py 179): id=CC_FMNIST_C10CFG_K20_E100_DT_1_0 | Ep. 58/100 - Step 0/273 (0.0 it/s) |                    | - loss_cc=4.559 - loss_ce=2.104 - loss_ne=0.0236 - loss_div=0.0 - threshold=1.0 - loss=6.686
[2026-03-30 11:59:16](logger.py 179): id=CC_FMNIST_C10CFG_K20_E100_DT_1_0 | Ep. 58/100 - Step 25/273 (2.56 it/s) |#                   | - loss_cc=4.541 - loss_ce=2.095 - loss_ne=0.016 - loss_div=0.0 - threshold=1.0 - loss=6.651
[2026-03-30 11:59:26](logger.py 179): id=CC_FMNIST_C10CFG_K20_E100_DT_1_0 | Ep. 58/100 - Step 50/273 (2.56 it/s) |###                 | - loss_cc=4.544 - loss_ce=2.097 - loss_ne=0.0169 - loss_div=0.0 - threshold=1.0 - loss=6.657
[2026-03-30 11:59:36](logger.py 179): id=CC_FMNIST_C10CFG_K20_E100_DT_1_0 | Ep. 58/100 - Step 75/273 (2.56 it/s) |#####               | - loss_cc=4.545 - loss_ce=2.098 - loss_ne=0.0168 - loss_div=0.0 - threshold=1.0 - loss=6.659
[2026-03-30 11:59:45](logger.py 179): id=CC_FMNIST_C10CFG_K20_E100_DT_1_0 | Ep. 58/100 - Step 100/273 (2.56 it/s) |#######             | - loss_cc=4.546 - loss_ce=2.097 - loss_ne=0.0163 - loss_div=0.0 - threshold=1.0 - loss=6.659
[2026-03-30 11:59:55](logger.py 179): id=CC_FMNIST_C10CFG_K20_E100_DT_1_0 | Ep. 58/100 - Step 125/273 (2.56 it/s) |#########           | - loss_cc=4.545 - loss_ce=2.097 - loss_ne=0.0167 - loss_div=0.0 - threshold=1.0 - loss=6.659
[2026-03-30 12:00:05](logger.py 179): id=CC_FMNIST_C10CFG_K20_E100_DT_1_0 | Ep. 58/100 - Step 150/273 (2.56 it/s) |##########          | - loss_cc=4.545 - loss_ce=2.097 - loss_ne=0.0167 - loss_div=0.0 - threshold=1.0 - loss=6.659
[2026-03-30 12:00:15](logger.py 179): id=CC_FMNIST_C10CFG_K20_E100_DT_1_0 | Ep. 58/100 - Step 175/273 (2.56 it/s) |############        | - loss_cc=4.544 - loss_ce=2.097 - loss_ne=0.0166 - loss_div=0.0 - threshold=1.0 - loss=6.658
[2026-03-30 12:00:25](logger.py 179): id=CC_FMNIST_C10CFG_K20_E100_DT_1_0 | Ep. 58/100 - Step 200/273 (2.56 it/s) |##############      | - loss_cc=4.544 - loss_ce=2.097 - loss_ne=0.0163 - loss_div=0.0 - threshold=1.0 - loss=6.658
[2026-03-30 12:00:34](logger.py 179): id=CC_FMNIST_C10CFG_K20_E100_DT_1_0 | Ep. 58/100 - Step 225/273 (2.56 it/s) |################    | - loss_cc=4.546 - loss_ce=2.098 - loss_ne=0.0166 - loss_div=0.0 - threshold=1.0 - loss=6.66
[2026-03-30 12:00:44](logger.py 179): id=CC_FMNIST_C10CFG_K20_E100_DT_1_0 | Ep. 58/100 - Step 250/273 (2.56 it/s) |##################  | - loss_cc=4.546 - loss_ce=2.098 - loss_ne=0.0166 - loss_div=0.0 - threshold=1.0 - loss=6.66
[2026-03-30 12:00:53](logger.py 179): id=CC_FMNIST_C10CFG_K20_E100_DT_1_0 | Ep. 58/100 | Time: 00:01 | loss_cc=4.546 - loss_ce=2.098 - loss_ne=0.0165 - loss_div=0.0 - threshold=1.0 - loss=6.661
[2026-03-30 12:00:55](logger.py 179): id=CC_FMNIST_C10CFG_K20_E100_DT_1_0 | Ep. 59/100 - Step 0/273 (0.0 it/s) |                    | - loss_cc=4.524 - loss_ce=2.09 - loss_ne=0.0205 - loss_div=0.0 - threshold=1.0 - loss=6.634
[2026-03-30 12:01:04](logger.py 179): id=CC_FMNIST_C10CFG_K20_E100_DT_1_0 | Ep. 59/100 - Step 25/273 (2.56 it/s) |#                   | - loss_cc=4.543 - loss_ce=2.097 - loss_ne=0.0148 - loss_div=0.0 - threshold=1.0 - loss=6.654
[2026-03-30 12:01:14](logger.py 179): id=CC_FMNIST_C10CFG_K20_E100_DT_1_0 | Ep. 59/100 - Step 50/273 (2.56 it/s) |###                 | - loss_cc=4.544 - loss_ce=2.098 - loss_ne=0.0153 - loss_div=0.0 - threshold=1.0 - loss=6.657
[2026-03-30 12:01:24](logger.py 179): id=CC_FMNIST_C10CFG_K20_E100_DT_1_0 | Ep. 59/100 - Step 75/273 (2.56 it/s) |#####               | - loss_cc=4.545 - loss_ce=2.098 - loss_ne=0.0152 - loss_div=0.0 - threshold=1.0 - loss=6.658
[2026-03-30 12:01:34](logger.py 179): id=CC_FMNIST_C10CFG_K20_E100_DT_1_0 | Ep. 59/100 - Step 100/273 (2.56 it/s) |#######             | - loss_cc=4.542 - loss_ce=2.097 - loss_ne=0.0151 - loss_div=0.0 - threshold=1.0 - loss=6.655
[2026-03-30 12:01:43](logger.py 179): id=CC_FMNIST_C10CFG_K20_E100_DT_1_0 | Ep. 59/100 - Step 125/273 (2.56 it/s) |#########           | - loss_cc=4.542 - loss_ce=2.097 - loss_ne=0.0152 - loss_div=0.0 - threshold=1.0 - loss=6.655
[2026-03-30 12:01:53](logger.py 179): id=CC_FMNIST_C10CFG_K20_E100_DT_1_0 | Ep. 59/100 - Step 150/273 (2.56 it/s) |##########          | - loss_cc=4.542 - loss_ce=2.097 - loss_ne=0.0154 - loss_div=0.0 - threshold=1.0 - loss=6.655
[2026-03-30 12:02:03](logger.py 179): id=CC_FMNIST_C10CFG_K20_E100_DT_1_0 | Ep. 59/100 - Step 175/273 (2.56 it/s) |############        | - loss_cc=4.545 - loss_ce=2.098 - loss_ne=0.0153 - loss_div=0.0 - threshold=1.0 - loss=6.658
[2026-03-30 12:02:13](logger.py 179): id=CC_FMNIST_C10CFG_K20_E100_DT_1_0 | Ep. 59/100 - Step 200/273 (2.56 it/s) |##############      | - loss_cc=4.544 - loss_ce=2.098 - loss_ne=0.0154 - loss_div=0.0 - threshold=1.0 - loss=6.657
[2026-03-30 12:02:22](logger.py 179): id=CC_FMNIST_C10CFG_K20_E100_DT_1_0 | Ep. 59/100 - Step 225/273 (2.56 it/s) |################    | - loss_cc=4.544 - loss_ce=2.098 - loss_ne=0.0152 - loss_div=0.0 - threshold=1.0 - loss=6.656
[2026-03-30 12:02:32](logger.py 179): id=CC_FMNIST_C10CFG_K20_E100_DT_1_0 | Ep. 59/100 - Step 250/273 (2.56 it/s) |##################  | - loss_cc=4.544 - loss_ce=2.098 - loss_ne=0.0154 - loss_div=0.0 - threshold=1.0 - loss=6.657
[2026-03-30 12:02:41](logger.py 179): id=CC_FMNIST_C10CFG_K20_E100_DT_1_0 | Ep. 59/100 | Time: 00:01 | loss_cc=4.545 - loss_ce=2.098 - loss_ne=0.0154 - loss_div=0.0 - threshold=1.0 - loss=6.658
[2026-03-30 12:02:43](logger.py 179): id=CC_FMNIST_C10CFG_K20_E100_DT_1_0 | Ep. 60/100 - Step 0/273 (0.0 it/s) |                    | - loss_cc=4.531 - loss_ce=2.096 - loss_ne=0.0232 - loss_div=0.0 - threshold=1.0 - loss=6.651
[2026-03-30 12:02:53](logger.py 179): id=CC_FMNIST_C10CFG_K20_E100_DT_1_0 | Ep. 60/100 - Step 25/273 (2.57 it/s) |#                   | - loss_cc=4.541 - loss_ce=2.097 - loss_ne=0.0144 - loss_div=0.0 - threshold=1.0 - loss=6.653
[2026-03-30 12:03:02](logger.py 179): id=CC_FMNIST_C10CFG_K20_E100_DT_1_0 | Ep. 60/100 - Step 50/273 (2.56 it/s) |###                 | - loss_cc=4.542 - loss_ce=2.097 - loss_ne=0.0149 - loss_div=0.0 - threshold=1.0 - loss=6.654
[2026-03-30 12:03:12](logger.py 179): id=CC_FMNIST_C10CFG_K20_E100_DT_1_0 | Ep. 60/100 - Step 75/273 (2.56 it/s) |#####               | - loss_cc=4.544 - loss_ce=2.098 - loss_ne=0.0151 - loss_div=0.0 - threshold=1.0 - loss=6.657
[2026-03-30 12:03:22](logger.py 179): id=CC_FMNIST_C10CFG_K20_E100_DT_1_0 | Ep. 60/100 - Step 100/273 (2.56 it/s) |#######             | - loss_cc=4.544 - loss_ce=2.097 - loss_ne=0.0157 - loss_div=0.0 - threshold=1.0 - loss=6.657
[2026-03-30 12:03:32](logger.py 179): id=CC_FMNIST_C10CFG_K20_E100_DT_1_0 | Ep. 60/100 - Step 125/273 (2.56 it/s) |#########           | - loss_cc=4.544 - loss_ce=2.098 - loss_ne=0.0155 - loss_div=0.0 - threshold=1.0 - loss=6.658
[2026-03-30 12:03:42](logger.py 179): id=CC_FMNIST_C10CFG_K20_E100_DT_1_0 | Ep. 60/100 - Step 150/273 (2.56 it/s) |##########          | - loss_cc=4.544 - loss_ce=2.098 - loss_ne=0.0154 - loss_div=0.0 - threshold=1.0 - loss=6.658
[2026-03-30 12:03:51](logger.py 179): id=CC_FMNIST_C10CFG_K20_E100_DT_1_0 | Ep. 60/100 - Step 175/273 (2.56 it/s) |############        | - loss_cc=4.543 - loss_ce=2.098 - loss_ne=0.0156 - loss_div=0.0 - threshold=1.0 - loss=6.657
[2026-03-30 12:04:01](logger.py 179): id=CC_FMNIST_C10CFG_K20_E100_DT_1_0 | Ep. 60/100 - Step 200/273 (2.56 it/s) |##############      | - loss_cc=4.544 - loss_ce=2.098 - loss_ne=0.0156 - loss_div=0.0 - threshold=1.0 - loss=6.658
[2026-03-30 12:04:11](logger.py 179): id=CC_FMNIST_C10CFG_K20_E100_DT_1_0 | Ep. 60/100 - Step 225/273 (2.56 it/s) |################    | - loss_cc=4.543 - loss_ce=2.098 - loss_ne=0.0157 - loss_div=0.0 - threshold=1.0 - loss=6.657
[2026-03-30 12:04:21](logger.py 179): id=CC_FMNIST_C10CFG_K20_E100_DT_1_0 | Ep. 60/100 - Step 250/273 (2.56 it/s) |##################  | - loss_cc=4.543 - loss_ce=2.098 - loss_ne=0.0159 - loss_div=0.0 - threshold=1.0 - loss=6.657
[2026-03-30 12:04:29](logger.py 179): Evaluating
[2026-03-30 12:04:30](logger.py 179): Eval. step 0 of 274
[2026-03-30 12:04:32](logger.py 179): Eval. step 25 of 274
[2026-03-30 12:04:34](logger.py 179): Eval. step 50 of 274
[2026-03-30 12:04:37](logger.py 179): Eval. step 75 of 274
[2026-03-30 12:04:39](logger.py 179): Eval. step 100 of 274
[2026-03-30 12:04:41](logger.py 179): Eval. step 125 of 274
[2026-03-30 12:04:43](logger.py 179): Eval. step 150 of 274
[2026-03-30 12:04:46](logger.py 179): Eval. step 175 of 274
[2026-03-30 12:04:48](logger.py 179): Eval. step 200 of 274
[2026-03-30 12:04:50](logger.py 179): Eval. step 225 of 274
[2026-03-30 12:04:53](logger.py 179): Eval. step 250 of 274
[2026-03-30 12:04:57](logger.py 179): id=CC_FMNIST_C10CFG_K20_E100_DT_1_0 | Ep. 60/100 | Time: 00:02 | loss_cc=4.543 - loss_ce=2.098 - loss_ne=0.0158 - loss_div=0.0 - threshold=1.0 - loss=6.657 - eval_confidence=0.896 - cluster_acc_0_eval=65.52 - cluster_nmi_0_eval=0.627 - cluster_ari_0_eval=0.529 - cluster_acc_1_eval=65.5 - cluster_nmi_1_eval=0.627 - cluster_ari_1_eval=0.529 - cluster_acc_2_eval=65.51 - cluster_nmi_2_eval=0.627 - cluster_ari_2_eval=0.529 - cluster_acc_3_eval=65.54 - cluster_nmi_3_eval=0.627 - cluster_ari_3_eval=0.53 - cluster_acc_4_eval=65.48 - cluster_nmi_4_eval=0.626 - cluster_ari_4_eval=0.529 - cluster_acc_5_eval=65.49 - cluster_nmi_5_eval=0.626 - cluster_ari_5_eval=0.528 - cluster_acc_6_eval=65.44 - cluster_nmi_6_eval=0.626 - cluster_ari_6_eval=0.528 - cluster_acc_7_eval=65.56 - cluster_nmi_7_eval=0.627 - cluster_ari_7_eval=0.529 - cluster_acc_8_eval=65.49 - cluster_nmi_8_eval=0.627 - cluster_ari_8_eval=0.529 - cluster_acc_9_eval=65.48 - cluster_nmi_9_eval=0.627 - cluster_ari_9_eval=0.529 - cluster_acc_10_eval=65.48 - cluster_nmi_10_eval=0.627 - cluster_ari_10_eval=0.529 - cluster_acc_11_eval=65.5 - cluster_nmi_11_eval=0.626 - cluster_ari_11_eval=0.529 - cluster_acc_12_eval=65.45 - cluster_nmi_12_eval=0.627 - cluster_ari_12_eval=0.529 - cluster_acc_13_eval=65.53 - cluster_nmi_13_eval=0.627 - cluster_ari_13_eval=0.529 - cluster_acc_14_eval=65.51 - cluster_nmi_14_eval=0.627 - cluster_ari_14_eval=0.529 - cluster_acc_15_eval=65.55 - cluster_nmi_15_eval=0.627 - cluster_ari_15_eval=0.529 - cluster_acc_16_eval=65.5 - cluster_nmi_16_eval=0.626 - cluster_ari_16_eval=0.529 - cluster_acc_17_eval=65.57 - cluster_nmi_17_eval=0.627 - cluster_ari_17_eval=0.529 - cluster_acc_18_eval=65.5 - cluster_nmi_18_eval=0.627 - cluster_ari_18_eval=0.529 - cluster_acc_19_eval=65.48 - cluster_nmi_19_eval=0.626 - cluster_ari_19_eval=0.529 - max_cluster_acc_eval=65.57 - mean_cluster_acc_eval=65.5 - min_cluster_acc_eval=65.44 - max_cluster_nmi_eval=0.627 - mean_cluster_nmi_eval=0.627 - min_cluster_nmi_eval=0.626 - max_cluster_ari_eval=0.53 - mean_cluster_ari_eval=0.529 - min_cluster_ari_eval=0.528 - interclustering_nmi_eval=0.979
/scratch/e0538389/DivClust/engine/trainer.py:41: FutureWarning: `torch.cuda.amp.autocast(args...)` is deprecated. Please use `torch.amp.autocast('cuda', args...)` instead.
  with autocast(self.mixed_precision):
[2026-03-30 12:04:59](logger.py 179): id=CC_FMNIST_C10CFG_K20_E100_DT_1_0 | Ep. 61/100 - Step 0/273 (0.0 it/s) |                    | - loss_cc=4.554 - loss_ce=2.11 - loss_ne=0.0121 - loss_div=0.0 - threshold=1.0 - loss=6.677
[2026-03-30 12:05:08](logger.py 179): id=CC_FMNIST_C10CFG_K20_E100_DT_1_0 | Ep. 61/100 - Step 25/273 (2.56 it/s) |#                   | - loss_cc=4.55 - loss_ce=2.101 - loss_ne=0.0174 - loss_div=0.0 - threshold=1.0 - loss=6.669
[2026-03-30 12:05:18](logger.py 179): id=CC_FMNIST_C10CFG_K20_E100_DT_1_0 | Ep. 61/100 - Step 50/273 (2.56 it/s) |###                 | - loss_cc=4.55 - loss_ce=2.101 - loss_ne=0.0159 - loss_div=0.0 - threshold=1.0 - loss=6.667
[2026-03-30 12:05:28](logger.py 179): id=CC_FMNIST_C10CFG_K20_E100_DT_1_0 | Ep. 61/100 - Step 75/273 (2.56 it/s) |#####               | - loss_cc=4.548 - loss_ce=2.1 - loss_ne=0.0172 - loss_div=0.0 - threshold=1.0 - loss=6.664
[2026-03-30 12:05:38](logger.py 179): id=CC_FMNIST_C10CFG_K20_E100_DT_1_0 | Ep. 61/100 - Step 100/273 (2.56 it/s) |#######             | - loss_cc=4.545 - loss_ce=2.099 - loss_ne=0.0163 - loss_div=0.0 - threshold=1.0 - loss=6.66
[2026-03-30 12:05:47](logger.py 179): id=CC_FMNIST_C10CFG_K20_E100_DT_1_0 | Ep. 61/100 - Step 125/273 (2.56 it/s) |#########           | - loss_cc=4.546 - loss_ce=2.098 - loss_ne=0.0158 - loss_div=0.0 - threshold=1.0 - loss=6.66
[2026-03-30 12:05:57](logger.py 179): id=CC_FMNIST_C10CFG_K20_E100_DT_1_0 | Ep. 61/100 - Step 150/273 (2.56 it/s) |##########          | - loss_cc=4.545 - loss_ce=2.097 - loss_ne=0.0156 - loss_div=0.0 - threshold=1.0 - loss=6.658
[2026-03-30 12:06:07](logger.py 179): id=CC_FMNIST_C10CFG_K20_E100_DT_1_0 | Ep. 61/100 - Step 175/273 (2.56 it/s) |############        | - loss_cc=4.543 - loss_ce=2.097 - loss_ne=0.0157 - loss_div=0.0 - threshold=1.0 - loss=6.656
[2026-03-30 12:06:17](logger.py 179): id=CC_FMNIST_C10CFG_K20_E100_DT_1_0 | Ep. 61/100 - Step 200/273 (2.56 it/s) |##############      | - loss_cc=4.543 - loss_ce=2.097 - loss_ne=0.0157 - loss_div=0.0 - threshold=1.0 - loss=6.656
[2026-03-30 12:06:26](logger.py 179): id=CC_FMNIST_C10CFG_K20_E100_DT_1_0 | Ep. 61/100 - Step 225/273 (2.56 it/s) |################    | - loss_cc=4.543 - loss_ce=2.097 - loss_ne=0.0158 - loss_div=0.0 - threshold=1.0 - loss=6.656
[2026-03-30 12:06:36](logger.py 179): id=CC_FMNIST_C10CFG_K20_E100_DT_1_0 | Ep. 61/100 - Step 250/273 (2.56 it/s) |##################  | - loss_cc=4.543 - loss_ce=2.098 - loss_ne=0.0158 - loss_div=0.0 - threshold=1.0 - loss=6.657
[2026-03-30 12:06:45](logger.py 179): id=CC_FMNIST_C10CFG_K20_E100_DT_1_0 | Ep. 61/100 | Time: 00:01 | loss_cc=4.543 - loss_ce=2.097 - loss_ne=0.0157 - loss_div=0.0 - threshold=1.0 - loss=6.656
[2026-03-30 12:06:47](logger.py 179): id=CC_FMNIST_C10CFG_K20_E100_DT_1_0 | Ep. 62/100 - Step 0/273 (0.0 it/s) |                    | - loss_cc=4.513 - loss_ce=2.083 - loss_ne=0.0103 - loss_div=0.0 - threshold=1.0 - loss=6.606
[2026-03-30 12:06:57](logger.py 179): id=CC_FMNIST_C10CFG_K20_E100_DT_1_0 | Ep. 62/100 - Step 25/273 (2.55 it/s) |#                   | - loss_cc=4.546 - loss_ce=2.1 - loss_ne=0.0177 - loss_div=0.0 - threshold=1.0 - loss=6.664
[2026-03-30 12:07:06](logger.py 179): id=CC_FMNIST_C10CFG_K20_E100_DT_1_0 | Ep. 62/100 - Step 50/273 (2.55 it/s) |###                 | - loss_cc=4.545 - loss_ce=2.098 - loss_ne=0.0176 - loss_div=0.0 - threshold=1.0 - loss=6.662
[2026-03-30 12:07:16](logger.py 179): id=CC_FMNIST_C10CFG_K20_E100_DT_1_0 | Ep. 62/100 - Step 75/273 (2.56 it/s) |#####               | - loss_cc=4.545 - loss_ce=2.098 - loss_ne=0.017 - loss_div=0.0 - threshold=1.0 - loss=6.66
[2026-03-30 12:07:26](logger.py 179): id=CC_FMNIST_C10CFG_K20_E100_DT_1_0 | Ep. 62/100 - Step 100/273 (2.56 it/s) |#######             | - loss_cc=4.544 - loss_ce=2.097 - loss_ne=0.0166 - loss_div=0.0 - threshold=1.0 - loss=6.658
[2026-03-30 12:07:36](logger.py 179): id=CC_FMNIST_C10CFG_K20_E100_DT_1_0 | Ep. 62/100 - Step 125/273 (2.56 it/s) |#########           | - loss_cc=4.544 - loss_ce=2.097 - loss_ne=0.0168 - loss_div=0.0 - threshold=1.0 - loss=6.658
[2026-03-30 12:07:45](logger.py 179): id=CC_FMNIST_C10CFG_K20_E100_DT_1_0 | Ep. 62/100 - Step 150/273 (2.56 it/s) |##########          | - loss_cc=4.545 - loss_ce=2.098 - loss_ne=0.0167 - loss_div=0.0 - threshold=1.0 - loss=6.659
[2026-03-30 12:07:55](logger.py 179): id=CC_FMNIST_C10CFG_K20_E100_DT_1_0 | Ep. 62/100 - Step 175/273 (2.56 it/s) |############        | - loss_cc=4.545 - loss_ce=2.098 - loss_ne=0.0169 - loss_div=0.0 - threshold=1.0 - loss=6.66
[2026-03-30 12:08:05](logger.py 179): id=CC_FMNIST_C10CFG_K20_E100_DT_1_0 | Ep. 62/100 - Step 200/273 (2.56 it/s) |##############      | - loss_cc=4.545 - loss_ce=2.098 - loss_ne=0.0168 - loss_div=0.0 - threshold=1.0 - loss=6.66
[2026-03-30 12:08:15](logger.py 179): id=CC_FMNIST_C10CFG_K20_E100_DT_1_0 | Ep. 62/100 - Step 225/273 (2.56 it/s) |################    | - loss_cc=4.545 - loss_ce=2.098 - loss_ne=0.0169 - loss_div=0.0 - threshold=1.0 - loss=6.66
[2026-03-30 12:08:25](logger.py 179): id=CC_FMNIST_C10CFG_K20_E100_DT_1_0 | Ep. 62/100 - Step 250/273 (2.56 it/s) |##################  | - loss_cc=4.544 - loss_ce=2.098 - loss_ne=0.0166 - loss_div=0.0 - threshold=1.0 - loss=6.659
[2026-03-30 12:08:33](logger.py 179): id=CC_FMNIST_C10CFG_K20_E100_DT_1_0 | Ep. 62/100 | Time: 00:01 | loss_cc=4.544 - loss_ce=2.099 - loss_ne=0.0164 - loss_div=0.0 - threshold=1.0 - loss=6.659
[2026-03-30 12:08:35](logger.py 179): id=CC_FMNIST_C10CFG_K20_E100_DT_1_0 | Ep. 63/100 - Step 0/273 (0.0 it/s) |                    | - loss_cc=4.566 - loss_ce=2.092 - loss_ne=0.0184 - loss_div=0.0 - threshold=1.0 - loss=6.676
[2026-03-30 12:08:45](logger.py 179): id=CC_FMNIST_C10CFG_K20_E100_DT_1_0 | Ep. 63/100 - Step 25/273 (2.55 it/s) |#                   | - loss_cc=4.541 - loss_ce=2.096 - loss_ne=0.0167 - loss_div=0.0 - threshold=1.0 - loss=6.653
[2026-03-30 12:08:55](logger.py 179): id=CC_FMNIST_C10CFG_K20_E100_DT_1_0 | Ep. 63/100 - Step 50/273 (2.56 it/s) |###                 | - loss_cc=4.542 - loss_ce=2.097 - loss_ne=0.0168 - loss_div=0.0 - threshold=1.0 - loss=6.655
[2026-03-30 12:09:04](logger.py 179): id=CC_FMNIST_C10CFG_K20_E100_DT_1_0 | Ep. 63/100 - Step 75/273 (2.56 it/s) |#####               | - loss_cc=4.543 - loss_ce=2.097 - loss_ne=0.0164 - loss_div=0.0 - threshold=1.0 - loss=6.657
[2026-03-30 12:09:14](logger.py 179): id=CC_FMNIST_C10CFG_K20_E100_DT_1_0 | Ep. 63/100 - Step 100/273 (2.56 it/s) |#######             | - loss_cc=4.544 - loss_ce=2.098 - loss_ne=0.0155 - loss_div=0.0 - threshold=1.0 - loss=6.657
[2026-03-30 12:09:24](logger.py 179): id=CC_FMNIST_C10CFG_K20_E100_DT_1_0 | Ep. 63/100 - Step 125/273 (2.56 it/s) |#########           | - loss_cc=4.543 - loss_ce=2.098 - loss_ne=0.0157 - loss_div=0.0 - threshold=1.0 - loss=6.656
[2026-03-30 12:09:34](logger.py 179): id=CC_FMNIST_C10CFG_K20_E100_DT_1_0 | Ep. 63/100 - Step 150/273 (2.56 it/s) |##########          | - loss_cc=4.541 - loss_ce=2.097 - loss_ne=0.0154 - loss_div=0.0 - threshold=1.0 - loss=6.653
[2026-03-30 12:09:43](logger.py 179): id=CC_FMNIST_C10CFG_K20_E100_DT_1_0 | Ep. 63/100 - Step 175/273 (2.56 it/s) |############        | - loss_cc=4.542 - loss_ce=2.097 - loss_ne=0.0152 - loss_div=0.0 - threshold=1.0 - loss=6.654
[2026-03-30 12:09:53](logger.py 179): id=CC_FMNIST_C10CFG_K20_E100_DT_1_0 | Ep. 63/100 - Step 200/273 (2.56 it/s) |##############      | - loss_cc=4.542 - loss_ce=2.097 - loss_ne=0.0152 - loss_div=0.0 - threshold=1.0 - loss=6.654
[2026-03-30 12:10:03](logger.py 179): id=CC_FMNIST_C10CFG_K20_E100_DT_1_0 | Ep. 63/100 - Step 225/273 (2.56 it/s) |################    | - loss_cc=4.542 - loss_ce=2.097 - loss_ne=0.0151 - loss_div=0.0 - threshold=1.0 - loss=6.654
[2026-03-30 12:10:13](logger.py 179): id=CC_FMNIST_C10CFG_K20_E100_DT_1_0 | Ep. 63/100 - Step 250/273 (2.56 it/s) |##################  | - loss_cc=4.54 - loss_ce=2.097 - loss_ne=0.0152 - loss_div=0.0 - threshold=1.0 - loss=6.652
[2026-03-30 12:10:21](logger.py 179): id=CC_FMNIST_C10CFG_K20_E100_DT_1_0 | Ep. 63/100 | Time: 00:01 | loss_cc=4.54 - loss_ce=2.096 - loss_ne=0.0153 - loss_div=0.0 - threshold=1.0 - loss=6.652
[2026-03-30 12:10:23](logger.py 179): id=CC_FMNIST_C10CFG_K20_E100_DT_1_0 | Ep. 64/100 - Step 0/273 (0.0 it/s) |                    | - loss_cc=4.545 - loss_ce=2.106 - loss_ne=0.0139 - loss_div=0.0 - threshold=1.0 - loss=6.665
[2026-03-30 12:10:33](logger.py 179): id=CC_FMNIST_C10CFG_K20_E100_DT_1_0 | Ep. 64/100 - Step 25/273 (2.57 it/s) |#                   | - loss_cc=4.541 - loss_ce=2.096 - loss_ne=0.0143 - loss_div=0.0 - threshold=1.0 - loss=6.651
[2026-03-30 12:10:43](logger.py 179): id=CC_FMNIST_C10CFG_K20_E100_DT_1_0 | Ep. 64/100 - Step 50/273 (2.57 it/s) |###                 | - loss_cc=4.541 - loss_ce=2.097 - loss_ne=0.0164 - loss_div=0.0 - threshold=1.0 - loss=6.654
[2026-03-30 12:10:52](logger.py 179): id=CC_FMNIST_C10CFG_K20_E100_DT_1_0 | Ep. 64/100 - Step 75/273 (2.57 it/s) |#####               | - loss_cc=4.538 - loss_ce=2.096 - loss_ne=0.0161 - loss_div=0.0 - threshold=1.0 - loss=6.65
[2026-03-30 12:11:02](logger.py 179): id=CC_FMNIST_C10CFG_K20_E100_DT_1_0 | Ep. 64/100 - Step 100/273 (2.57 it/s) |#######             | - loss_cc=4.539 - loss_ce=2.096 - loss_ne=0.0156 - loss_div=0.0 - threshold=1.0 - loss=6.651
[2026-03-30 12:11:12](logger.py 179): id=CC_FMNIST_C10CFG_K20_E100_DT_1_0 | Ep. 64/100 - Step 125/273 (2.57 it/s) |#########           | - loss_cc=4.539 - loss_ce=2.096 - loss_ne=0.0157 - loss_div=0.0 - threshold=1.0 - loss=6.651
[2026-03-30 12:11:22](logger.py 179): id=CC_FMNIST_C10CFG_K20_E100_DT_1_0 | Ep. 64/100 - Step 150/273 (2.56 it/s) |##########          | - loss_cc=4.538 - loss_ce=2.096 - loss_ne=0.0155 - loss_div=0.0 - threshold=1.0 - loss=6.65
[2026-03-30 12:11:31](logger.py 179): id=CC_FMNIST_C10CFG_K20_E100_DT_1_0 | Ep. 64/100 - Step 175/273 (2.56 it/s) |############        | - loss_cc=4.538 - loss_ce=2.096 - loss_ne=0.0155 - loss_div=0.0 - threshold=1.0 - loss=6.65
[2026-03-30 12:11:41](logger.py 179): id=CC_FMNIST_C10CFG_K20_E100_DT_1_0 | Ep. 64/100 - Step 200/273 (2.56 it/s) |##############      | - loss_cc=4.539 - loss_ce=2.097 - loss_ne=0.016 - loss_div=0.0 - threshold=1.0 - loss=6.652
[2026-03-30 12:11:51](logger.py 179): id=CC_FMNIST_C10CFG_K20_E100_DT_1_0 | Ep. 64/100 - Step 225/273 (2.56 it/s) |################    | - loss_cc=4.539 - loss_ce=2.097 - loss_ne=0.0158 - loss_div=0.0 - threshold=1.0 - loss=6.651
[2026-03-30 12:12:01](logger.py 179): id=CC_FMNIST_C10CFG_K20_E100_DT_1_0 | Ep. 64/100 - Step 250/273 (2.56 it/s) |##################  | - loss_cc=4.538 - loss_ce=2.096 - loss_ne=0.016 - loss_div=0.0 - threshold=1.0 - loss=6.651
[2026-03-30 12:12:09](logger.py 179): id=CC_FMNIST_C10CFG_K20_E100_DT_1_0 | Ep. 64/100 | Time: 00:01 | loss_cc=4.538 - loss_ce=2.096 - loss_ne=0.016 - loss_div=0.0 - threshold=1.0 - loss=6.651
[2026-03-30 12:12:11](logger.py 179): id=CC_FMNIST_C10CFG_K20_E100_DT_1_0 | Ep. 65/100 - Step 0/273 (0.0 it/s) |                    | - loss_cc=4.571 - loss_ce=2.115 - loss_ne=0.00976 - loss_div=0.0 - threshold=1.0 - loss=6.696
[2026-03-30 12:12:21](logger.py 179): id=CC_FMNIST_C10CFG_K20_E100_DT_1_0 | Ep. 65/100 - Step 25/273 (2.57 it/s) |#                   | - loss_cc=4.543 - loss_ce=2.098 - loss_ne=0.0154 - loss_div=0.0 - threshold=1.0 - loss=6.656
[2026-03-30 12:12:31](logger.py 179): id=CC_FMNIST_C10CFG_K20_E100_DT_1_0 | Ep. 65/100 - Step 50/273 (2.56 it/s) |###                 | - loss_cc=4.541 - loss_ce=2.098 - loss_ne=0.0152 - loss_div=0.0 - threshold=1.0 - loss=6.654
[2026-03-30 12:12:40](logger.py 179): id=CC_FMNIST_C10CFG_K20_E100_DT_1_0 | Ep. 65/100 - Step 75/273 (2.56 it/s) |#####               | - loss_cc=4.54 - loss_ce=2.097 - loss_ne=0.0156 - loss_div=0.0 - threshold=1.0 - loss=6.653
[2026-03-30 12:12:50](logger.py 179): id=CC_FMNIST_C10CFG_K20_E100_DT_1_0 | Ep. 65/100 - Step 100/273 (2.56 it/s) |#######             | - loss_cc=4.538 - loss_ce=2.097 - loss_ne=0.0161 - loss_div=0.0 - threshold=1.0 - loss=6.651
[2026-03-30 12:13:00](logger.py 179): id=CC_FMNIST_C10CFG_K20_E100_DT_1_0 | Ep. 65/100 - Step 125/273 (2.57 it/s) |#########           | - loss_cc=4.54 - loss_ce=2.097 - loss_ne=0.0163 - loss_div=0.0 - threshold=1.0 - loss=6.654
[2026-03-30 12:13:10](logger.py 179): id=CC_FMNIST_C10CFG_K20_E100_DT_1_0 | Ep. 65/100 - Step 150/273 (2.56 it/s) |##########          | - loss_cc=4.54 - loss_ce=2.097 - loss_ne=0.0163 - loss_div=0.0 - threshold=1.0 - loss=6.653
[2026-03-30 12:13:19](logger.py 179): id=CC_FMNIST_C10CFG_K20_E100_DT_1_0 | Ep. 65/100 - Step 175/273 (2.57 it/s) |############        | - loss_cc=4.539 - loss_ce=2.097 - loss_ne=0.0166 - loss_div=0.0 - threshold=1.0 - loss=6.652
[2026-03-30 12:13:29](logger.py 179): id=CC_FMNIST_C10CFG_K20_E100_DT_1_0 | Ep. 65/100 - Step 200/273 (2.57 it/s) |##############      | - loss_cc=4.539 - loss_ce=2.097 - loss_ne=0.0165 - loss_div=0.0 - threshold=1.0 - loss=6.652
[2026-03-30 12:13:39](logger.py 179): id=CC_FMNIST_C10CFG_K20_E100_DT_1_0 | Ep. 65/100 - Step 225/273 (2.57 it/s) |################    | - loss_cc=4.538 - loss_ce=2.097 - loss_ne=0.0164 - loss_div=0.0 - threshold=1.0 - loss=6.652
[2026-03-30 12:13:49](logger.py 179): id=CC_FMNIST_C10CFG_K20_E100_DT_1_0 | Ep. 65/100 - Step 250/273 (2.57 it/s) |##################  | - loss_cc=4.538 - loss_ce=2.097 - loss_ne=0.0163 - loss_div=0.0 - threshold=1.0 - loss=6.651
[2026-03-30 12:13:57](logger.py 179): id=CC_FMNIST_C10CFG_K20_E100_DT_1_0 | Ep. 65/100 | Time: 00:01 | loss_cc=4.538 - loss_ce=2.097 - loss_ne=0.0161 - loss_div=0.0 - threshold=1.0 - loss=6.651
[2026-03-30 12:13:59](logger.py 179): id=CC_FMNIST_C10CFG_K20_E100_DT_1_0 | Ep. 66/100 - Step 0/273 (0.0 it/s) |                    | - loss_cc=4.566 - loss_ce=2.116 - loss_ne=0.0179 - loss_div=0.0 - threshold=1.0 - loss=6.699
[2026-03-30 12:14:09](logger.py 179): id=CC_FMNIST_C10CFG_K20_E100_DT_1_0 | Ep. 66/100 - Step 25/273 (2.56 it/s) |#                   | - loss_cc=4.534 - loss_ce=2.095 - loss_ne=0.0186 - loss_div=0.0 - threshold=1.0 - loss=6.647
[2026-03-30 12:14:19](logger.py 179): id=CC_FMNIST_C10CFG_K20_E100_DT_1_0 | Ep. 66/100 - Step 50/273 (2.56 it/s) |###                 | - loss_cc=4.54 - loss_ce=2.096 - loss_ne=0.0179 - loss_div=0.0 - threshold=1.0 - loss=6.654
[2026-03-30 12:14:28](logger.py 179): id=CC_FMNIST_C10CFG_K20_E100_DT_1_0 | Ep. 66/100 - Step 75/273 (2.56 it/s) |#####               | - loss_cc=4.538 - loss_ce=2.096 - loss_ne=0.0169 - loss_div=0.0 - threshold=1.0 - loss=6.651
[2026-03-30 12:14:38](logger.py 179): id=CC_FMNIST_C10CFG_K20_E100_DT_1_0 | Ep. 66/100 - Step 100/273 (2.56 it/s) |#######             | - loss_cc=4.539 - loss_ce=2.096 - loss_ne=0.0162 - loss_div=0.0 - threshold=1.0 - loss=6.652
[2026-03-30 12:14:48](logger.py 179): id=CC_FMNIST_C10CFG_K20_E100_DT_1_0 | Ep. 66/100 - Step 125/273 (2.56 it/s) |#########           | - loss_cc=4.538 - loss_ce=2.096 - loss_ne=0.0163 - loss_div=0.0 - threshold=1.0 - loss=6.651
[2026-03-30 12:14:58](logger.py 179): id=CC_FMNIST_C10CFG_K20_E100_DT_1_0 | Ep. 66/100 - Step 150/273 (2.56 it/s) |##########          | - loss_cc=4.537 - loss_ce=2.096 - loss_ne=0.0162 - loss_div=0.0 - threshold=1.0 - loss=6.649
[2026-03-30 12:15:07](logger.py 179): id=CC_FMNIST_C10CFG_K20_E100_DT_1_0 | Ep. 66/100 - Step 175/273 (2.56 it/s) |############        | - loss_cc=4.537 - loss_ce=2.096 - loss_ne=0.0163 - loss_div=0.0 - threshold=1.0 - loss=6.649
[2026-03-30 12:15:17](logger.py 179): id=CC_FMNIST_C10CFG_K20_E100_DT_1_0 | Ep. 66/100 - Step 200/273 (2.56 it/s) |##############      | - loss_cc=4.538 - loss_ce=2.096 - loss_ne=0.0163 - loss_div=0.0 - threshold=1.0 - loss=6.649
[2026-03-30 12:15:27](logger.py 179): id=CC_FMNIST_C10CFG_K20_E100_DT_1_0 | Ep. 66/100 - Step 225/273 (2.56 it/s) |################    | - loss_cc=4.538 - loss_ce=2.096 - loss_ne=0.0161 - loss_div=0.0 - threshold=1.0 - loss=6.65
[2026-03-30 12:15:37](logger.py 179): id=CC_FMNIST_C10CFG_K20_E100_DT_1_0 | Ep. 66/100 - Step 250/273 (2.56 it/s) |##################  | - loss_cc=4.538 - loss_ce=2.096 - loss_ne=0.0161 - loss_div=0.0 - threshold=1.0 - loss=6.65
[2026-03-30 12:15:45](logger.py 179): id=CC_FMNIST_C10CFG_K20_E100_DT_1_0 | Ep. 66/100 | Time: 00:01 | loss_cc=4.538 - loss_ce=2.096 - loss_ne=0.0164 - loss_div=0.0 - threshold=1.0 - loss=6.65
[2026-03-30 12:15:47](logger.py 179): id=CC_FMNIST_C10CFG_K20_E100_DT_1_0 | Ep. 67/100 - Step 0/273 (0.0 it/s) |                    | - loss_cc=4.543 - loss_ce=2.096 - loss_ne=0.0183 - loss_div=0.0 - threshold=1.0 - loss=6.657
[2026-03-30 12:15:57](logger.py 179): id=CC_FMNIST_C10CFG_K20_E100_DT_1_0 | Ep. 67/100 - Step 25/273 (2.56 it/s) |#                   | - loss_cc=4.542 - loss_ce=2.099 - loss_ne=0.0136 - loss_div=0.0 - threshold=1.0 - loss=6.655
[2026-03-30 12:16:07](logger.py 179): id=CC_FMNIST_C10CFG_K20_E100_DT_1_0 | Ep. 67/100 - Step 50/273 (2.55 it/s) |###                 | - loss_cc=4.538 - loss_ce=2.096 - loss_ne=0.0134 - loss_div=0.0 - threshold=1.0 - loss=6.647
[2026-03-30 12:16:17](logger.py 179): id=CC_FMNIST_C10CFG_K20_E100_DT_1_0 | Ep. 67/100 - Step 75/273 (2.56 it/s) |#####               | - loss_cc=4.537 - loss_ce=2.096 - loss_ne=0.014 - loss_div=0.0 - threshold=1.0 - loss=6.647
[2026-03-30 12:16:27](logger.py 179): id=CC_FMNIST_C10CFG_K20_E100_DT_1_0 | Ep. 67/100 - Step 100/273 (2.56 it/s) |#######             | - loss_cc=4.536 - loss_ce=2.096 - loss_ne=0.0144 - loss_div=0.0 - threshold=1.0 - loss=6.646
[2026-03-30 12:16:36](logger.py 179): id=CC_FMNIST_C10CFG_K20_E100_DT_1_0 | Ep. 67/100 - Step 125/273 (2.56 it/s) |#########           | - loss_cc=4.536 - loss_ce=2.095 - loss_ne=0.0145 - loss_div=0.0 - threshold=1.0 - loss=6.645
[2026-03-30 12:16:46](logger.py 179): id=CC_FMNIST_C10CFG_K20_E100_DT_1_0 | Ep. 67/100 - Step 150/273 (2.56 it/s) |##########          | - loss_cc=4.537 - loss_ce=2.096 - loss_ne=0.0149 - loss_div=0.0 - threshold=1.0 - loss=6.647
[2026-03-30 12:16:56](logger.py 179): id=CC_FMNIST_C10CFG_K20_E100_DT_1_0 | Ep. 67/100 - Step 175/273 (2.56 it/s) |############        | - loss_cc=4.536 - loss_ce=2.095 - loss_ne=0.0148 - loss_div=0.0 - threshold=1.0 - loss=6.647
[2026-03-30 12:17:06](logger.py 179): id=CC_FMNIST_C10CFG_K20_E100_DT_1_0 | Ep. 67/100 - Step 200/273 (2.56 it/s) |##############      | - loss_cc=4.537 - loss_ce=2.096 - loss_ne=0.015 - loss_div=0.0 - threshold=1.0 - loss=6.648
[2026-03-30 12:17:15](logger.py 179): id=CC_FMNIST_C10CFG_K20_E100_DT_1_0 | Ep. 67/100 - Step 225/273 (2.56 it/s) |################    | - loss_cc=4.538 - loss_ce=2.096 - loss_ne=0.0149 - loss_div=0.0 - threshold=1.0 - loss=6.649
[2026-03-30 12:17:25](logger.py 179): id=CC_FMNIST_C10CFG_K20_E100_DT_1_0 | Ep. 67/100 - Step 250/273 (2.56 it/s) |##################  | - loss_cc=4.538 - loss_ce=2.096 - loss_ne=0.0149 - loss_div=0.0 - threshold=1.0 - loss=6.649
[2026-03-30 12:17:34](logger.py 179): id=CC_FMNIST_C10CFG_K20_E100_DT_1_0 | Ep. 67/100 | Time: 00:01 | loss_cc=4.538 - loss_ce=2.096 - loss_ne=0.015 - loss_div=0.0 - threshold=1.0 - loss=6.649
[2026-03-30 12:17:36](logger.py 179): id=CC_FMNIST_C10CFG_K20_E100_DT_1_0 | Ep. 68/100 - Step 0/273 (0.0 it/s) |                    | - loss_cc=4.499 - loss_ce=2.086 - loss_ne=0.0192 - loss_div=0.0 - threshold=1.0 - loss=6.604
[2026-03-30 12:17:45](logger.py 179): id=CC_FMNIST_C10CFG_K20_E100_DT_1_0 | Ep. 68/100 - Step 25/273 (2.57 it/s) |#                   | - loss_cc=4.533 - loss_ce=2.096 - loss_ne=0.0144 - loss_div=0.0 - threshold=1.0 - loss=6.644
[2026-03-30 12:17:55](logger.py 179): id=CC_FMNIST_C10CFG_K20_E100_DT_1_0 | Ep. 68/100 - Step 50/273 (2.57 it/s) |###                 | - loss_cc=4.536 - loss_ce=2.097 - loss_ne=0.0149 - loss_div=0.0 - threshold=1.0 - loss=6.649
[2026-03-30 12:18:05](logger.py 179): id=CC_FMNIST_C10CFG_K20_E100_DT_1_0 | Ep. 68/100 - Step 75/273 (2.57 it/s) |#####               | - loss_cc=4.534 - loss_ce=2.096 - loss_ne=0.0153 - loss_div=0.0 - threshold=1.0 - loss=6.645
[2026-03-30 12:18:15](logger.py 179): id=CC_FMNIST_C10CFG_K20_E100_DT_1_0 | Ep. 68/100 - Step 100/273 (2.56 it/s) |#######             | - loss_cc=4.535 - loss_ce=2.096 - loss_ne=0.0151 - loss_div=0.0 - threshold=1.0 - loss=6.647
[2026-03-30 12:18:24](logger.py 179): id=CC_FMNIST_C10CFG_K20_E100_DT_1_0 | Ep. 68/100 - Step 125/273 (2.56 it/s) |#########           | - loss_cc=4.535 - loss_ce=2.096 - loss_ne=0.0154 - loss_div=0.0 - threshold=1.0 - loss=6.646
[2026-03-30 12:18:34](logger.py 179): id=CC_FMNIST_C10CFG_K20_E100_DT_1_0 | Ep. 68/100 - Step 150/273 (2.56 it/s) |##########          | - loss_cc=4.534 - loss_ce=2.096 - loss_ne=0.0157 - loss_div=0.0 - threshold=1.0 - loss=6.646
[2026-03-30 12:18:44](logger.py 179): id=CC_FMNIST_C10CFG_K20_E100_DT_1_0 | Ep. 68/100 - Step 175/273 (2.56 it/s) |############        | - loss_cc=4.535 - loss_ce=2.096 - loss_ne=0.0157 - loss_div=0.0 - threshold=1.0 - loss=6.646
[2026-03-30 12:18:54](logger.py 179): id=CC_FMNIST_C10CFG_K20_E100_DT_1_0 | Ep. 68/100 - Step 200/273 (2.56 it/s) |##############      | - loss_cc=4.534 - loss_ce=2.096 - loss_ne=0.0158 - loss_div=0.0 - threshold=1.0 - loss=6.646
[2026-03-30 12:19:03](logger.py 179): id=CC_FMNIST_C10CFG_K20_E100_DT_1_0 | Ep. 68/100 - Step 225/273 (2.56 it/s) |################    | - loss_cc=4.536 - loss_ce=2.096 - loss_ne=0.016 - loss_div=0.0 - threshold=1.0 - loss=6.648
[2026-03-30 12:19:13](logger.py 179): id=CC_FMNIST_C10CFG_K20_E100_DT_1_0 | Ep. 68/100 - Step 250/273 (2.56 it/s) |##################  | - loss_cc=4.535 - loss_ce=2.096 - loss_ne=0.0158 - loss_div=0.0 - threshold=1.0 - loss=6.647
[2026-03-30 12:19:22](logger.py 179): id=CC_FMNIST_C10CFG_K20_E100_DT_1_0 | Ep. 68/100 | Time: 00:01 | loss_cc=4.535 - loss_ce=2.096 - loss_ne=0.0159 - loss_div=0.0 - threshold=1.0 - loss=6.646
[2026-03-30 12:19:24](logger.py 179): id=CC_FMNIST_C10CFG_K20_E100_DT_1_0 | Ep. 69/100 - Step 0/273 (0.0 it/s) |                    | - loss_cc=4.554 - loss_ce=2.101 - loss_ne=0.0216 - loss_div=0.0 - threshold=1.0 - loss=6.677
[2026-03-30 12:19:34](logger.py 179): id=CC_FMNIST_C10CFG_K20_E100_DT_1_0 | Ep. 69/100 - Step 25/273 (2.56 it/s) |#                   | - loss_cc=4.541 - loss_ce=2.095 - loss_ne=0.0135 - loss_div=0.0 - threshold=1.0 - loss=6.65
[2026-03-30 12:19:43](logger.py 179): id=CC_FMNIST_C10CFG_K20_E100_DT_1_0 | Ep. 69/100 - Step 50/273 (2.56 it/s) |###                 | - loss_cc=4.542 - loss_ce=2.097 - loss_ne=0.0137 - loss_div=0.0 - threshold=1.0 - loss=6.652
[2026-03-30 12:19:53](logger.py 179): id=CC_FMNIST_C10CFG_K20_E100_DT_1_0 | Ep. 69/100 - Step 75/273 (2.56 it/s) |#####               | - loss_cc=4.541 - loss_ce=2.097 - loss_ne=0.0146 - loss_div=0.0 - threshold=1.0 - loss=6.653
[2026-03-30 12:20:03](logger.py 179): id=CC_FMNIST_C10CFG_K20_E100_DT_1_0 | Ep. 69/100 - Step 100/273 (2.56 it/s) |#######             | - loss_cc=4.54 - loss_ce=2.097 - loss_ne=0.0143 - loss_div=0.0 - threshold=1.0 - loss=6.651
[2026-03-30 12:20:13](logger.py 179): id=CC_FMNIST_C10CFG_K20_E100_DT_1_0 | Ep. 69/100 - Step 125/273 (2.55 it/s) |#########           | - loss_cc=4.539 - loss_ce=2.097 - loss_ne=0.0146 - loss_div=0.0 - threshold=1.0 - loss=6.651
[2026-03-30 12:20:23](logger.py 179): id=CC_FMNIST_C10CFG_K20_E100_DT_1_0 | Ep. 69/100 - Step 150/273 (2.55 it/s) |##########          | - loss_cc=4.538 - loss_ce=2.097 - loss_ne=0.0146 - loss_div=0.0 - threshold=1.0 - loss=6.649
[2026-03-30 12:20:32](logger.py 179): id=CC_FMNIST_C10CFG_K20_E100_DT_1_0 | Ep. 69/100 - Step 175/273 (2.55 it/s) |############        | - loss_cc=4.539 - loss_ce=2.097 - loss_ne=0.0147 - loss_div=0.0 - threshold=1.0 - loss=6.65
[2026-03-30 12:20:42](logger.py 179): id=CC_FMNIST_C10CFG_K20_E100_DT_1_0 | Ep. 69/100 - Step 200/273 (2.55 it/s) |##############      | - loss_cc=4.538 - loss_ce=2.096 - loss_ne=0.0149 - loss_div=0.0 - threshold=1.0 - loss=6.65
[2026-03-30 12:20:52](logger.py 179): id=CC_FMNIST_C10CFG_K20_E100_DT_1_0 | Ep. 69/100 - Step 225/273 (2.55 it/s) |################    | - loss_cc=4.538 - loss_ce=2.096 - loss_ne=0.0147 - loss_div=0.0 - threshold=1.0 - loss=6.649
[2026-03-30 12:21:02](logger.py 179): id=CC_FMNIST_C10CFG_K20_E100_DT_1_0 | Ep. 69/100 - Step 250/273 (2.55 it/s) |##################  | - loss_cc=4.537 - loss_ce=2.096 - loss_ne=0.0146 - loss_div=0.0 - threshold=1.0 - loss=6.648
[2026-03-30 12:21:10](logger.py 179): id=CC_FMNIST_C10CFG_K20_E100_DT_1_0 | Ep. 69/100 | Time: 00:01 | loss_cc=4.537 - loss_ce=2.096 - loss_ne=0.0145 - loss_div=0.0 - threshold=1.0 - loss=6.648
[2026-03-30 12:21:12](logger.py 179): id=CC_FMNIST_C10CFG_K20_E100_DT_1_0 | Ep. 70/100 - Step 0/273 (0.0 it/s) |                    | - loss_cc=4.512 - loss_ce=2.091 - loss_ne=0.00947 - loss_div=0.0 - threshold=1.0 - loss=6.612
[2026-03-30 12:21:22](logger.py 179): id=CC_FMNIST_C10CFG_K20_E100_DT_1_0 | Ep. 70/100 - Step 25/273 (2.56 it/s) |#                   | - loss_cc=4.538 - loss_ce=2.098 - loss_ne=0.0155 - loss_div=0.0 - threshold=1.0 - loss=6.651
[2026-03-30 12:21:32](logger.py 179): id=CC_FMNIST_C10CFG_K20_E100_DT_1_0 | Ep. 70/100 - Step 50/273 (2.56 it/s) |###                 | - loss_cc=4.537 - loss_ce=2.098 - loss_ne=0.015 - loss_div=0.0 - threshold=1.0 - loss=6.65
[2026-03-30 12:21:42](logger.py 179): id=CC_FMNIST_C10CFG_K20_E100_DT_1_0 | Ep. 70/100 - Step 75/273 (2.56 it/s) |#####               | - loss_cc=4.537 - loss_ce=2.098 - loss_ne=0.0157 - loss_div=0.0 - threshold=1.0 - loss=6.65
[2026-03-30 12:21:52](logger.py 179): id=CC_FMNIST_C10CFG_K20_E100_DT_1_0 | Ep. 70/100 - Step 100/273 (2.56 it/s) |#######             | - loss_cc=4.536 - loss_ce=2.097 - loss_ne=0.0149 - loss_div=0.0 - threshold=1.0 - loss=6.648
[2026-03-30 12:22:01](logger.py 179): id=CC_FMNIST_C10CFG_K20_E100_DT_1_0 | Ep. 70/100 - Step 125/273 (2.56 it/s) |#########           | - loss_cc=4.535 - loss_ce=2.096 - loss_ne=0.0149 - loss_div=0.0 - threshold=1.0 - loss=6.646
[2026-03-30 12:22:11](logger.py 179): id=CC_FMNIST_C10CFG_K20_E100_DT_1_0 | Ep. 70/100 - Step 150/273 (2.56 it/s) |##########          | - loss_cc=4.535 - loss_ce=2.096 - loss_ne=0.0148 - loss_div=0.0 - threshold=1.0 - loss=6.646
[2026-03-30 12:22:21](logger.py 179): id=CC_FMNIST_C10CFG_K20_E100_DT_1_0 | Ep. 70/100 - Step 175/273 (2.56 it/s) |############        | - loss_cc=4.535 - loss_ce=2.096 - loss_ne=0.015 - loss_div=0.0 - threshold=1.0 - loss=6.646
[2026-03-30 12:22:31](logger.py 179): id=CC_FMNIST_C10CFG_K20_E100_DT_1_0 | Ep. 70/100 - Step 200/273 (2.56 it/s) |##############      | - loss_cc=4.535 - loss_ce=2.096 - loss_ne=0.0149 - loss_div=0.0 - threshold=1.0 - loss=6.646
[2026-03-30 12:22:40](logger.py 179): id=CC_FMNIST_C10CFG_K20_E100_DT_1_0 | Ep. 70/100 - Step 225/273 (2.56 it/s) |################    | - loss_cc=4.535 - loss_ce=2.097 - loss_ne=0.0148 - loss_div=0.0 - threshold=1.0 - loss=6.647
[2026-03-30 12:22:50](logger.py 179): id=CC_FMNIST_C10CFG_K20_E100_DT_1_0 | Ep. 70/100 - Step 250/273 (2.56 it/s) |##################  | - loss_cc=4.536 - loss_ce=2.097 - loss_ne=0.015 - loss_div=0.0 - threshold=1.0 - loss=6.648
[2026-03-30 12:22:59](logger.py 179): Evaluating
[2026-03-30 12:22:59](logger.py 179): Eval. step 0 of 274
[2026-03-30 12:23:01](logger.py 179): Eval. step 25 of 274
[2026-03-30 12:23:04](logger.py 179): Eval. step 50 of 274
[2026-03-30 12:23:06](logger.py 179): Eval. step 75 of 274
[2026-03-30 12:23:08](logger.py 179): Eval. step 100 of 274
[2026-03-30 12:23:11](logger.py 179): Eval. step 125 of 274
[2026-03-30 12:23:13](logger.py 179): Eval. step 150 of 274
[2026-03-30 12:23:15](logger.py 179): Eval. step 175 of 274
[2026-03-30 12:23:18](logger.py 179): Eval. step 200 of 274
[2026-03-30 12:23:20](logger.py 179): Eval. step 225 of 274
[2026-03-30 12:23:22](logger.py 179): Eval. step 250 of 274
[2026-03-30 12:23:26](logger.py 179): id=CC_FMNIST_C10CFG_K20_E100_DT_1_0 | Ep. 70/100 | Time: 00:02 | loss_cc=4.536 - loss_ce=2.097 - loss_ne=0.0151 - loss_div=0.0 - threshold=1.0 - loss=6.648 - eval_confidence=0.901 - cluster_acc_0_eval=64.93 - cluster_nmi_0_eval=0.633 - cluster_ari_0_eval=0.535 - cluster_acc_1_eval=65.0 - cluster_nmi_1_eval=0.634 - cluster_ari_1_eval=0.536 - cluster_acc_2_eval=64.98 - cluster_nmi_2_eval=0.633 - cluster_ari_2_eval=0.535 - cluster_acc_3_eval=64.93 - cluster_nmi_3_eval=0.633 - cluster_ari_3_eval=0.535 - cluster_acc_4_eval=64.91 - cluster_nmi_4_eval=0.632 - cluster_ari_4_eval=0.534 - cluster_acc_5_eval=64.96 - cluster_nmi_5_eval=0.633 - cluster_ari_5_eval=0.535 - cluster_acc_6_eval=64.98 - cluster_nmi_6_eval=0.634 - cluster_ari_6_eval=0.535 - cluster_acc_7_eval=65.0 - cluster_nmi_7_eval=0.634 - cluster_ari_7_eval=0.536 - cluster_acc_8_eval=64.95 - cluster_nmi_8_eval=0.633 - cluster_ari_8_eval=0.535 - cluster_acc_9_eval=64.97 - cluster_nmi_9_eval=0.634 - cluster_ari_9_eval=0.535 - cluster_acc_10_eval=64.95 - cluster_nmi_10_eval=0.634 - cluster_ari_10_eval=0.535 - cluster_acc_11_eval=64.94 - cluster_nmi_11_eval=0.634 - cluster_ari_11_eval=0.535 - cluster_acc_12_eval=65.01 - cluster_nmi_12_eval=0.634 - cluster_ari_12_eval=0.535 - cluster_acc_13_eval=65.01 - cluster_nmi_13_eval=0.633 - cluster_ari_13_eval=0.535 - cluster_acc_14_eval=64.92 - cluster_nmi_14_eval=0.634 - cluster_ari_14_eval=0.535 - cluster_acc_15_eval=64.96 - cluster_nmi_15_eval=0.634 - cluster_ari_15_eval=0.535 - cluster_acc_16_eval=64.95 - cluster_nmi_16_eval=0.634 - cluster_ari_16_eval=0.535 - cluster_acc_17_eval=65.03 - cluster_nmi_17_eval=0.634 - cluster_ari_17_eval=0.536 - cluster_acc_18_eval=64.95 - cluster_nmi_18_eval=0.633 - cluster_ari_18_eval=0.535 - cluster_acc_19_eval=65.03 - cluster_nmi_19_eval=0.634 - cluster_ari_19_eval=0.536 - max_cluster_acc_eval=65.03 - mean_cluster_acc_eval=64.97 - min_cluster_acc_eval=64.91 - max_cluster_nmi_eval=0.634 - mean_cluster_nmi_eval=0.634 - min_cluster_nmi_eval=0.632 - max_cluster_ari_eval=0.536 - mean_cluster_ari_eval=0.535 - min_cluster_ari_eval=0.534 - interclustering_nmi_eval=0.981
/scratch/e0538389/DivClust/engine/trainer.py:41: FutureWarning: `torch.cuda.amp.autocast(args...)` is deprecated. Please use `torch.amp.autocast('cuda', args...)` instead.
  with autocast(self.mixed_precision):
[2026-03-30 12:23:28](logger.py 179): id=CC_FMNIST_C10CFG_K20_E100_DT_1_0 | Ep. 71/100 - Step 0/273 (0.0 it/s) |                    | - loss_cc=4.555 - loss_ce=2.096 - loss_ne=0.00915 - loss_div=0.0 - threshold=1.0 - loss=6.661
[2026-03-30 12:23:38](logger.py 179): id=CC_FMNIST_C10CFG_K20_E100_DT_1_0 | Ep. 71/100 - Step 25/273 (2.56 it/s) |#                   | - loss_cc=4.542 - loss_ce=2.098 - loss_ne=0.0134 - loss_div=0.0 - threshold=1.0 - loss=6.653
[2026-03-30 12:23:48](logger.py 179): id=CC_FMNIST_C10CFG_K20_E100_DT_1_0 | Ep. 71/100 - Step 50/273 (2.56 it/s) |###                 | - loss_cc=4.537 - loss_ce=2.096 - loss_ne=0.0134 - loss_div=0.0 - threshold=1.0 - loss=6.646
[2026-03-30 12:23:58](logger.py 179): id=CC_FMNIST_C10CFG_K20_E100_DT_1_0 | Ep. 71/100 - Step 75/273 (2.56 it/s) |#####               | - loss_cc=4.534 - loss_ce=2.095 - loss_ne=0.0135 - loss_div=0.0 - threshold=1.0 - loss=6.643
[2026-03-30 12:24:07](logger.py 179): id=CC_FMNIST_C10CFG_K20_E100_DT_1_0 | Ep. 71/100 - Step 100/273 (2.56 it/s) |#######             | - loss_cc=4.533 - loss_ce=2.095 - loss_ne=0.0137 - loss_div=0.0 - threshold=1.0 - loss=6.642
[2026-03-30 12:24:17](logger.py 179): id=CC_FMNIST_C10CFG_K20_E100_DT_1_0 | Ep. 71/100 - Step 125/273 (2.56 it/s) |#########           | - loss_cc=4.531 - loss_ce=2.094 - loss_ne=0.014 - loss_div=0.0 - threshold=1.0 - loss=6.639
[2026-03-30 12:24:27](logger.py 179): id=CC_FMNIST_C10CFG_K20_E100_DT_1_0 | Ep. 71/100 - Step 150/273 (2.56 it/s) |##########          | - loss_cc=4.532 - loss_ce=2.094 - loss_ne=0.0141 - loss_div=0.0 - threshold=1.0 - loss=6.641
[2026-03-30 12:24:37](logger.py 179): id=CC_FMNIST_C10CFG_K20_E100_DT_1_0 | Ep. 71/100 - Step 175/273 (2.56 it/s) |############        | - loss_cc=4.532 - loss_ce=2.094 - loss_ne=0.0141 - loss_div=0.0 - threshold=1.0 - loss=6.64
[2026-03-30 12:24:47](logger.py 179): id=CC_FMNIST_C10CFG_K20_E100_DT_1_0 | Ep. 71/100 - Step 200/273 (2.56 it/s) |##############      | - loss_cc=4.533 - loss_ce=2.095 - loss_ne=0.0142 - loss_div=0.0 - threshold=1.0 - loss=6.642
[2026-03-30 12:24:56](logger.py 179): id=CC_FMNIST_C10CFG_K20_E100_DT_1_0 | Ep. 71/100 - Step 225/273 (2.56 it/s) |################    | - loss_cc=4.533 - loss_ce=2.095 - loss_ne=0.0141 - loss_div=0.0 - threshold=1.0 - loss=6.642
[2026-03-30 12:25:06](logger.py 179): id=CC_FMNIST_C10CFG_K20_E100_DT_1_0 | Ep. 71/100 - Step 250/273 (2.56 it/s) |##################  | - loss_cc=4.533 - loss_ce=2.095 - loss_ne=0.0142 - loss_div=0.0 - threshold=1.0 - loss=6.642
[2026-03-30 12:25:15](logger.py 179): id=CC_FMNIST_C10CFG_K20_E100_DT_1_0 | Ep. 71/100 | Time: 00:01 | loss_cc=4.533 - loss_ce=2.095 - loss_ne=0.0142 - loss_div=0.0 - threshold=1.0 - loss=6.643
[2026-03-30 12:25:17](logger.py 179): id=CC_FMNIST_C10CFG_K20_E100_DT_1_0 | Ep. 72/100 - Step 0/273 (0.0 it/s) |                    | - loss_cc=4.556 - loss_ce=2.11 - loss_ne=0.0134 - loss_div=0.0 - threshold=1.0 - loss=6.679
[2026-03-30 12:25:26](logger.py 179): id=CC_FMNIST_C10CFG_K20_E100_DT_1_0 | Ep. 72/100 - Step 25/273 (2.57 it/s) |#                   | - loss_cc=4.527 - loss_ce=2.095 - loss_ne=0.0156 - loss_div=0.0 - threshold=1.0 - loss=6.637
[2026-03-30 12:25:36](logger.py 179): id=CC_FMNIST_C10CFG_K20_E100_DT_1_0 | Ep. 72/100 - Step 50/273 (2.56 it/s) |###                 | - loss_cc=4.53 - loss_ce=2.095 - loss_ne=0.0139 - loss_div=0.0 - threshold=1.0 - loss=6.639
[2026-03-30 12:25:46](logger.py 179): id=CC_FMNIST_C10CFG_K20_E100_DT_1_0 | Ep. 72/100 - Step 75/273 (2.56 it/s) |#####               | - loss_cc=4.532 - loss_ce=2.096 - loss_ne=0.0145 - loss_div=0.0 - threshold=1.0 - loss=6.642
[2026-03-30 12:25:56](logger.py 179): id=CC_FMNIST_C10CFG_K20_E100_DT_1_0 | Ep. 72/100 - Step 100/273 (2.56 it/s) |#######             | - loss_cc=4.531 - loss_ce=2.095 - loss_ne=0.015 - loss_div=0.0 - threshold=1.0 - loss=6.641
[2026-03-30 12:26:05](logger.py 179): id=CC_FMNIST_C10CFG_K20_E100_DT_1_0 | Ep. 72/100 - Step 125/273 (2.56 it/s) |#########           | - loss_cc=4.531 - loss_ce=2.095 - loss_ne=0.0153 - loss_div=0.0 - threshold=1.0 - loss=6.64
[2026-03-30 12:26:15](logger.py 179): id=CC_FMNIST_C10CFG_K20_E100_DT_1_0 | Ep. 72/100 - Step 150/273 (2.56 it/s) |##########          | - loss_cc=4.531 - loss_ce=2.095 - loss_ne=0.0158 - loss_div=0.0 - threshold=1.0 - loss=6.642
[2026-03-30 12:26:25](logger.py 179): id=CC_FMNIST_C10CFG_K20_E100_DT_1_0 | Ep. 72/100 - Step 175/273 (2.56 it/s) |############        | - loss_cc=4.532 - loss_ce=2.095 - loss_ne=0.0161 - loss_div=0.0 - threshold=1.0 - loss=6.643
[2026-03-30 12:26:35](logger.py 179): id=CC_FMNIST_C10CFG_K20_E100_DT_1_0 | Ep. 72/100 - Step 200/273 (2.56 it/s) |##############      | - loss_cc=4.532 - loss_ce=2.095 - loss_ne=0.0161 - loss_div=0.0 - threshold=1.0 - loss=6.643
[2026-03-30 12:26:45](logger.py 179): id=CC_FMNIST_C10CFG_K20_E100_DT_1_0 | Ep. 72/100 - Step 225/273 (2.56 it/s) |################    | - loss_cc=4.531 - loss_ce=2.095 - loss_ne=0.0159 - loss_div=0.0 - threshold=1.0 - loss=6.642
[2026-03-30 12:26:54](logger.py 179): id=CC_FMNIST_C10CFG_K20_E100_DT_1_0 | Ep. 72/100 - Step 250/273 (2.56 it/s) |##################  | - loss_cc=4.531 - loss_ce=2.095 - loss_ne=0.016 - loss_div=0.0 - threshold=1.0 - loss=6.642
[2026-03-30 12:27:03](logger.py 179): id=CC_FMNIST_C10CFG_K20_E100_DT_1_0 | Ep. 72/100 | Time: 00:01 | loss_cc=4.53 - loss_ce=2.095 - loss_ne=0.0159 - loss_div=0.0 - threshold=1.0 - loss=6.641
[2026-03-30 12:27:05](logger.py 179): id=CC_FMNIST_C10CFG_K20_E100_DT_1_0 | Ep. 73/100 - Step 0/273 (0.0 it/s) |                    | - loss_cc=4.551 - loss_ce=2.093 - loss_ne=0.00608 - loss_div=0.0 - threshold=1.0 - loss=6.65
[2026-03-30 12:27:15](logger.py 179): id=CC_FMNIST_C10CFG_K20_E100_DT_1_0 | Ep. 73/100 - Step 25/273 (2.56 it/s) |#                   | - loss_cc=4.533 - loss_ce=2.094 - loss_ne=0.0174 - loss_div=0.0 - threshold=1.0 - loss=6.644
[2026-03-30 12:27:24](logger.py 179): id=CC_FMNIST_C10CFG_K20_E100_DT_1_0 | Ep. 73/100 - Step 50/273 (2.56 it/s) |###                 | - loss_cc=4.535 - loss_ce=2.096 - loss_ne=0.0167 - loss_div=0.0 - threshold=1.0 - loss=6.648
[2026-03-30 12:27:34](logger.py 179): id=CC_FMNIST_C10CFG_K20_E100_DT_1_0 | Ep. 73/100 - Step 75/273 (2.56 it/s) |#####               | - loss_cc=4.534 - loss_ce=2.096 - loss_ne=0.0157 - loss_div=0.0 - threshold=1.0 - loss=6.645
[2026-03-30 12:27:44](logger.py 179): id=CC_FMNIST_C10CFG_K20_E100_DT_1_0 | Ep. 73/100 - Step 100/273 (2.56 it/s) |#######             | - loss_cc=4.534 - loss_ce=2.096 - loss_ne=0.0151 - loss_div=0.0 - threshold=1.0 - loss=6.645
[2026-03-30 12:27:54](logger.py 179): id=CC_FMNIST_C10CFG_K20_E100_DT_1_0 | Ep. 73/100 - Step 125/273 (2.56 it/s) |#########           | - loss_cc=4.534 - loss_ce=2.096 - loss_ne=0.0148 - loss_div=0.0 - threshold=1.0 - loss=6.645
[2026-03-30 12:28:03](logger.py 179): id=CC_FMNIST_C10CFG_K20_E100_DT_1_0 | Ep. 73/100 - Step 150/273 (2.56 it/s) |##########          | - loss_cc=4.534 - loss_ce=2.096 - loss_ne=0.0151 - loss_div=0.0 - threshold=1.0 - loss=6.644
[2026-03-30 12:28:13](logger.py 179): id=CC_FMNIST_C10CFG_K20_E100_DT_1_0 | Ep. 73/100 - Step 175/273 (2.56 it/s) |############        | - loss_cc=4.534 - loss_ce=2.096 - loss_ne=0.0152 - loss_div=0.0 - threshold=1.0 - loss=6.645
[2026-03-30 12:28:23](logger.py 179): id=CC_FMNIST_C10CFG_K20_E100_DT_1_0 | Ep. 73/100 - Step 200/273 (2.56 it/s) |##############      | - loss_cc=4.535 - loss_ce=2.096 - loss_ne=0.0154 - loss_div=0.0 - threshold=1.0 - loss=6.646
[2026-03-30 12:28:33](logger.py 179): id=CC_FMNIST_C10CFG_K20_E100_DT_1_0 | Ep. 73/100 - Step 225/273 (2.56 it/s) |################    | - loss_cc=4.534 - loss_ce=2.096 - loss_ne=0.0155 - loss_div=0.0 - threshold=1.0 - loss=6.646
[2026-03-30 12:28:42](logger.py 179): id=CC_FMNIST_C10CFG_K20_E100_DT_1_0 | Ep. 73/100 - Step 250/273 (2.56 it/s) |##################  | - loss_cc=4.535 - loss_ce=2.096 - loss_ne=0.0155 - loss_div=0.0 - threshold=1.0 - loss=6.647
[2026-03-30 12:28:51](logger.py 179): id=CC_FMNIST_C10CFG_K20_E100_DT_1_0 | Ep. 73/100 | Time: 00:01 | loss_cc=4.535 - loss_ce=2.096 - loss_ne=0.0154 - loss_div=0.0 - threshold=1.0 - loss=6.647
[2026-03-30 12:28:53](logger.py 179): id=CC_FMNIST_C10CFG_K20_E100_DT_1_0 | Ep. 74/100 - Step 0/273 (0.0 it/s) |                    | - loss_cc=4.544 - loss_ce=2.1 - loss_ne=0.0145 - loss_div=0.0 - threshold=1.0 - loss=6.658
[2026-03-30 12:29:03](logger.py 179): id=CC_FMNIST_C10CFG_K20_E100_DT_1_0 | Ep. 74/100 - Step 25/273 (2.57 it/s) |#                   | - loss_cc=4.528 - loss_ce=2.094 - loss_ne=0.0172 - loss_div=0.0 - threshold=1.0 - loss=6.64
[2026-03-30 12:29:12](logger.py 179): id=CC_FMNIST_C10CFG_K20_E100_DT_1_0 | Ep. 74/100 - Step 50/273 (2.56 it/s) |###                 | - loss_cc=4.531 - loss_ce=2.095 - loss_ne=0.0154 - loss_div=0.0 - threshold=1.0 - loss=6.641
[2026-03-30 12:29:22](logger.py 179): id=CC_FMNIST_C10CFG_K20_E100_DT_1_0 | Ep. 74/100 - Step 75/273 (2.56 it/s) |#####               | - loss_cc=4.533 - loss_ce=2.096 - loss_ne=0.015 - loss_div=0.0 - threshold=1.0 - loss=6.644
[2026-03-30 12:29:32](logger.py 179): id=CC_FMNIST_C10CFG_K20_E100_DT_1_0 | Ep. 74/100 - Step 100/273 (2.56 it/s) |#######             | - loss_cc=4.533 - loss_ce=2.096 - loss_ne=0.0151 - loss_div=0.0 - threshold=1.0 - loss=6.644
[2026-03-30 12:29:42](logger.py 179): id=CC_FMNIST_C10CFG_K20_E100_DT_1_0 | Ep. 74/100 - Step 125/273 (2.56 it/s) |#########           | - loss_cc=4.532 - loss_ce=2.095 - loss_ne=0.0151 - loss_div=0.0 - threshold=1.0 - loss=6.643
[2026-03-30 12:29:52](logger.py 179): id=CC_FMNIST_C10CFG_K20_E100_DT_1_0 | Ep. 74/100 - Step 150/273 (2.56 it/s) |##########          | - loss_cc=4.533 - loss_ce=2.096 - loss_ne=0.0153 - loss_div=0.0 - threshold=1.0 - loss=6.644
[2026-03-30 12:30:01](logger.py 179): id=CC_FMNIST_C10CFG_K20_E100_DT_1_0 | Ep. 74/100 - Step 175/273 (2.56 it/s) |############        | - loss_cc=4.532 - loss_ce=2.095 - loss_ne=0.0153 - loss_div=0.0 - threshold=1.0 - loss=6.643
[2026-03-30 12:30:11](logger.py 179): id=CC_FMNIST_C10CFG_K20_E100_DT_1_0 | Ep. 74/100 - Step 200/273 (2.56 it/s) |##############      | - loss_cc=4.533 - loss_ce=2.096 - loss_ne=0.0152 - loss_div=0.0 - threshold=1.0 - loss=6.644
[2026-03-30 12:30:21](logger.py 179): id=CC_FMNIST_C10CFG_K20_E100_DT_1_0 | Ep. 74/100 - Step 225/273 (2.56 it/s) |################    | - loss_cc=4.533 - loss_ce=2.096 - loss_ne=0.0149 - loss_div=0.0 - threshold=1.0 - loss=6.643
[2026-03-30 12:30:31](logger.py 179): id=CC_FMNIST_C10CFG_K20_E100_DT_1_0 | Ep. 74/100 - Step 250/273 (2.56 it/s) |##################  | - loss_cc=4.532 - loss_ce=2.096 - loss_ne=0.0149 - loss_div=0.0 - threshold=1.0 - loss=6.643
[2026-03-30 12:30:39](logger.py 179): id=CC_FMNIST_C10CFG_K20_E100_DT_1_0 | Ep. 74/100 | Time: 00:01 | loss_cc=4.532 - loss_ce=2.096 - loss_ne=0.0148 - loss_div=0.0 - threshold=1.0 - loss=6.643
[2026-03-30 12:30:41](logger.py 179): id=CC_FMNIST_C10CFG_K20_E100_DT_1_0 | Ep. 75/100 - Step 0/273 (0.0 it/s) |                    | - loss_cc=4.505 - loss_ce=2.094 - loss_ne=0.0124 - loss_div=0.0 - threshold=1.0 - loss=6.611
[2026-03-30 12:30:51](logger.py 179): id=CC_FMNIST_C10CFG_K20_E100_DT_1_0 | Ep. 75/100 - Step 25/273 (2.57 it/s) |#                   | - loss_cc=4.528 - loss_ce=2.094 - loss_ne=0.0147 - loss_div=0.0 - threshold=1.0 - loss=6.636
[2026-03-30 12:31:01](logger.py 179): id=CC_FMNIST_C10CFG_K20_E100_DT_1_0 | Ep. 75/100 - Step 50/273 (2.56 it/s) |###                 | - loss_cc=4.529 - loss_ce=2.095 - loss_ne=0.0152 - loss_div=0.0 - threshold=1.0 - loss=6.638
[2026-03-30 12:31:11](logger.py 179): id=CC_FMNIST_C10CFG_K20_E100_DT_1_0 | Ep. 75/100 - Step 75/273 (2.56 it/s) |#####               | - loss_cc=4.529 - loss_ce=2.095 - loss_ne=0.0159 - loss_div=0.0 - threshold=1.0 - loss=6.64
[2026-03-30 12:31:20](logger.py 179): id=CC_FMNIST_C10CFG_K20_E100_DT_1_0 | Ep. 75/100 - Step 100/273 (2.56 it/s) |#######             | - loss_cc=4.529 - loss_ce=2.095 - loss_ne=0.0158 - loss_div=0.0 - threshold=1.0 - loss=6.64
[2026-03-30 12:31:30](logger.py 179): id=CC_FMNIST_C10CFG_K20_E100_DT_1_0 | Ep. 75/100 - Step 125/273 (2.56 it/s) |#########           | - loss_cc=4.53 - loss_ce=2.095 - loss_ne=0.0154 - loss_div=0.0 - threshold=1.0 - loss=6.64
[2026-03-30 12:31:40](logger.py 179): id=CC_FMNIST_C10CFG_K20_E100_DT_1_0 | Ep. 75/100 - Step 150/273 (2.56 it/s) |##########          | - loss_cc=4.531 - loss_ce=2.095 - loss_ne=0.0152 - loss_div=0.0 - threshold=1.0 - loss=6.641
[2026-03-30 12:31:50](logger.py 179): id=CC_FMNIST_C10CFG_K20_E100_DT_1_0 | Ep. 75/100 - Step 175/273 (2.56 it/s) |############        | - loss_cc=4.53 - loss_ce=2.095 - loss_ne=0.0155 - loss_div=0.0 - threshold=1.0 - loss=6.641
[2026-03-30 12:31:59](logger.py 179): id=CC_FMNIST_C10CFG_K20_E100_DT_1_0 | Ep. 75/100 - Step 200/273 (2.56 it/s) |##############      | - loss_cc=4.53 - loss_ce=2.095 - loss_ne=0.0155 - loss_div=0.0 - threshold=1.0 - loss=6.641
[2026-03-30 12:32:09](logger.py 179): id=CC_FMNIST_C10CFG_K20_E100_DT_1_0 | Ep. 75/100 - Step 225/273 (2.56 it/s) |################    | - loss_cc=4.53 - loss_ce=2.095 - loss_ne=0.0156 - loss_div=0.0 - threshold=1.0 - loss=6.641
[2026-03-30 12:32:19](logger.py 179): id=CC_FMNIST_C10CFG_K20_E100_DT_1_0 | Ep. 75/100 - Step 250/273 (2.56 it/s) |##################  | - loss_cc=4.531 - loss_ce=2.096 - loss_ne=0.0157 - loss_div=0.0 - threshold=1.0 - loss=6.642
[2026-03-30 12:32:27](logger.py 179): id=CC_FMNIST_C10CFG_K20_E100_DT_1_0 | Ep. 75/100 | Time: 00:01 | loss_cc=4.531 - loss_ce=2.096 - loss_ne=0.0156 - loss_div=0.0 - threshold=1.0 - loss=6.642
[2026-03-30 12:32:29](logger.py 179): id=CC_FMNIST_C10CFG_K20_E100_DT_1_0 | Ep. 76/100 - Step 0/273 (0.0 it/s) |                    | - loss_cc=4.52 - loss_ce=2.088 - loss_ne=0.0248 - loss_div=0.0 - threshold=1.0 - loss=6.633
[2026-03-30 12:32:39](logger.py 179): id=CC_FMNIST_C10CFG_K20_E100_DT_1_0 | Ep. 76/100 - Step 25/273 (2.57 it/s) |#                   | - loss_cc=4.525 - loss_ce=2.091 - loss_ne=0.0148 - loss_div=0.0 - threshold=1.0 - loss=6.631
[2026-03-30 12:32:49](logger.py 179): id=CC_FMNIST_C10CFG_K20_E100_DT_1_0 | Ep. 76/100 - Step 50/273 (2.56 it/s) |###                 | - loss_cc=4.529 - loss_ce=2.093 - loss_ne=0.0159 - loss_div=0.0 - threshold=1.0 - loss=6.638
[2026-03-30 12:32:59](logger.py 179): id=CC_FMNIST_C10CFG_K20_E100_DT_1_0 | Ep. 76/100 - Step 75/273 (2.56 it/s) |#####               | - loss_cc=4.531 - loss_ce=2.093 - loss_ne=0.0154 - loss_div=0.0 - threshold=1.0 - loss=6.64
[2026-03-30 12:33:08](logger.py 179): id=CC_FMNIST_C10CFG_K20_E100_DT_1_0 | Ep. 76/100 - Step 100/273 (2.56 it/s) |#######             | - loss_cc=4.529 - loss_ce=2.093 - loss_ne=0.0153 - loss_div=0.0 - threshold=1.0 - loss=6.638
[2026-03-30 12:33:18](logger.py 179): id=CC_FMNIST_C10CFG_K20_E100_DT_1_0 | Ep. 76/100 - Step 125/273 (2.56 it/s) |#########           | - loss_cc=4.531 - loss_ce=2.094 - loss_ne=0.0149 - loss_div=0.0 - threshold=1.0 - loss=6.64
[2026-03-30 12:33:28](logger.py 179): id=CC_FMNIST_C10CFG_K20_E100_DT_1_0 | Ep. 76/100 - Step 150/273 (2.56 it/s) |##########          | - loss_cc=4.53 - loss_ce=2.094 - loss_ne=0.0144 - loss_div=0.0 - threshold=1.0 - loss=6.638
[2026-03-30 12:33:38](logger.py 179): id=CC_FMNIST_C10CFG_K20_E100_DT_1_0 | Ep. 76/100 - Step 175/273 (2.56 it/s) |############        | - loss_cc=4.53 - loss_ce=2.094 - loss_ne=0.0147 - loss_div=0.0 - threshold=1.0 - loss=6.638
[2026-03-30 12:33:48](logger.py 179): id=CC_FMNIST_C10CFG_K20_E100_DT_1_0 | Ep. 76/100 - Step 200/273 (2.56 it/s) |##############      | - loss_cc=4.53 - loss_ce=2.094 - loss_ne=0.0148 - loss_div=0.0 - threshold=1.0 - loss=6.639
[2026-03-30 12:33:57](logger.py 179): id=CC_FMNIST_C10CFG_K20_E100_DT_1_0 | Ep. 76/100 - Step 225/273 (2.56 it/s) |################    | - loss_cc=4.529 - loss_ce=2.094 - loss_ne=0.0147 - loss_div=0.0 - threshold=1.0 - loss=6.638
[2026-03-30 12:34:07](logger.py 179): id=CC_FMNIST_C10CFG_K20_E100_DT_1_0 | Ep. 76/100 - Step 250/273 (2.56 it/s) |##################  | - loss_cc=4.529 - loss_ce=2.094 - loss_ne=0.0149 - loss_div=0.0 - threshold=1.0 - loss=6.638
[2026-03-30 12:34:16](logger.py 179): id=CC_FMNIST_C10CFG_K20_E100_DT_1_0 | Ep. 76/100 | Time: 00:01 | loss_cc=4.529 - loss_ce=2.094 - loss_ne=0.0148 - loss_div=0.0 - threshold=1.0 - loss=6.637
[2026-03-30 12:34:18](logger.py 179): id=CC_FMNIST_C10CFG_K20_E100_DT_1_0 | Ep. 77/100 - Step 0/273 (0.0 it/s) |                    | - loss_cc=4.566 - loss_ce=2.111 - loss_ne=0.0202 - loss_div=0.0 - threshold=1.0 - loss=6.698
[2026-03-30 12:34:27](logger.py 179): id=CC_FMNIST_C10CFG_K20_E100_DT_1_0 | Ep. 77/100 - Step 25/273 (2.56 it/s) |#                   | - loss_cc=4.534 - loss_ce=2.095 - loss_ne=0.0164 - loss_div=0.0 - threshold=1.0 - loss=6.645
[2026-03-30 12:34:37](logger.py 179): id=CC_FMNIST_C10CFG_K20_E100_DT_1_0 | Ep. 77/100 - Step 50/273 (2.57 it/s) |###                 | - loss_cc=4.532 - loss_ce=2.095 - loss_ne=0.0151 - loss_div=0.0 - threshold=1.0 - loss=6.642
[2026-03-30 12:34:47](logger.py 179): id=CC_FMNIST_C10CFG_K20_E100_DT_1_0 | Ep. 77/100 - Step 75/273 (2.56 it/s) |#####               | - loss_cc=4.53 - loss_ce=2.095 - loss_ne=0.0149 - loss_div=0.0 - threshold=1.0 - loss=6.64
[2026-03-30 12:34:57](logger.py 179): id=CC_FMNIST_C10CFG_K20_E100_DT_1_0 | Ep. 77/100 - Step 100/273 (2.56 it/s) |#######             | - loss_cc=4.529 - loss_ce=2.095 - loss_ne=0.0147 - loss_div=0.0 - threshold=1.0 - loss=6.639
[2026-03-30 12:35:06](logger.py 179): id=CC_FMNIST_C10CFG_K20_E100_DT_1_0 | Ep. 77/100 - Step 125/273 (2.56 it/s) |#########           | - loss_cc=4.529 - loss_ce=2.095 - loss_ne=0.0148 - loss_div=0.0 - threshold=1.0 - loss=6.639
[2026-03-30 12:35:16](logger.py 179): id=CC_FMNIST_C10CFG_K20_E100_DT_1_0 | Ep. 77/100 - Step 150/273 (2.56 it/s) |##########          | - loss_cc=4.529 - loss_ce=2.094 - loss_ne=0.0147 - loss_div=0.0 - threshold=1.0 - loss=6.638
[2026-03-30 12:35:26](logger.py 179): id=CC_FMNIST_C10CFG_K20_E100_DT_1_0 | Ep. 77/100 - Step 175/273 (2.56 it/s) |############        | - loss_cc=4.53 - loss_ce=2.095 - loss_ne=0.0147 - loss_div=0.0 - threshold=1.0 - loss=6.639
[2026-03-30 12:35:36](logger.py 179): id=CC_FMNIST_C10CFG_K20_E100_DT_1_0 | Ep. 77/100 - Step 200/273 (2.56 it/s) |##############      | - loss_cc=4.529 - loss_ce=2.094 - loss_ne=0.0146 - loss_div=0.0 - threshold=1.0 - loss=6.638
[2026-03-30 12:35:45](logger.py 179): id=CC_FMNIST_C10CFG_K20_E100_DT_1_0 | Ep. 77/100 - Step 225/273 (2.56 it/s) |################    | - loss_cc=4.53 - loss_ce=2.095 - loss_ne=0.0146 - loss_div=0.0 - threshold=1.0 - loss=6.639
[2026-03-30 12:35:55](logger.py 179): id=CC_FMNIST_C10CFG_K20_E100_DT_1_0 | Ep. 77/100 - Step 250/273 (2.56 it/s) |##################  | - loss_cc=4.53 - loss_ce=2.095 - loss_ne=0.0145 - loss_div=0.0 - threshold=1.0 - loss=6.639
[2026-03-30 12:36:04](logger.py 179): id=CC_FMNIST_C10CFG_K20_E100_DT_1_0 | Ep. 77/100 | Time: 00:01 | loss_cc=4.531 - loss_ce=2.095 - loss_ne=0.0147 - loss_div=0.0 - threshold=1.0 - loss=6.64
[2026-03-30 12:36:06](logger.py 179): id=CC_FMNIST_C10CFG_K20_E100_DT_1_0 | Ep. 78/100 - Step 0/273 (0.0 it/s) |                    | - loss_cc=4.562 - loss_ce=2.098 - loss_ne=0.0126 - loss_div=0.0 - threshold=1.0 - loss=6.673
[2026-03-30 12:36:16](logger.py 179): id=CC_FMNIST_C10CFG_K20_E100_DT_1_0 | Ep. 78/100 - Step 25/273 (2.57 it/s) |#                   | - loss_cc=4.533 - loss_ce=2.097 - loss_ne=0.0143 - loss_div=0.0 - threshold=1.0 - loss=6.644
[2026-03-30 12:36:25](logger.py 179): id=CC_FMNIST_C10CFG_K20_E100_DT_1_0 | Ep. 78/100 - Step 50/273 (2.56 it/s) |###                 | - loss_cc=4.533 - loss_ce=2.096 - loss_ne=0.015 - loss_div=0.0 - threshold=1.0 - loss=6.644
[2026-03-30 12:36:35](logger.py 179): id=CC_FMNIST_C10CFG_K20_E100_DT_1_0 | Ep. 78/100 - Step 75/273 (2.56 it/s) |#####               | - loss_cc=4.531 - loss_ce=2.095 - loss_ne=0.0148 - loss_div=0.0 - threshold=1.0 - loss=6.641
[2026-03-30 12:36:45](logger.py 179): id=CC_FMNIST_C10CFG_K20_E100_DT_1_0 | Ep. 78/100 - Step 100/273 (2.56 it/s) |#######             | - loss_cc=4.53 - loss_ce=2.095 - loss_ne=0.0156 - loss_div=0.0 - threshold=1.0 - loss=6.641
[2026-03-30 12:36:55](logger.py 179): id=CC_FMNIST_C10CFG_K20_E100_DT_1_0 | Ep. 78/100 - Step 125/273 (2.56 it/s) |#########           | - loss_cc=4.529 - loss_ce=2.095 - loss_ne=0.0153 - loss_div=0.0 - threshold=1.0 - loss=6.639
[2026-03-30 12:37:05](logger.py 179): id=CC_FMNIST_C10CFG_K20_E100_DT_1_0 | Ep. 78/100 - Step 150/273 (2.56 it/s) |##########          | - loss_cc=4.529 - loss_ce=2.094 - loss_ne=0.0152 - loss_div=0.0 - threshold=1.0 - loss=6.639
[2026-03-30 12:37:14](logger.py 179): id=CC_FMNIST_C10CFG_K20_E100_DT_1_0 | Ep. 78/100 - Step 175/273 (2.56 it/s) |############        | - loss_cc=4.528 - loss_ce=2.094 - loss_ne=0.0153 - loss_div=0.0 - threshold=1.0 - loss=6.638
[2026-03-30 12:37:24](logger.py 179): id=CC_FMNIST_C10CFG_K20_E100_DT_1_0 | Ep. 78/100 - Step 200/273 (2.56 it/s) |##############      | - loss_cc=4.53 - loss_ce=2.095 - loss_ne=0.0153 - loss_div=0.0 - threshold=1.0 - loss=6.64
[2026-03-30 12:37:34](logger.py 179): id=CC_FMNIST_C10CFG_K20_E100_DT_1_0 | Ep. 78/100 - Step 225/273 (2.56 it/s) |################    | - loss_cc=4.53 - loss_ce=2.095 - loss_ne=0.0154 - loss_div=0.0 - threshold=1.0 - loss=6.64
[2026-03-30 12:37:44](logger.py 179): id=CC_FMNIST_C10CFG_K20_E100_DT_1_0 | Ep. 78/100 - Step 250/273 (2.56 it/s) |##################  | - loss_cc=4.53 - loss_ce=2.095 - loss_ne=0.0152 - loss_div=0.0 - threshold=1.0 - loss=6.641
[2026-03-30 12:37:52](logger.py 179): id=CC_FMNIST_C10CFG_K20_E100_DT_1_0 | Ep. 78/100 | Time: 00:01 | loss_cc=4.53 - loss_ce=2.095 - loss_ne=0.0151 - loss_div=0.0 - threshold=1.0 - loss=6.64
[2026-03-30 12:37:54](logger.py 179): id=CC_FMNIST_C10CFG_K20_E100_DT_1_0 | Ep. 79/100 - Step 0/273 (0.0 it/s) |                    | - loss_cc=4.531 - loss_ce=2.099 - loss_ne=0.0336 - loss_div=0.0 - threshold=1.0 - loss=6.664
[2026-03-30 12:38:04](logger.py 179): id=CC_FMNIST_C10CFG_K20_E100_DT_1_0 | Ep. 79/100 - Step 25/273 (2.57 it/s) |#                   | - loss_cc=4.525 - loss_ce=2.09 - loss_ne=0.0149 - loss_div=0.0 - threshold=1.0 - loss=6.63
[2026-03-30 12:38:14](logger.py 179): id=CC_FMNIST_C10CFG_K20_E100_DT_1_0 | Ep. 79/100 - Step 50/273 (2.57 it/s) |###                 | - loss_cc=4.528 - loss_ce=2.092 - loss_ne=0.0144 - loss_div=0.0 - threshold=1.0 - loss=6.635
[2026-03-30 12:38:23](logger.py 179): id=CC_FMNIST_C10CFG_K20_E100_DT_1_0 | Ep. 79/100 - Step 75/273 (2.56 it/s) |#####               | - loss_cc=4.527 - loss_ce=2.093 - loss_ne=0.0162 - loss_div=0.0 - threshold=1.0 - loss=6.636
[2026-03-30 12:38:33](logger.py 179): id=CC_FMNIST_C10CFG_K20_E100_DT_1_0 | Ep. 79/100 - Step 100/273 (2.56 it/s) |#######             | - loss_cc=4.528 - loss_ce=2.094 - loss_ne=0.0162 - loss_div=0.0 - threshold=1.0 - loss=6.638
[2026-03-30 12:38:43](logger.py 179): id=CC_FMNIST_C10CFG_K20_E100_DT_1_0 | Ep. 79/100 - Step 125/273 (2.56 it/s) |#########           | - loss_cc=4.527 - loss_ce=2.094 - loss_ne=0.0161 - loss_div=0.0 - threshold=1.0 - loss=6.637
[2026-03-30 12:38:53](logger.py 179): id=CC_FMNIST_C10CFG_K20_E100_DT_1_0 | Ep. 79/100 - Step 150/273 (2.56 it/s) |##########          | - loss_cc=4.528 - loss_ce=2.094 - loss_ne=0.0162 - loss_div=0.0 - threshold=1.0 - loss=6.638
[2026-03-30 12:39:02](logger.py 179): id=CC_FMNIST_C10CFG_K20_E100_DT_1_0 | Ep. 79/100 - Step 175/273 (2.56 it/s) |############        | - loss_cc=4.528 - loss_ce=2.094 - loss_ne=0.0159 - loss_div=0.0 - threshold=1.0 - loss=6.638
[2026-03-30 12:39:12](logger.py 179): id=CC_FMNIST_C10CFG_K20_E100_DT_1_0 | Ep. 79/100 - Step 200/273 (2.56 it/s) |##############      | - loss_cc=4.527 - loss_ce=2.094 - loss_ne=0.0158 - loss_div=0.0 - threshold=1.0 - loss=6.637
[2026-03-30 12:39:22](logger.py 179): id=CC_FMNIST_C10CFG_K20_E100_DT_1_0 | Ep. 79/100 - Step 225/273 (2.56 it/s) |################    | - loss_cc=4.528 - loss_ce=2.094 - loss_ne=0.0155 - loss_div=0.0 - threshold=1.0 - loss=6.637
[2026-03-30 12:39:32](logger.py 179): id=CC_FMNIST_C10CFG_K20_E100_DT_1_0 | Ep. 79/100 - Step 250/273 (2.56 it/s) |##################  | - loss_cc=4.527 - loss_ce=2.094 - loss_ne=0.0153 - loss_div=0.0 - threshold=1.0 - loss=6.637
[2026-03-30 12:39:40](logger.py 179): id=CC_FMNIST_C10CFG_K20_E100_DT_1_0 | Ep. 79/100 | Time: 00:01 | loss_cc=4.527 - loss_ce=2.094 - loss_ne=0.0156 - loss_div=0.0 - threshold=1.0 - loss=6.637
[2026-03-30 12:39:42](logger.py 179): id=CC_FMNIST_C10CFG_K20_E100_DT_1_0 | Ep. 80/100 - Step 0/273 (0.0 it/s) |                    | - loss_cc=4.518 - loss_ce=2.098 - loss_ne=0.0204 - loss_div=0.0 - threshold=1.0 - loss=6.636
[2026-03-30 12:39:52](logger.py 179): id=CC_FMNIST_C10CFG_K20_E100_DT_1_0 | Ep. 80/100 - Step 25/273 (2.57 it/s) |#                   | - loss_cc=4.526 - loss_ce=2.092 - loss_ne=0.0141 - loss_div=0.0 - threshold=1.0 - loss=6.632
[2026-03-30 12:40:02](logger.py 179): id=CC_FMNIST_C10CFG_K20_E100_DT_1_0 | Ep. 80/100 - Step 50/273 (2.56 it/s) |###                 | - loss_cc=4.529 - loss_ce=2.093 - loss_ne=0.0156 - loss_div=0.0 - threshold=1.0 - loss=6.637
[2026-03-30 12:40:12](logger.py 179): id=CC_FMNIST_C10CFG_K20_E100_DT_1_0 | Ep. 80/100 - Step 75/273 (2.56 it/s) |#####               | - loss_cc=4.53 - loss_ce=2.094 - loss_ne=0.0151 - loss_div=0.0 - threshold=1.0 - loss=6.64
[2026-03-30 12:40:21](logger.py 179): id=CC_FMNIST_C10CFG_K20_E100_DT_1_0 | Ep. 80/100 - Step 100/273 (2.56 it/s) |#######             | - loss_cc=4.53 - loss_ce=2.094 - loss_ne=0.0154 - loss_div=0.0 - threshold=1.0 - loss=6.64
[2026-03-30 12:40:31](logger.py 179): id=CC_FMNIST_C10CFG_K20_E100_DT_1_0 | Ep. 80/100 - Step 125/273 (2.56 it/s) |#########           | - loss_cc=4.53 - loss_ce=2.094 - loss_ne=0.015 - loss_div=0.0 - threshold=1.0 - loss=6.639
[2026-03-30 12:40:41](logger.py 179): id=CC_FMNIST_C10CFG_K20_E100_DT_1_0 | Ep. 80/100 - Step 150/273 (2.56 it/s) |##########          | - loss_cc=4.53 - loss_ce=2.094 - loss_ne=0.0148 - loss_div=0.0 - threshold=1.0 - loss=6.639
[2026-03-30 12:40:51](logger.py 179): id=CC_FMNIST_C10CFG_K20_E100_DT_1_0 | Ep. 80/100 - Step 175/273 (2.56 it/s) |############        | - loss_cc=4.529 - loss_ce=2.095 - loss_ne=0.0146 - loss_div=0.0 - threshold=1.0 - loss=6.638
[2026-03-30 12:41:00](logger.py 179): id=CC_FMNIST_C10CFG_K20_E100_DT_1_0 | Ep. 80/100 - Step 200/273 (2.56 it/s) |##############      | - loss_cc=4.528 - loss_ce=2.094 - loss_ne=0.0147 - loss_div=0.0 - threshold=1.0 - loss=6.637
[2026-03-30 12:41:10](logger.py 179): id=CC_FMNIST_C10CFG_K20_E100_DT_1_0 | Ep. 80/100 - Step 225/273 (2.56 it/s) |################    | - loss_cc=4.527 - loss_ce=2.094 - loss_ne=0.0144 - loss_div=0.0 - threshold=1.0 - loss=6.635
[2026-03-30 12:41:20](logger.py 179): id=CC_FMNIST_C10CFG_K20_E100_DT_1_0 | Ep. 80/100 - Step 250/273 (2.56 it/s) |##################  | - loss_cc=4.528 - loss_ce=2.093 - loss_ne=0.0143 - loss_div=0.0 - threshold=1.0 - loss=6.635
[2026-03-30 12:41:28](logger.py 179): Evaluating
[2026-03-30 12:41:29](logger.py 179): Eval. step 0 of 274
[2026-03-30 12:41:31](logger.py 179): Eval. step 25 of 274
[2026-03-30 12:41:34](logger.py 179): Eval. step 50 of 274
[2026-03-30 12:41:36](logger.py 179): Eval. step 75 of 274
[2026-03-30 12:41:38](logger.py 179): Eval. step 100 of 274
[2026-03-30 12:41:41](logger.py 179): Eval. step 125 of 274
[2026-03-30 12:41:43](logger.py 179): Eval. step 150 of 274
[2026-03-30 12:41:45](logger.py 179): Eval. step 175 of 274
[2026-03-30 12:41:47](logger.py 179): Eval. step 200 of 274
[2026-03-30 12:41:50](logger.py 179): Eval. step 225 of 274
[2026-03-30 12:41:52](logger.py 179): Eval. step 250 of 274
[2026-03-30 12:41:56](logger.py 179): id=CC_FMNIST_C10CFG_K20_E100_DT_1_0 | Ep. 80/100 | Time: 00:02 | loss_cc=4.528 - loss_ce=2.094 - loss_ne=0.0143 - loss_div=0.0 - threshold=1.0 - loss=6.636 - eval_confidence=0.902 - cluster_acc_0_eval=65.42 - cluster_nmi_0_eval=0.623 - cluster_ari_0_eval=0.529 - cluster_acc_1_eval=65.35 - cluster_nmi_1_eval=0.623 - cluster_ari_1_eval=0.528 - cluster_acc_2_eval=65.33 - cluster_nmi_2_eval=0.623 - cluster_ari_2_eval=0.528 - cluster_acc_3_eval=65.34 - cluster_nmi_3_eval=0.622 - cluster_ari_3_eval=0.528 - cluster_acc_4_eval=65.39 - cluster_nmi_4_eval=0.623 - cluster_ari_4_eval=0.529 - cluster_acc_5_eval=65.4 - cluster_nmi_5_eval=0.624 - cluster_ari_5_eval=0.529 - cluster_acc_6_eval=65.41 - cluster_nmi_6_eval=0.623 - cluster_ari_6_eval=0.529 - cluster_acc_7_eval=65.37 - cluster_nmi_7_eval=0.623 - cluster_ari_7_eval=0.528 - cluster_acc_8_eval=65.38 - cluster_nmi_8_eval=0.623 - cluster_ari_8_eval=0.528 - cluster_acc_9_eval=65.34 - cluster_nmi_9_eval=0.623 - cluster_ari_9_eval=0.529 - cluster_acc_10_eval=65.32 - cluster_nmi_10_eval=0.623 - cluster_ari_10_eval=0.529 - cluster_acc_11_eval=65.45 - cluster_nmi_11_eval=0.623 - cluster_ari_11_eval=0.529 - cluster_acc_12_eval=65.42 - cluster_nmi_12_eval=0.623 - cluster_ari_12_eval=0.529 - cluster_acc_13_eval=65.36 - cluster_nmi_13_eval=0.622 - cluster_ari_13_eval=0.528 - cluster_acc_14_eval=65.37 - cluster_nmi_14_eval=0.623 - cluster_ari_14_eval=0.529 - cluster_acc_15_eval=65.38 - cluster_nmi_15_eval=0.622 - cluster_ari_15_eval=0.529 - cluster_acc_16_eval=65.37 - cluster_nmi_16_eval=0.623 - cluster_ari_16_eval=0.529 - cluster_acc_17_eval=65.35 - cluster_nmi_17_eval=0.622 - cluster_ari_17_eval=0.528 - cluster_acc_18_eval=65.36 - cluster_nmi_18_eval=0.623 - cluster_ari_18_eval=0.528 - cluster_acc_19_eval=65.37 - cluster_nmi_19_eval=0.623 - cluster_ari_19_eval=0.529 - max_cluster_acc_eval=65.45 - mean_cluster_acc_eval=65.37 - min_cluster_acc_eval=65.32 - max_cluster_nmi_eval=0.624 - mean_cluster_nmi_eval=0.623 - min_cluster_nmi_eval=0.622 - max_cluster_ari_eval=0.529 - mean_cluster_ari_eval=0.529 - min_cluster_ari_eval=0.528 - interclustering_nmi_eval=0.977
/scratch/e0538389/DivClust/engine/trainer.py:41: FutureWarning: `torch.cuda.amp.autocast(args...)` is deprecated. Please use `torch.amp.autocast('cuda', args...)` instead.
  with autocast(self.mixed_precision):
[2026-03-30 12:41:58](logger.py 179): id=CC_FMNIST_C10CFG_K20_E100_DT_1_0 | Ep. 81/100 - Step 0/273 (0.0 it/s) |                    | - loss_cc=4.536 - loss_ce=2.111 - loss_ne=0.00842 - loss_div=0.0 - threshold=1.0 - loss=6.655
[2026-03-30 12:42:08](logger.py 179): id=CC_FMNIST_C10CFG_K20_E100_DT_1_0 | Ep. 81/100 - Step 25/273 (2.57 it/s) |#                   | - loss_cc=4.524 - loss_ce=2.093 - loss_ne=0.0152 - loss_div=0.0 - threshold=1.0 - loss=6.633
[2026-03-30 12:42:17](logger.py 179): id=CC_FMNIST_C10CFG_K20_E100_DT_1_0 | Ep. 81/100 - Step 50/273 (2.57 it/s) |###                 | - loss_cc=4.527 - loss_ce=2.095 - loss_ne=0.0163 - loss_div=0.0 - threshold=1.0 - loss=6.638
[2026-03-30 12:42:27](logger.py 179): id=CC_FMNIST_C10CFG_K20_E100_DT_1_0 | Ep. 81/100 - Step 75/273 (2.56 it/s) |#####               | - loss_cc=4.53 - loss_ce=2.096 - loss_ne=0.0155 - loss_div=0.0 - threshold=1.0 - loss=6.641
[2026-03-30 12:42:37](logger.py 179): id=CC_FMNIST_C10CFG_K20_E100_DT_1_0 | Ep. 81/100 - Step 100/273 (2.56 it/s) |#######             | - loss_cc=4.529 - loss_ce=2.095 - loss_ne=0.0162 - loss_div=0.0 - threshold=1.0 - loss=6.64
[2026-03-30 12:42:47](logger.py 179): id=CC_FMNIST_C10CFG_K20_E100_DT_1_0 | Ep. 81/100 - Step 125/273 (2.56 it/s) |#########           | - loss_cc=4.528 - loss_ce=2.094 - loss_ne=0.0158 - loss_div=0.0 - threshold=1.0 - loss=6.638
[2026-03-30 12:42:57](logger.py 179): id=CC_FMNIST_C10CFG_K20_E100_DT_1_0 | Ep. 81/100 - Step 150/273 (2.56 it/s) |##########          | - loss_cc=4.527 - loss_ce=2.094 - loss_ne=0.0157 - loss_div=0.0 - threshold=1.0 - loss=6.637
[2026-03-30 12:43:06](logger.py 179): id=CC_FMNIST_C10CFG_K20_E100_DT_1_0 | Ep. 81/100 - Step 175/273 (2.56 it/s) |############        | - loss_cc=4.527 - loss_ce=2.094 - loss_ne=0.0158 - loss_div=0.0 - threshold=1.0 - loss=6.637
[2026-03-30 12:43:16](logger.py 179): id=CC_FMNIST_C10CFG_K20_E100_DT_1_0 | Ep. 81/100 - Step 200/273 (2.56 it/s) |##############      | - loss_cc=4.528 - loss_ce=2.095 - loss_ne=0.0157 - loss_div=0.0 - threshold=1.0 - loss=6.639
[2026-03-30 12:43:26](logger.py 179): id=CC_FMNIST_C10CFG_K20_E100_DT_1_0 | Ep. 81/100 - Step 225/273 (2.56 it/s) |################    | - loss_cc=4.528 - loss_ce=2.095 - loss_ne=0.0159 - loss_div=0.0 - threshold=1.0 - loss=6.639
[2026-03-30 12:43:36](logger.py 179): id=CC_FMNIST_C10CFG_K20_E100_DT_1_0 | Ep. 81/100 - Step 250/273 (2.56 it/s) |##################  | - loss_cc=4.527 - loss_ce=2.094 - loss_ne=0.0156 - loss_div=0.0 - threshold=1.0 - loss=6.637
[2026-03-30 12:43:44](logger.py 179): id=CC_FMNIST_C10CFG_K20_E100_DT_1_0 | Ep. 81/100 | Time: 00:01 | loss_cc=4.528 - loss_ce=2.094 - loss_ne=0.0154 - loss_div=0.0 - threshold=1.0 - loss=6.638
[2026-03-30 12:43:46](logger.py 179): id=CC_FMNIST_C10CFG_K20_E100_DT_1_0 | Ep. 82/100 - Step 0/273 (0.0 it/s) |                    | - loss_cc=4.584 - loss_ce=2.107 - loss_ne=0.0131 - loss_div=0.0 - threshold=1.0 - loss=6.704
[2026-03-30 12:43:56](logger.py 179): id=CC_FMNIST_C10CFG_K20_E100_DT_1_0 | Ep. 82/100 - Step 25/273 (2.57 it/s) |#                   | - loss_cc=4.531 - loss_ce=2.095 - loss_ne=0.0139 - loss_div=0.0 - threshold=1.0 - loss=6.64
[2026-03-30 12:44:06](logger.py 179): id=CC_FMNIST_C10CFG_K20_E100_DT_1_0 | Ep. 82/100 - Step 50/273 (2.57 it/s) |###                 | - loss_cc=4.53 - loss_ce=2.095 - loss_ne=0.0134 - loss_div=0.0 - threshold=1.0 - loss=6.638
[2026-03-30 12:44:15](logger.py 179): id=CC_FMNIST_C10CFG_K20_E100_DT_1_0 | Ep. 82/100 - Step 75/273 (2.57 it/s) |#####               | - loss_cc=4.529 - loss_ce=2.094 - loss_ne=0.0133 - loss_div=0.0 - threshold=1.0 - loss=6.637
[2026-03-30 12:44:25](logger.py 179): id=CC_FMNIST_C10CFG_K20_E100_DT_1_0 | Ep. 82/100 - Step 100/273 (2.57 it/s) |#######             | - loss_cc=4.528 - loss_ce=2.094 - loss_ne=0.0134 - loss_div=0.0 - threshold=1.0 - loss=6.635
[2026-03-30 12:44:35](logger.py 179): id=CC_FMNIST_C10CFG_K20_E100_DT_1_0 | Ep. 82/100 - Step 125/273 (2.57 it/s) |#########           | - loss_cc=4.528 - loss_ce=2.094 - loss_ne=0.0135 - loss_div=0.0 - threshold=1.0 - loss=6.635
[2026-03-30 12:44:45](logger.py 179): id=CC_FMNIST_C10CFG_K20_E100_DT_1_0 | Ep. 82/100 - Step 150/273 (2.57 it/s) |##########          | - loss_cc=4.527 - loss_ce=2.094 - loss_ne=0.0136 - loss_div=0.0 - threshold=1.0 - loss=6.634
[2026-03-30 12:44:54](logger.py 179): id=CC_FMNIST_C10CFG_K20_E100_DT_1_0 | Ep. 82/100 - Step 175/273 (2.57 it/s) |############        | - loss_cc=4.527 - loss_ce=2.093 - loss_ne=0.0135 - loss_div=0.0 - threshold=1.0 - loss=6.633
[2026-03-30 12:45:04](logger.py 179): id=CC_FMNIST_C10CFG_K20_E100_DT_1_0 | Ep. 82/100 - Step 200/273 (2.57 it/s) |##############      | - loss_cc=4.526 - loss_ce=2.093 - loss_ne=0.014 - loss_div=0.0 - threshold=1.0 - loss=6.633
[2026-03-30 12:45:14](logger.py 179): id=CC_FMNIST_C10CFG_K20_E100_DT_1_0 | Ep. 82/100 - Step 225/273 (2.57 it/s) |################    | - loss_cc=4.526 - loss_ce=2.093 - loss_ne=0.0139 - loss_div=0.0 - threshold=1.0 - loss=6.632
[2026-03-30 12:45:24](logger.py 179): id=CC_FMNIST_C10CFG_K20_E100_DT_1_0 | Ep. 82/100 - Step 250/273 (2.57 it/s) |##################  | - loss_cc=4.525 - loss_ce=2.093 - loss_ne=0.014 - loss_div=0.0 - threshold=1.0 - loss=6.632
[2026-03-30 12:45:32](logger.py 179): id=CC_FMNIST_C10CFG_K20_E100_DT_1_0 | Ep. 82/100 | Time: 00:01 | loss_cc=4.526 - loss_ce=2.093 - loss_ne=0.014 - loss_div=0.0 - threshold=1.0 - loss=6.633
[2026-03-30 12:45:34](logger.py 179): id=CC_FMNIST_C10CFG_K20_E100_DT_1_0 | Ep. 83/100 - Step 0/273 (0.0 it/s) |                    | - loss_cc=4.532 - loss_ce=2.09 - loss_ne=0.0141 - loss_div=0.0 - threshold=1.0 - loss=6.636
[2026-03-30 12:45:44](logger.py 179): id=CC_FMNIST_C10CFG_K20_E100_DT_1_0 | Ep. 83/100 - Step 25/273 (2.57 it/s) |#                   | - loss_cc=4.523 - loss_ce=2.091 - loss_ne=0.0132 - loss_div=0.0 - threshold=1.0 - loss=6.627
[2026-03-30 12:45:54](logger.py 179): id=CC_FMNIST_C10CFG_K20_E100_DT_1_0 | Ep. 83/100 - Step 50/273 (2.57 it/s) |###                 | - loss_cc=4.524 - loss_ce=2.093 - loss_ne=0.0139 - loss_div=0.0 - threshold=1.0 - loss=6.631
[2026-03-30 12:46:03](logger.py 179): id=CC_FMNIST_C10CFG_K20_E100_DT_1_0 | Ep. 83/100 - Step 75/273 (2.57 it/s) |#####               | - loss_cc=4.523 - loss_ce=2.092 - loss_ne=0.0145 - loss_div=0.0 - threshold=1.0 - loss=6.63
[2026-03-30 12:46:13](logger.py 179): id=CC_FMNIST_C10CFG_K20_E100_DT_1_0 | Ep. 83/100 - Step 100/273 (2.57 it/s) |#######             | - loss_cc=4.525 - loss_ce=2.093 - loss_ne=0.0143 - loss_div=0.0 - threshold=1.0 - loss=6.632
[2026-03-30 12:46:23](logger.py 179): id=CC_FMNIST_C10CFG_K20_E100_DT_1_0 | Ep. 83/100 - Step 125/273 (2.57 it/s) |#########           | - loss_cc=4.526 - loss_ce=2.093 - loss_ne=0.0144 - loss_div=0.0 - threshold=1.0 - loss=6.633
[2026-03-30 12:46:32](logger.py 179): id=CC_FMNIST_C10CFG_K20_E100_DT_1_0 | Ep. 83/100 - Step 150/273 (2.57 it/s) |##########          | - loss_cc=4.527 - loss_ce=2.093 - loss_ne=0.0143 - loss_div=0.0 - threshold=1.0 - loss=6.634
[2026-03-30 12:46:42](logger.py 179): id=CC_FMNIST_C10CFG_K20_E100_DT_1_0 | Ep. 83/100 - Step 175/273 (2.57 it/s) |############        | - loss_cc=4.526 - loss_ce=2.093 - loss_ne=0.0144 - loss_div=0.0 - threshold=1.0 - loss=6.633
[2026-03-30 12:46:52](logger.py 179): id=CC_FMNIST_C10CFG_K20_E100_DT_1_0 | Ep. 83/100 - Step 200/273 (2.57 it/s) |##############      | - loss_cc=4.526 - loss_ce=2.093 - loss_ne=0.0144 - loss_div=0.0 - threshold=1.0 - loss=6.634
[2026-03-30 12:47:02](logger.py 179): id=CC_FMNIST_C10CFG_K20_E100_DT_1_0 | Ep. 83/100 - Step 225/273 (2.57 it/s) |################    | - loss_cc=4.527 - loss_ce=2.093 - loss_ne=0.0144 - loss_div=0.0 - threshold=1.0 - loss=6.634
[2026-03-30 12:47:11](logger.py 179): id=CC_FMNIST_C10CFG_K20_E100_DT_1_0 | Ep. 83/100 - Step 250/273 (2.57 it/s) |##################  | - loss_cc=4.526 - loss_ce=2.093 - loss_ne=0.0144 - loss_div=0.0 - threshold=1.0 - loss=6.633
[2026-03-30 12:47:20](logger.py 179): id=CC_FMNIST_C10CFG_K20_E100_DT_1_0 | Ep. 83/100 | Time: 00:01 | loss_cc=4.526 - loss_ce=2.093 - loss_ne=0.0143 - loss_div=0.0 - threshold=1.0 - loss=6.634
[2026-03-30 12:47:22](logger.py 179): id=CC_FMNIST_C10CFG_K20_E100_DT_1_0 | Ep. 84/100 - Step 0/273 (0.0 it/s) |                    | - loss_cc=4.525 - loss_ce=2.094 - loss_ne=0.00816 - loss_div=0.0 - threshold=1.0 - loss=6.627
[2026-03-30 12:47:32](logger.py 179): id=CC_FMNIST_C10CFG_K20_E100_DT_1_0 | Ep. 84/100 - Step 25/273 (2.57 it/s) |#                   | - loss_cc=4.528 - loss_ce=2.096 - loss_ne=0.0134 - loss_div=0.0 - threshold=1.0 - loss=6.637
[2026-03-30 12:47:41](logger.py 179): id=CC_FMNIST_C10CFG_K20_E100_DT_1_0 | Ep. 84/100 - Step 50/273 (2.57 it/s) |###                 | - loss_cc=4.527 - loss_ce=2.094 - loss_ne=0.0136 - loss_div=0.0 - threshold=1.0 - loss=6.634
[2026-03-30 12:47:51](logger.py 179): id=CC_FMNIST_C10CFG_K20_E100_DT_1_0 | Ep. 84/100 - Step 75/273 (2.57 it/s) |#####               | - loss_cc=4.527 - loss_ce=2.094 - loss_ne=0.0143 - loss_div=0.0 - threshold=1.0 - loss=6.635
[2026-03-30 12:48:01](logger.py 179): id=CC_FMNIST_C10CFG_K20_E100_DT_1_0 | Ep. 84/100 - Step 100/273 (2.57 it/s) |#######             | - loss_cc=4.528 - loss_ce=2.094 - loss_ne=0.0148 - loss_div=0.0 - threshold=1.0 - loss=6.636
[2026-03-30 12:48:10](logger.py 179): id=CC_FMNIST_C10CFG_K20_E100_DT_1_0 | Ep. 84/100 - Step 125/273 (2.57 it/s) |#########           | - loss_cc=4.527 - loss_ce=2.094 - loss_ne=0.0149 - loss_div=0.0 - threshold=1.0 - loss=6.636
[2026-03-30 12:48:20](logger.py 179): id=CC_FMNIST_C10CFG_K20_E100_DT_1_0 | Ep. 84/100 - Step 150/273 (2.57 it/s) |##########          | - loss_cc=4.529 - loss_ce=2.094 - loss_ne=0.0148 - loss_div=0.0 - threshold=1.0 - loss=6.638
[2026-03-30 12:48:30](logger.py 179): id=CC_FMNIST_C10CFG_K20_E100_DT_1_0 | Ep. 84/100 - Step 175/273 (2.57 it/s) |############        | - loss_cc=4.529 - loss_ce=2.095 - loss_ne=0.0146 - loss_div=0.0 - threshold=1.0 - loss=6.638
[2026-03-30 12:48:40](logger.py 179): id=CC_FMNIST_C10CFG_K20_E100_DT_1_0 | Ep. 84/100 - Step 200/273 (2.57 it/s) |##############      | - loss_cc=4.528 - loss_ce=2.094 - loss_ne=0.0147 - loss_div=0.0 - threshold=1.0 - loss=6.636
[2026-03-30 12:48:49](logger.py 179): id=CC_FMNIST_C10CFG_K20_E100_DT_1_0 | Ep. 84/100 - Step 225/273 (2.57 it/s) |################    | - loss_cc=4.528 - loss_ce=2.094 - loss_ne=0.0145 - loss_div=0.0 - threshold=1.0 - loss=6.637
[2026-03-30 12:48:59](logger.py 179): id=CC_FMNIST_C10CFG_K20_E100_DT_1_0 | Ep. 84/100 - Step 250/273 (2.57 it/s) |##################  | - loss_cc=4.528 - loss_ce=2.094 - loss_ne=0.0146 - loss_div=0.0 - threshold=1.0 - loss=6.637
[2026-03-30 12:49:08](logger.py 179): id=CC_FMNIST_C10CFG_K20_E100_DT_1_0 | Ep. 84/100 | Time: 00:01 | loss_cc=4.529 - loss_ce=2.094 - loss_ne=0.0147 - loss_div=0.0 - threshold=1.0 - loss=6.638
[2026-03-30 12:49:09](logger.py 179): id=CC_FMNIST_C10CFG_K20_E100_DT_1_0 | Ep. 85/100 - Step 0/273 (0.0 it/s) |                    | - loss_cc=4.543 - loss_ce=2.09 - loss_ne=0.0225 - loss_div=0.0 - threshold=1.0 - loss=6.656
[2026-03-30 12:49:19](logger.py 179): id=CC_FMNIST_C10CFG_K20_E100_DT_1_0 | Ep. 85/100 - Step 25/273 (2.57 it/s) |#                   | - loss_cc=4.52 - loss_ce=2.091 - loss_ne=0.0124 - loss_div=0.0 - threshold=1.0 - loss=6.623
[2026-03-30 12:49:29](logger.py 179): id=CC_FMNIST_C10CFG_K20_E100_DT_1_0 | Ep. 85/100 - Step 50/273 (2.57 it/s) |###                 | - loss_cc=4.525 - loss_ce=2.093 - loss_ne=0.0133 - loss_div=0.0 - threshold=1.0 - loss=6.631
[2026-03-30 12:49:39](logger.py 179): id=CC_FMNIST_C10CFG_K20_E100_DT_1_0 | Ep. 85/100 - Step 75/273 (2.57 it/s) |#####               | - loss_cc=4.525 - loss_ce=2.093 - loss_ne=0.0137 - loss_div=0.0 - threshold=1.0 - loss=6.632
[2026-03-30 12:49:48](logger.py 179): id=CC_FMNIST_C10CFG_K20_E100_DT_1_0 | Ep. 85/100 - Step 100/273 (2.57 it/s) |#######             | - loss_cc=4.525 - loss_ce=2.093 - loss_ne=0.0136 - loss_div=0.0 - threshold=1.0 - loss=6.632
[2026-03-30 12:49:58](logger.py 179): id=CC_FMNIST_C10CFG_K20_E100_DT_1_0 | Ep. 85/100 - Step 125/273 (2.57 it/s) |#########           | - loss_cc=4.524 - loss_ce=2.093 - loss_ne=0.0134 - loss_div=0.0 - threshold=1.0 - loss=6.631
[2026-03-30 12:50:08](logger.py 179): id=CC_FMNIST_C10CFG_K20_E100_DT_1_0 | Ep. 85/100 - Step 150/273 (2.57 it/s) |##########          | - loss_cc=4.525 - loss_ce=2.093 - loss_ne=0.0135 - loss_div=0.0 - threshold=1.0 - loss=6.632
[2026-03-30 12:50:17](logger.py 179): id=CC_FMNIST_C10CFG_K20_E100_DT_1_0 | Ep. 85/100 - Step 175/273 (2.57 it/s) |############        | - loss_cc=4.524 - loss_ce=2.093 - loss_ne=0.0137 - loss_div=0.0 - threshold=1.0 - loss=6.631
[2026-03-30 12:50:27](logger.py 179): id=CC_FMNIST_C10CFG_K20_E100_DT_1_0 | Ep. 85/100 - Step 200/273 (2.57 it/s) |##############      | - loss_cc=4.523 - loss_ce=2.093 - loss_ne=0.014 - loss_div=0.0 - threshold=1.0 - loss=6.63
[2026-03-30 12:50:37](logger.py 179): id=CC_FMNIST_C10CFG_K20_E100_DT_1_0 | Ep. 85/100 - Step 225/273 (2.57 it/s) |################    | - loss_cc=4.524 - loss_ce=2.093 - loss_ne=0.0141 - loss_div=0.0 - threshold=1.0 - loss=6.631
[2026-03-30 12:50:47](logger.py 179): id=CC_FMNIST_C10CFG_K20_E100_DT_1_0 | Ep. 85/100 - Step 250/273 (2.57 it/s) |##################  | - loss_cc=4.525 - loss_ce=2.093 - loss_ne=0.0142 - loss_div=0.0 - threshold=1.0 - loss=6.632
[2026-03-30 12:50:55](logger.py 179): id=CC_FMNIST_C10CFG_K20_E100_DT_1_0 | Ep. 85/100 | Time: 00:01 | loss_cc=4.525 - loss_ce=2.093 - loss_ne=0.0143 - loss_div=0.0 - threshold=1.0 - loss=6.632
[2026-03-30 12:50:57](logger.py 179): id=CC_FMNIST_C10CFG_K20_E100_DT_1_0 | Ep. 86/100 - Step 0/273 (0.0 it/s) |                    | - loss_cc=4.517 - loss_ce=2.087 - loss_ne=0.00516 - loss_div=0.0 - threshold=1.0 - loss=6.61
[2026-03-30 12:51:07](logger.py 179): id=CC_FMNIST_C10CFG_K20_E100_DT_1_0 | Ep. 86/100 - Step 25/273 (2.57 it/s) |#                   | - loss_cc=4.529 - loss_ce=2.095 - loss_ne=0.0141 - loss_div=0.0 - threshold=1.0 - loss=6.638
[2026-03-30 12:51:17](logger.py 179): id=CC_FMNIST_C10CFG_K20_E100_DT_1_0 | Ep. 86/100 - Step 50/273 (2.57 it/s) |###                 | - loss_cc=4.527 - loss_ce=2.095 - loss_ne=0.0146 - loss_div=0.0 - threshold=1.0 - loss=6.637
[2026-03-30 12:51:26](logger.py 179): id=CC_FMNIST_C10CFG_K20_E100_DT_1_0 | Ep. 86/100 - Step 75/273 (2.57 it/s) |#####               | - loss_cc=4.526 - loss_ce=2.095 - loss_ne=0.014 - loss_div=0.0 - threshold=1.0 - loss=6.635
[2026-03-30 12:51:36](logger.py 179): id=CC_FMNIST_C10CFG_K20_E100_DT_1_0 | Ep. 86/100 - Step 100/273 (2.57 it/s) |#######             | - loss_cc=4.525 - loss_ce=2.094 - loss_ne=0.0141 - loss_div=0.0 - threshold=1.0 - loss=6.633
[2026-03-30 12:51:46](logger.py 179): id=CC_FMNIST_C10CFG_K20_E100_DT_1_0 | Ep. 86/100 - Step 125/273 (2.57 it/s) |#########           | - loss_cc=4.523 - loss_ce=2.093 - loss_ne=0.0144 - loss_div=0.0 - threshold=1.0 - loss=6.631
[2026-03-30 12:51:55](logger.py 179): id=CC_FMNIST_C10CFG_K20_E100_DT_1_0 | Ep. 86/100 - Step 150/273 (2.57 it/s) |##########          | - loss_cc=4.522 - loss_ce=2.093 - loss_ne=0.0145 - loss_div=0.0 - threshold=1.0 - loss=6.63
[2026-03-30 12:52:05](logger.py 179): id=CC_FMNIST_C10CFG_K20_E100_DT_1_0 | Ep. 86/100 - Step 175/273 (2.57 it/s) |############        | - loss_cc=4.523 - loss_ce=2.094 - loss_ne=0.0146 - loss_div=0.0 - threshold=1.0 - loss=6.631
[2026-03-30 12:52:15](logger.py 179): id=CC_FMNIST_C10CFG_K20_E100_DT_1_0 | Ep. 86/100 - Step 200/273 (2.57 it/s) |##############      | - loss_cc=4.523 - loss_ce=2.093 - loss_ne=0.0147 - loss_div=0.0 - threshold=1.0 - loss=6.631
[2026-03-30 12:52:25](logger.py 179): id=CC_FMNIST_C10CFG_K20_E100_DT_1_0 | Ep. 86/100 - Step 225/273 (2.57 it/s) |################    | - loss_cc=4.524 - loss_ce=2.093 - loss_ne=0.0147 - loss_div=0.0 - threshold=1.0 - loss=6.632
[2026-03-30 12:52:34](logger.py 179): id=CC_FMNIST_C10CFG_K20_E100_DT_1_0 | Ep. 86/100 - Step 250/273 (2.57 it/s) |##################  | - loss_cc=4.523 - loss_ce=2.093 - loss_ne=0.0147 - loss_div=0.0 - threshold=1.0 - loss=6.631
[2026-03-30 12:52:43](logger.py 179): id=CC_FMNIST_C10CFG_K20_E100_DT_1_0 | Ep. 86/100 | Time: 00:01 | loss_cc=4.524 - loss_ce=2.093 - loss_ne=0.0146 - loss_div=0.0 - threshold=1.0 - loss=6.632
[2026-03-30 12:52:45](logger.py 179): id=CC_FMNIST_C10CFG_K20_E100_DT_1_0 | Ep. 87/100 - Step 0/273 (0.0 it/s) |                    | - loss_cc=4.543 - loss_ce=2.1 - loss_ne=0.0132 - loss_div=0.0 - threshold=1.0 - loss=6.656
[2026-03-30 12:52:55](logger.py 179): id=CC_FMNIST_C10CFG_K20_E100_DT_1_0 | Ep. 87/100 - Step 25/273 (2.57 it/s) |#                   | - loss_cc=4.53 - loss_ce=2.093 - loss_ne=0.0133 - loss_div=0.0 - threshold=1.0 - loss=6.636
[2026-03-30 12:53:04](logger.py 179): id=CC_FMNIST_C10CFG_K20_E100_DT_1_0 | Ep. 87/100 - Step 50/273 (2.57 it/s) |###                 | - loss_cc=4.528 - loss_ce=2.093 - loss_ne=0.0137 - loss_div=0.0 - threshold=1.0 - loss=6.634
[2026-03-30 12:53:14](logger.py 179): id=CC_FMNIST_C10CFG_K20_E100_DT_1_0 | Ep. 87/100 - Step 75/273 (2.57 it/s) |#####               | - loss_cc=4.529 - loss_ce=2.094 - loss_ne=0.014 - loss_div=0.0 - threshold=1.0 - loss=6.637
[2026-03-30 12:53:24](logger.py 179): id=CC_FMNIST_C10CFG_K20_E100_DT_1_0 | Ep. 87/100 - Step 100/273 (2.57 it/s) |#######             | - loss_cc=4.529 - loss_ce=2.094 - loss_ne=0.014 - loss_div=0.0 - threshold=1.0 - loss=6.637
[2026-03-30 12:53:33](logger.py 179): id=CC_FMNIST_C10CFG_K20_E100_DT_1_0 | Ep. 87/100 - Step 125/273 (2.57 it/s) |#########           | - loss_cc=4.527 - loss_ce=2.093 - loss_ne=0.0144 - loss_div=0.0 - threshold=1.0 - loss=6.635
[2026-03-30 12:53:43](logger.py 179): id=CC_FMNIST_C10CFG_K20_E100_DT_1_0 | Ep. 87/100 - Step 150/273 (2.57 it/s) |##########          | - loss_cc=4.525 - loss_ce=2.093 - loss_ne=0.014 - loss_div=0.0 - threshold=1.0 - loss=6.632
[2026-03-30 12:53:53](logger.py 179): id=CC_FMNIST_C10CFG_K20_E100_DT_1_0 | Ep. 87/100 - Step 175/273 (2.57 it/s) |############        | - loss_cc=4.525 - loss_ce=2.093 - loss_ne=0.0139 - loss_div=0.0 - threshold=1.0 - loss=6.632
[2026-03-30 12:54:03](logger.py 179): id=CC_FMNIST_C10CFG_K20_E100_DT_1_0 | Ep. 87/100 - Step 200/273 (2.57 it/s) |##############      | - loss_cc=4.525 - loss_ce=2.093 - loss_ne=0.0141 - loss_div=0.0 - threshold=1.0 - loss=6.632
[2026-03-30 12:54:12](logger.py 179): id=CC_FMNIST_C10CFG_K20_E100_DT_1_0 | Ep. 87/100 - Step 225/273 (2.57 it/s) |################    | - loss_cc=4.525 - loss_ce=2.093 - loss_ne=0.014 - loss_div=0.0 - threshold=1.0 - loss=6.632
[2026-03-30 12:54:22](logger.py 179): id=CC_FMNIST_C10CFG_K20_E100_DT_1_0 | Ep. 87/100 - Step 250/273 (2.57 it/s) |##################  | - loss_cc=4.525 - loss_ce=2.093 - loss_ne=0.0139 - loss_div=0.0 - threshold=1.0 - loss=6.632
[2026-03-30 12:54:31](logger.py 179): id=CC_FMNIST_C10CFG_K20_E100_DT_1_0 | Ep. 87/100 | Time: 00:01 | loss_cc=4.525 - loss_ce=2.093 - loss_ne=0.0138 - loss_div=0.0 - threshold=1.0 - loss=6.632
[2026-03-30 12:54:33](logger.py 179): id=CC_FMNIST_C10CFG_K20_E100_DT_1_0 | Ep. 88/100 - Step 0/273 (0.0 it/s) |                    | - loss_cc=4.541 - loss_ce=2.104 - loss_ne=0.0211 - loss_div=0.0 - threshold=1.0 - loss=6.667
[2026-03-30 12:54:42](logger.py 179): id=CC_FMNIST_C10CFG_K20_E100_DT_1_0 | Ep. 88/100 - Step 25/273 (2.57 it/s) |#                   | - loss_cc=4.53 - loss_ce=2.095 - loss_ne=0.0136 - loss_div=0.0 - threshold=1.0 - loss=6.639
[2026-03-30 12:54:52](logger.py 179): id=CC_FMNIST_C10CFG_K20_E100_DT_1_0 | Ep. 88/100 - Step 50/273 (2.57 it/s) |###                 | - loss_cc=4.523 - loss_ce=2.092 - loss_ne=0.0133 - loss_div=0.0 - threshold=1.0 - loss=6.628
[2026-03-30 12:55:02](logger.py 179): id=CC_FMNIST_C10CFG_K20_E100_DT_1_0 | Ep. 88/100 - Step 75/273 (2.57 it/s) |#####               | - loss_cc=4.521 - loss_ce=2.091 - loss_ne=0.0138 - loss_div=0.0 - threshold=1.0 - loss=6.626
[2026-03-30 12:55:11](logger.py 179): id=CC_FMNIST_C10CFG_K20_E100_DT_1_0 | Ep. 88/100 - Step 100/273 (2.57 it/s) |#######             | - loss_cc=4.521 - loss_ce=2.092 - loss_ne=0.0144 - loss_div=0.0 - threshold=1.0 - loss=6.627
[2026-03-30 12:55:21](logger.py 179): id=CC_FMNIST_C10CFG_K20_E100_DT_1_0 | Ep. 88/100 - Step 125/273 (2.57 it/s) |#########           | - loss_cc=4.522 - loss_ce=2.092 - loss_ne=0.0146 - loss_div=0.0 - threshold=1.0 - loss=6.628
[2026-03-30 12:55:31](logger.py 179): id=CC_FMNIST_C10CFG_K20_E100_DT_1_0 | Ep. 88/100 - Step 150/273 (2.57 it/s) |##########          | - loss_cc=4.522 - loss_ce=2.092 - loss_ne=0.0144 - loss_div=0.0 - threshold=1.0 - loss=6.628
[2026-03-30 12:55:41](logger.py 179): id=CC_FMNIST_C10CFG_K20_E100_DT_1_0 | Ep. 88/100 - Step 175/273 (2.57 it/s) |############        | - loss_cc=4.521 - loss_ce=2.092 - loss_ne=0.0145 - loss_div=0.0 - threshold=1.0 - loss=6.628
[2026-03-30 12:55:50](logger.py 179): id=CC_FMNIST_C10CFG_K20_E100_DT_1_0 | Ep. 88/100 - Step 200/273 (2.57 it/s) |##############      | - loss_cc=4.522 - loss_ce=2.093 - loss_ne=0.0144 - loss_div=0.0 - threshold=1.0 - loss=6.629
[2026-03-30 12:56:00](logger.py 179): id=CC_FMNIST_C10CFG_K20_E100_DT_1_0 | Ep. 88/100 - Step 225/273 (2.57 it/s) |################    | - loss_cc=4.522 - loss_ce=2.093 - loss_ne=0.0145 - loss_div=0.0 - threshold=1.0 - loss=6.629
[2026-03-30 12:56:10](logger.py 179): id=CC_FMNIST_C10CFG_K20_E100_DT_1_0 | Ep. 88/100 - Step 250/273 (2.57 it/s) |##################  | - loss_cc=4.522 - loss_ce=2.093 - loss_ne=0.0142 - loss_div=0.0 - threshold=1.0 - loss=6.629
[2026-03-30 12:56:18](logger.py 179): id=CC_FMNIST_C10CFG_K20_E100_DT_1_0 | Ep. 88/100 | Time: 00:01 | loss_cc=4.522 - loss_ce=2.093 - loss_ne=0.0145 - loss_div=0.0 - threshold=1.0 - loss=6.629
[2026-03-30 12:56:20](logger.py 179): id=CC_FMNIST_C10CFG_K20_E100_DT_1_0 | Ep. 89/100 - Step 0/273 (0.0 it/s) |                    | - loss_cc=4.494 - loss_ce=2.087 - loss_ne=0.0172 - loss_div=0.0 - threshold=1.0 - loss=6.599
[2026-03-30 12:56:30](logger.py 179): id=CC_FMNIST_C10CFG_K20_E100_DT_1_0 | Ep. 89/100 - Step 25/273 (2.56 it/s) |#                   | - loss_cc=4.517 - loss_ce=2.093 - loss_ne=0.0134 - loss_div=0.0 - threshold=1.0 - loss=6.624
[2026-03-30 12:56:40](logger.py 179): id=CC_FMNIST_C10CFG_K20_E100_DT_1_0 | Ep. 89/100 - Step 50/273 (2.57 it/s) |###                 | - loss_cc=4.519 - loss_ce=2.093 - loss_ne=0.0151 - loss_div=0.0 - threshold=1.0 - loss=6.627
[2026-03-30 12:56:49](logger.py 179): id=CC_FMNIST_C10CFG_K20_E100_DT_1_0 | Ep. 89/100 - Step 75/273 (2.57 it/s) |#####               | - loss_cc=4.521 - loss_ce=2.094 - loss_ne=0.0147 - loss_div=0.0 - threshold=1.0 - loss=6.629
[2026-03-30 12:56:59](logger.py 179): id=CC_FMNIST_C10CFG_K20_E100_DT_1_0 | Ep. 89/100 - Step 100/273 (2.57 it/s) |#######             | - loss_cc=4.52 - loss_ce=2.093 - loss_ne=0.0143 - loss_div=0.0 - threshold=1.0 - loss=6.628
[2026-03-30 12:57:09](logger.py 179): id=CC_FMNIST_C10CFG_K20_E100_DT_1_0 | Ep. 89/100 - Step 125/273 (2.57 it/s) |#########           | - loss_cc=4.522 - loss_ce=2.094 - loss_ne=0.014 - loss_div=0.0 - threshold=1.0 - loss=6.63
[2026-03-30 12:57:19](logger.py 179): id=CC_FMNIST_C10CFG_K20_E100_DT_1_0 | Ep. 89/100 - Step 150/273 (2.57 it/s) |##########          | - loss_cc=4.522 - loss_ce=2.094 - loss_ne=0.014 - loss_div=0.0 - threshold=1.0 - loss=6.63
[2026-03-30 12:57:28](logger.py 179): id=CC_FMNIST_C10CFG_K20_E100_DT_1_0 | Ep. 89/100 - Step 175/273 (2.57 it/s) |############        | - loss_cc=4.522 - loss_ce=2.093 - loss_ne=0.0139 - loss_div=0.0 - threshold=1.0 - loss=6.629
[2026-03-30 12:57:38](logger.py 179): id=CC_FMNIST_C10CFG_K20_E100_DT_1_0 | Ep. 89/100 - Step 200/273 (2.57 it/s) |##############      | - loss_cc=4.522 - loss_ce=2.093 - loss_ne=0.0137 - loss_div=0.0 - threshold=1.0 - loss=6.629
[2026-03-30 12:57:48](logger.py 179): id=CC_FMNIST_C10CFG_K20_E100_DT_1_0 | Ep. 89/100 - Step 225/273 (2.57 it/s) |################    | - loss_cc=4.522 - loss_ce=2.093 - loss_ne=0.0136 - loss_div=0.0 - threshold=1.0 - loss=6.629
[2026-03-30 12:57:58](logger.py 179): id=CC_FMNIST_C10CFG_K20_E100_DT_1_0 | Ep. 89/100 - Step 250/273 (2.57 it/s) |##################  | - loss_cc=4.522 - loss_ce=2.093 - loss_ne=0.0137 - loss_div=0.0 - threshold=1.0 - loss=6.629
[2026-03-30 12:58:06](logger.py 179): id=CC_FMNIST_C10CFG_K20_E100_DT_1_0 | Ep. 89/100 | Time: 00:01 | loss_cc=4.522 - loss_ce=2.093 - loss_ne=0.0137 - loss_div=0.0 - threshold=1.0 - loss=6.628
[2026-03-30 12:58:08](logger.py 179): id=CC_FMNIST_C10CFG_K20_E100_DT_1_0 | Ep. 90/100 - Step 0/273 (0.0 it/s) |                    | - loss_cc=4.494 - loss_ce=2.072 - loss_ne=0.0172 - loss_div=0.0 - threshold=1.0 - loss=6.583
[2026-03-30 12:58:18](logger.py 179): id=CC_FMNIST_C10CFG_K20_E100_DT_1_0 | Ep. 90/100 - Step 25/273 (2.57 it/s) |#                   | - loss_cc=4.519 - loss_ce=2.09 - loss_ne=0.0162 - loss_div=0.0 - threshold=1.0 - loss=6.626
[2026-03-30 12:58:27](logger.py 179): id=CC_FMNIST_C10CFG_K20_E100_DT_1_0 | Ep. 90/100 - Step 50/273 (2.57 it/s) |###                 | - loss_cc=4.52 - loss_ce=2.091 - loss_ne=0.015 - loss_div=0.0 - threshold=1.0 - loss=6.626
[2026-03-30 12:58:37](logger.py 179): id=CC_FMNIST_C10CFG_K20_E100_DT_1_0 | Ep. 90/100 - Step 75/273 (2.57 it/s) |#####               | - loss_cc=4.52 - loss_ce=2.092 - loss_ne=0.0149 - loss_div=0.0 - threshold=1.0 - loss=6.627
[2026-03-30 12:58:47](logger.py 179): id=CC_FMNIST_C10CFG_K20_E100_DT_1_0 | Ep. 90/100 - Step 100/273 (2.57 it/s) |#######             | - loss_cc=4.521 - loss_ce=2.092 - loss_ne=0.0147 - loss_div=0.0 - threshold=1.0 - loss=6.628
[2026-03-30 12:58:57](logger.py 179): id=CC_FMNIST_C10CFG_K20_E100_DT_1_0 | Ep. 90/100 - Step 125/273 (2.57 it/s) |#########           | - loss_cc=4.522 - loss_ce=2.092 - loss_ne=0.0142 - loss_div=0.0 - threshold=1.0 - loss=6.629
[2026-03-30 12:59:06](logger.py 179): id=CC_FMNIST_C10CFG_K20_E100_DT_1_0 | Ep. 90/100 - Step 150/273 (2.57 it/s) |##########          | - loss_cc=4.522 - loss_ce=2.092 - loss_ne=0.0141 - loss_div=0.0 - threshold=1.0 - loss=6.629
[2026-03-30 12:59:16](logger.py 179): id=CC_FMNIST_C10CFG_K20_E100_DT_1_0 | Ep. 90/100 - Step 175/273 (2.57 it/s) |############        | - loss_cc=4.521 - loss_ce=2.092 - loss_ne=0.0143 - loss_div=0.0 - threshold=1.0 - loss=6.628
[2026-03-30 12:59:26](logger.py 179): id=CC_FMNIST_C10CFG_K20_E100_DT_1_0 | Ep. 90/100 - Step 200/273 (2.57 it/s) |##############      | - loss_cc=4.521 - loss_ce=2.092 - loss_ne=0.0141 - loss_div=0.0 - threshold=1.0 - loss=6.627
[2026-03-30 12:59:35](logger.py 179): id=CC_FMNIST_C10CFG_K20_E100_DT_1_0 | Ep. 90/100 - Step 225/273 (2.57 it/s) |################    | - loss_cc=4.52 - loss_ce=2.092 - loss_ne=0.0142 - loss_div=0.0 - threshold=1.0 - loss=6.626
[2026-03-30 12:59:45](logger.py 179): id=CC_FMNIST_C10CFG_K20_E100_DT_1_0 | Ep. 90/100 - Step 250/273 (2.57 it/s) |##################  | - loss_cc=4.52 - loss_ce=2.092 - loss_ne=0.0144 - loss_div=0.0 - threshold=1.0 - loss=6.626
[2026-03-30 12:59:54](logger.py 179): Evaluating
[2026-03-30 12:59:54](logger.py 179): Eval. step 0 of 274
[2026-03-30 12:59:56](logger.py 179): Eval. step 25 of 274
[2026-03-30 12:59:59](logger.py 179): Eval. step 50 of 274
[2026-03-30 13:00:01](logger.py 179): Eval. step 75 of 274
[2026-03-30 13:00:03](logger.py 179): Eval. step 100 of 274
[2026-03-30 13:00:06](logger.py 179): Eval. step 125 of 274
[2026-03-30 13:00:08](logger.py 179): Eval. step 150 of 274
[2026-03-30 13:00:10](logger.py 179): Eval. step 175 of 274
[2026-03-30 13:00:13](logger.py 179): Eval. step 200 of 274
[2026-03-30 13:00:15](logger.py 179): Eval. step 225 of 274
[2026-03-30 13:00:17](logger.py 179): Eval. step 250 of 274
[2026-03-30 13:00:21](logger.py 179): id=CC_FMNIST_C10CFG_K20_E100_DT_1_0 | Ep. 90/100 | Time: 00:02 | loss_cc=4.52 - loss_ce=2.091 - loss_ne=0.0142 - loss_div=0.0 - threshold=1.0 - loss=6.626 - eval_confidence=0.906 - cluster_acc_0_eval=64.77 - cluster_nmi_0_eval=0.627 - cluster_ari_0_eval=0.525 - cluster_acc_1_eval=64.82 - cluster_nmi_1_eval=0.629 - cluster_ari_1_eval=0.526 - cluster_acc_2_eval=64.81 - cluster_nmi_2_eval=0.628 - cluster_ari_2_eval=0.525 - cluster_acc_3_eval=64.82 - cluster_nmi_3_eval=0.629 - cluster_ari_3_eval=0.526 - cluster_acc_4_eval=64.83 - cluster_nmi_4_eval=0.628 - cluster_ari_4_eval=0.525 - cluster_acc_5_eval=64.77 - cluster_nmi_5_eval=0.628 - cluster_ari_5_eval=0.525 - cluster_acc_6_eval=64.76 - cluster_nmi_6_eval=0.628 - cluster_ari_6_eval=0.525 - cluster_acc_7_eval=64.8 - cluster_nmi_7_eval=0.628 - cluster_ari_7_eval=0.525 - cluster_acc_8_eval=64.83 - cluster_nmi_8_eval=0.628 - cluster_ari_8_eval=0.526 - cluster_acc_9_eval=64.86 - cluster_nmi_9_eval=0.629 - cluster_ari_9_eval=0.526 - cluster_acc_10_eval=64.82 - cluster_nmi_10_eval=0.628 - cluster_ari_10_eval=0.525 - cluster_acc_11_eval=64.74 - cluster_nmi_11_eval=0.628 - cluster_ari_11_eval=0.525 - cluster_acc_12_eval=64.78 - cluster_nmi_12_eval=0.629 - cluster_ari_12_eval=0.525 - cluster_acc_13_eval=64.82 - cluster_nmi_13_eval=0.629 - cluster_ari_13_eval=0.526 - cluster_acc_14_eval=64.72 - cluster_nmi_14_eval=0.627 - cluster_ari_14_eval=0.524 - cluster_acc_15_eval=64.81 - cluster_nmi_15_eval=0.628 - cluster_ari_15_eval=0.526 - cluster_acc_16_eval=64.75 - cluster_nmi_16_eval=0.627 - cluster_ari_16_eval=0.525 - cluster_acc_17_eval=64.85 - cluster_nmi_17_eval=0.628 - cluster_ari_17_eval=0.525 - cluster_acc_18_eval=64.8 - cluster_nmi_18_eval=0.628 - cluster_ari_18_eval=0.525 - cluster_acc_19_eval=64.8 - cluster_nmi_19_eval=0.629 - cluster_ari_19_eval=0.526 - max_cluster_acc_eval=64.86 - mean_cluster_acc_eval=64.8 - min_cluster_acc_eval=64.72 - max_cluster_nmi_eval=0.629 - mean_cluster_nmi_eval=0.628 - min_cluster_nmi_eval=0.627 - max_cluster_ari_eval=0.526 - mean_cluster_ari_eval=0.525 - min_cluster_ari_eval=0.524 - interclustering_nmi_eval=0.98
/scratch/e0538389/DivClust/engine/trainer.py:41: FutureWarning: `torch.cuda.amp.autocast(args...)` is deprecated. Please use `torch.amp.autocast('cuda', args...)` instead.
  with autocast(self.mixed_precision):
[2026-03-30 13:00:23](logger.py 179): id=CC_FMNIST_C10CFG_K20_E100_DT_1_0 | Ep. 91/100 - Step 0/273 (0.0 it/s) |                    | - loss_cc=4.515 - loss_ce=2.089 - loss_ne=0.0145 - loss_div=0.0 - threshold=1.0 - loss=6.618
[2026-03-30 13:00:33](logger.py 179): id=CC_FMNIST_C10CFG_K20_E100_DT_1_0 | Ep. 91/100 - Step 25/273 (2.57 it/s) |#                   | - loss_cc=4.521 - loss_ce=2.092 - loss_ne=0.0132 - loss_div=0.0 - threshold=1.0 - loss=6.626
[2026-03-30 13:00:43](logger.py 179): id=CC_FMNIST_C10CFG_K20_E100_DT_1_0 | Ep. 91/100 - Step 50/273 (2.56 it/s) |###                 | - loss_cc=4.522 - loss_ce=2.093 - loss_ne=0.0135 - loss_div=0.0 - threshold=1.0 - loss=6.629
[2026-03-30 13:00:53](logger.py 179): id=CC_FMNIST_C10CFG_K20_E100_DT_1_0 | Ep. 91/100 - Step 75/273 (2.56 it/s) |#####               | - loss_cc=4.524 - loss_ce=2.093 - loss_ne=0.0138 - loss_div=0.0 - threshold=1.0 - loss=6.631
[2026-03-30 13:01:02](logger.py 179): id=CC_FMNIST_C10CFG_K20_E100_DT_1_0 | Ep. 91/100 - Step 100/273 (2.56 it/s) |#######             | - loss_cc=4.522 - loss_ce=2.092 - loss_ne=0.014 - loss_div=0.0 - threshold=1.0 - loss=6.628
[2026-03-30 13:01:12](logger.py 179): id=CC_FMNIST_C10CFG_K20_E100_DT_1_0 | Ep. 91/100 - Step 125/273 (2.56 it/s) |#########           | - loss_cc=4.522 - loss_ce=2.092 - loss_ne=0.014 - loss_div=0.0 - threshold=1.0 - loss=6.628
[2026-03-30 13:01:22](logger.py 179): id=CC_FMNIST_C10CFG_K20_E100_DT_1_0 | Ep. 91/100 - Step 150/273 (2.56 it/s) |##########          | - loss_cc=4.523 - loss_ce=2.093 - loss_ne=0.014 - loss_div=0.0 - threshold=1.0 - loss=6.63
[2026-03-30 13:01:32](logger.py 179): id=CC_FMNIST_C10CFG_K20_E100_DT_1_0 | Ep. 91/100 - Step 175/273 (2.56 it/s) |############        | - loss_cc=4.522 - loss_ce=2.092 - loss_ne=0.0142 - loss_div=0.0 - threshold=1.0 - loss=6.628
[2026-03-30 13:01:41](logger.py 179): id=CC_FMNIST_C10CFG_K20_E100_DT_1_0 | Ep. 91/100 - Step 200/273 (2.56 it/s) |##############      | - loss_cc=4.521 - loss_ce=2.092 - loss_ne=0.0139 - loss_div=0.0 - threshold=1.0 - loss=6.628
[2026-03-30 13:01:51](logger.py 179): id=CC_FMNIST_C10CFG_K20_E100_DT_1_0 | Ep. 91/100 - Step 225/273 (2.56 it/s) |################    | - loss_cc=4.521 - loss_ce=2.093 - loss_ne=0.0141 - loss_div=0.0 - threshold=1.0 - loss=6.628
[2026-03-30 13:02:01](logger.py 179): id=CC_FMNIST_C10CFG_K20_E100_DT_1_0 | Ep. 91/100 - Step 250/273 (2.56 it/s) |##################  | - loss_cc=4.522 - loss_ce=2.093 - loss_ne=0.0141 - loss_div=0.0 - threshold=1.0 - loss=6.629
[2026-03-30 13:02:09](logger.py 179): id=CC_FMNIST_C10CFG_K20_E100_DT_1_0 | Ep. 91/100 | Time: 00:01 | loss_cc=4.522 - loss_ce=2.093 - loss_ne=0.0141 - loss_div=0.0 - threshold=1.0 - loss=6.629
[2026-03-30 13:02:11](logger.py 179): id=CC_FMNIST_C10CFG_K20_E100_DT_1_0 | Ep. 92/100 - Step 0/273 (0.0 it/s) |                    | - loss_cc=4.516 - loss_ce=2.091 - loss_ne=0.00956 - loss_div=0.0 - threshold=1.0 - loss=6.616
[2026-03-30 13:02:21](logger.py 179): id=CC_FMNIST_C10CFG_K20_E100_DT_1_0 | Ep. 92/100 - Step 25/273 (2.58 it/s) |#                   | - loss_cc=4.519 - loss_ce=2.091 - loss_ne=0.0155 - loss_div=0.0 - threshold=1.0 - loss=6.625
[2026-03-30 13:02:31](logger.py 179): id=CC_FMNIST_C10CFG_K20_E100_DT_1_0 | Ep. 92/100 - Step 50/273 (2.58 it/s) |###                 | - loss_cc=4.524 - loss_ce=2.093 - loss_ne=0.014 - loss_div=0.0 - threshold=1.0 - loss=6.631
[2026-03-30 13:02:40](logger.py 179): id=CC_FMNIST_C10CFG_K20_E100_DT_1_0 | Ep. 92/100 - Step 75/273 (2.58 it/s) |#####               | - loss_cc=4.521 - loss_ce=2.092 - loss_ne=0.013 - loss_div=0.0 - threshold=1.0 - loss=6.626
[2026-03-30 13:02:50](logger.py 179): id=CC_FMNIST_C10CFG_K20_E100_DT_1_0 | Ep. 92/100 - Step 100/273 (2.57 it/s) |#######             | - loss_cc=4.522 - loss_ce=2.092 - loss_ne=0.0127 - loss_div=0.0 - threshold=1.0 - loss=6.627
[2026-03-30 13:03:00](logger.py 179): id=CC_FMNIST_C10CFG_K20_E100_DT_1_0 | Ep. 92/100 - Step 125/273 (2.57 it/s) |#########           | - loss_cc=4.52 - loss_ce=2.091 - loss_ne=0.013 - loss_div=0.0 - threshold=1.0 - loss=6.624
[2026-03-30 13:03:10](logger.py 179): id=CC_FMNIST_C10CFG_K20_E100_DT_1_0 | Ep. 92/100 - Step 150/273 (2.57 it/s) |##########          | - loss_cc=4.521 - loss_ce=2.092 - loss_ne=0.0133 - loss_div=0.0 - threshold=1.0 - loss=6.626
[2026-03-30 13:03:19](logger.py 179): id=CC_FMNIST_C10CFG_K20_E100_DT_1_0 | Ep. 92/100 - Step 175/273 (2.57 it/s) |############        | - loss_cc=4.52 - loss_ce=2.091 - loss_ne=0.0134 - loss_div=0.0 - threshold=1.0 - loss=6.625
[2026-03-30 13:03:29](logger.py 179): id=CC_FMNIST_C10CFG_K20_E100_DT_1_0 | Ep. 92/100 - Step 200/273 (2.57 it/s) |##############      | - loss_cc=4.52 - loss_ce=2.092 - loss_ne=0.0131 - loss_div=0.0 - threshold=1.0 - loss=6.625
[2026-03-30 13:03:39](logger.py 179): id=CC_FMNIST_C10CFG_K20_E100_DT_1_0 | Ep. 92/100 - Step 225/273 (2.57 it/s) |################    | - loss_cc=4.52 - loss_ce=2.092 - loss_ne=0.0133 - loss_div=0.0 - threshold=1.0 - loss=6.625
[2026-03-30 13:03:49](logger.py 179): id=CC_FMNIST_C10CFG_K20_E100_DT_1_0 | Ep. 92/100 - Step 250/273 (2.57 it/s) |##################  | - loss_cc=4.519 - loss_ce=2.092 - loss_ne=0.0133 - loss_div=0.0 - threshold=1.0 - loss=6.625
[2026-03-30 13:03:57](logger.py 179): id=CC_FMNIST_C10CFG_K20_E100_DT_1_0 | Ep. 92/100 | Time: 00:01 | loss_cc=4.519 - loss_ce=2.092 - loss_ne=0.0134 - loss_div=0.0 - threshold=1.0 - loss=6.625
[2026-03-30 13:03:59](logger.py 179): id=CC_FMNIST_C10CFG_K20_E100_DT_1_0 | Ep. 93/100 - Step 0/273 (0.0 it/s) |                    | - loss_cc=4.54 - loss_ce=2.096 - loss_ne=0.0177 - loss_div=0.0 - threshold=1.0 - loss=6.654
[2026-03-30 13:04:09](logger.py 179): id=CC_FMNIST_C10CFG_K20_E100_DT_1_0 | Ep. 93/100 - Step 25/273 (2.58 it/s) |#                   | - loss_cc=4.522 - loss_ce=2.094 - loss_ne=0.0117 - loss_div=0.0 - threshold=1.0 - loss=6.628
[2026-03-30 13:04:18](logger.py 179): id=CC_FMNIST_C10CFG_K20_E100_DT_1_0 | Ep. 93/100 - Step 50/273 (2.57 it/s) |###                 | - loss_cc=4.525 - loss_ce=2.094 - loss_ne=0.0129 - loss_div=0.0 - threshold=1.0 - loss=6.632
[2026-03-30 13:04:28](logger.py 179): id=CC_FMNIST_C10CFG_K20_E100_DT_1_0 | Ep. 93/100 - Step 75/273 (2.57 it/s) |#####               | - loss_cc=4.523 - loss_ce=2.094 - loss_ne=0.0143 - loss_div=0.0 - threshold=1.0 - loss=6.632
[2026-03-30 13:04:38](logger.py 179): id=CC_FMNIST_C10CFG_K20_E100_DT_1_0 | Ep. 93/100 - Step 100/273 (2.57 it/s) |#######             | - loss_cc=4.523 - loss_ce=2.094 - loss_ne=0.014 - loss_div=0.0 - threshold=1.0 - loss=6.631
[2026-03-30 13:04:48](logger.py 179): id=CC_FMNIST_C10CFG_K20_E100_DT_1_0 | Ep. 93/100 - Step 125/273 (2.57 it/s) |#########           | - loss_cc=4.524 - loss_ce=2.094 - loss_ne=0.0139 - loss_div=0.0 - threshold=1.0 - loss=6.632
[2026-03-30 13:04:57](logger.py 179): id=CC_FMNIST_C10CFG_K20_E100_DT_1_0 | Ep. 93/100 - Step 150/273 (2.57 it/s) |##########          | - loss_cc=4.524 - loss_ce=2.094 - loss_ne=0.0139 - loss_div=0.0 - threshold=1.0 - loss=6.632
[2026-03-30 13:05:07](logger.py 179): id=CC_FMNIST_C10CFG_K20_E100_DT_1_0 | Ep. 93/100 - Step 175/273 (2.57 it/s) |############        | - loss_cc=4.524 - loss_ce=2.094 - loss_ne=0.0137 - loss_div=0.0 - threshold=1.0 - loss=6.632
[2026-03-30 13:05:17](logger.py 179): id=CC_FMNIST_C10CFG_K20_E100_DT_1_0 | Ep. 93/100 - Step 200/273 (2.57 it/s) |##############      | - loss_cc=4.524 - loss_ce=2.094 - loss_ne=0.0136 - loss_div=0.0 - threshold=1.0 - loss=6.632
[2026-03-30 13:05:27](logger.py 179): id=CC_FMNIST_C10CFG_K20_E100_DT_1_0 | Ep. 93/100 - Step 225/273 (2.57 it/s) |################    | - loss_cc=4.523 - loss_ce=2.094 - loss_ne=0.0136 - loss_div=0.0 - threshold=1.0 - loss=6.63
[2026-03-30 13:05:36](logger.py 179): id=CC_FMNIST_C10CFG_K20_E100_DT_1_0 | Ep. 93/100 - Step 250/273 (2.57 it/s) |##################  | - loss_cc=4.523 - loss_ce=2.093 - loss_ne=0.0136 - loss_div=0.0 - threshold=1.0 - loss=6.63
[2026-03-30 13:05:45](logger.py 179): id=CC_FMNIST_C10CFG_K20_E100_DT_1_0 | Ep. 93/100 | Time: 00:01 | loss_cc=4.523 - loss_ce=2.093 - loss_ne=0.0136 - loss_div=0.0 - threshold=1.0 - loss=6.63
[2026-03-30 13:05:47](logger.py 179): id=CC_FMNIST_C10CFG_K20_E100_DT_1_0 | Ep. 94/100 - Step 0/273 (0.0 it/s) |                    | - loss_cc=4.523 - loss_ce=2.089 - loss_ne=0.00784 - loss_div=0.0 - threshold=1.0 - loss=6.619
[2026-03-30 13:05:56](logger.py 179): id=CC_FMNIST_C10CFG_K20_E100_DT_1_0 | Ep. 94/100 - Step 25/273 (2.57 it/s) |#                   | - loss_cc=4.519 - loss_ce=2.091 - loss_ne=0.0159 - loss_div=0.0 - threshold=1.0 - loss=6.625
[2026-03-30 13:06:06](logger.py 179): id=CC_FMNIST_C10CFG_K20_E100_DT_1_0 | Ep. 94/100 - Step 50/273 (2.57 it/s) |###                 | - loss_cc=4.521 - loss_ce=2.093 - loss_ne=0.0151 - loss_div=0.0 - threshold=1.0 - loss=6.628
[2026-03-30 13:06:16](logger.py 179): id=CC_FMNIST_C10CFG_K20_E100_DT_1_0 | Ep. 94/100 - Step 75/273 (2.57 it/s) |#####               | - loss_cc=4.521 - loss_ce=2.094 - loss_ne=0.0148 - loss_div=0.0 - threshold=1.0 - loss=6.629
[2026-03-30 13:06:26](logger.py 179): id=CC_FMNIST_C10CFG_K20_E100_DT_1_0 | Ep. 94/100 - Step 100/273 (2.57 it/s) |#######             | - loss_cc=4.52 - loss_ce=2.092 - loss_ne=0.0149 - loss_div=0.0 - threshold=1.0 - loss=6.627
[2026-03-30 13:06:35](logger.py 179): id=CC_FMNIST_C10CFG_K20_E100_DT_1_0 | Ep. 94/100 - Step 125/273 (2.57 it/s) |#########           | - loss_cc=4.518 - loss_ce=2.092 - loss_ne=0.0141 - loss_div=0.0 - threshold=1.0 - loss=6.624
[2026-03-30 13:06:45](logger.py 179): id=CC_FMNIST_C10CFG_K20_E100_DT_1_0 | Ep. 94/100 - Step 150/273 (2.57 it/s) |##########          | - loss_cc=4.52 - loss_ce=2.092 - loss_ne=0.014 - loss_div=0.0 - threshold=1.0 - loss=6.626
[2026-03-30 13:06:55](logger.py 179): id=CC_FMNIST_C10CFG_K20_E100_DT_1_0 | Ep. 94/100 - Step 175/273 (2.57 it/s) |############        | - loss_cc=4.52 - loss_ce=2.092 - loss_ne=0.0138 - loss_div=0.0 - threshold=1.0 - loss=6.626
[2026-03-30 13:07:05](logger.py 179): id=CC_FMNIST_C10CFG_K20_E100_DT_1_0 | Ep. 94/100 - Step 200/273 (2.57 it/s) |##############      | - loss_cc=4.52 - loss_ce=2.092 - loss_ne=0.0138 - loss_div=0.0 - threshold=1.0 - loss=6.626
[2026-03-30 13:07:14](logger.py 179): id=CC_FMNIST_C10CFG_K20_E100_DT_1_0 | Ep. 94/100 - Step 225/273 (2.57 it/s) |################    | - loss_cc=4.52 - loss_ce=2.092 - loss_ne=0.0139 - loss_div=0.0 - threshold=1.0 - loss=6.626
[2026-03-30 13:07:24](logger.py 179): id=CC_FMNIST_C10CFG_K20_E100_DT_1_0 | Ep. 94/100 - Step 250/273 (2.57 it/s) |##################  | - loss_cc=4.521 - loss_ce=2.092 - loss_ne=0.0138 - loss_div=0.0 - threshold=1.0 - loss=6.627
[2026-03-30 13:07:32](logger.py 179): id=CC_FMNIST_C10CFG_K20_E100_DT_1_0 | Ep. 94/100 | Time: 00:01 | loss_cc=4.521 - loss_ce=2.092 - loss_ne=0.0136 - loss_div=0.0 - threshold=1.0 - loss=6.626
[2026-03-30 13:07:34](logger.py 179): id=CC_FMNIST_C10CFG_K20_E100_DT_1_0 | Ep. 95/100 - Step 0/273 (0.0 it/s) |                    | - loss_cc=4.514 - loss_ce=2.089 - loss_ne=0.00907 - loss_div=0.0 - threshold=1.0 - loss=6.612
[2026-03-30 13:07:44](logger.py 179): id=CC_FMNIST_C10CFG_K20_E100_DT_1_0 | Ep. 95/100 - Step 25/273 (2.57 it/s) |#                   | - loss_cc=4.527 - loss_ce=2.093 - loss_ne=0.0139 - loss_div=0.0 - threshold=1.0 - loss=6.634
[2026-03-30 13:07:54](logger.py 179): id=CC_FMNIST_C10CFG_K20_E100_DT_1_0 | Ep. 95/100 - Step 50/273 (2.57 it/s) |###                 | - loss_cc=4.524 - loss_ce=2.092 - loss_ne=0.0136 - loss_div=0.0 - threshold=1.0 - loss=6.63
[2026-03-30 13:08:04](logger.py 179): id=CC_FMNIST_C10CFG_K20_E100_DT_1_0 | Ep. 95/100 - Step 75/273 (2.57 it/s) |#####               | - loss_cc=4.524 - loss_ce=2.093 - loss_ne=0.0134 - loss_div=0.0 - threshold=1.0 - loss=6.63
[2026-03-30 13:08:13](logger.py 179): id=CC_FMNIST_C10CFG_K20_E100_DT_1_0 | Ep. 95/100 - Step 100/273 (2.57 it/s) |#######             | - loss_cc=4.523 - loss_ce=2.093 - loss_ne=0.0137 - loss_div=0.0 - threshold=1.0 - loss=6.63
[2026-03-30 13:08:23](logger.py 179): id=CC_FMNIST_C10CFG_K20_E100_DT_1_0 | Ep. 95/100 - Step 125/273 (2.57 it/s) |#########           | - loss_cc=4.522 - loss_ce=2.092 - loss_ne=0.0131 - loss_div=0.0 - threshold=1.0 - loss=6.627
[2026-03-30 13:08:33](logger.py 179): id=CC_FMNIST_C10CFG_K20_E100_DT_1_0 | Ep. 95/100 - Step 150/273 (2.57 it/s) |##########          | - loss_cc=4.521 - loss_ce=2.092 - loss_ne=0.0132 - loss_div=0.0 - threshold=1.0 - loss=6.627
[2026-03-30 13:08:43](logger.py 179): id=CC_FMNIST_C10CFG_K20_E100_DT_1_0 | Ep. 95/100 - Step 175/273 (2.57 it/s) |############        | - loss_cc=4.521 - loss_ce=2.092 - loss_ne=0.0132 - loss_div=0.0 - threshold=1.0 - loss=6.626
[2026-03-30 13:08:52](logger.py 179): id=CC_FMNIST_C10CFG_K20_E100_DT_1_0 | Ep. 95/100 - Step 200/273 (2.57 it/s) |##############      | - loss_cc=4.521 - loss_ce=2.092 - loss_ne=0.013 - loss_div=0.0 - threshold=1.0 - loss=6.626
[2026-03-30 13:09:02](logger.py 179): id=CC_FMNIST_C10CFG_K20_E100_DT_1_0 | Ep. 95/100 - Step 225/273 (2.57 it/s) |################    | - loss_cc=4.52 - loss_ce=2.092 - loss_ne=0.0134 - loss_div=0.0 - threshold=1.0 - loss=6.625
[2026-03-30 13:09:12](logger.py 179): id=CC_FMNIST_C10CFG_K20_E100_DT_1_0 | Ep. 95/100 - Step 250/273 (2.57 it/s) |##################  | - loss_cc=4.52 - loss_ce=2.092 - loss_ne=0.0131 - loss_div=0.0 - threshold=1.0 - loss=6.625
[2026-03-30 13:09:20](logger.py 179): id=CC_FMNIST_C10CFG_K20_E100_DT_1_0 | Ep. 95/100 | Time: 00:01 | loss_cc=4.52 - loss_ce=2.092 - loss_ne=0.0131 - loss_div=0.0 - threshold=1.0 - loss=6.625
[2026-03-30 13:09:22](logger.py 179): id=CC_FMNIST_C10CFG_K20_E100_DT_1_0 | Ep. 96/100 - Step 0/273 (0.0 it/s) |                    | - loss_cc=4.517 - loss_ce=2.094 - loss_ne=0.014 - loss_div=0.0 - threshold=1.0 - loss=6.626
[2026-03-30 13:09:32](logger.py 179): id=CC_FMNIST_C10CFG_K20_E100_DT_1_0 | Ep. 96/100 - Step 25/273 (2.57 it/s) |#                   | - loss_cc=4.526 - loss_ce=2.094 - loss_ne=0.0165 - loss_div=0.0 - threshold=1.0 - loss=6.637
[2026-03-30 13:09:42](logger.py 179): id=CC_FMNIST_C10CFG_K20_E100_DT_1_0 | Ep. 96/100 - Step 50/273 (2.57 it/s) |###                 | - loss_cc=4.522 - loss_ce=2.094 - loss_ne=0.0139 - loss_div=0.0 - threshold=1.0 - loss=6.631
[2026-03-30 13:09:52](logger.py 179): id=CC_FMNIST_C10CFG_K20_E100_DT_1_0 | Ep. 96/100 - Step 75/273 (2.57 it/s) |#####               | - loss_cc=4.521 - loss_ce=2.094 - loss_ne=0.0142 - loss_div=0.0 - threshold=1.0 - loss=6.629
[2026-03-30 13:10:01](logger.py 179): id=CC_FMNIST_C10CFG_K20_E100_DT_1_0 | Ep. 96/100 - Step 100/273 (2.57 it/s) |#######             | - loss_cc=4.522 - loss_ce=2.093 - loss_ne=0.0139 - loss_div=0.0 - threshold=1.0 - loss=6.629
[2026-03-30 13:10:11](logger.py 179): id=CC_FMNIST_C10CFG_K20_E100_DT_1_0 | Ep. 96/100 - Step 125/273 (2.57 it/s) |#########           | - loss_cc=4.522 - loss_ce=2.093 - loss_ne=0.0138 - loss_div=0.0 - threshold=1.0 - loss=6.629
[2026-03-30 13:10:21](logger.py 179): id=CC_FMNIST_C10CFG_K20_E100_DT_1_0 | Ep. 96/100 - Step 150/273 (2.57 it/s) |##########          | - loss_cc=4.521 - loss_ce=2.092 - loss_ne=0.0139 - loss_div=0.0 - threshold=1.0 - loss=6.627
[2026-03-30 13:10:30](logger.py 179): id=CC_FMNIST_C10CFG_K20_E100_DT_1_0 | Ep. 96/100 - Step 175/273 (2.57 it/s) |############        | - loss_cc=4.52 - loss_ce=2.092 - loss_ne=0.0138 - loss_div=0.0 - threshold=1.0 - loss=6.626
[2026-03-30 13:10:40](logger.py 179): id=CC_FMNIST_C10CFG_K20_E100_DT_1_0 | Ep. 96/100 - Step 200/273 (2.57 it/s) |##############      | - loss_cc=4.519 - loss_ce=2.092 - loss_ne=0.0135 - loss_div=0.0 - threshold=1.0 - loss=6.625
[2026-03-30 13:10:50](logger.py 179): id=CC_FMNIST_C10CFG_K20_E100_DT_1_0 | Ep. 96/100 - Step 225/273 (2.57 it/s) |################    | - loss_cc=4.519 - loss_ce=2.092 - loss_ne=0.0138 - loss_div=0.0 - threshold=1.0 - loss=6.624
[2026-03-30 13:11:00](logger.py 179): id=CC_FMNIST_C10CFG_K20_E100_DT_1_0 | Ep. 96/100 - Step 250/273 (2.57 it/s) |##################  | - loss_cc=4.519 - loss_ce=2.092 - loss_ne=0.0139 - loss_div=0.0 - threshold=1.0 - loss=6.625
[2026-03-30 13:11:08](logger.py 179): id=CC_FMNIST_C10CFG_K20_E100_DT_1_0 | Ep. 96/100 | Time: 00:01 | loss_cc=4.519 - loss_ce=2.092 - loss_ne=0.014 - loss_div=0.0 - threshold=1.0 - loss=6.625
[2026-03-30 13:11:10](logger.py 179): id=CC_FMNIST_C10CFG_K20_E100_DT_1_0 | Ep. 97/100 - Step 0/273 (0.0 it/s) |                    | - loss_cc=4.513 - loss_ce=2.093 - loss_ne=0.00981 - loss_div=0.0 - threshold=1.0 - loss=6.616
[2026-03-30 13:11:20](logger.py 179): id=CC_FMNIST_C10CFG_K20_E100_DT_1_0 | Ep. 97/100 - Step 25/273 (2.58 it/s) |#                   | - loss_cc=4.514 - loss_ce=2.092 - loss_ne=0.0126 - loss_div=0.0 - threshold=1.0 - loss=6.618
[2026-03-30 13:11:30](logger.py 179): id=CC_FMNIST_C10CFG_K20_E100_DT_1_0 | Ep. 97/100 - Step 50/273 (2.57 it/s) |###                 | - loss_cc=4.513 - loss_ce=2.092 - loss_ne=0.0131 - loss_div=0.0 - threshold=1.0 - loss=6.618
[2026-03-30 13:11:39](logger.py 179): id=CC_FMNIST_C10CFG_K20_E100_DT_1_0 | Ep. 97/100 - Step 75/273 (2.57 it/s) |#####               | - loss_cc=4.515 - loss_ce=2.091 - loss_ne=0.0122 - loss_div=0.0 - threshold=1.0 - loss=6.618
[2026-03-30 13:11:49](logger.py 179): id=CC_FMNIST_C10CFG_K20_E100_DT_1_0 | Ep. 97/100 - Step 100/273 (2.57 it/s) |#######             | - loss_cc=4.514 - loss_ce=2.091 - loss_ne=0.0126 - loss_div=0.0 - threshold=1.0 - loss=6.618
[2026-03-30 13:11:59](logger.py 179): id=CC_FMNIST_C10CFG_K20_E100_DT_1_0 | Ep. 97/100 - Step 125/273 (2.57 it/s) |#########           | - loss_cc=4.515 - loss_ce=2.092 - loss_ne=0.0129 - loss_div=0.0 - threshold=1.0 - loss=6.62
[2026-03-30 13:12:09](logger.py 179): id=CC_FMNIST_C10CFG_K20_E100_DT_1_0 | Ep. 97/100 - Step 150/273 (2.57 it/s) |##########          | - loss_cc=4.516 - loss_ce=2.092 - loss_ne=0.0132 - loss_div=0.0 - threshold=1.0 - loss=6.62
[2026-03-30 13:12:18](logger.py 179): id=CC_FMNIST_C10CFG_K20_E100_DT_1_0 | Ep. 97/100 - Step 175/273 (2.57 it/s) |############        | - loss_cc=4.516 - loss_ce=2.092 - loss_ne=0.0132 - loss_div=0.0 - threshold=1.0 - loss=6.621
[2026-03-30 13:12:28](logger.py 179): id=CC_FMNIST_C10CFG_K20_E100_DT_1_0 | Ep. 97/100 - Step 200/273 (2.57 it/s) |##############      | - loss_cc=4.516 - loss_ce=2.092 - loss_ne=0.0132 - loss_div=0.0 - threshold=1.0 - loss=6.621
[2026-03-30 13:12:38](logger.py 179): id=CC_FMNIST_C10CFG_K20_E100_DT_1_0 | Ep. 97/100 - Step 225/273 (2.57 it/s) |################    | - loss_cc=4.516 - loss_ce=2.092 - loss_ne=0.0131 - loss_div=0.0 - threshold=1.0 - loss=6.621
[2026-03-30 13:12:47](logger.py 179): id=CC_FMNIST_C10CFG_K20_E100_DT_1_0 | Ep. 97/100 - Step 250/273 (2.57 it/s) |##################  | - loss_cc=4.516 - loss_ce=2.091 - loss_ne=0.0131 - loss_div=0.0 - threshold=1.0 - loss=6.62
[2026-03-30 13:12:56](logger.py 179): id=CC_FMNIST_C10CFG_K20_E100_DT_1_0 | Ep. 97/100 | Time: 00:01 | loss_cc=4.516 - loss_ce=2.091 - loss_ne=0.013 - loss_div=0.0 - threshold=1.0 - loss=6.621
[2026-03-30 13:12:58](logger.py 179): id=CC_FMNIST_C10CFG_K20_E100_DT_1_0 | Ep. 98/100 - Step 0/273 (0.0 it/s) |                    | - loss_cc=4.529 - loss_ce=2.092 - loss_ne=0.00826 - loss_div=0.0 - threshold=1.0 - loss=6.63
[2026-03-30 13:13:08](logger.py 179): id=CC_FMNIST_C10CFG_K20_E100_DT_1_0 | Ep. 98/100 - Step 25/273 (2.57 it/s) |#                   | - loss_cc=4.519 - loss_ce=2.091 - loss_ne=0.0128 - loss_div=0.0 - threshold=1.0 - loss=6.623
[2026-03-30 13:13:17](logger.py 179): id=CC_FMNIST_C10CFG_K20_E100_DT_1_0 | Ep. 98/100 - Step 50/273 (2.57 it/s) |###                 | - loss_cc=4.517 - loss_ce=2.09 - loss_ne=0.0142 - loss_div=0.0 - threshold=1.0 - loss=6.621
[2026-03-30 13:13:27](logger.py 179): id=CC_FMNIST_C10CFG_K20_E100_DT_1_0 | Ep. 98/100 - Step 75/273 (2.57 it/s) |#####               | - loss_cc=4.515 - loss_ce=2.089 - loss_ne=0.0138 - loss_div=0.0 - threshold=1.0 - loss=6.619
[2026-03-30 13:13:37](logger.py 179): id=CC_FMNIST_C10CFG_K20_E100_DT_1_0 | Ep. 98/100 - Step 100/273 (2.57 it/s) |#######             | - loss_cc=4.515 - loss_ce=2.09 - loss_ne=0.0134 - loss_div=0.0 - threshold=1.0 - loss=6.618
[2026-03-30 13:13:47](logger.py 179): id=CC_FMNIST_C10CFG_K20_E100_DT_1_0 | Ep. 98/100 - Step 125/273 (2.57 it/s) |#########           | - loss_cc=4.515 - loss_ce=2.09 - loss_ne=0.0136 - loss_div=0.0 - threshold=1.0 - loss=6.619
[2026-03-30 13:13:56](logger.py 179): id=CC_FMNIST_C10CFG_K20_E100_DT_1_0 | Ep. 98/100 - Step 150/273 (2.57 it/s) |##########          | - loss_cc=4.516 - loss_ce=2.09 - loss_ne=0.0135 - loss_div=0.0 - threshold=1.0 - loss=6.62
[2026-03-30 13:14:06](logger.py 179): id=CC_FMNIST_C10CFG_K20_E100_DT_1_0 | Ep. 98/100 - Step 175/273 (2.57 it/s) |############        | - loss_cc=4.515 - loss_ce=2.09 - loss_ne=0.0137 - loss_div=0.0 - threshold=1.0 - loss=6.619
[2026-03-30 13:14:16](logger.py 179): id=CC_FMNIST_C10CFG_K20_E100_DT_1_0 | Ep. 98/100 - Step 200/273 (2.57 it/s) |##############      | - loss_cc=4.514 - loss_ce=2.09 - loss_ne=0.0138 - loss_div=0.0 - threshold=1.0 - loss=6.618
[2026-03-30 13:14:25](logger.py 179): id=CC_FMNIST_C10CFG_K20_E100_DT_1_0 | Ep. 98/100 - Step 225/273 (2.57 it/s) |################    | - loss_cc=4.514 - loss_ce=2.09 - loss_ne=0.0136 - loss_div=0.0 - threshold=1.0 - loss=6.618
[2026-03-30 13:14:35](logger.py 179): id=CC_FMNIST_C10CFG_K20_E100_DT_1_0 | Ep. 98/100 - Step 250/273 (2.57 it/s) |##################  | - loss_cc=4.515 - loss_ce=2.09 - loss_ne=0.0137 - loss_div=0.0 - threshold=1.0 - loss=6.619
[2026-03-30 13:14:44](logger.py 179): id=CC_FMNIST_C10CFG_K20_E100_DT_1_0 | Ep. 98/100 | Time: 00:01 | loss_cc=4.515 - loss_ce=2.091 - loss_ne=0.0137 - loss_div=0.0 - threshold=1.0 - loss=6.62
[2026-03-30 13:14:46](logger.py 179): id=CC_FMNIST_C10CFG_K20_E100_DT_1_0 | Ep. 99/100 - Step 0/273 (0.0 it/s) |                    | - loss_cc=4.477 - loss_ce=2.073 - loss_ne=0.0224 - loss_div=0.0 - threshold=1.0 - loss=6.572
[2026-03-30 13:14:55](logger.py 179): id=CC_FMNIST_C10CFG_K20_E100_DT_1_0 | Ep. 99/100 - Step 25/273 (2.56 it/s) |#                   | - loss_cc=4.521 - loss_ce=2.092 - loss_ne=0.013 - loss_div=0.0 - threshold=1.0 - loss=6.626
[2026-03-30 13:15:05](logger.py 179): id=CC_FMNIST_C10CFG_K20_E100_DT_1_0 | Ep. 99/100 - Step 50/273 (2.57 it/s) |###                 | - loss_cc=4.52 - loss_ce=2.091 - loss_ne=0.0121 - loss_div=0.0 - threshold=1.0 - loss=6.623
[2026-03-30 13:15:15](logger.py 179): id=CC_FMNIST_C10CFG_K20_E100_DT_1_0 | Ep. 99/100 - Step 75/273 (2.57 it/s) |#####               | - loss_cc=4.518 - loss_ce=2.091 - loss_ne=0.0123 - loss_div=0.0 - threshold=1.0 - loss=6.621
[2026-03-30 13:15:25](logger.py 179): id=CC_FMNIST_C10CFG_K20_E100_DT_1_0 | Ep. 99/100 - Step 100/273 (2.57 it/s) |#######             | - loss_cc=4.518 - loss_ce=2.091 - loss_ne=0.0129 - loss_div=0.0 - threshold=1.0 - loss=6.623
[2026-03-30 13:15:34](logger.py 179): id=CC_FMNIST_C10CFG_K20_E100_DT_1_0 | Ep. 99/100 - Step 125/273 (2.57 it/s) |#########           | - loss_cc=4.518 - loss_ce=2.092 - loss_ne=0.0126 - loss_div=0.0 - threshold=1.0 - loss=6.623
[2026-03-30 13:15:44](logger.py 179): id=CC_FMNIST_C10CFG_K20_E100_DT_1_0 | Ep. 99/100 - Step 150/273 (2.57 it/s) |##########          | - loss_cc=4.519 - loss_ce=2.092 - loss_ne=0.0127 - loss_div=0.0 - threshold=1.0 - loss=6.624
[2026-03-30 13:15:54](logger.py 179): id=CC_FMNIST_C10CFG_K20_E100_DT_1_0 | Ep. 99/100 - Step 175/273 (2.57 it/s) |############        | - loss_cc=4.518 - loss_ce=2.092 - loss_ne=0.0128 - loss_div=0.0 - threshold=1.0 - loss=6.623
[2026-03-30 13:16:04](logger.py 179): id=CC_FMNIST_C10CFG_K20_E100_DT_1_0 | Ep. 99/100 - Step 200/273 (2.57 it/s) |##############      | - loss_cc=4.519 - loss_ce=2.092 - loss_ne=0.0131 - loss_div=0.0 - threshold=1.0 - loss=6.623
[2026-03-30 13:16:13](logger.py 179): id=CC_FMNIST_C10CFG_K20_E100_DT_1_0 | Ep. 99/100 - Step 225/273 (2.57 it/s) |################    | - loss_cc=4.519 - loss_ce=2.092 - loss_ne=0.0132 - loss_div=0.0 - threshold=1.0 - loss=6.625
[2026-03-30 13:16:23](logger.py 179): id=CC_FMNIST_C10CFG_K20_E100_DT_1_0 | Ep. 99/100 - Step 250/273 (2.57 it/s) |##################  | - loss_cc=4.519 - loss_ce=2.092 - loss_ne=0.0132 - loss_div=0.0 - threshold=1.0 - loss=6.624
[2026-03-30 13:16:32](logger.py 179): Evaluating
[2026-03-30 13:16:32](logger.py 179): Eval. step 0 of 274
[2026-03-30 13:16:34](logger.py 179): Eval. step 25 of 274
[2026-03-30 13:16:37](logger.py 179): Eval. step 50 of 274
[2026-03-30 13:16:39](logger.py 179): Eval. step 75 of 274
[2026-03-30 13:16:41](logger.py 179): Eval. step 100 of 274
[2026-03-30 13:16:44](logger.py 179): Eval. step 125 of 274
[2026-03-30 13:16:46](logger.py 179): Eval. step 150 of 274
[2026-03-30 13:16:48](logger.py 179): Eval. step 175 of 274
[2026-03-30 13:16:51](logger.py 179): Eval. step 200 of 274
[2026-03-30 13:16:53](logger.py 179): Eval. step 225 of 274
[2026-03-30 13:16:55](logger.py 179): Eval. step 250 of 274
[2026-03-30 13:16:59](logger.py 179): id=CC_FMNIST_C10CFG_K20_E100_DT_1_0 | Ep. 99/100 | Time: 00:02 | loss_cc=4.518 - loss_ce=2.092 - loss_ne=0.013 - loss_div=0.0 - threshold=1.0 - loss=6.623 - eval_confidence=0.913 - cluster_acc_0_eval=64.32 - cluster_nmi_0_eval=0.634 - cluster_ari_0_eval=0.535 - cluster_acc_1_eval=64.29 - cluster_nmi_1_eval=0.634 - cluster_ari_1_eval=0.535 - cluster_acc_2_eval=64.32 - cluster_nmi_2_eval=0.635 - cluster_ari_2_eval=0.536 - cluster_acc_3_eval=64.31 - cluster_nmi_3_eval=0.634 - cluster_ari_3_eval=0.536 - cluster_acc_4_eval=64.24 - cluster_nmi_4_eval=0.633 - cluster_ari_4_eval=0.535 - cluster_acc_5_eval=64.24 - cluster_nmi_5_eval=0.633 - cluster_ari_5_eval=0.535 - cluster_acc_6_eval=64.25 - cluster_nmi_6_eval=0.634 - cluster_ari_6_eval=0.535 - cluster_acc_7_eval=64.24 - cluster_nmi_7_eval=0.634 - cluster_ari_7_eval=0.535 - cluster_acc_8_eval=64.35 - cluster_nmi_8_eval=0.634 - cluster_ari_8_eval=0.536 - cluster_acc_9_eval=64.29 - cluster_nmi_9_eval=0.634 - cluster_ari_9_eval=0.536 - cluster_acc_10_eval=64.23 - cluster_nmi_10_eval=0.634 - cluster_ari_10_eval=0.535 - cluster_acc_11_eval=64.27 - cluster_nmi_11_eval=0.633 - cluster_ari_11_eval=0.535 - cluster_acc_12_eval=64.23 - cluster_nmi_12_eval=0.634 - cluster_ari_12_eval=0.535 - cluster_acc_13_eval=64.31 - cluster_nmi_13_eval=0.634 - cluster_ari_13_eval=0.536 - cluster_acc_14_eval=64.33 - cluster_nmi_14_eval=0.634 - cluster_ari_14_eval=0.536 - cluster_acc_15_eval=64.26 - cluster_nmi_15_eval=0.634 - cluster_ari_15_eval=0.535 - cluster_acc_16_eval=64.24 - cluster_nmi_16_eval=0.633 - cluster_ari_16_eval=0.535 - cluster_acc_17_eval=64.23 - cluster_nmi_17_eval=0.634 - cluster_ari_17_eval=0.535 - cluster_acc_18_eval=64.27 - cluster_nmi_18_eval=0.634 - cluster_ari_18_eval=0.535 - cluster_acc_19_eval=64.29 - cluster_nmi_19_eval=0.634 - cluster_ari_19_eval=0.536 - max_cluster_acc_eval=64.35 - mean_cluster_acc_eval=64.28 - min_cluster_acc_eval=64.23 - max_cluster_nmi_eval=0.635 - mean_cluster_nmi_eval=0.634 - min_cluster_nmi_eval=0.633 - max_cluster_ari_eval=0.536 - mean_cluster_ari_eval=0.535 - min_cluster_ari_eval=0.535 - interclustering_nmi_eval=0.98
END Mon Mar 30 01:17:03 PM +08 2026 DT=1.0 RUN_NAME=CC_FMNIST_C10CFG_K20_E100_DT_1_0
